[TOPOLOGY_DEBUG] Setting up network topology:
[TOPOLOGY_DEBUG]   node_num=64 gpus_per_server=8
[TOPOLOGY_DEBUG]   nvswitch_num=0 switch_num=0
[TOPOLOGY_DEBUG]   link_num=448 enable_ub_mesh=0
[UB_MESH_DEBUG] Detected UB mesh topology with 0 inter-rack switches and 448 mesh links
[ROUTING_DEBUG] Using standard BFS routing for fair comparison

[PATH_DEBUG] ========== ROUTING PATHS ==========
[PATH_DEBUG] Host 19 -> Host 20 (hops: 1) Path: 19 -> 20
[PATH_DEBUG] Host 19 -> Host 21 (hops: 1) Path: 19 -> 21
[PATH_DEBUG] Host 19 -> Host 22 (hops: 1) Path: 19 -> 22
[PATH_DEBUG] Host 19 -> Host 23 (hops: 1) Path: 19 -> 23
[PATH_DEBUG] Host 19 -> Host 27 (hops: 1) Path: 19 -> 27
[PATH_DEBUG] Host 19 -> Host 35 (hops: 1) Path: 19 -> 35
[PATH_DEBUG] Host 19 -> Host 43 (hops: 1) Path: 19 -> 43
[PATH_DEBUG] Host 19 -> Host 51 (hops: 1) Path: 19 -> 51
[PATH_DEBUG] Host 19 -> Host 59 (hops: 1) Path: 19 -> 59
[PATH_DEBUG] Host 20 -> Host 21 (hops: 1) Path: 20 -> 21
[PATH_DEBUG] Host 20 -> Host 22 (hops: 1) Path: 20 -> 22
[PATH_DEBUG] Host 20 -> Host 23 (hops: 1) Path: 20 -> 23
[PATH_DEBUG] Host 20 -> Host 28 (hops: 1) Path: 20 -> 28
[PATH_DEBUG] Host 20 -> Host 36 (hops: 1) Path: 20 -> 36
[PATH_DEBUG] Host 20 -> Host 44 (hops: 1) Path: 20 -> 44
[PATH_DEBUG] Host 20 -> Host 52 (hops: 1) Path: 20 -> 52
[PATH_DEBUG] Host 20 -> Host 60 (hops: 1) Path: 20 -> 60
[PATH_DEBUG] Host 21 -> Host 22 (hops: 1) Path: 21 -> 22
[PATH_DEBUG] Host 21 -> Host 23 (hops: 1) Path: 21 -> 23
[PATH_DEBUG] Host 21 -> Host 29 (hops: 1) Path: 21 -> 29
[PATH_DEBUG] Host 21 -> Host 37 (hops: 1) Path: 21 -> 37
[PATH_DEBUG] Host 21 -> Host 45 (hops: 1) Path: 21 -> 45
[PATH_DEBUG] Host 21 -> Host 53 (hops: 1) Path: 21 -> 53
[PATH_DEBUG] Host 21 -> Host 61 (hops: 1) Path: 21 -> 61
[PATH_DEBUG] Host 22 -> Host 23 (hops: 1) Path: 22 -> 23
[PATH_DEBUG] Host 22 -> Host 30 (hops: 1) Path: 22 -> 30
[PATH_DEBUG] Host 22 -> Host 38 (hops: 1) Path: 22 -> 38
[PATH_DEBUG] Host 22 -> Host 46 (hops: 1) Path: 22 -> 46
[PATH_DEBUG] Host 22 -> Host 54 (hops: 1) Path: 22 -> 54
[PATH_DEBUG] Host 22 -> Host 62 (hops: 1) Path: 22 -> 62
[PATH_DEBUG] Host 23 -> Host 31 (hops: 1) Path: 23 -> 31
[PATH_DEBUG] Host 23 -> Host 39 (hops: 1) Path: 23 -> 39
[PATH_DEBUG] Host 23 -> Host 47 (hops: 1) Path: 23 -> 47
[PATH_DEBUG] Host 23 -> Host 55 (hops: 1) Path: 23 -> 55
[PATH_DEBUG] Host 23 -> Host 63 (hops: 1) Path: 23 -> 63
[PATH_DEBUG] Host 24 -> Host 25 (hops: 1) Path: 24 -> 25
[PATH_DEBUG] Host 24 -> Host 26 (hops: 1) Path: 24 -> 26
[PATH_DEBUG] Host 24 -> Host 27 (hops: 1) Path: 24 -> 27
[PATH_DEBUG] Host 24 -> Host 28 (hops: 1) Path: 24 -> 28
[PATH_DEBUG] Host 24 -> Host 29 (hops: 1) Path: 24 -> 29
[PATH_DEBUG] Host 24 -> Host 30 (hops: 1) Path: 24 -> 30
[PATH_DEBUG] Host 24 -> Host 31 (hops: 1) Path: 24 -> 31
[PATH_DEBUG] Host 24 -> Host 32 (hops: 1) Path: 24 -> 32
[PATH_DEBUG] Host 24 -> Host 40 (hops: 1) Path: 24 -> 40
[PATH_DEBUG] Host 24 -> Host 48 (hops: 1) Path: 24 -> 48
[PATH_DEBUG] Host 24 -> Host 56 (hops: 1) Path: 24 -> 56
[PATH_DEBUG] Host 25 -> Host 26 (hops: 1) Path: 25 -> 26
[PATH_DEBUG] Host 25 -> Host 27 (hops: 1) Path: 25 -> 27
[PATH_DEBUG] Host 25 -> Host 28 (hops: 1) Path: 25 -> 28
[PATH_DEBUG] Host 25 -> Host 29 (hops: 1) Path: 25 -> 29
[PATH_DEBUG] Host 25 -> Host 30 (hops: 1) Path: 25 -> 30
[PATH_DEBUG] Host 25 -> Host 31 (hops: 1) Path: 25 -> 31
[PATH_DEBUG] Host 25 -> Host 33 (hops: 1) Path: 25 -> 33
[PATH_DEBUG] Host 25 -> Host 41 (hops: 1) Path: 25 -> 41
[PATH_DEBUG] Host 25 -> Host 49 (hops: 1) Path: 25 -> 49
[PATH_DEBUG] Host 25 -> Host 57 (hops: 1) Path: 25 -> 57
[PATH_DEBUG] Host 26 -> Host 27 (hops: 1) Path: 26 -> 27
[PATH_DEBUG] Host 26 -> Host 28 (hops: 1) Path: 26 -> 28
[PATH_DEBUG] Host 26 -> Host 29 (hops: 1) Path: 26 -> 29
[PATH_DEBUG] Host 26 -> Host 30 (hops: 1) Path: 26 -> 30
[PATH_DEBUG] Host 26 -> Host 31 (hops: 1) Path: 26 -> 31
[PATH_DEBUG] Host 26 -> Host 34 (hops: 1) Path: 26 -> 34
[PATH_DEBUG] Host 26 -> Host 42 (hops: 1) Path: 26 -> 42
[PATH_DEBUG] Host 26 -> Host 50 (hops: 1) Path: 26 -> 50
[PATH_DEBUG] Host 26 -> Host 58 (hops: 1) Path: 26 -> 58
[PATH_DEBUG] Host 27 -> Host 28 (hops: 1) Path: 27 -> 28
[PATH_DEBUG] Host 27 -> Host 29 (hops: 1) Path: 27 -> 29
[PATH_DEBUG] Host 27 -> Host 30 (hops: 1) Path: 27 -> 30
[PATH_DEBUG] Host 27 -> Host 31 (hops: 1) Path: 27 -> 31
[PATH_DEBUG] Host 27 -> Host 35 (hops: 1) Path: 27 -> 35
[PATH_DEBUG] Host 27 -> Host 43 (hops: 1) Path: 27 -> 43
[PATH_DEBUG] Host 27 -> Host 51 (hops: 1) Path: 27 -> 51
[PATH_DEBUG] Host 27 -> Host 59 (hops: 1) Path: 27 -> 59
[PATH_DEBUG] Host 28 -> Host 29 (hops: 1) Path: 28 -> 29
[PATH_DEBUG] Host 28 -> Host 30 (hops: 1) Path: 28 -> 30
[PATH_DEBUG] Host 28 -> Host 31 (hops: 1) Path: 28 -> 31
[PATH_DEBUG] Host 28 -> Host 36 (hops: 1) Path: 28 -> 36
[PATH_DEBUG] Host 28 -> Host 44 (hops: 1) Path: 28 -> 44
[PATH_DEBUG] Host 28 -> Host 52 (hops: 1) Path: 28 -> 52
[PATH_DEBUG] Host 28 -> Host 60 (hops: 1) Path: 28 -> 60
[PATH_DEBUG] Host 29 -> Host 30 (hops: 1) Path: 29 -> 30
[PATH_DEBUG] Host 29 -> Host 31 (hops: 1) Path: 29 -> 31
[PATH_DEBUG] Host 29 -> Host 37 (hops: 1) Path: 29 -> 37
[PATH_DEBUG] Host 29 -> Host 45 (hops: 1) Path: 29 -> 45
[PATH_DEBUG] Host 29 -> Host 53 (hops: 1) Path: 29 -> 53
[PATH_DEBUG] Host 29 -> Host 61 (hops: 1) Path: 29 -> 61
[PATH_DEBUG] Host 30 -> Host 31 (hops: 1) Path: 30 -> 31
[PATH_DEBUG] Host 30 -> Host 38 (hops: 1) Path: 30 -> 38
[PATH_DEBUG] Host 30 -> Host 46 (hops: 1) Path: 30 -> 46
[PATH_DEBUG] Host 30 -> Host 54 (hops: 1) Path: 30 -> 54
[PATH_DEBUG] Host 30 -> Host 62 (hops: 1) Path: 30 -> 62
[PATH_DEBUG] Host 31 -> Host 39 (hops: 1) Path: 31 -> 39
[PATH_DEBUG] Host 31 -> Host 47 (hops: 1) Path: 31 -> 47
[PATH_DEBUG] Host 31 -> Host 55 (hops: 1) Path: 31 -> 55
[PATH_DEBUG] Host 31 -> Host 63 (hops: 1) Path: 31 -> 63
[PATH_DEBUG] Host 32 -> Host 33 (hops: 1) Path: 32 -> 33
[PATH_DEBUG] Host 32 -> Host 34 (hops: 1) Path: 32 -> 34
[PATH_DEBUG] Host 32 -> Host 35 (hops: 1) Path: 32 -> 35
[PATH_DEBUG] Host 32 -> Host 36 (hops: 1) Path: 32 -> 36
[PATH_DEBUG] Host 32 -> Host 37 (hops: 1) Path: 32 -> 37
[PATH_DEBUG] Host 32 -> Host 38 (hops: 1) Path: 32 -> 38
[PATH_DEBUG] Host 32 -> Host 39 (hops: 1) Path: 32 -> 39
[PATH_DEBUG] Host 32 -> Host 40 (hops: 1) Path: 32 -> 40
[PATH_DEBUG] Host 32 -> Host 48 (hops: 1) Path: 32 -> 48
[PATH_DEBUG] Host 32 -> Host 56 (hops: 1) Path: 32 -> 56
[PATH_DEBUG] Host 33 -> Host 34 (hops: 1) Path: 33 -> 34
[PATH_DEBUG] Host 33 -> Host 35 (hops: 1) Path: 33 -> 35
[PATH_DEBUG] Host 33 -> Host 36 (hops: 1) Path: 33 -> 36
[PATH_DEBUG] Host 33 -> Host 37 (hops: 1) Path: 33 -> 37
[PATH_DEBUG] Host 33 -> Host 38 (hops: 1) Path: 33 -> 38
[PATH_DEBUG] Host 33 -> Host 39 (hops: 1) Path: 33 -> 39
[PATH_DEBUG] Host 33 -> Host 41 (hops: 1) Path: 33 -> 41
[PATH_DEBUG] Host 33 -> Host 49 (hops: 1) Path: 33 -> 49
[PATH_DEBUG] Host 33 -> Host 57 (hops: 1) Path: 33 -> 57
[PATH_DEBUG] Host 34 -> Host 35 (hops: 1) Path: 34 -> 35
[PATH_DEBUG] Host 34 -> Host 36 (hops: 1) Path: 34 -> 36
[PATH_DEBUG] Host 34 -> Host 37 (hops: 1) Path: 34 -> 37
[PATH_DEBUG] Host 34 -> Host 38 (hops: 1) Path: 34 -> 38
[PATH_DEBUG] Host 34 -> Host 39 (hops: 1) Path: 34 -> 39
[PATH_DEBUG] Host 34 -> Host 42 (hops: 1) Path: 34 -> 42
[PATH_DEBUG] Host 34 -> Host 50 (hops: 1) Path: 34 -> 50
[PATH_DEBUG] Host 34 -> Host 58 (hops: 1) Path: 34 -> 58
[PATH_DEBUG] Host 35 -> Host 36 (hops: 1) Path: 35 -> 36
[PATH_DEBUG] Host 35 -> Host 37 (hops: 1) Path: 35 -> 37
[PATH_DEBUG] Host 35 -> Host 38 (hops: 1) Path: 35 -> 38
[PATH_DEBUG] Host 35 -> Host 39 (hops: 1) Path: 35 -> 39
[PATH_DEBUG] Host 35 -> Host 43 (hops: 1) Path: 35 -> 43
[PATH_DEBUG] Host 35 -> Host 51 (hops: 1) Path: 35 -> 51
[PATH_DEBUG] Host 35 -> Host 59 (hops: 1) Path: 35 -> 59
[PATH_DEBUG] Host 36 -> Host 37 (hops: 1) Path: 36 -> 37
[PATH_DEBUG] Host 36 -> Host 38 (hops: 1) Path: 36 -> 38
[PATH_DEBUG] Host 36 -> Host 39 (hops: 1) Path: 36 -> 39
[PATH_DEBUG] Host 36 -> Host 44 (hops: 1) Path: 36 -> 44
[PATH_DEBUG] Host 36 -> Host 52 (hops: 1) Path: 36 -> 52
[PATH_DEBUG] Host 36 -> Host 60 (hops: 1) Path: 36 -> 60
[PATH_DEBUG] Host 37 -> Host 38 (hops: 1) Path: 37 -> 38
[PATH_DEBUG] Host 37 -> Host 39 (hops: 1) Path: 37 -> 39
[PATH_DEBUG] Host 37 -> Host 45 (hops: 1) Path: 37 -> 45
[PATH_DEBUG] Host 37 -> Host 53 (hops: 1) Path: 37 -> 53
[PATH_DEBUG] Host 37 -> Host 61 (hops: 1) Path: 37 -> 61
[PATH_DEBUG] Host 38 -> Host 39 (hops: 1) Path: 38 -> 39
[PATH_DEBUG] Host 38 -> Host 46 (hops: 1) Path: 38 -> 46
[PATH_DEBUG] Host 38 -> Host 54 (hops: 1) Path: 38 -> 54
[PATH_DEBUG] Host 38 -> Host 62 (hops: 1) Path: 38 -> 62
[PATH_DEBUG] Host 39 -> Host 47 (hops: 1) Path: 39 -> 47
[PATH_DEBUG] Host 39 -> Host 55 (hops: 1) Path: 39 -> 55
[PATH_DEBUG] Host 39 -> Host 63 (hops: 1) Path: 39 -> 63
[PATH_DEBUG] Host 40 -> Host 41 (hops: 1) Path: 40 -> 41
[PATH_DEBUG] Host 40 -> Host 42 (hops: 1) Path: 40 -> 42
[PATH_DEBUG] Host 40 -> Host 43 (hops: 1) Path: 40 -> 43
[PATH_DEBUG] Host 40 -> Host 44 (hops: 1) Path: 40 -> 44
[PATH_DEBUG] Host 40 -> Host 45 (hops: 1) Path: 40 -> 45
[PATH_DEBUG] Host 40 -> Host 46 (hops: 1) Path: 40 -> 46
[PATH_DEBUG] Host 40 -> Host 47 (hops: 1) Path: 40 -> 47
[PATH_DEBUG] Host 40 -> Host 48 (hops: 1) Path: 40 -> 48
[PATH_DEBUG] Host 40 -> Host 56 (hops: 1) Path: 40 -> 56
[PATH_DEBUG] Host 41 -> Host 42 (hops: 1) Path: 41 -> 42
[PATH_DEBUG] Host 41 -> Host 43 (hops: 1) Path: 41 -> 43
[PATH_DEBUG] Host 41 -> Host 44 (hops: 1) Path: 41 -> 44
[PATH_DEBUG] Host 41 -> Host 45 (hops: 1) Path: 41 -> 45
[PATH_DEBUG] Host 41 -> Host 46 (hops: 1) Path: 41 -> 46
[PATH_DEBUG] Host 41 -> Host 47 (hops: 1) Path: 41 -> 47
[PATH_DEBUG] Host 41 -> Host 49 (hops: 1) Path: 41 -> 49
[PATH_DEBUG] Host 41 -> Host 57 (hops: 1) Path: 41 -> 57
[PATH_DEBUG] Host 42 -> Host 43 (hops: 1) Path: 42 -> 43
[PATH_DEBUG] Host 42 -> Host 44 (hops: 1) Path: 42 -> 44
[PATH_DEBUG] Host 42 -> Host 45 (hops: 1) Path: 42 -> 45
[PATH_DEBUG] Host 42 -> Host 46 (hops: 1) Path: 42 -> 46
[PATH_DEBUG] Host 42 -> Host 47 (hops: 1) Path: 42 -> 47
[PATH_DEBUG] Host 42 -> Host 50 (hops: 1) Path: 42 -> 50
[PATH_DEBUG] Host 42 -> Host 58 (hops: 1) Path: 42 -> 58
[PATH_DEBUG] Host 43 -> Host 44 (hops: 1) Path: 43 -> 44
[PATH_DEBUG] Host 43 -> Host 45 (hops: 1) Path: 43 -> 45
[PATH_DEBUG] Host 43 -> Host 46 (hops: 1) Path: 43 -> 46
[PATH_DEBUG] Host 43 -> Host 47 (hops: 1) Path: 43 -> 47
[PATH_DEBUG] Host 43 -> Host 51 (hops: 1) Path: 43 -> 51
[PATH_DEBUG] Host 43 -> Host 59 (hops: 1) Path: 43 -> 59
[PATH_DEBUG] Host 44 -> Host 45 (hops: 1) Path: 44 -> 45
[PATH_DEBUG] Host 44 -> Host 46 (hops: 1) Path: 44 -> 46
[PATH_DEBUG] Host 44 -> Host 47 (hops: 1) Path: 44 -> 47
[PATH_DEBUG] Host 44 -> Host 52 (hops: 1) Path: 44 -> 52
[PATH_DEBUG] Host 44 -> Host 60 (hops: 1) Path: 44 -> 60
[PATH_DEBUG] Host 45 -> Host 46 (hops: 1) Path: 45 -> 46
[PATH_DEBUG] Host 45 -> Host 47 (hops: 1) Path: 45 -> 47
[PATH_DEBUG] Host 45 -> Host 53 (hops: 1) Path: 45 -> 53
[PATH_DEBUG] Host 45 -> Host 61 (hops: 1) Path: 45 -> 61
[PATH_DEBUG] Host 46 -> Host 47 (hops: 1) Path: 46 -> 47
[PATH_DEBUG] Host 46 -> Host 54 (hops: 1) Path: 46 -> 54
[PATH_DEBUG] Host 46 -> Host 62 (hops: 1) Path: 46 -> 62
[PATH_DEBUG] Host 47 -> Host 55 (hops: 1) Path: 47 -> 55
[PATH_DEBUG] Host 47 -> Host 63 (hops: 1) Path: 47 -> 63
[PATH_DEBUG] Host 48 -> Host 49 (hops: 1) Path: 48 -> 49
[PATH_DEBUG] Host 48 -> Host 50 (hops: 1) Path: 48 -> 50
[PATH_DEBUG] Host 48 -> Host 51 (hops: 1) Path: 48 -> 51
[PATH_DEBUG] Host 48 -> Host 52 (hops: 1) Path: 48 -> 52
[PATH_DEBUG] Host 48 -> Host 53 (hops: 1) Path: 48 -> 53
[PATH_DEBUG] Host 48 -> Host 54 (hops: 1) Path: 48 -> 54
[PATH_DEBUG] Host 48 -> Host 55 (hops: 1) Path: 48 -> 55
[PATH_DEBUG] Host 48 -> Host 56 (hops: 1) Path: 48 -> 56
[PATH_DEBUG] Host 49 -> Host 50 (hops: 1) Path: 49 -> 50
[PATH_DEBUG] Host 49 -> Host 51 (hops: 1) Path: 49 -> 51
[PATH_DEBUG] Host 49 -> Host 52 (hops: 1) Path: 49 -> 52
[PATH_DEBUG] Host 49 -> Host 53 (hops: 1) Path: 49 -> 53
[PATH_DEBUG] Host 49 -> Host 54 (hops: 1) Path: 49 -> 54
[PATH_DEBUG] Host 49 -> Host 55 (hops: 1) Path: 49 -> 55
[PATH_DEBUG] Host 49 -> Host 57 (hops: 1) Path: 49 -> 57
[PATH_DEBUG] Host 50 -> Host 51 (hops: 1) Path: 50 -> 51
[PATH_DEBUG] Host 50 -> Host 52 (hops: 1) Path: 50 -> 52
[PATH_DEBUG] Host 50 -> Host 53 (hops: 1) Path: 50 -> 53
[PATH_DEBUG] Host 50 -> Host 54 (hops: 1) Path: 50 -> 54
[PATH_DEBUG] Host 50 -> Host 55 (hops: 1) Path: 50 -> 55
[PATH_DEBUG] Host 50 -> Host 58 (hops: 1) Path: 50 -> 58
[PATH_DEBUG] Host 51 -> Host 52 (hops: 1) Path: 51 -> 52
[PATH_DEBUG] Host 51 -> Host 53 (hops: 1) Path: 51 -> 53
[PATH_DEBUG] Host 51 -> Host 54 (hops: 1) Path: 51 -> 54
[PATH_DEBUG] Host 51 -> Host 55 (hops: 1) Path: 51 -> 55
[PATH_DEBUG] Host 51 -> Host 59 (hops: 1) Path: 51 -> 59
[PATH_DEBUG] Host 52 -> Host 53 (hops: 1) Path: 52 -> 53
[PATH_DEBUG] Host 52 -> Host 54 (hops: 1) Path: 52 -> 54
[PATH_DEBUG] Host 52 -> Host 55 (hops: 1) Path: 52 -> 55
[PATH_DEBUG] Host 52 -> Host 60 (hops: 1) Path: 52 -> 60
[PATH_DEBUG] Host 53 -> Host 54 (hops: 1) Path: 53 -> 54
[PATH_DEBUG] Host 53 -> Host 55 (hops: 1) Path: 53 -> 55
[PATH_DEBUG] Host 53 -> Host 61 (hops: 1) Path: 53 -> 61
[PATH_DEBUG] Host 54 -> Host 55 (hops: 1) Path: 54 -> 55
[PATH_DEBUG] Host 54 -> Host 62 (hops: 1) Path: 54 -> 62
[PATH_DEBUG] Host 55 -> Host 63 (hops: 1) Path: 55 -> 63
[PATH_DEBUG] Host 56 -> Host 57 (hops: 1) Path: 56 -> 57
[PATH_DEBUG] Host 56 -> Host 58 (hops: 1) Path: 56 -> 58
[PATH_DEBUG] Host 56 -> Host 59 (hops: 1) Path: 56 -> 59
[PATH_DEBUG] Host 56 -> Host 60 (hops: 1) Path: 56 -> 60
[PATH_DEBUG] Host 56 -> Host 61 (hops: 1) Path: 56 -> 61
[PATH_DEBUG] Host 56 -> Host 62 (hops: 1) Path: 56 -> 62
[PATH_DEBUG] Host 56 -> Host 63 (hops: 1) Path: 56 -> 63
[PATH_DEBUG] Host 57 -> Host 58 (hops: 1) Path: 57 -> 58
[PATH_DEBUG] Host 57 -> Host 59 (hops: 1) Path: 57 -> 59
[PATH_DEBUG] Host 57 -> Host 60 (hops: 1) Path: 57 -> 60
[PATH_DEBUG] Host 57 -> Host 61 (hops: 1) Path: 57 -> 61
[PATH_DEBUG] Host 57 -> Host 62 (hops: 1) Path: 57 -> 62
[PATH_DEBUG] Host 57 -> Host 63 (hops: 1) Path: 57 -> 63
[PATH_DEBUG] Host 58 -> Host 59 (hops: 1) Path: 58 -> 59
[PATH_DEBUG] Host 58 -> Host 60 (hops: 1) Path: 58 -> 60
[PATH_DEBUG] Host 58 -> Host 61 (hops: 1) Path: 58 -> 61
[PATH_DEBUG] Host 58 -> Host 62 (hops: 1) Path: 58 -> 62
[PATH_DEBUG] Host 58 -> Host 63 (hops: 1) Path: 58 -> 63
[PATH_DEBUG] Host 59 -> Host 60 (hops: 1) Path: 59 -> 60
[PATH_DEBUG] Host 59 -> Host 61 (hops: 1) Path: 59 -> 61
[PATH_DEBUG] Host 59 -> Host 62 (hops: 1) Path: 59 -> 62
[PATH_DEBUG] Host 59 -> Host 63 (hops: 1) Path: 59 -> 63
[PATH_DEBUG] Host 60 -> Host 61 (hops: 1) Path: 60 -> 61
[PATH_DEBUG] Host 60 -> Host 62 (hops: 1) Path: 60 -> 62
[PATH_DEBUG] Host 60 -> Host 63 (hops: 1) Path: 60 -> 63
[PATH_DEBUG] Host 61 -> Host 62 (hops: 1) Path: 61 -> 62
[PATH_DEBUG] Host 61 -> Host 63 (hops: 1) Path: 61 -> 63
[PATH_DEBUG] Host 62 -> Host 63 (hops: 1) Path: 62 -> 63
[PATH_DEBUG] Host 0 -> Host 24 (hops: 1) Path: 0 -> 24
[PATH_DEBUG] Host 0 -> Host 32 (hops: 1) Path: 0 -> 32
[PATH_DEBUG] Host 0 -> Host 40 (hops: 1) Path: 0 -> 40
[PATH_DEBUG] Host 0 -> Host 48 (hops: 1) Path: 0 -> 48
[PATH_DEBUG] Host 0 -> Host 56 (hops: 1) Path: 0 -> 56
[PATH_DEBUG] Host 0 -> Host 1 (hops: 1) Path: 0 -> 1
[PATH_DEBUG] Host 0 -> Host 2 (hops: 1) Path: 0 -> 2
[PATH_DEBUG] Host 0 -> Host 3 (hops: 1) Path: 0 -> 3
[PATH_DEBUG] Host 0 -> Host 4 (hops: 1) Path: 0 -> 4
[PATH_DEBUG] Host 0 -> Host 5 (hops: 1) Path: 0 -> 5
[PATH_DEBUG] Host 0 -> Host 6 (hops: 1) Path: 0 -> 6
[PATH_DEBUG] Host 0 -> Host 7 (hops: 1) Path: 0 -> 7
[PATH_DEBUG] Host 0 -> Host 8 (hops: 1) Path: 0 -> 8
[PATH_DEBUG] Host 0 -> Host 16 (hops: 1) Path: 0 -> 16
[PATH_DEBUG] Host 1 -> Host 25 (hops: 1) Path: 1 -> 25
[PATH_DEBUG] Host 1 -> Host 33 (hops: 1) Path: 1 -> 33
[PATH_DEBUG] Host 1 -> Host 41 (hops: 1) Path: 1 -> 41
[PATH_DEBUG] Host 1 -> Host 49 (hops: 1) Path: 1 -> 49
[PATH_DEBUG] Host 1 -> Host 57 (hops: 1) Path: 1 -> 57
[PATH_DEBUG] Host 1 -> Host 2 (hops: 1) Path: 1 -> 2
[PATH_DEBUG] Host 1 -> Host 3 (hops: 1) Path: 1 -> 3
[PATH_DEBUG] Host 1 -> Host 4 (hops: 1) Path: 1 -> 4
[PATH_DEBUG] Host 1 -> Host 5 (hops: 1) Path: 1 -> 5
[PATH_DEBUG] Host 1 -> Host 6 (hops: 1) Path: 1 -> 6
[PATH_DEBUG] Host 1 -> Host 7 (hops: 1) Path: 1 -> 7
[PATH_DEBUG] Host 1 -> Host 17 (hops: 1) Path: 1 -> 17
[PATH_DEBUG] Host 1 -> Host 9 (hops: 1) Path: 1 -> 9
[PATH_DEBUG] Host 2 -> Host 26 (hops: 1) Path: 2 -> 26
[PATH_DEBUG] Host 2 -> Host 34 (hops: 1) Path: 2 -> 34
[PATH_DEBUG] Host 2 -> Host 42 (hops: 1) Path: 2 -> 42
[PATH_DEBUG] Host 2 -> Host 50 (hops: 1) Path: 2 -> 50
[PATH_DEBUG] Host 2 -> Host 58 (hops: 1) Path: 2 -> 58
[PATH_DEBUG] Host 2 -> Host 3 (hops: 1) Path: 2 -> 3
[PATH_DEBUG] Host 2 -> Host 4 (hops: 1) Path: 2 -> 4
[PATH_DEBUG] Host 2 -> Host 5 (hops: 1) Path: 2 -> 5
[PATH_DEBUG] Host 2 -> Host 6 (hops: 1) Path: 2 -> 6
[PATH_DEBUG] Host 2 -> Host 7 (hops: 1) Path: 2 -> 7
[PATH_DEBUG] Host 2 -> Host 18 (hops: 1) Path: 2 -> 18
[PATH_DEBUG] Host 2 -> Host 10 (hops: 1) Path: 2 -> 10
[PATH_DEBUG] Host 3 -> Host 19 (hops: 1) Path: 3 -> 19
[PATH_DEBUG] Host 3 -> Host 27 (hops: 1) Path: 3 -> 27
[PATH_DEBUG] Host 3 -> Host 35 (hops: 1) Path: 3 -> 35
[PATH_DEBUG] Host 3 -> Host 43 (hops: 1) Path: 3 -> 43
[PATH_DEBUG] Host 3 -> Host 51 (hops: 1) Path: 3 -> 51
[PATH_DEBUG] Host 3 -> Host 59 (hops: 1) Path: 3 -> 59
[PATH_DEBUG] Host 3 -> Host 4 (hops: 1) Path: 3 -> 4
[PATH_DEBUG] Host 3 -> Host 5 (hops: 1) Path: 3 -> 5
[PATH_DEBUG] Host 3 -> Host 6 (hops: 1) Path: 3 -> 6
[PATH_DEBUG] Host 3 -> Host 7 (hops: 1) Path: 3 -> 7
[PATH_DEBUG] Host 3 -> Host 11 (hops: 1) Path: 3 -> 11
[PATH_DEBUG] Host 4 -> Host 20 (hops: 1) Path: 4 -> 20
[PATH_DEBUG] Host 4 -> Host 28 (hops: 1) Path: 4 -> 28
[PATH_DEBUG] Host 4 -> Host 36 (hops: 1) Path: 4 -> 36
[PATH_DEBUG] Host 4 -> Host 44 (hops: 1) Path: 4 -> 44
[PATH_DEBUG] Host 4 -> Host 52 (hops: 1) Path: 4 -> 52
[PATH_DEBUG] Host 4 -> Host 60 (hops: 1) Path: 4 -> 60
[PATH_DEBUG] Host 4 -> Host 5 (hops: 1) Path: 4 -> 5
[PATH_DEBUG] Host 4 -> Host 6 (hops: 1) Path: 4 -> 6
[PATH_DEBUG] Host 4 -> Host 7 (hops: 1) Path: 4 -> 7
[PATH_DEBUG] Host 4 -> Host 12 (hops: 1) Path: 4 -> 12
[PATH_DEBUG] Host 5 -> Host 21 (hops: 1) Path: 5 -> 21
[PATH_DEBUG] Host 5 -> Host 29 (hops: 1) Path: 5 -> 29
[PATH_DEBUG] Host 5 -> Host 37 (hops: 1) Path: 5 -> 37
[PATH_DEBUG] Host 5 -> Host 45 (hops: 1) Path: 5 -> 45
[PATH_DEBUG] Host 5 -> Host 53 (hops: 1) Path: 5 -> 53
[PATH_DEBUG] Host 5 -> Host 61 (hops: 1) Path: 5 -> 61
[PATH_DEBUG] Host 5 -> Host 6 (hops: 1) Path: 5 -> 6
[PATH_DEBUG] Host 5 -> Host 7 (hops: 1) Path: 5 -> 7
[PATH_DEBUG] Host 5 -> Host 13 (hops: 1) Path: 5 -> 13
[PATH_DEBUG] Host 6 -> Host 22 (hops: 1) Path: 6 -> 22
[PATH_DEBUG] Host 6 -> Host 30 (hops: 1) Path: 6 -> 30
[PATH_DEBUG] Host 6 -> Host 38 (hops: 1) Path: 6 -> 38
[PATH_DEBUG] Host 6 -> Host 46 (hops: 1) Path: 6 -> 46
[PATH_DEBUG] Host 6 -> Host 54 (hops: 1) Path: 6 -> 54
[PATH_DEBUG] Host 6 -> Host 62 (hops: 1) Path: 6 -> 62
[PATH_DEBUG] Host 6 -> Host 7 (hops: 1) Path: 6 -> 7
[PATH_DEBUG] Host 6 -> Host 14 (hops: 1) Path: 6 -> 14
[PATH_DEBUG] Host 7 -> Host 23 (hops: 1) Path: 7 -> 23
[PATH_DEBUG] Host 7 -> Host 31 (hops: 1) Path: 7 -> 31
[PATH_DEBUG] Host 7 -> Host 39 (hops: 1) Path: 7 -> 39
[PATH_DEBUG] Host 7 -> Host 47 (hops: 1) Path: 7 -> 47
[PATH_DEBUG] Host 7 -> Host 55 (hops: 1) Path: 7 -> 55
[PATH_DEBUG] Host 7 -> Host 63 (hops: 1) Path: 7 -> 63
[PATH_DEBUG] Host 7 -> Host 15 (hops: 1) Path: 7 -> 15
[PATH_DEBUG] Host 8 -> Host 24 (hops: 1) Path: 8 -> 24
[PATH_DEBUG] Host 8 -> Host 32 (hops: 1) Path: 8 -> 32
[PATH_DEBUG] Host 8 -> Host 40 (hops: 1) Path: 8 -> 40
[PATH_DEBUG] Host 8 -> Host 48 (hops: 1) Path: 8 -> 48
[PATH_DEBUG] Host 8 -> Host 56 (hops: 1) Path: 8 -> 56
[PATH_DEBUG] Host 8 -> Host 9 (hops: 1) Path: 8 -> 9
[PATH_DEBUG] Host 8 -> Host 10 (hops: 1) Path: 8 -> 10
[PATH_DEBUG] Host 8 -> Host 11 (hops: 1) Path: 8 -> 11
[PATH_DEBUG] Host 8 -> Host 12 (hops: 1) Path: 8 -> 12
[PATH_DEBUG] Host 8 -> Host 13 (hops: 1) Path: 8 -> 13
[PATH_DEBUG] Host 8 -> Host 14 (hops: 1) Path: 8 -> 14
[PATH_DEBUG] Host 8 -> Host 15 (hops: 1) Path: 8 -> 15
[PATH_DEBUG] Host 8 -> Host 16 (hops: 1) Path: 8 -> 16
[PATH_DEBUG] Host 18 -> Host 19 (hops: 1) Path: 18 -> 19
[PATH_DEBUG] Host 18 -> Host 20 (hops: 1) Path: 18 -> 20
[PATH_DEBUG] Host 18 -> Host 21 (hops: 1) Path: 18 -> 21
[PATH_DEBUG] Host 18 -> Host 22 (hops: 1) Path: 18 -> 22
[PATH_DEBUG] Host 18 -> Host 23 (hops: 1) Path: 18 -> 23
[PATH_DEBUG] Host 18 -> Host 26 (hops: 1) Path: 18 -> 26
[PATH_DEBUG] Host 18 -> Host 34 (hops: 1) Path: 18 -> 34
[PATH_DEBUG] Host 18 -> Host 42 (hops: 1) Path: 18 -> 42
[PATH_DEBUG] Host 18 -> Host 50 (hops: 1) Path: 18 -> 50
[PATH_DEBUG] Host 18 -> Host 58 (hops: 1) Path: 18 -> 58
[PATH_DEBUG] Host 17 -> Host 19 (hops: 1) Path: 17 -> 19
[PATH_DEBUG] Host 17 -> Host 20 (hops: 1) Path: 17 -> 20
[PATH_DEBUG] Host 17 -> Host 21 (hops: 1) Path: 17 -> 21
[PATH_DEBUG] Host 17 -> Host 22 (hops: 1) Path: 17 -> 22
[PATH_DEBUG] Host 17 -> Host 23 (hops: 1) Path: 17 -> 23
[PATH_DEBUG] Host 17 -> Host 25 (hops: 1) Path: 17 -> 25
[PATH_DEBUG] Host 17 -> Host 33 (hops: 1) Path: 17 -> 33
[PATH_DEBUG] Host 17 -> Host 41 (hops: 1) Path: 17 -> 41
[PATH_DEBUG] Host 17 -> Host 49 (hops: 1) Path: 17 -> 49
[PATH_DEBUG] Host 17 -> Host 57 (hops: 1) Path: 17 -> 57
[PATH_DEBUG] Host 17 -> Host 18 (hops: 1) Path: 17 -> 18
[PATH_DEBUG] Host 9 -> Host 25 (hops: 1) Path: 9 -> 25
[PATH_DEBUG] Host 9 -> Host 33 (hops: 1) Path: 9 -> 33
[PATH_DEBUG] Host 9 -> Host 41 (hops: 1) Path: 9 -> 41
[PATH_DEBUG] Host 9 -> Host 49 (hops: 1) Path: 9 -> 49
[PATH_DEBUG] Host 9 -> Host 57 (hops: 1) Path: 9 -> 57
[PATH_DEBUG] Host 9 -> Host 17 (hops: 1) Path: 9 -> 17
[PATH_DEBUG] Host 9 -> Host 10 (hops: 1) Path: 9 -> 10
[PATH_DEBUG] Host 9 -> Host 11 (hops: 1) Path: 9 -> 11
[PATH_DEBUG] Host 9 -> Host 12 (hops: 1) Path: 9 -> 12
[PATH_DEBUG] Host 9 -> Host 13 (hops: 1) Path: 9 -> 13
[PATH_DEBUG] Host 9 -> Host 14 (hops: 1) Path: 9 -> 14
[PATH_DEBUG] Host 9 -> Host 15 (hops: 1) Path: 9 -> 15
[PATH_DEBUG] Host 10 -> Host 26 (hops: 1) Path: 10 -> 26
[PATH_DEBUG] Host 10 -> Host 34 (hops: 1) Path: 10 -> 34
[PATH_DEBUG] Host 10 -> Host 42 (hops: 1) Path: 10 -> 42
[PATH_DEBUG] Host 10 -> Host 50 (hops: 1) Path: 10 -> 50
[PATH_DEBUG] Host 10 -> Host 58 (hops: 1) Path: 10 -> 58
[PATH_DEBUG] Host 10 -> Host 18 (hops: 1) Path: 10 -> 18
[PATH_DEBUG] Host 10 -> Host 11 (hops: 1) Path: 10 -> 11
[PATH_DEBUG] Host 10 -> Host 12 (hops: 1) Path: 10 -> 12
[PATH_DEBUG] Host 10 -> Host 13 (hops: 1) Path: 10 -> 13
[PATH_DEBUG] Host 10 -> Host 14 (hops: 1) Path: 10 -> 14
[PATH_DEBUG] Host 10 -> Host 15 (hops: 1) Path: 10 -> 15
[PATH_DEBUG] Host 11 -> Host 19 (hops: 1) Path: 11 -> 19
[PATH_DEBUG] Host 11 -> Host 27 (hops: 1) Path: 11 -> 27
[PATH_DEBUG] Host 11 -> Host 35 (hops: 1) Path: 11 -> 35
[PATH_DEBUG] Host 11 -> Host 43 (hops: 1) Path: 11 -> 43
[PATH_DEBUG] Host 11 -> Host 51 (hops: 1) Path: 11 -> 51
[PATH_DEBUG] Host 11 -> Host 59 (hops: 1) Path: 11 -> 59
[PATH_DEBUG] Host 11 -> Host 12 (hops: 1) Path: 11 -> 12
[PATH_DEBUG] Host 11 -> Host 13 (hops: 1) Path: 11 -> 13
[PATH_DEBUG] Host 11 -> Host 14 (hops: 1) Path: 11 -> 14
[PATH_DEBUG] Host 11 -> Host 15 (hops: 1) Path: 11 -> 15
[PATH_DEBUG] Host 12 -> Host 20 (hops: 1) Path: 12 -> 20
[PATH_DEBUG] Host 12 -> Host 28 (hops: 1) Path: 12 -> 28
[PATH_DEBUG] Host 12 -> Host 36 (hops: 1) Path: 12 -> 36
[PATH_DEBUG] Host 12 -> Host 44 (hops: 1) Path: 12 -> 44
[PATH_DEBUG] Host 12 -> Host 52 (hops: 1) Path: 12 -> 52
[PATH_DEBUG] Host 12 -> Host 60 (hops: 1) Path: 12 -> 60
[PATH_DEBUG] Host 12 -> Host 13 (hops: 1) Path: 12 -> 13
[PATH_DEBUG] Host 12 -> Host 14 (hops: 1) Path: 12 -> 14
[PATH_DEBUG] Host 12 -> Host 15 (hops: 1) Path: 12 -> 15
[PATH_DEBUG] Host 13 -> Host 21 (hops: 1) Path: 13 -> 21
[PATH_DEBUG] Host 13 -> Host 29 (hops: 1) Path: 13 -> 29
[PATH_DEBUG] Host 13 -> Host 37 (hops: 1) Path: 13 -> 37
[PATH_DEBUG] Host 13 -> Host 45 (hops: 1) Path: 13 -> 45
[PATH_DEBUG] Host 13 -> Host 53 (hops: 1) Path: 13 -> 53
[PATH_DEBUG] Host 13 -> Host 61 (hops: 1) Path: 13 -> 61
[PATH_DEBUG] Host 13 -> Host 14 (hops: 1) Path: 13 -> 14
[PATH_DEBUG] Host 13 -> Host 15 (hops: 1) Path: 13 -> 15
[PATH_DEBUG] Host 14 -> Host 22 (hops: 1) Path: 14 -> 22
[PATH_DEBUG] Host 14 -> Host 30 (hops: 1) Path: 14 -> 30
[PATH_DEBUG] Host 14 -> Host 38 (hops: 1) Path: 14 -> 38
[PATH_DEBUG] Host 14 -> Host 46 (hops: 1) Path: 14 -> 46
[PATH_DEBUG] Host 14 -> Host 54 (hops: 1) Path: 14 -> 54
[PATH_DEBUG] Host 14 -> Host 62 (hops: 1) Path: 14 -> 62
[PATH_DEBUG] Host 14 -> Host 15 (hops: 1) Path: 14 -> 15
[PATH_DEBUG] Host 15 -> Host 23 (hops: 1) Path: 15 -> 23
[PATH_DEBUG] Host 15 -> Host 31 (hops: 1) Path: 15 -> 31
[PATH_DEBUG] Host 15 -> Host 39 (hops: 1) Path: 15 -> 39
[PATH_DEBUG] Host 15 -> Host 47 (hops: 1) Path: 15 -> 47
[PATH_DEBUG] Host 15 -> Host 55 (hops: 1) Path: 15 -> 55
[PATH_DEBUG] Host 15 -> Host 63 (hops: 1) Path: 15 -> 63
[PATH_DEBUG] Host 16 -> Host 19 (hops: 1) Path: 16 -> 19
[PATH_DEBUG] Host 16 -> Host 20 (hops: 1) Path: 16 -> 20
[PATH_DEBUG] Host 16 -> Host 21 (hops: 1) Path: 16 -> 21
[PATH_DEBUG] Host 16 -> Host 22 (hops: 1) Path: 16 -> 22
[PATH_DEBUG] Host 16 -> Host 23 (hops: 1) Path: 16 -> 23
[PATH_DEBUG] Host 16 -> Host 24 (hops: 1) Path: 16 -> 24
[PATH_DEBUG] Host 16 -> Host 32 (hops: 1) Path: 16 -> 32
[PATH_DEBUG] Host 16 -> Host 40 (hops: 1) Path: 16 -> 40
[PATH_DEBUG] Host 16 -> Host 48 (hops: 1) Path: 16 -> 48
[PATH_DEBUG] Host 16 -> Host 56 (hops: 1) Path: 16 -> 56
[PATH_DEBUG] Host 16 -> Host 18 (hops: 1) Path: 16 -> 18
[PATH_DEBUG] Host 16 -> Host 17 (hops: 1) Path: 16 -> 17
[PATH_DEBUG] ========== END PATHS ==========

maxRtt=1205 maxBdp=52718
Running Simulation.
DEBUG: Detected configuration:
  Total nodes from topology: 64
  Switch nodes: 0
  GPU nodes: 64
  TP size: 2
DEBUG_SYS: Loading system input file: /home/parozario/newSimAI/Comp_499B-/UB_mesh_system_input.txt
Success in opening system file
Var is: all-reduce-implementation: ,val is: NcclFlowModel
Var is: reduce-scatter-implementation: ,val is: NcclFlowModel
Var is: all-gather-implementation: ,val is: NcclFlowModel
Var is: all-to-all-implementation: ,val is: NcclFlowModel
Var is: scheduling-policy: ,val is: LIFO
Var is: collective-optimization: ,val is: baseline
Var is:  ,val is: baseline
The final active chunks per dimension 1 after allocating to queues is: 1
ring of node 0, id: 0 dimension: local total nodes in ring: 64 index in ring: 0 offset: 1total nodes in ring: 64
ring of node 0, id: 0 dimension: local total nodes in ring: 64 index in ring: 0 offset: 1total nodes in ring: 64
ring of node 0, id: 0 dimension: local total nodes in ring: 64 index in ring: 0 offset: 1total nodes in ring: 64
ring of node 0, id: 0 dimension: local total nodes in ring: 64 index in ring: 0 offset: 1total nodes in ring: 64
total nodes: 64
Success in opening workload file
model_parallel_NPU_group is 2
checkpoints layers are: 
layers initiating fwd_in_bckwd are: 
ring of node 0, id: 0 dimension: local total nodes in ring: 2 index in ring: 0 offset: 1total nodes in ring: 2
ring of node 0, id: 0 dimension: local total nodes in ring: 32 index in ring: 0 offset: 2total nodes in ring: 32
ring of node 0, id: 0 dimension: local total nodes in ring: 2 index in ring: 0 offset: 1total nodes in ring: 2
ring of node 0, id: 0 dimension: local total nodes in ring: 32 index in ring: 0 offset: 2total nodes in ring: 32
ring of node 0, id: 0 dimension: local total nodes in ring: 2 index in ring: 0 offset: 1total nodes in ring: 2
ring of node 0, id: 0 dimension: local total nodes in ring: 32 index in ring: 0 offset: 2total nodes in ring: 32
ring of node 0, id: 0 dimension: local total nodes in ring: 2 index in ring: 0 offset: 1total nodes in ring: 2
ring of node 0, id: 0 dimension: local total nodes in ring: 32 index in ring: 0 offset: 2total nodes in ring: 32
DEBUG_POLICY: TransformerFwdInBckwd, model_parallel_npu_group=2, model_parallel_boundary=0
DEBUG_POLICY: model dimensions: 1 0 0 0 0 0 0 0 0 0 
pp_commize:0
id: grad_norm , depen: -1 , wg_comp_time: 1
id: embedding_layer , depen: -1 , wg_comp_time: 1
id: attention_column , depen: -1 , wg_comp_time: 1
id: attention_row , depen: -1 , wg_comp_time: 1
id: mlp_moelayer , depen: -1 , wg_comp_time: 1
id: mlp_moelayer , depen: -1 , wg_comp_time: 1
id: mlp_moelayer , depen: -1 , wg_comp_time: 1
id: mlp_moelayer , depen: -1 , wg_comp_time: 1
id: mlp_moelayer , depen: -1 , wg_comp_time: 1
id: mlp_moelayer , depen: -1 , wg_comp_time: 1
id: mlp_moelayer , depen: -1 , wg_comp_time: 1
id: attention_column , depen: -1 , wg_comp_time: 1
id: attention_row , depen: -1 , wg_comp_time: 1
id: mlp_moelayer , depen: -1 , wg_comp_time: 1
id: mlp_moelayer , depen: -1 , wg_comp_time: 1
id: mlp_moelayer , depen: -1 , wg_comp_time: 1
id: mlp_moelayer , depen: -1 , wg_comp_time: 1
id: mlp_moelayer , depen: -1 , wg_comp_time: 1
id: mlp_moelayer , depen: -1 , wg_comp_time: 1
id: mlp_moelayer , depen: -1 , wg_comp_time: 1
id: attention_column , depen: -1 , wg_comp_time: 1
id: attention_row , depen: -1 , wg_comp_time: 1
id: mlp_moelayer , depen: -1 , wg_comp_time: 1
id: mlp_moelayer , depen: -1 , wg_comp_time: 1
id: mlp_moelayer , depen: -1 , wg_comp_time: 1
id: mlp_moelayer , depen: -1 , wg_comp_time: 1
id: mlp_moelayer , depen: -1 , wg_comp_time: 1
id: mlp_moelayer , depen: -1 , wg_comp_time: 1
id: mlp_moelayer , depen: -1 , wg_comp_time: 1
id: attention_column , depen: -1 , wg_comp_time: 1
id: attention_row , depen: -1 , wg_comp_time: 1
id: mlp_moelayer , depen: -1 , wg_comp_time: 1
id: mlp_moelayer , depen: -1 , wg_comp_time: 1
id: mlp_moelayer , depen: -1 , wg_comp_time: 1
id: mlp_moelayer , depen: -1 , wg_comp_time: 1
id: mlp_moelayer , depen: -1 , wg_comp_time: 1
id: mlp_moelayer , depen: -1 , wg_comp_time: 1
id: mlp_moelayer , depen: -1 , wg_comp_time: 1
id: attention_column , depen: -1 , wg_comp_time: 1
id: attention_row , depen: -1 , wg_comp_time: 1
id: mlp_moelayer , depen: -1 , wg_comp_time: 1
id: mlp_moelayer , depen: -1 , wg_comp_time: 1
id: mlp_moelayer , depen: -1 , wg_comp_time: 1
id: mlp_moelayer , depen: -1 , wg_comp_time: 1
id: mlp_moelayer , depen: -1 , wg_comp_time: 1
id: mlp_moelayer , depen: -1 , wg_comp_time: 1
id: mlp_moelayer , depen: -1 , wg_comp_time: 1
id: attention_column , depen: -1 , wg_comp_time: 1
id: attention_row , depen: -1 , wg_comp_time: 1
id: mlp_moelayer , depen: -1 , wg_comp_time: 1
id: mlp_moelayer , depen: -1 , wg_comp_time: 1
id: mlp_moelayer , depen: -1 , wg_comp_time: 1
id: mlp_moelayer , depen: -1 , wg_comp_time: 1
id: mlp_moelayer , depen: -1 , wg_comp_time: 1
id: mlp_moelayer , depen: -1 , wg_comp_time: 1
id: mlp_moelayer , depen: -1 , wg_comp_time: 1
id: attention_column , depen: -1 , wg_comp_time: 1
id: attention_row , depen: -1 , wg_comp_time: 1
id: mlp_moelayer , depen: -1 , wg_comp_time: 1
id: mlp_moelayer , depen: -1 , wg_comp_time: 1
id: mlp_moelayer , depen: -1 , wg_comp_time: 1
id: mlp_moelayer , depen: -1 , wg_comp_time: 1
id: mlp_moelayer , depen: -1 , wg_comp_time: 1
id: mlp_moelayer , depen: -1 , wg_comp_time: 1
id: mlp_moelayer , depen: -1 , wg_comp_time: 1
id: attention_column , depen: -1 , wg_comp_time: 1
id: attention_row , depen: -1 , wg_comp_time: 1
id: mlp_moelayer , depen: -1 , wg_comp_time: 1
id: mlp_moelayer , depen: -1 , wg_comp_time: 1
id: mlp_moelayer , depen: -1 , wg_comp_time: 1
id: mlp_moelayer , depen: -1 , wg_comp_time: 1
id: mlp_moelayer , depen: -1 , wg_comp_time: 1
id: mlp_moelayer , depen: -1 , wg_comp_time: 1
id: mlp_moelayer , depen: -1 , wg_comp_time: 1
id: final_column , depen: -1 , wg_comp_time: 1
id: embedding_norm , depen: -1 , wg_comp_time: 1
id: embedding_layer , depen: -1 , wg_comp_time: 1
id: attention_column , depen: -1 , wg_comp_time: 1
id: attention_row , depen: -1 , wg_comp_time: 1
id: mlp_moelayer , depen: -1 , wg_comp_time: 1
id: mlp_moelayer , depen: -1 , wg_comp_time: 1
id: mlp_moelayer , depen: -1 , wg_comp_time: 1
id: mlp_moelayer , depen: -1 , wg_comp_time: 1
id: mlp_moelayer , depen: -1 , wg_comp_time: 1
id: mlp_moelayer , depen: -1 , wg_comp_time: 1
id: mlp_moelayer , depen: -1 , wg_comp_time: 1
id: attention_column , depen: -1 , wg_comp_time: 1
id: attention_row , depen: -1 , wg_comp_time: 1
id: mlp_moelayer , depen: -1 , wg_comp_time: 1
id: mlp_moelayer , depen: -1 , wg_comp_time: 1
id: mlp_moelayer , depen: -1 , wg_comp_time: 1
id: mlp_moelayer , depen: -1 , wg_comp_time: 1
id: mlp_moelayer , depen: -1 , wg_comp_time: 1
id: mlp_moelayer , depen: -1 , wg_comp_time: 1
id: mlp_moelayer , depen: -1 , wg_comp_time: 1
id: attention_column , depen: -1 , wg_comp_time: 1
id: attention_row , depen: -1 , wg_comp_time: 1
id: mlp_moelayer , depen: -1 , wg_comp_time: 1
id: mlp_moelayer , depen: -1 , wg_comp_time: 1
id: mlp_moelayer , depen: -1 , wg_comp_time: 1
id: mlp_moelayer , depen: -1 , wg_comp_time: 1
id: mlp_moelayer , depen: -1 , wg_comp_time: 1
id: mlp_moelayer , depen: -1 , wg_comp_time: 1
id: mlp_moelayer , depen: -1 , wg_comp_time: 1
id: attention_column , depen: -1 , wg_comp_time: 1
id: attention_row , depen: -1 , wg_comp_time: 1
id: mlp_moelayer , depen: -1 , wg_comp_time: 1
id: mlp_moelayer , depen: -1 , wg_comp_time: 1
id: mlp_moelayer , depen: -1 , wg_comp_time: 1
id: mlp_moelayer , depen: -1 , wg_comp_time: 1
id: mlp_moelayer , depen: -1 , wg_comp_time: 1
id: mlp_moelayer , depen: -1 , wg_comp_time: 1
id: mlp_moelayer , depen: -1 , wg_comp_time: 1
id: attention_column , depen: -1 , wg_comp_time: 1
id: attention_row , depen: -1 , wg_comp_time: 1
id: mlp_moelayer , depen: -1 , wg_comp_time: 1
id: mlp_moelayer , depen: -1 , wg_comp_time: 1
id: mlp_moelayer , depen: -1 , wg_comp_time: 1
id: mlp_moelayer , depen: -1 , wg_comp_time: 1
id: mlp_moelayer , depen: -1 , wg_comp_time: 1
id: mlp_moelayer , depen: -1 , wg_comp_time: 1
id: mlp_moelayer , depen: -1 , wg_comp_time: 1
id: attention_column , depen: -1 , wg_comp_time: 1
id: attention_row , depen: -1 , wg_comp_time: 1
id: mlp_moelayer , depen: -1 , wg_comp_time: 1
id: mlp_moelayer , depen: -1 , wg_comp_time: 1
id: mlp_moelayer , depen: -1 , wg_comp_time: 1
id: mlp_moelayer , depen: -1 , wg_comp_time: 1
id: mlp_moelayer , depen: -1 , wg_comp_time: 1
id: mlp_moelayer , depen: -1 , wg_comp_time: 1
id: mlp_moelayer , depen: -1 , wg_comp_time: 1
id: attention_column , depen: -1 , wg_comp_time: 1
id: attention_row , depen: -1 , wg_comp_time: 1
id: mlp_moelayer , depen: -1 , wg_comp_time: 1
id: mlp_moelayer , depen: -1 , wg_comp_time: 1
id: mlp_moelayer , depen: -1 , wg_comp_time: 1
id: mlp_moelayer , depen: -1 , wg_comp_time: 1
id: mlp_moelayer , depen: -1 , wg_comp_time: 1
id: mlp_moelayer , depen: -1 , wg_comp_time: 1
id: mlp_moelayer , depen: -1 , wg_comp_time: 1
id: attention_column , depen: -1 , wg_comp_time: 1
id: attention_row , depen: -1 , wg_comp_time: 1
id: mlp_moelayer , depen: -1 , wg_comp_time: 1
id: mlp_moelayer , depen: -1 , wg_comp_time: 1
id: mlp_moelayer , depen: -1 , wg_comp_time: 1
id: mlp_moelayer , depen: -1 , wg_comp_time: 1
id: mlp_moelayer , depen: -1 , wg_comp_time: 1
id: mlp_moelayer , depen: -1 , wg_comp_time: 1
id: mlp_moelayer , depen: -1 , wg_comp_time: 1
id: final_column , depen: -1 , wg_comp_time: 1
id: embedding_norm , depen: -1 , wg_comp_time: 1
id: cross_entropy1 , depen: -1 , wg_comp_time: 0
id: cross_entropy2 , depen: -1 , wg_comp_time: 0
id: cross_entropy3 , depen: -1 , wg_comp_time: 0
id: optimizer1 , depen: -1 , wg_comp_time: 0
id: optimizer2 , depen: -1 , wg_comp_time: 0
id: optimizer3 , depen: -1 , wg_comp_time: 0
id: optimizer4 , depen: -1 , wg_comp_time: 0
type: HYBRID_TRANSFORMER_FWD_IN_BCKWD ,num passes: 1 ,lines: 158 compute scale: 1 ,comm scale: 1
stat path: ./ncclFlowModel_ ,total rows: 1 ,stat row: 0
CSV path and filename: ./ncclFlowModel_detailed_64.csv
CSV path and filename: ./ncclFlowModel_EndToEnd.csv
Debug: Before firing workloads
Debug: All workloads fired, starting simulator
DEBUG_CHUNK_SIZE: size=7066255360, preferred_dataset_splits=1, resulting chunk_size=7066255360
DEBUG_COLLECTIVE_TYPE: layer=0, event=UNKNOWN (raw=0), size=7066255360, chunk_size=7066255360
DEBUG_STREAM_COUNT: chunk size is: 7066255360 , size is: 7066255360 , layer_num is: 0 , node: 0
DEBUG_STREAM_CREATE: Creating stream #0 for dataset id: 0 (total_streams=1)
DEBUG_STREAM_COUNT: Generated 1 streams for layer 0 (UNKNOWN), total injected: 1
info: all-gather forward pass collective issued for layer: grad_norm, involved dimensions:  1, 0, 0, 0, 0, 0, 0, 0, 0, 0,
DEBUG_SIM_END: Node 0 checking finish condition: finished_workloads=0, event_queue.size()=1, pending_sends.size()=0, initialized=1
[FLOW_DEBUG] Initiating flow from node=0 to node=1 maxPacketCount=1766563840 tag=0 flow_id=0 at time=11
[FLOW_DEBUG] Initiating flow from node=0 to node=1 maxPacketCount=1766563840 tag=1 flow_id=2 at time=11
[FLOW_DEBUG] Initiating flow from node=1 to node=0 maxPacketCount=1766563840 tag=0 flow_id=1 at time=11
[FLOW_DEBUG] Initiating flow from node=1 to node=0 maxPacketCount=1766563840 tag=1 flow_id=3 at time=11
[FLOW_DEBUG] Initiating flow from node=2 to node=3 maxPacketCount=1766563840 tag=0 flow_id=4 at time=11
[FLOW_DEBUG] Initiating flow from node=2 to node=3 maxPacketCount=1766563840 tag=1 flow_id=6 at time=11
[FLOW_DEBUG] Initiating flow from node=3 to node=2 maxPacketCount=1766563840 tag=0 flow_id=5 at time=11
[FLOW_DEBUG] Initiating flow from node=3 to node=2 maxPacketCount=1766563840 tag=1 flow_id=7 at time=11
[FLOW_DEBUG] Initiating flow from node=4 to node=5 maxPacketCount=1766563840 tag=0 flow_id=8 at time=11
[FLOW_DEBUG] Initiating flow from node=4 to node=5 maxPacketCount=1766563840 tag=1 flow_id=10 at time=11
[FLOW_DEBUG] Initiating flow from node=5 to node=4 maxPacketCount=1766563840 tag=0 flow_id=9 at time=11
[FLOW_DEBUG] Initiating flow from node=5 to node=4 maxPacketCount=1766563840 tag=1 flow_id=11 at time=11
[FLOW_DEBUG] Initiating flow from node=6 to node=7 maxPacketCount=1766563840 tag=0 flow_id=12 at time=11
[FLOW_DEBUG] Initiating flow from node=6 to node=7 maxPacketCount=1766563840 tag=1 flow_id=14 at time=11
[FLOW_DEBUG] Initiating flow from node=7 to node=6 maxPacketCount=1766563840 tag=0 flow_id=13 at time=11
[FLOW_DEBUG] Initiating flow from node=7 to node=6 maxPacketCount=1766563840 tag=1 flow_id=15 at time=11
[FLOW_DEBUG] Initiating flow from node=8 to node=9 maxPacketCount=1766563840 tag=0 flow_id=16 at time=11
[FLOW_DEBUG] Initiating flow from node=8 to node=9 maxPacketCount=1766563840 tag=1 flow_id=18 at time=11
[FLOW_DEBUG] Initiating flow from node=9 to node=8 maxPacketCount=1766563840 tag=0 flow_id=17 at time=11
[FLOW_DEBUG] Initiating flow from node=9 to node=8 maxPacketCount=1766563840 tag=1 flow_id=19 at time=11
[FLOW_DEBUG] Initiating flow from node=10 to node=11 maxPacketCount=1766563840 tag=0 flow_id=20 at time=11
[FLOW_DEBUG] Initiating flow from node=10 to node=11 maxPacketCount=1766563840 tag=1 flow_id=22 at time=11
[FLOW_DEBUG] Initiating flow from node=11 to node=10 maxPacketCount=1766563840 tag=0 flow_id=21 at time=11
[FLOW_DEBUG] Initiating flow from node=11 to node=10 maxPacketCount=1766563840 tag=1 flow_id=23 at time=11
[FLOW_DEBUG] Initiating flow from node=12 to node=13 maxPacketCount=1766563840 tag=0 flow_id=24 at time=11
[FLOW_DEBUG] Initiating flow from node=12 to node=13 maxPacketCount=1766563840 tag=1 flow_id=26 at time=11
[FLOW_DEBUG] Initiating flow from node=13 to node=12 maxPacketCount=1766563840 tag=0 flow_id=25 at time=11
[FLOW_DEBUG] Initiating flow from node=13 to node=12 maxPacketCount=1766563840 tag=1 flow_id=27 at time=11
[FLOW_DEBUG] Initiating flow from node=14 to node=15 maxPacketCount=1766563840 tag=0 flow_id=28 at time=11
[FLOW_DEBUG] Initiating flow from node=14 to node=15 maxPacketCount=1766563840 tag=1 flow_id=30 at time=11
[FLOW_DEBUG] Initiating flow from node=15 to node=14 maxPacketCount=1766563840 tag=0 flow_id=29 at time=11
[FLOW_DEBUG] Initiating flow from node=15 to node=14 maxPacketCount=1766563840 tag=1 flow_id=31 at time=11
[FLOW_DEBUG] Initiating flow from node=16 to node=17 maxPacketCount=1766563840 tag=0 flow_id=32 at time=11
[FLOW_DEBUG] Initiating flow from node=16 to node=17 maxPacketCount=1766563840 tag=1 flow_id=34 at time=11
[FLOW_DEBUG] Initiating flow from node=17 to node=16 maxPacketCount=1766563840 tag=0 flow_id=33 at time=11
[FLOW_DEBUG] Initiating flow from node=17 to node=16 maxPacketCount=1766563840 tag=1 flow_id=35 at time=11
[FLOW_DEBUG] Initiating flow from node=18 to node=19 maxPacketCount=1766563840 tag=0 flow_id=36 at time=11
[FLOW_DEBUG] Initiating flow from node=18 to node=19 maxPacketCount=1766563840 tag=1 flow_id=38 at time=11
[FLOW_DEBUG] Initiating flow from node=19 to node=18 maxPacketCount=1766563840 tag=0 flow_id=37 at time=11
[FLOW_DEBUG] Initiating flow from node=19 to node=18 maxPacketCount=1766563840 tag=1 flow_id=39 at time=11
[FLOW_DEBUG] Initiating flow from node=20 to node=21 maxPacketCount=1766563840 tag=0 flow_id=40 at time=11
[FLOW_DEBUG] Initiating flow from node=20 to node=21 maxPacketCount=1766563840 tag=1 flow_id=42 at time=11
[FLOW_DEBUG] Initiating flow from node=21 to node=20 maxPacketCount=1766563840 tag=0 flow_id=41 at time=11
[FLOW_DEBUG] Initiating flow from node=21 to node=20 maxPacketCount=1766563840 tag=1 flow_id=43 at time=11
[FLOW_DEBUG] Initiating flow from node=22 to node=23 maxPacketCount=1766563840 tag=0 flow_id=44 at time=11
[FLOW_DEBUG] Initiating flow from node=22 to node=23 maxPacketCount=1766563840 tag=1 flow_id=46 at time=11
[FLOW_DEBUG] Initiating flow from node=23 to node=22 maxPacketCount=1766563840 tag=0 flow_id=45 at time=11
[FLOW_DEBUG] Initiating flow from node=23 to node=22 maxPacketCount=1766563840 tag=1 flow_id=47 at time=11
[FLOW_DEBUG] Initiating flow from node=24 to node=25 maxPacketCount=1766563840 tag=0 flow_id=48 at time=11
[FLOW_DEBUG] Initiating flow from node=24 to node=25 maxPacketCount=1766563840 tag=1 flow_id=50 at time=11
[FLOW_DEBUG] Initiating flow from node=25 to node=24 maxPacketCount=1766563840 tag=0 flow_id=49 at time=11
[FLOW_DEBUG] Initiating flow from node=25 to node=24 maxPacketCount=1766563840 tag=1 flow_id=51 at time=11
[FLOW_DEBUG] Initiating flow from node=26 to node=27 maxPacketCount=1766563840 tag=0 flow_id=52 at time=11
[FLOW_DEBUG] Initiating flow from node=26 to node=27 maxPacketCount=1766563840 tag=1 flow_id=54 at time=11
[FLOW_DEBUG] Initiating flow from node=27 to node=26 maxPacketCount=1766563840 tag=0 flow_id=53 at time=11
[FLOW_DEBUG] Initiating flow from node=27 to node=26 maxPacketCount=1766563840 tag=1 flow_id=55 at time=11
[FLOW_DEBUG] Initiating flow from node=28 to node=29 maxPacketCount=1766563840 tag=0 flow_id=56 at time=11
[FLOW_DEBUG] Initiating flow from node=28 to node=29 maxPacketCount=1766563840 tag=1 flow_id=58 at time=11
[FLOW_DEBUG] Initiating flow from node=29 to node=28 maxPacketCount=1766563840 tag=0 flow_id=57 at time=11
[FLOW_DEBUG] Initiating flow from node=29 to node=28 maxPacketCount=1766563840 tag=1 flow_id=59 at time=11
[FLOW_DEBUG] Initiating flow from node=30 to node=31 maxPacketCount=1766563840 tag=0 flow_id=60 at time=11
[FLOW_DEBUG] Initiating flow from node=30 to node=31 maxPacketCount=1766563840 tag=1 flow_id=62 at time=11
[FLOW_DEBUG] Initiating flow from node=31 to node=30 maxPacketCount=1766563840 tag=0 flow_id=61 at time=11
[FLOW_DEBUG] Initiating flow from node=31 to node=30 maxPacketCount=1766563840 tag=1 flow_id=63 at time=11
[FLOW_DEBUG] Initiating flow from node=32 to node=33 maxPacketCount=1766563840 tag=0 flow_id=64 at time=11
[FLOW_DEBUG] Initiating flow from node=32 to node=33 maxPacketCount=1766563840 tag=1 flow_id=66 at time=11
[FLOW_DEBUG] Initiating flow from node=33 to node=32 maxPacketCount=1766563840 tag=0 flow_id=65 at time=11
[FLOW_DEBUG] Initiating flow from node=33 to node=32 maxPacketCount=1766563840 tag=1 flow_id=67 at time=11
[FLOW_DEBUG] Initiating flow from node=34 to node=35 maxPacketCount=1766563840 tag=0 flow_id=68 at time=11
[FLOW_DEBUG] Initiating flow from node=34 to node=35 maxPacketCount=1766563840 tag=1 flow_id=70 at time=11
[FLOW_DEBUG] Initiating flow from node=35 to node=34 maxPacketCount=1766563840 tag=0 flow_id=69 at time=11
[FLOW_DEBUG] Initiating flow from node=35 to node=34 maxPacketCount=1766563840 tag=1 flow_id=71 at time=11
[FLOW_DEBUG] Initiating flow from node=36 to node=37 maxPacketCount=1766563840 tag=0 flow_id=72 at time=11
[FLOW_DEBUG] Initiating flow from node=36 to node=37 maxPacketCount=1766563840 tag=1 flow_id=74 at time=11
[FLOW_DEBUG] Initiating flow from node=37 to node=36 maxPacketCount=1766563840 tag=0 flow_id=73 at time=11
[FLOW_DEBUG] Initiating flow from node=37 to node=36 maxPacketCount=1766563840 tag=1 flow_id=75 at time=11
[FLOW_DEBUG] Initiating flow from node=38 to node=39 maxPacketCount=1766563840 tag=0 flow_id=76 at time=11
[FLOW_DEBUG] Initiating flow from node=38 to node=39 maxPacketCount=1766563840 tag=1 flow_id=78 at time=11
[FLOW_DEBUG] Initiating flow from node=39 to node=38 maxPacketCount=1766563840 tag=0 flow_id=77 at time=11
[FLOW_DEBUG] Initiating flow from node=39 to node=38 maxPacketCount=1766563840 tag=1 flow_id=79 at time=11
[FLOW_DEBUG] Initiating flow from node=40 to node=41 maxPacketCount=1766563840 tag=0 flow_id=80 at time=11
[FLOW_DEBUG] Initiating flow from node=40 to node=41 maxPacketCount=1766563840 tag=1 flow_id=82 at time=11
[FLOW_DEBUG] Initiating flow from node=41 to node=40 maxPacketCount=1766563840 tag=0 flow_id=81 at time=11
[FLOW_DEBUG] Initiating flow from node=41 to node=40 maxPacketCount=1766563840 tag=1 flow_id=83 at time=11
[FLOW_DEBUG] Initiating flow from node=42 to node=43 maxPacketCount=1766563840 tag=0 flow_id=84 at time=11
[FLOW_DEBUG] Initiating flow from node=42 to node=43 maxPacketCount=1766563840 tag=1 flow_id=86 at time=11
[FLOW_DEBUG] Initiating flow from node=43 to node=42 maxPacketCount=1766563840 tag=0 flow_id=85 at time=11
[FLOW_DEBUG] Initiating flow from node=43 to node=42 maxPacketCount=1766563840 tag=1 flow_id=87 at time=11
[FLOW_DEBUG] Initiating flow from node=44 to node=45 maxPacketCount=1766563840 tag=0 flow_id=88 at time=11
[FLOW_DEBUG] Initiating flow from node=44 to node=45 maxPacketCount=1766563840 tag=1 flow_id=90 at time=11
[FLOW_DEBUG] Initiating flow from node=45 to node=44 maxPacketCount=1766563840 tag=0 flow_id=89 at time=11
[FLOW_DEBUG] Initiating flow from node=45 to node=44 maxPacketCount=1766563840 tag=1 flow_id=91 at time=11
[FLOW_DEBUG] Initiating flow from node=46 to node=47 maxPacketCount=1766563840 tag=0 flow_id=92 at time=11
[FLOW_DEBUG] Initiating flow from node=46 to node=47 maxPacketCount=1766563840 tag=1 flow_id=94 at time=11
[FLOW_DEBUG] Initiating flow from node=47 to node=46 maxPacketCount=1766563840 tag=0 flow_id=93 at time=11
[FLOW_DEBUG] Initiating flow from node=47 to node=46 maxPacketCount=1766563840 tag=1 flow_id=95 at time=11
[FLOW_DEBUG] Initiating flow from node=48 to node=49 maxPacketCount=1766563840 tag=0 flow_id=96 at time=11
[FLOW_DEBUG] Initiating flow from node=48 to node=49 maxPacketCount=1766563840 tag=1 flow_id=98 at time=11
[FLOW_DEBUG] Initiating flow from node=49 to node=48 maxPacketCount=1766563840 tag=0 flow_id=97 at time=11
[FLOW_DEBUG] Initiating flow from node=49 to node=48 maxPacketCount=1766563840 tag=1 flow_id=99 at time=11
[FLOW_DEBUG] Initiating flow from node=50 to node=51 maxPacketCount=1766563840 tag=0 flow_id=100 at time=11
[FLOW_DEBUG] Initiating flow from node=50 to node=51 maxPacketCount=1766563840 tag=1 flow_id=102 at time=11
[FLOW_DEBUG] Initiating flow from node=51 to node=50 maxPacketCount=1766563840 tag=0 flow_id=101 at time=11
[FLOW_DEBUG] Initiating flow from node=51 to node=50 maxPacketCount=1766563840 tag=1 flow_id=103 at time=11
[FLOW_DEBUG] Initiating flow from node=52 to node=53 maxPacketCount=1766563840 tag=0 flow_id=104 at time=11
[FLOW_DEBUG] Initiating flow from node=52 to node=53 maxPacketCount=1766563840 tag=1 flow_id=106 at time=11
[FLOW_DEBUG] Initiating flow from node=53 to node=52 maxPacketCount=1766563840 tag=0 flow_id=105 at time=11
[FLOW_DEBUG] Initiating flow from node=53 to node=52 maxPacketCount=1766563840 tag=1 flow_id=107 at time=11
[FLOW_DEBUG] Initiating flow from node=54 to node=55 maxPacketCount=1766563840 tag=0 flow_id=108 at time=11
[FLOW_DEBUG] Initiating flow from node=54 to node=55 maxPacketCount=1766563840 tag=1 flow_id=110 at time=11
[FLOW_DEBUG] Initiating flow from node=55 to node=54 maxPacketCount=1766563840 tag=0 flow_id=109 at time=11
[FLOW_DEBUG] Initiating flow from node=55 to node=54 maxPacketCount=1766563840 tag=1 flow_id=111 at time=11
[FLOW_DEBUG] Initiating flow from node=56 to node=57 maxPacketCount=1766563840 tag=0 flow_id=112 at time=11
[FLOW_DEBUG] Initiating flow from node=56 to node=57 maxPacketCount=1766563840 tag=1 flow_id=114 at time=11
[FLOW_DEBUG] Initiating flow from node=57 to node=56 maxPacketCount=1766563840 tag=0 flow_id=113 at time=11
[FLOW_DEBUG] Initiating flow from node=57 to node=56 maxPacketCount=1766563840 tag=1 flow_id=115 at time=11
[FLOW_DEBUG] Initiating flow from node=58 to node=59 maxPacketCount=1766563840 tag=0 flow_id=116 at time=11
[FLOW_DEBUG] Initiating flow from node=58 to node=59 maxPacketCount=1766563840 tag=1 flow_id=118 at time=11
[FLOW_DEBUG] Initiating flow from node=59 to node=58 maxPacketCount=1766563840 tag=0 flow_id=117 at time=11
[FLOW_DEBUG] Initiating flow from node=59 to node=58 maxPacketCount=1766563840 tag=1 flow_id=119 at time=11
[FLOW_DEBUG] Initiating flow from node=60 to node=61 maxPacketCount=1766563840 tag=0 flow_id=120 at time=11
[FLOW_DEBUG] Initiating flow from node=60 to node=61 maxPacketCount=1766563840 tag=1 flow_id=122 at time=11
[FLOW_DEBUG] Initiating flow from node=61 to node=60 maxPacketCount=1766563840 tag=0 flow_id=121 at time=11
[FLOW_DEBUG] Initiating flow from node=61 to node=60 maxPacketCount=1766563840 tag=1 flow_id=123 at time=11
[FLOW_DEBUG] Initiating flow from node=62 to node=63 maxPacketCount=1766563840 tag=0 flow_id=124 at time=11
[FLOW_DEBUG] Initiating flow from node=62 to node=63 maxPacketCount=1766563840 tag=1 flow_id=126 at time=11
[FLOW_DEBUG] Initiating flow from node=63 to node=62 maxPacketCount=1766563840 tag=0 flow_id=125 at time=11
[FLOW_DEBUG] Initiating flow from node=63 to node=62 maxPacketCount=1766563840 tag=1 flow_id=127 at time=11
***** info: fwd pass comm collective for layer: grad_norm is finished************
info: no forward pass collective for layer: embedding_layer
DEBUG_CHUNK_SIZE: size=41943040, preferred_dataset_splits=1, resulting chunk_size=41943040
DEBUG_COLLECTIVE_TYPE: layer=2, event=UNKNOWN (raw=0), size=41943040, chunk_size=41943040
DEBUG_STREAM_COUNT: chunk size is: 41943040 , size is: 41943040 , layer_num is: 2 , node: 0
DEBUG_STREAM_CREATE: Creating stream #1 for dataset id: 110 (total_streams=1)
[FLOW_DEBUG] Initiating flow from node=30 to node=31 maxPacketCount=10485760 tag=4 flow_id=132 at time=31406755
[FLOW_DEBUG] Initiating flow from node=30 to node=31 maxPacketCount=10485760 tag=5 flow_id=134 at time=31406755
DEBUG_STREAM_COUNT: Generated 1 streams for layer 2 (UNKNOWN), total injected: 2
info: all-gather forward pass collective issued for layer: attention_column, involved dimensions:  1, 0, 0, 0, 0, 0, 0, 0, 0, 0,
[FLOW_DEBUG] Initiating flow from node=31 to node=30 maxPacketCount=10485760 tag=4 flow_id=133 at time=31406755
[FLOW_DEBUG] Initiating flow from node=31 to node=30 maxPacketCount=10485760 tag=5 flow_id=135 at time=31406755
[FLOW_DEBUG] Initiating flow from node=28 to node=29 maxPacketCount=10485760 tag=4 flow_id=156 at time=31406755
[FLOW_DEBUG] Initiating flow from node=14 to node=15 maxPacketCount=10485760 tag=4 flow_id=148 at time=31406755
[FLOW_DEBUG] Initiating flow from node=6 to node=7 maxPacketCount=10485760 tag=4 flow_id=140 at time=[FLOW_DEBUG] Initiating flow from node=22 to node=31406755[FLOW_DEBUG] Initiating flow from node=28 to node=
[FLOW_DEBUG] Initiating flow from node=29 maxPacketCount=10485760 tag=145 to node= flow_id=15158 maxPacketCount= at time=10485760 tag=23 maxPacketCount=10485760 tag=4 flow_id=136 at time=31406755
314067555 flow_id=150 at time=31406755

[FLOW_DEBUG] Initiating flow from node=6 to node=7 maxPacketCount=10485760 tag=5 flow_id=142 at time=31406755
[FLOW_DEBUG] Initiating flow from node=38 to node=39 maxPacketCount=10485760 tag=4 flow_id=128 at time=31406755
[FLOW_DEBUG] Initiating flow from node=15 to node=14 maxPacketCount=10485760 tag=4 flow_id=149 at time=31406755
[FLOW_DEBUG] Initiating flow from node=7 to node=6 maxPacketCount=10485760 tag=4 flow_id=141 at time=31406755
[FLOW_DEBUG] Initiating flow from node=29 to node=28 maxPacketCount=10485760 tag=4 flow_id=157 at time=31406755
[FLOW_DEBUG] Initiating flow from node=15 to node=14 maxPacketCount=10485760 tag=5 flow_id=151 at time=31406755
[FLOW_DEBUG] Initiating flow from node=[FLOW_DEBUG] Initiating flow from node=38 to node=39 maxPacketCount=10485760 tag=5 flow_id=130 at time=31406755
[FLOW_DEBUG] Initiating flow from node=54 to node=55 maxPacketCount=10485760 tag=4 flow_id=172 at time=31406755
46 to node=47 maxPacketCount=10485760 tag=4 flow_id=144 at time=31406755
[FLOW_DEBUG] Initiating flow from node=29 to node=28 maxPacketCount=10485760 tag=5 flow_id=159 at time=31406755
[FLOW_DEBUG] Initiating flow from node=7 to node=6 maxPacketCount=10485760 tag=5 flow_id=143 at time=31406755
[FLOW_DEBUG] Initiating flow from node=12 to node=13 maxPacketCount=10485760 tag=4 flow_id=176 at time=31406755
[FLOW_DEBUG] Initiating flow from node=62 to node=63 maxPacketCount=10485760 tag=4 flow_id=152 at time=31406755
[FLOW_DEBUG] Initiating flow from node=46 to node=47 maxPacketCount=10485760 tag=5 flow_id=146 at time=31406755
[FLOW_DEBUG] Initiating flow from node=39 to node=38 maxPacketCount=10485760 tag=4 flow_id=129 at time=31406755
[FLOW_DEBUG] Initiating flow from node=12 to node=13 maxPacketCount=10485760 tag=5 flow_id=178 at time=31406755
[FLOW_DEBUG] Initiating flow from node=[FLOW_DEBUG] Initiating flow from node=[FLOW_DEBUG] Initiating flow from node=26 to node=27 maxPacketCount=10485760 tag=4 flow_id=188 at time=31406755
4 to node=5 maxPacketCount=10485760 tag=4 flow_id=168 at time=31406755
62 to node=63 maxPacketCount=10485760 tag=5 flow_id=154 at time=31406755
[FLOW_DEBUG] Initiating flow from node=54 to node=55 maxPacketCount=10485760 tag=5 flow_id=174 at time=31406755
[FLOW_DEBUG] Initiating flow from node=13 to node=12 maxPacketCount=10485760 tag=4 flow_id=177 at time=31406755
[FLOW_DEBUG] Initiating flow from node=47 to node=46 maxPacketCount=10485760 tag=4 flow_id=145 at time=31406755
[FLOW_DEBUG] Initiating flow from node=39 to node=38 maxPacketCount=10485760 tag=5 flow_id=131 at time=31406755
[FLOW_DEBUG] Initiating flow from node=13 to node=12 maxPacketCount=10485760 tag=5 flow_id=179 at time=31406755
[FLOW_DEBUG] Initiating flow from node=36 to node=37 maxPacketCount=10485760 tag=4 flow_id=164 at time=31406755
[FLOW_DEBUG] Initiating flow from node=55 to node=54 maxPacketCount=10485760 tag=4 flow_id=173 at time=31406755
[FLOW_DEBUG] Initiating flow from node=4 to node=5 maxPacketCount=10485760 tag=5 flow_id=170 at time=31406755
[FLOW_DEBUG] Initiating flow from node=[FLOW_DEBUG] Initiating flow from node=2647 to node=46 maxPacketCount=10485760 tag=5 flow_id=147 at time=31406755
 to node=27 maxPacketCount=10485760 tag=5 flow_id=190 at time=31406755
[FLOW_DEBUG] Initiating flow from node=63 to node=62 maxPacketCount=10485760 tag=4 flow_id=153 at time=31406755
[FLOW_DEBUG] Initiating flow from node=36 to node=37 maxPacketCount=10485760 tag=5 flow_id=166 at time=31406755
[FLOW_DEBUG] Initiating flow from node=55 to node=54 maxPacketCount=10485760 tag=5 flow_id=175 at time=31406755
[FLOW_DEBUG] Initiating flow from node=10 to node=11 maxPacketCount=10485760 tag=4 flow_id=204 at time=31406755
[FLOW_DEBUG] Initiating flow from node=22 to node=23 maxPacketCount=10485760 tag=5 flow_id=138 at time=31406755
[FLOW_DEBUG] Initiating flow from node=52 to node=53 maxPacketCount=10485760 tag=4 flow_id=200 at time=31406755
[FLOW_DEBUG] Initiating flow from node=44 to node=45 maxPacketCount=10485760 tag=4 flow_id=180 at time=[FLOW_DEBUG] Initiating flow from node=314067555 to node=4 maxPacketCount=10485760 tag=4 flow_id=169 at time=31406755

[FLOW_DEBUG] Initiating flow from node=10 to node=11 maxPacketCount=10485760 tag=5 flow_id=206 at time=31406755
[FLOW_DEBUG] Initiating flow from node=23 to node=22 maxPacketCount=10485760 tag=4 flow_id=137 at time=31406755
[FLOW_DEBUG] Initiating flow from node=37 to node=36 maxPacketCount=10485760 tag=4 flow_id=165 at time=31406755
[FLOW_DEBUG] Initiating flow from node=27 to node=26 maxPacketCount=10485760 tag=4 flow_id=189 at time=31406755
[FLOW_DEBUG] Initiating flow from node=52 to node=53 maxPacketCount=10485760 tag=5 flow_id=202 at time=31406755
[FLOW_DEBUG] Initiating flow from node=63 to node=62 maxPacketCount=10485760 tag=5 flow_id=155 at time=31406755
[FLOW_DEBUG] Initiating flow from node=53 to node=52 maxPacketCount=10485760 tag=4 flow_id=201 at time=31406755
[FLOW_DEBUG] Initiating flow from node=11 to node=10 maxPacketCount=10485760 tag=4 flow_id=205 at time=31406755
[FLOW_DEBUG] Initiating flow from node=60 to node=61 maxPacketCount=10485760 tag=4 flow_id=192 at time=[FLOW_DEBUG] Initiating flow from node=3140675523
 to node=[FLOW_DEBUG] Initiating flow from node=27 to node=26 maxPacketCount=10485760 tag=5 flow_id=191 at time=31406755
22 maxPacketCount=10485760 tag=5 flow_id=139 at time=31406755
[FLOW_DEBUG] Initiating flow from node=11 to node=10 maxPacketCount=10485760 tag=5 flow_id=207 at time=31406755
[FLOW_DEBUG] Initiating flow from node=5 to node=4 maxPacketCount=10485760 tag=5 flow_id=171 at time=31406755
[FLOW_DEBUG] Initiating flow from node=44 to node=45 maxPacketCount=10485760 tag=5 flow_id=182 at time=31406755
[FLOW_DEBUG] Initiating flow from node=[FLOW_DEBUG] Initiating flow from node=20 to node=21 maxPacketCount=10485760 tag=4 flow_id=160 at time=31406755
[FLOW_DEBUG] Initiating flow from node=60 to node=61 maxPacketCount=10485760 tag=537 flow_id= to node=194 at time=36 maxPacketCount=31406755[FLOW_DEBUG] Initiating flow from node=
8 to node=9 maxPacketCount=1048576010485760[FLOW_DEBUG] Initiating flow from node=24 to node=25 tag= tag=4 flow_id=228 at time=5[FLOW_DEBUG] Initiating flow from node= maxPacketCount= flow_id=16710485760 at time=53 to node= tag=52 maxPacketCount=410485760 flow_id= tag=5208 at time=31406755 flow_id=
203 at time=3140675531406755

31406755
[FLOW_DEBUG] Initiating flow from node=61 to node=60 maxPacketCount=10485760 tag=4 flow_id=193 at time=31406755
[FLOW_DEBUG] Initiating flow from node=20 to node=21 maxPacketCount=10485760 tag=5 flow_id=162 at time=31406755
[FLOW_DEBUG] Initiating flow from node=45 to node=44 maxPacketCount=10485760 tag=4 flow_id=181 at time=31406755
[FLOW_DEBUG] Initiating flow from node=24[FLOW_DEBUG] Initiating flow from node= to node=50 to node=51 maxPacketCount=10485760 tag=4 flow_id=232 at time=31406755
[FLOW_DEBUG] Initiating flow from node=25 maxPacketCount=10485760 tag=5 flow_id=210 at time=31406755
[FLOW_DEBUG] Initiating flow from node=8 to node=9 maxPacketCount=10485760 tag=5 flow_id=230 at time=2 to node=3 maxPacketCount=10485760 tag=4 flow_id=196 at time=31406755
[FLOW_DEBUG] Initiating flow from node=34 to node=35 maxPacketCount=10485760 tag=4 flow_id=216 at time=31406755
31406755
[FLOW_DEBUG] Initiating flow from node=61 to node=60 maxPacketCount=10485760 tag=5 flow_id=195 at time=31406755
[FLOW_DEBUG] Initiating flow from node=9 to node=8 maxPacketCount=10485760 tag=4 flow_id=229 at time=31406755
[FLOW_DEBUG] Initiating flow from node=45 to node=44 maxPacketCount=10485760 tag=5 flow_id=183 at time=31406755
[FLOW_DEBUG] Initiating flow from node=2 to node=3 maxPacketCount=10485760 tag=5 flow_id=198 at time=31406755
[FLOW_DEBUG] Initiating flow from node=50 to node=51 maxPacketCount=10485760 tag=5 flow_id=234 at time=31406755
[FLOW_DEBUG] Initiating flow from node=34 to node=35 maxPacketCount=10485760 tag=5 flow_id=218 at time=31406755
[FLOW_DEBUG] Initiating flow from node=58 to node=59 maxPacketCount=10485760 tag=4 flow_id=220 at time=31406755
[FLOW_DEBUG] Initiating flow from node=9 to node=8 maxPacketCount=10485760 tag=5 flow_id=231 at time=31406755
[FLOW_DEBUG] Initiating flow from node=25 to node=24 maxPacketCount=10485760 tag=4 flow_id=209 at time=31406755
[FLOW_DEBUG] Initiating flow from node=21 to node=20 maxPacketCount=10485760 tag=4 flow_id=161 at time=31406755
[FLOW_DEBUG] Initiating flow from node=58 to node=59 maxPacketCount=10485760 tag=5 flow_id=222 at time=31406755
[FLOW_DEBUG] Initiating flow from node=35 to node=34 maxPacketCount=10485760 tag=4 flow_id=217 at time=31406755
[FLOW_DEBUG] Initiating flow from node=51 to node=50 maxPacketCount=10485760 tag=4 flow_id=233 at time=[FLOW_DEBUG] Initiating flow from node=31406755
42[FLOW_DEBUG] Initiating flow from node=21 to node=20 maxPacketCount=[FLOW_DEBUG] Initiating flow from node=3 to node=2 maxPacketCount=10485760 tag=4 flow_id=197 at time=31406755
[FLOW_DEBUG] Initiating flow from node=25 to node=24 maxPacketCount=10485760 tag=5 flow_id=211 at time=31406755
10485760 tag=5 flow_id=163 at time=31406755
 to node=43 maxPacketCount=10485760 tag=4 flow_id=212 at time=31406755
[FLOW_DEBUG] Initiating flow from node=35 to node=34 maxPacketCount=10485760 tag=5 flow_id=219 at time=31406755
[FLOW_DEBUG] Initiating flow from node=51 to node=50 maxPacketCount=10485760 tag=5 flow_id=235 at time=31406755
[FLOW_DEBUG] Initiating flow from node=59 to node=58 maxPacketCount=10485760 tag=4 flow_id=221 at time=31406755
[FLOW_DEBUG] Initiating flow from node=42 to node=43 maxPacketCount=10485760 tag=5 flow_id=214 at time=31406755
[FLOW_DEBUG] Initiating flow from node=32 to node=33 maxPacketCount=10485760 tag=4 flow_id=240 at time=31406755
[FLOW_DEBUG] Initiating flow from node=18 to node=19 maxPacketCount=10485760 tag=4 flow_id=184 at time=31406755
[FLOW_DEBUG] Initiating flow from node=3 to node=2 maxPacketCount=10485760 tag=5 flow_id=199 at time=31406755
[FLOW_DEBUG] Initiating flow from node=48 to node=49 maxPacketCount=10485760 tag=4 flow_id=252 at time=31406755
[FLOW_DEBUG] Initiating flow from node=32 to node=33 maxPacketCount=10485760 tag=5 flow_id=242 at time=31406755
[FLOW_DEBUG] Initiating flow from node=0 to node=1 maxPacketCount=10485760 tag=4 flow_id=224 at time=31406755
[FLOW_DEBUG] Initiating flow from node=[FLOW_DEBUG] Initiating flow from node=48 to node=49 maxPacketCount=10485760 tag=5 flow_id=254 at time=31406755
[FLOW_DEBUG] Initiating flow from node=5918 to node=19 maxPacketCount=10485760 tag= to node=558 maxPacketCount= flow_id=186 at time=1048576031406755 tag=
5 flow_id=223 at time=31406755
[FLOW_DEBUG] Initiating flow from node=0 to node=1 maxPacketCount=10485760 tag=5 flow_id=226 at time=31406755
[FLOW_DEBUG] Initiating flow from node=33 to node=32 maxPacketCount=10485760 tag=4 flow_id=241 at time=31406755
[FLOW_DEBUG] Initiating flow from node=43 to node=42 maxPacketCount=10485760 tag=4 flow_id=213 at time=31406755
[FLOW_DEBUG] Initiating flow from node=49 to node=48 maxPacketCount=10485760 tag=4 flow_id=253 at time=31406755
[FLOW_DEBUG] Initiating flow from node=19 to node=18 maxPacketCount=10485760 tag=4 flow_id=185 at time=31406755
[FLOW_DEBUG] Initiating flow from node=1 to node=0 maxPacketCount=10485760 tag=4 flow_id=225 at time=31406755
[FLOW_DEBUG] Initiating flow from node=33 to node=32 maxPacketCount=10485760 tag=5 flow_id=243 at time=31406755
[FLOW_DEBUG] Initiating flow from node=56 to node=57 maxPacketCount=10485760 tag=4 flow_id=248 at time=31406755
[FLOW_DEBUG] Initiating flow from node=19 to node=18 maxPacketCount=10485760 tag=5 flow_id=187 at time=31406755
[FLOW_DEBUG] Initiating flow from node=43 to node=42 maxPacketCount=10485760 tag=5 flow_id=215 at time=31406755
[FLOW_DEBUG] Initiating flow from node=49 to node=48 maxPacketCount=10485760 tag=5 flow_id=255 at time=31406755
[FLOW_DEBUG] Initiating flow from node=1 to node=0 maxPacketCount=10485760 tag=5 flow_id=227 at time=31406755
[FLOW_DEBUG] Initiating flow from node=16 to node=17 maxPacketCount=10485760 tag=4 flow_id=236 at time=31406755
[FLOW_DEBUG] Initiating flow from node=40 to node=41 maxPacketCount=10485760 tag=4 flow_id=244 at time=31406755
[FLOW_DEBUG] Initiating flow from node=16 to node=17 maxPacketCount=10485760 tag=5 flow_id=238 at time=31406755
[FLOW_DEBUG] Initiating flow from node=40 to node=41 maxPacketCount=10485760 tag=5 flow_id=246 at time=31406755
[FLOW_DEBUG] Initiating flow from node=56 to node=57 maxPacketCount=10485760 tag=5 flow_id=250 at time=31406755
[FLOW_DEBUG] Initiating flow from node=41 to node=40 maxPacketCount=10485760 tag=4 flow_id=245 at time=31406755
[FLOW_DEBUG] Initiating flow from node=57 to node=56 maxPacketCount=10485760 tag=4 flow_id=249 at time=31406755
[FLOW_DEBUG] Initiating flow from node=17 to node=16 maxPacketCount=10485760 tag=4 flow_id=237 at time=31406755
[FLOW_DEBUG] Initiating flow from node=41 to node=40 maxPacketCount=10485760 tag=5 flow_id=247 at time=31406755
[FLOW_DEBUG] Initiating flow from node=57 to node=56 maxPacketCount=10485760 tag=5 flow_id=251 at time=31406755
[FLOW_DEBUG] Initiating flow from node=17 to node=16 maxPacketCount=10485760 tag=5 flow_id=239 at time=31406755
***** info: fwd pass comm collective for layer: attention_column is finished************
[FLOW_DEBUG] Initiating flow from node=63 to node=62 maxPacketCount=10485760 tag=6 flow_id=257 at time=31594331
[FLOW_DEBUG] Initiating flow from node=63 to node=62 maxPacketCount=10485760 tag=7 flow_id=259 at time=31594331
[FLOW_DEBUG] Initiating flow from node=62 to node=63 maxPacketCount=10485760 tag=6 flow_id=256 at time=31594331
[FLOW_DEBUG] Initiating flow from node=62 to node=63 maxPacketCount=10485760 tag=7 flow_id=258 at time=31594331
[FLOW_DEBUG] Initiating flow from node=61 to node=60 maxPacketCount=10485760 tag=6 flow_id=265 at time=31594331
[FLOW_DEBUG] Initiating flow from node=61 to node=60 maxPacketCount=10485760 tag=7 flow_id=267 at time=31594331
[FLOW_DEBUG] Initiating flow from node=60 to node=61 maxPacketCount=10485760 tag=6 flow_id=264 at time=31594331
[FLOW_DEBUG] Initiating flow from node=60 to node=61 maxPacketCount=10485760 tag=7 flow_id=266 at time=31594331
[FLOW_DEBUG] Initiating flow from node=59 to node=58 maxPacketCount=10485760 tag=6 flow_id=277 at time=31594331
[FLOW_DEBUG] Initiating flow from node=47 to node=46 maxPacketCount=10485760 tag=6 flow_id=273 at time=31594331
[FLOW_DEBUG] Initiating flow from node=59 to node=58 maxPacketCount=10485760 tag=7 flow_id=279 at time=31594331
[FLOW_DEBUG] Initiating flow from node=23 to node=22 maxPacketCount=10485760 tag=6 flow_id=281 at time=31594331
[FLOW_DEBUG] Initiating flow from node=47 to node=46 maxPacketCount=10485760 tag=7 flow_id=275 at time=31594331
[FLOW_DEBUG] Initiating flow from node=39 to node=38 maxPacketCount=10485760 tag=6 flow_id=261 at time=31594331
[FLOW_DEBUG] Initiating flow from node=23 to node=22 maxPacketCount=10485760 tag=7 flow_id=283 at time=31594331
[FLOW_DEBUG] Initiating flow from node=39 to node=38 maxPacketCount=10485760 tag=7 flow_id=263 at time=31594331
[FLOW_DEBUG] Initiating flow from node=38 to node=39 maxPacketCount=10485760 tag=6 flow_id=260 at time=31594331
[FLOW_DEBUG] Initiating flow from node=46 to node=47 maxPacketCount=10485760 tag=6 flow_id=272 at time=31594331
[FLOW_DEBUG] Initiating flow from node=22 to node=23 maxPacketCount=10485760 tag=6 flow_id=280 at time=[FLOW_DEBUG] Initiating flow from node=3159433158 to node=
59[FLOW_DEBUG] Initiating flow from node= maxPacketCount=10485760 tag=6 flow_id=276 at time=55 to node=31594331
54 maxPacketCount=10485760 tag=6 flow_id=285 at time=31594331
DEBUG_CHUNK_SIZE: size=41943040, preferred_dataset_splits=1, resulting chunk_size=41943040
DEBUG_COLLECTIVE_TYPE: layer=3, event=UNKNOWN (raw=0), size=41943040, chunk_size=41943040
DEBUG_STREAM_COUNT: chunk size is: 41943040 , size is: 41943040 , layer_num is: 3 , node: 0
[FLOW_DEBUG] Initiating flow from node=46 to node=47 maxPacketCount=10485760 tag=7 flow_id=274 at time=31594331
[FLOW_DEBUG] Initiating flow from node=22 to node=23 maxPacketCount=10485760 tag=7 flow_id=282 at time=[FLOW_DEBUG] Initiating flow from node=5531594331 to node=
[FLOW_DEBUG] Initiating flow from node=58 to node=59 maxPacketCount=10485760 tag=7 flow_id=27854 maxPacketCount= at time=10485760 tag=731594331 flow_id=
287[FLOW_DEBUG] Initiating flow from node=38 to node=39 maxPacketCount=10485760 at time=31594331
 tag=[FLOW_DEBUG] Initiating flow from node=7 flow_id=262 at time=15 to node=14 maxPacketCount=10485760 tag=6 flow_id=305 at time=3159433131594331

DEBUG_STREAM_CREATE: Creating stream #2 for dataset id: 189 (total_streams=1)
DEBUG_STREAM_COUNT: Generated 1 streams for layer 3 (UNKNOWN), total injected: 3
info: reduce-scatter forward pass collective issued for layer: attention_row, involved dimensions:  1, 0, 0, 0, 0, 0, 0, 0, 0, 0,
[FLOW_DEBUG] Initiating flow from node=31 to node=30 maxPacketCount=10485760 tag=6 flow_id=345 at time=31594331[FLOW_DEBUG] Initiating flow from node=
57 to node=56 maxPacketCount=10485760 tag=6 flow_id=289 at time=[FLOW_DEBUG] Initiating flow from node=54 to node=55 maxPacketCount=10485760 tag=[FLOW_DEBUG] Initiating flow from node=615 to node=[FLOW_DEBUG] Initiating flow from node=45 to node=44[FLOW_DEBUG] Initiating flow from node= maxPacketCount=710485760 to node= tag=66 flow_id=293 at time= maxPacketCount=1431594331 maxPacketCount=
31594331
1048576010485760 tag=6 flow_id=329 at time=31594331
 tag=7 flow_id=307 at time=31594331
 flow_id=284 at time=31594331
[FLOW_DEBUG] Initiating flow from node=21 to node=20 maxPacketCount=10485760 tag=6 flow_id=297 at time=31594331
[FLOW_DEBUG] Initiating flow from node=31 to node=30 maxPacketCount=10485760 tag=7 flow_id=347 at time=31594331
[FLOW_DEBUG] Initiating flow from node=7 to node=6 maxPacketCount=10485760 tag=7 flow_id=331 at time=31594331
[FLOW_DEBUG] Initiating flow from node=57 to node=56 maxPacketCount=10485760 tag=7 flow_id=291 at time=31594331
[FLOW_DEBUG] Initiating flow from node=37 to node=36 maxPacketCount=10485760 tag=6 flow_id=269 at time=31594331
[FLOW_DEBUG] Initiating flow from node=54 to node=55 maxPacketCount=10485760 tag=7 flow_id=286 at time=31594331
[FLOW_DEBUG] Initiating flow from node=45 to node=44 maxPacketCount=10485760 tag=7 flow_id=295 at time=31594331
[FLOW_DEBUG] Initiating flow from node=14 to node=15 maxPacketCount=10485760 tag=6 flow_id=304 at time=31594331
[FLOW_DEBUG] Initiating flow from node=21 to node=20 maxPacketCount=10485760 tag=7 flow_id=299 at time=31594331
[FLOW_DEBUG] Initiating flow from node=53 to node=52 maxPacketCount=10485760 tag=6 flow_id=309 at time=31594331
[FLOW_DEBUG] Initiating flow from node=30 to node=31 maxPacketCount=10485760 tag=6 flow_id=344 at time=31594331
[FLOW_DEBUG] Initiating flow from node=56 to node=57 maxPacketCount=10485760 tag=6 flow_id=288 at time=31594331
[FLOW_DEBUG] Initiating flow from node=6 to node=7 maxPacketCount=10485760 tag=6 flow_id=328 at time=31594331
[FLOW_DEBUG] Initiating flow from node=44 to node=45 maxPacketCount=10485760 tag=6 flow_id=292 at time=31594331
[FLOW_DEBUG] Initiating flow from node=37 to node=36 maxPacketCount=10485760 tag=7 flow_id=271 at time=31594331
[FLOW_DEBUG] Initiating flow from node=14 to node=15 maxPacketCount=10485760 tag=7 flow_id=306 at time=31594331
[FLOW_DEBUG] Initiating flow from node=20 to node=21 maxPacketCount=10485760 tag=6 flow_id=296 at time=31594331
[FLOW_DEBUG] Initiating flow from node=30 to node=31 maxPacketCount=10485760 tag=7 flow_id=346 at time=31594331
[FLOW_DEBUG] Initiating flow from node=53 to node=52 maxPacketCount=10485760 tag=7 flow_id=311 at time=31594331
[FLOW_DEBUG] Initiating flow from node=44 to node=45 maxPacketCount=10485760 tag=7 flow_id=294 at time=31594331
[FLOW_DEBUG] Initiating flow from node=36 to node=37 maxPacketCount=10485760 tag=6 flow_id=268 at time=31594331
[FLOW_DEBUG] Initiating flow from node=6 to node=7 maxPacketCount=10485760 tag=7 flow_id=330 at time=31594331
[FLOW_DEBUG] Initiating flow from node=56 to node=57 maxPacketCount=10485760 tag=7 flow_id=290 at time=31594331
[FLOW_DEBUG] Initiating flow from node=20 to node=21 maxPacketCount=10485760 tag=7 flow_id=298 at time=31594331
[FLOW_DEBUG] Initiating flow from node=52 to node=53 maxPacketCount=10485760 tag=6 flow_id=308 at time=31594331
[FLOW_DEBUG] Initiating flow from node=43 to node=42 maxPacketCount=10485760 tag=6 flow_id=313 at time=31594331
[FLOW_DEBUG] Initiating flow from node=13 to node=12 maxPacketCount=10485760 tag=6 flow_id=337 at time=31594331
[FLOW_DEBUG] Initiating flow from node=36 to node=37 maxPacketCount=10485760 tag=7 flow_id=270 at time=31594331
[FLOW_DEBUG] Initiating flow from node=29 to node=28 maxPacketCount=10485760 tag=6 flow_id=365 at time=31594331
[FLOW_DEBUG] Initiating flow from node=13 to node=12 maxPacketCount=10485760 tag=7 flow_id=339 at time=31594331
[FLOW_DEBUG] Initiating flow from node=35 to node=34 maxPacketCount=10485760 tag=6 flow_id=301 at time=31594331
[FLOW_DEBUG] Initiating flow from node=52 to node=53 maxPacketCount=10485760 tag=7 flow_id=310 at time=31594331
[FLOW_DEBUG] Initiating flow from node=43 to node=42 maxPacketCount=10485760 tag=7 flow_id=315 at time=[FLOW_DEBUG] Initiating flow from node=315943315[FLOW_DEBUG] Initiating flow from node= to node=4 maxPacketCount=10485760 tag=6 flow_id=349 at time=31594331
29 to node=28 maxPacketCount=10485760 tag=7 flow_id=367 at time=31594331

[FLOW_DEBUG] Initiating flow from node=19 to node=18 maxPacketCount=10485760 tag=6 flow_id=317 at time=31594331
[FLOW_DEBUG] Initiating flow from node=51 to node=50 maxPacketCount=10485760 tag=6 flow_id=325 at time=31594331
[FLOW_DEBUG] Initiating flow from node=28 to node=29 maxPacketCount=10485760 tag=6 flow_id=364 at time=31594331
[FLOW_DEBUG] Initiating flow from node=12 to node=13 maxPacketCount=10485760 tag=6 flow_id=[FLOW_DEBUG] Initiating flow from node=33635[FLOW_DEBUG] Initiating flow from node= at time=531594331[FLOW_DEBUG] Initiating flow from node= to node=4 maxPacketCount=10485760 tag=7
 to node=42 to node=43 maxPacketCount=10485760 tag=6 flow_id=312 at time=31594331
 flow_id=351 at time=31594331
34 maxPacketCount=10485760 tag=7 flow_id=303 at time=31594331
[FLOW_DEBUG] Initiating flow from node=51 to node=50 maxPacketCount=10485760 tag=7 flow_id=327 at time=31594331
[FLOW_DEBUG] Initiating flow from node=4 to node=5 maxPacketCount=10485760 tag=6 flow_id=348 at time=31594331
[FLOW_DEBUG] Initiating flow from node=[FLOW_DEBUG] Initiating flow from node=19 to node=1218 to node= maxPacketCount=1310485760 maxPacketCount= tag=10485760 tag=77 flow_id= flow_id=[FLOW_DEBUG] Initiating flow from node=338 at time=34319 to node=35 maxPacketCount=3159433110485760
 at time= tag=31594331
6 flow_id=300 at time=31594331
[FLOW_DEBUG] Initiating flow from node=28 to node=29 maxPacketCount=10485760 tag=7 flow_id=366 at time=31594331
[FLOW_DEBUG] Initiating flow from node=50 to node=51 maxPacketCount=10485760 tag=6 flow_id=324 at time=31594331
[FLOW_DEBUG] Initiating flow from node=42 to node=43 maxPacketCount=10485760 tag=7 flow_id=314 at time=31594331
[FLOW_DEBUG] Initiating flow from node=11 to node=10 maxPacketCount=10485760 tag=6 flow_id=357 at time=31594331
[FLOW_DEBUG] Initiating flow from node=27 to node=26 maxPacketCount=10485760 tag=6 flow_id=377 at time=31594331
[FLOW_DEBUG] Initiating flow from node=4 to node=5 maxPacketCount=10485760 tag=7 flow_id=350 at time=31594331
[FLOW_DEBUG] Initiating flow from node=50 to node=51 maxPacketCount=10485760 tag=7 flow_id=326 at time=31594331
[FLOW_DEBUG] Initiating flow from node=18 to node=19 maxPacketCount=10485760 tag=6 flow_id=316 at time=31594331
[FLOW_DEBUG] Initiating flow from node=34 to node=35 maxPacketCount=10485760 tag=7 flow_id=302 at time=31594331
[FLOW_DEBUG] Initiating flow from node=3 to node=2 maxPacketCount=10485760 tag=6 flow_id=361 at time=31594331
[FLOW_DEBUG] Initiating flow from node=27 to node=26 maxPacketCount=10485760 tag=7 flow_id=379 at time=31594331
[FLOW_DEBUG] Initiating flow from node=[FLOW_DEBUG] Initiating flow from node=11 to node=4110 to node=[FLOW_DEBUG] Initiating flow from node= maxPacketCount=33 to node=4010485760 tag=7 flow_id= maxPacketCount=35910485760 tag=32[FLOW_DEBUG] Initiating flow from node=6 flow_id=333 at time=31594331
18[FLOW_DEBUG] Initiating flow from node=49 to node=48 maxPacketCount=10485760 tag=6 flow_id=353 at time=31594331
 maxPacketCount= to node=19 maxPacketCount=10485760 tag=7 flow_id=318 at time=31594331
[FLOW_DEBUG] Initiating flow from node= at time=31594331
10485760[FLOW_DEBUG] Initiating flow from node=26 to node=27 maxPacketCount=10485760 tag=6 tag= flow_id=376 at time=6 flow_id=321 at time=31594331
31594331
3 to node=2 maxPacketCount=10485760 tag=7 flow_id=363 at time=31594331
[FLOW_DEBUG] Initiating flow from node=49 to node=48 maxPacketCount=10485760 tag=7 flow_id=355 at time=31594331
[FLOW_DEBUG] Initiating flow from node=41 to node=40 maxPacketCount=10485760 tag=7 flow_id=335 at time=31594331
[FLOW_DEBUG] Initiating flow from node=40 to node=41 maxPacketCount=10485760 tag=6 flow_id=332 at time=31594331
[FLOW_DEBUG] Initiating flow from node=[FLOW_DEBUG] Initiating flow from node=233 to node=32 maxPacketCount=10485760 tag=7 flow_id=323 at time=31594331
[FLOW_DEBUG] Initiating flow from node=[FLOW_DEBUG] Initiating flow from node=26 to node=27 maxPacketCount=10485760 tag=7 flow_id=378 at time=31594331
 to node=3 maxPacketCount=10485760 tag=6 flow_id=360 at time=31594331[FLOW_DEBUG] Initiating flow from node=
10 to node=11 maxPacketCount=10485760 tag=6 flow_id=356 at time=48 to node=49 maxPacketCount=10485760 tag=6 flow_id=352 at time=31594331
31594331
[FLOW_DEBUG] Initiating flow from node=17 to node=16 maxPacketCount=10485760 tag=6 flow_id=341 at time=31594331
[FLOW_DEBUG] Initiating flow from node=25 to node=24 maxPacketCount=10485760 tag=6 flow_id=381 at time=31594331
[FLOW_DEBUG] Initiating flow from node=17 to node=16 maxPacketCount=10485760 tag=[FLOW_DEBUG] Initiating flow from node=732 to node=33 maxPacketCount=10485760[FLOW_DEBUG] Initiating flow from node= flow_id=34348 to node= at time=31594331 tag=
[FLOW_DEBUG] Initiating flow from node=10 to node=11 maxPacketCount=10485760 tag=7 flow_id=358 at time=31594331
[FLOW_DEBUG] Initiating flow from node=4049 to node= maxPacketCount=41 maxPacketCount=10485760 tag=10485760 tag=77 flow_id= flow_id=354 at time=334631594331 at time=
 flow_id=[FLOW_DEBUG] Initiating flow from node=31594331
2 to node=3 maxPacketCount=10485760 tag=7 flow_id=362 at time=31594331
320 at time=31594331
[FLOW_DEBUG] Initiating flow from node=1 to node=0 maxPacketCount=10485760 tag=6 flow_id=373 at time=[FLOW_DEBUG] Initiating flow from node=16 to node=1731594331
 maxPacketCount=10485760 tag=6 flow_id=340 at time=31594331
[FLOW_DEBUG] Initiating flow from node=25 to node=24 maxPacketCount=10485760 tag=7 flow_id=383 at time=31594331
[FLOW_DEBUG] Initiating flow from node=32 to node=33 maxPacketCount=10485760 tag=7 flow_id=322 at time=31594331
[FLOW_DEBUG] Initiating flow from node=9 to node=8 maxPacketCount=10485760 tag=6 flow_id=369 at time=31594331
[FLOW_DEBUG] Initiating flow from node=1 to node=0 maxPacketCount=10485760 tag=[FLOW_DEBUG] Initiating flow from node=24 to node=257 maxPacketCount= flow_id=375 at time=10485760 tag=6 flow_id=31594331380
 at time=31594331
[FLOW_DEBUG] Initiating flow from node=16 to node=17 maxPacketCount=10485760 tag=7 flow_id=342 at time=31594331
[FLOW_DEBUG] Initiating flow from node=24 to node=25 maxPacketCount=10485760 tag=7 flow_id=382 at time=31594331
[FLOW_DEBUG] Initiating flow from node=9 to node=8 maxPacketCount=10485760 tag=7 flow_id=371 at time=31594331
[FLOW_DEBUG] Initiating flow from node=0 to node=1 maxPacketCount=10485760 tag=6 flow_id=372 at time=31594331
[FLOW_DEBUG] Initiating flow from node=0 to node=1 maxPacketCount=10485760 tag=7 flow_id=374 at time=31594331
[FLOW_DEBUG] Initiating flow from node=8 to node=9 maxPacketCount=10485760 tag=6 flow_id=368 at time=31594331
[FLOW_DEBUG] Initiating flow from node=8 to node=9 maxPacketCount=10485760 tag=7 flow_id=370 at time=31594331
***** info: fwd pass comm collective for layer: attention_row is finished************
DEBUG_CHUNK_SIZE: size=1048576, preferred_dataset_splits=1, resulting chunk_size=1048576
DEBUG_COLLECTIVE_TYPE: layer=4, event=UNKNOWN (raw=0), size=1048576, chunk_size=1048576
DEBUG_STREAM_COUNT: chunk size is: 1048576 , size is: 1048576 , layer_num is: 4 , node: 0
[FLOW_DEBUG] Initiating flow from node=30 to node=31 maxPacketCount=262144 tag=8 flow_id=384 at time=31781907
DEBUG_STREAM_CREATE: Creating stream #3 for dataset id: 227 (total_streams=1)
[FLOW_DEBUG] Initiating flow from node=30 to node=31 maxPacketCount=262144 tag=9 flow_id=386 at time=31781907
[FLOW_DEBUG] Initiating flow from node=31 to node=30 maxPacketCount=262144 tag=8 flow_id=385 at time=31781907
DEBUG_STREAM_COUNT: Generated 1 streams for layer 4 (UNKNOWN), total injected: 4
info: all-gather forward pass collective issued for layer: mlp_moelayer, involved dimensions:  1, 0, 0, 0, 0, 0, 0, 0, 0, 0,
[FLOW_DEBUG] Initiating flow from node=31 to node=30 maxPacketCount=262144 tag=9 flow_id=387 at time=31781907
[FLOW_DEBUG] Initiating flow from node=38 to node=39 maxPacketCount=262144 tag=8 flow_id=388 at time=31781907
[FLOW_DEBUG] Initiating flow from node=28 to node=29 maxPacketCount=262144 tag=8 flow_id=392 at time=31781907
[FLOW_DEBUG] Initiating flow from node=38 to node=39 maxPacketCount=262144 tag=9 flow_id=390 at time=31781907
[FLOW_DEBUG] Initiating flow from node=39 to node=38 maxPacketCount=262144 tag=8 flow_id=389 at time=31781907
[FLOW_DEBUG] Initiating flow from node=6 to node=7 maxPacketCount=262144 tag=8 flow_id=396 at time=31781907
[FLOW_DEBUG] Initiating flow from node=39 to node=38 maxPacketCount=262144 tag=9 flow_id=391 at time=31781907
[FLOW_DEBUG] Initiating flow from node=14 to node=15 maxPacketCount=262144 tag=8 flow_id=420 at time=31781907
[FLOW_DEBUG] Initiating flow from node=62 to node=63 maxPacketCount=262144 tag=8 flow_id=424 at time=31781907
[FLOW_DEBUG] Initiating flow from node=6 to node=7 maxPacketCount=262144 tag=9 flow_id=398 at time=31781907
[FLOW_DEBUG] Initiating flow from node=36 to node=37 maxPacketCount=262144 tag=8 flow_id=400 at time=31781907
[FLOW_DEBUG] Initiating flow from node=14 to node=15 maxPacketCount=262144 tag=9 flow_id=422 at time=31781907
[FLOW_DEBUG] Initiating flow from node=62 to node=63 maxPacketCount=262144 tag=9 flow_id=426 at time=31781907
[FLOW_DEBUG] Initiating flow from node=36 to node=37 maxPacketCount=262144 tag=9 flow_id=402 at time=31781907
[FLOW_DEBUG] Initiating flow from node=28 to node=29 maxPacketCount=262144 tag=9 flow_id=394 at time=31781907
[FLOW_DEBUG] Initiating flow from node=63 to node=62 maxPacketCount=262144 tag=8 flow_id=425 at time=31781907
[FLOW_DEBUG] Initiating flow from node=7 to node=6 maxPacketCount=262144 tag=8 flow_id=397 at time=31781907
[FLOW_DEBUG] Initiating flow from node=37 to node=36 maxPacketCount=262144 tag=8 flow_id=401 at time=31781907
[FLOW_DEBUG] Initiating flow from node=15 to node=14 maxPacketCount=262144 tag=8 flow_id=421 at time=31781907
[FLOW_DEBUG] Initiating flow from node=29 to node=28 maxPacketCount=262144 tag=8 flow_id=393 at time=31781907
[FLOW_DEBUG] Initiating flow from node=[FLOW_DEBUG] Initiating flow from node=63 to node=62 maxPacketCount=262144 tag=9 flow_id=427 at time=31781907
46[FLOW_DEBUG] Initiating flow from node=7 to node=6 maxPacketCount=262144 tag=9 flow_id=399 at time=31781907
 to node=[FLOW_DEBUG] Initiating flow from node=54 to node=55 maxPacketCount=262144 tag=8 flow_id=416 at time=31781907
47 maxPacketCount=262144 tag=8 flow_id=412 at time=31781907
[FLOW_DEBUG] Initiating flow from node=37 to node=36 maxPacketCount=262144 tag=9 flow_id=403 at time=31781907
[FLOW_DEBUG] Initiating flow from node=29 to node=28 maxPacketCount=262144 tag=9 flow_id=395 at time=31781907
[FLOW_DEBUG] Initiating flow from node=46 to node=47 maxPacketCount=262144 tag=9 flow_id=414 at time=31781907
[FLOW_DEBUG] Initiating flow from node=60 to node=61 maxPacketCount=262144 tag=8 flow_id=452 at time=31781907
[FLOW_DEBUG] Initiating flow from node=4 to node=5 maxPacketCount=262144 tag=8 flow_id=408 at time=31781907
[FLOW_DEBUG] Initiating flow from node=15 to node=14 maxPacketCount=262144 tag=9 flow_id=423 at time=31781907
[FLOW_DEBUG] Initiating flow from node=26 to node=27 maxPacketCount=262144 tag=8 flow_id=404 at time=31781907
[FLOW_DEBUG] Initiating flow from node=54 to node=55 maxPacketCount=262144 tag=9 flow_id=418 at time=31781907
[FLOW_DEBUG] Initiating flow from node=60 to node=61 maxPacketCount=262144 tag=9 flow_id=454 at time=31781907
[FLOW_DEBUG] Initiating flow from node=12 to node=13 maxPacketCount=262144 tag=8 flow_id=448 at time=31781907
[FLOW_DEBUG] Initiating flow from node=47 to node=46 maxPacketCount=262144 tag=8 flow_id=413 at time=31781907
[FLOW_DEBUG] Initiating flow from node=34 to node=35 maxPacketCount=262144 tag=8 flow_id=428 at time=31781907
[FLOW_DEBUG] Initiating flow from node=26 to node=27 maxPacketCount=262144 tag=9 flow_id=406 at time=31781907
[FLOW_DEBUG] Initiating flow from node=12 to node=13 maxPacketCount=262144 tag=9 flow_id=450 at time=31781907
[FLOW_DEBUG] Initiating flow from node=61 to node=60 maxPacketCount=262144 tag=8 flow_id=453 at time=31781907
[FLOW_DEBUG] Initiating flow from node=22 to node=23 maxPacketCount=262144 tag=8 flow_id=496 at time=31781907
[FLOW_DEBUG] Initiating flow from node=4 to node=5 maxPacketCount=262144 tag=9 flow_id=410 at time=31781907
[FLOW_DEBUG] Initiating flow from node=47 to node=46 maxPacketCount=262144 tag=9 flow_id=415 at time=31781907
[FLOW_DEBUG] Initiating flow from node=55 to node=54 maxPacketCount=262144 tag=8 flow_id=417 at time=31781907
[FLOW_DEBUG] Initiating flow from node=27 to node=26 maxPacketCount=262144 tag=8 flow_id=405 at time=31781907
[FLOW_DEBUG] Initiating flow from node=34 to node=35 maxPacketCount=262144 tag=9 flow_id=430 at time=31781907
[FLOW_DEBUG] Initiating flow from node=13 to node=12 maxPacketCount=262144 tag=8 flow_id=449 at time=31781907
[FLOW_DEBUG] Initiating flow from node=61 to node=60 maxPacketCount=262144 tag=9 flow_id=455 at time=31781907
[FLOW_DEBUG] Initiating flow from node=[FLOW_DEBUG] Initiating flow from node=22 to node=23 maxPacketCount=262144 tag=9 flow_id=498 at time=[FLOW_DEBUG] Initiating flow from node=31781907
5 to node=4 maxPacketCount=262144 tag=8 flow_id=409 at time=31781907
[FLOW_DEBUG] Initiating flow from node=55 to node=54 maxPacketCount=262144 tag=9 flow_id=419 at time=31781907
44 to node=45 maxPacketCount=262144 tag=8 flow_id=444 at time=31781907
[FLOW_DEBUG] Initiating flow from node=58 to node=59 maxPacketCount=262144 tag=8 flow_id=464 at time=31781907
[FLOW_DEBUG] Initiating flow from node=5 to node=4 maxPacketCount=262144 tag=9 flow_id=411 at time=31781907
[FLOW_DEBUG] Initiating flow from node=35 to node=34 maxPacketCount=262144 tag=8 flow_id=429 at time=31781907
[FLOW_DEBUG] Initiating flow from node=13 to node=12 maxPacketCount=262144 tag=9 flow_id=451 at time=31781907
[FLOW_DEBUG] Initiating flow from node=23 to node=22 maxPacketCount=262144 tag=8 flow_id=497 at time=31781907
[FLOW_DEBUG] Initiating flow from node=27 to node=26 maxPacketCount=262144 tag=9 flow_id=407 at time=[FLOW_DEBUG] Initiating flow from node=58 to node=59 maxPacketCount=262144 tag=9 flow_id=466 at time=31781907
31781907
[FLOW_DEBUG] Initiating flow from node=35 to node=34 maxPacketCount=262144 tag=9 flow_id=431 at time=31781907
[FLOW_DEBUG] Initiating flow from node=52 to node=53 maxPacketCount=262144 tag=8 flow_id=440 at time=31781907
[FLOW_DEBUG] Initiating flow from node=44 to node=45 maxPacketCount=262144 tag=9 flow_id=446 at time=31781907
[FLOW_DEBUG] Initiating flow from node=23 to node=22 maxPacketCount=262144 tag=[FLOW_DEBUG] Initiating flow from node=9 flow_id=10499 to node= at time=11 maxPacketCount=31781907262144
 tag=8 flow_id=468 at time=31781907
[FLOW_DEBUG] Initiating flow from node=52 to node=53 maxPacketCount=262144 tag=9 flow_id=442 at time=31781907
[FLOW_DEBUG] Initiating flow from node=2 to node=3 maxPacketCount=262144 tag=8 flow_id=436 at time=31781907
[FLOW_DEBUG] Initiating flow from node=[FLOW_DEBUG] Initiating flow from node=32 to node=33 maxPacketCount=262144 tag=8 flow_id=456 at time=31781907
59 to node=58 maxPacketCount=262144 tag=8 flow_id=465 at time=31781907
[FLOW_DEBUG] Initiating flow from node=[FLOW_DEBUG] Initiating flow from node=24 to node=25 maxPacketCount=262144 tag=8 flow_id=432 at time=31781907
45 to node=44 maxPacketCount=262144 tag=8 flow_id=445 at time=31781907
[FLOW_DEBUG] Initiating flow from node=2 to node=3 maxPacketCount=262144 tag=9 flow_id=438 at time=31781907
[FLOW_DEBUG] Initiating flow from node=20 to node=21 maxPacketCount=262144 tag=8 flow_id=500 at time=31781907[FLOW_DEBUG] Initiating flow from node=
53[FLOW_DEBUG] Initiating flow from node=10 to node=11 maxPacketCount=262144 tag=9 flow_id=470 at time=31781907
 to node=52 maxPacketCount=262144 tag=8 flow_id=441 at time=31781907
[FLOW_DEBUG] Initiating flow from node=59 to node=58 maxPacketCount=262144 tag=9 flow_id=467 at time=31781907
[FLOW_DEBUG] Initiating flow from node=20 to node=21 maxPacketCount=262144 tag=9 flow_id=502 at time=31781907
[FLOW_DEBUG] Initiating flow from node=11 to node=10 maxPacketCount=262144 tag=8 flow_id=469 at time=31781907
[FLOW_DEBUG] Initiating flow from node=[FLOW_DEBUG] Initiating flow from node=3 to node=2 maxPacketCount=262144 tag=8 flow_id=437 at time=31781907
[FLOW_DEBUG] Initiating flow from node=53 to node=52 maxPacketCount=262144 tag=9 flow_id=443 at time=31781907
[FLOW_DEBUG] Initiating flow from node=11 to node=10 maxPacketCount=262144 tag=9 flow_id=471 at time=31781907
24[FLOW_DEBUG] Initiating flow from node= to node=25 maxPacketCount=262144 tag=9 flow_id=434 at time=31781907
[FLOW_DEBUG] Initiating flow from node=32 to node=33 maxPacketCount=262144 tag=9 flow_id=458 at time=31781907
21[FLOW_DEBUG] Initiating flow from node= to node=20 maxPacketCount=26214445 tag= to node=844 maxPacketCount= flow_id=262144 tag=5019 at time= flow_id=447 at time=31781907
[FLOW_DEBUG] Initiating flow from node=56 to node=57 maxPacketCount=262144 tag=8 flow_id=476 at time=31781907
31781907
[FLOW_DEBUG] Initiating flow from node=8 to node=9 maxPacketCount=262144 tag=8 flow_id=484 at time=31781907
[FLOW_DEBUG] Initiating flow from node=25 to node=24 maxPacketCount=262144 tag=8 flow_id=433 at time=31781907
[FLOW_DEBUG] Initiating flow from node=50 to node=51 maxPacketCount=262144 tag=8 flow_id=472 at time=31781907
[FLOW_DEBUG] Initiating flow from node=3 to node=2 maxPacketCount=262144 tag=9 flow_id=439 at time=31781907
[FLOW_DEBUG] Initiating flow from node=42 to node=43 maxPacketCount=262144 tag=8 flow_id=480 at time=31781907
[FLOW_DEBUG] Initiating flow from node=33 to node=32 maxPacketCount=262144 tag=8 flow_id=[FLOW_DEBUG] Initiating flow from node=457 at time=56 to node=3178190757 maxPacketCount=262144 tag=
9 flow_id=478 at time=31781907
[FLOW_DEBUG] Initiating flow from node=21 to node=20 maxPacketCount=262144 tag=9 flow_id=503 at time=31781907
[FLOW_DEBUG] Initiating flow from node=0 to node=1 maxPacketCount=262144 tag=8 flow_id=460 at time=31781907
[FLOW_DEBUG] Initiating flow from node=25 to node=24 maxPacketCount=262144 tag=9 flow_id=435 at time=31781907
[FLOW_DEBUG] Initiating flow from node=8 to node=9 maxPacketCount=262144 tag=9 flow_id=486 at time=31781907
[FLOW_DEBUG] Initiating flow from node=50 to node=51 maxPacketCount=262144 tag=9 flow_id=474 at time=31781907
[FLOW_DEBUG] Initiating flow from node=42 to node=43 maxPacketCount=262144 tag=9 flow_id=482 at time=31781907
[FLOW_DEBUG] Initiating flow from node=9 to node=8 maxPacketCount=262144 tag=8 flow_id=485 at time=31781907
[FLOW_DEBUG] Initiating flow from node=57 to node=56 maxPacketCount=262144 tag=8 flow_id=477 at time=31781907
[FLOW_DEBUG] Initiating flow from node=33 to node=32 maxPacketCount=262144 tag=9 flow_id=459 at time=31781907
[FLOW_DEBUG] Initiating flow from node=18 to node=19 maxPacketCount=262144 tag=8 flow_id=504 at time=31781907
[FLOW_DEBUG] Initiating flow from node=0 to node=1 maxPacketCount=262144 tag=9 flow_id=462 at time=31781907
[FLOW_DEBUG] Initiating flow from node=51 to node=50 maxPacketCount=262144 tag=8 flow_id=473 at time=31781907
[FLOW_DEBUG] Initiating flow from node=43 to node=42 maxPacketCount=262144 tag=8 flow_id=481 at time=31781907
[FLOW_DEBUG] Initiating flow from node=9 to node=8 maxPacketCount=262144 tag=9 flow_id=487 at time=31781907
[FLOW_DEBUG] Initiating flow from node=18 to node=19 maxPacketCount=262144 tag=9 flow_id=506 at time=31781907
[FLOW_DEBUG] Initiating flow from node=1 to node=0 maxPacketCount=262144 tag=8 flow_id=461 at time=31781907
[FLOW_DEBUG] Initiating flow from node=43 to node=42 maxPacketCount=262144 tag=9 flow_id=483 at time=[FLOW_DEBUG] Initiating flow from node=51 to node=50 maxPacketCount=31781907262144 tag=9
 flow_id=475[FLOW_DEBUG] Initiating flow from node=19 to node=18 maxPacketCount=262144 tag=8 flow_id=505 at time=31781907
 at time=31781907
[FLOW_DEBUG] Initiating flow from node=57 to node=56 maxPacketCount=262144 tag=9 flow_id=479 at time=31781907
[FLOW_DEBUG] Initiating flow from node=40 to node=41 maxPacketCount=262144 tag=8 flow_id=488 at time=[FLOW_DEBUG] Initiating flow from node=31781907
19[FLOW_DEBUG] Initiating flow from node= to node=48[FLOW_DEBUG] Initiating flow from node=1 to node= to node=049 maxPacketCount= maxPacketCount=262144 tag=8 flow_id=492 at time=262144 tag=9 flow_id=31781907463
 at time=31781907
18 maxPacketCount=262144 tag=9 flow_id=507 at time=31781907
[FLOW_DEBUG] Initiating flow from node=48 to node=49 maxPacketCount=262144 tag=9 flow_id=494 at time=31781907
[FLOW_DEBUG] Initiating flow from node=16 to node=17 maxPacketCount=262144 tag=8 flow_id=508 at time=31781907
[FLOW_DEBUG] Initiating flow from node=40 to node=41 maxPacketCount=262144 tag=9 flow_id=490 at time=31781907
[FLOW_DEBUG] Initiating flow from node=49 to node=48 maxPacketCount=262144 tag=8 flow_id=493 at time=31781907
[FLOW_DEBUG] Initiating flow from node=16 to node=17 maxPacketCount=262144 tag=9 flow_id=510 at time=31781907
[FLOW_DEBUG] Initiating flow from node=41 to node=40 maxPacketCount=262144 tag=8 flow_id=489 at time=31781907
[FLOW_DEBUG] Initiating flow from node=17 to node=16 maxPacketCount=262144 tag=8 flow_id=509 at time=31781907
[FLOW_DEBUG] Initiating flow from node=41 to node=40 maxPacketCount=262144 tag=9 flow_id=491 at time=31781907
[FLOW_DEBUG] Initiating flow from node=49 to node=48 maxPacketCount=262144 tag=9 flow_id=495 at time=31781907
[FLOW_DEBUG] Initiating flow from node=17 to node=16 maxPacketCount=262144 tag=9 flow_id=511 at time=31781907
***** info: fwd pass comm collective for layer: mlp_moelayer is finished************
[FLOW_DEBUG] Initiating flow from node=39 to node=38 maxPacketCount=10485760 tag=10 flow_id=513 at time=31787729
[FLOW_DEBUG] Initiating flow from node=38 to node=39 maxPacketCount=10485760 tag=10 flow_id=512 at time=31787729
[FLOW_DEBUG] Initiating flow from node=37 to node=36 maxPacketCount=10485760 tag=10 flow_id=515 at time=31787729
[FLOW_DEBUG] Initiating flow from node=36 to node=37 maxPacketCount=10485760 tag=10 flow_id=514 at time=31787729
[FLOW_DEBUG] Initiating flow from node=35 to node=34 maxPacketCount=10485760 tag=10 flow_id=517 at time=31787729
[FLOW_DEBUG] Initiating flow from node=34 to node=35 maxPacketCount=10485760 tag=10 flow_id=516 at time=31787729
[FLOW_DEBUG] Initiating flow from node=33 to node=32 maxPacketCount=10485760 tag=10 flow_id=521 at time=31787729
[FLOW_DEBUG] Initiating flow from node=32 to node=33 maxPacketCount=10485760 tag=10 flow_id=520 at time=31787729
[FLOW_DEBUG] Initiating flow from node=15 to node=14 maxPacketCount=10485760 tag=10 flow_id=519 at time=31787729
[FLOW_DEBUG] Initiating flow from node=14 to node=15 maxPacketCount=10485760 tag=10 flow_id=518 at time=31787729
DEBUG_CHUNK_SIZE: size=20971520, preferred_dataset_splits=1, resulting chunk_size=20971520
DEBUG_COLLECTIVE_TYPE: layer=5, event=UNKNOWN (raw=0), size=20971520, chunk_size=20971520
DEBUG_STREAM_COUNT: chunk size is: 20971520 , size is: 20971520 , layer_num is: 5 , node: 0
DEBUG_STREAM_CREATE: Creating stream #4 for dataset id: 296 (total_streams=1)
DEBUG_STREAM_COUNT: Generated 1 streams for layer 5 (UNKNOWN), total injected: 5
info: all-to-all forward pass collective issued for layer: mlp_moelayer, involved dimensions:  1, 0, 0, 0, 0, 0, 0, 0, 0, 0,
[FLOW_DEBUG] Initiating flow from node=7 to node=6 maxPacketCount=10485760 tag=10 flow_id=527 at time=31787729
[FLOW_DEBUG] Initiating flow from node=13 to node=12 maxPacketCount=10485760 tag=10 flow_id=523 at time=31787729
[FLOW_DEBUG] Initiating flow from node=6 to node=7 maxPacketCount=10485760 tag=10 flow_id=526 at time=31787729
[FLOW_DEBUG] Initiating flow from node=12 to node=13 maxPacketCount=10485760 tag=10 flow_id=522 at time=31787729
[FLOW_DEBUG] Initiating flow from node=5 to node=4 maxPacketCount=10485760 tag=10 flow_id=537 at time=31787729
[FLOW_DEBUG] Initiating flow from node=23 to node=22 maxPacketCount=10485760 tag=10 flow_id=525 at time=31787729
[FLOW_DEBUG] Initiating flow from node=47 to node=46 maxPacketCount=10485760 tag=10 flow_id=531 at time=31787729
[FLOW_DEBUG] Initiating flow from node=[FLOW_DEBUG] Initiating flow from node=4 to node=5 maxPacketCount=10485760 tag=10 flow_id=536 at time=31787729
[FLOW_DEBUG] Initiating flow from node=63 to node=62 maxPacketCount=10485760 tag=10 flow_id=533 at time=11 to node=10 maxPacketCount=10485760 tag=10 flow_id=31787729529
 at time=31787729
[FLOW_DEBUG] Initiating flow from node=46 to node=47 maxPacketCount=10485760 tag=10 flow_id=530 at time=31787729
[FLOW_DEBUG] Initiating flow from node=22 to node=23 maxPacketCount=10485760 tag=10 flow_id=524 at time=31787729
[FLOW_DEBUG] Initiating flow from node=[FLOW_DEBUG] Initiating flow from node=62 to node=3 to node=2 maxPacketCount=10485760 tag=10 flow_id=545 at time=31787729
[FLOW_DEBUG] Initiating flow from node=55 to node=54 maxPacketCount=10485760 tag=10 flow_id=557 at time=31787729
[FLOW_DEBUG] Initiating flow from node=21 to node=20 maxPacketCount=10485760 tag=10 flow_id=535 at time=31787729
63 maxPacketCount=10485760 tag=10 flow_id=532 at time=31787729
[FLOW_DEBUG] Initiating flow from node=[FLOW_DEBUG] Initiating flow from node=1045 to node=44 maxPacketCount=10485760 tag=10 flow_id=543 at time=31787729
 to node=11 maxPacketCount=10485760 tag=10 flow_id=528 at time=31787729
[FLOW_DEBUG] Initiating flow from node=2 to node=3 maxPacketCount=10485760 tag=10 flow_id=544 at time=31787729
[FLOW_DEBUG] Initiating flow from node=20 to node=21 maxPacketCount=10485760 tag=10 flow_id=534 at time=31787729
[FLOW_DEBUG] Initiating flow from node=9 to node=8 maxPacketCount=10485760 tag=10 flow_id=539 at time=31787729
[FLOW_DEBUG] Initiating flow from node=61 to node=60 maxPacketCount=10485760 tag=10 flow_id=541 at time=31787729
[FLOW_DEBUG] Initiating flow from node=44 to node=45 maxPacketCount=10485760 tag=10 flow_id=542 at time=31787729
[FLOW_DEBUG] Initiating flow from node=1 to node=0 maxPacketCount=10485760 tag=10 flow_id=549 at time=31787729
[FLOW_DEBUG] Initiating flow from node=31 to node=30 maxPacketCount=10485760 tag=10 flow_id=567 at time=31787729
[FLOW_DEBUG] Initiating flow from node=19 to node=18 maxPacketCount=10485760 tag=10 flow_id=551 at time=31787729
[FLOW_DEBUG] Initiating flow from node=54 to node=55 maxPacketCount=10485760 tag=10 flow_id=556 at time=31787729
[FLOW_DEBUG] Initiating flow from node=8 to node=9 maxPacketCount=10485760 tag=10 flow_id=538 at time=31787729
[FLOW_DEBUG] Initiating flow from node=60 to node=61 maxPacketCount=10485760 tag=10 flow_id=540 at time=31787729
[FLOW_DEBUG] Initiating flow from node=18 to node=19 maxPacketCount=10485760 tag=10 flow_id=550 at time=31787729
[FLOW_DEBUG] Initiating flow from node=43 to node=42 maxPacketCount=10485760 tag=10 flow_id=547 at time=31787729
[FLOW_DEBUG] Initiating flow from node=59 to node=58 maxPacketCount=10485760 tag=10 flow_id=553 at time=31787729[FLOW_DEBUG] Initiating flow from node=
53 to node=52 maxPacketCount=10485760 tag=10 flow_id=563 at time=31787729
[FLOW_DEBUG] Initiating flow from node=0 to node=1 maxPacketCount=10485760 tag=10 flow_id=548 at time=31787729
[FLOW_DEBUG] Initiating flow from node=30 to node=31 maxPacketCount=10485760 tag=10 flow_id=566 at time=31787729
[FLOW_DEBUG] Initiating flow from node=42 to node=43 maxPacketCount=10485760 tag=10 flow_id=546 at time=31787729
[FLOW_DEBUG] Initiating flow from node=17 to node=16 maxPacketCount=10485760 tag=10 flow_id=559 at time=31787729
[FLOW_DEBUG] Initiating flow from node=58 to node=59 maxPacketCount=10485760 tag=10 flow_id=552 at time=31787729
[FLOW_DEBUG] Initiating flow from node=16 to node=17 maxPacketCount=10485760 tag=10 flow_id=558 at time=31787729
[FLOW_DEBUG] Initiating flow from node=29 to node=28 maxPacketCount=10485760 tag=10 flow_id=571 at time=31787729
[FLOW_DEBUG] Initiating flow from node=41 to node=40 maxPacketCount=10485760 tag=10 flow_id=555 at time=31787729
[FLOW_DEBUG] Initiating flow from node=57 to node=56 maxPacketCount=10485760 tag=10 flow_id=561 at time=31787729
[FLOW_DEBUG] Initiating flow from node=52 to node=53 maxPacketCount=10485760 tag=10 flow_id=562 at time=31787729
[FLOW_DEBUG] Initiating flow from node=40 to node=41 maxPacketCount=10485760 tag=10 flow_id=554 at time=31787729
[FLOW_DEBUG] Initiating flow from node=28 to node=29 maxPacketCount=10485760 tag=10 flow_id=570 at time=31787729
[FLOW_DEBUG] Initiating flow from node=27 to node=26 maxPacketCount=10485760 tag=10 flow_id=573 at time=31787729
[FLOW_DEBUG] Initiating flow from node=56 to node=57 maxPacketCount=10485760 tag=10 flow_id=560 at time=31787729
[FLOW_DEBUG] Initiating flow from node=51 to node=50 maxPacketCount=10485760 tag=10 flow_id=565 at time=31787729
[FLOW_DEBUG] Initiating flow from node=26 to node=27 maxPacketCount=10485760 tag=10 flow_id=572 at time=31787729
[FLOW_DEBUG] Initiating flow from node=25 to node=24 maxPacketCount=10485760 tag=10 flow_id=575 at time=31787729
[FLOW_DEBUG] Initiating flow from node=[FLOW_DEBUG] Initiating flow from node=24 to node=25 maxPacketCount=10485760 tag=5010 flow_id=574 at time= to node=3178772951 maxPacketCount=
10485760 tag=10 flow_id=564 at time=31787729
[FLOW_DEBUG] Initiating flow from node=49 to node=48 maxPacketCount=10485760 tag=10 flow_id=569 at time=31787729
[FLOW_DEBUG] Initiating flow from node=48 to node=49 maxPacketCount=10485760 tag=10 flow_id=568 at time=31787729
***** info: fwd pass comm collective for layer: mlp_moelayer is finished************
DEBUG_CHUNK_SIZE: size=83886080, preferred_dataset_splits=1, resulting chunk_size=83886080
DEBUG_COLLECTIVE_TYPE: layer=6, event=UNKNOWN (raw=0), size=83886080, chunk_size=83886080
DEBUG_STREAM_COUNT: chunk size is: 83886080 , size is: 83886080 , layer_num is: 6 , node: 0
DEBUG_STREAM_CREATE: Creating stream #5 for dataset id: 334 (total_streams=1)
DEBUG_STREAM_COUNT: Generated 1 streams for layer 6 (UNKNOWN), total injected: 6
info: all-to-all forward pass collective issued for layer: mlp_moelayer, involved dimensions:  1, 0, 0, 0, 0, 0, 0, 0, 0, 0,
[FLOW_DEBUG] Initiating flow from node=0 to node=1 maxPacketCount=41943040 tag=12 flow_id=576 at time=31882098
[FLOW_DEBUG] Initiating flow from node=1 to node=0 maxPacketCount=41943040 tag=12 flow_id=577 at time=31882098
***** info: fwd pass comm collective for layer: mlp_moelayer is finished************
DEBUG_CHUNK_SIZE: size=83886080, preferred_dataset_splits=1, resulting chunk_size=83886080
DEBUG_COLLECTIVE_TYPE: layer=7, event=UNKNOWN (raw=0), size=83886080, chunk_size=83886080
DEBUG_STREAM_COUNT: chunk size is: 83886080 , size is: 83886080 , layer_num is: 7 , node: 0
DEBUG_STREAM_CREATE: Creating stream #6 for dataset id: 385 (total_streams=1)
DEBUG_STREAM_COUNT: Generated 1 streams for layer 7 (UNKNOWN), total injected: 7
info: all-gather forward pass collective issued for layer: mlp_moelayer, involved dimensions:  1, 0, 0, 0, 0, 0, 0, 0, 0, 0,
[FLOW_DEBUG] Initiating flow from node=1 to node=0 maxPacketCount=20971520 tag=14 flow_id=579 at time=32256087
[FLOW_DEBUG] Initiating flow from node=1 to node=0 maxPacketCount=20971520 tag=15 flow_id=581 at time=32256087
[FLOW_DEBUG] Initiating flow from node=0 to node=1 maxPacketCount=20971520 tag=14 flow_id=578 at time=32256087
[FLOW_DEBUG] Initiating flow from node=0 to node=1 maxPacketCount=20971520 tag=15 flow_id=580 at time=32256087
***** info: fwd pass comm collective for layer: mlp_moelayer is finished************
DEBUG_CHUNK_SIZE: size=83886080, preferred_dataset_splits=1, resulting chunk_size=83886080
DEBUG_COLLECTIVE_TYPE: layer=8, event=UNKNOWN (raw=0), size=83886080, chunk_size=83886080
DEBUG_STREAM_COUNT: chunk size is: 83886080 , size is: 83886080 , layer_num is: 8 , node: 0
DEBUG_STREAM_CREATE: Creating stream #7 for dataset id: 386 (total_streams=1)
DEBUG_STREAM_COUNT: Generated 1 streams for layer 8 (UNKNOWN), total injected: 8
info: reduce-scatter forward pass collective issued for layer: mlp_moelayer, involved dimensions:  1, 0, 0, 0, 0, 0, 0, 0, 0, 0,
[FLOW_DEBUG] Initiating flow from node=0 to node=1 maxPacketCount=20971520 tag=16 flow_id=582 at time=32630075
[FLOW_DEBUG] Initiating flow from node=0 to node=1 maxPacketCount=20971520 tag=17 flow_id=584 at time=32630075
[FLOW_DEBUG] Initiating flow from node=1 to node=0 maxPacketCount=20971520 tag=16 flow_id=583 at time=32630075
[FLOW_DEBUG] Initiating flow from node=1 to node=0 maxPacketCount=20971520 tag=17 flow_id=585 at time=32630075
***** info: fwd pass comm collective for layer: mlp_moelayer is finished************
DEBUG_CHUNK_SIZE: size=83886080, preferred_dataset_splits=1, resulting chunk_size=83886080
DEBUG_COLLECTIVE_TYPE: layer=9, event=UNKNOWN (raw=0), size=83886080, chunk_size=83886080
DEBUG_STREAM_COUNT: chunk size is: 83886080 , size is: 83886080 , layer_num is: 9 , node: 0
DEBUG_STREAM_CREATE: Creating stream #8 for dataset id: 389 (total_streams=1)
DEBUG_STREAM_COUNT: Generated 1 streams for layer 9 (UNKNOWN), total injected: 9
info: all-to-all forward pass collective issued for layer: mlp_moelayer, involved dimensions:  1, 0, 0, 0, 0, 0, 0, 0, 0, 0,
[FLOW_DEBUG] Initiating flow from node=1 to node=0 maxPacketCount=41943040 tag=18 flow_id=587 at time=33004063
[FLOW_DEBUG] Initiating flow from node=0 to node=1 maxPacketCount=41943040 tag=18 flow_id=586 at time=33004063
***** info: fwd pass comm collective for layer: mlp_moelayer is finished************
DEBUG_CHUNK_SIZE: size=20971520, preferred_dataset_splits=1, resulting chunk_size=20971520
DEBUG_COLLECTIVE_TYPE: layer=10, event=UNKNOWN (raw=0), size=20971520, chunk_size=20971520
DEBUG_STREAM_COUNT: chunk size is: 20971520 , size is: 20971520 , layer_num is: 10 , node: 0
DEBUG_STREAM_CREATE: Creating stream #9 for dataset id: 390 (total_streams=1)
DEBUG_STREAM_COUNT: Generated 1 streams for layer 10 (UNKNOWN), total injected: 10
info: all-to-all forward pass collective issued for layer: mlp_moelayer, involved dimensions:  1, 0, 0, 0, 0, 0, 0, 0, 0, 0,
[FLOW_DEBUG] Initiating flow from node=0 to node=1 maxPacketCount=10485760 tag=20 flow_id=588 at time=33378052
[FLOW_DEBUG] Initiating flow from node=1 to node=0 maxPacketCount=10485760 tag=20 flow_id=589 at time=33378052
***** info: fwd pass comm collective for layer: mlp_moelayer is finished************
DEBUG_CHUNK_SIZE: size=41943040, preferred_dataset_splits=1, resulting chunk_size=41943040
DEBUG_COLLECTIVE_TYPE: layer=11, event=UNKNOWN (raw=0), size=41943040, chunk_size=41943040
DEBUG_STREAM_COUNT: chunk size is: 41943040 , size is: 41943040 , layer_num is: 11 , node: 0
DEBUG_STREAM_CREATE: Creating stream #10 for dataset id: 393 (total_streams=1)
DEBUG_STREAM_COUNT: Generated 1 streams for layer 11 (UNKNOWN), total injected: 11
info: all-gather forward pass collective issued for layer: attention_column, involved dimensions:  1, 0, 0, 0, 0, 0, 0, 0, 0, 0,
[FLOW_DEBUG] Initiating flow from node=1 to node=0 maxPacketCount=10485760 tag=22 flow_id=591 at time=33472421
[FLOW_DEBUG] Initiating flow from node=1 to node=0 maxPacketCount=10485760 tag=23 flow_id=593 at time=33472421
[FLOW_DEBUG] Initiating flow from node=0 to node=1 maxPacketCount=10485760 tag=22 flow_id=590 at time=33472421
[FLOW_DEBUG] Initiating flow from node=0 to node=1 maxPacketCount=10485760 tag=23 flow_id=592 at time=33472421
***** info: fwd pass comm collective for layer: attention_column is finished************
DEBUG_CHUNK_SIZE: size=41943040, preferred_dataset_splits=1, resulting chunk_size=41943040
DEBUG_COLLECTIVE_TYPE: layer=12, event=UNKNOWN (raw=0), size=41943040, chunk_size=41943040
DEBUG_STREAM_COUNT: chunk size is: 41943040 , size is: 41943040 , layer_num is: 12 , node: 0
DEBUG_STREAM_CREATE: Creating stream #11 for dataset id: 394 (total_streams=1)
DEBUG_STREAM_COUNT: Generated 1 streams for layer 12 (UNKNOWN), total injected: 12
info: reduce-scatter forward pass collective issued for layer: attention_row, involved dimensions:  1, 0, 0, 0, 0, 0, 0, 0, 0, 0,
[FLOW_DEBUG] Initiating flow from node=0 to node=1 maxPacketCount=10485760 tag=24 flow_id=594 at time=33659997
[FLOW_DEBUG] Initiating flow from node=0 to node=1 maxPacketCount=10485760 tag=25 flow_id=596 at time=33659997
[FLOW_DEBUG] Initiating flow from node=1 to node=0 maxPacketCount=10485760 tag=24 flow_id=595 at time=33659997
[FLOW_DEBUG] Initiating flow from node=1 to node=0 maxPacketCount=10485760 tag=25 flow_id=597 at time=33659997
***** info: fwd pass comm collective for layer: attention_row is finished************
DEBUG_CHUNK_SIZE: size=1048576, preferred_dataset_splits=1, resulting chunk_size=1048576
DEBUG_COLLECTIVE_TYPE: layer=13, event=UNKNOWN (raw=0), size=1048576, chunk_size=1048576
DEBUG_STREAM_COUNT: chunk size is: 1048576 , size is: 1048576 , layer_num is: 13 , node: 0
DEBUG_STREAM_CREATE: Creating stream #12 for dataset id: 397 (total_streams=1)
DEBUG_STREAM_COUNT: Generated 1 streams for layer 13 (UNKNOWN), total injected: 13
info: all-gather forward pass collective issued for layer: mlp_moelayer, involved dimensions:  1, 0, 0, 0, 0, 0, 0, 0, 0, 0,
[FLOW_DEBUG] Initiating flow from node=1 to node=0 maxPacketCount=262144 tag=26 flow_id=599 at time=33847573
[FLOW_DEBUG] Initiating flow from node=1 to node=0 maxPacketCount=262144 tag=27 flow_id=601 at time=33847573
[FLOW_DEBUG] Initiating flow from node=0 to node=1 maxPacketCount=262144 tag=26 flow_id=598 at time=33847573
[FLOW_DEBUG] Initiating flow from node=0 to node=1 maxPacketCount=262144 tag=27 flow_id=600 at time=33847573
***** info: fwd pass comm collective for layer: mlp_moelayer is finished************
DEBUG_CHUNK_SIZE: size=20971520, preferred_dataset_splits=1, resulting chunk_size=20971520
DEBUG_COLLECTIVE_TYPE: layer=14, event=UNKNOWN (raw=0), size=20971520, chunk_size=20971520
DEBUG_STREAM_COUNT: chunk size is: 20971520 , size is: 20971520 , layer_num is: 14 , node: 0
DEBUG_STREAM_CREATE: Creating stream #13 for dataset id: 398 (total_streams=1)
DEBUG_STREAM_COUNT: Generated 1 streams for layer 14 (UNKNOWN), total injected: 14
info: all-to-all forward pass collective issued for layer: mlp_moelayer, involved dimensions:  1, 0, 0, 0, 0, 0, 0, 0, 0, 0,
[FLOW_DEBUG] Initiating flow from node=0 to node=1 maxPacketCount=10485760 tag=28 flow_id=602 at time=33853395
[FLOW_DEBUG] Initiating flow from node=1 to node=0 maxPacketCount=10485760 tag=28 flow_id=603 at time=33853395
***** info: fwd pass comm collective for layer: mlp_moelayer is finished************
DEBUG_CHUNK_SIZE: size=83886080, preferred_dataset_splits=1, resulting chunk_size=83886080
DEBUG_COLLECTIVE_TYPE: layer=15, event=UNKNOWN (raw=0), size=83886080, chunk_size=83886080
DEBUG_STREAM_COUNT: chunk size is: 83886080 , size is: 83886080 , layer_num is: 15 , node: 0
DEBUG_STREAM_CREATE: Creating stream #14 for dataset id: 401 (total_streams=1)
DEBUG_STREAM_COUNT: Generated 1 streams for layer 15 (UNKNOWN), total injected: 15
info: all-to-all forward pass collective issued for layer: mlp_moelayer, involved dimensions:  1, 0, 0, 0, 0, 0, 0, 0, 0, 0,
[FLOW_DEBUG] Initiating flow from node=1 to node=0 maxPacketCount=41943040 tag=30 flow_id=605 at time=33947764
[FLOW_DEBUG] Initiating flow from node=0 to node=1 maxPacketCount=41943040 tag=30 flow_id=604 at time=33947764
***** info: fwd pass comm collective for layer: mlp_moelayer is finished************
DEBUG_CHUNK_SIZE: size=83886080, preferred_dataset_splits=1, resulting chunk_size=83886080
DEBUG_COLLECTIVE_TYPE: layer=16, event=UNKNOWN (raw=0), size=83886080, chunk_size=83886080
DEBUG_STREAM_COUNT: chunk size is: 83886080 , size is: 83886080 , layer_num is: 16 , node: 0
DEBUG_STREAM_CREATE: Creating stream #15 for dataset id: 402 (total_streams=1)
DEBUG_STREAM_COUNT: Generated 1 streams for layer 16 (UNKNOWN), total injected: 16
info: all-gather forward pass collective issued for layer: mlp_moelayer, involved dimensions:  1, 0, 0, 0, 0, 0, 0, 0, 0, 0,
[FLOW_DEBUG] Initiating flow from node=0 to node=1 maxPacketCount=20971520 tag=32 flow_id=606 at time=34321753
[FLOW_DEBUG] Initiating flow from node=0 to node=1 maxPacketCount=20971520 tag=33 flow_id=608 at time=34321753
[FLOW_DEBUG] Initiating flow from node=1 to node=0 maxPacketCount=20971520 tag=32 flow_id=607 at time=34321753
[FLOW_DEBUG] Initiating flow from node=1 to node=0 maxPacketCount=20971520 tag=33 flow_id=609 at time=34321753
***** info: fwd pass comm collective for layer: mlp_moelayer is finished************
DEBUG_CHUNK_SIZE: size=83886080, preferred_dataset_splits=1, resulting chunk_size=83886080
DEBUG_COLLECTIVE_TYPE: layer=17, event=UNKNOWN (raw=0), size=83886080, chunk_size=83886080
DEBUG_STREAM_COUNT: chunk size is: 83886080 , size is: 83886080 , layer_num is: 17 , node: 0
DEBUG_STREAM_CREATE: Creating stream #16 for dataset id: 405 (total_streams=1)
DEBUG_STREAM_COUNT: Generated 1 streams for layer 17 (UNKNOWN), total injected: 17
info: reduce-scatter forward pass collective issued for layer: mlp_moelayer, involved dimensions:  1, 0, 0, 0, 0, 0, 0, 0, 0, 0,
[FLOW_DEBUG] Initiating flow from node=1 to node=0 maxPacketCount=20971520 tag=34 flow_id=611 at time=34695741
[FLOW_DEBUG] Initiating flow from node=1 to node=0 maxPacketCount=20971520 tag=35 flow_id=613 at time=34695741
[FLOW_DEBUG] Initiating flow from node=0 to node=1 maxPacketCount=20971520 tag=34 flow_id=610 at time=34695741
[FLOW_DEBUG] Initiating flow from node=0 to node=1 maxPacketCount=20971520 tag=35 flow_id=612 at time=34695741
***** info: fwd pass comm collective for layer: mlp_moelayer is finished************
DEBUG_CHUNK_SIZE: size=83886080, preferred_dataset_splits=1, resulting chunk_size=83886080
DEBUG_COLLECTIVE_TYPE: layer=18, event=UNKNOWN (raw=0), size=83886080, chunk_size=83886080
DEBUG_STREAM_COUNT: chunk size is: 83886080 , size is: 83886080 , layer_num is: 18 , node: 0
DEBUG_STREAM_CREATE: Creating stream #17 for dataset id: 406 (total_streams=1)
DEBUG_STREAM_COUNT: Generated 1 streams for layer 18 (UNKNOWN), total injected: 18
info: all-to-all forward pass collective issued for layer: mlp_moelayer, involved dimensions:  1, 0, 0, 0, 0, 0, 0, 0, 0, 0,
[FLOW_DEBUG] Initiating flow from node=0 to node=1 maxPacketCount=41943040 tag=36 flow_id=614 at time=35069729
[FLOW_DEBUG] Initiating flow from node=1 to node=0 maxPacketCount=41943040 tag=36 flow_id=615 at time=35069729
***** info: fwd pass comm collective for layer: mlp_moelayer is finished************
DEBUG_CHUNK_SIZE: size=20971520, preferred_dataset_splits=1, resulting chunk_size=20971520
DEBUG_COLLECTIVE_TYPE: layer=19, event=UNKNOWN (raw=0), size=20971520, chunk_size=20971520
DEBUG_STREAM_COUNT: chunk size is: 20971520 , size is: 20971520 , layer_num is: 19 , node: 0
DEBUG_STREAM_CREATE: Creating stream #18 for dataset id: 409 (total_streams=1)
DEBUG_STREAM_COUNT: Generated 1 streams for layer 19 (UNKNOWN), total injected: 19
info: all-to-all forward pass collective issued for layer: mlp_moelayer, involved dimensions:  1, 0, 0, 0, 0, 0, 0, 0, 0, 0,
[FLOW_DEBUG] Initiating flow from node=1 to node=0 maxPacketCount=10485760 tag=38 flow_id=617 at time=35443718
[FLOW_DEBUG] Initiating flow from node=0 to node=1 maxPacketCount=10485760 tag=38 flow_id=616 at time=35443718
***** info: fwd pass comm collective for layer: mlp_moelayer is finished************
DEBUG_CHUNK_SIZE: size=41943040, preferred_dataset_splits=1, resulting chunk_size=41943040
DEBUG_COLLECTIVE_TYPE: layer=20, event=UNKNOWN (raw=0), size=41943040, chunk_size=41943040
DEBUG_STREAM_COUNT: chunk size is: 41943040 , size is: 41943040 , layer_num is: 20 , node: 0
DEBUG_STREAM_CREATE: Creating stream #19 for dataset id: 410 (total_streams=1)
DEBUG_STREAM_COUNT: Generated 1 streams for layer 20 (UNKNOWN), total injected: 20
info: all-gather forward pass collective issued for layer: attention_column, involved dimensions:  1, 0, 0, 0, 0, 0, 0, 0, 0, 0,
[FLOW_DEBUG] Initiating flow from node=0 to node=1 maxPacketCount=10485760 tag=40 flow_id=618 at time=35538087
[FLOW_DEBUG] Initiating flow from node=0 to node=1 maxPacketCount=10485760 tag=41 flow_id=620 at time=35538087
[FLOW_DEBUG] Initiating flow from node=1 to node=0 maxPacketCount=10485760 tag=40 flow_id=619 at time=35538087
[FLOW_DEBUG] Initiating flow from node=1 to node=0 maxPacketCount=10485760 tag=41 flow_id=621 at time=35538087
***** info: fwd pass comm collective for layer: attention_column is finished************
DEBUG_CHUNK_SIZE: size=41943040, preferred_dataset_splits=1, resulting chunk_size=41943040
DEBUG_COLLECTIVE_TYPE: layer=21, event=UNKNOWN (raw=0), size=41943040, chunk_size=41943040
DEBUG_STREAM_COUNT: chunk size is: 41943040 , size is: 41943040 , layer_num is: 21 , node: 0
DEBUG_STREAM_CREATE: Creating stream #20 for dataset id: 413 (total_streams=1)
DEBUG_STREAM_COUNT: Generated 1 streams for layer 21 (UNKNOWN), total injected: 21
info: reduce-scatter forward pass collective issued for layer: attention_row, involved dimensions:  1, 0, 0, 0, 0, 0, 0, 0, 0, 0,
[FLOW_DEBUG] Initiating flow from node=1 to node=0 maxPacketCount=10485760 tag=42 flow_id=623 at time=35725663
[FLOW_DEBUG] Initiating flow from node=1 to node=0 maxPacketCount=10485760 tag=43 flow_id=625 at time=35725663
[FLOW_DEBUG] Initiating flow from node=0 to node=1 maxPacketCount=10485760 tag=42 flow_id=622 at time=35725663
[FLOW_DEBUG] Initiating flow from node=0 to node=1 maxPacketCount=10485760 tag=43 flow_id=624 at time=35725663
***** info: fwd pass comm collective for layer: attention_row is finished************
DEBUG_CHUNK_SIZE: size=1048576, preferred_dataset_splits=1, resulting chunk_size=1048576
DEBUG_COLLECTIVE_TYPE: layer=22, event=UNKNOWN (raw=0), size=1048576, chunk_size=1048576
DEBUG_STREAM_COUNT: chunk size is: 1048576 , size is: 1048576 , layer_num is: 22 , node: 0
DEBUG_STREAM_CREATE: Creating stream #21 for dataset id: 414 (total_streams=1)
DEBUG_STREAM_COUNT: Generated 1 streams for layer 22 (UNKNOWN), total injected: 22
info: all-gather forward pass collective issued for layer: mlp_moelayer, involved dimensions:  1, 0, 0, 0, 0, 0, 0, 0, 0, 0,
[FLOW_DEBUG] Initiating flow from node=0 to node=1 maxPacketCount=262144 tag=44 flow_id=626 at time=35913239
[FLOW_DEBUG] Initiating flow from node=0 to node=1 maxPacketCount=262144 tag=45 flow_id=628 at time=35913239
[FLOW_DEBUG] Initiating flow from node=1 to node=0 maxPacketCount=262144 tag=44 flow_id=627 at time=35913239
[FLOW_DEBUG] Initiating flow from node=1 to node=0 maxPacketCount=262144 tag=45 flow_id=629 at time=35913239
***** info: fwd pass comm collective for layer: mlp_moelayer is finished************
DEBUG_CHUNK_SIZE: size=20971520, preferred_dataset_splits=1, resulting chunk_size=20971520
DEBUG_COLLECTIVE_TYPE: layer=23, event=UNKNOWN (raw=0), size=20971520, chunk_size=20971520
DEBUG_STREAM_COUNT: chunk size is: 20971520 , size is: 20971520 , layer_num is: 23 , node: 0
DEBUG_STREAM_CREATE: Creating stream #22 for dataset id: 417 (total_streams=1)
DEBUG_STREAM_COUNT: Generated 1 streams for layer 23 (UNKNOWN), total injected: 23
info: all-to-all forward pass collective issued for layer: mlp_moelayer, involved dimensions:  1, 0, 0, 0, 0, 0, 0, 0, 0, 0,
[FLOW_DEBUG] Initiating flow from node=1 to node=0 maxPacketCount=10485760 tag=46 flow_id=631 at time=35919061
[FLOW_DEBUG] Initiating flow from node=0 to node=1 maxPacketCount=10485760 tag=46 flow_id=630 at time=35919061
***** info: fwd pass comm collective for layer: mlp_moelayer is finished************
DEBUG_CHUNK_SIZE: size=83886080, preferred_dataset_splits=1, resulting chunk_size=83886080
DEBUG_COLLECTIVE_TYPE: layer=24, event=UNKNOWN (raw=0), size=83886080, chunk_size=83886080
DEBUG_STREAM_COUNT: chunk size is: 83886080 , size is: 83886080 , layer_num is: 24 , node: 0
DEBUG_STREAM_CREATE: Creating stream #23 for dataset id: 418 (total_streams=1)
DEBUG_STREAM_COUNT: Generated 1 streams for layer 24 (UNKNOWN), total injected: 24
info: all-to-all forward pass collective issued for layer: mlp_moelayer, involved dimensions:  1, 0, 0, 0, 0, 0, 0, 0, 0, 0,
[FLOW_DEBUG] Initiating flow from node=0 to node=1 maxPacketCount=41943040 tag=48 flow_id=632 at time=36013430
[FLOW_DEBUG] Initiating flow from node=1 to node=0 maxPacketCount=41943040 tag=48 flow_id=633 at time=36013430
***** info: fwd pass comm collective for layer: mlp_moelayer is finished************
DEBUG_CHUNK_SIZE: size=83886080, preferred_dataset_splits=1, resulting chunk_size=83886080
DEBUG_COLLECTIVE_TYPE: layer=25, event=UNKNOWN (raw=0), size=83886080, chunk_size=83886080
DEBUG_STREAM_COUNT: chunk size is: 83886080 , size is: 83886080 , layer_num is: 25 , node: 0
DEBUG_STREAM_CREATE: Creating stream #24 for dataset id: 421 (total_streams=1)
DEBUG_STREAM_COUNT: Generated 1 streams for layer 25 (UNKNOWN), total injected: 25
info: all-gather forward pass collective issued for layer: mlp_moelayer, involved dimensions:  1, 0, 0, 0, 0, 0, 0, 0, 0, 0,
[FLOW_DEBUG] Initiating flow from node=1 to node=0 maxPacketCount=20971520 tag=50 flow_id=635 at time=36387419
[FLOW_DEBUG] Initiating flow from node=1 to node=0 maxPacketCount=20971520 tag=51 flow_id=637 at time=36387419
[FLOW_DEBUG] Initiating flow from node=0 to node=1 maxPacketCount=20971520 tag=50 flow_id=634 at time=36387419
[FLOW_DEBUG] Initiating flow from node=0 to node=1 maxPacketCount=20971520 tag=51 flow_id=636 at time=36387419
***** info: fwd pass comm collective for layer: mlp_moelayer is finished************
DEBUG_CHUNK_SIZE: size=83886080, preferred_dataset_splits=1, resulting chunk_size=83886080
DEBUG_COLLECTIVE_TYPE: layer=26, event=UNKNOWN (raw=0), size=83886080, chunk_size=83886080
DEBUG_STREAM_COUNT: chunk size is: 83886080 , size is: 83886080 , layer_num is: 26 , node: 0
DEBUG_STREAM_CREATE: Creating stream #25 for dataset id: 422 (total_streams=1)
DEBUG_STREAM_COUNT: Generated 1 streams for layer 26 (UNKNOWN), total injected: 26
info: reduce-scatter forward pass collective issued for layer: mlp_moelayer, involved dimensions:  1, 0, 0, 0, 0, 0, 0, 0, 0, 0,
[FLOW_DEBUG] Initiating flow from node=0 to node=1 maxPacketCount=20971520 tag=52 flow_id=638 at time=36761407
[FLOW_DEBUG] Initiating flow from node=0 to node=1 maxPacketCount=20971520 tag=53 flow_id=640 at time=36761407
[FLOW_DEBUG] Initiating flow from node=1 to node=0 maxPacketCount=20971520 tag=52 flow_id=639 at time=36761407
[FLOW_DEBUG] Initiating flow from node=1 to node=0 maxPacketCount=20971520 tag=53 flow_id=641 at time=36761407
***** info: fwd pass comm collective for layer: mlp_moelayer is finished************
DEBUG_CHUNK_SIZE: size=83886080, preferred_dataset_splits=1, resulting chunk_size=83886080
DEBUG_COLLECTIVE_TYPE: layer=27, event=UNKNOWN (raw=0), size=83886080, chunk_size=83886080
DEBUG_STREAM_COUNT: chunk size is: 83886080 , size is: 83886080 , layer_num is: 27 , node: 0
DEBUG_STREAM_CREATE: Creating stream #26 for dataset id: 425 (total_streams=1)
DEBUG_STREAM_COUNT: Generated 1 streams for layer 27 (UNKNOWN), total injected: 27
info: all-to-all forward pass collective issued for layer: mlp_moelayer, involved dimensions:  1, 0, 0, 0, 0, 0, 0, 0, 0, 0,
[FLOW_DEBUG] Initiating flow from node=1 to node=0 maxPacketCount=41943040 tag=54 flow_id=643 at time=37135395
[FLOW_DEBUG] Initiating flow from node=0 to node=1 maxPacketCount=41943040 tag=54 flow_id=642 at time=37135395
***** info: fwd pass comm collective for layer: mlp_moelayer is finished************
DEBUG_CHUNK_SIZE: size=20971520, preferred_dataset_splits=1, resulting chunk_size=20971520
DEBUG_COLLECTIVE_TYPE: layer=28, event=UNKNOWN (raw=0), size=20971520, chunk_size=20971520
DEBUG_STREAM_COUNT: chunk size is: 20971520 , size is: 20971520 , layer_num is: 28 , node: 0
DEBUG_STREAM_CREATE: Creating stream #27 for dataset id: 426 (total_streams=1)
DEBUG_STREAM_COUNT: Generated 1 streams for layer 28 (UNKNOWN), total injected: 28
info: all-to-all forward pass collective issued for layer: mlp_moelayer, involved dimensions:  1, 0, 0, 0, 0, 0, 0, 0, 0, 0,
[FLOW_DEBUG] Initiating flow from node=0 to node=1 maxPacketCount=10485760 tag=56 flow_id=644 at time=37509384
[FLOW_DEBUG] Initiating flow from node=1 to node=0 maxPacketCount=10485760 tag=56 flow_id=645 at time=37509384
***** info: fwd pass comm collective for layer: mlp_moelayer is finished************
DEBUG_CHUNK_SIZE: size=41943040, preferred_dataset_splits=1, resulting chunk_size=41943040
DEBUG_COLLECTIVE_TYPE: layer=29, event=UNKNOWN (raw=0), size=41943040, chunk_size=41943040
DEBUG_STREAM_COUNT: chunk size is: 41943040 , size is: 41943040 , layer_num is: 29 , node: 0
DEBUG_STREAM_CREATE: Creating stream #28 for dataset id: 429 (total_streams=1)
DEBUG_STREAM_COUNT: Generated 1 streams for layer 29 (UNKNOWN), total injected: 29
info: all-gather forward pass collective issued for layer: attention_column, involved dimensions:  1, 0, 0, 0, 0, 0, 0, 0, 0, 0,
[FLOW_DEBUG] Initiating flow from node=1 to node=0 maxPacketCount=10485760 tag=58 flow_id=647 at time=37603753
[FLOW_DEBUG] Initiating flow from node=1 to node=0 maxPacketCount=10485760 tag=59 flow_id=649 at time=37603753
[FLOW_DEBUG] Initiating flow from node=0 to node=1 maxPacketCount=10485760 tag=58 flow_id=646 at time=37603753
[FLOW_DEBUG] Initiating flow from node=0 to node=1 maxPacketCount=10485760 tag=59 flow_id=648 at time=37603753
***** info: fwd pass comm collective for layer: attention_column is finished************
DEBUG_CHUNK_SIZE: size=41943040, preferred_dataset_splits=1, resulting chunk_size=41943040
DEBUG_COLLECTIVE_TYPE: layer=30, event=UNKNOWN (raw=0), size=41943040, chunk_size=41943040
DEBUG_STREAM_COUNT: chunk size is: 41943040 , size is: 41943040 , layer_num is: 30 , node: 0
DEBUG_STREAM_CREATE: Creating stream #29 for dataset id: 430 (total_streams=1)
DEBUG_STREAM_COUNT: Generated 1 streams for layer 30 (UNKNOWN), total injected: 30
info: reduce-scatter forward pass collective issued for layer: attention_row, involved dimensions:  1, 0, 0, 0, 0, 0, 0, 0, 0, 0,
[FLOW_DEBUG] Initiating flow from node=0 to node=1 maxPacketCount=10485760 tag=60 flow_id=650 at time=37791329
[FLOW_DEBUG] Initiating flow from node=0 to node=1 maxPacketCount=10485760 tag=61 flow_id=652 at time=37791329
[FLOW_DEBUG] Initiating flow from node=1 to node=0 maxPacketCount=10485760 tag=60 flow_id=651 at time=37791329
[FLOW_DEBUG] Initiating flow from node=1 to node=0 maxPacketCount=10485760 tag=61 flow_id=653 at time=37791329
***** info: fwd pass comm collective for layer: attention_row is finished************
DEBUG_CHUNK_SIZE: size=1048576, preferred_dataset_splits=1, resulting chunk_size=1048576
DEBUG_COLLECTIVE_TYPE: layer=31, event=UNKNOWN (raw=0), size=1048576, chunk_size=1048576
DEBUG_STREAM_COUNT: chunk size is: 1048576 , size is: 1048576 , layer_num is: 31 , node: 0
DEBUG_STREAM_CREATE: Creating stream #30 for dataset id: 433 (total_streams=1)
DEBUG_STREAM_COUNT: Generated 1 streams for layer 31 (UNKNOWN), total injected: 31
info: all-gather forward pass collective issued for layer: mlp_moelayer, involved dimensions:  1, 0, 0, 0, 0, 0, 0, 0, 0, 0,
[FLOW_DEBUG] Initiating flow from node=1 to node=0 maxPacketCount=262144 tag=62 flow_id=655 at time=37978905
[FLOW_DEBUG] Initiating flow from node=1 to node=0 maxPacketCount=262144 tag=63 flow_id=657 at time=37978905
[FLOW_DEBUG] Initiating flow from node=0 to node=1 maxPacketCount=262144 tag=62 flow_id=654 at time=37978905
[FLOW_DEBUG] Initiating flow from node=0 to node=1 maxPacketCount=262144 tag=63 flow_id=656 at time=37978905
***** info: fwd pass comm collective for layer: mlp_moelayer is finished************
DEBUG_CHUNK_SIZE: size=20971520, preferred_dataset_splits=1, resulting chunk_size=20971520
DEBUG_COLLECTIVE_TYPE: layer=32, event=UNKNOWN (raw=0), size=20971520, chunk_size=20971520
DEBUG_STREAM_COUNT: chunk size is: 20971520 , size is: 20971520 , layer_num is: 32 , node: 0
DEBUG_STREAM_CREATE: Creating stream #31 for dataset id: 434 (total_streams=1)
DEBUG_STREAM_COUNT: Generated 1 streams for layer 32 (UNKNOWN), total injected: 32
info: all-to-all forward pass collective issued for layer: mlp_moelayer, involved dimensions:  1, 0, 0, 0, 0, 0, 0, 0, 0, 0,
[FLOW_DEBUG] Initiating flow from node=0 to node=1 maxPacketCount=10485760 tag=64 flow_id=658 at time=37984727
[FLOW_DEBUG] Initiating flow from node=1 to node=0 maxPacketCount=10485760 tag=64 flow_id=659 at time=37984727
***** info: fwd pass comm collective for layer: mlp_moelayer is finished************
DEBUG_CHUNK_SIZE: size=83886080, preferred_dataset_splits=1, resulting chunk_size=83886080
DEBUG_COLLECTIVE_TYPE: layer=33, event=UNKNOWN (raw=0), size=83886080, chunk_size=83886080
DEBUG_STREAM_COUNT: chunk size is: 83886080 , size is: 83886080 , layer_num is: 33 , node: 0
DEBUG_STREAM_CREATE: Creating stream #32 for dataset id: 437 (total_streams=1)
DEBUG_STREAM_COUNT: Generated 1 streams for layer 33 (UNKNOWN), total injected: 33
info: all-to-all forward pass collective issued for layer: mlp_moelayer, involved dimensions:  1, 0, 0, 0, 0, 0, 0, 0, 0, 0,
[FLOW_DEBUG] Initiating flow from node=1 to node=0 maxPacketCount=41943040 tag=66 flow_id=661 at time=38079096
[FLOW_DEBUG] Initiating flow from node=0 to node=1 maxPacketCount=41943040 tag=66 flow_id=660 at time=38079096
***** info: fwd pass comm collective for layer: mlp_moelayer is finished************
DEBUG_CHUNK_SIZE: size=83886080, preferred_dataset_splits=1, resulting chunk_size=83886080
DEBUG_COLLECTIVE_TYPE: layer=34, event=UNKNOWN (raw=0), size=83886080, chunk_size=83886080
DEBUG_STREAM_COUNT: chunk size is: 83886080 , size is: 83886080 , layer_num is: 34 , node: 0
DEBUG_STREAM_CREATE: Creating stream #33 for dataset id: 438 (total_streams=1)
DEBUG_STREAM_COUNT: Generated 1 streams for layer 34 (UNKNOWN), total injected: 34
info: all-gather forward pass collective issued for layer: mlp_moelayer, involved dimensions:  1, 0, 0, 0, 0, 0, 0, 0, 0, 0,
[FLOW_DEBUG] Initiating flow from node=0 to node=1 maxPacketCount=20971520 tag=68 flow_id=662 at time=38453085
[FLOW_DEBUG] Initiating flow from node=0 to node=1 maxPacketCount=20971520 tag=69 flow_id=664 at time=38453085
[FLOW_DEBUG] Initiating flow from node=1 to node=0 maxPacketCount=20971520 tag=68 flow_id=663 at time=38453085
[FLOW_DEBUG] Initiating flow from node=1 to node=0 maxPacketCount=20971520 tag=69 flow_id=665 at time=38453085
***** info: fwd pass comm collective for layer: mlp_moelayer is finished************
DEBUG_CHUNK_SIZE: size=83886080, preferred_dataset_splits=1, resulting chunk_size=83886080
DEBUG_COLLECTIVE_TYPE: layer=35, event=UNKNOWN (raw=0), size=83886080, chunk_size=83886080
DEBUG_STREAM_COUNT: chunk size is: 83886080 , size is: 83886080 , layer_num is: 35 , node: 0
DEBUG_STREAM_CREATE: Creating stream #34 for dataset id: 441 (total_streams=1)
DEBUG_STREAM_COUNT: Generated 1 streams for layer 35 (UNKNOWN), total injected: 35
info: reduce-scatter forward pass collective issued for layer: mlp_moelayer, involved dimensions:  1, 0, 0, 0, 0, 0, 0, 0, 0, 0,
[FLOW_DEBUG] Initiating flow from node=1 to node=0 maxPacketCount=20971520 tag=70 flow_id=667 at time=38827073
[FLOW_DEBUG] Initiating flow from node=1 to node=0 maxPacketCount=20971520 tag=71 flow_id=669 at time=38827073
[FLOW_DEBUG] Initiating flow from node=0 to node=1 maxPacketCount=20971520 tag=70 flow_id=666 at time=38827073
[FLOW_DEBUG] Initiating flow from node=0 to node=1 maxPacketCount=20971520 tag=71 flow_id=668 at time=38827073
***** info: fwd pass comm collective for layer: mlp_moelayer is finished************
DEBUG_CHUNK_SIZE: size=83886080, preferred_dataset_splits=1, resulting chunk_size=83886080
DEBUG_COLLECTIVE_TYPE: layer=36, event=UNKNOWN (raw=0), size=83886080, chunk_size=83886080
DEBUG_STREAM_COUNT: chunk size is: 83886080 , size is: 83886080 , layer_num is: 36 , node: 0
DEBUG_STREAM_CREATE: Creating stream #35 for dataset id: 442 (total_streams=1)
DEBUG_STREAM_COUNT: Generated 1 streams for layer 36 (UNKNOWN), total injected: 36
info: all-to-all forward pass collective issued for layer: mlp_moelayer, involved dimensions:  1, 0, 0, 0, 0, 0, 0, 0, 0, 0,
[FLOW_DEBUG] Initiating flow from node=0 to node=1 maxPacketCount=41943040 tag=72 flow_id=670 at time=39201061
[FLOW_DEBUG] Initiating flow from node=1 to node=0 maxPacketCount=41943040 tag=72 flow_id=671 at time=39201061
***** info: fwd pass comm collective for layer: mlp_moelayer is finished************
DEBUG_CHUNK_SIZE: size=20971520, preferred_dataset_splits=1, resulting chunk_size=20971520
DEBUG_COLLECTIVE_TYPE: layer=37, event=UNKNOWN (raw=0), size=20971520, chunk_size=20971520
DEBUG_STREAM_COUNT: chunk size is: 20971520 , size is: 20971520 , layer_num is: 37 , node: 0
DEBUG_STREAM_CREATE: Creating stream #36 for dataset id: 445 (total_streams=1)
DEBUG_STREAM_COUNT: Generated 1 streams for layer 37 (UNKNOWN), total injected: 37
info: all-to-all forward pass collective issued for layer: mlp_moelayer, involved dimensions:  1, 0, 0, 0, 0, 0, 0, 0, 0, 0,
[FLOW_DEBUG] Initiating flow from node=1 to node=0 maxPacketCount=10485760 tag=74 flow_id=673 at time=39575050
[FLOW_DEBUG] Initiating flow from node=0 to node=1 maxPacketCount=10485760 tag=74 flow_id=672 at time=39575050
***** info: fwd pass comm collective for layer: mlp_moelayer is finished************
DEBUG_CHUNK_SIZE: size=41943040, preferred_dataset_splits=1, resulting chunk_size=41943040
DEBUG_COLLECTIVE_TYPE: layer=38, event=UNKNOWN (raw=0), size=41943040, chunk_size=41943040
DEBUG_STREAM_COUNT: chunk size is: 41943040 , size is: 41943040 , layer_num is: 38 , node: 0
DEBUG_STREAM_CREATE: Creating stream #37 for dataset id: 446 (total_streams=1)
DEBUG_STREAM_COUNT: Generated 1 streams for layer 38 (UNKNOWN), total injected: 38
info: all-gather forward pass collective issued for layer: attention_column, involved dimensions:  1, 0, 0, 0, 0, 0, 0, 0, 0, 0,
[FLOW_DEBUG] Initiating flow from node=0 to node=1 maxPacketCount=10485760 tag=76 flow_id=674 at time=39669419
[FLOW_DEBUG] Initiating flow from node=0 to node=1 maxPacketCount=10485760 tag=77 flow_id=676 at time=39669419
[FLOW_DEBUG] Initiating flow from node=1 to node=0 maxPacketCount=10485760 tag=76 flow_id=675 at time=39669419
[FLOW_DEBUG] Initiating flow from node=1 to node=0 maxPacketCount=10485760 tag=77 flow_id=677 at time=39669419
***** info: fwd pass comm collective for layer: attention_column is finished************
DEBUG_CHUNK_SIZE: size=41943040, preferred_dataset_splits=1, resulting chunk_size=41943040
DEBUG_COLLECTIVE_TYPE: layer=39, event=UNKNOWN (raw=0), size=41943040, chunk_size=41943040
DEBUG_STREAM_COUNT: chunk size is: 41943040 , size is: 41943040 , layer_num is: 39 , node: 0
DEBUG_STREAM_CREATE: Creating stream #38 for dataset id: 449 (total_streams=1)
DEBUG_STREAM_COUNT: Generated 1 streams for layer 39 (UNKNOWN), total injected: 39
info: reduce-scatter forward pass collective issued for layer: attention_row, involved dimensions:  1, 0, 0, 0, 0, 0, 0, 0, 0, 0,
[FLOW_DEBUG] Initiating flow from node=1 to node=0 maxPacketCount=10485760 tag=78 flow_id=679 at time=39856995
[FLOW_DEBUG] Initiating flow from node=1 to node=0 maxPacketCount=10485760 tag=79 flow_id=681 at time=39856995
[FLOW_DEBUG] Initiating flow from node=0 to node=1 maxPacketCount=10485760 tag=78 flow_id=678 at time=39856995
[FLOW_DEBUG] Initiating flow from node=0 to node=1 maxPacketCount=10485760 tag=79 flow_id=680 at time=39856995
***** info: fwd pass comm collective for layer: attention_row is finished************
DEBUG_CHUNK_SIZE: size=1048576, preferred_dataset_splits=1, resulting chunk_size=1048576
DEBUG_COLLECTIVE_TYPE: layer=40, event=UNKNOWN (raw=0), size=1048576, chunk_size=1048576
DEBUG_STREAM_COUNT: chunk size is: 1048576 , size is: 1048576 , layer_num is: 40 , node: 0
DEBUG_STREAM_CREATE: Creating stream #39 for dataset id: 450 (total_streams=1)
DEBUG_STREAM_COUNT: Generated 1 streams for layer 40 (UNKNOWN), total injected: 40
info: all-gather forward pass collective issued for layer: mlp_moelayer, involved dimensions:  1, 0, 0, 0, 0, 0, 0, 0, 0, 0,
[FLOW_DEBUG] Initiating flow from node=0 to node=1 maxPacketCount=262144 tag=80 flow_id=682 at time=40044571
[FLOW_DEBUG] Initiating flow from node=0 to node=1 maxPacketCount=262144 tag=81 flow_id=684 at time=40044571
[FLOW_DEBUG] Initiating flow from node=1 to node=0 maxPacketCount=262144 tag=80 flow_id=683 at time=40044571
[FLOW_DEBUG] Initiating flow from node=1 to node=0 maxPacketCount=262144 tag=81 flow_id=685 at time=40044571
***** info: fwd pass comm collective for layer: mlp_moelayer is finished************
DEBUG_CHUNK_SIZE: size=20971520, preferred_dataset_splits=1, resulting chunk_size=20971520
DEBUG_COLLECTIVE_TYPE: layer=41, event=UNKNOWN (raw=0), size=20971520, chunk_size=20971520
DEBUG_STREAM_COUNT: chunk size is: 20971520 , size is: 20971520 , layer_num is: 41 , node: 0
DEBUG_STREAM_CREATE: Creating stream #40 for dataset id: 453 (total_streams=1)
DEBUG_STREAM_COUNT: Generated 1 streams for layer 41 (UNKNOWN), total injected: 41
info: all-to-all forward pass collective issued for layer: mlp_moelayer, involved dimensions:  1, 0, 0, 0, 0, 0, 0, 0, 0, 0,
[FLOW_DEBUG] Initiating flow from node=1 to node=0 maxPacketCount=10485760 tag=82 flow_id=687 at time=40050393
[FLOW_DEBUG] Initiating flow from node=0 to node=1 maxPacketCount=10485760 tag=82 flow_id=686 at time=40050393
***** info: fwd pass comm collective for layer: mlp_moelayer is finished************
DEBUG_CHUNK_SIZE: size=83886080, preferred_dataset_splits=1, resulting chunk_size=83886080
DEBUG_COLLECTIVE_TYPE: layer=42, event=UNKNOWN (raw=0), size=83886080, chunk_size=83886080
DEBUG_STREAM_COUNT: chunk size is: 83886080 , size is: 83886080 , layer_num is: 42 , node: 0
DEBUG_STREAM_CREATE: Creating stream #41 for dataset id: 454 (total_streams=1)
DEBUG_STREAM_COUNT: Generated 1 streams for layer 42 (UNKNOWN), total injected: 42
info: all-to-all forward pass collective issued for layer: mlp_moelayer, involved dimensions:  1, 0, 0, 0, 0, 0, 0, 0, 0, 0,
[FLOW_DEBUG] Initiating flow from node=0 to node=1 maxPacketCount=41943040 tag=84 flow_id=688 at time=40144762
[FLOW_DEBUG] Initiating flow from node=1 to node=0 maxPacketCount=41943040 tag=84 flow_id=689 at time=40144762
***** info: fwd pass comm collective for layer: mlp_moelayer is finished************
DEBUG_CHUNK_SIZE: size=83886080, preferred_dataset_splits=1, resulting chunk_size=83886080
DEBUG_COLLECTIVE_TYPE: layer=43, event=UNKNOWN (raw=0), size=83886080, chunk_size=83886080
DEBUG_STREAM_COUNT: chunk size is: 83886080 , size is: 83886080 , layer_num is: 43 , node: 0
DEBUG_STREAM_CREATE: Creating stream #42 for dataset id: 457 (total_streams=1)
DEBUG_STREAM_COUNT: Generated 1 streams for layer 43 (UNKNOWN), total injected: 43
info: all-gather forward pass collective issued for layer: mlp_moelayer, involved dimensions:  1, 0, 0, 0, 0, 0, 0, 0, 0, 0,
[FLOW_DEBUG] Initiating flow from node=1 to node=0 maxPacketCount=20971520 tag=86 flow_id=691 at time=40518751
[FLOW_DEBUG] Initiating flow from node=1 to node=0 maxPacketCount=20971520 tag=87 flow_id=693 at time=40518751
[FLOW_DEBUG] Initiating flow from node=0 to node=1 maxPacketCount=20971520 tag=86 flow_id=690 at time=40518751
[FLOW_DEBUG] Initiating flow from node=0 to node=1 maxPacketCount=20971520 tag=87 flow_id=692 at time=40518751
***** info: fwd pass comm collective for layer: mlp_moelayer is finished************
DEBUG_CHUNK_SIZE: size=83886080, preferred_dataset_splits=1, resulting chunk_size=83886080
DEBUG_COLLECTIVE_TYPE: layer=44, event=UNKNOWN (raw=0), size=83886080, chunk_size=83886080
DEBUG_STREAM_COUNT: chunk size is: 83886080 , size is: 83886080 , layer_num is: 44 , node: 0
DEBUG_STREAM_CREATE: Creating stream #43 for dataset id: 458 (total_streams=1)
DEBUG_STREAM_COUNT: Generated 1 streams for layer 44 (UNKNOWN), total injected: 44
info: reduce-scatter forward pass collective issued for layer: mlp_moelayer, involved dimensions:  1, 0, 0, 0, 0, 0, 0, 0, 0, 0,
[FLOW_DEBUG] Initiating flow from node=0 to node=1 maxPacketCount=20971520 tag=88 flow_id=694 at time=40892739
[FLOW_DEBUG] Initiating flow from node=0 to node=1 maxPacketCount=20971520 tag=89 flow_id=696 at time=40892739
[FLOW_DEBUG] Initiating flow from node=1 to node=0 maxPacketCount=20971520 tag=88 flow_id=695 at time=40892739
[FLOW_DEBUG] Initiating flow from node=1 to node=0 maxPacketCount=20971520 tag=89 flow_id=697 at time=40892739
***** info: fwd pass comm collective for layer: mlp_moelayer is finished************
DEBUG_CHUNK_SIZE: size=83886080, preferred_dataset_splits=1, resulting chunk_size=83886080
DEBUG_COLLECTIVE_TYPE: layer=45, event=UNKNOWN (raw=0), size=83886080, chunk_size=83886080
DEBUG_STREAM_COUNT: chunk size is: 83886080 , size is: 83886080 , layer_num is: 45 , node: 0
DEBUG_STREAM_CREATE: Creating stream #44 for dataset id: 461 (total_streams=1)
DEBUG_STREAM_COUNT: Generated 1 streams for layer 45 (UNKNOWN), total injected: 45
info: all-to-all forward pass collective issued for layer: mlp_moelayer, involved dimensions:  1, 0, 0, 0, 0, 0, 0, 0, 0, 0,
[FLOW_DEBUG] Initiating flow from node=1 to node=0 maxPacketCount=41943040 tag=90 flow_id=699 at time=41266727
[FLOW_DEBUG] Initiating flow from node=0 to node=1 maxPacketCount=41943040 tag=90 flow_id=698 at time=41266727
***** info: fwd pass comm collective for layer: mlp_moelayer is finished************
DEBUG_CHUNK_SIZE: size=20971520, preferred_dataset_splits=1, resulting chunk_size=20971520
DEBUG_COLLECTIVE_TYPE: layer=46, event=UNKNOWN (raw=0), size=20971520, chunk_size=20971520
DEBUG_STREAM_COUNT: chunk size is: 20971520 , size is: 20971520 , layer_num is: 46 , node: 0
DEBUG_STREAM_CREATE: Creating stream #45 for dataset id: 462 (total_streams=1)
DEBUG_STREAM_COUNT: Generated 1 streams for layer 46 (UNKNOWN), total injected: 46
info: all-to-all forward pass collective issued for layer: mlp_moelayer, involved dimensions:  1, 0, 0, 0, 0, 0, 0, 0, 0, 0,
[FLOW_DEBUG] Initiating flow from node=0 to node=1 maxPacketCount=10485760 tag=92 flow_id=700 at time=41640716
[FLOW_DEBUG] Initiating flow from node=1 to node=0 maxPacketCount=10485760 tag=92 flow_id=701 at time=41640716
***** info: fwd pass comm collective for layer: mlp_moelayer is finished************
DEBUG_CHUNK_SIZE: size=41943040, preferred_dataset_splits=1, resulting chunk_size=41943040
DEBUG_COLLECTIVE_TYPE: layer=47, event=UNKNOWN (raw=0), size=41943040, chunk_size=41943040
DEBUG_STREAM_COUNT: chunk size is: 41943040 , size is: 41943040 , layer_num is: 47 , node: 0
DEBUG_STREAM_CREATE: Creating stream #46 for dataset id: 465 (total_streams=1)
DEBUG_STREAM_COUNT: Generated 1 streams for layer 47 (UNKNOWN), total injected: 47
info: all-gather forward pass collective issued for layer: attention_column, involved dimensions:  1, 0, 0, 0, 0, 0, 0, 0, 0, 0,
[FLOW_DEBUG] Initiating flow from node=1 to node=0 maxPacketCount=10485760 tag=94 flow_id=703 at time=41735085
[FLOW_DEBUG] Initiating flow from node=1 to node=0 maxPacketCount=10485760 tag=95 flow_id=705 at time=41735085
[FLOW_DEBUG] Initiating flow from node=0 to node=1 maxPacketCount=10485760 tag=94 flow_id=702 at time=41735085
[FLOW_DEBUG] Initiating flow from node=0 to node=1 maxPacketCount=10485760 tag=95 flow_id=704 at time=41735085
***** info: fwd pass comm collective for layer: attention_column is finished************
DEBUG_CHUNK_SIZE: size=41943040, preferred_dataset_splits=1, resulting chunk_size=41943040
DEBUG_COLLECTIVE_TYPE: layer=48, event=UNKNOWN (raw=0), size=41943040, chunk_size=41943040
DEBUG_STREAM_COUNT: chunk size is: 41943040 , size is: 41943040 , layer_num is: 48 , node: 0
DEBUG_STREAM_CREATE: Creating stream #47 for dataset id: 466 (total_streams=1)
DEBUG_STREAM_COUNT: Generated 1 streams for layer 48 (UNKNOWN), total injected: 48
info: reduce-scatter forward pass collective issued for layer: attention_row, involved dimensions:  1, 0, 0, 0, 0, 0, 0, 0, 0, 0,
[FLOW_DEBUG] Initiating flow from node=0 to node=1 maxPacketCount=10485760 tag=96 flow_id=706 at time=41922661
[FLOW_DEBUG] Initiating flow from node=0 to node=1 maxPacketCount=10485760 tag=97 flow_id=708 at time=41922661
[FLOW_DEBUG] Initiating flow from node=1 to node=0 maxPacketCount=10485760 tag=96 flow_id=707 at time=41922661
[FLOW_DEBUG] Initiating flow from node=1 to node=0 maxPacketCount=10485760 tag=97 flow_id=709 at time=41922661
***** info: fwd pass comm collective for layer: attention_row is finished************
DEBUG_CHUNK_SIZE: size=1048576, preferred_dataset_splits=1, resulting chunk_size=1048576
DEBUG_COLLECTIVE_TYPE: layer=49, event=UNKNOWN (raw=0), size=1048576, chunk_size=1048576
DEBUG_STREAM_COUNT: chunk size is: 1048576 , size is: 1048576 , layer_num is: 49 , node: 0
DEBUG_STREAM_CREATE: Creating stream #48 for dataset id: 469 (total_streams=1)
DEBUG_STREAM_COUNT: Generated 1 streams for layer 49 (UNKNOWN), total injected: 49
info: all-gather forward pass collective issued for layer: mlp_moelayer, involved dimensions:  1, 0, 0, 0, 0, 0, 0, 0, 0, 0,
[FLOW_DEBUG] Initiating flow from node=1 to node=0 maxPacketCount=262144 tag=98 flow_id=711 at time=42110237
[FLOW_DEBUG] Initiating flow from node=1 to node=0 maxPacketCount=262144 tag=99 flow_id=713 at time=42110237
[FLOW_DEBUG] Initiating flow from node=0 to node=1 maxPacketCount=262144 tag=98 flow_id=710 at time=42110237
[FLOW_DEBUG] Initiating flow from node=0 to node=1 maxPacketCount=262144 tag=99 flow_id=712 at time=42110237
***** info: fwd pass comm collective for layer: mlp_moelayer is finished************
DEBUG_CHUNK_SIZE: size=20971520, preferred_dataset_splits=1, resulting chunk_size=20971520
DEBUG_COLLECTIVE_TYPE: layer=50, event=UNKNOWN (raw=0), size=20971520, chunk_size=20971520
DEBUG_STREAM_COUNT: chunk size is: 20971520 , size is: 20971520 , layer_num is: 50 , node: 0
DEBUG_STREAM_CREATE: Creating stream #49 for dataset id: 470 (total_streams=1)
DEBUG_STREAM_COUNT: Generated 1 streams for layer 50 (UNKNOWN), total injected: 50
info: all-to-all forward pass collective issued for layer: mlp_moelayer, involved dimensions:  1, 0, 0, 0, 0, 0, 0, 0, 0, 0,
[FLOW_DEBUG] Initiating flow from node=0 to node=1 maxPacketCount=10485760 tag=100 flow_id=714 at time=42116059
[FLOW_DEBUG] Initiating flow from node=1 to node=0 maxPacketCount=10485760 tag=100 flow_id=715 at time=42116059
***** info: fwd pass comm collective for layer: mlp_moelayer is finished************
DEBUG_CHUNK_SIZE: size=83886080, preferred_dataset_splits=1, resulting chunk_size=83886080
DEBUG_COLLECTIVE_TYPE: layer=51, event=UNKNOWN (raw=0), size=83886080, chunk_size=83886080
DEBUG_STREAM_COUNT: chunk size is: 83886080 , size is: 83886080 , layer_num is: 51 , node: 0
DEBUG_STREAM_CREATE: Creating stream #50 for dataset id: 473 (total_streams=1)
DEBUG_STREAM_COUNT: Generated 1 streams for layer 51 (UNKNOWN), total injected: 51
info: all-to-all forward pass collective issued for layer: mlp_moelayer, involved dimensions:  1, 0, 0, 0, 0, 0, 0, 0, 0, 0,
[FLOW_DEBUG] Initiating flow from node=1 to node=0 maxPacketCount=41943040 tag=102 flow_id=717 at time=42210428
[FLOW_DEBUG] Initiating flow from node=0 to node=1 maxPacketCount=41943040 tag=102 flow_id=716 at time=42210428
***** info: fwd pass comm collective for layer: mlp_moelayer is finished************
DEBUG_CHUNK_SIZE: size=83886080, preferred_dataset_splits=1, resulting chunk_size=83886080
DEBUG_COLLECTIVE_TYPE: layer=52, event=UNKNOWN (raw=0), size=83886080, chunk_size=83886080
DEBUG_STREAM_COUNT: chunk size is: 83886080 , size is: 83886080 , layer_num is: 52 , node: 0
DEBUG_STREAM_CREATE: Creating stream #51 for dataset id: 474 (total_streams=1)
DEBUG_STREAM_COUNT: Generated 1 streams for layer 52 (UNKNOWN), total injected: 52
info: all-gather forward pass collective issued for layer: mlp_moelayer, involved dimensions:  1, 0, 0, 0, 0, 0, 0, 0, 0, 0,
[FLOW_DEBUG] Initiating flow from node=0 to node=1 maxPacketCount=20971520 tag=104 flow_id=718 at time=42584417
[FLOW_DEBUG] Initiating flow from node=0 to node=1 maxPacketCount=20971520 tag=105 flow_id=720 at time=42584417
[FLOW_DEBUG] Initiating flow from node=1 to node=0 maxPacketCount=20971520 tag=104 flow_id=719 at time=42584417
[FLOW_DEBUG] Initiating flow from node=1 to node=0 maxPacketCount=20971520 tag=105 flow_id=721 at time=42584417
***** info: fwd pass comm collective for layer: mlp_moelayer is finished************
DEBUG_CHUNK_SIZE: size=83886080, preferred_dataset_splits=1, resulting chunk_size=83886080
DEBUG_COLLECTIVE_TYPE: layer=53, event=UNKNOWN (raw=0), size=83886080, chunk_size=83886080
DEBUG_STREAM_COUNT: chunk size is: 83886080 , size is: 83886080 , layer_num is: 53 , node: 0
DEBUG_STREAM_CREATE: Creating stream #52 for dataset id: 477 (total_streams=1)
DEBUG_STREAM_COUNT: Generated 1 streams for layer 53 (UNKNOWN), total injected: 53
info: reduce-scatter forward pass collective issued for layer: mlp_moelayer, involved dimensions:  1, 0, 0, 0, 0, 0, 0, 0, 0, 0,
[FLOW_DEBUG] Initiating flow from node=1 to node=0 maxPacketCount=20971520 tag=106 flow_id=723 at time=42958405
[FLOW_DEBUG] Initiating flow from node=1 to node=0 maxPacketCount=20971520 tag=107 flow_id=725 at time=42958405
[FLOW_DEBUG] Initiating flow from node=0 to node=1 maxPacketCount=20971520 tag=106 flow_id=722 at time=42958405
[FLOW_DEBUG] Initiating flow from node=0 to node=1 maxPacketCount=20971520 tag=107 flow_id=724 at time=42958405
***** info: fwd pass comm collective for layer: mlp_moelayer is finished************
DEBUG_CHUNK_SIZE: size=83886080, preferred_dataset_splits=1, resulting chunk_size=83886080
DEBUG_COLLECTIVE_TYPE: layer=54, event=UNKNOWN (raw=0), size=83886080, chunk_size=83886080
DEBUG_STREAM_COUNT: chunk size is: 83886080 , size is: 83886080 , layer_num is: 54 , node: 0
DEBUG_STREAM_CREATE: Creating stream #53 for dataset id: 478 (total_streams=1)
DEBUG_STREAM_COUNT: Generated 1 streams for layer 54 (UNKNOWN), total injected: 54
info: all-to-all forward pass collective issued for layer: mlp_moelayer, involved dimensions:  1, 0, 0, 0, 0, 0, 0, 0, 0, 0,
[FLOW_DEBUG] Initiating flow from node=0 to node=1 maxPacketCount=41943040 tag=108 flow_id=726 at time=43332393
[FLOW_DEBUG] Initiating flow from node=1 to node=0 maxPacketCount=41943040 tag=108 flow_id=727 at time=43332393
***** info: fwd pass comm collective for layer: mlp_moelayer is finished************
DEBUG_CHUNK_SIZE: size=20971520, preferred_dataset_splits=1, resulting chunk_size=20971520
DEBUG_COLLECTIVE_TYPE: layer=55, event=UNKNOWN (raw=0), size=20971520, chunk_size=20971520
DEBUG_STREAM_COUNT: chunk size is: 20971520 , size is: 20971520 , layer_num is: 55 , node: 0
DEBUG_STREAM_CREATE: Creating stream #54 for dataset id: 481 (total_streams=1)
DEBUG_STREAM_COUNT: Generated 1 streams for layer 55 (UNKNOWN), total injected: 55
info: all-to-all forward pass collective issued for layer: mlp_moelayer, involved dimensions:  1, 0, 0, 0, 0, 0, 0, 0, 0, 0,
[FLOW_DEBUG] Initiating flow from node=1 to node=0 maxPacketCount=10485760 tag=110 flow_id=729 at time=43706382
[FLOW_DEBUG] Initiating flow from node=0 to node=1 maxPacketCount=10485760 tag=110 flow_id=728 at time=43706382
***** info: fwd pass comm collective for layer: mlp_moelayer is finished************
DEBUG_CHUNK_SIZE: size=41943040, preferred_dataset_splits=1, resulting chunk_size=41943040
DEBUG_COLLECTIVE_TYPE: layer=56, event=UNKNOWN (raw=0), size=41943040, chunk_size=41943040
DEBUG_STREAM_COUNT: chunk size is: 41943040 , size is: 41943040 , layer_num is: 56 , node: 0
DEBUG_STREAM_CREATE: Creating stream #55 for dataset id: 482 (total_streams=1)
DEBUG_STREAM_COUNT: Generated 1 streams for layer 56 (UNKNOWN), total injected: 56
info: all-gather forward pass collective issued for layer: attention_column, involved dimensions:  1, 0, 0, 0, 0, 0, 0, 0, 0, 0,
[FLOW_DEBUG] Initiating flow from node=0 to node=1 maxPacketCount=10485760 tag=112 flow_id=730 at time=43800751
[FLOW_DEBUG] Initiating flow from node=0 to node=1 maxPacketCount=10485760 tag=113 flow_id=732 at time=43800751
[FLOW_DEBUG] Initiating flow from node=1 to node=0 maxPacketCount=10485760 tag=112 flow_id=731 at time=43800751
[FLOW_DEBUG] Initiating flow from node=1 to node=0 maxPacketCount=10485760 tag=113 flow_id=733 at time=43800751
***** info: fwd pass comm collective for layer: attention_column is finished************
DEBUG_CHUNK_SIZE: size=41943040, preferred_dataset_splits=1, resulting chunk_size=41943040
DEBUG_COLLECTIVE_TYPE: layer=57, event=UNKNOWN (raw=0), size=41943040, chunk_size=41943040
DEBUG_STREAM_COUNT: chunk size is: 41943040 , size is: 41943040 , layer_num is: 57 , node: 0
DEBUG_STREAM_CREATE: Creating stream #56 for dataset id: 485 (total_streams=1)
DEBUG_STREAM_COUNT: Generated 1 streams for layer 57 (UNKNOWN), total injected: 57
info: reduce-scatter forward pass collective issued for layer: attention_row, involved dimensions:  1, 0, 0, 0, 0, 0, 0, 0, 0, 0,
[FLOW_DEBUG] Initiating flow from node=1 to node=0 maxPacketCount=10485760 tag=114 flow_id=735 at time=43988327
[FLOW_DEBUG] Initiating flow from node=1 to node=0 maxPacketCount=10485760 tag=115 flow_id=737 at time=43988327
[FLOW_DEBUG] Initiating flow from node=0 to node=1 maxPacketCount=10485760 tag=114 flow_id=734 at time=43988327
[FLOW_DEBUG] Initiating flow from node=0 to node=1 maxPacketCount=10485760 tag=115 flow_id=736 at time=43988327
***** info: fwd pass comm collective for layer: attention_row is finished************
DEBUG_CHUNK_SIZE: size=1048576, preferred_dataset_splits=1, resulting chunk_size=1048576
DEBUG_COLLECTIVE_TYPE: layer=58, event=UNKNOWN (raw=0), size=1048576, chunk_size=1048576
DEBUG_STREAM_COUNT: chunk size is: 1048576 , size is: 1048576 , layer_num is: 58 , node: 0
DEBUG_STREAM_CREATE: Creating stream #57 for dataset id: 486 (total_streams=1)
DEBUG_STREAM_COUNT: Generated 1 streams for layer 58 (UNKNOWN), total injected: 58
info: all-gather forward pass collective issued for layer: mlp_moelayer, involved dimensions:  1, 0, 0, 0, 0, 0, 0, 0, 0, 0,
[FLOW_DEBUG] Initiating flow from node=0 to node=1 maxPacketCount=262144 tag=116 flow_id=738 at time=44175903
[FLOW_DEBUG] Initiating flow from node=0 to node=1 maxPacketCount=262144 tag=117 flow_id=740 at time=44175903
[FLOW_DEBUG] Initiating flow from node=1 to node=0 maxPacketCount=262144 tag=116 flow_id=739 at time=44175903
[FLOW_DEBUG] Initiating flow from node=1 to node=0 maxPacketCount=262144 tag=117 flow_id=741 at time=44175903
***** info: fwd pass comm collective for layer: mlp_moelayer is finished************
DEBUG_CHUNK_SIZE: size=20971520, preferred_dataset_splits=1, resulting chunk_size=20971520
DEBUG_COLLECTIVE_TYPE: layer=59, event=UNKNOWN (raw=0), size=20971520, chunk_size=20971520
DEBUG_STREAM_COUNT: chunk size is: 20971520 , size is: 20971520 , layer_num is: 59 , node: 0
DEBUG_STREAM_CREATE: Creating stream #58 for dataset id: 489 (total_streams=1)
DEBUG_STREAM_COUNT: Generated 1 streams for layer 59 (UNKNOWN), total injected: 59
info: all-to-all forward pass collective issued for layer: mlp_moelayer, involved dimensions:  1, 0, 0, 0, 0, 0, 0, 0, 0, 0,
[FLOW_DEBUG] Initiating flow from node=1 to node=0 maxPacketCount=10485760 tag=118 flow_id=743 at time=44181725
[FLOW_DEBUG] Initiating flow from node=0 to node=1 maxPacketCount=10485760 tag=118 flow_id=742 at time=44181725
***** info: fwd pass comm collective for layer: mlp_moelayer is finished************
DEBUG_CHUNK_SIZE: size=83886080, preferred_dataset_splits=1, resulting chunk_size=83886080
DEBUG_COLLECTIVE_TYPE: layer=60, event=UNKNOWN (raw=0), size=83886080, chunk_size=83886080
DEBUG_STREAM_COUNT: chunk size is: 83886080 , size is: 83886080 , layer_num is: 60 , node: 0
DEBUG_STREAM_CREATE: Creating stream #59 for dataset id: 490 (total_streams=1)
DEBUG_STREAM_COUNT: Generated 1 streams for layer 60 (UNKNOWN), total injected: 60
info: all-to-all forward pass collective issued for layer: mlp_moelayer, involved dimensions:  1, 0, 0, 0, 0, 0, 0, 0, 0, 0,
[FLOW_DEBUG] Initiating flow from node=0 to node=1 maxPacketCount=41943040 tag=120 flow_id=744 at time=44276094
[FLOW_DEBUG] Initiating flow from node=1 to node=0 maxPacketCount=41943040 tag=120 flow_id=745 at time=44276094
***** info: fwd pass comm collective for layer: mlp_moelayer is finished************
DEBUG_CHUNK_SIZE: size=83886080, preferred_dataset_splits=1, resulting chunk_size=83886080
DEBUG_COLLECTIVE_TYPE: layer=61, event=UNKNOWN (raw=0), size=83886080, chunk_size=83886080
DEBUG_STREAM_COUNT: chunk size is: 83886080 , size is: 83886080 , layer_num is: 61 , node: 0
DEBUG_STREAM_CREATE: Creating stream #60 for dataset id: 493 (total_streams=1)
DEBUG_STREAM_COUNT: Generated 1 streams for layer 61 (UNKNOWN), total injected: 61
info: all-gather forward pass collective issued for layer: mlp_moelayer, involved dimensions:  1, 0, 0, 0, 0, 0, 0, 0, 0, 0,
[FLOW_DEBUG] Initiating flow from node=1 to node=0 maxPacketCount=20971520 tag=122 flow_id=747 at time=44650083
[FLOW_DEBUG] Initiating flow from node=1 to node=0 maxPacketCount=20971520 tag=123 flow_id=749 at time=44650083
[FLOW_DEBUG] Initiating flow from node=0 to node=1 maxPacketCount=20971520 tag=122 flow_id=746 at time=44650083
[FLOW_DEBUG] Initiating flow from node=0 to node=1 maxPacketCount=20971520 tag=123 flow_id=748 at time=44650083
***** info: fwd pass comm collective for layer: mlp_moelayer is finished************
DEBUG_CHUNK_SIZE: size=83886080, preferred_dataset_splits=1, resulting chunk_size=83886080
DEBUG_COLLECTIVE_TYPE: layer=62, event=UNKNOWN (raw=0), size=83886080, chunk_size=83886080
DEBUG_STREAM_COUNT: chunk size is: 83886080 , size is: 83886080 , layer_num is: 62 , node: 0
DEBUG_STREAM_CREATE: Creating stream #61 for dataset id: 494 (total_streams=1)
DEBUG_STREAM_COUNT: Generated 1 streams for layer 62 (UNKNOWN), total injected: 62
info: reduce-scatter forward pass collective issued for layer: mlp_moelayer, involved dimensions:  1, 0, 0, 0, 0, 0, 0, 0, 0, 0,
[FLOW_DEBUG] Initiating flow from node=0 to node=1 maxPacketCount=20971520 tag=124 flow_id=750 at time=45024071
[FLOW_DEBUG] Initiating flow from node=0 to node=1 maxPacketCount=20971520 tag=125 flow_id=752 at time=45024071
[FLOW_DEBUG] Initiating flow from node=1 to node=0 maxPacketCount=20971520 tag=124 flow_id=751 at time=45024071
[FLOW_DEBUG] Initiating flow from node=1 to node=0 maxPacketCount=20971520 tag=125 flow_id=753 at time=45024071
***** info: fwd pass comm collective for layer: mlp_moelayer is finished************
DEBUG_CHUNK_SIZE: size=83886080, preferred_dataset_splits=1, resulting chunk_size=83886080
DEBUG_COLLECTIVE_TYPE: layer=63, event=UNKNOWN (raw=0), size=83886080, chunk_size=83886080
DEBUG_STREAM_COUNT: chunk size is: 83886080 , size is: 83886080 , layer_num is: 63 , node: 0
DEBUG_STREAM_CREATE: Creating stream #62 for dataset id: 497 (total_streams=1)
DEBUG_STREAM_COUNT: Generated 1 streams for layer 63 (UNKNOWN), total injected: 63
info: all-to-all forward pass collective issued for layer: mlp_moelayer, involved dimensions:  1, 0, 0, 0, 0, 0, 0, 0, 0, 0,
[FLOW_DEBUG] Initiating flow from node=1 to node=0 maxPacketCount=41943040 tag=126 flow_id=755 at time=45398059
[FLOW_DEBUG] Initiating flow from node=0 to node=1 maxPacketCount=41943040 tag=126 flow_id=754 at time=45398059
***** info: fwd pass comm collective for layer: mlp_moelayer is finished************
DEBUG_CHUNK_SIZE: size=20971520, preferred_dataset_splits=1, resulting chunk_size=20971520
DEBUG_COLLECTIVE_TYPE: layer=64, event=UNKNOWN (raw=0), size=20971520, chunk_size=20971520
DEBUG_STREAM_COUNT: chunk size is: 20971520 , size is: 20971520 , layer_num is: 64 , node: 0
DEBUG_STREAM_CREATE: Creating stream #63 for dataset id: 498 (total_streams=1)
DEBUG_STREAM_COUNT: Generated 1 streams for layer 64 (UNKNOWN), total injected: 64
info: all-to-all forward pass collective issued for layer: mlp_moelayer, involved dimensions:  1, 0, 0, 0, 0, 0, 0, 0, 0, 0,
[FLOW_DEBUG] Initiating flow from node=0 to node=1 maxPacketCount=10485760 tag=128 flow_id=756 at time=45772048
[FLOW_DEBUG] Initiating flow from node=1 to node=0 maxPacketCount=10485760 tag=128 flow_id=757 at time=45772048
***** info: fwd pass comm collective for layer: mlp_moelayer is finished************
DEBUG_CHUNK_SIZE: size=41943040, preferred_dataset_splits=1, resulting chunk_size=41943040
DEBUG_COLLECTIVE_TYPE: layer=65, event=UNKNOWN (raw=0), size=41943040, chunk_size=41943040
DEBUG_STREAM_COUNT: chunk size is: 41943040 , size is: 41943040 , layer_num is: 65 , node: 0
DEBUG_STREAM_CREATE: Creating stream #64 for dataset id: 501 (total_streams=1)
DEBUG_STREAM_COUNT: Generated 1 streams for layer 65 (UNKNOWN), total injected: 65
info: all-gather forward pass collective issued for layer: attention_column, involved dimensions:  1, 0, 0, 0, 0, 0, 0, 0, 0, 0,
[FLOW_DEBUG] Initiating flow from node=1 to node=0 maxPacketCount=10485760 tag=130 flow_id=759 at time=45866417
[FLOW_DEBUG] Initiating flow from node=1 to node=0 maxPacketCount=10485760 tag=131 flow_id=761 at time=45866417
[FLOW_DEBUG] Initiating flow from node=0 to node=1 maxPacketCount=10485760 tag=130 flow_id=758 at time=45866417
[FLOW_DEBUG] Initiating flow from node=0 to node=1 maxPacketCount=10485760 tag=131 flow_id=760 at time=45866417
***** info: fwd pass comm collective for layer: attention_column is finished************
DEBUG_CHUNK_SIZE: size=41943040, preferred_dataset_splits=1, resulting chunk_size=41943040
DEBUG_COLLECTIVE_TYPE: layer=66, event=UNKNOWN (raw=0), size=41943040, chunk_size=41943040
DEBUG_STREAM_COUNT: chunk size is: 41943040 , size is: 41943040 , layer_num is: 66 , node: 0
DEBUG_STREAM_CREATE: Creating stream #65 for dataset id: 502 (total_streams=1)
DEBUG_STREAM_COUNT: Generated 1 streams for layer 66 (UNKNOWN), total injected: 66
info: reduce-scatter forward pass collective issued for layer: attention_row, involved dimensions:  1, 0, 0, 0, 0, 0, 0, 0, 0, 0,
[FLOW_DEBUG] Initiating flow from node=0 to node=1 maxPacketCount=10485760 tag=132 flow_id=762 at time=46053993
[FLOW_DEBUG] Initiating flow from node=0 to node=1 maxPacketCount=10485760 tag=133 flow_id=764 at time=46053993
[FLOW_DEBUG] Initiating flow from node=1 to node=0 maxPacketCount=10485760 tag=132 flow_id=763 at time=46053993
[FLOW_DEBUG] Initiating flow from node=1 to node=0 maxPacketCount=10485760 tag=133 flow_id=765 at time=46053993
***** info: fwd pass comm collective for layer: attention_row is finished************
DEBUG_CHUNK_SIZE: size=1048576, preferred_dataset_splits=1, resulting chunk_size=1048576
DEBUG_COLLECTIVE_TYPE: layer=67, event=UNKNOWN (raw=0), size=1048576, chunk_size=1048576
DEBUG_STREAM_COUNT: chunk size is: 1048576 , size is: 1048576 , layer_num is: 67 , node: 0
DEBUG_STREAM_CREATE: Creating stream #66 for dataset id: 505 (total_streams=1)
DEBUG_STREAM_COUNT: Generated 1 streams for layer 67 (UNKNOWN), total injected: 67
info: all-gather forward pass collective issued for layer: mlp_moelayer, involved dimensions:  1, 0, 0, 0, 0, 0, 0, 0, 0, 0,
[FLOW_DEBUG] Initiating flow from node=1 to node=0 maxPacketCount=262144 tag=134 flow_id=767 at time=46241569
[FLOW_DEBUG] Initiating flow from node=1 to node=0 maxPacketCount=262144 tag=135 flow_id=769 at time=46241569
[FLOW_DEBUG] Initiating flow from node=0 to node=1 maxPacketCount=262144 tag=134 flow_id=766 at time=46241569
[FLOW_DEBUG] Initiating flow from node=0 to node=1 maxPacketCount=262144 tag=135 flow_id=768 at time=46241569
***** info: fwd pass comm collective for layer: mlp_moelayer is finished************
DEBUG_CHUNK_SIZE: size=20971520, preferred_dataset_splits=1, resulting chunk_size=20971520
DEBUG_COLLECTIVE_TYPE: layer=68, event=UNKNOWN (raw=0), size=20971520, chunk_size=20971520
DEBUG_STREAM_COUNT: chunk size is: 20971520 , size is: 20971520 , layer_num is: 68 , node: 0
DEBUG_STREAM_CREATE: Creating stream #67 for dataset id: 506 (total_streams=1)
DEBUG_STREAM_COUNT: Generated 1 streams for layer 68 (UNKNOWN), total injected: 68
info: all-to-all forward pass collective issued for layer: mlp_moelayer, involved dimensions:  1, 0, 0, 0, 0, 0, 0, 0, 0, 0,
[FLOW_DEBUG] Initiating flow from node=0 to node=1 maxPacketCount=10485760 tag=136 flow_id=770 at time=46247391
[FLOW_DEBUG] Initiating flow from node=1 to node=0 maxPacketCount=10485760 tag=136 flow_id=771 at time=46247391
***** info: fwd pass comm collective for layer: mlp_moelayer is finished************
DEBUG_CHUNK_SIZE: size=83886080, preferred_dataset_splits=1, resulting chunk_size=83886080
DEBUG_COLLECTIVE_TYPE: layer=69, event=UNKNOWN (raw=0), size=83886080, chunk_size=83886080
DEBUG_STREAM_COUNT: chunk size is: 83886080 , size is: 83886080 , layer_num is: 69 , node: 0
DEBUG_STREAM_CREATE: Creating stream #68 for dataset id: 509 (total_streams=1)
DEBUG_STREAM_COUNT: Generated 1 streams for layer 69 (UNKNOWN), total injected: 69
info: all-to-all forward pass collective issued for layer: mlp_moelayer, involved dimensions:  1, 0, 0, 0, 0, 0, 0, 0, 0, 0,
[FLOW_DEBUG] Initiating flow from node=1 to node=0 maxPacketCount=41943040 tag=138 flow_id=773 at time=46341760
[FLOW_DEBUG] Initiating flow from node=0 to node=1 maxPacketCount=41943040 tag=138 flow_id=772 at time=46341760
***** info: fwd pass comm collective for layer: mlp_moelayer is finished************
DEBUG_CHUNK_SIZE: size=83886080, preferred_dataset_splits=1, resulting chunk_size=83886080
DEBUG_COLLECTIVE_TYPE: layer=70, event=UNKNOWN (raw=0), size=83886080, chunk_size=83886080
DEBUG_STREAM_COUNT: chunk size is: 83886080 , size is: 83886080 , layer_num is: 70 , node: 0
DEBUG_STREAM_CREATE: Creating stream #69 for dataset id: 510 (total_streams=1)
DEBUG_STREAM_COUNT: Generated 1 streams for layer 70 (UNKNOWN), total injected: 70
info: all-gather forward pass collective issued for layer: mlp_moelayer, involved dimensions:  1, 0, 0, 0, 0, 0, 0, 0, 0, 0,
[FLOW_DEBUG] Initiating flow from node=0 to node=1 maxPacketCount=20971520 tag=140 flow_id=774 at time=46715749
[FLOW_DEBUG] Initiating flow from node=0 to node=1 maxPacketCount=20971520 tag=141 flow_id=776 at time=46715749
[FLOW_DEBUG] Initiating flow from node=1 to node=0 maxPacketCount=20971520 tag=140 flow_id=775 at time=46715749
[FLOW_DEBUG] Initiating flow from node=1 to node=0 maxPacketCount=20971520 tag=141 flow_id=777 at time=46715749
***** info: fwd pass comm collective for layer: mlp_moelayer is finished************
DEBUG_CHUNK_SIZE: size=83886080, preferred_dataset_splits=1, resulting chunk_size=83886080
DEBUG_COLLECTIVE_TYPE: layer=71, event=UNKNOWN (raw=0), size=83886080, chunk_size=83886080
DEBUG_STREAM_COUNT: chunk size is: 83886080 , size is: 83886080 , layer_num is: 71 , node: 0
DEBUG_STREAM_CREATE: Creating stream #70 for dataset id: 513 (total_streams=1)
DEBUG_STREAM_COUNT: Generated 1 streams for layer 71 (UNKNOWN), total injected: 71
info: reduce-scatter forward pass collective issued for layer: mlp_moelayer, involved dimensions:  1, 0, 0, 0, 0, 0, 0, 0, 0, 0,
[FLOW_DEBUG] Initiating flow from node=1 to node=0 maxPacketCount=20971520 tag=142 flow_id=779 at time=47089737
[FLOW_DEBUG] Initiating flow from node=1 to node=0 maxPacketCount=20971520 tag=143 flow_id=781 at time=47089737
[FLOW_DEBUG] Initiating flow from node=0 to node=1 maxPacketCount=20971520 tag=142 flow_id=778 at time=47089737
[FLOW_DEBUG] Initiating flow from node=0 to node=1 maxPacketCount=20971520 tag=143 flow_id=780 at time=47089737
***** info: fwd pass comm collective for layer: mlp_moelayer is finished************
DEBUG_CHUNK_SIZE: size=83886080, preferred_dataset_splits=1, resulting chunk_size=83886080
DEBUG_COLLECTIVE_TYPE: layer=72, event=UNKNOWN (raw=0), size=83886080, chunk_size=83886080
DEBUG_STREAM_COUNT: chunk size is: 83886080 , size is: 83886080 , layer_num is: 72 , node: 0
DEBUG_STREAM_CREATE: Creating stream #71 for dataset id: 514 (total_streams=1)
DEBUG_STREAM_COUNT: Generated 1 streams for layer 72 (UNKNOWN), total injected: 72
info: all-to-all forward pass collective issued for layer: mlp_moelayer, involved dimensions:  1, 0, 0, 0, 0, 0, 0, 0, 0, 0,
[FLOW_DEBUG] Initiating flow from node=0 to node=1 maxPacketCount=41943040 tag=144 flow_id=782 at time=47463725
[FLOW_DEBUG] Initiating flow from node=1 to node=0 maxPacketCount=41943040 tag=144 flow_id=783 at time=47463725
***** info: fwd pass comm collective for layer: mlp_moelayer is finished************
DEBUG_CHUNK_SIZE: size=20971520, preferred_dataset_splits=1, resulting chunk_size=20971520
DEBUG_COLLECTIVE_TYPE: layer=73, event=UNKNOWN (raw=0), size=20971520, chunk_size=20971520
DEBUG_STREAM_COUNT: chunk size is: 20971520 , size is: 20971520 , layer_num is: 73 , node: 0
DEBUG_STREAM_CREATE: Creating stream #72 for dataset id: 517 (total_streams=1)
DEBUG_STREAM_COUNT: Generated 1 streams for layer 73 (UNKNOWN), total injected: 73
info: all-to-all forward pass collective issued for layer: mlp_moelayer, involved dimensions:  1, 0, 0, 0, 0, 0, 0, 0, 0, 0,
[FLOW_DEBUG] Initiating flow from node=1 to node=0 maxPacketCount=10485760 tag=146 flow_id=785 at time=47837714
[FLOW_DEBUG] Initiating flow from node=0 to node=1 maxPacketCount=10485760 tag=146 flow_id=784 at time=47837714
***** info: fwd pass comm collective for layer: mlp_moelayer is finished************
DEBUG_CHUNK_SIZE: size=41943040, preferred_dataset_splits=1, resulting chunk_size=41943040
DEBUG_COLLECTIVE_TYPE: layer=74, event=UNKNOWN (raw=0), size=41943040, chunk_size=41943040
DEBUG_STREAM_COUNT: chunk size is: 41943040 , size is: 41943040 , layer_num is: 74 , node: 0
DEBUG_STREAM_CREATE: Creating stream #73 for dataset id: 518 (total_streams=1)
DEBUG_STREAM_COUNT: Generated 1 streams for layer 74 (UNKNOWN), total injected: 74
info: all-gather forward pass collective issued for layer: final_column, involved dimensions:  1, 0, 0, 0, 0, 0, 0, 0, 0, 0,
[FLOW_DEBUG] Initiating flow from node=0 to node=1 maxPacketCount=10485760 tag=148 flow_id=786 at time=47932083
[FLOW_DEBUG] Initiating flow from node=0 to node=1 maxPacketCount=10485760 tag=149 flow_id=788 at time=47932083
[FLOW_DEBUG] Initiating flow from node=1 to node=0 maxPacketCount=10485760 tag=148 flow_id=787 at time=47932083
[FLOW_DEBUG] Initiating flow from node=1 to node=0 maxPacketCount=10485760 tag=149 flow_id=789 at time=47932083
***** info: fwd pass comm collective for layer: final_column is finished************
DEBUG_CHUNK_SIZE: size=327680000, preferred_dataset_splits=1, resulting chunk_size=327680000
DEBUG_COLLECTIVE_TYPE: layer=75, event=UNKNOWN (raw=0), size=327680000, chunk_size=327680000
DEBUG_STREAM_COUNT: chunk size is: 327680000 , size is: 327680000 , layer_num is: 75 , node: 0
DEBUG_STREAM_CREATE: Creating stream #74 for dataset id: 521 (total_streams=1)
DEBUG_STREAM_COUNT: Generated 1 streams for layer 75 (UNKNOWN), total injected: 75
info: all-reduce forward pass collective issued for layer: embedding_norm, involved dimensions:  1, 0, 0, 0, 0, 0, 0, 0, 0, 0,
[FLOW_DEBUG] Initiating flow from node=1 to node=0 maxPacketCount=81920000 tag=300 flow_id=791 at time=48119659
[FLOW_DEBUG] Initiating flow from node=1 to node=0 maxPacketCount=81920000 tag=302 flow_id=795 at time=48119659
[FLOW_DEBUG] Initiating flow from node=0 to node=1 maxPacketCount=81920000 tag=300 flow_id=790 at time=48119659
[FLOW_DEBUG] Initiating flow from node=0 to node=1 maxPacketCount=81920000 tag=302 flow_id=794 at time=48119659
[FLOW_DEBUG] Initiating flow from node=0 to node=1 maxPacketCount=81920000 tag=301 flow_id=792 at time=49577057
[FLOW_DEBUG] Initiating flow from node=1 to node=0 maxPacketCount=81920000 tag=301 flow_id=793 at time=49577057
[FLOW_DEBUG] Initiating flow from node=0 to node=1 maxPacketCount=81920000 tag=303 flow_id=796 at time=49577075
[FLOW_DEBUG] Initiating flow from node=1 to node=0 maxPacketCount=81920000 tag=303 flow_id=797 at time=49577075
***** info: fwd pass comm collective for layer: embedding_norm is finished************
info: no forward pass collective for layer: embedding_layer
DEBUG_CHUNK_SIZE: size=41943040, preferred_dataset_splits=1, resulting chunk_size=41943040
DEBUG_COLLECTIVE_TYPE: layer=77, event=UNKNOWN (raw=0), size=41943040, chunk_size=41943040
DEBUG_STREAM_COUNT: chunk size is: 41943040 , size is: 41943040 , layer_num is: 77 , node: 0
DEBUG_STREAM_CREATE: Creating stream #75 for dataset id: 523 (total_streams=1)
DEBUG_STREAM_COUNT: Generated 1 streams for layer 77 (UNKNOWN), total injected: 76
info: all-gather forward pass collective issued for layer: attention_column, involved dimensions:  1, 0, 0, 0, 0, 0, 0, 0, 0, 0,
[FLOW_DEBUG] Initiating flow from node=1 to node=0 maxPacketCount=10485760 tag=154 flow_id=799 at time=51034577
[FLOW_DEBUG] Initiating flow from node=1 to node=0 maxPacketCount=10485760 tag=155 flow_id=801 at time=51034577
[FLOW_DEBUG] Initiating flow from node=0 to node=1 maxPacketCount=10485760 tag=154 flow_id=798 at time=51034577
[FLOW_DEBUG] Initiating flow from node=0 to node=1 maxPacketCount=10485760 tag=155 flow_id=800 at time=51034577
***** info: fwd pass comm collective for layer: attention_column is finished************
DEBUG_CHUNK_SIZE: size=41943040, preferred_dataset_splits=1, resulting chunk_size=41943040
DEBUG_COLLECTIVE_TYPE: layer=78, event=UNKNOWN (raw=0), size=41943040, chunk_size=41943040
DEBUG_STREAM_COUNT: chunk size is: 41943040 , size is: 41943040 , layer_num is: 78 , node: 0
DEBUG_STREAM_CREATE: Creating stream #76 for dataset id: 524 (total_streams=1)
DEBUG_STREAM_COUNT: Generated 1 streams for layer 78 (UNKNOWN), total injected: 77
info: reduce-scatter forward pass collective issued for layer: attention_row, involved dimensions:  1, 0, 0, 0, 0, 0, 0, 0, 0, 0,
[FLOW_DEBUG] Initiating flow from node=0 to node=1 maxPacketCount=10485760 tag=156 flow_id=802 at time=51222153
[FLOW_DEBUG] Initiating flow from node=0 to node=1 maxPacketCount=10485760 tag=157 flow_id=804 at time=51222153
[FLOW_DEBUG] Initiating flow from node=1 to node=0 maxPacketCount=10485760 tag=156 flow_id=803 at time=51222153
[FLOW_DEBUG] Initiating flow from node=1 to node=0 maxPacketCount=10485760 tag=157 flow_id=805 at time=51222153
***** info: fwd pass comm collective for layer: attention_row is finished************
DEBUG_CHUNK_SIZE: size=1048576, preferred_dataset_splits=1, resulting chunk_size=1048576
DEBUG_COLLECTIVE_TYPE: layer=79, event=UNKNOWN (raw=0), size=1048576, chunk_size=1048576
DEBUG_STREAM_COUNT: chunk size is: 1048576 , size is: 1048576 , layer_num is: 79 , node: 0
DEBUG_STREAM_CREATE: Creating stream #77 for dataset id: 527 (total_streams=1)
DEBUG_STREAM_COUNT: Generated 1 streams for layer 79 (UNKNOWN), total injected: 78
info: all-gather forward pass collective issued for layer: mlp_moelayer, involved dimensions:  1, 0, 0, 0, 0, 0, 0, 0, 0, 0,
[FLOW_DEBUG] Initiating flow from node=1 to node=0 maxPacketCount=262144 tag=158 flow_id=807 at time=51409729
[FLOW_DEBUG] Initiating flow from node=1 to node=0 maxPacketCount=262144 tag=159 flow_id=809 at time=51409729
[FLOW_DEBUG] Initiating flow from node=0 to node=1 maxPacketCount=262144 tag=158 flow_id=806 at time=51409729
[FLOW_DEBUG] Initiating flow from node=0 to node=1 maxPacketCount=262144 tag=159 flow_id=808 at time=51409729
***** info: fwd pass comm collective for layer: mlp_moelayer is finished************
DEBUG_CHUNK_SIZE: size=20971520, preferred_dataset_splits=1, resulting chunk_size=20971520
DEBUG_COLLECTIVE_TYPE: layer=80, event=UNKNOWN (raw=0), size=20971520, chunk_size=20971520
DEBUG_STREAM_COUNT: chunk size is: 20971520 , size is: 20971520 , layer_num is: 80 , node: 0
DEBUG_STREAM_CREATE: Creating stream #78 for dataset id: 528 (total_streams=1)
DEBUG_STREAM_COUNT: Generated 1 streams for layer 80 (UNKNOWN), total injected: 79
info: all-to-all forward pass collective issued for layer: mlp_moelayer, involved dimensions:  1, 0, 0, 0, 0, 0, 0, 0, 0, 0,
[FLOW_DEBUG] Initiating flow from node=0 to node=1 maxPacketCount=10485760 tag=160 flow_id=810 at time=51415551
[FLOW_DEBUG] Initiating flow from node=1 to node=0 maxPacketCount=10485760 tag=160 flow_id=811 at time=51415551
***** info: fwd pass comm collective for layer: mlp_moelayer is finished************
DEBUG_CHUNK_SIZE: size=83886080, preferred_dataset_splits=1, resulting chunk_size=83886080
DEBUG_COLLECTIVE_TYPE: layer=81, event=UNKNOWN (raw=0), size=83886080, chunk_size=83886080
DEBUG_STREAM_COUNT: chunk size is: 83886080 , size is: 83886080 , layer_num is: 81 , node: 0
DEBUG_STREAM_CREATE: Creating stream #79 for dataset id: 531 (total_streams=1)
DEBUG_STREAM_COUNT: Generated 1 streams for layer 81 (UNKNOWN), total injected: 80
info: all-to-all forward pass collective issued for layer: mlp_moelayer, involved dimensions:  1, 0, 0, 0, 0, 0, 0, 0, 0, 0,
[FLOW_DEBUG] Initiating flow from node=1 to node=0 maxPacketCount=41943040 tag=162 flow_id=813 at time=51509920
[FLOW_DEBUG] Initiating flow from node=0 to node=1 maxPacketCount=41943040 tag=162 flow_id=812 at time=51509920
***** info: fwd pass comm collective for layer: mlp_moelayer is finished************
DEBUG_CHUNK_SIZE: size=83886080, preferred_dataset_splits=1, resulting chunk_size=83886080
DEBUG_COLLECTIVE_TYPE: layer=82, event=UNKNOWN (raw=0), size=83886080, chunk_size=83886080
DEBUG_STREAM_COUNT: chunk size is: 83886080 , size is: 83886080 , layer_num is: 82 , node: 0
DEBUG_STREAM_CREATE: Creating stream #80 for dataset id: 532 (total_streams=1)
DEBUG_STREAM_COUNT: Generated 1 streams for layer 82 (UNKNOWN), total injected: 81
info: all-gather forward pass collective issued for layer: mlp_moelayer, involved dimensions:  1, 0, 0, 0, 0, 0, 0, 0, 0, 0,
[FLOW_DEBUG] Initiating flow from node=0 to node=1 maxPacketCount=20971520 tag=164 flow_id=814 at time=51883909
[FLOW_DEBUG] Initiating flow from node=0 to node=1 maxPacketCount=20971520 tag=165 flow_id=816 at time=51883909
[FLOW_DEBUG] Initiating flow from node=1 to node=0 maxPacketCount=20971520 tag=164 flow_id=815 at time=51883909
[FLOW_DEBUG] Initiating flow from node=1 to node=0 maxPacketCount=20971520 tag=165 flow_id=817 at time=51883909
***** info: fwd pass comm collective for layer: mlp_moelayer is finished************
DEBUG_CHUNK_SIZE: size=83886080, preferred_dataset_splits=1, resulting chunk_size=83886080
DEBUG_COLLECTIVE_TYPE: layer=83, event=UNKNOWN (raw=0), size=83886080, chunk_size=83886080
DEBUG_STREAM_COUNT: chunk size is: 83886080 , size is: 83886080 , layer_num is: 83 , node: 0
DEBUG_STREAM_CREATE: Creating stream #81 for dataset id: 535 (total_streams=1)
DEBUG_STREAM_COUNT: Generated 1 streams for layer 83 (UNKNOWN), total injected: 82
info: reduce-scatter forward pass collective issued for layer: mlp_moelayer, involved dimensions:  1, 0, 0, 0, 0, 0, 0, 0, 0, 0,
[FLOW_DEBUG] Initiating flow from node=1 to node=0 maxPacketCount=20971520 tag=166 flow_id=819 at time=52257897
[FLOW_DEBUG] Initiating flow from node=1 to node=0 maxPacketCount=20971520 tag=167 flow_id=821 at time=52257897
[FLOW_DEBUG] Initiating flow from node=0 to node=1 maxPacketCount=20971520 tag=166 flow_id=818 at time=52257897
[FLOW_DEBUG] Initiating flow from node=0 to node=1 maxPacketCount=20971520 tag=167 flow_id=820 at time=52257897
***** info: fwd pass comm collective for layer: mlp_moelayer is finished************
DEBUG_CHUNK_SIZE: size=83886080, preferred_dataset_splits=1, resulting chunk_size=83886080
DEBUG_COLLECTIVE_TYPE: layer=84, event=UNKNOWN (raw=0), size=83886080, chunk_size=83886080
DEBUG_STREAM_COUNT: chunk size is: 83886080 , size is: 83886080 , layer_num is: 84 , node: 0
DEBUG_STREAM_CREATE: Creating stream #82 for dataset id: 536 (total_streams=1)
DEBUG_STREAM_COUNT: Generated 1 streams for layer 84 (UNKNOWN), total injected: 83
info: all-to-all forward pass collective issued for layer: mlp_moelayer, involved dimensions:  1, 0, 0, 0, 0, 0, 0, 0, 0, 0,
[FLOW_DEBUG] Initiating flow from node=0 to node=1 maxPacketCount=41943040 tag=168 flow_id=822 at time=52631885
[FLOW_DEBUG] Initiating flow from node=1 to node=0 maxPacketCount=41943040 tag=168 flow_id=823 at time=52631885
***** info: fwd pass comm collective for layer: mlp_moelayer is finished************
DEBUG_CHUNK_SIZE: size=20971520, preferred_dataset_splits=1, resulting chunk_size=20971520
DEBUG_COLLECTIVE_TYPE: layer=85, event=UNKNOWN (raw=0), size=20971520, chunk_size=20971520
DEBUG_STREAM_COUNT: chunk size is: 20971520 , size is: 20971520 , layer_num is: 85 , node: 0
DEBUG_STREAM_CREATE: Creating stream #83 for dataset id: 539 (total_streams=1)
DEBUG_STREAM_COUNT: Generated 1 streams for layer 85 (UNKNOWN), total injected: 84
info: all-to-all forward pass collective issued for layer: mlp_moelayer, involved dimensions:  1, 0, 0, 0, 0, 0, 0, 0, 0, 0,
[FLOW_DEBUG] Initiating flow from node=1 to node=0 maxPacketCount=10485760 tag=170 flow_id=825 at time=53005874
[FLOW_DEBUG] Initiating flow from node=0 to node=1 maxPacketCount=10485760 tag=170 flow_id=824 at time=53005874
***** info: fwd pass comm collective for layer: mlp_moelayer is finished************
DEBUG_CHUNK_SIZE: size=41943040, preferred_dataset_splits=1, resulting chunk_size=41943040
DEBUG_COLLECTIVE_TYPE: layer=86, event=UNKNOWN (raw=0), size=41943040, chunk_size=41943040
DEBUG_STREAM_COUNT: chunk size is: 41943040 , size is: 41943040 , layer_num is: 86 , node: 0
DEBUG_STREAM_CREATE: Creating stream #84 for dataset id: 540 (total_streams=1)
DEBUG_STREAM_COUNT: Generated 1 streams for layer 86 (UNKNOWN), total injected: 85
info: all-gather forward pass collective issued for layer: attention_column, involved dimensions:  1, 0, 0, 0, 0, 0, 0, 0, 0, 0,
[FLOW_DEBUG] Initiating flow from node=0 to node=1 maxPacketCount=10485760 tag=172 flow_id=826 at time=53100243
[FLOW_DEBUG] Initiating flow from node=0 to node=1 maxPacketCount=10485760 tag=173 flow_id=828 at time=53100243
[FLOW_DEBUG] Initiating flow from node=1 to node=0 maxPacketCount=10485760 tag=172 flow_id=827 at time=53100243
[FLOW_DEBUG] Initiating flow from node=1 to node=0 maxPacketCount=10485760 tag=173 flow_id=829 at time=53100243
***** info: fwd pass comm collective for layer: attention_column is finished************
DEBUG_CHUNK_SIZE: size=41943040, preferred_dataset_splits=1, resulting chunk_size=41943040
DEBUG_COLLECTIVE_TYPE: layer=87, event=UNKNOWN (raw=0), size=41943040, chunk_size=41943040
DEBUG_STREAM_COUNT: chunk size is: 41943040 , size is: 41943040 , layer_num is: 87 , node: 0
DEBUG_STREAM_CREATE: Creating stream #85 for dataset id: 543 (total_streams=1)
DEBUG_STREAM_COUNT: Generated 1 streams for layer 87 (UNKNOWN), total injected: 86
info: reduce-scatter forward pass collective issued for layer: attention_row, involved dimensions:  1, 0, 0, 0, 0, 0, 0, 0, 0, 0,
[FLOW_DEBUG] Initiating flow from node=1 to node=0 maxPacketCount=10485760 tag=174 flow_id=831 at time=53287819
[FLOW_DEBUG] Initiating flow from node=1 to node=0 maxPacketCount=10485760 tag=175 flow_id=833 at time=53287819
[FLOW_DEBUG] Initiating flow from node=0 to node=1 maxPacketCount=10485760 tag=174 flow_id=830 at time=53287819
[FLOW_DEBUG] Initiating flow from node=0 to node=1 maxPacketCount=10485760 tag=175 flow_id=832 at time=53287819
***** info: fwd pass comm collective for layer: attention_row is finished************
DEBUG_CHUNK_SIZE: size=1048576, preferred_dataset_splits=1, resulting chunk_size=1048576
DEBUG_COLLECTIVE_TYPE: layer=88, event=UNKNOWN (raw=0), size=1048576, chunk_size=1048576
DEBUG_STREAM_COUNT: chunk size is: 1048576 , size is: 1048576 , layer_num is: 88 , node: 0
DEBUG_STREAM_CREATE: Creating stream #86 for dataset id: 544 (total_streams=1)
DEBUG_STREAM_COUNT: Generated 1 streams for layer 88 (UNKNOWN), total injected: 87
info: all-gather forward pass collective issued for layer: mlp_moelayer, involved dimensions:  1, 0, 0, 0, 0, 0, 0, 0, 0, 0,
[FLOW_DEBUG] Initiating flow from node=0 to node=1 maxPacketCount=262144 tag=176 flow_id=834 at time=53475395
[FLOW_DEBUG] Initiating flow from node=0 to node=1 maxPacketCount=262144 tag=177 flow_id=836 at time=53475395
[FLOW_DEBUG] Initiating flow from node=1 to node=0 maxPacketCount=262144 tag=176 flow_id=835 at time=53475395
[FLOW_DEBUG] Initiating flow from node=1 to node=0 maxPacketCount=262144 tag=177 flow_id=837 at time=53475395
***** info: fwd pass comm collective for layer: mlp_moelayer is finished************
DEBUG_CHUNK_SIZE: size=20971520, preferred_dataset_splits=1, resulting chunk_size=20971520
DEBUG_COLLECTIVE_TYPE: layer=89, event=UNKNOWN (raw=0), size=20971520, chunk_size=20971520
DEBUG_STREAM_COUNT: chunk size is: 20971520 , size is: 20971520 , layer_num is: 89 , node: 0
DEBUG_STREAM_CREATE: Creating stream #87 for dataset id: 547 (total_streams=1)
DEBUG_STREAM_COUNT: Generated 1 streams for layer 89 (UNKNOWN), total injected: 88
info: all-to-all forward pass collective issued for layer: mlp_moelayer, involved dimensions:  1, 0, 0, 0, 0, 0, 0, 0, 0, 0,
[FLOW_DEBUG] Initiating flow from node=1 to node=0 maxPacketCount=10485760 tag=178 flow_id=839 at time=53481217
[FLOW_DEBUG] Initiating flow from node=0 to node=1 maxPacketCount=10485760 tag=178 flow_id=838 at time=53481217
***** info: fwd pass comm collective for layer: mlp_moelayer is finished************
DEBUG_CHUNK_SIZE: size=83886080, preferred_dataset_splits=1, resulting chunk_size=83886080
DEBUG_COLLECTIVE_TYPE: layer=90, event=UNKNOWN (raw=0), size=83886080, chunk_size=83886080
DEBUG_STREAM_COUNT: chunk size is: 83886080 , size is: 83886080 , layer_num is: 90 , node: 0
DEBUG_STREAM_CREATE: Creating stream #88 for dataset id: 548 (total_streams=1)
DEBUG_STREAM_COUNT: Generated 1 streams for layer 90 (UNKNOWN), total injected: 89
info: all-to-all forward pass collective issued for layer: mlp_moelayer, involved dimensions:  1, 0, 0, 0, 0, 0, 0, 0, 0, 0,
[FLOW_DEBUG] Initiating flow from node=0 to node=1 maxPacketCount=41943040 tag=180 flow_id=840 at time=53575586
[FLOW_DEBUG] Initiating flow from node=1 to node=0 maxPacketCount=41943040 tag=180 flow_id=841 at time=53575586
***** info: fwd pass comm collective for layer: mlp_moelayer is finished************
DEBUG_CHUNK_SIZE: size=83886080, preferred_dataset_splits=1, resulting chunk_size=83886080
DEBUG_COLLECTIVE_TYPE: layer=91, event=UNKNOWN (raw=0), size=83886080, chunk_size=83886080
DEBUG_STREAM_COUNT: chunk size is: 83886080 , size is: 83886080 , layer_num is: 91 , node: 0
DEBUG_STREAM_CREATE: Creating stream #89 for dataset id: 551 (total_streams=1)
DEBUG_STREAM_COUNT: Generated 1 streams for layer 91 (UNKNOWN), total injected: 90
info: all-gather forward pass collective issued for layer: mlp_moelayer, involved dimensions:  1, 0, 0, 0, 0, 0, 0, 0, 0, 0,
[FLOW_DEBUG] Initiating flow from node=1 to node=0 maxPacketCount=20971520 tag=182 flow_id=843 at time=53949575
[FLOW_DEBUG] Initiating flow from node=1 to node=0 maxPacketCount=20971520 tag=183 flow_id=845 at time=53949575
[FLOW_DEBUG] Initiating flow from node=0 to node=1 maxPacketCount=20971520 tag=182 flow_id=842 at time=53949575
[FLOW_DEBUG] Initiating flow from node=0 to node=1 maxPacketCount=20971520 tag=183 flow_id=844 at time=53949575
***** info: fwd pass comm collective for layer: mlp_moelayer is finished************
DEBUG_CHUNK_SIZE: size=83886080, preferred_dataset_splits=1, resulting chunk_size=83886080
DEBUG_COLLECTIVE_TYPE: layer=92, event=UNKNOWN (raw=0), size=83886080, chunk_size=83886080
DEBUG_STREAM_COUNT: chunk size is: 83886080 , size is: 83886080 , layer_num is: 92 , node: 0
DEBUG_STREAM_CREATE: Creating stream #90 for dataset id: 552 (total_streams=1)
DEBUG_STREAM_COUNT: Generated 1 streams for layer 92 (UNKNOWN), total injected: 91
info: reduce-scatter forward pass collective issued for layer: mlp_moelayer, involved dimensions:  1, 0, 0, 0, 0, 0, 0, 0, 0, 0,
[FLOW_DEBUG] Initiating flow from node=0 to node=1 maxPacketCount=20971520 tag=184 flow_id=846 at time=54323563
[FLOW_DEBUG] Initiating flow from node=0 to node=1 maxPacketCount=20971520 tag=185 flow_id=848 at time=54323563
[FLOW_DEBUG] Initiating flow from node=1 to node=0 maxPacketCount=20971520 tag=184 flow_id=847 at time=54323563
[FLOW_DEBUG] Initiating flow from node=1 to node=0 maxPacketCount=20971520 tag=185 flow_id=849 at time=54323563
***** info: fwd pass comm collective for layer: mlp_moelayer is finished************
DEBUG_CHUNK_SIZE: size=83886080, preferred_dataset_splits=1, resulting chunk_size=83886080
DEBUG_COLLECTIVE_TYPE: layer=93, event=UNKNOWN (raw=0), size=83886080, chunk_size=83886080
DEBUG_STREAM_COUNT: chunk size is: 83886080 , size is: 83886080 , layer_num is: 93 , node: 0
DEBUG_STREAM_CREATE: Creating stream #91 for dataset id: 555 (total_streams=1)
DEBUG_STREAM_COUNT: Generated 1 streams for layer 93 (UNKNOWN), total injected: 92
info: all-to-all forward pass collective issued for layer: mlp_moelayer, involved dimensions:  1, 0, 0, 0, 0, 0, 0, 0, 0, 0,
[FLOW_DEBUG] Initiating flow from node=1 to node=0 maxPacketCount=41943040 tag=186 flow_id=851 at time=54697551
[FLOW_DEBUG] Initiating flow from node=0 to node=1 maxPacketCount=41943040 tag=186 flow_id=850 at time=54697551
***** info: fwd pass comm collective for layer: mlp_moelayer is finished************
DEBUG_CHUNK_SIZE: size=20971520, preferred_dataset_splits=1, resulting chunk_size=20971520
DEBUG_COLLECTIVE_TYPE: layer=94, event=UNKNOWN (raw=0), size=20971520, chunk_size=20971520
DEBUG_STREAM_COUNT: chunk size is: 20971520 , size is: 20971520 , layer_num is: 94 , node: 0
DEBUG_STREAM_CREATE: Creating stream #92 for dataset id: 556 (total_streams=1)
DEBUG_STREAM_COUNT: Generated 1 streams for layer 94 (UNKNOWN), total injected: 93
info: all-to-all forward pass collective issued for layer: mlp_moelayer, involved dimensions:  1, 0, 0, 0, 0, 0, 0, 0, 0, 0,
[FLOW_DEBUG] Initiating flow from node=0 to node=1 maxPacketCount=10485760 tag=188 flow_id=852 at time=55071540
[FLOW_DEBUG] Initiating flow from node=1 to node=0 maxPacketCount=10485760 tag=188 flow_id=853 at time=55071540
***** info: fwd pass comm collective for layer: mlp_moelayer is finished************
DEBUG_CHUNK_SIZE: size=41943040, preferred_dataset_splits=1, resulting chunk_size=41943040
DEBUG_COLLECTIVE_TYPE: layer=95, event=UNKNOWN (raw=0), size=41943040, chunk_size=41943040
DEBUG_STREAM_COUNT: chunk size is: 41943040 , size is: 41943040 , layer_num is: 95 , node: 0
DEBUG_STREAM_CREATE: Creating stream #93 for dataset id: 559 (total_streams=1)
DEBUG_STREAM_COUNT: Generated 1 streams for layer 95 (UNKNOWN), total injected: 94
info: all-gather forward pass collective issued for layer: attention_column, involved dimensions:  1, 0, 0, 0, 0, 0, 0, 0, 0, 0,
[FLOW_DEBUG] Initiating flow from node=1 to node=0 maxPacketCount=10485760 tag=190 flow_id=855 at time=55165909
[FLOW_DEBUG] Initiating flow from node=1 to node=0 maxPacketCount=10485760 tag=191 flow_id=857 at time=55165909
[FLOW_DEBUG] Initiating flow from node=0 to node=1 maxPacketCount=10485760 tag=190 flow_id=854 at time=55165909
[FLOW_DEBUG] Initiating flow from node=0 to node=1 maxPacketCount=10485760 tag=191 flow_id=856 at time=55165909
***** info: fwd pass comm collective for layer: attention_column is finished************
DEBUG_CHUNK_SIZE: size=41943040, preferred_dataset_splits=1, resulting chunk_size=41943040
DEBUG_COLLECTIVE_TYPE: layer=96, event=UNKNOWN (raw=0), size=41943040, chunk_size=41943040
DEBUG_STREAM_COUNT: chunk size is: 41943040 , size is: 41943040 , layer_num is: 96 , node: 0
DEBUG_STREAM_CREATE: Creating stream #94 for dataset id: 560 (total_streams=1)
DEBUG_STREAM_COUNT: Generated 1 streams for layer 96 (UNKNOWN), total injected: 95
info: reduce-scatter forward pass collective issued for layer: attention_row, involved dimensions:  1, 0, 0, 0, 0, 0, 0, 0, 0, 0,
[FLOW_DEBUG] Initiating flow from node=0 to node=1 maxPacketCount=10485760 tag=192 flow_id=858 at time=55353485
[FLOW_DEBUG] Initiating flow from node=0 to node=1 maxPacketCount=10485760 tag=193 flow_id=860 at time=55353485
[FLOW_DEBUG] Initiating flow from node=1 to node=0 maxPacketCount=10485760 tag=192 flow_id=859 at time=55353485
[FLOW_DEBUG] Initiating flow from node=1 to node=0 maxPacketCount=10485760 tag=193 flow_id=861 at time=55353485
***** info: fwd pass comm collective for layer: attention_row is finished************
DEBUG_CHUNK_SIZE: size=1048576, preferred_dataset_splits=1, resulting chunk_size=1048576
DEBUG_COLLECTIVE_TYPE: layer=97, event=UNKNOWN (raw=0), size=1048576, chunk_size=1048576
DEBUG_STREAM_COUNT: chunk size is: 1048576 , size is: 1048576 , layer_num is: 97 , node: 0
DEBUG_STREAM_CREATE: Creating stream #95 for dataset id: 563 (total_streams=1)
DEBUG_STREAM_COUNT: Generated 1 streams for layer 97 (UNKNOWN), total injected: 96
info: all-gather forward pass collective issued for layer: mlp_moelayer, involved dimensions:  1, 0, 0, 0, 0, 0, 0, 0, 0, 0,
[FLOW_DEBUG] Initiating flow from node=1 to node=0 maxPacketCount=262144 tag=194 flow_id=863 at time=55541061
[FLOW_DEBUG] Initiating flow from node=1 to node=0 maxPacketCount=262144 tag=195 flow_id=865 at time=55541061
[FLOW_DEBUG] Initiating flow from node=0 to node=1 maxPacketCount=262144 tag=194 flow_id=862 at time=55541061
[FLOW_DEBUG] Initiating flow from node=0 to node=1 maxPacketCount=262144 tag=195 flow_id=864 at time=55541061
***** info: fwd pass comm collective for layer: mlp_moelayer is finished************
DEBUG_CHUNK_SIZE: size=20971520, preferred_dataset_splits=1, resulting chunk_size=20971520
DEBUG_COLLECTIVE_TYPE: layer=98, event=UNKNOWN (raw=0), size=20971520, chunk_size=20971520
DEBUG_STREAM_COUNT: chunk size is: 20971520 , size is: 20971520 , layer_num is: 98 , node: 0
DEBUG_STREAM_CREATE: Creating stream #96 for dataset id: 564 (total_streams=1)
DEBUG_STREAM_COUNT: Generated 1 streams for layer 98 (UNKNOWN), total injected: 97
info: all-to-all forward pass collective issued for layer: mlp_moelayer, involved dimensions:  1, 0, 0, 0, 0, 0, 0, 0, 0, 0,
[FLOW_DEBUG] Initiating flow from node=0 to node=1 maxPacketCount=10485760 tag=196 flow_id=866 at time=55546883
[FLOW_DEBUG] Initiating flow from node=1 to node=0 maxPacketCount=10485760 tag=196 flow_id=867 at time=55546883
***** info: fwd pass comm collective for layer: mlp_moelayer is finished************
DEBUG_CHUNK_SIZE: size=83886080, preferred_dataset_splits=1, resulting chunk_size=83886080
DEBUG_COLLECTIVE_TYPE: layer=99, event=UNKNOWN (raw=0), size=83886080, chunk_size=83886080
DEBUG_STREAM_COUNT: chunk size is: 83886080 , size is: 83886080 , layer_num is: 99 , node: 0
DEBUG_STREAM_CREATE: Creating stream #97 for dataset id: 567 (total_streams=1)
DEBUG_STREAM_COUNT: Generated 1 streams for layer 99 (UNKNOWN), total injected: 98
info: all-to-all forward pass collective issued for layer: mlp_moelayer, involved dimensions:  1, 0, 0, 0, 0, 0, 0, 0, 0, 0,
[FLOW_DEBUG] Initiating flow from node=1 to node=0 maxPacketCount=41943040 tag=198 flow_id=869 at time=55641252
[FLOW_DEBUG] Initiating flow from node=0 to node=1 maxPacketCount=41943040 tag=198 flow_id=868 at time=55641252
***** info: fwd pass comm collective for layer: mlp_moelayer is finished************
DEBUG_CHUNK_SIZE: size=83886080, preferred_dataset_splits=1, resulting chunk_size=83886080
DEBUG_COLLECTIVE_TYPE: layer=100, event=UNKNOWN (raw=0), size=83886080, chunk_size=83886080
DEBUG_STREAM_COUNT: chunk size is: 83886080 , size is: 83886080 , layer_num is: 100 , node: 0
DEBUG_STREAM_CREATE: Creating stream #98 for dataset id: 568 (total_streams=1)
DEBUG_STREAM_COUNT: Generated 1 streams for layer 100 (UNKNOWN), total injected: 99
info: all-gather forward pass collective issued for layer: mlp_moelayer, involved dimensions:  1, 0, 0, 0, 0, 0, 0, 0, 0, 0,
[FLOW_DEBUG] Initiating flow from node=0 to node=1 maxPacketCount=20971520 tag=200 flow_id=870 at time=56015241
[FLOW_DEBUG] Initiating flow from node=0 to node=1 maxPacketCount=20971520 tag=201 flow_id=872 at time=56015241
[FLOW_DEBUG] Initiating flow from node=1 to node=0 maxPacketCount=20971520 tag=200 flow_id=871 at time=56015241
[FLOW_DEBUG] Initiating flow from node=1 to node=0 maxPacketCount=20971520 tag=201 flow_id=873 at time=56015241
***** info: fwd pass comm collective for layer: mlp_moelayer is finished************
DEBUG_CHUNK_SIZE: size=83886080, preferred_dataset_splits=1, resulting chunk_size=83886080
DEBUG_COLLECTIVE_TYPE: layer=101, event=UNKNOWN (raw=0), size=83886080, chunk_size=83886080
DEBUG_STREAM_COUNT: chunk size is: 83886080 , size is: 83886080 , layer_num is: 101 , node: 0
DEBUG_STREAM_CREATE: Creating stream #99 for dataset id: 571 (total_streams=1)
DEBUG_STREAM_COUNT: Generated 1 streams for layer 101 (UNKNOWN), total injected: 100
info: reduce-scatter forward pass collective issued for layer: mlp_moelayer, involved dimensions:  1, 0, 0, 0, 0, 0, 0, 0, 0, 0,
[FLOW_DEBUG] Initiating flow from node=1 to node=0 maxPacketCount=20971520 tag=202 flow_id=875 at time=56389229
[FLOW_DEBUG] Initiating flow from node=1 to node=0 maxPacketCount=20971520 tag=203 flow_id=877 at time=56389229
[FLOW_DEBUG] Initiating flow from node=0 to node=1 maxPacketCount=20971520 tag=202 flow_id=874 at time=56389229
[FLOW_DEBUG] Initiating flow from node=0 to node=1 maxPacketCount=20971520 tag=203 flow_id=876 at time=56389229
***** info: fwd pass comm collective for layer: mlp_moelayer is finished************
DEBUG_CHUNK_SIZE: size=83886080, preferred_dataset_splits=1, resulting chunk_size=83886080
DEBUG_COLLECTIVE_TYPE: layer=102, event=UNKNOWN (raw=0), size=83886080, chunk_size=83886080
DEBUG_STREAM_COUNT: chunk size is: 83886080 , size is: 83886080 , layer_num is: 102 , node: 0
DEBUG_STREAM_CREATE: Creating stream #100 for dataset id: 572 (total_streams=1)
DEBUG_STREAM_COUNT: Generated 1 streams for layer 102 (UNKNOWN), total injected: 101
info: all-to-all forward pass collective issued for layer: mlp_moelayer, involved dimensions:  1, 0, 0, 0, 0, 0, 0, 0, 0, 0,
[FLOW_DEBUG] Initiating flow from node=0 to node=1 maxPacketCount=41943040 tag=204 flow_id=878 at time=56763217
[FLOW_DEBUG] Initiating flow from node=1 to node=0 maxPacketCount=41943040 tag=204 flow_id=879 at time=56763217
***** info: fwd pass comm collective for layer: mlp_moelayer is finished************
DEBUG_CHUNK_SIZE: size=20971520, preferred_dataset_splits=1, resulting chunk_size=20971520
DEBUG_COLLECTIVE_TYPE: layer=103, event=UNKNOWN (raw=0), size=20971520, chunk_size=20971520
DEBUG_STREAM_COUNT: chunk size is: 20971520 , size is: 20971520 , layer_num is: 103 , node: 0
DEBUG_STREAM_CREATE: Creating stream #101 for dataset id: 575 (total_streams=1)
DEBUG_STREAM_COUNT: Generated 1 streams for layer 103 (UNKNOWN), total injected: 102
info: all-to-all forward pass collective issued for layer: mlp_moelayer, involved dimensions:  1, 0, 0, 0, 0, 0, 0, 0, 0, 0,
[FLOW_DEBUG] Initiating flow from node=1 to node=0 maxPacketCount=10485760 tag=206 flow_id=881 at time=57137206
[FLOW_DEBUG] Initiating flow from node=0 to node=1 maxPacketCount=10485760 tag=206 flow_id=880 at time=57137206
***** info: fwd pass comm collective for layer: mlp_moelayer is finished************
DEBUG_CHUNK_SIZE: size=41943040, preferred_dataset_splits=1, resulting chunk_size=41943040
DEBUG_COLLECTIVE_TYPE: layer=104, event=UNKNOWN (raw=0), size=41943040, chunk_size=41943040
DEBUG_STREAM_COUNT: chunk size is: 41943040 , size is: 41943040 , layer_num is: 104 , node: 0
DEBUG_STREAM_CREATE: Creating stream #102 for dataset id: 576 (total_streams=1)
DEBUG_STREAM_COUNT: Generated 1 streams for layer 104 (UNKNOWN), total injected: 103
info: all-gather forward pass collective issued for layer: attention_column, involved dimensions:  1, 0, 0, 0, 0, 0, 0, 0, 0, 0,
[FLOW_DEBUG] Initiating flow from node=0 to node=1 maxPacketCount=10485760 tag=208 flow_id=882 at time=57231575
[FLOW_DEBUG] Initiating flow from node=0 to node=1 maxPacketCount=10485760 tag=209 flow_id=884 at time=57231575
[FLOW_DEBUG] Initiating flow from node=1 to node=0 maxPacketCount=10485760 tag=208 flow_id=883 at time=57231575
[FLOW_DEBUG] Initiating flow from node=1 to node=0 maxPacketCount=10485760 tag=209 flow_id=885 at time=57231575
***** info: fwd pass comm collective for layer: attention_column is finished************
DEBUG_CHUNK_SIZE: size=41943040, preferred_dataset_splits=1, resulting chunk_size=41943040
DEBUG_COLLECTIVE_TYPE: layer=105, event=UNKNOWN (raw=0), size=41943040, chunk_size=41943040
DEBUG_STREAM_COUNT: chunk size is: 41943040 , size is: 41943040 , layer_num is: 105 , node: 0
DEBUG_STREAM_CREATE: Creating stream #103 for dataset id: 579 (total_streams=1)
DEBUG_STREAM_COUNT: Generated 1 streams for layer 105 (UNKNOWN), total injected: 104
info: reduce-scatter forward pass collective issued for layer: attention_row, involved dimensions:  1, 0, 0, 0, 0, 0, 0, 0, 0, 0,
[FLOW_DEBUG] Initiating flow from node=1 to node=0 maxPacketCount=10485760 tag=210 flow_id=887 at time=57419151
[FLOW_DEBUG] Initiating flow from node=1 to node=0 maxPacketCount=10485760 tag=211 flow_id=889 at time=57419151
[FLOW_DEBUG] Initiating flow from node=0 to node=1 maxPacketCount=10485760 tag=210 flow_id=886 at time=57419151
[FLOW_DEBUG] Initiating flow from node=0 to node=1 maxPacketCount=10485760 tag=211 flow_id=888 at time=57419151
***** info: fwd pass comm collective for layer: attention_row is finished************
DEBUG_CHUNK_SIZE: size=1048576, preferred_dataset_splits=1, resulting chunk_size=1048576
DEBUG_COLLECTIVE_TYPE: layer=106, event=UNKNOWN (raw=0), size=1048576, chunk_size=1048576
DEBUG_STREAM_COUNT: chunk size is: 1048576 , size is: 1048576 , layer_num is: 106 , node: 0
DEBUG_STREAM_CREATE: Creating stream #104 for dataset id: 580 (total_streams=1)
DEBUG_STREAM_COUNT: Generated 1 streams for layer 106 (UNKNOWN), total injected: 105
info: all-gather forward pass collective issued for layer: mlp_moelayer, involved dimensions:  1, 0, 0, 0, 0, 0, 0, 0, 0, 0,
[FLOW_DEBUG] Initiating flow from node=0 to node=1 maxPacketCount=262144 tag=212 flow_id=890 at time=57606727
[FLOW_DEBUG] Initiating flow from node=0 to node=1 maxPacketCount=262144 tag=213 flow_id=892 at time=57606727
[FLOW_DEBUG] Initiating flow from node=1 to node=0 maxPacketCount=262144 tag=212 flow_id=891 at time=57606727
[FLOW_DEBUG] Initiating flow from node=1 to node=0 maxPacketCount=262144 tag=213 flow_id=893 at time=57606727
***** info: fwd pass comm collective for layer: mlp_moelayer is finished************
DEBUG_CHUNK_SIZE: size=20971520, preferred_dataset_splits=1, resulting chunk_size=20971520
DEBUG_COLLECTIVE_TYPE: layer=107, event=UNKNOWN (raw=0), size=20971520, chunk_size=20971520
DEBUG_STREAM_COUNT: chunk size is: 20971520 , size is: 20971520 , layer_num is: 107 , node: 0
DEBUG_STREAM_CREATE: Creating stream #105 for dataset id: 583 (total_streams=1)
DEBUG_STREAM_COUNT: Generated 1 streams for layer 107 (UNKNOWN), total injected: 106
info: all-to-all forward pass collective issued for layer: mlp_moelayer, involved dimensions:  1, 0, 0, 0, 0, 0, 0, 0, 0, 0,
[FLOW_DEBUG] Initiating flow from node=1 to node=0 maxPacketCount=10485760 tag=214 flow_id=895 at time=57612549
[FLOW_DEBUG] Initiating flow from node=0 to node=1 maxPacketCount=10485760 tag=214 flow_id=894 at time=57612549
***** info: fwd pass comm collective for layer: mlp_moelayer is finished************
DEBUG_CHUNK_SIZE: size=83886080, preferred_dataset_splits=1, resulting chunk_size=83886080
DEBUG_COLLECTIVE_TYPE: layer=108, event=UNKNOWN (raw=0), size=83886080, chunk_size=83886080
DEBUG_STREAM_COUNT: chunk size is: 83886080 , size is: 83886080 , layer_num is: 108 , node: 0
DEBUG_STREAM_CREATE: Creating stream #106 for dataset id: 584 (total_streams=1)
DEBUG_STREAM_COUNT: Generated 1 streams for layer 108 (UNKNOWN), total injected: 107
info: all-to-all forward pass collective issued for layer: mlp_moelayer, involved dimensions:  1, 0, 0, 0, 0, 0, 0, 0, 0, 0,
[FLOW_DEBUG] Initiating flow from node=0 to node=1 maxPacketCount=41943040 tag=216 flow_id=896 at time=57706918
[FLOW_DEBUG] Initiating flow from node=1 to node=0 maxPacketCount=41943040 tag=216 flow_id=897 at time=57706918
***** info: fwd pass comm collective for layer: mlp_moelayer is finished************
DEBUG_CHUNK_SIZE: size=83886080, preferred_dataset_splits=1, resulting chunk_size=83886080
DEBUG_COLLECTIVE_TYPE: layer=109, event=UNKNOWN (raw=0), size=83886080, chunk_size=83886080
DEBUG_STREAM_COUNT: chunk size is: 83886080 , size is: 83886080 , layer_num is: 109 , node: 0
DEBUG_STREAM_CREATE: Creating stream #107 for dataset id: 587 (total_streams=1)
DEBUG_STREAM_COUNT: Generated 1 streams for layer 109 (UNKNOWN), total injected: 108
info: all-gather forward pass collective issued for layer: mlp_moelayer, involved dimensions:  1, 0, 0, 0, 0, 0, 0, 0, 0, 0,
[FLOW_DEBUG] Initiating flow from node=1 to node=0 maxPacketCount=20971520 tag=218 flow_id=899 at time=58080907
[FLOW_DEBUG] Initiating flow from node=1 to node=0 maxPacketCount=20971520 tag=219 flow_id=901 at time=58080907
[FLOW_DEBUG] Initiating flow from node=0 to node=1 maxPacketCount=20971520 tag=218 flow_id=898 at time=58080907
[FLOW_DEBUG] Initiating flow from node=0 to node=1 maxPacketCount=20971520 tag=219 flow_id=900 at time=58080907
***** info: fwd pass comm collective for layer: mlp_moelayer is finished************
DEBUG_CHUNK_SIZE: size=83886080, preferred_dataset_splits=1, resulting chunk_size=83886080
DEBUG_COLLECTIVE_TYPE: layer=110, event=UNKNOWN (raw=0), size=83886080, chunk_size=83886080
DEBUG_STREAM_COUNT: chunk size is: 83886080 , size is: 83886080 , layer_num is: 110 , node: 0
DEBUG_STREAM_CREATE: Creating stream #108 for dataset id: 588 (total_streams=1)
DEBUG_STREAM_COUNT: Generated 1 streams for layer 110 (UNKNOWN), total injected: 109
info: reduce-scatter forward pass collective issued for layer: mlp_moelayer, involved dimensions:  1, 0, 0, 0, 0, 0, 0, 0, 0, 0,
[FLOW_DEBUG] Initiating flow from node=0 to node=1 maxPacketCount=20971520 tag=220 flow_id=902 at time=58454895
[FLOW_DEBUG] Initiating flow from node=0 to node=1 maxPacketCount=20971520 tag=221 flow_id=904 at time=58454895
[FLOW_DEBUG] Initiating flow from node=1 to node=0 maxPacketCount=20971520 tag=220 flow_id=903 at time=58454895
[FLOW_DEBUG] Initiating flow from node=1 to node=0 maxPacketCount=20971520 tag=221 flow_id=905 at time=58454895
***** info: fwd pass comm collective for layer: mlp_moelayer is finished************
DEBUG_CHUNK_SIZE: size=83886080, preferred_dataset_splits=1, resulting chunk_size=83886080
DEBUG_COLLECTIVE_TYPE: layer=111, event=UNKNOWN (raw=0), size=83886080, chunk_size=83886080
DEBUG_STREAM_COUNT: chunk size is: 83886080 , size is: 83886080 , layer_num is: 111 , node: 0
DEBUG_STREAM_CREATE: Creating stream #109 for dataset id: 591 (total_streams=1)
DEBUG_STREAM_COUNT: Generated 1 streams for layer 111 (UNKNOWN), total injected: 110
info: all-to-all forward pass collective issued for layer: mlp_moelayer, involved dimensions:  1, 0, 0, 0, 0, 0, 0, 0, 0, 0,
[FLOW_DEBUG] Initiating flow from node=1 to node=0 maxPacketCount=41943040 tag=222 flow_id=907 at time=58828883
[FLOW_DEBUG] Initiating flow from node=0 to node=1 maxPacketCount=41943040 tag=222 flow_id=906 at time=58828883
***** info: fwd pass comm collective for layer: mlp_moelayer is finished************
DEBUG_CHUNK_SIZE: size=20971520, preferred_dataset_splits=1, resulting chunk_size=20971520
DEBUG_COLLECTIVE_TYPE: layer=112, event=UNKNOWN (raw=0), size=20971520, chunk_size=20971520
DEBUG_STREAM_COUNT: chunk size is: 20971520 , size is: 20971520 , layer_num is: 112 , node: 0
DEBUG_STREAM_CREATE: Creating stream #110 for dataset id: 592 (total_streams=1)
DEBUG_STREAM_COUNT: Generated 1 streams for layer 112 (UNKNOWN), total injected: 111
info: all-to-all forward pass collective issued for layer: mlp_moelayer, involved dimensions:  1, 0, 0, 0, 0, 0, 0, 0, 0, 0,
[FLOW_DEBUG] Initiating flow from node=0 to node=1 maxPacketCount=10485760 tag=224 flow_id=908 at time=59202872
[FLOW_DEBUG] Initiating flow from node=1 to node=0 maxPacketCount=10485760 tag=224 flow_id=909 at time=59202872
***** info: fwd pass comm collective for layer: mlp_moelayer is finished************
DEBUG_CHUNK_SIZE: size=41943040, preferred_dataset_splits=1, resulting chunk_size=41943040
DEBUG_COLLECTIVE_TYPE: layer=113, event=UNKNOWN (raw=0), size=41943040, chunk_size=41943040
DEBUG_STREAM_COUNT: chunk size is: 41943040 , size is: 41943040 , layer_num is: 113 , node: 0
DEBUG_STREAM_CREATE: Creating stream #111 for dataset id: 595 (total_streams=1)
DEBUG_STREAM_COUNT: Generated 1 streams for layer 113 (UNKNOWN), total injected: 112
info: all-gather forward pass collective issued for layer: attention_column, involved dimensions:  1, 0, 0, 0, 0, 0, 0, 0, 0, 0,
[FLOW_DEBUG] Initiating flow from node=1 to node=0 maxPacketCount=10485760 tag=226 flow_id=911 at time=59297241
[FLOW_DEBUG] Initiating flow from node=1 to node=0 maxPacketCount=10485760 tag=227 flow_id=913 at time=59297241
[FLOW_DEBUG] Initiating flow from node=0 to node=1 maxPacketCount=10485760 tag=226 flow_id=910 at time=59297241
[FLOW_DEBUG] Initiating flow from node=0 to node=1 maxPacketCount=10485760 tag=227 flow_id=912 at time=59297241
***** info: fwd pass comm collective for layer: attention_column is finished************
DEBUG_CHUNK_SIZE: size=41943040, preferred_dataset_splits=1, resulting chunk_size=41943040
DEBUG_COLLECTIVE_TYPE: layer=114, event=UNKNOWN (raw=0), size=41943040, chunk_size=41943040
DEBUG_STREAM_COUNT: chunk size is: 41943040 , size is: 41943040 , layer_num is: 114 , node: 0
DEBUG_STREAM_CREATE: Creating stream #112 for dataset id: 596 (total_streams=1)
DEBUG_STREAM_COUNT: Generated 1 streams for layer 114 (UNKNOWN), total injected: 113
info: reduce-scatter forward pass collective issued for layer: attention_row, involved dimensions:  1, 0, 0, 0, 0, 0, 0, 0, 0, 0,
[FLOW_DEBUG] Initiating flow from node=0 to node=1 maxPacketCount=10485760 tag=228 flow_id=914 at time=59484817
[FLOW_DEBUG] Initiating flow from node=0 to node=1 maxPacketCount=10485760 tag=229 flow_id=916 at time=59484817
[FLOW_DEBUG] Initiating flow from node=1 to node=0 maxPacketCount=10485760 tag=228 flow_id=915 at time=59484817
[FLOW_DEBUG] Initiating flow from node=1 to node=0 maxPacketCount=10485760 tag=229 flow_id=917 at time=59484817
***** info: fwd pass comm collective for layer: attention_row is finished************
DEBUG_CHUNK_SIZE: size=1048576, preferred_dataset_splits=1, resulting chunk_size=1048576
DEBUG_COLLECTIVE_TYPE: layer=115, event=UNKNOWN (raw=0), size=1048576, chunk_size=1048576
DEBUG_STREAM_COUNT: chunk size is: 1048576 , size is: 1048576 , layer_num is: 115 , node: 0
DEBUG_STREAM_CREATE: Creating stream #113 for dataset id: 599 (total_streams=1)
DEBUG_STREAM_COUNT: Generated 1 streams for layer 115 (UNKNOWN), total injected: 114
info: all-gather forward pass collective issued for layer: mlp_moelayer, involved dimensions:  1, 0, 0, 0, 0, 0, 0, 0, 0, 0,
[FLOW_DEBUG] Initiating flow from node=1 to node=0 maxPacketCount=262144 tag=230 flow_id=919 at time=59672393
[FLOW_DEBUG] Initiating flow from node=1 to node=0 maxPacketCount=262144 tag=231 flow_id=921 at time=59672393
[FLOW_DEBUG] Initiating flow from node=0 to node=1 maxPacketCount=262144 tag=230 flow_id=918 at time=59672393
[FLOW_DEBUG] Initiating flow from node=0 to node=1 maxPacketCount=262144 tag=231 flow_id=920 at time=59672393
***** info: fwd pass comm collective for layer: mlp_moelayer is finished************
DEBUG_CHUNK_SIZE: size=20971520, preferred_dataset_splits=1, resulting chunk_size=20971520
DEBUG_COLLECTIVE_TYPE: layer=116, event=UNKNOWN (raw=0), size=20971520, chunk_size=20971520
DEBUG_STREAM_COUNT: chunk size is: 20971520 , size is: 20971520 , layer_num is: 116 , node: 0
DEBUG_STREAM_CREATE: Creating stream #114 for dataset id: 600 (total_streams=1)
DEBUG_STREAM_COUNT: Generated 1 streams for layer 116 (UNKNOWN), total injected: 115
info: all-to-all forward pass collective issued for layer: mlp_moelayer, involved dimensions:  1, 0, 0, 0, 0, 0, 0, 0, 0, 0,
[FLOW_DEBUG] Initiating flow from node=0 to node=1 maxPacketCount=10485760 tag=232 flow_id=922 at time=59678215
[FLOW_DEBUG] Initiating flow from node=1 to node=0 maxPacketCount=10485760 tag=232 flow_id=923 at time=59678215
***** info: fwd pass comm collective for layer: mlp_moelayer is finished************
DEBUG_CHUNK_SIZE: size=83886080, preferred_dataset_splits=1, resulting chunk_size=83886080
DEBUG_COLLECTIVE_TYPE: layer=117, event=UNKNOWN (raw=0), size=83886080, chunk_size=83886080
DEBUG_STREAM_COUNT: chunk size is: 83886080 , size is: 83886080 , layer_num is: 117 , node: 0
DEBUG_STREAM_CREATE: Creating stream #115 for dataset id: 603 (total_streams=1)
DEBUG_STREAM_COUNT: Generated 1 streams for layer 117 (UNKNOWN), total injected: 116
info: all-to-all forward pass collective issued for layer: mlp_moelayer, involved dimensions:  1, 0, 0, 0, 0, 0, 0, 0, 0, 0,
[FLOW_DEBUG] Initiating flow from node=1 to node=0 maxPacketCount=41943040 tag=234 flow_id=925 at time=59772584
[FLOW_DEBUG] Initiating flow from node=0 to node=1 maxPacketCount=41943040 tag=234 flow_id=924 at time=59772584
***** info: fwd pass comm collective for layer: mlp_moelayer is finished************
DEBUG_CHUNK_SIZE: size=83886080, preferred_dataset_splits=1, resulting chunk_size=83886080
DEBUG_COLLECTIVE_TYPE: layer=118, event=UNKNOWN (raw=0), size=83886080, chunk_size=83886080
DEBUG_STREAM_COUNT: chunk size is: 83886080 , size is: 83886080 , layer_num is: 118 , node: 0
DEBUG_STREAM_CREATE: Creating stream #116 for dataset id: 604 (total_streams=1)
DEBUG_STREAM_COUNT: Generated 1 streams for layer 118 (UNKNOWN), total injected: 117
info: all-gather forward pass collective issued for layer: mlp_moelayer, involved dimensions:  1, 0, 0, 0, 0, 0, 0, 0, 0, 0,
[FLOW_DEBUG] Initiating flow from node=0 to node=1 maxPacketCount=20971520 tag=236 flow_id=926 at time=60146573
[FLOW_DEBUG] Initiating flow from node=0 to node=1 maxPacketCount=20971520 tag=237 flow_id=928 at time=60146573
[FLOW_DEBUG] Initiating flow from node=1 to node=0 maxPacketCount=20971520 tag=236 flow_id=927 at time=60146573
[FLOW_DEBUG] Initiating flow from node=1 to node=0 maxPacketCount=20971520 tag=237 flow_id=929 at time=60146573
***** info: fwd pass comm collective for layer: mlp_moelayer is finished************
DEBUG_CHUNK_SIZE: size=83886080, preferred_dataset_splits=1, resulting chunk_size=83886080
DEBUG_COLLECTIVE_TYPE: layer=119, event=UNKNOWN (raw=0), size=83886080, chunk_size=83886080
DEBUG_STREAM_COUNT: chunk size is: 83886080 , size is: 83886080 , layer_num is: 119 , node: 0
DEBUG_STREAM_CREATE: Creating stream #117 for dataset id: 607 (total_streams=1)
DEBUG_STREAM_COUNT: Generated 1 streams for layer 119 (UNKNOWN), total injected: 118
info: reduce-scatter forward pass collective issued for layer: mlp_moelayer, involved dimensions:  1, 0, 0, 0, 0, 0, 0, 0, 0, 0,
[FLOW_DEBUG] Initiating flow from node=1 to node=0 maxPacketCount=20971520 tag=238 flow_id=931 at time=60520561
[FLOW_DEBUG] Initiating flow from node=1 to node=0 maxPacketCount=20971520 tag=239 flow_id=933 at time=60520561
[FLOW_DEBUG] Initiating flow from node=0 to node=1 maxPacketCount=20971520 tag=238 flow_id=930 at time=60520561
[FLOW_DEBUG] Initiating flow from node=0 to node=1 maxPacketCount=20971520 tag=239 flow_id=932 at time=60520561
***** info: fwd pass comm collective for layer: mlp_moelayer is finished************
DEBUG_CHUNK_SIZE: size=83886080, preferred_dataset_splits=1, resulting chunk_size=83886080
DEBUG_COLLECTIVE_TYPE: layer=120, event=UNKNOWN (raw=0), size=83886080, chunk_size=83886080
DEBUG_STREAM_COUNT: chunk size is: 83886080 , size is: 83886080 , layer_num is: 120 , node: 0
DEBUG_STREAM_CREATE: Creating stream #118 for dataset id: 608 (total_streams=1)
DEBUG_STREAM_COUNT: Generated 1 streams for layer 120 (UNKNOWN), total injected: 119
info: all-to-all forward pass collective issued for layer: mlp_moelayer, involved dimensions:  1, 0, 0, 0, 0, 0, 0, 0, 0, 0,
[FLOW_DEBUG] Initiating flow from node=0 to node=1 maxPacketCount=41943040 tag=240 flow_id=934 at time=60894549
[FLOW_DEBUG] Initiating flow from node=1 to node=0 maxPacketCount=41943040 tag=240 flow_id=935 at time=60894549
***** info: fwd pass comm collective for layer: mlp_moelayer is finished************
DEBUG_CHUNK_SIZE: size=20971520, preferred_dataset_splits=1, resulting chunk_size=20971520
DEBUG_COLLECTIVE_TYPE: layer=121, event=UNKNOWN (raw=0), size=20971520, chunk_size=20971520
DEBUG_STREAM_COUNT: chunk size is: 20971520 , size is: 20971520 , layer_num is: 121 , node: 0
DEBUG_STREAM_CREATE: Creating stream #119 for dataset id: 611 (total_streams=1)
DEBUG_STREAM_COUNT: Generated 1 streams for layer 121 (UNKNOWN), total injected: 120
info: all-to-all forward pass collective issued for layer: mlp_moelayer, involved dimensions:  1, 0, 0, 0, 0, 0, 0, 0, 0, 0,
[FLOW_DEBUG] Initiating flow from node=1 to node=0 maxPacketCount=10485760 tag=242 flow_id=937 at time=61268538
[FLOW_DEBUG] Initiating flow from node=0 to node=1 maxPacketCount=10485760 tag=242 flow_id=936 at time=61268538
***** info: fwd pass comm collective for layer: mlp_moelayer is finished************
DEBUG_CHUNK_SIZE: size=41943040, preferred_dataset_splits=1, resulting chunk_size=41943040
DEBUG_COLLECTIVE_TYPE: layer=122, event=UNKNOWN (raw=0), size=41943040, chunk_size=41943040
DEBUG_STREAM_COUNT: chunk size is: 41943040 , size is: 41943040 , layer_num is: 122 , node: 0
DEBUG_STREAM_CREATE: Creating stream #120 for dataset id: 612 (total_streams=1)
DEBUG_STREAM_COUNT: Generated 1 streams for layer 122 (UNKNOWN), total injected: 121
info: all-gather forward pass collective issued for layer: attention_column, involved dimensions:  1, 0, 0, 0, 0, 0, 0, 0, 0, 0,
[FLOW_DEBUG] Initiating flow from node=0 to node=1 maxPacketCount=10485760 tag=244 flow_id=938 at time=61362907
[FLOW_DEBUG] Initiating flow from node=0 to node=1 maxPacketCount=10485760 tag=245 flow_id=940 at time=61362907
[FLOW_DEBUG] Initiating flow from node=1 to node=0 maxPacketCount=10485760 tag=244 flow_id=939 at time=61362907
[FLOW_DEBUG] Initiating flow from node=1 to node=0 maxPacketCount=10485760 tag=245 flow_id=941 at time=61362907
***** info: fwd pass comm collective for layer: attention_column is finished************
DEBUG_CHUNK_SIZE: size=41943040, preferred_dataset_splits=1, resulting chunk_size=41943040
DEBUG_COLLECTIVE_TYPE: layer=123, event=UNKNOWN (raw=0), size=41943040, chunk_size=41943040
DEBUG_STREAM_COUNT: chunk size is: 41943040 , size is: 41943040 , layer_num is: 123 , node: 0
DEBUG_STREAM_CREATE: Creating stream #121 for dataset id: 615 (total_streams=1)
DEBUG_STREAM_COUNT: Generated 1 streams for layer 123 (UNKNOWN), total injected: 122
info: reduce-scatter forward pass collective issued for layer: attention_row, involved dimensions:  1, 0, 0, 0, 0, 0, 0, 0, 0, 0,
[FLOW_DEBUG] Initiating flow from node=1 to node=0 maxPacketCount=10485760 tag=246 flow_id=943 at time=61550483
[FLOW_DEBUG] Initiating flow from node=1 to node=0 maxPacketCount=10485760 tag=247 flow_id=945 at time=61550483
[FLOW_DEBUG] Initiating flow from node=0 to node=1 maxPacketCount=10485760 tag=246 flow_id=942 at time=61550483
[FLOW_DEBUG] Initiating flow from node=0 to node=1 maxPacketCount=10485760 tag=247 flow_id=944 at time=61550483
***** info: fwd pass comm collective for layer: attention_row is finished************
DEBUG_CHUNK_SIZE: size=1048576, preferred_dataset_splits=1, resulting chunk_size=1048576
DEBUG_COLLECTIVE_TYPE: layer=124, event=UNKNOWN (raw=0), size=1048576, chunk_size=1048576
DEBUG_STREAM_COUNT: chunk size is: 1048576 , size is: 1048576 , layer_num is: 124 , node: 0
DEBUG_STREAM_CREATE: Creating stream #122 for dataset id: 616 (total_streams=1)
DEBUG_STREAM_COUNT: Generated 1 streams for layer 124 (UNKNOWN), total injected: 123
info: all-gather forward pass collective issued for layer: mlp_moelayer, involved dimensions:  1, 0, 0, 0, 0, 0, 0, 0, 0, 0,
[FLOW_DEBUG] Initiating flow from node=0 to node=1 maxPacketCount=262144 tag=248 flow_id=946 at time=61738059
[FLOW_DEBUG] Initiating flow from node=0 to node=1 maxPacketCount=262144 tag=249 flow_id=948 at time=61738059
[FLOW_DEBUG] Initiating flow from node=1 to node=0 maxPacketCount=262144 tag=248 flow_id=947 at time=61738059
[FLOW_DEBUG] Initiating flow from node=1 to node=0 maxPacketCount=262144 tag=249 flow_id=949 at time=61738059
***** info: fwd pass comm collective for layer: mlp_moelayer is finished************
DEBUG_CHUNK_SIZE: size=20971520, preferred_dataset_splits=1, resulting chunk_size=20971520
DEBUG_COLLECTIVE_TYPE: layer=125, event=UNKNOWN (raw=0), size=20971520, chunk_size=20971520
DEBUG_STREAM_COUNT: chunk size is: 20971520 , size is: 20971520 , layer_num is: 125 , node: 0
DEBUG_STREAM_CREATE: Creating stream #123 for dataset id: 619 (total_streams=1)
DEBUG_STREAM_COUNT: Generated 1 streams for layer 125 (UNKNOWN), total injected: 124
info: all-to-all forward pass collective issued for layer: mlp_moelayer, involved dimensions:  1, 0, 0, 0, 0, 0, 0, 0, 0, 0,
[FLOW_DEBUG] Initiating flow from node=1 to node=0 maxPacketCount=10485760 tag=250 flow_id=951 at time=61743881
[FLOW_DEBUG] Initiating flow from node=0 to node=1 maxPacketCount=10485760 tag=250 flow_id=950 at time=61743881
***** info: fwd pass comm collective for layer: mlp_moelayer is finished************
DEBUG_CHUNK_SIZE: size=83886080, preferred_dataset_splits=1, resulting chunk_size=83886080
DEBUG_COLLECTIVE_TYPE: layer=126, event=UNKNOWN (raw=0), size=83886080, chunk_size=83886080
DEBUG_STREAM_COUNT: chunk size is: 83886080 , size is: 83886080 , layer_num is: 126 , node: 0
DEBUG_STREAM_CREATE: Creating stream #124 for dataset id: 620 (total_streams=1)
DEBUG_STREAM_COUNT: Generated 1 streams for layer 126 (UNKNOWN), total injected: 125
info: all-to-all forward pass collective issued for layer: mlp_moelayer, involved dimensions:  1, 0, 0, 0, 0, 0, 0, 0, 0, 0,
[FLOW_DEBUG] Initiating flow from node=0 to node=1 maxPacketCount=41943040 tag=252 flow_id=952 at time=61838250
[FLOW_DEBUG] Initiating flow from node=1 to node=0 maxPacketCount=41943040 tag=252 flow_id=953 at time=61838250
***** info: fwd pass comm collective for layer: mlp_moelayer is finished************
DEBUG_CHUNK_SIZE: size=83886080, preferred_dataset_splits=1, resulting chunk_size=83886080
DEBUG_COLLECTIVE_TYPE: layer=127, event=UNKNOWN (raw=0), size=83886080, chunk_size=83886080
DEBUG_STREAM_COUNT: chunk size is: 83886080 , size is: 83886080 , layer_num is: 127 , node: 0
DEBUG_STREAM_CREATE: Creating stream #125 for dataset id: 623 (total_streams=1)
DEBUG_STREAM_COUNT: Generated 1 streams for layer 127 (UNKNOWN), total injected: 126
info: all-gather forward pass collective issued for layer: mlp_moelayer, involved dimensions:  1, 0, 0, 0, 0, 0, 0, 0, 0, 0,
[FLOW_DEBUG] Initiating flow from node=1 to node=0 maxPacketCount=20971520 tag=254 flow_id=955 at time=62212239
[FLOW_DEBUG] Initiating flow from node=1 to node=0 maxPacketCount=20971520 tag=255 flow_id=957 at time=62212239
[FLOW_DEBUG] Initiating flow from node=0 to node=1 maxPacketCount=20971520 tag=254 flow_id=954 at time=62212239
[FLOW_DEBUG] Initiating flow from node=0 to node=1 maxPacketCount=20971520 tag=255 flow_id=956 at time=62212239
***** info: fwd pass comm collective for layer: mlp_moelayer is finished************
DEBUG_CHUNK_SIZE: size=83886080, preferred_dataset_splits=1, resulting chunk_size=83886080
DEBUG_COLLECTIVE_TYPE: layer=128, event=UNKNOWN (raw=0), size=83886080, chunk_size=83886080
DEBUG_STREAM_COUNT: chunk size is: 83886080 , size is: 83886080 , layer_num is: 128 , node: 0
DEBUG_STREAM_CREATE: Creating stream #126 for dataset id: 624 (total_streams=1)
DEBUG_STREAM_COUNT: Generated 1 streams for layer 128 (UNKNOWN), total injected: 127
info: reduce-scatter forward pass collective issued for layer: mlp_moelayer, involved dimensions:  1, 0, 0, 0, 0, 0, 0, 0, 0, 0,
[FLOW_DEBUG] Initiating flow from node=0 to node=1 maxPacketCount=20971520 tag=256 flow_id=958 at time=62586227
[FLOW_DEBUG] Initiating flow from node=0 to node=1 maxPacketCount=20971520 tag=257 flow_id=960 at time=62586227
[FLOW_DEBUG] Initiating flow from node=1 to node=0 maxPacketCount=20971520 tag=256 flow_id=959 at time=62586227
[FLOW_DEBUG] Initiating flow from node=1 to node=0 maxPacketCount=20971520 tag=257 flow_id=961 at time=62586227
***** info: fwd pass comm collective for layer: mlp_moelayer is finished************
DEBUG_CHUNK_SIZE: size=83886080, preferred_dataset_splits=1, resulting chunk_size=83886080
DEBUG_COLLECTIVE_TYPE: layer=129, event=UNKNOWN (raw=0), size=83886080, chunk_size=83886080
DEBUG_STREAM_COUNT: chunk size is: 83886080 , size is: 83886080 , layer_num is: 129 , node: 0
DEBUG_STREAM_CREATE: Creating stream #127 for dataset id: 627 (total_streams=1)
DEBUG_STREAM_COUNT: Generated 1 streams for layer 129 (UNKNOWN), total injected: 128
info: all-to-all forward pass collective issued for layer: mlp_moelayer, involved dimensions:  1, 0, 0, 0, 0, 0, 0, 0, 0, 0,
[FLOW_DEBUG] Initiating flow from node=1 to node=0 maxPacketCount=41943040 tag=258 flow_id=963 at time=62960215
[FLOW_DEBUG] Initiating flow from node=0 to node=1 maxPacketCount=41943040 tag=258 flow_id=962 at time=62960215
***** info: fwd pass comm collective for layer: mlp_moelayer is finished************
DEBUG_CHUNK_SIZE: size=20971520, preferred_dataset_splits=1, resulting chunk_size=20971520
DEBUG_COLLECTIVE_TYPE: layer=130, event=UNKNOWN (raw=0), size=20971520, chunk_size=20971520
DEBUG_STREAM_COUNT: chunk size is: 20971520 , size is: 20971520 , layer_num is: 130 , node: 0
DEBUG_STREAM_CREATE: Creating stream #128 for dataset id: 628 (total_streams=1)
DEBUG_STREAM_COUNT: Generated 1 streams for layer 130 (UNKNOWN), total injected: 129
info: all-to-all forward pass collective issued for layer: mlp_moelayer, involved dimensions:  1, 0, 0, 0, 0, 0, 0, 0, 0, 0,
[FLOW_DEBUG] Initiating flow from node=0 to node=1 maxPacketCount=10485760 tag=260 flow_id=964 at time=63334204
[FLOW_DEBUG] Initiating flow from node=1 to node=0 maxPacketCount=10485760 tag=260 flow_id=965 at time=63334204
***** info: fwd pass comm collective for layer: mlp_moelayer is finished************
DEBUG_CHUNK_SIZE: size=41943040, preferred_dataset_splits=1, resulting chunk_size=41943040
DEBUG_COLLECTIVE_TYPE: layer=131, event=UNKNOWN (raw=0), size=41943040, chunk_size=41943040
DEBUG_STREAM_COUNT: chunk size is: 41943040 , size is: 41943040 , layer_num is: 131 , node: 0
DEBUG_STREAM_CREATE: Creating stream #129 for dataset id: 631 (total_streams=1)
DEBUG_STREAM_COUNT: Generated 1 streams for layer 131 (UNKNOWN), total injected: 130
info: all-gather forward pass collective issued for layer: attention_column, involved dimensions:  1, 0, 0, 0, 0, 0, 0, 0, 0, 0,
[FLOW_DEBUG] Initiating flow from node=1 to node=0 maxPacketCount=10485760 tag=262 flow_id=967 at time=63428573
[FLOW_DEBUG] Initiating flow from node=1 to node=0 maxPacketCount=10485760 tag=263 flow_id=969 at time=63428573
[FLOW_DEBUG] Initiating flow from node=0 to node=1 maxPacketCount=10485760 tag=262 flow_id=966 at time=63428573
[FLOW_DEBUG] Initiating flow from node=0 to node=1 maxPacketCount=10485760 tag=263 flow_id=968 at time=63428573
***** info: fwd pass comm collective for layer: attention_column is finished************
DEBUG_CHUNK_SIZE: size=41943040, preferred_dataset_splits=1, resulting chunk_size=41943040
DEBUG_COLLECTIVE_TYPE: layer=132, event=UNKNOWN (raw=0), size=41943040, chunk_size=41943040
DEBUG_STREAM_COUNT: chunk size is: 41943040 , size is: 41943040 , layer_num is: 132 , node: 0
DEBUG_STREAM_CREATE: Creating stream #130 for dataset id: 632 (total_streams=1)
DEBUG_STREAM_COUNT: Generated 1 streams for layer 132 (UNKNOWN), total injected: 131
info: reduce-scatter forward pass collective issued for layer: attention_row, involved dimensions:  1, 0, 0, 0, 0, 0, 0, 0, 0, 0,
[FLOW_DEBUG] Initiating flow from node=0 to node=1 maxPacketCount=10485760 tag=264 flow_id=970 at time=63616149
[FLOW_DEBUG] Initiating flow from node=0 to node=1 maxPacketCount=10485760 tag=265 flow_id=972 at time=63616149
[FLOW_DEBUG] Initiating flow from node=1 to node=0 maxPacketCount=10485760 tag=264 flow_id=971 at time=63616149
[FLOW_DEBUG] Initiating flow from node=1 to node=0 maxPacketCount=10485760 tag=265 flow_id=973 at time=63616149
***** info: fwd pass comm collective for layer: attention_row is finished************
DEBUG_CHUNK_SIZE: size=1048576, preferred_dataset_splits=1, resulting chunk_size=1048576
DEBUG_COLLECTIVE_TYPE: layer=133, event=UNKNOWN (raw=0), size=1048576, chunk_size=1048576
DEBUG_STREAM_COUNT: chunk size is: 1048576 , size is: 1048576 , layer_num is: 133 , node: 0
DEBUG_STREAM_CREATE: Creating stream #131 for dataset id: 635 (total_streams=1)
DEBUG_STREAM_COUNT: Generated 1 streams for layer 133 (UNKNOWN), total injected: 132
info: all-gather forward pass collective issued for layer: mlp_moelayer, involved dimensions:  1, 0, 0, 0, 0, 0, 0, 0, 0, 0,
[FLOW_DEBUG] Initiating flow from node=1 to node=0 maxPacketCount=262144 tag=266 flow_id=975 at time=63803725
[FLOW_DEBUG] Initiating flow from node=1 to node=0 maxPacketCount=262144 tag=267 flow_id=977 at time=63803725
[FLOW_DEBUG] Initiating flow from node=0 to node=1 maxPacketCount=262144 tag=266 flow_id=974 at time=63803725
[FLOW_DEBUG] Initiating flow from node=0 to node=1 maxPacketCount=262144 tag=267 flow_id=976 at time=63803725
***** info: fwd pass comm collective for layer: mlp_moelayer is finished************
DEBUG_CHUNK_SIZE: size=20971520, preferred_dataset_splits=1, resulting chunk_size=20971520
DEBUG_COLLECTIVE_TYPE: layer=134, event=UNKNOWN (raw=0), size=20971520, chunk_size=20971520
DEBUG_STREAM_COUNT: chunk size is: 20971520 , size is: 20971520 , layer_num is: 134 , node: 0
DEBUG_STREAM_CREATE: Creating stream #132 for dataset id: 636 (total_streams=1)
DEBUG_STREAM_COUNT: Generated 1 streams for layer 134 (UNKNOWN), total injected: 133
info: all-to-all forward pass collective issued for layer: mlp_moelayer, involved dimensions:  1, 0, 0, 0, 0, 0, 0, 0, 0, 0,
[FLOW_DEBUG] Initiating flow from node=0 to node=1 maxPacketCount=10485760 tag=268 flow_id=978 at time=63809547
[FLOW_DEBUG] Initiating flow from node=1 to node=0 maxPacketCount=10485760 tag=268 flow_id=979 at time=63809547
***** info: fwd pass comm collective for layer: mlp_moelayer is finished************
DEBUG_CHUNK_SIZE: size=83886080, preferred_dataset_splits=1, resulting chunk_size=83886080
DEBUG_COLLECTIVE_TYPE: layer=135, event=UNKNOWN (raw=0), size=83886080, chunk_size=83886080
DEBUG_STREAM_COUNT: chunk size is: 83886080 , size is: 83886080 , layer_num is: 135 , node: 0
DEBUG_STREAM_CREATE: Creating stream #133 for dataset id: 639 (total_streams=1)
DEBUG_STREAM_COUNT: Generated 1 streams for layer 135 (UNKNOWN), total injected: 134
info: all-to-all forward pass collective issued for layer: mlp_moelayer, involved dimensions:  1, 0, 0, 0, 0, 0, 0, 0, 0, 0,
[FLOW_DEBUG] Initiating flow from node=1 to node=0 maxPacketCount=41943040 tag=270 flow_id=981 at time=63903916
[FLOW_DEBUG] Initiating flow from node=0 to node=1 maxPacketCount=41943040 tag=270 flow_id=980 at time=63903916
***** info: fwd pass comm collective for layer: mlp_moelayer is finished************
DEBUG_CHUNK_SIZE: size=83886080, preferred_dataset_splits=1, resulting chunk_size=83886080
DEBUG_COLLECTIVE_TYPE: layer=136, event=UNKNOWN (raw=0), size=83886080, chunk_size=83886080
DEBUG_STREAM_COUNT: chunk size is: 83886080 , size is: 83886080 , layer_num is: 136 , node: 0
DEBUG_STREAM_CREATE: Creating stream #134 for dataset id: 640 (total_streams=1)
DEBUG_STREAM_COUNT: Generated 1 streams for layer 136 (UNKNOWN), total injected: 135
info: all-gather forward pass collective issued for layer: mlp_moelayer, involved dimensions:  1, 0, 0, 0, 0, 0, 0, 0, 0, 0,
[FLOW_DEBUG] Initiating flow from node=0 to node=1 maxPacketCount=20971520 tag=272 flow_id=982 at time=64277905
[FLOW_DEBUG] Initiating flow from node=0 to node=1 maxPacketCount=20971520 tag=273 flow_id=984 at time=64277905
[FLOW_DEBUG] Initiating flow from node=1 to node=0 maxPacketCount=20971520 tag=272 flow_id=983 at time=64277905
[FLOW_DEBUG] Initiating flow from node=1 to node=0 maxPacketCount=20971520 tag=273 flow_id=985 at time=64277905
***** info: fwd pass comm collective for layer: mlp_moelayer is finished************
DEBUG_CHUNK_SIZE: size=83886080, preferred_dataset_splits=1, resulting chunk_size=83886080
DEBUG_COLLECTIVE_TYPE: layer=137, event=UNKNOWN (raw=0), size=83886080, chunk_size=83886080
DEBUG_STREAM_COUNT: chunk size is: 83886080 , size is: 83886080 , layer_num is: 137 , node: 0
DEBUG_STREAM_CREATE: Creating stream #135 for dataset id: 643 (total_streams=1)
DEBUG_STREAM_COUNT: Generated 1 streams for layer 137 (UNKNOWN), total injected: 136
info: reduce-scatter forward pass collective issued for layer: mlp_moelayer, involved dimensions:  1, 0, 0, 0, 0, 0, 0, 0, 0, 0,
[FLOW_DEBUG] Initiating flow from node=1 to node=0 maxPacketCount=20971520 tag=274 flow_id=987 at time=64651893
[FLOW_DEBUG] Initiating flow from node=1 to node=0 maxPacketCount=20971520 tag=275 flow_id=989 at time=64651893
[FLOW_DEBUG] Initiating flow from node=0 to node=1 maxPacketCount=20971520 tag=274 flow_id=986 at time=64651893
[FLOW_DEBUG] Initiating flow from node=0 to node=1 maxPacketCount=20971520 tag=275 flow_id=988 at time=64651893
***** info: fwd pass comm collective for layer: mlp_moelayer is finished************
DEBUG_CHUNK_SIZE: size=83886080, preferred_dataset_splits=1, resulting chunk_size=83886080
DEBUG_COLLECTIVE_TYPE: layer=138, event=UNKNOWN (raw=0), size=83886080, chunk_size=83886080
DEBUG_STREAM_COUNT: chunk size is: 83886080 , size is: 83886080 , layer_num is: 138 , node: 0
DEBUG_STREAM_CREATE: Creating stream #136 for dataset id: 644 (total_streams=1)
DEBUG_STREAM_COUNT: Generated 1 streams for layer 138 (UNKNOWN), total injected: 137
info: all-to-all forward pass collective issued for layer: mlp_moelayer, involved dimensions:  1, 0, 0, 0, 0, 0, 0, 0, 0, 0,
[FLOW_DEBUG] Initiating flow from node=0 to node=1 maxPacketCount=41943040 tag=276 flow_id=990 at time=65025881
[FLOW_DEBUG] Initiating flow from node=1 to node=0 maxPacketCount=41943040 tag=276 flow_id=991 at time=65025881
***** info: fwd pass comm collective for layer: mlp_moelayer is finished************
DEBUG_CHUNK_SIZE: size=20971520, preferred_dataset_splits=1, resulting chunk_size=20971520
DEBUG_COLLECTIVE_TYPE: layer=139, event=UNKNOWN (raw=0), size=20971520, chunk_size=20971520
DEBUG_STREAM_COUNT: chunk size is: 20971520 , size is: 20971520 , layer_num is: 139 , node: 0
DEBUG_STREAM_CREATE: Creating stream #137 for dataset id: 647 (total_streams=1)
DEBUG_STREAM_COUNT: Generated 1 streams for layer 139 (UNKNOWN), total injected: 138
info: all-to-all forward pass collective issued for layer: mlp_moelayer, involved dimensions:  1, 0, 0, 0, 0, 0, 0, 0, 0, 0,
[FLOW_DEBUG] Initiating flow from node=1 to node=0 maxPacketCount=10485760 tag=278 flow_id=993 at time=65399870
[FLOW_DEBUG] Initiating flow from node=0 to node=1 maxPacketCount=10485760 tag=278 flow_id=992 at time=65399870
***** info: fwd pass comm collective for layer: mlp_moelayer is finished************
DEBUG_CHUNK_SIZE: size=41943040, preferred_dataset_splits=1, resulting chunk_size=41943040
DEBUG_COLLECTIVE_TYPE: layer=140, event=UNKNOWN (raw=0), size=41943040, chunk_size=41943040
DEBUG_STREAM_COUNT: chunk size is: 41943040 , size is: 41943040 , layer_num is: 140 , node: 0
DEBUG_STREAM_CREATE: Creating stream #138 for dataset id: 648 (total_streams=1)
DEBUG_STREAM_COUNT: Generated 1 streams for layer 140 (UNKNOWN), total injected: 139
info: all-gather forward pass collective issued for layer: attention_column, involved dimensions:  1, 0, 0, 0, 0, 0, 0, 0, 0, 0,
[FLOW_DEBUG] Initiating flow from node=0 to node=1 maxPacketCount=10485760 tag=280 flow_id=994 at time=65494239
[FLOW_DEBUG] Initiating flow from node=0 to node=1 maxPacketCount=10485760 tag=281 flow_id=996 at time=65494239
[FLOW_DEBUG] Initiating flow from node=1 to node=0 maxPacketCount=10485760 tag=280 flow_id=995 at time=65494239
[FLOW_DEBUG] Initiating flow from node=1 to node=0 maxPacketCount=10485760 tag=281 flow_id=997 at time=65494239
***** info: fwd pass comm collective for layer: attention_column is finished************
DEBUG_CHUNK_SIZE: size=41943040, preferred_dataset_splits=1, resulting chunk_size=41943040
DEBUG_COLLECTIVE_TYPE: layer=141, event=UNKNOWN (raw=0), size=41943040, chunk_size=41943040
DEBUG_STREAM_COUNT: chunk size is: 41943040 , size is: 41943040 , layer_num is: 141 , node: 0
DEBUG_STREAM_CREATE: Creating stream #139 for dataset id: 651 (total_streams=1)
DEBUG_STREAM_COUNT: Generated 1 streams for layer 141 (UNKNOWN), total injected: 140
info: reduce-scatter forward pass collective issued for layer: attention_row, involved dimensions:  1, 0, 0, 0, 0, 0, 0, 0, 0, 0,
[FLOW_DEBUG] Initiating flow from node=1 to node=0 maxPacketCount=10485760 tag=282 flow_id=999 at time=65681815
[FLOW_DEBUG] Initiating flow from node=1 to node=0 maxPacketCount=10485760 tag=283 flow_id=1001 at time=65681815
[FLOW_DEBUG] Initiating flow from node=0 to node=1 maxPacketCount=10485760 tag=282 flow_id=998 at time=65681815
[FLOW_DEBUG] Initiating flow from node=0 to node=1 maxPacketCount=10485760 tag=283 flow_id=1000 at time=65681815
***** info: fwd pass comm collective for layer: attention_row is finished************
DEBUG_CHUNK_SIZE: size=1048576, preferred_dataset_splits=1, resulting chunk_size=1048576
DEBUG_COLLECTIVE_TYPE: layer=142, event=UNKNOWN (raw=0), size=1048576, chunk_size=1048576
DEBUG_STREAM_COUNT: chunk size is: 1048576 , size is: 1048576 , layer_num is: 142 , node: 0
DEBUG_STREAM_CREATE: Creating stream #140 for dataset id: 652 (total_streams=1)
DEBUG_STREAM_COUNT: Generated 1 streams for layer 142 (UNKNOWN), total injected: 141
info: all-gather forward pass collective issued for layer: mlp_moelayer, involved dimensions:  1, 0, 0, 0, 0, 0, 0, 0, 0, 0,
[FLOW_DEBUG] Initiating flow from node=0 to node=1 maxPacketCount=262144 tag=284 flow_id=1002 at time=65869391
[FLOW_DEBUG] Initiating flow from node=0 to node=1 maxPacketCount=262144 tag=285 flow_id=1004 at time=65869391
[FLOW_DEBUG] Initiating flow from node=1 to node=0 maxPacketCount=262144 tag=284 flow_id=1003 at time=65869391
[FLOW_DEBUG] Initiating flow from node=1 to node=0 maxPacketCount=262144 tag=285 flow_id=1005 at time=65869391
***** info: fwd pass comm collective for layer: mlp_moelayer is finished************
DEBUG_CHUNK_SIZE: size=20971520, preferred_dataset_splits=1, resulting chunk_size=20971520
DEBUG_COLLECTIVE_TYPE: layer=143, event=UNKNOWN (raw=0), size=20971520, chunk_size=20971520
DEBUG_STREAM_COUNT: chunk size is: 20971520 , size is: 20971520 , layer_num is: 143 , node: 0
DEBUG_STREAM_CREATE: Creating stream #141 for dataset id: 655 (total_streams=1)
DEBUG_STREAM_COUNT: Generated 1 streams for layer 143 (UNKNOWN), total injected: 142
info: all-to-all forward pass collective issued for layer: mlp_moelayer, involved dimensions:  1, 0, 0, 0, 0, 0, 0, 0, 0, 0,
[FLOW_DEBUG] Initiating flow from node=1 to node=0 maxPacketCount=10485760 tag=286 flow_id=1007 at time=65875213
[FLOW_DEBUG] Initiating flow from node=0 to node=1 maxPacketCount=10485760 tag=286 flow_id=1006 at time=65875213
***** info: fwd pass comm collective for layer: mlp_moelayer is finished************
DEBUG_CHUNK_SIZE: size=83886080, preferred_dataset_splits=1, resulting chunk_size=83886080
DEBUG_COLLECTIVE_TYPE: layer=144, event=UNKNOWN (raw=0), size=83886080, chunk_size=83886080
DEBUG_STREAM_COUNT: chunk size is: 83886080 , size is: 83886080 , layer_num is: 144 , node: 0
DEBUG_STREAM_CREATE: Creating stream #142 for dataset id: 656 (total_streams=1)
DEBUG_STREAM_COUNT: Generated 1 streams for layer 144 (UNKNOWN), total injected: 143
info: all-to-all forward pass collective issued for layer: mlp_moelayer, involved dimensions:  1, 0, 0, 0, 0, 0, 0, 0, 0, 0,
[FLOW_DEBUG] Initiating flow from node=0 to node=1 maxPacketCount=41943040 tag=288 flow_id=1008 at time=65969582
[FLOW_DEBUG] Initiating flow from node=1 to node=0 maxPacketCount=41943040 tag=288 flow_id=1009 at time=65969582
***** info: fwd pass comm collective for layer: mlp_moelayer is finished************
DEBUG_CHUNK_SIZE: size=83886080, preferred_dataset_splits=1, resulting chunk_size=83886080
DEBUG_COLLECTIVE_TYPE: layer=145, event=UNKNOWN (raw=0), size=83886080, chunk_size=83886080
DEBUG_STREAM_COUNT: chunk size is: 83886080 , size is: 83886080 , layer_num is: 145 , node: 0
DEBUG_STREAM_CREATE: Creating stream #143 for dataset id: 659 (total_streams=1)
DEBUG_STREAM_COUNT: Generated 1 streams for layer 145 (UNKNOWN), total injected: 144
info: all-gather forward pass collective issued for layer: mlp_moelayer, involved dimensions:  1, 0, 0, 0, 0, 0, 0, 0, 0, 0,
[FLOW_DEBUG] Initiating flow from node=1 to node=0 maxPacketCount=20971520 tag=290 flow_id=1011 at time=66343571
[FLOW_DEBUG] Initiating flow from node=1 to node=0 maxPacketCount=20971520 tag=291 flow_id=1013 at time=66343571
[FLOW_DEBUG] Initiating flow from node=0 to node=1 maxPacketCount=20971520 tag=290 flow_id=1010 at time=66343571
[FLOW_DEBUG] Initiating flow from node=0 to node=1 maxPacketCount=20971520 tag=291 flow_id=1012 at time=66343571
***** info: fwd pass comm collective for layer: mlp_moelayer is finished************
DEBUG_CHUNK_SIZE: size=83886080, preferred_dataset_splits=1, resulting chunk_size=83886080
DEBUG_COLLECTIVE_TYPE: layer=146, event=UNKNOWN (raw=0), size=83886080, chunk_size=83886080
DEBUG_STREAM_COUNT: chunk size is: 83886080 , size is: 83886080 , layer_num is: 146 , node: 0
DEBUG_STREAM_CREATE: Creating stream #144 for dataset id: 660 (total_streams=1)
DEBUG_STREAM_COUNT: Generated 1 streams for layer 146 (UNKNOWN), total injected: 145
info: reduce-scatter forward pass collective issued for layer: mlp_moelayer, involved dimensions:  1, 0, 0, 0, 0, 0, 0, 0, 0, 0,
[FLOW_DEBUG] Initiating flow from node=0 to node=1 maxPacketCount=20971520 tag=292 flow_id=1014 at time=66717559
[FLOW_DEBUG] Initiating flow from node=0 to node=1 maxPacketCount=20971520 tag=293 flow_id=1016 at time=66717559
[FLOW_DEBUG] Initiating flow from node=1 to node=0 maxPacketCount=20971520 tag=292 flow_id=1015 at time=66717559
[FLOW_DEBUG] Initiating flow from node=1 to node=0 maxPacketCount=20971520 tag=293 flow_id=1017 at time=66717559
***** info: fwd pass comm collective for layer: mlp_moelayer is finished************
DEBUG_CHUNK_SIZE: size=83886080, preferred_dataset_splits=1, resulting chunk_size=83886080
DEBUG_COLLECTIVE_TYPE: layer=147, event=UNKNOWN (raw=0), size=83886080, chunk_size=83886080
DEBUG_STREAM_COUNT: chunk size is: 83886080 , size is: 83886080 , layer_num is: 147 , node: 0
DEBUG_STREAM_CREATE: Creating stream #145 for dataset id: 663 (total_streams=1)
DEBUG_STREAM_COUNT: Generated 1 streams for layer 147 (UNKNOWN), total injected: 146
info: all-to-all forward pass collective issued for layer: mlp_moelayer, involved dimensions:  1, 0, 0, 0, 0, 0, 0, 0, 0, 0,
[FLOW_DEBUG] Initiating flow from node=1 to node=0 maxPacketCount=41943040 tag=294 flow_id=1019 at time=67091547
[FLOW_DEBUG] Initiating flow from node=0 to node=1 maxPacketCount=41943040 tag=294 flow_id=1018 at time=67091547
***** info: fwd pass comm collective for layer: mlp_moelayer is finished************
DEBUG_CHUNK_SIZE: size=20971520, preferred_dataset_splits=1, resulting chunk_size=20971520
DEBUG_COLLECTIVE_TYPE: layer=148, event=UNKNOWN (raw=0), size=20971520, chunk_size=20971520
DEBUG_STREAM_COUNT: chunk size is: 20971520 , size is: 20971520 , layer_num is: 148 , node: 0
DEBUG_STREAM_CREATE: Creating stream #146 for dataset id: 664 (total_streams=1)
DEBUG_STREAM_COUNT: Generated 1 streams for layer 148 (UNKNOWN), total injected: 147
info: all-to-all forward pass collective issued for layer: mlp_moelayer, involved dimensions:  1, 0, 0, 0, 0, 0, 0, 0, 0, 0,
[FLOW_DEBUG] Initiating flow from node=0 to node=1 maxPacketCount=10485760 tag=296 flow_id=1020 at time=67465536
[FLOW_DEBUG] Initiating flow from node=1 to node=0 maxPacketCount=10485760 tag=296 flow_id=1021 at time=67465536
***** info: fwd pass comm collective for layer: mlp_moelayer is finished************
DEBUG_CHUNK_SIZE: size=41943040, preferred_dataset_splits=1, resulting chunk_size=41943040
DEBUG_COLLECTIVE_TYPE: layer=149, event=UNKNOWN (raw=0), size=41943040, chunk_size=41943040
DEBUG_STREAM_COUNT: chunk size is: 41943040 , size is: 41943040 , layer_num is: 149 , node: 0
DEBUG_STREAM_CREATE: Creating stream #147 for dataset id: 667 (total_streams=1)
DEBUG_STREAM_COUNT: Generated 1 streams for layer 149 (UNKNOWN), total injected: 148
info: all-gather forward pass collective issued for layer: final_column, involved dimensions:  1, 0, 0, 0, 0, 0, 0, 0, 0, 0,
[FLOW_DEBUG] Initiating flow from node=1 to node=0 maxPacketCount=10485760 tag=298 flow_id=1023 at time=67559905
[FLOW_DEBUG] Initiating flow from node=1 to node=0 maxPacketCount=10485760 tag=299 flow_id=1025 at time=67559905
[FLOW_DEBUG] Initiating flow from node=0 to node=1 maxPacketCount=10485760 tag=298 flow_id=1022 at time=67559905
[FLOW_DEBUG] Initiating flow from node=0 to node=1 maxPacketCount=10485760 tag=299 flow_id=1024 at time=67559905
***** info: fwd pass comm collective for layer: final_column is finished************
DEBUG_CHUNK_SIZE: size=327680000, preferred_dataset_splits=1, resulting chunk_size=327680000
DEBUG_COLLECTIVE_TYPE: layer=150, event=UNKNOWN (raw=0), size=327680000, chunk_size=327680000
DEBUG_STREAM_COUNT: chunk size is: 327680000 , size is: 327680000 , layer_num is: 150 , node: 0
DEBUG_STREAM_CREATE: Creating stream #148 for dataset id: 668 (total_streams=1)
DEBUG_STREAM_COUNT: Generated 1 streams for layer 150 (UNKNOWN), total injected: 149
info: all-reduce forward pass collective issued for layer: embedding_norm, involved dimensions:  1, 0, 0, 0, 0, 0, 0, 0, 0, 0,
[FLOW_DEBUG] Initiating flow from node=0 to node=1 maxPacketCount=81920000 tag=600 flow_id=1026 at time=67747481
[FLOW_DEBUG] Initiating flow from node=0 to node=1 maxPacketCount=81920000 tag=602 flow_id=1030 at time=67747481
[FLOW_DEBUG] Initiating flow from node=1 to node=0 maxPacketCount=81920000 tag=600 flow_id=1027 at time=67747481
[FLOW_DEBUG] Initiating flow from node=1 to node=0 maxPacketCount=81920000 tag=602 flow_id=1031 at time=67747481
[FLOW_DEBUG] Initiating flow from node=1 to node=0 maxPacketCount=81920000 tag=601 flow_id=1029 at time=69204879
[FLOW_DEBUG] Initiating flow from node=0 to node=1 maxPacketCount=81920000 tag=601 flow_id=1028 at time=69204879
[FLOW_DEBUG] Initiating flow from node=1 to node=0 maxPacketCount=81920000 tag=603 flow_id=1033 at time=69204897
[FLOW_DEBUG] Initiating flow from node=0 to node=1 maxPacketCount=81920000 tag=603 flow_id=1032 at time=69204897
***** info: fwd pass comm collective for layer: embedding_norm is finished************
DEBUG_CHUNK_SIZE: size=16384, preferred_dataset_splits=1, resulting chunk_size=16384
DEBUG_COLLECTIVE_TYPE: layer=151, event=UNKNOWN (raw=0), size=16384, chunk_size=16384
DEBUG_STREAM_COUNT: chunk size is: 16384 , size is: 16384 , layer_num is: 151 , node: 0
DEBUG_STREAM_CREATE: Creating stream #149 for dataset id: 670 (total_streams=1)
DEBUG_STREAM_COUNT: Generated 1 streams for layer 151 (UNKNOWN), total injected: 150
info: all-reduce forward pass collective issued for layer: cross_entropy1, involved dimensions:  1, 0, 0, 0, 0, 0, 0, 0, 0, 0,
[FLOW_DEBUG] Initiating flow from node=0 to node=1 maxPacketCount=4096 tag=604 flow_id=1034 at time=70662396
[FLOW_DEBUG] Initiating flow from node=0 to node=1 maxPacketCount=4096 tag=606 flow_id=1038 at time=70662396
[FLOW_DEBUG] Initiating flow from node=1 to node=0 maxPacketCount=4096 tag=604 flow_id=1035 at time=70662396
[FLOW_DEBUG] Initiating flow from node=1 to node=0 maxPacketCount=4096 tag=606 flow_id=1039 at time=70662396
[FLOW_DEBUG] Initiating flow from node=0 to node=1 maxPacketCount=4096 tag=605 flow_id=1036 at time=70663503
[FLOW_DEBUG] Initiating flow from node=1 to node=0 maxPacketCount=4096 tag=605 flow_id=1037 at time=70663503
[FLOW_DEBUG] Initiating flow from node=1 to node=0 maxPacketCount=4096 tag=607 flow_id=1041 at time=70663528
[FLOW_DEBUG] Initiating flow from node=0 to node=1 maxPacketCount=4096 tag=607 flow_id=1040 at time=70663528
***** info: fwd pass comm collective for layer: cross_entropy1 is finished************
DEBUG_CHUNK_SIZE: size=16384, preferred_dataset_splits=1, resulting chunk_size=16384
DEBUG_COLLECTIVE_TYPE: layer=152, event=UNKNOWN (raw=0), size=16384, chunk_size=16384
DEBUG_STREAM_COUNT: chunk size is: 16384 , size is: 16384 , layer_num is: 152 , node: 0
DEBUG_STREAM_CREATE: Creating stream #150 for dataset id: 673 (total_streams=1)
DEBUG_STREAM_COUNT: Generated 1 streams for layer 152 (UNKNOWN), total injected: 151
info: all-reduce forward pass collective issued for layer: cross_entropy2, involved dimensions:  1, 0, 0, 0, 0, 0, 0, 0, 0, 0,
[FLOW_DEBUG] Initiating flow from node=1 to node=0 maxPacketCount=4096 tag=608 flow_id=1043 at time=70664736
[FLOW_DEBUG] Initiating flow from node=1 to node=0 maxPacketCount=4096 tag=610 flow_id=1047 at time=70664736
[FLOW_DEBUG] Initiating flow from node=0 to node=1 maxPacketCount=4096 tag=608 flow_id=1042 at time=70664736
[FLOW_DEBUG] Initiating flow from node=0 to node=1 maxPacketCount=4096 tag=610 flow_id=1046 at time=70664736
[FLOW_DEBUG] Initiating flow from node=1 to node=0 maxPacketCount=4096 tag=609 flow_id=1045 at time=70665843
[FLOW_DEBUG] Initiating flow from node=0 to node=1 maxPacketCount=4096 tag=609 flow_id=1044 at time=70665843
[FLOW_DEBUG] Initiating flow from node=0 to node=1 maxPacketCount=4096 tag=611 flow_id=1048 at time=70665868
[FLOW_DEBUG] Initiating flow from node=1 to node=0 maxPacketCount=4096 tag=611 flow_id=1049 at time=70665868
***** info: fwd pass comm collective for layer: cross_entropy2 is finished************
DEBUG_CHUNK_SIZE: size=16384, preferred_dataset_splits=1, resulting chunk_size=16384
DEBUG_COLLECTIVE_TYPE: layer=153, event=UNKNOWN (raw=0), size=16384, chunk_size=16384
DEBUG_STREAM_COUNT: chunk size is: 16384 , size is: 16384 , layer_num is: 153 , node: 0
DEBUG_STREAM_CREATE: Creating stream #151 for dataset id: 674 (total_streams=1)
DEBUG_STREAM_COUNT: Generated 1 streams for layer 153 (UNKNOWN), total injected: 152
info: all-reduce forward pass collective issued for layer: cross_entropy3, involved dimensions:  1, 0, 0, 0, 0, 0, 0, 0, 0, 0,
[FLOW_DEBUG] Initiating flow from node=0 to node=1 maxPacketCount=4096 tag=612 flow_id=1050 at time=70667076
[FLOW_DEBUG] Initiating flow from node=0 to node=1 maxPacketCount=4096 tag=614 flow_id=1054 at time=70667076
[FLOW_DEBUG] Initiating flow from node=1 to node=0 maxPacketCount=4096 tag=612 flow_id=1051 at time=70667076
[FLOW_DEBUG] Initiating flow from node=1 to node=0 maxPacketCount=4096 tag=614 flow_id=1055 at time=70667076
[FLOW_DEBUG] Initiating flow from node=0 to node=1 maxPacketCount=4096 tag=613 flow_id=1052 at time=70668183
[FLOW_DEBUG] Initiating flow from node=1 to node=0 maxPacketCount=4096 tag=613 flow_id=1053 at time=70668183
[FLOW_DEBUG] Initiating flow from node=1 to node=0 maxPacketCount=4096 tag=615 flow_id=1057 at time=70668208
[FLOW_DEBUG] Initiating flow from node=0 to node=1 maxPacketCount=4096 tag=615 flow_id=1056 at time=70668208
***** info: fwd pass comm collective for layer: cross_entropy3 is finished************
DEBUG_CHUNK_SIZE: size=4096, preferred_dataset_splits=1, resulting chunk_size=4096
DEBUG_COLLECTIVE_TYPE: layer=154, event=UNKNOWN (raw=0), size=4096, chunk_size=4096
DEBUG_STREAM_COUNT: chunk size is: 4096 , size is: 4096 , layer_num is: 154 , node: 0
DEBUG_STREAM_CREATE: Creating stream #152 for dataset id: 677 (total_streams=1)
DEBUG_STREAM_COUNT: Generated 1 streams for layer 154 (UNKNOWN), total injected: 153
info: all-reduce forward pass collective issued for layer: optimizer1, involved dimensions:  1, 0, 0, 0, 0, 0, 0, 0, 0, 0,
[FLOW_DEBUG] Initiating flow from node=1 to node=0 maxPacketCount=1024 tag=616 flow_id=1059 at time=70669416
[FLOW_DEBUG] Initiating flow from node=1 to node=0 maxPacketCount=1024 tag=618 flow_id=1063 at time=70669416
[FLOW_DEBUG] Initiating flow from node=0 to node=1 maxPacketCount=1024 tag=616 flow_id=1058 at time=70669416
[FLOW_DEBUG] Initiating flow from node=0 to node=1 maxPacketCount=1024 tag=618 flow_id=1062 at time=70669416
[FLOW_DEBUG] Initiating flow from node=0 to node=1 maxPacketCount=1024 tag=617 flow_id=1060 at time=70670485
[FLOW_DEBUG] Initiating flow from node=1 to node=0 maxPacketCount=1024 tag=617 flow_id=1061 at time=70670485
[FLOW_DEBUG] Initiating flow from node=0 to node=1 maxPacketCount=1024 tag=619 flow_id=1064 at time=70670494
[FLOW_DEBUG] Initiating flow from node=1 to node=0 maxPacketCount=1024 tag=619 flow_id=1065 at time=70670494
***** info: fwd pass comm collective for layer: optimizer1 is finished************
DEBUG_CHUNK_SIZE: size=4096, preferred_dataset_splits=1, resulting chunk_size=4096
DEBUG_COLLECTIVE_TYPE: layer=155, event=UNKNOWN (raw=0), size=4096, chunk_size=4096
DEBUG_STREAM_COUNT: chunk size is: 4096 , size is: 4096 , layer_num is: 155 , node: 0
DEBUG_STREAM_CREATE: Creating stream #153 for dataset id: 679 (total_streams=1)
DEBUG_STREAM_COUNT: Generated 1 streams for layer 155 (UNKNOWN), total injected: 154
info: all-reduce forward pass collective issued for layer: optimizer2, involved dimensions:  1, 0, 0, 0, 0, 0, 0, 0, 0, 0,
[FLOW_DEBUG] Initiating flow from node=1 to node=0 maxPacketCount=1024 tag=620 flow_id=1067 at time=70671664
[FLOW_DEBUG] Initiating flow from node=1 to node=0 maxPacketCount=1024 tag=622 flow_id=1071 at time=70671664
[FLOW_DEBUG] Initiating flow from node=0 to node=1 maxPacketCount=1024 tag=620 flow_id=1066 at time=70671664
[FLOW_DEBUG] Initiating flow from node=0 to node=1 maxPacketCount=1024 tag=622 flow_id=1070 at time=70671664
[FLOW_DEBUG] Initiating flow from node=0 to node=1 maxPacketCount=1024 tag=621 flow_id=1068 at time=70672733
[FLOW_DEBUG] Initiating flow from node=1 to node=0 maxPacketCount=1024 tag=621 flow_id=1069 at time=70672733
[FLOW_DEBUG] Initiating flow from node=0 to node=1 maxPacketCount=1024 tag=623 flow_id=1072 at time=70672742
[FLOW_DEBUG] Initiating flow from node=1 to node=0 maxPacketCount=1024 tag=623 flow_id=1073 at time=70672742
***** info: fwd pass comm collective for layer: optimizer2 is finished************
DEBUG_CHUNK_SIZE: size=4096, preferred_dataset_splits=1, resulting chunk_size=4096
DEBUG_COLLECTIVE_TYPE: layer=156, event=UNKNOWN (raw=0), size=4096, chunk_size=4096
DEBUG_STREAM_COUNT: chunk size is: 4096 , size is: 4096 , layer_num is: 156 , node: 0
DEBUG_STREAM_CREATE: Creating stream #154 for dataset id: 681 (total_streams=1)
DEBUG_STREAM_COUNT: Generated 1 streams for layer 156 (UNKNOWN), total injected: 155
info: all-reduce forward pass collective issued for layer: optimizer3, involved dimensions:  1, 0, 0, 0, 0, 0, 0, 0, 0, 0,
[FLOW_DEBUG] Initiating flow from node=1 to node=0 maxPacketCount=1024 tag=624 flow_id=1075 at time=70673912
[FLOW_DEBUG] Initiating flow from node=1 to node=0 maxPacketCount=1024 tag=626 flow_id=1079 at time=70673912
[FLOW_DEBUG] Initiating flow from node=0 to node=1 maxPacketCount=1024 tag=624 flow_id=1074 at time=70673912
[FLOW_DEBUG] Initiating flow from node=0 to node=1 maxPacketCount=1024 tag=626 flow_id=1078 at time=70673912
[FLOW_DEBUG] Initiating flow from node=0 to node=1 maxPacketCount=1024 tag=625 flow_id=1076 at time=70674981
[FLOW_DEBUG] Initiating flow from node=1 to node=0 maxPacketCount=1024 tag=625 flow_id=1077 at time=70674981
[FLOW_DEBUG] Initiating flow from node=0 to node=1 maxPacketCount=1024 tag=627 flow_id=1080 at time=70674990
[FLOW_DEBUG] Initiating flow from node=1 to node=0 maxPacketCount=1024 tag=627 flow_id=1081 at time=70674990
***** info: fwd pass comm collective for layer: optimizer3 is finished************
DEBUG_CHUNK_SIZE: size=4096, preferred_dataset_splits=1, resulting chunk_size=4096
DEBUG_COLLECTIVE_TYPE: layer=157, event=UNKNOWN (raw=0), size=4096, chunk_size=4096
DEBUG_STREAM_COUNT: chunk size is: 4096 , size is: 4096 , layer_num is: 157 , node: 0
DEBUG_STREAM_CREATE: Creating stream #155 for dataset id: 683 (total_streams=1)
DEBUG_STREAM_COUNT: Generated 1 streams for layer 157 (UNKNOWN), total injected: 156
info: all-reduce forward pass collective issued for layer: optimizer4, involved dimensions:  1, 0, 0, 0, 0, 0, 0, 0, 0, 0,
[FLOW_DEBUG] Initiating flow from node=1 to node=0 maxPacketCount=1024 tag=628 flow_id=1083 at time=70676160
[FLOW_DEBUG] Initiating flow from node=1 to node=0 maxPacketCount=1024 tag=630 flow_id=1087 at time=70676160
[FLOW_DEBUG] Initiating flow from node=0 to node=1 maxPacketCount=1024 tag=628 flow_id=1082 at time=70676160
[FLOW_DEBUG] Initiating flow from node=0 to node=1 maxPacketCount=1024 tag=630 flow_id=1086 at time=70676160
[FLOW_DEBUG] Initiating flow from node=0 to node=1 maxPacketCount=1024 tag=629 flow_id=1084 at time=70677229
[FLOW_DEBUG] Initiating flow from node=1 to node=0 maxPacketCount=1024 tag=629 flow_id=1085 at time=70677229
[FLOW_DEBUG] Initiating flow from node=0 to node=1 maxPacketCount=1024 tag=631 flow_id=1088 at time=70677238
[FLOW_DEBUG] Initiating flow from node=1 to node=0 maxPacketCount=1024 tag=631 flow_id=1089 at time=70677238
***** info: fwd pass comm collective for layer: optimizer4 is finished************
info: no input grad collective for layer: optimizer4
info: no weight grad collective for layer: optimizer4
info: no input grad collective for layer: optimizer3
info: no weight grad collective for layer: optimizer3
info: no input grad collective for layer: optimizer2
info: no weight grad collective for layer: optimizer2
info: no input grad collective for layer: optimizer1
info: no weight grad collective for layer: optimizer1
info: no input grad collective for layer: cross_entropy3
info: no weight grad collective for layer: cross_entropy3
info: no input grad collective for layer: cross_entropy2
info: no weight grad collective for layer: cross_entropy2
info: no input grad collective for layer: cross_entropy1
info: no weight grad collective for layer: cross_entropy1
info: no input grad collective for layer: embedding_norm
info: no weight grad collective for layer: embedding_norm
info: no input grad collective for layer: final_column
info: no weight grad collective for layer: final_column
DEBUG_CHUNK_SIZE: size=20971520, preferred_dataset_splits=1, resulting chunk_size=20971520
DEBUG_COLLECTIVE_TYPE: layer=148, event=UNKNOWN (raw=0), size=20971520, chunk_size=20971520
DEBUG_STREAM_COUNT: chunk size is: 20971520 , size is: 20971520 , layer_num is: 148 , node: 0
DEBUG_STREAM_CREATE: Creating stream #156 for dataset id: 685 (total_streams=1)
DEBUG_STREAM_COUNT: Generated 1 streams for layer 148 (UNKNOWN), total injected: 157
info: all-to-all input grad collective issued for layer: mlp_moelayer, involved dimensions:  1, 0, 0, 0, 0, 0, 0, 0, 0, 0,
[FLOW_DEBUG] Initiating flow from node=1 to node=0 maxPacketCount=10485760 tag=296 flow_id=1091 at time=70678431
[FLOW_DEBUG] Initiating flow from node=0 to node=1 maxPacketCount=10485760 tag=296 flow_id=1090 at time=70678431
***** info: input gradient collective for layer: mlp_moelayer is finished************
info: no weight grad collective for layer: mlp_moelayer
DEBUG_CHUNK_SIZE: size=83886080, preferred_dataset_splits=1, resulting chunk_size=83886080
DEBUG_COLLECTIVE_TYPE: layer=147, event=UNKNOWN (raw=0), size=83886080, chunk_size=83886080
DEBUG_STREAM_COUNT: chunk size is: 83886080 , size is: 83886080 , layer_num is: 147 , node: 0
DEBUG_STREAM_CREATE: Creating stream #157 for dataset id: 686 (total_streams=1)
DEBUG_STREAM_COUNT: Generated 1 streams for layer 147 (UNKNOWN), total injected: 158
info: all-to-all input grad collective issued for layer: mlp_moelayer, involved dimensions:  1, 0, 0, 0, 0, 0, 0, 0, 0, 0,
[FLOW_DEBUG] Initiating flow from node=0 to node=1 maxPacketCount=41943040 tag=294 flow_id=1092 at time=70772802
[FLOW_DEBUG] Initiating flow from node=1 to node=0 maxPacketCount=41943040 tag=294 flow_id=1093 at time=70772802
***** info: input gradient collective for layer: mlp_moelayer is finished************
info: no weight grad collective for layer: mlp_moelayer
DEBUG_CHUNK_SIZE: size=83886080, preferred_dataset_splits=1, resulting chunk_size=83886080
DEBUG_COLLECTIVE_TYPE: layer=146, event=UNKNOWN (raw=0), size=83886080, chunk_size=83886080
DEBUG_STREAM_COUNT: chunk size is: 83886080 , size is: 83886080 , layer_num is: 146 , node: 0
DEBUG_STREAM_CREATE: Creating stream #158 for dataset id: 689 (total_streams=1)
DEBUG_STREAM_COUNT: Generated 1 streams for layer 146 (UNKNOWN), total injected: 159
info: all-gather input grad collective issued for layer: mlp_moelayer, involved dimensions:  1, 0, 0, 0, 0, 0, 0, 0, 0, 0,
[FLOW_DEBUG] Initiating flow from node=1 to node=0 maxPacketCount=20971520 tag=292 flow_id=1095 at time=71146793
[FLOW_DEBUG] Initiating flow from node=1 to node=0 maxPacketCount=20971520 tag=293 flow_id=1097 at time=71146793
[FLOW_DEBUG] Initiating flow from node=0 to node=1 maxPacketCount=20971520 tag=292 flow_id=1094 at time=71146793
[FLOW_DEBUG] Initiating flow from node=0 to node=1 maxPacketCount=20971520 tag=293 flow_id=1096 at time=71146793
***** info: input gradient collective for layer: mlp_moelayer is finished************
info: no weight grad collective for layer: mlp_moelayer
DEBUG_CHUNK_SIZE: size=167772160, preferred_dataset_splits=1, resulting chunk_size=167772160
DEBUG_COLLECTIVE_TYPE: layer=145, event=UNKNOWN (raw=0), size=167772160, chunk_size=167772160
DEBUG_STREAM_COUNT: chunk size is: 167772160 , size is: 167772160 , layer_num is: 145 , node: 0
DEBUG_STREAM_CREATE: Creating stream #159 for dataset id: 690 (total_streams=1)
DEBUG_STREAM_COUNT: Generated 1 streams for layer 145 (UNKNOWN), total injected: 160
info: all-gather input grad collective issued for layer: mlp_moelayer, involved dimensions:  1, 0, 0, 0, 0, 0, 0, 0, 0, 0,
[FLOW_DEBUG] Initiating flow from node=0 to node=1 maxPacketCount=41943040 tag=290 flow_id=1098 at time=71520783
[FLOW_DEBUG] Initiating flow from node=0 to node=1 maxPacketCount=41943040 tag=291 flow_id=1100 at time=71520783
[FLOW_DEBUG] Initiating flow from node=1 to node=0 maxPacketCount=41943040 tag=290 flow_id=1099 at time=71520783
[FLOW_DEBUG] Initiating flow from node=1 to node=0 maxPacketCount=41943040 tag=291 flow_id=1101 at time=71520783
***** info: input gradient collective for layer: mlp_moelayer is finished************
info: no weight grad collective for layer: mlp_moelayer
DEBUG_CHUNK_SIZE: size=83886080, preferred_dataset_splits=1, resulting chunk_size=83886080
DEBUG_COLLECTIVE_TYPE: layer=144, event=UNKNOWN (raw=0), size=83886080, chunk_size=83886080
DEBUG_STREAM_COUNT: chunk size is: 83886080 , size is: 83886080 , layer_num is: 144 , node: 0
DEBUG_STREAM_CREATE: Creating stream #160 for dataset id: 693 (total_streams=1)
DEBUG_STREAM_COUNT: Generated 1 streams for layer 144 (UNKNOWN), total injected: 161
info: all-to-all input grad collective issued for layer: mlp_moelayer, involved dimensions:  1, 0, 0, 0, 0, 0, 0, 0, 0, 0,
[FLOW_DEBUG] Initiating flow from node=1 to node=0 maxPacketCount=41943040 tag=288 flow_id=1103 at time=72267601
[FLOW_DEBUG] Initiating flow from node=0 to node=1 maxPacketCount=41943040 tag=288 flow_id=1102 at time=72267601
***** info: input gradient collective for layer: mlp_moelayer is finished************
info: no weight grad collective for layer: mlp_moelayer
DEBUG_CHUNK_SIZE: size=20971520, preferred_dataset_splits=1, resulting chunk_size=20971520
DEBUG_COLLECTIVE_TYPE: layer=143, event=UNKNOWN (raw=0), size=20971520, chunk_size=20971520
DEBUG_STREAM_COUNT: chunk size is: 20971520 , size is: 20971520 , layer_num is: 143 , node: 0
DEBUG_STREAM_CREATE: Creating stream #161 for dataset id: 694 (total_streams=1)
DEBUG_STREAM_COUNT: Generated 1 streams for layer 143 (UNKNOWN), total injected: 162
info: all-to-all input grad collective issued for layer: mlp_moelayer, involved dimensions:  1, 0, 0, 0, 0, 0, 0, 0, 0, 0,
[FLOW_DEBUG] Initiating flow from node=0 to node=1 maxPacketCount=10485760 tag=286 flow_id=1104 at time=72641592
[FLOW_DEBUG] Initiating flow from node=1 to node=0 maxPacketCount=10485760 tag=286 flow_id=1105 at time=72641592
***** info: input gradient collective for layer: mlp_moelayer is finished************
info: no weight grad collective for layer: mlp_moelayer
DEBUG_CHUNK_SIZE: size=1048576, preferred_dataset_splits=1, resulting chunk_size=1048576
DEBUG_COLLECTIVE_TYPE: layer=142, event=UNKNOWN (raw=0), size=1048576, chunk_size=1048576
DEBUG_STREAM_COUNT: chunk size is: 1048576 , size is: 1048576 , layer_num is: 142 , node: 0
DEBUG_STREAM_CREATE: Creating stream #162 for dataset id: 697 (total_streams=1)
DEBUG_STREAM_COUNT: Generated 1 streams for layer 142 (UNKNOWN), total injected: 163
info: all-gather input grad collective issued for layer: mlp_moelayer, involved dimensions:  1, 0, 0, 0, 0, 0, 0, 0, 0, 0,
[FLOW_DEBUG] Initiating flow from node=1 to node=0 maxPacketCount=262144 tag=284 flow_id=1107 at time=72735963
[FLOW_DEBUG] Initiating flow from node=1 to node=0 maxPacketCount=262144 tag=285 flow_id=1109 at time=72735963
[FLOW_DEBUG] Initiating flow from node=0 to node=1 maxPacketCount=262144 tag=284 flow_id=1106 at time=72735963
[FLOW_DEBUG] Initiating flow from node=0 to node=1 maxPacketCount=262144 tag=285 flow_id=1108 at time=72735963
***** info: input gradient collective for layer: mlp_moelayer is finished************
info: no weight grad collective for layer: mlp_moelayer
info: no input grad collective for layer: attention_row
info: no weight grad collective for layer: attention_row
info: no input grad collective for layer: attention_column
info: no weight grad collective for layer: attention_column
DEBUG_CHUNK_SIZE: size=20971520, preferred_dataset_splits=1, resulting chunk_size=20971520
DEBUG_COLLECTIVE_TYPE: layer=139, event=UNKNOWN (raw=0), size=20971520, chunk_size=20971520
DEBUG_STREAM_COUNT: chunk size is: 20971520 , size is: 20971520 , layer_num is: 139 , node: 0
DEBUG_STREAM_CREATE: Creating stream #163 for dataset id: 698 (total_streams=1)
DEBUG_STREAM_COUNT: Generated 1 streams for layer 139 (UNKNOWN), total injected: 164
info: all-to-all input grad collective issued for layer: mlp_moelayer, involved dimensions:  1, 0, 0, 0, 0, 0, 0, 0, 0, 0,
[FLOW_DEBUG] Initiating flow from node=0 to node=1 maxPacketCount=10485760 tag=278 flow_id=1110 at time=72741795
[FLOW_DEBUG] Initiating flow from node=1 to node=0 maxPacketCount=10485760 tag=278 flow_id=1111 at time=72741795
***** info: input gradient collective for layer: mlp_moelayer is finished************
info: no weight grad collective for layer: mlp_moelayer
DEBUG_CHUNK_SIZE: size=83886080, preferred_dataset_splits=1, resulting chunk_size=83886080
DEBUG_COLLECTIVE_TYPE: layer=138, event=UNKNOWN (raw=0), size=83886080, chunk_size=83886080
DEBUG_STREAM_COUNT: chunk size is: 83886080 , size is: 83886080 , layer_num is: 138 , node: 0
DEBUG_STREAM_CREATE: Creating stream #164 for dataset id: 701 (total_streams=1)
DEBUG_STREAM_COUNT: Generated 1 streams for layer 138 (UNKNOWN), total injected: 165
info: all-to-all input grad collective issued for layer: mlp_moelayer, involved dimensions:  1, 0, 0, 0, 0, 0, 0, 0, 0, 0,
[FLOW_DEBUG] Initiating flow from node=1 to node=0 maxPacketCount=41943040 tag=276 flow_id=1113 at time=72836166
[FLOW_DEBUG] Initiating flow from node=0 to node=1 maxPacketCount=41943040 tag=276 flow_id=1112 at time=72836166
***** info: input gradient collective for layer: mlp_moelayer is finished************
info: no weight grad collective for layer: mlp_moelayer
DEBUG_CHUNK_SIZE: size=83886080, preferred_dataset_splits=1, resulting chunk_size=83886080
DEBUG_COLLECTIVE_TYPE: layer=137, event=UNKNOWN (raw=0), size=83886080, chunk_size=83886080
DEBUG_STREAM_COUNT: chunk size is: 83886080 , size is: 83886080 , layer_num is: 137 , node: 0
DEBUG_STREAM_CREATE: Creating stream #165 for dataset id: 702 (total_streams=1)
DEBUG_STREAM_COUNT: Generated 1 streams for layer 137 (UNKNOWN), total injected: 166
info: all-gather input grad collective issued for layer: mlp_moelayer, involved dimensions:  1, 0, 0, 0, 0, 0, 0, 0, 0, 0,
[FLOW_DEBUG] Initiating flow from node=0 to node=1 maxPacketCount=20971520 tag=274 flow_id=1114 at time=73210157
[FLOW_DEBUG] Initiating flow from node=0 to node=1 maxPacketCount=20971520 tag=275 flow_id=1116 at time=73210157
[FLOW_DEBUG] Initiating flow from node=1 to node=0 maxPacketCount=20971520 tag=274 flow_id=1115 at time=73210157
[FLOW_DEBUG] Initiating flow from node=1 to node=0 maxPacketCount=20971520 tag=275 flow_id=1117 at time=73210157
***** info: input gradient collective for layer: mlp_moelayer is finished************
info: no weight grad collective for layer: mlp_moelayer
DEBUG_CHUNK_SIZE: size=167772160, preferred_dataset_splits=1, resulting chunk_size=167772160
DEBUG_COLLECTIVE_TYPE: layer=136, event=UNKNOWN (raw=0), size=167772160, chunk_size=167772160
DEBUG_STREAM_COUNT: chunk size is: 167772160 , size is: 167772160 , layer_num is: 136 , node: 0
DEBUG_STREAM_CREATE: Creating stream #166 for dataset id: 705 (total_streams=1)
DEBUG_STREAM_COUNT: Generated 1 streams for layer 136 (UNKNOWN), total injected: 167
info: all-gather input grad collective issued for layer: mlp_moelayer, involved dimensions:  1, 0, 0, 0, 0, 0, 0, 0, 0, 0,
[FLOW_DEBUG] Initiating flow from node=1 to node=0 maxPacketCount=41943040 tag=272 flow_id=1119 at time=73584147
[FLOW_DEBUG] Initiating flow from node=1 to node=0 maxPacketCount=41943040 tag=273 flow_id=1121 at time=73584147
[FLOW_DEBUG] Initiating flow from node=0 to node=1 maxPacketCount=41943040 tag=272 flow_id=1118 at time=73584147
[FLOW_DEBUG] Initiating flow from node=0 to node=1 maxPacketCount=41943040 tag=273 flow_id=1120 at time=73584147
***** info: input gradient collective for layer: mlp_moelayer is finished************
info: no weight grad collective for layer: mlp_moelayer
DEBUG_CHUNK_SIZE: size=83886080, preferred_dataset_splits=1, resulting chunk_size=83886080
DEBUG_COLLECTIVE_TYPE: layer=135, event=UNKNOWN (raw=0), size=83886080, chunk_size=83886080
DEBUG_STREAM_COUNT: chunk size is: 83886080 , size is: 83886080 , layer_num is: 135 , node: 0
DEBUG_STREAM_CREATE: Creating stream #167 for dataset id: 706 (total_streams=1)
DEBUG_STREAM_COUNT: Generated 1 streams for layer 135 (UNKNOWN), total injected: 168
info: all-to-all input grad collective issued for layer: mlp_moelayer, involved dimensions:  1, 0, 0, 0, 0, 0, 0, 0, 0, 0,
[FLOW_DEBUG] Initiating flow from node=0 to node=1 maxPacketCount=41943040 tag=270 flow_id=1122 at time=74330965
[FLOW_DEBUG] Initiating flow from node=1 to node=0 maxPacketCount=41943040 tag=270 flow_id=1123 at time=74330965
***** info: input gradient collective for layer: mlp_moelayer is finished************
info: no weight grad collective for layer: mlp_moelayer
DEBUG_CHUNK_SIZE: size=20971520, preferred_dataset_splits=1, resulting chunk_size=20971520
DEBUG_COLLECTIVE_TYPE: layer=134, event=UNKNOWN (raw=0), size=20971520, chunk_size=20971520
DEBUG_STREAM_COUNT: chunk size is: 20971520 , size is: 20971520 , layer_num is: 134 , node: 0
DEBUG_STREAM_CREATE: Creating stream #168 for dataset id: 709 (total_streams=1)
DEBUG_STREAM_COUNT: Generated 1 streams for layer 134 (UNKNOWN), total injected: 169
info: all-to-all input grad collective issued for layer: mlp_moelayer, involved dimensions:  1, 0, 0, 0, 0, 0, 0, 0, 0, 0,
[FLOW_DEBUG] Initiating flow from node=1 to node=0 maxPacketCount=10485760 tag=268 flow_id=1125 at time=74704956
[FLOW_DEBUG] Initiating flow from node=0 to node=1 maxPacketCount=10485760 tag=268 flow_id=1124 at time=74704956
***** info: input gradient collective for layer: mlp_moelayer is finished************
info: no weight grad collective for layer: mlp_moelayer
DEBUG_CHUNK_SIZE: size=1048576, preferred_dataset_splits=1, resulting chunk_size=1048576
DEBUG_COLLECTIVE_TYPE: layer=133, event=UNKNOWN (raw=0), size=1048576, chunk_size=1048576
DEBUG_STREAM_COUNT: chunk size is: 1048576 , size is: 1048576 , layer_num is: 133 , node: 0
DEBUG_STREAM_CREATE: Creating stream #169 for dataset id: 710 (total_streams=1)
DEBUG_STREAM_COUNT: Generated 1 streams for layer 133 (UNKNOWN), total injected: 170
info: all-gather input grad collective issued for layer: mlp_moelayer, involved dimensions:  1, 0, 0, 0, 0, 0, 0, 0, 0, 0,
[FLOW_DEBUG] Initiating flow from node=0 to node=1 maxPacketCount=262144 tag=266 flow_id=1126 at time=74799327
[FLOW_DEBUG] Initiating flow from node=0 to node=1 maxPacketCount=262144 tag=267 flow_id=1128 at time=74799327
[FLOW_DEBUG] Initiating flow from node=1 to node=0 maxPacketCount=262144 tag=266 flow_id=1127 at time=74799327
[FLOW_DEBUG] Initiating flow from node=1 to node=0 maxPacketCount=262144 tag=267 flow_id=1129 at time=74799327
***** info: input gradient collective for layer: mlp_moelayer is finished************
info: no weight grad collective for layer: mlp_moelayer
info: no input grad collective for layer: attention_row
info: no weight grad collective for layer: attention_row
info: no input grad collective for layer: attention_column
info: no weight grad collective for layer: attention_column
DEBUG_CHUNK_SIZE: size=20971520, preferred_dataset_splits=1, resulting chunk_size=20971520
DEBUG_COLLECTIVE_TYPE: layer=130, event=UNKNOWN (raw=0), size=20971520, chunk_size=20971520
DEBUG_STREAM_COUNT: chunk size is: 20971520 , size is: 20971520 , layer_num is: 130 , node: 0
DEBUG_STREAM_CREATE: Creating stream #170 for dataset id: 713 (total_streams=1)
DEBUG_STREAM_COUNT: Generated 1 streams for layer 130 (UNKNOWN), total injected: 171
info: all-to-all input grad collective issued for layer: mlp_moelayer, involved dimensions:  1, 0, 0, 0, 0, 0, 0, 0, 0, 0,
[FLOW_DEBUG] Initiating flow from node=1 to node=0 maxPacketCount=10485760 tag=260 flow_id=1131 at time=74805159
[FLOW_DEBUG] Initiating flow from node=0 to node=1 maxPacketCount=10485760 tag=260 flow_id=1130 at time=74805159
***** info: input gradient collective for layer: mlp_moelayer is finished************
info: no weight grad collective for layer: mlp_moelayer
DEBUG_CHUNK_SIZE: size=83886080, preferred_dataset_splits=1, resulting chunk_size=83886080
DEBUG_COLLECTIVE_TYPE: layer=129, event=UNKNOWN (raw=0), size=83886080, chunk_size=83886080
DEBUG_STREAM_COUNT: chunk size is: 83886080 , size is: 83886080 , layer_num is: 129 , node: 0
DEBUG_STREAM_CREATE: Creating stream #171 for dataset id: 714 (total_streams=1)
DEBUG_STREAM_COUNT: Generated 1 streams for layer 129 (UNKNOWN), total injected: 172
info: all-to-all input grad collective issued for layer: mlp_moelayer, involved dimensions:  1, 0, 0, 0, 0, 0, 0, 0, 0, 0,
[FLOW_DEBUG] Initiating flow from node=0 to node=1 maxPacketCount=41943040 tag=258 flow_id=1132 at time=74899530
[FLOW_DEBUG] Initiating flow from node=1 to node=0 maxPacketCount=41943040 tag=258 flow_id=1133 at time=74899530
***** info: input gradient collective for layer: mlp_moelayer is finished************
info: no weight grad collective for layer: mlp_moelayer
DEBUG_CHUNK_SIZE: size=83886080, preferred_dataset_splits=1, resulting chunk_size=83886080
DEBUG_COLLECTIVE_TYPE: layer=128, event=UNKNOWN (raw=0), size=83886080, chunk_size=83886080
DEBUG_STREAM_COUNT: chunk size is: 83886080 , size is: 83886080 , layer_num is: 128 , node: 0
DEBUG_STREAM_CREATE: Creating stream #172 for dataset id: 717 (total_streams=1)
DEBUG_STREAM_COUNT: Generated 1 streams for layer 128 (UNKNOWN), total injected: 173
info: all-gather input grad collective issued for layer: mlp_moelayer, involved dimensions:  1, 0, 0, 0, 0, 0, 0, 0, 0, 0,
[FLOW_DEBUG] Initiating flow from node=1 to node=0 maxPacketCount=20971520 tag=256 flow_id=1135 at time=75273521
[FLOW_DEBUG] Initiating flow from node=1 to node=0 maxPacketCount=20971520 tag=257 flow_id=1137 at time=75273521
[FLOW_DEBUG] Initiating flow from node=0 to node=1 maxPacketCount=20971520 tag=256 flow_id=1134 at time=75273521
[FLOW_DEBUG] Initiating flow from node=0 to node=1 maxPacketCount=20971520 tag=257 flow_id=1136 at time=75273521
***** info: input gradient collective for layer: mlp_moelayer is finished************
info: no weight grad collective for layer: mlp_moelayer
DEBUG_CHUNK_SIZE: size=167772160, preferred_dataset_splits=1, resulting chunk_size=167772160
DEBUG_COLLECTIVE_TYPE: layer=127, event=UNKNOWN (raw=0), size=167772160, chunk_size=167772160
DEBUG_STREAM_COUNT: chunk size is: 167772160 , size is: 167772160 , layer_num is: 127 , node: 0
DEBUG_STREAM_CREATE: Creating stream #173 for dataset id: 718 (total_streams=1)
DEBUG_STREAM_COUNT: Generated 1 streams for layer 127 (UNKNOWN), total injected: 174
info: all-gather input grad collective issued for layer: mlp_moelayer, involved dimensions:  1, 0, 0, 0, 0, 0, 0, 0, 0, 0,
[FLOW_DEBUG] Initiating flow from node=0 to node=1 maxPacketCount=41943040 tag=254 flow_id=1138 at time=75647511
[FLOW_DEBUG] Initiating flow from node=0 to node=1 maxPacketCount=41943040 tag=255 flow_id=1140 at time=75647511
[FLOW_DEBUG] Initiating flow from node=1 to node=0 maxPacketCount=41943040 tag=254 flow_id=1139 at time=75647511
[FLOW_DEBUG] Initiating flow from node=1 to node=0 maxPacketCount=41943040 tag=255 flow_id=1141 at time=75647511
***** info: input gradient collective for layer: mlp_moelayer is finished************
info: no weight grad collective for layer: mlp_moelayer
DEBUG_CHUNK_SIZE: size=83886080, preferred_dataset_splits=1, resulting chunk_size=83886080
DEBUG_COLLECTIVE_TYPE: layer=126, event=UNKNOWN (raw=0), size=83886080, chunk_size=83886080
DEBUG_STREAM_COUNT: chunk size is: 83886080 , size is: 83886080 , layer_num is: 126 , node: 0
DEBUG_STREAM_CREATE: Creating stream #174 for dataset id: 721 (total_streams=1)
DEBUG_STREAM_COUNT: Generated 1 streams for layer 126 (UNKNOWN), total injected: 175
info: all-to-all input grad collective issued for layer: mlp_moelayer, involved dimensions:  1, 0, 0, 0, 0, 0, 0, 0, 0, 0,
[FLOW_DEBUG] Initiating flow from node=1 to node=0 maxPacketCount=41943040 tag=252 flow_id=1143 at time=76394329
[FLOW_DEBUG] Initiating flow from node=0 to node=1 maxPacketCount=41943040 tag=252 flow_id=1142 at time=76394329
***** info: input gradient collective for layer: mlp_moelayer is finished************
info: no weight grad collective for layer: mlp_moelayer
DEBUG_CHUNK_SIZE: size=20971520, preferred_dataset_splits=1, resulting chunk_size=20971520
DEBUG_COLLECTIVE_TYPE: layer=125, event=UNKNOWN (raw=0), size=20971520, chunk_size=20971520
DEBUG_STREAM_COUNT: chunk size is: 20971520 , size is: 20971520 , layer_num is: 125 , node: 0
DEBUG_STREAM_CREATE: Creating stream #175 for dataset id: 722 (total_streams=1)
DEBUG_STREAM_COUNT: Generated 1 streams for layer 125 (UNKNOWN), total injected: 176
info: all-to-all input grad collective issued for layer: mlp_moelayer, involved dimensions:  1, 0, 0, 0, 0, 0, 0, 0, 0, 0,
[FLOW_DEBUG] Initiating flow from node=0 to node=1 maxPacketCount=10485760 tag=250 flow_id=1144 at time=76768320
[FLOW_DEBUG] Initiating flow from node=1 to node=0 maxPacketCount=10485760 tag=250 flow_id=1145 at time=76768320
***** info: input gradient collective for layer: mlp_moelayer is finished************
info: no weight grad collective for layer: mlp_moelayer
DEBUG_CHUNK_SIZE: size=1048576, preferred_dataset_splits=1, resulting chunk_size=1048576
DEBUG_COLLECTIVE_TYPE: layer=124, event=UNKNOWN (raw=0), size=1048576, chunk_size=1048576
DEBUG_STREAM_COUNT: chunk size is: 1048576 , size is: 1048576 , layer_num is: 124 , node: 0
DEBUG_STREAM_CREATE: Creating stream #176 for dataset id: 725 (total_streams=1)
DEBUG_STREAM_COUNT: Generated 1 streams for layer 124 (UNKNOWN), total injected: 177
info: all-gather input grad collective issued for layer: mlp_moelayer, involved dimensions:  1, 0, 0, 0, 0, 0, 0, 0, 0, 0,
[FLOW_DEBUG] Initiating flow from node=1 to node=0 maxPacketCount=262144 tag=248 flow_id=1147 at time=76862691
[FLOW_DEBUG] Initiating flow from node=1 to node=0 maxPacketCount=262144 tag=249 flow_id=1149 at time=76862691
[FLOW_DEBUG] Initiating flow from node=0 to node=1 maxPacketCount=262144 tag=248 flow_id=1146 at time=76862691
[FLOW_DEBUG] Initiating flow from node=0 to node=1 maxPacketCount=262144 tag=249 flow_id=1148 at time=76862691
***** info: input gradient collective for layer: mlp_moelayer is finished************
info: no weight grad collective for layer: mlp_moelayer
info: no input grad collective for layer: attention_row
info: no weight grad collective for layer: attention_row
info: no input grad collective for layer: attention_column
info: no weight grad collective for layer: attention_column
DEBUG_CHUNK_SIZE: size=20971520, preferred_dataset_splits=1, resulting chunk_size=20971520
DEBUG_COLLECTIVE_TYPE: layer=121, event=UNKNOWN (raw=0), size=20971520, chunk_size=20971520
DEBUG_STREAM_COUNT: chunk size is: 20971520 , size is: 20971520 , layer_num is: 121 , node: 0
DEBUG_STREAM_CREATE: Creating stream #177 for dataset id: 726 (total_streams=1)
DEBUG_STREAM_COUNT: Generated 1 streams for layer 121 (UNKNOWN), total injected: 178
info: all-to-all input grad collective issued for layer: mlp_moelayer, involved dimensions:  1, 0, 0, 0, 0, 0, 0, 0, 0, 0,
[FLOW_DEBUG] Initiating flow from node=0 to node=1 maxPacketCount=10485760 tag=242 flow_id=1150 at time=76868523
[FLOW_DEBUG] Initiating flow from node=1 to node=0 maxPacketCount=10485760 tag=242 flow_id=1151 at time=76868523
***** info: input gradient collective for layer: mlp_moelayer is finished************
info: no weight grad collective for layer: mlp_moelayer
DEBUG_CHUNK_SIZE: size=83886080, preferred_dataset_splits=1, resulting chunk_size=83886080
DEBUG_COLLECTIVE_TYPE: layer=120, event=UNKNOWN (raw=0), size=83886080, chunk_size=83886080
DEBUG_STREAM_COUNT: chunk size is: 83886080 , size is: 83886080 , layer_num is: 120 , node: 0
DEBUG_STREAM_CREATE: Creating stream #178 for dataset id: 729 (total_streams=1)
DEBUG_STREAM_COUNT: Generated 1 streams for layer 120 (UNKNOWN), total injected: 179
info: all-to-all input grad collective issued for layer: mlp_moelayer, involved dimensions:  1, 0, 0, 0, 0, 0, 0, 0, 0, 0,
[FLOW_DEBUG] Initiating flow from node=1 to node=0 maxPacketCount=41943040 tag=240 flow_id=1153 at time=76962894
[FLOW_DEBUG] Initiating flow from node=0 to node=1 maxPacketCount=41943040 tag=240 flow_id=1152 at time=76962894
***** info: input gradient collective for layer: mlp_moelayer is finished************
info: no weight grad collective for layer: mlp_moelayer
DEBUG_CHUNK_SIZE: size=83886080, preferred_dataset_splits=1, resulting chunk_size=83886080
DEBUG_COLLECTIVE_TYPE: layer=119, event=UNKNOWN (raw=0), size=83886080, chunk_size=83886080
DEBUG_STREAM_COUNT: chunk size is: 83886080 , size is: 83886080 , layer_num is: 119 , node: 0
DEBUG_STREAM_CREATE: Creating stream #179 for dataset id: 730 (total_streams=1)
DEBUG_STREAM_COUNT: Generated 1 streams for layer 119 (UNKNOWN), total injected: 180
info: all-gather input grad collective issued for layer: mlp_moelayer, involved dimensions:  1, 0, 0, 0, 0, 0, 0, 0, 0, 0,
[FLOW_DEBUG] Initiating flow from node=0 to node=1 maxPacketCount=20971520 tag=238 flow_id=1154 at time=77336885
[FLOW_DEBUG] Initiating flow from node=0 to node=1 maxPacketCount=20971520 tag=239 flow_id=1156 at time=77336885
[FLOW_DEBUG] Initiating flow from node=1 to node=0 maxPacketCount=20971520 tag=238 flow_id=1155 at time=77336885
[FLOW_DEBUG] Initiating flow from node=1 to node=0 maxPacketCount=20971520 tag=239 flow_id=1157 at time=77336885
***** info: input gradient collective for layer: mlp_moelayer is finished************
info: no weight grad collective for layer: mlp_moelayer
DEBUG_CHUNK_SIZE: size=167772160, preferred_dataset_splits=1, resulting chunk_size=167772160
DEBUG_COLLECTIVE_TYPE: layer=118, event=UNKNOWN (raw=0), size=167772160, chunk_size=167772160
DEBUG_STREAM_COUNT: chunk size is: 167772160 , size is: 167772160 , layer_num is: 118 , node: 0
DEBUG_STREAM_CREATE: Creating stream #180 for dataset id: 733 (total_streams=1)
DEBUG_STREAM_COUNT: Generated 1 streams for layer 118 (UNKNOWN), total injected: 181
info: all-gather input grad collective issued for layer: mlp_moelayer, involved dimensions:  1, 0, 0, 0, 0, 0, 0, 0, 0, 0,
[FLOW_DEBUG] Initiating flow from node=1 to node=0 maxPacketCount=41943040 tag=236 flow_id=1159 at time=77710875
[FLOW_DEBUG] Initiating flow from node=1 to node=0 maxPacketCount=41943040 tag=237 flow_id=1161 at time=77710875
[FLOW_DEBUG] Initiating flow from node=0 to node=1 maxPacketCount=41943040 tag=236 flow_id=1158 at time=77710875
[FLOW_DEBUG] Initiating flow from node=0 to node=1 maxPacketCount=41943040 tag=237 flow_id=1160 at time=77710875
***** info: input gradient collective for layer: mlp_moelayer is finished************
info: no weight grad collective for layer: mlp_moelayer
DEBUG_CHUNK_SIZE: size=83886080, preferred_dataset_splits=1, resulting chunk_size=83886080
DEBUG_COLLECTIVE_TYPE: layer=117, event=UNKNOWN (raw=0), size=83886080, chunk_size=83886080
DEBUG_STREAM_COUNT: chunk size is: 83886080 , size is: 83886080 , layer_num is: 117 , node: 0
DEBUG_STREAM_CREATE: Creating stream #181 for dataset id: 734 (total_streams=1)
DEBUG_STREAM_COUNT: Generated 1 streams for layer 117 (UNKNOWN), total injected: 182
info: all-to-all input grad collective issued for layer: mlp_moelayer, involved dimensions:  1, 0, 0, 0, 0, 0, 0, 0, 0, 0,
[FLOW_DEBUG] Initiating flow from node=0 to node=1 maxPacketCount=41943040 tag=234 flow_id=1162 at time=78457693
[FLOW_DEBUG] Initiating flow from node=1 to node=0 maxPacketCount=41943040 tag=234 flow_id=1163 at time=78457693
***** info: input gradient collective for layer: mlp_moelayer is finished************
info: no weight grad collective for layer: mlp_moelayer
DEBUG_CHUNK_SIZE: size=20971520, preferred_dataset_splits=1, resulting chunk_size=20971520
DEBUG_COLLECTIVE_TYPE: layer=116, event=UNKNOWN (raw=0), size=20971520, chunk_size=20971520
DEBUG_STREAM_COUNT: chunk size is: 20971520 , size is: 20971520 , layer_num is: 116 , node: 0
DEBUG_STREAM_CREATE: Creating stream #182 for dataset id: 737 (total_streams=1)
DEBUG_STREAM_COUNT: Generated 1 streams for layer 116 (UNKNOWN), total injected: 183
info: all-to-all input grad collective issued for layer: mlp_moelayer, involved dimensions:  1, 0, 0, 0, 0, 0, 0, 0, 0, 0,
[FLOW_DEBUG] Initiating flow from node=1 to node=0 maxPacketCount=10485760 tag=232 flow_id=1165 at time=78831684
[FLOW_DEBUG] Initiating flow from node=0 to node=1 maxPacketCount=10485760 tag=232 flow_id=1164 at time=78831684
***** info: input gradient collective for layer: mlp_moelayer is finished************
info: no weight grad collective for layer: mlp_moelayer
DEBUG_CHUNK_SIZE: size=1048576, preferred_dataset_splits=1, resulting chunk_size=1048576
DEBUG_COLLECTIVE_TYPE: layer=115, event=UNKNOWN (raw=0), size=1048576, chunk_size=1048576
DEBUG_STREAM_COUNT: chunk size is: 1048576 , size is: 1048576 , layer_num is: 115 , node: 0
DEBUG_STREAM_CREATE: Creating stream #183 for dataset id: 738 (total_streams=1)
DEBUG_STREAM_COUNT: Generated 1 streams for layer 115 (UNKNOWN), total injected: 184
info: all-gather input grad collective issued for layer: mlp_moelayer, involved dimensions:  1, 0, 0, 0, 0, 0, 0, 0, 0, 0,
[FLOW_DEBUG] Initiating flow from node=0 to node=1 maxPacketCount=262144 tag=230 flow_id=1166 at time=78926055
[FLOW_DEBUG] Initiating flow from node=0 to node=1 maxPacketCount=262144 tag=231 flow_id=1168 at time=78926055
[FLOW_DEBUG] Initiating flow from node=1 to node=0 maxPacketCount=262144 tag=230 flow_id=1167 at time=78926055
[FLOW_DEBUG] Initiating flow from node=1 to node=0 maxPacketCount=262144 tag=231 flow_id=1169 at time=78926055
***** info: input gradient collective for layer: mlp_moelayer is finished************
info: no weight grad collective for layer: mlp_moelayer
info: no input grad collective for layer: attention_row
info: no weight grad collective for layer: attention_row
info: no input grad collective for layer: attention_column
info: no weight grad collective for layer: attention_column
DEBUG_CHUNK_SIZE: size=20971520, preferred_dataset_splits=1, resulting chunk_size=20971520
DEBUG_COLLECTIVE_TYPE: layer=112, event=UNKNOWN (raw=0), size=20971520, chunk_size=20971520
DEBUG_STREAM_COUNT: chunk size is: 20971520 , size is: 20971520 , layer_num is: 112 , node: 0
DEBUG_STREAM_CREATE: Creating stream #184 for dataset id: 741 (total_streams=1)
DEBUG_STREAM_COUNT: Generated 1 streams for layer 112 (UNKNOWN), total injected: 185
info: all-to-all input grad collective issued for layer: mlp_moelayer, involved dimensions:  1, 0, 0, 0, 0, 0, 0, 0, 0, 0,
[FLOW_DEBUG] Initiating flow from node=1 to node=0 maxPacketCount=10485760 tag=224 flow_id=1171 at time=78931887
[FLOW_DEBUG] Initiating flow from node=0 to node=1 maxPacketCount=10485760 tag=224 flow_id=1170 at time=78931887
***** info: input gradient collective for layer: mlp_moelayer is finished************
info: no weight grad collective for layer: mlp_moelayer
DEBUG_CHUNK_SIZE: size=83886080, preferred_dataset_splits=1, resulting chunk_size=83886080
DEBUG_COLLECTIVE_TYPE: layer=111, event=UNKNOWN (raw=0), size=83886080, chunk_size=83886080
DEBUG_STREAM_COUNT: chunk size is: 83886080 , size is: 83886080 , layer_num is: 111 , node: 0
DEBUG_STREAM_CREATE: Creating stream #185 for dataset id: 742 (total_streams=1)
DEBUG_STREAM_COUNT: Generated 1 streams for layer 111 (UNKNOWN), total injected: 186
info: all-to-all input grad collective issued for layer: mlp_moelayer, involved dimensions:  1, 0, 0, 0, 0, 0, 0, 0, 0, 0,
[FLOW_DEBUG] Initiating flow from node=0 to node=1 maxPacketCount=41943040 tag=222 flow_id=1172 at time=79026258
[FLOW_DEBUG] Initiating flow from node=1 to node=0 maxPacketCount=41943040 tag=222 flow_id=1173 at time=79026258
***** info: input gradient collective for layer: mlp_moelayer is finished************
info: no weight grad collective for layer: mlp_moelayer
DEBUG_CHUNK_SIZE: size=83886080, preferred_dataset_splits=1, resulting chunk_size=83886080
DEBUG_COLLECTIVE_TYPE: layer=110, event=UNKNOWN (raw=0), size=83886080, chunk_size=83886080
DEBUG_STREAM_COUNT: chunk size is: 83886080 , size is: 83886080 , layer_num is: 110 , node: 0
DEBUG_STREAM_CREATE: Creating stream #186 for dataset id: 745 (total_streams=1)
DEBUG_STREAM_COUNT: Generated 1 streams for layer 110 (UNKNOWN), total injected: 187
info: all-gather input grad collective issued for layer: mlp_moelayer, involved dimensions:  1, 0, 0, 0, 0, 0, 0, 0, 0, 0,
[FLOW_DEBUG] Initiating flow from node=1 to node=0 maxPacketCount=20971520 tag=220 flow_id=1175 at time=79400249
[FLOW_DEBUG] Initiating flow from node=1 to node=0 maxPacketCount=20971520 tag=221 flow_id=1177 at time=79400249
[FLOW_DEBUG] Initiating flow from node=0 to node=1 maxPacketCount=20971520 tag=220 flow_id=1174 at time=79400249
[FLOW_DEBUG] Initiating flow from node=0 to node=1 maxPacketCount=20971520 tag=221 flow_id=1176 at time=79400249
***** info: input gradient collective for layer: mlp_moelayer is finished************
info: no weight grad collective for layer: mlp_moelayer
DEBUG_CHUNK_SIZE: size=167772160, preferred_dataset_splits=1, resulting chunk_size=167772160
DEBUG_COLLECTIVE_TYPE: layer=109, event=UNKNOWN (raw=0), size=167772160, chunk_size=167772160
DEBUG_STREAM_COUNT: chunk size is: 167772160 , size is: 167772160 , layer_num is: 109 , node: 0
DEBUG_STREAM_CREATE: Creating stream #187 for dataset id: 746 (total_streams=1)
DEBUG_STREAM_COUNT: Generated 1 streams for layer 109 (UNKNOWN), total injected: 188
info: all-gather input grad collective issued for layer: mlp_moelayer, involved dimensions:  1, 0, 0, 0, 0, 0, 0, 0, 0, 0,
[FLOW_DEBUG] Initiating flow from node=0 to node=1 maxPacketCount=41943040 tag=218 flow_id=1178 at time=79774239
[FLOW_DEBUG] Initiating flow from node=0 to node=1 maxPacketCount=41943040 tag=219 flow_id=1180 at time=79774239
[FLOW_DEBUG] Initiating flow from node=1 to node=0 maxPacketCount=41943040 tag=218 flow_id=1179 at time=79774239
[FLOW_DEBUG] Initiating flow from node=1 to node=0 maxPacketCount=41943040 tag=219 flow_id=1181 at time=79774239
***** info: input gradient collective for layer: mlp_moelayer is finished************
info: no weight grad collective for layer: mlp_moelayer
DEBUG_CHUNK_SIZE: size=83886080, preferred_dataset_splits=1, resulting chunk_size=83886080
DEBUG_COLLECTIVE_TYPE: layer=108, event=UNKNOWN (raw=0), size=83886080, chunk_size=83886080
DEBUG_STREAM_COUNT: chunk size is: 83886080 , size is: 83886080 , layer_num is: 108 , node: 0
DEBUG_STREAM_CREATE: Creating stream #188 for dataset id: 749 (total_streams=1)
DEBUG_STREAM_COUNT: Generated 1 streams for layer 108 (UNKNOWN), total injected: 189
info: all-to-all input grad collective issued for layer: mlp_moelayer, involved dimensions:  1, 0, 0, 0, 0, 0, 0, 0, 0, 0,
[FLOW_DEBUG] Initiating flow from node=1 to node=0 maxPacketCount=41943040 tag=216 flow_id=1183 at time=80521057
[FLOW_DEBUG] Initiating flow from node=0 to node=1 maxPacketCount=41943040 tag=216 flow_id=1182 at time=80521057
***** info: input gradient collective for layer: mlp_moelayer is finished************
info: no weight grad collective for layer: mlp_moelayer
DEBUG_CHUNK_SIZE: size=20971520, preferred_dataset_splits=1, resulting chunk_size=20971520
DEBUG_COLLECTIVE_TYPE: layer=107, event=UNKNOWN (raw=0), size=20971520, chunk_size=20971520
DEBUG_STREAM_COUNT: chunk size is: 20971520 , size is: 20971520 , layer_num is: 107 , node: 0
DEBUG_STREAM_CREATE: Creating stream #189 for dataset id: 750 (total_streams=1)
DEBUG_STREAM_COUNT: Generated 1 streams for layer 107 (UNKNOWN), total injected: 190
info: all-to-all input grad collective issued for layer: mlp_moelayer, involved dimensions:  1, 0, 0, 0, 0, 0, 0, 0, 0, 0,
[FLOW_DEBUG] Initiating flow from node=0 to node=1 maxPacketCount=10485760 tag=214 flow_id=1184 at time=80895048
[FLOW_DEBUG] Initiating flow from node=1 to node=0 maxPacketCount=10485760 tag=214 flow_id=1185 at time=80895048
***** info: input gradient collective for layer: mlp_moelayer is finished************
info: no weight grad collective for layer: mlp_moelayer
DEBUG_CHUNK_SIZE: size=1048576, preferred_dataset_splits=1, resulting chunk_size=1048576
DEBUG_COLLECTIVE_TYPE: layer=106, event=UNKNOWN (raw=0), size=1048576, chunk_size=1048576
DEBUG_STREAM_COUNT: chunk size is: 1048576 , size is: 1048576 , layer_num is: 106 , node: 0
DEBUG_STREAM_CREATE: Creating stream #190 for dataset id: 753 (total_streams=1)
DEBUG_STREAM_COUNT: Generated 1 streams for layer 106 (UNKNOWN), total injected: 191
info: all-gather input grad collective issued for layer: mlp_moelayer, involved dimensions:  1, 0, 0, 0, 0, 0, 0, 0, 0, 0,
[FLOW_DEBUG] Initiating flow from node=1 to node=0 maxPacketCount=262144 tag=212 flow_id=1187 at time=80989419
[FLOW_DEBUG] Initiating flow from node=1 to node=0 maxPacketCount=262144 tag=213 flow_id=1189 at time=80989419
[FLOW_DEBUG] Initiating flow from node=0 to node=1 maxPacketCount=262144 tag=212 flow_id=1186 at time=80989419
[FLOW_DEBUG] Initiating flow from node=0 to node=1 maxPacketCount=262144 tag=213 flow_id=1188 at time=80989419
***** info: input gradient collective for layer: mlp_moelayer is finished************
info: no weight grad collective for layer: mlp_moelayer
info: no input grad collective for layer: attention_row
info: no weight grad collective for layer: attention_row
info: no input grad collective for layer: attention_column
info: no weight grad collective for layer: attention_column
DEBUG_CHUNK_SIZE: size=20971520, preferred_dataset_splits=1, resulting chunk_size=20971520
DEBUG_COLLECTIVE_TYPE: layer=103, event=UNKNOWN (raw=0), size=20971520, chunk_size=20971520
DEBUG_STREAM_COUNT: chunk size is: 20971520 , size is: 20971520 , layer_num is: 103 , node: 0
DEBUG_STREAM_CREATE: Creating stream #191 for dataset id: 754 (total_streams=1)
DEBUG_STREAM_COUNT: Generated 1 streams for layer 103 (UNKNOWN), total injected: 192
info: all-to-all input grad collective issued for layer: mlp_moelayer, involved dimensions:  1, 0, 0, 0, 0, 0, 0, 0, 0, 0,
[FLOW_DEBUG] Initiating flow from node=0 to node=1 maxPacketCount=10485760 tag=206 flow_id=1190 at time=80995251
[FLOW_DEBUG] Initiating flow from node=1 to node=0 maxPacketCount=10485760 tag=206 flow_id=1191 at time=80995251
***** info: input gradient collective for layer: mlp_moelayer is finished************
info: no weight grad collective for layer: mlp_moelayer
DEBUG_CHUNK_SIZE: size=83886080, preferred_dataset_splits=1, resulting chunk_size=83886080
DEBUG_COLLECTIVE_TYPE: layer=102, event=UNKNOWN (raw=0), size=83886080, chunk_size=83886080
DEBUG_STREAM_COUNT: chunk size is: 83886080 , size is: 83886080 , layer_num is: 102 , node: 0
DEBUG_STREAM_CREATE: Creating stream #192 for dataset id: 757 (total_streams=1)
DEBUG_STREAM_COUNT: Generated 1 streams for layer 102 (UNKNOWN), total injected: 193
info: all-to-all input grad collective issued for layer: mlp_moelayer, involved dimensions:  1, 0, 0, 0, 0, 0, 0, 0, 0, 0,
[FLOW_DEBUG] Initiating flow from node=1 to node=0 maxPacketCount=41943040 tag=204 flow_id=1193 at time=81089622
[FLOW_DEBUG] Initiating flow from node=0 to node=1 maxPacketCount=41943040 tag=204 flow_id=1192 at time=81089622
***** info: input gradient collective for layer: mlp_moelayer is finished************
info: no weight grad collective for layer: mlp_moelayer
DEBUG_CHUNK_SIZE: size=83886080, preferred_dataset_splits=1, resulting chunk_size=83886080
DEBUG_COLLECTIVE_TYPE: layer=101, event=UNKNOWN (raw=0), size=83886080, chunk_size=83886080
DEBUG_STREAM_COUNT: chunk size is: 83886080 , size is: 83886080 , layer_num is: 101 , node: 0
DEBUG_STREAM_CREATE: Creating stream #193 for dataset id: 758 (total_streams=1)
DEBUG_STREAM_COUNT: Generated 1 streams for layer 101 (UNKNOWN), total injected: 194
info: all-gather input grad collective issued for layer: mlp_moelayer, involved dimensions:  1, 0, 0, 0, 0, 0, 0, 0, 0, 0,
[FLOW_DEBUG] Initiating flow from node=0 to node=1 maxPacketCount=20971520 tag=202 flow_id=1194 at time=81463613
[FLOW_DEBUG] Initiating flow from node=0 to node=1 maxPacketCount=20971520 tag=203 flow_id=1196 at time=81463613
[FLOW_DEBUG] Initiating flow from node=1 to node=0 maxPacketCount=20971520 tag=202 flow_id=1195 at time=81463613
[FLOW_DEBUG] Initiating flow from node=1 to node=0 maxPacketCount=20971520 tag=203 flow_id=1197 at time=81463613
***** info: input gradient collective for layer: mlp_moelayer is finished************
info: no weight grad collective for layer: mlp_moelayer
DEBUG_CHUNK_SIZE: size=167772160, preferred_dataset_splits=1, resulting chunk_size=167772160
DEBUG_COLLECTIVE_TYPE: layer=100, event=UNKNOWN (raw=0), size=167772160, chunk_size=167772160
DEBUG_STREAM_COUNT: chunk size is: 167772160 , size is: 167772160 , layer_num is: 100 , node: 0
DEBUG_STREAM_CREATE: Creating stream #194 for dataset id: 761 (total_streams=1)
DEBUG_STREAM_COUNT: Generated 1 streams for layer 100 (UNKNOWN), total injected: 195
info: all-gather input grad collective issued for layer: mlp_moelayer, involved dimensions:  1, 0, 0, 0, 0, 0, 0, 0, 0, 0,
[FLOW_DEBUG] Initiating flow from node=1 to node=0 maxPacketCount=41943040 tag=200 flow_id=1199 at time=81837603
[FLOW_DEBUG] Initiating flow from node=1 to node=0 maxPacketCount=41943040 tag=201 flow_id=1201 at time=81837603
[FLOW_DEBUG] Initiating flow from node=0 to node=1 maxPacketCount=41943040 tag=200 flow_id=1198 at time=81837603
[FLOW_DEBUG] Initiating flow from node=0 to node=1 maxPacketCount=41943040 tag=201 flow_id=1200 at time=81837603
***** info: input gradient collective for layer: mlp_moelayer is finished************
info: no weight grad collective for layer: mlp_moelayer
DEBUG_CHUNK_SIZE: size=83886080, preferred_dataset_splits=1, resulting chunk_size=83886080
DEBUG_COLLECTIVE_TYPE: layer=99, event=UNKNOWN (raw=0), size=83886080, chunk_size=83886080
DEBUG_STREAM_COUNT: chunk size is: 83886080 , size is: 83886080 , layer_num is: 99 , node: 0
DEBUG_STREAM_CREATE: Creating stream #195 for dataset id: 762 (total_streams=1)
DEBUG_STREAM_COUNT: Generated 1 streams for layer 99 (UNKNOWN), total injected: 196
info: all-to-all input grad collective issued for layer: mlp_moelayer, involved dimensions:  1, 0, 0, 0, 0, 0, 0, 0, 0, 0,
[FLOW_DEBUG] Initiating flow from node=0 to node=1 maxPacketCount=41943040 tag=198 flow_id=1202 at time=82584421
[FLOW_DEBUG] Initiating flow from node=1 to node=0 maxPacketCount=41943040 tag=198 flow_id=1203 at time=82584421
***** info: input gradient collective for layer: mlp_moelayer is finished************
info: no weight grad collective for layer: mlp_moelayer
DEBUG_CHUNK_SIZE: size=20971520, preferred_dataset_splits=1, resulting chunk_size=20971520
DEBUG_COLLECTIVE_TYPE: layer=98, event=UNKNOWN (raw=0), size=20971520, chunk_size=20971520
DEBUG_STREAM_COUNT: chunk size is: 20971520 , size is: 20971520 , layer_num is: 98 , node: 0
DEBUG_STREAM_CREATE: Creating stream #196 for dataset id: 765 (total_streams=1)
DEBUG_STREAM_COUNT: Generated 1 streams for layer 98 (UNKNOWN), total injected: 197
info: all-to-all input grad collective issued for layer: mlp_moelayer, involved dimensions:  1, 0, 0, 0, 0, 0, 0, 0, 0, 0,
[FLOW_DEBUG] Initiating flow from node=1 to node=0 maxPacketCount=10485760 tag=196 flow_id=1205 at time=82958412
[FLOW_DEBUG] Initiating flow from node=0 to node=1 maxPacketCount=10485760 tag=196 flow_id=1204 at time=82958412
***** info: input gradient collective for layer: mlp_moelayer is finished************
info: no weight grad collective for layer: mlp_moelayer
DEBUG_CHUNK_SIZE: size=1048576, preferred_dataset_splits=1, resulting chunk_size=1048576
DEBUG_COLLECTIVE_TYPE: layer=97, event=UNKNOWN (raw=0), size=1048576, chunk_size=1048576
DEBUG_STREAM_COUNT: chunk size is: 1048576 , size is: 1048576 , layer_num is: 97 , node: 0
DEBUG_STREAM_CREATE: Creating stream #197 for dataset id: 766 (total_streams=1)
DEBUG_STREAM_COUNT: Generated 1 streams for layer 97 (UNKNOWN), total injected: 198
info: all-gather input grad collective issued for layer: mlp_moelayer, involved dimensions:  1, 0, 0, 0, 0, 0, 0, 0, 0, 0,
[FLOW_DEBUG] Initiating flow from node=0 to node=1 maxPacketCount=262144 tag=194 flow_id=1206 at time=83052783
[FLOW_DEBUG] Initiating flow from node=0 to node=1 maxPacketCount=262144 tag=195 flow_id=1208 at time=83052783
[FLOW_DEBUG] Initiating flow from node=1 to node=0 maxPacketCount=262144 tag=194 flow_id=1207 at time=83052783
[FLOW_DEBUG] Initiating flow from node=1 to node=0 maxPacketCount=262144 tag=195 flow_id=1209 at time=83052783
***** info: input gradient collective for layer: mlp_moelayer is finished************
info: no weight grad collective for layer: mlp_moelayer
info: no input grad collective for layer: attention_row
info: no weight grad collective for layer: attention_row
info: no input grad collective for layer: attention_column
info: no weight grad collective for layer: attention_column
DEBUG_CHUNK_SIZE: size=20971520, preferred_dataset_splits=1, resulting chunk_size=20971520
DEBUG_COLLECTIVE_TYPE: layer=94, event=UNKNOWN (raw=0), size=20971520, chunk_size=20971520
DEBUG_STREAM_COUNT: chunk size is: 20971520 , size is: 20971520 , layer_num is: 94 , node: 0
DEBUG_STREAM_CREATE: Creating stream #198 for dataset id: 769 (total_streams=1)
DEBUG_STREAM_COUNT: Generated 1 streams for layer 94 (UNKNOWN), total injected: 199
info: all-to-all input grad collective issued for layer: mlp_moelayer, involved dimensions:  1, 0, 0, 0, 0, 0, 0, 0, 0, 0,
[FLOW_DEBUG] Initiating flow from node=1 to node=0 maxPacketCount=10485760 tag=188 flow_id=1211 at time=83058615
[FLOW_DEBUG] Initiating flow from node=0 to node=1 maxPacketCount=10485760 tag=188 flow_id=1210 at time=83058615
***** info: input gradient collective for layer: mlp_moelayer is finished************
info: no weight grad collective for layer: mlp_moelayer
DEBUG_CHUNK_SIZE: size=83886080, preferred_dataset_splits=1, resulting chunk_size=83886080
DEBUG_COLLECTIVE_TYPE: layer=93, event=UNKNOWN (raw=0), size=83886080, chunk_size=83886080
DEBUG_STREAM_COUNT: chunk size is: 83886080 , size is: 83886080 , layer_num is: 93 , node: 0
DEBUG_STREAM_CREATE: Creating stream #199 for dataset id: 770 (total_streams=1)
DEBUG_STREAM_COUNT: Generated 1 streams for layer 93 (UNKNOWN), total injected: 200
info: all-to-all input grad collective issued for layer: mlp_moelayer, involved dimensions:  1, 0, 0, 0, 0, 0, 0, 0, 0, 0,
[FLOW_DEBUG] Initiating flow from node=0 to node=1 maxPacketCount=41943040 tag=186 flow_id=1212 at time=83152986
[FLOW_DEBUG] Initiating flow from node=1 to node=0 maxPacketCount=41943040 tag=186 flow_id=1213 at time=83152986
***** info: input gradient collective for layer: mlp_moelayer is finished************
info: no weight grad collective for layer: mlp_moelayer
DEBUG_CHUNK_SIZE: size=83886080, preferred_dataset_splits=1, resulting chunk_size=83886080
DEBUG_COLLECTIVE_TYPE: layer=92, event=UNKNOWN (raw=0), size=83886080, chunk_size=83886080
DEBUG_STREAM_COUNT: chunk size is: 83886080 , size is: 83886080 , layer_num is: 92 , node: 0
DEBUG_STREAM_CREATE: Creating stream #200 for dataset id: 773 (total_streams=1)
DEBUG_STREAM_COUNT: Generated 1 streams for layer 92 (UNKNOWN), total injected: 201
info: all-gather input grad collective issued for layer: mlp_moelayer, involved dimensions:  1, 0, 0, 0, 0, 0, 0, 0, 0, 0,
[FLOW_DEBUG] Initiating flow from node=1 to node=0 maxPacketCount=20971520 tag=184 flow_id=1215 at time=83526977
[FLOW_DEBUG] Initiating flow from node=1 to node=0 maxPacketCount=20971520 tag=185 flow_id=1217 at time=83526977
[FLOW_DEBUG] Initiating flow from node=0 to node=1 maxPacketCount=20971520 tag=184 flow_id=1214 at time=83526977
[FLOW_DEBUG] Initiating flow from node=0 to node=1 maxPacketCount=20971520 tag=185 flow_id=1216 at time=83526977
***** info: input gradient collective for layer: mlp_moelayer is finished************
info: no weight grad collective for layer: mlp_moelayer
DEBUG_CHUNK_SIZE: size=167772160, preferred_dataset_splits=1, resulting chunk_size=167772160
DEBUG_COLLECTIVE_TYPE: layer=91, event=UNKNOWN (raw=0), size=167772160, chunk_size=167772160
DEBUG_STREAM_COUNT: chunk size is: 167772160 , size is: 167772160 , layer_num is: 91 , node: 0
DEBUG_STREAM_CREATE: Creating stream #201 for dataset id: 774 (total_streams=1)
DEBUG_STREAM_COUNT: Generated 1 streams for layer 91 (UNKNOWN), total injected: 202
info: all-gather input grad collective issued for layer: mlp_moelayer, involved dimensions:  1, 0, 0, 0, 0, 0, 0, 0, 0, 0,
[FLOW_DEBUG] Initiating flow from node=0 to node=1 maxPacketCount=41943040 tag=182 flow_id=1218 at time=83900967
[FLOW_DEBUG] Initiating flow from node=0 to node=1 maxPacketCount=41943040 tag=183 flow_id=1220 at time=83900967
[FLOW_DEBUG] Initiating flow from node=1 to node=0 maxPacketCount=41943040 tag=182 flow_id=1219 at time=83900967
[FLOW_DEBUG] Initiating flow from node=1 to node=0 maxPacketCount=41943040 tag=183 flow_id=1221 at time=83900967
***** info: input gradient collective for layer: mlp_moelayer is finished************
info: no weight grad collective for layer: mlp_moelayer
DEBUG_CHUNK_SIZE: size=83886080, preferred_dataset_splits=1, resulting chunk_size=83886080
DEBUG_COLLECTIVE_TYPE: layer=90, event=UNKNOWN (raw=0), size=83886080, chunk_size=83886080
DEBUG_STREAM_COUNT: chunk size is: 83886080 , size is: 83886080 , layer_num is: 90 , node: 0
DEBUG_STREAM_CREATE: Creating stream #202 for dataset id: 777 (total_streams=1)
DEBUG_STREAM_COUNT: Generated 1 streams for layer 90 (UNKNOWN), total injected: 203
info: all-to-all input grad collective issued for layer: mlp_moelayer, involved dimensions:  1, 0, 0, 0, 0, 0, 0, 0, 0, 0,
[FLOW_DEBUG] Initiating flow from node=1 to node=0 maxPacketCount=41943040 tag=180 flow_id=1223 at time=84647785
[FLOW_DEBUG] Initiating flow from node=0 to node=1 maxPacketCount=41943040 tag=180 flow_id=1222 at time=84647785
***** info: input gradient collective for layer: mlp_moelayer is finished************
info: no weight grad collective for layer: mlp_moelayer
DEBUG_CHUNK_SIZE: size=20971520, preferred_dataset_splits=1, resulting chunk_size=20971520
DEBUG_COLLECTIVE_TYPE: layer=89, event=UNKNOWN (raw=0), size=20971520, chunk_size=20971520
DEBUG_STREAM_COUNT: chunk size is: 20971520 , size is: 20971520 , layer_num is: 89 , node: 0
DEBUG_STREAM_CREATE: Creating stream #203 for dataset id: 778 (total_streams=1)
DEBUG_STREAM_COUNT: Generated 1 streams for layer 89 (UNKNOWN), total injected: 204
info: all-to-all input grad collective issued for layer: mlp_moelayer, involved dimensions:  1, 0, 0, 0, 0, 0, 0, 0, 0, 0,
[FLOW_DEBUG] Initiating flow from node=0 to node=1 maxPacketCount=10485760 tag=178 flow_id=1224 at time=85021776
[FLOW_DEBUG] Initiating flow from node=1 to node=0 maxPacketCount=10485760 tag=178 flow_id=1225 at time=85021776
***** info: input gradient collective for layer: mlp_moelayer is finished************
info: no weight grad collective for layer: mlp_moelayer
DEBUG_CHUNK_SIZE: size=1048576, preferred_dataset_splits=1, resulting chunk_size=1048576
DEBUG_COLLECTIVE_TYPE: layer=88, event=UNKNOWN (raw=0), size=1048576, chunk_size=1048576
DEBUG_STREAM_COUNT: chunk size is: 1048576 , size is: 1048576 , layer_num is: 88 , node: 0
DEBUG_STREAM_CREATE: Creating stream #204 for dataset id: 781 (total_streams=1)
DEBUG_STREAM_COUNT: Generated 1 streams for layer 88 (UNKNOWN), total injected: 205
info: all-gather input grad collective issued for layer: mlp_moelayer, involved dimensions:  1, 0, 0, 0, 0, 0, 0, 0, 0, 0,
[FLOW_DEBUG] Initiating flow from node=1 to node=0 maxPacketCount=262144 tag=176 flow_id=1227 at time=85116147
[FLOW_DEBUG] Initiating flow from node=1 to node=0 maxPacketCount=262144 tag=177 flow_id=1229 at time=85116147
[FLOW_DEBUG] Initiating flow from node=0 to node=1 maxPacketCount=262144 tag=176 flow_id=1226 at time=85116147
[FLOW_DEBUG] Initiating flow from node=0 to node=1 maxPacketCount=262144 tag=177 flow_id=1228 at time=85116147
***** info: input gradient collective for layer: mlp_moelayer is finished************
DEBUG_SIM_END: Node 0 FINISH CONDITION NOT MET - continuing simulation
DEBUG_SIM_END: Node 0 checking finish condition: finished_workloads=0, event_queue.size()=1, pending_sends.size()=0, initialized=1
info: no weight grad collective for layer: mlp_moelayer
info: no input grad collective for layer: attention_row
info: no weight grad collective for layer: attention_row
info: no input grad collective for layer: attention_column
info: no weight grad collective for layer: attention_column
DEBUG_CHUNK_SIZE: size=20971520, preferred_dataset_splits=1, resulting chunk_size=20971520
DEBUG_COLLECTIVE_TYPE: layer=85, event=UNKNOWN (raw=0), size=20971520, chunk_size=20971520
DEBUG_STREAM_COUNT: chunk size is: 20971520 , size is: 20971520 , layer_num is: 85 , node: 0
DEBUG_STREAM_CREATE: Creating stream #205 for dataset id: 782 (total_streams=1)
DEBUG_STREAM_COUNT: Generated 1 streams for layer 85 (UNKNOWN), total injected: 206
info: all-to-all input grad collective issued for layer: mlp_moelayer, involved dimensions:  1, 0, 0, 0, 0, 0, 0, 0, 0, 0,
[FLOW_DEBUG] Initiating flow from node=0 to node=1 maxPacketCount=10485760 tag=170 flow_id=1230 at time=85121979
[FLOW_DEBUG] Initiating flow from node=1 to node=0 maxPacketCount=10485760 tag=170 flow_id=1231 at time=85121979
***** info: input gradient collective for layer: mlp_moelayer is finished************
info: no weight grad collective for layer: mlp_moelayer
DEBUG_CHUNK_SIZE: size=83886080, preferred_dataset_splits=1, resulting chunk_size=83886080
DEBUG_COLLECTIVE_TYPE: layer=84, event=UNKNOWN (raw=0), size=83886080, chunk_size=83886080
DEBUG_STREAM_COUNT: chunk size is: 83886080 , size is: 83886080 , layer_num is: 84 , node: 0
DEBUG_STREAM_CREATE: Creating stream #206 for dataset id: 785 (total_streams=1)
DEBUG_STREAM_COUNT: Generated 1 streams for layer 84 (UNKNOWN), total injected: 207
info: all-to-all input grad collective issued for layer: mlp_moelayer, involved dimensions:  1, 0, 0, 0, 0, 0, 0, 0, 0, 0,
[FLOW_DEBUG] Initiating flow from node=1 to node=0 maxPacketCount=41943040 tag=168 flow_id=1233 at time=85216350
[FLOW_DEBUG] Initiating flow from node=0 to node=1 maxPacketCount=41943040 tag=168 flow_id=1232 at time=85216350
***** info: input gradient collective for layer: mlp_moelayer is finished************
info: no weight grad collective for layer: mlp_moelayer
DEBUG_CHUNK_SIZE: size=83886080, preferred_dataset_splits=1, resulting chunk_size=83886080
DEBUG_COLLECTIVE_TYPE: layer=83, event=UNKNOWN (raw=0), size=83886080, chunk_size=83886080
DEBUG_STREAM_COUNT: chunk size is: 83886080 , size is: 83886080 , layer_num is: 83 , node: 0
DEBUG_STREAM_CREATE: Creating stream #207 for dataset id: 786 (total_streams=1)
DEBUG_STREAM_COUNT: Generated 1 streams for layer 83 (UNKNOWN), total injected: 208
info: all-gather input grad collective issued for layer: mlp_moelayer, involved dimensions:  1, 0, 0, 0, 0, 0, 0, 0, 0, 0,
[FLOW_DEBUG] Initiating flow from node=0 to node=1 maxPacketCount=20971520 tag=166 flow_id=1234 at time=85590341
[FLOW_DEBUG] Initiating flow from node=0 to node=1 maxPacketCount=20971520 tag=167 flow_id=1236 at time=85590341
[FLOW_DEBUG] Initiating flow from node=1 to node=0 maxPacketCount=20971520 tag=166 flow_id=1235 at time=85590341
[FLOW_DEBUG] Initiating flow from node=1 to node=0 maxPacketCount=20971520 tag=167 flow_id=1237 at time=85590341
***** info: input gradient collective for layer: mlp_moelayer is finished************
info: no weight grad collective for layer: mlp_moelayer
DEBUG_CHUNK_SIZE: size=167772160, preferred_dataset_splits=1, resulting chunk_size=167772160
DEBUG_COLLECTIVE_TYPE: layer=82, event=UNKNOWN (raw=0), size=167772160, chunk_size=167772160
DEBUG_STREAM_COUNT: chunk size is: 167772160 , size is: 167772160 , layer_num is: 82 , node: 0
DEBUG_STREAM_CREATE: Creating stream #208 for dataset id: 789 (total_streams=1)
DEBUG_STREAM_COUNT: Generated 1 streams for layer 82 (UNKNOWN), total injected: 209
info: all-gather input grad collective issued for layer: mlp_moelayer, involved dimensions:  1, 0, 0, 0, 0, 0, 0, 0, 0, 0,
[FLOW_DEBUG] Initiating flow from node=1 to node=0 maxPacketCount=41943040 tag=164 flow_id=1239 at time=85964331
[FLOW_DEBUG] Initiating flow from node=1 to node=0 maxPacketCount=41943040 tag=165 flow_id=1241 at time=85964331
[FLOW_DEBUG] Initiating flow from node=0 to node=1 maxPacketCount=41943040 tag=164 flow_id=1238 at time=85964331
[FLOW_DEBUG] Initiating flow from node=0 to node=1 maxPacketCount=41943040 tag=165 flow_id=1240 at time=85964331
***** info: input gradient collective for layer: mlp_moelayer is finished************
info: no weight grad collective for layer: mlp_moelayer
DEBUG_CHUNK_SIZE: size=83886080, preferred_dataset_splits=1, resulting chunk_size=83886080
DEBUG_COLLECTIVE_TYPE: layer=81, event=UNKNOWN (raw=0), size=83886080, chunk_size=83886080
DEBUG_STREAM_COUNT: chunk size is: 83886080 , size is: 83886080 , layer_num is: 81 , node: 0
DEBUG_STREAM_CREATE: Creating stream #209 for dataset id: 790 (total_streams=1)
DEBUG_STREAM_COUNT: Generated 1 streams for layer 81 (UNKNOWN), total injected: 210
info: all-to-all input grad collective issued for layer: mlp_moelayer, involved dimensions:  1, 0, 0, 0, 0, 0, 0, 0, 0, 0,
[FLOW_DEBUG] Initiating flow from node=0 to node=1 maxPacketCount=41943040 tag=162 flow_id=1242 at time=86711149
[FLOW_DEBUG] Initiating flow from node=1 to node=0 maxPacketCount=41943040 tag=162 flow_id=1243 at time=86711149
***** info: input gradient collective for layer: mlp_moelayer is finished************
info: no weight grad collective for layer: mlp_moelayer
DEBUG_CHUNK_SIZE: size=20971520, preferred_dataset_splits=1, resulting chunk_size=20971520
DEBUG_COLLECTIVE_TYPE: layer=80, event=UNKNOWN (raw=0), size=20971520, chunk_size=20971520
DEBUG_STREAM_COUNT: chunk size is: 20971520 , size is: 20971520 , layer_num is: 80 , node: 0
DEBUG_STREAM_CREATE: Creating stream #210 for dataset id: 793 (total_streams=1)
DEBUG_STREAM_COUNT: Generated 1 streams for layer 80 (UNKNOWN), total injected: 211
info: all-to-all input grad collective issued for layer: mlp_moelayer, involved dimensions:  1, 0, 0, 0, 0, 0, 0, 0, 0, 0,
[FLOW_DEBUG] Initiating flow from node=1 to node=0 maxPacketCount=10485760 tag=160 flow_id=1245 at time=87085140
[FLOW_DEBUG] Initiating flow from node=0 to node=1 maxPacketCount=10485760 tag=160 flow_id=1244 at time=87085140
***** info: input gradient collective for layer: mlp_moelayer is finished************
info: no weight grad collective for layer: mlp_moelayer
DEBUG_CHUNK_SIZE: size=1048576, preferred_dataset_splits=1, resulting chunk_size=1048576
DEBUG_COLLECTIVE_TYPE: layer=79, event=UNKNOWN (raw=0), size=1048576, chunk_size=1048576
DEBUG_STREAM_COUNT: chunk size is: 1048576 , size is: 1048576 , layer_num is: 79 , node: 0
DEBUG_STREAM_CREATE: Creating stream #211 for dataset id: 794 (total_streams=1)
DEBUG_STREAM_COUNT: Generated 1 streams for layer 79 (UNKNOWN), total injected: 212
info: all-gather input grad collective issued for layer: mlp_moelayer, involved dimensions:  1, 0, 0, 0, 0, 0, 0, 0, 0, 0,
[FLOW_DEBUG] Initiating flow from node=0 to node=1 maxPacketCount=262144 tag=158 flow_id=1246 at time=87179511
[FLOW_DEBUG] Initiating flow from node=0 to node=1 maxPacketCount=262144 tag=159 flow_id=1248 at time=87179511
[FLOW_DEBUG] Initiating flow from node=1 to node=0 maxPacketCount=262144 tag=158 flow_id=1247 at time=87179511
[FLOW_DEBUG] Initiating flow from node=1 to node=0 maxPacketCount=262144 tag=159 flow_id=1249 at time=87179511
***** info: input gradient collective for layer: mlp_moelayer is finished************
info: no weight grad collective for layer: mlp_moelayer
info: no input grad collective for layer: attention_row
info: no weight grad collective for layer: attention_row
info: no input grad collective for layer: attention_column
info: no weight grad collective for layer: attention_column
info: no input grad collective for layer: embedding_layer
info: no weight grad collective for layer: embedding_layer
info: no input grad collective for layer: embedding_norm
info: no weight grad collective for layer: embedding_norm
info: no input grad collective for layer: final_column
info: no weight grad collective for layer: final_column
DEBUG_CHUNK_SIZE: size=20971520, preferred_dataset_splits=1, resulting chunk_size=20971520
DEBUG_COLLECTIVE_TYPE: layer=73, event=UNKNOWN (raw=0), size=20971520, chunk_size=20971520
DEBUG_STREAM_COUNT: chunk size is: 20971520 , size is: 20971520 , layer_num is: 73 , node: 0
DEBUG_STREAM_CREATE: Creating stream #212 for dataset id: 797 (total_streams=1)
DEBUG_STREAM_COUNT: Generated 1 streams for layer 73 (UNKNOWN), total injected: 213
info: all-to-all input grad collective issued for layer: mlp_moelayer, involved dimensions:  1, 0, 0, 0, 0, 0, 0, 0, 0, 0,
[FLOW_DEBUG] Initiating flow from node=1 to node=0 maxPacketCount=10485760 tag=146 flow_id=1251 at time=87185355
[FLOW_DEBUG] Initiating flow from node=0 to node=1 maxPacketCount=10485760 tag=146 flow_id=1250 at time=87185355
***** info: input gradient collective for layer: mlp_moelayer is finished************
info: no weight grad collective for layer: mlp_moelayer
DEBUG_CHUNK_SIZE: size=83886080, preferred_dataset_splits=1, resulting chunk_size=83886080
DEBUG_COLLECTIVE_TYPE: layer=72, event=UNKNOWN (raw=0), size=83886080, chunk_size=83886080
DEBUG_STREAM_COUNT: chunk size is: 83886080 , size is: 83886080 , layer_num is: 72 , node: 0
DEBUG_STREAM_CREATE: Creating stream #213 for dataset id: 798 (total_streams=1)
DEBUG_STREAM_COUNT: Generated 1 streams for layer 72 (UNKNOWN), total injected: 214
info: all-to-all input grad collective issued for layer: mlp_moelayer, involved dimensions:  1, 0, 0, 0, 0, 0, 0, 0, 0, 0,
[FLOW_DEBUG] Initiating flow from node=0 to node=1 maxPacketCount=41943040 tag=144 flow_id=1252 at time=87279726
[FLOW_DEBUG] Initiating flow from node=1 to node=0 maxPacketCount=41943040 tag=144 flow_id=1253 at time=87279726
***** info: input gradient collective for layer: mlp_moelayer is finished************
info: no weight grad collective for layer: mlp_moelayer
DEBUG_CHUNK_SIZE: size=83886080, preferred_dataset_splits=1, resulting chunk_size=83886080
DEBUG_COLLECTIVE_TYPE: layer=71, event=UNKNOWN (raw=0), size=83886080, chunk_size=83886080
DEBUG_STREAM_COUNT: chunk size is: 83886080 , size is: 83886080 , layer_num is: 71 , node: 0
DEBUG_STREAM_CREATE: Creating stream #214 for dataset id: 801 (total_streams=1)
DEBUG_STREAM_COUNT: Generated 1 streams for layer 71 (UNKNOWN), total injected: 215
info: all-gather input grad collective issued for layer: mlp_moelayer, involved dimensions:  1, 0, 0, 0, 0, 0, 0, 0, 0, 0,
[FLOW_DEBUG] Initiating flow from node=1 to node=0 maxPacketCount=20971520 tag=142 flow_id=1255 at time=87653717
[FLOW_DEBUG] Initiating flow from node=1 to node=0 maxPacketCount=20971520 tag=143 flow_id=1257 at time=87653717
[FLOW_DEBUG] Initiating flow from node=0 to node=1 maxPacketCount=20971520 tag=142 flow_id=1254 at time=87653717
[FLOW_DEBUG] Initiating flow from node=0 to node=1 maxPacketCount=20971520 tag=143 flow_id=1256 at time=87653717
***** info: input gradient collective for layer: mlp_moelayer is finished************
info: no weight grad collective for layer: mlp_moelayer
DEBUG_CHUNK_SIZE: size=167772160, preferred_dataset_splits=1, resulting chunk_size=167772160
DEBUG_COLLECTIVE_TYPE: layer=70, event=UNKNOWN (raw=0), size=167772160, chunk_size=167772160
DEBUG_STREAM_COUNT: chunk size is: 167772160 , size is: 167772160 , layer_num is: 70 , node: 0
DEBUG_STREAM_CREATE: Creating stream #215 for dataset id: 802 (total_streams=1)
DEBUG_STREAM_COUNT: Generated 1 streams for layer 70 (UNKNOWN), total injected: 216
info: all-gather input grad collective issued for layer: mlp_moelayer, involved dimensions:  1, 0, 0, 0, 0, 0, 0, 0, 0, 0,
[FLOW_DEBUG] Initiating flow from node=0 to node=1 maxPacketCount=41943040 tag=140 flow_id=1258 at time=88027707
[FLOW_DEBUG] Initiating flow from node=0 to node=1 maxPacketCount=41943040 tag=141 flow_id=1260 at time=88027707
[FLOW_DEBUG] Initiating flow from node=1 to node=0 maxPacketCount=41943040 tag=140 flow_id=1259 at time=88027707
[FLOW_DEBUG] Initiating flow from node=1 to node=0 maxPacketCount=41943040 tag=141 flow_id=1261 at time=88027707
***** info: input gradient collective for layer: mlp_moelayer is finished************
info: no weight grad collective for layer: mlp_moelayer
DEBUG_CHUNK_SIZE: size=83886080, preferred_dataset_splits=1, resulting chunk_size=83886080
DEBUG_COLLECTIVE_TYPE: layer=69, event=UNKNOWN (raw=0), size=83886080, chunk_size=83886080
DEBUG_STREAM_COUNT: chunk size is: 83886080 , size is: 83886080 , layer_num is: 69 , node: 0
DEBUG_STREAM_CREATE: Creating stream #216 for dataset id: 805 (total_streams=1)
DEBUG_STREAM_COUNT: Generated 1 streams for layer 69 (UNKNOWN), total injected: 217
info: all-to-all input grad collective issued for layer: mlp_moelayer, involved dimensions:  1, 0, 0, 0, 0, 0, 0, 0, 0, 0,
[FLOW_DEBUG] Initiating flow from node=1 to node=0 maxPacketCount=41943040 tag=138 flow_id=1263 at time=88774525
[FLOW_DEBUG] Initiating flow from node=0 to node=1 maxPacketCount=41943040 tag=138 flow_id=1262 at time=88774525
***** info: input gradient collective for layer: mlp_moelayer is finished************
info: no weight grad collective for layer: mlp_moelayer
DEBUG_CHUNK_SIZE: size=20971520, preferred_dataset_splits=1, resulting chunk_size=20971520
DEBUG_COLLECTIVE_TYPE: layer=68, event=UNKNOWN (raw=0), size=20971520, chunk_size=20971520
DEBUG_STREAM_COUNT: chunk size is: 20971520 , size is: 20971520 , layer_num is: 68 , node: 0
DEBUG_STREAM_CREATE: Creating stream #217 for dataset id: 806 (total_streams=1)
DEBUG_STREAM_COUNT: Generated 1 streams for layer 68 (UNKNOWN), total injected: 218
info: all-to-all input grad collective issued for layer: mlp_moelayer, involved dimensions:  1, 0, 0, 0, 0, 0, 0, 0, 0, 0,
[FLOW_DEBUG] Initiating flow from node=0 to node=1 maxPacketCount=10485760 tag=136 flow_id=1264 at time=89148516
[FLOW_DEBUG] Initiating flow from node=1 to node=0 maxPacketCount=10485760 tag=136 flow_id=1265 at time=89148516
***** info: input gradient collective for layer: mlp_moelayer is finished************
info: no weight grad collective for layer: mlp_moelayer
DEBUG_CHUNK_SIZE: size=1048576, preferred_dataset_splits=1, resulting chunk_size=1048576
DEBUG_COLLECTIVE_TYPE: layer=67, event=UNKNOWN (raw=0), size=1048576, chunk_size=1048576
DEBUG_STREAM_COUNT: chunk size is: 1048576 , size is: 1048576 , layer_num is: 67 , node: 0
DEBUG_STREAM_CREATE: Creating stream #218 for dataset id: 809 (total_streams=1)
DEBUG_STREAM_COUNT: Generated 1 streams for layer 67 (UNKNOWN), total injected: 219
info: all-gather input grad collective issued for layer: mlp_moelayer, involved dimensions:  1, 0, 0, 0, 0, 0, 0, 0, 0, 0,
[FLOW_DEBUG] Initiating flow from node=1 to node=0 maxPacketCount=262144 tag=134 flow_id=1267 at time=89242887
[FLOW_DEBUG] Initiating flow from node=1 to node=0 maxPacketCount=262144 tag=135 flow_id=1269 at time=89242887
[FLOW_DEBUG] Initiating flow from node=0 to node=1 maxPacketCount=262144 tag=134 flow_id=1266 at time=89242887
[FLOW_DEBUG] Initiating flow from node=0 to node=1 maxPacketCount=262144 tag=135 flow_id=1268 at time=89242887
***** info: input gradient collective for layer: mlp_moelayer is finished************
info: no weight grad collective for layer: mlp_moelayer
info: no input grad collective for layer: attention_row
info: no weight grad collective for layer: attention_row
info: no input grad collective for layer: attention_column
info: no weight grad collective for layer: attention_column
DEBUG_CHUNK_SIZE: size=20971520, preferred_dataset_splits=1, resulting chunk_size=20971520
DEBUG_COLLECTIVE_TYPE: layer=64, event=UNKNOWN (raw=0), size=20971520, chunk_size=20971520
DEBUG_STREAM_COUNT: chunk size is: 20971520 , size is: 20971520 , layer_num is: 64 , node: 0
DEBUG_STREAM_CREATE: Creating stream #219 for dataset id: 810 (total_streams=1)
DEBUG_STREAM_COUNT: Generated 1 streams for layer 64 (UNKNOWN), total injected: 220
info: all-to-all input grad collective issued for layer: mlp_moelayer, involved dimensions:  1, 0, 0, 0, 0, 0, 0, 0, 0, 0,
[FLOW_DEBUG] Initiating flow from node=0 to node=1 maxPacketCount=10485760 tag=128 flow_id=1270 at time=89248719
[FLOW_DEBUG] Initiating flow from node=1 to node=0 maxPacketCount=10485760 tag=128 flow_id=1271 at time=89248719
***** info: input gradient collective for layer: mlp_moelayer is finished************
info: no weight grad collective for layer: mlp_moelayer
DEBUG_CHUNK_SIZE: size=83886080, preferred_dataset_splits=1, resulting chunk_size=83886080
DEBUG_COLLECTIVE_TYPE: layer=63, event=UNKNOWN (raw=0), size=83886080, chunk_size=83886080
DEBUG_STREAM_COUNT: chunk size is: 83886080 , size is: 83886080 , layer_num is: 63 , node: 0
DEBUG_STREAM_CREATE: Creating stream #220 for dataset id: 813 (total_streams=1)
DEBUG_STREAM_COUNT: Generated 1 streams for layer 63 (UNKNOWN), total injected: 221
info: all-to-all input grad collective issued for layer: mlp_moelayer, involved dimensions:  1, 0, 0, 0, 0, 0, 0, 0, 0, 0,
[FLOW_DEBUG] Initiating flow from node=1 to node=0 maxPacketCount=41943040 tag=126 flow_id=1273 at time=89343090
[FLOW_DEBUG] Initiating flow from node=0 to node=1 maxPacketCount=41943040 tag=126 flow_id=1272 at time=89343090
***** info: input gradient collective for layer: mlp_moelayer is finished************
info: no weight grad collective for layer: mlp_moelayer
DEBUG_CHUNK_SIZE: size=83886080, preferred_dataset_splits=1, resulting chunk_size=83886080
DEBUG_COLLECTIVE_TYPE: layer=62, event=UNKNOWN (raw=0), size=83886080, chunk_size=83886080
DEBUG_STREAM_COUNT: chunk size is: 83886080 , size is: 83886080 , layer_num is: 62 , node: 0
DEBUG_STREAM_CREATE: Creating stream #221 for dataset id: 814 (total_streams=1)
DEBUG_STREAM_COUNT: Generated 1 streams for layer 62 (UNKNOWN), total injected: 222
info: all-gather input grad collective issued for layer: mlp_moelayer, involved dimensions:  1, 0, 0, 0, 0, 0, 0, 0, 0, 0,
[FLOW_DEBUG] Initiating flow from node=0 to node=1 maxPacketCount=20971520 tag=124 flow_id=1274 at time=89717081
[FLOW_DEBUG] Initiating flow from node=0 to node=1 maxPacketCount=20971520 tag=125 flow_id=1276 at time=89717081
[FLOW_DEBUG] Initiating flow from node=1 to node=0 maxPacketCount=20971520 tag=124 flow_id=1275 at time=89717081
[FLOW_DEBUG] Initiating flow from node=1 to node=0 maxPacketCount=20971520 tag=125 flow_id=1277 at time=89717081
***** info: input gradient collective for layer: mlp_moelayer is finished************
info: no weight grad collective for layer: mlp_moelayer
DEBUG_CHUNK_SIZE: size=167772160, preferred_dataset_splits=1, resulting chunk_size=167772160
DEBUG_COLLECTIVE_TYPE: layer=61, event=UNKNOWN (raw=0), size=167772160, chunk_size=167772160
DEBUG_STREAM_COUNT: chunk size is: 167772160 , size is: 167772160 , layer_num is: 61 , node: 0
DEBUG_STREAM_CREATE: Creating stream #222 for dataset id: 817 (total_streams=1)
DEBUG_STREAM_COUNT: Generated 1 streams for layer 61 (UNKNOWN), total injected: 223
info: all-gather input grad collective issued for layer: mlp_moelayer, involved dimensions:  1, 0, 0, 0, 0, 0, 0, 0, 0, 0,
[FLOW_DEBUG] Initiating flow from node=1 to node=0 maxPacketCount=41943040 tag=122 flow_id=1279 at time=90091071
[FLOW_DEBUG] Initiating flow from node=1 to node=0 maxPacketCount=41943040 tag=123 flow_id=1281 at time=90091071
[FLOW_DEBUG] Initiating flow from node=0 to node=1 maxPacketCount=41943040 tag=122 flow_id=1278 at time=90091071
[FLOW_DEBUG] Initiating flow from node=0 to node=1 maxPacketCount=41943040 tag=123 flow_id=1280 at time=90091071
***** info: input gradient collective for layer: mlp_moelayer is finished************
info: no weight grad collective for layer: mlp_moelayer
DEBUG_CHUNK_SIZE: size=83886080, preferred_dataset_splits=1, resulting chunk_size=83886080
DEBUG_COLLECTIVE_TYPE: layer=60, event=UNKNOWN (raw=0), size=83886080, chunk_size=83886080
DEBUG_STREAM_COUNT: chunk size is: 83886080 , size is: 83886080 , layer_num is: 60 , node: 0
DEBUG_STREAM_CREATE: Creating stream #223 for dataset id: 818 (total_streams=1)
DEBUG_STREAM_COUNT: Generated 1 streams for layer 60 (UNKNOWN), total injected: 224
info: all-to-all input grad collective issued for layer: mlp_moelayer, involved dimensions:  1, 0, 0, 0, 0, 0, 0, 0, 0, 0,
[FLOW_DEBUG] Initiating flow from node=0 to node=1 maxPacketCount=41943040 tag=120 flow_id=1282 at time=90837889
[FLOW_DEBUG] Initiating flow from node=1 to node=0 maxPacketCount=41943040 tag=120 flow_id=1283 at time=90837889
***** info: input gradient collective for layer: mlp_moelayer is finished************
info: no weight grad collective for layer: mlp_moelayer
DEBUG_CHUNK_SIZE: size=20971520, preferred_dataset_splits=1, resulting chunk_size=20971520
DEBUG_COLLECTIVE_TYPE: layer=59, event=UNKNOWN (raw=0), size=20971520, chunk_size=20971520
DEBUG_STREAM_COUNT: chunk size is: 20971520 , size is: 20971520 , layer_num is: 59 , node: 0
DEBUG_STREAM_CREATE: Creating stream #224 for dataset id: 821 (total_streams=1)
DEBUG_STREAM_COUNT: Generated 1 streams for layer 59 (UNKNOWN), total injected: 225
info: all-to-all input grad collective issued for layer: mlp_moelayer, involved dimensions:  1, 0, 0, 0, 0, 0, 0, 0, 0, 0,
[FLOW_DEBUG] Initiating flow from node=1 to node=0 maxPacketCount=10485760 tag=118 flow_id=1285 at time=91211880
[FLOW_DEBUG] Initiating flow from node=0 to node=1 maxPacketCount=10485760 tag=118 flow_id=1284 at time=91211880
***** info: input gradient collective for layer: mlp_moelayer is finished************
info: no weight grad collective for layer: mlp_moelayer
DEBUG_CHUNK_SIZE: size=1048576, preferred_dataset_splits=1, resulting chunk_size=1048576
DEBUG_COLLECTIVE_TYPE: layer=58, event=UNKNOWN (raw=0), size=1048576, chunk_size=1048576
DEBUG_STREAM_COUNT: chunk size is: 1048576 , size is: 1048576 , layer_num is: 58 , node: 0
DEBUG_STREAM_CREATE: Creating stream #225 for dataset id: 822 (total_streams=1)
DEBUG_STREAM_COUNT: Generated 1 streams for layer 58 (UNKNOWN), total injected: 226
info: all-gather input grad collective issued for layer: mlp_moelayer, involved dimensions:  1, 0, 0, 0, 0, 0, 0, 0, 0, 0,
[FLOW_DEBUG] Initiating flow from node=0 to node=1 maxPacketCount=262144 tag=116 flow_id=1286 at time=91306251
[FLOW_DEBUG] Initiating flow from node=0 to node=1 maxPacketCount=262144 tag=117 flow_id=1288 at time=91306251
[FLOW_DEBUG] Initiating flow from node=1 to node=0 maxPacketCount=262144 tag=116 flow_id=1287 at time=91306251
[FLOW_DEBUG] Initiating flow from node=1 to node=0 maxPacketCount=262144 tag=117 flow_id=1289 at time=91306251
***** info: input gradient collective for layer: mlp_moelayer is finished************
info: no weight grad collective for layer: mlp_moelayer
info: no input grad collective for layer: attention_row
info: no weight grad collective for layer: attention_row
info: no input grad collective for layer: attention_column
info: no weight grad collective for layer: attention_column
DEBUG_CHUNK_SIZE: size=20971520, preferred_dataset_splits=1, resulting chunk_size=20971520
DEBUG_COLLECTIVE_TYPE: layer=55, event=UNKNOWN (raw=0), size=20971520, chunk_size=20971520
DEBUG_STREAM_COUNT: chunk size is: 20971520 , size is: 20971520 , layer_num is: 55 , node: 0
DEBUG_STREAM_CREATE: Creating stream #226 for dataset id: 825 (total_streams=1)
DEBUG_STREAM_COUNT: Generated 1 streams for layer 55 (UNKNOWN), total injected: 227
info: all-to-all input grad collective issued for layer: mlp_moelayer, involved dimensions:  1, 0, 0, 0, 0, 0, 0, 0, 0, 0,
[FLOW_DEBUG] Initiating flow from node=1 to node=0 maxPacketCount=10485760 tag=110 flow_id=1291 at time=91312083
[FLOW_DEBUG] Initiating flow from node=0 to node=1 maxPacketCount=10485760 tag=110 flow_id=1290 at time=91312083
***** info: input gradient collective for layer: mlp_moelayer is finished************
info: no weight grad collective for layer: mlp_moelayer
DEBUG_CHUNK_SIZE: size=83886080, preferred_dataset_splits=1, resulting chunk_size=83886080
DEBUG_COLLECTIVE_TYPE: layer=54, event=UNKNOWN (raw=0), size=83886080, chunk_size=83886080
DEBUG_STREAM_COUNT: chunk size is: 83886080 , size is: 83886080 , layer_num is: 54 , node: 0
DEBUG_STREAM_CREATE: Creating stream #227 for dataset id: 826 (total_streams=1)
DEBUG_STREAM_COUNT: Generated 1 streams for layer 54 (UNKNOWN), total injected: 228
info: all-to-all input grad collective issued for layer: mlp_moelayer, involved dimensions:  1, 0, 0, 0, 0, 0, 0, 0, 0, 0,
[FLOW_DEBUG] Initiating flow from node=0 to node=1 maxPacketCount=41943040 tag=108 flow_id=1292 at time=91406454
[FLOW_DEBUG] Initiating flow from node=1 to node=0 maxPacketCount=41943040 tag=108 flow_id=1293 at time=91406454
***** info: input gradient collective for layer: mlp_moelayer is finished************
info: no weight grad collective for layer: mlp_moelayer
DEBUG_CHUNK_SIZE: size=83886080, preferred_dataset_splits=1, resulting chunk_size=83886080
DEBUG_COLLECTIVE_TYPE: layer=53, event=UNKNOWN (raw=0), size=83886080, chunk_size=83886080
DEBUG_STREAM_COUNT: chunk size is: 83886080 , size is: 83886080 , layer_num is: 53 , node: 0
DEBUG_STREAM_CREATE: Creating stream #228 for dataset id: 829 (total_streams=1)
DEBUG_STREAM_COUNT: Generated 1 streams for layer 53 (UNKNOWN), total injected: 229
info: all-gather input grad collective issued for layer: mlp_moelayer, involved dimensions:  1, 0, 0, 0, 0, 0, 0, 0, 0, 0,
[FLOW_DEBUG] Initiating flow from node=1 to node=0 maxPacketCount=20971520 tag=106 flow_id=1295 at time=91780445
[FLOW_DEBUG] Initiating flow from node=1 to node=0 maxPacketCount=20971520 tag=107 flow_id=1297 at time=91780445
[FLOW_DEBUG] Initiating flow from node=0 to node=1 maxPacketCount=20971520 tag=106 flow_id=1294 at time=91780445
[FLOW_DEBUG] Initiating flow from node=0 to node=1 maxPacketCount=20971520 tag=107 flow_id=1296 at time=91780445
***** info: input gradient collective for layer: mlp_moelayer is finished************
info: no weight grad collective for layer: mlp_moelayer
DEBUG_CHUNK_SIZE: size=167772160, preferred_dataset_splits=1, resulting chunk_size=167772160
DEBUG_COLLECTIVE_TYPE: layer=52, event=UNKNOWN (raw=0), size=167772160, chunk_size=167772160
DEBUG_STREAM_COUNT: chunk size is: 167772160 , size is: 167772160 , layer_num is: 52 , node: 0
DEBUG_STREAM_CREATE: Creating stream #229 for dataset id: 830 (total_streams=1)
DEBUG_STREAM_COUNT: Generated 1 streams for layer 52 (UNKNOWN), total injected: 230
info: all-gather input grad collective issued for layer: mlp_moelayer, involved dimensions:  1, 0, 0, 0, 0, 0, 0, 0, 0, 0,
[FLOW_DEBUG] Initiating flow from node=0 to node=1 maxPacketCount=41943040 tag=104 flow_id=1298 at time=92154435
[FLOW_DEBUG] Initiating flow from node=0 to node=1 maxPacketCount=41943040 tag=105 flow_id=1300 at time=92154435
[FLOW_DEBUG] Initiating flow from node=1 to node=0 maxPacketCount=41943040 tag=104 flow_id=1299 at time=92154435
[FLOW_DEBUG] Initiating flow from node=1 to node=0 maxPacketCount=41943040 tag=105 flow_id=1301 at time=92154435
***** info: input gradient collective for layer: mlp_moelayer is finished************
info: no weight grad collective for layer: mlp_moelayer
DEBUG_CHUNK_SIZE: size=83886080, preferred_dataset_splits=1, resulting chunk_size=83886080
DEBUG_COLLECTIVE_TYPE: layer=51, event=UNKNOWN (raw=0), size=83886080, chunk_size=83886080
DEBUG_STREAM_COUNT: chunk size is: 83886080 , size is: 83886080 , layer_num is: 51 , node: 0
DEBUG_STREAM_CREATE: Creating stream #230 for dataset id: 833 (total_streams=1)
DEBUG_STREAM_COUNT: Generated 1 streams for layer 51 (UNKNOWN), total injected: 231
info: all-to-all input grad collective issued for layer: mlp_moelayer, involved dimensions:  1, 0, 0, 0, 0, 0, 0, 0, 0, 0,
[FLOW_DEBUG] Initiating flow from node=1 to node=0 maxPacketCount=41943040 tag=102 flow_id=1303 at time=92901253
[FLOW_DEBUG] Initiating flow from node=0 to node=1 maxPacketCount=41943040 tag=102 flow_id=1302 at time=92901253
***** info: input gradient collective for layer: mlp_moelayer is finished************
info: no weight grad collective for layer: mlp_moelayer
DEBUG_CHUNK_SIZE: size=20971520, preferred_dataset_splits=1, resulting chunk_size=20971520
DEBUG_COLLECTIVE_TYPE: layer=50, event=UNKNOWN (raw=0), size=20971520, chunk_size=20971520
DEBUG_STREAM_COUNT: chunk size is: 20971520 , size is: 20971520 , layer_num is: 50 , node: 0
DEBUG_STREAM_CREATE: Creating stream #231 for dataset id: 834 (total_streams=1)
DEBUG_STREAM_COUNT: Generated 1 streams for layer 50 (UNKNOWN), total injected: 232
info: all-to-all input grad collective issued for layer: mlp_moelayer, involved dimensions:  1, 0, 0, 0, 0, 0, 0, 0, 0, 0,
[FLOW_DEBUG] Initiating flow from node=0 to node=1 maxPacketCount=10485760 tag=100 flow_id=1304 at time=93275244
[FLOW_DEBUG] Initiating flow from node=1 to node=0 maxPacketCount=10485760 tag=100 flow_id=1305 at time=93275244
***** info: input gradient collective for layer: mlp_moelayer is finished************
info: no weight grad collective for layer: mlp_moelayer
DEBUG_CHUNK_SIZE: size=1048576, preferred_dataset_splits=1, resulting chunk_size=1048576
DEBUG_COLLECTIVE_TYPE: layer=49, event=UNKNOWN (raw=0), size=1048576, chunk_size=1048576
DEBUG_STREAM_COUNT: chunk size is: 1048576 , size is: 1048576 , layer_num is: 49 , node: 0
DEBUG_STREAM_CREATE: Creating stream #232 for dataset id: 837 (total_streams=1)
DEBUG_STREAM_COUNT: Generated 1 streams for layer 49 (UNKNOWN), total injected: 233
info: all-gather input grad collective issued for layer: mlp_moelayer, involved dimensions:  1, 0, 0, 0, 0, 0, 0, 0, 0, 0,
[FLOW_DEBUG] Initiating flow from node=1 to node=0 maxPacketCount=262144 tag=98 flow_id=1307 at time=93369615
[FLOW_DEBUG] Initiating flow from node=1 to node=0 maxPacketCount=262144 tag=99 flow_id=1309 at time=93369615
[FLOW_DEBUG] Initiating flow from node=0 to node=1 maxPacketCount=262144 tag=98 flow_id=1306 at time=93369615
[FLOW_DEBUG] Initiating flow from node=0 to node=1 maxPacketCount=262144 tag=99 flow_id=1308 at time=93369615
***** info: input gradient collective for layer: mlp_moelayer is finished************
info: no weight grad collective for layer: mlp_moelayer
info: no input grad collective for layer: attention_row
info: no weight grad collective for layer: attention_row
info: no input grad collective for layer: attention_column
info: no weight grad collective for layer: attention_column
DEBUG_CHUNK_SIZE: size=20971520, preferred_dataset_splits=1, resulting chunk_size=20971520
DEBUG_COLLECTIVE_TYPE: layer=46, event=UNKNOWN (raw=0), size=20971520, chunk_size=20971520
DEBUG_STREAM_COUNT: chunk size is: 20971520 , size is: 20971520 , layer_num is: 46 , node: 0
DEBUG_STREAM_CREATE: Creating stream #233 for dataset id: 838 (total_streams=1)
DEBUG_STREAM_COUNT: Generated 1 streams for layer 46 (UNKNOWN), total injected: 234
info: all-to-all input grad collective issued for layer: mlp_moelayer, involved dimensions:  1, 0, 0, 0, 0, 0, 0, 0, 0, 0,
[FLOW_DEBUG] Initiating flow from node=0 to node=1 maxPacketCount=10485760 tag=92 flow_id=1310 at time=93375447
[FLOW_DEBUG] Initiating flow from node=1 to node=0 maxPacketCount=10485760 tag=92 flow_id=1311 at time=93375447
***** info: input gradient collective for layer: mlp_moelayer is finished************
info: no weight grad collective for layer: mlp_moelayer
DEBUG_CHUNK_SIZE: size=83886080, preferred_dataset_splits=1, resulting chunk_size=83886080
DEBUG_COLLECTIVE_TYPE: layer=45, event=UNKNOWN (raw=0), size=83886080, chunk_size=83886080
DEBUG_STREAM_COUNT: chunk size is: 83886080 , size is: 83886080 , layer_num is: 45 , node: 0
DEBUG_STREAM_CREATE: Creating stream #234 for dataset id: 841 (total_streams=1)
DEBUG_STREAM_COUNT: Generated 1 streams for layer 45 (UNKNOWN), total injected: 235
info: all-to-all input grad collective issued for layer: mlp_moelayer, involved dimensions:  1, 0, 0, 0, 0, 0, 0, 0, 0, 0,
[FLOW_DEBUG] Initiating flow from node=1 to node=0 maxPacketCount=41943040 tag=90 flow_id=1313 at time=93469818
[FLOW_DEBUG] Initiating flow from node=0 to node=1 maxPacketCount=41943040 tag=90 flow_id=1312 at time=93469818
***** info: input gradient collective for layer: mlp_moelayer is finished************
info: no weight grad collective for layer: mlp_moelayer
DEBUG_CHUNK_SIZE: size=83886080, preferred_dataset_splits=1, resulting chunk_size=83886080
DEBUG_COLLECTIVE_TYPE: layer=44, event=UNKNOWN (raw=0), size=83886080, chunk_size=83886080
DEBUG_STREAM_COUNT: chunk size is: 83886080 , size is: 83886080 , layer_num is: 44 , node: 0
DEBUG_STREAM_CREATE: Creating stream #235 for dataset id: 842 (total_streams=1)
DEBUG_STREAM_COUNT: Generated 1 streams for layer 44 (UNKNOWN), total injected: 236
info: all-gather input grad collective issued for layer: mlp_moelayer, involved dimensions:  1, 0, 0, 0, 0, 0, 0, 0, 0, 0,
[FLOW_DEBUG] Initiating flow from node=0 to node=1 maxPacketCount=20971520 tag=88 flow_id=1314 at time=93843809
[FLOW_DEBUG] Initiating flow from node=0 to node=1 maxPacketCount=20971520 tag=89 flow_id=1316 at time=93843809
[FLOW_DEBUG] Initiating flow from node=1 to node=0 maxPacketCount=20971520 tag=88 flow_id=1315 at time=93843809
[FLOW_DEBUG] Initiating flow from node=1 to node=0 maxPacketCount=20971520 tag=89 flow_id=1317 at time=93843809
***** info: input gradient collective for layer: mlp_moelayer is finished************
info: no weight grad collective for layer: mlp_moelayer
DEBUG_CHUNK_SIZE: size=167772160, preferred_dataset_splits=1, resulting chunk_size=167772160
DEBUG_COLLECTIVE_TYPE: layer=43, event=UNKNOWN (raw=0), size=167772160, chunk_size=167772160
DEBUG_STREAM_COUNT: chunk size is: 167772160 , size is: 167772160 , layer_num is: 43 , node: 0
DEBUG_STREAM_CREATE: Creating stream #236 for dataset id: 845 (total_streams=1)
DEBUG_STREAM_COUNT: Generated 1 streams for layer 43 (UNKNOWN), total injected: 237
info: all-gather input grad collective issued for layer: mlp_moelayer, involved dimensions:  1, 0, 0, 0, 0, 0, 0, 0, 0, 0,
[FLOW_DEBUG] Initiating flow from node=1 to node=0 maxPacketCount=41943040 tag=86 flow_id=1319 at time=94217799
[FLOW_DEBUG] Initiating flow from node=1 to node=0 maxPacketCount=41943040 tag=87 flow_id=1321 at time=94217799
[FLOW_DEBUG] Initiating flow from node=0 to node=1 maxPacketCount=41943040 tag=86 flow_id=1318 at time=94217799
[FLOW_DEBUG] Initiating flow from node=0 to node=1 maxPacketCount=41943040 tag=87 flow_id=1320 at time=94217799
***** info: input gradient collective for layer: mlp_moelayer is finished************
info: no weight grad collective for layer: mlp_moelayer
DEBUG_CHUNK_SIZE: size=83886080, preferred_dataset_splits=1, resulting chunk_size=83886080
DEBUG_COLLECTIVE_TYPE: layer=42, event=UNKNOWN (raw=0), size=83886080, chunk_size=83886080
DEBUG_STREAM_COUNT: chunk size is: 83886080 , size is: 83886080 , layer_num is: 42 , node: 0
DEBUG_STREAM_CREATE: Creating stream #237 for dataset id: 846 (total_streams=1)
DEBUG_STREAM_COUNT: Generated 1 streams for layer 42 (UNKNOWN), total injected: 238
info: all-to-all input grad collective issued for layer: mlp_moelayer, involved dimensions:  1, 0, 0, 0, 0, 0, 0, 0, 0, 0,
[FLOW_DEBUG] Initiating flow from node=0 to node=1 maxPacketCount=41943040 tag=84 flow_id=1322 at time=94964617
[FLOW_DEBUG] Initiating flow from node=1 to node=0 maxPacketCount=41943040 tag=84 flow_id=1323 at time=94964617
***** info: input gradient collective for layer: mlp_moelayer is finished************
info: no weight grad collective for layer: mlp_moelayer
DEBUG_CHUNK_SIZE: size=20971520, preferred_dataset_splits=1, resulting chunk_size=20971520
DEBUG_COLLECTIVE_TYPE: layer=41, event=UNKNOWN (raw=0), size=20971520, chunk_size=20971520
DEBUG_STREAM_COUNT: chunk size is: 20971520 , size is: 20971520 , layer_num is: 41 , node: 0
DEBUG_STREAM_CREATE: Creating stream #238 for dataset id: 849 (total_streams=1)
DEBUG_STREAM_COUNT: Generated 1 streams for layer 41 (UNKNOWN), total injected: 239
info: all-to-all input grad collective issued for layer: mlp_moelayer, involved dimensions:  1, 0, 0, 0, 0, 0, 0, 0, 0, 0,
[FLOW_DEBUG] Initiating flow from node=1 to node=0 maxPacketCount=10485760 tag=82 flow_id=1325 at time=95338608
[FLOW_DEBUG] Initiating flow from node=0 to node=1 maxPacketCount=10485760 tag=82 flow_id=1324 at time=95338608
***** info: input gradient collective for layer: mlp_moelayer is finished************
info: no weight grad collective for layer: mlp_moelayer
DEBUG_CHUNK_SIZE: size=1048576, preferred_dataset_splits=1, resulting chunk_size=1048576
DEBUG_COLLECTIVE_TYPE: layer=40, event=UNKNOWN (raw=0), size=1048576, chunk_size=1048576
DEBUG_STREAM_COUNT: chunk size is: 1048576 , size is: 1048576 , layer_num is: 40 , node: 0
DEBUG_STREAM_CREATE: Creating stream #239 for dataset id: 850 (total_streams=1)
DEBUG_STREAM_COUNT: Generated 1 streams for layer 40 (UNKNOWN), total injected: 240
info: all-gather input grad collective issued for layer: mlp_moelayer, involved dimensions:  1, 0, 0, 0, 0, 0, 0, 0, 0, 0,
[FLOW_DEBUG] Initiating flow from node=0 to node=1 maxPacketCount=262144 tag=80 flow_id=1326 at time=95432979
[FLOW_DEBUG] Initiating flow from node=0 to node=1 maxPacketCount=262144 tag=81 flow_id=1328 at time=95432979
[FLOW_DEBUG] Initiating flow from node=1 to node=0 maxPacketCount=262144 tag=80 flow_id=1327 at time=95432979
[FLOW_DEBUG] Initiating flow from node=1 to node=0 maxPacketCount=262144 tag=81 flow_id=1329 at time=95432979
***** info: input gradient collective for layer: mlp_moelayer is finished************
info: no weight grad collective for layer: mlp_moelayer
info: no input grad collective for layer: attention_row
info: no weight grad collective for layer: attention_row
info: no input grad collective for layer: attention_column
info: no weight grad collective for layer: attention_column
DEBUG_CHUNK_SIZE: size=20971520, preferred_dataset_splits=1, resulting chunk_size=20971520
DEBUG_COLLECTIVE_TYPE: layer=37, event=UNKNOWN (raw=0), size=20971520, chunk_size=20971520
DEBUG_STREAM_COUNT: chunk size is: 20971520 , size is: 20971520 , layer_num is: 37 , node: 0
DEBUG_STREAM_CREATE: Creating stream #240 for dataset id: 853 (total_streams=1)
DEBUG_STREAM_COUNT: Generated 1 streams for layer 37 (UNKNOWN), total injected: 241
info: all-to-all input grad collective issued for layer: mlp_moelayer, involved dimensions:  1, 0, 0, 0, 0, 0, 0, 0, 0, 0,
[FLOW_DEBUG] Initiating flow from node=1 to node=0 maxPacketCount=10485760 tag=74 flow_id=1331 at time=95438811
[FLOW_DEBUG] Initiating flow from node=0 to node=1 maxPacketCount=10485760 tag=74 flow_id=1330 at time=95438811
***** info: input gradient collective for layer: mlp_moelayer is finished************
info: no weight grad collective for layer: mlp_moelayer
DEBUG_CHUNK_SIZE: size=83886080, preferred_dataset_splits=1, resulting chunk_size=83886080
DEBUG_COLLECTIVE_TYPE: layer=36, event=UNKNOWN (raw=0), size=83886080, chunk_size=83886080
DEBUG_STREAM_COUNT: chunk size is: 83886080 , size is: 83886080 , layer_num is: 36 , node: 0
DEBUG_STREAM_CREATE: Creating stream #241 for dataset id: 854 (total_streams=1)
DEBUG_STREAM_COUNT: Generated 1 streams for layer 36 (UNKNOWN), total injected: 242
info: all-to-all input grad collective issued for layer: mlp_moelayer, involved dimensions:  1, 0, 0, 0, 0, 0, 0, 0, 0, 0,
[FLOW_DEBUG] Initiating flow from node=0 to node=1 maxPacketCount=41943040 tag=72 flow_id=1332 at time=95533182
[FLOW_DEBUG] Initiating flow from node=1 to node=0 maxPacketCount=41943040 tag=72 flow_id=1333 at time=95533182
***** info: input gradient collective for layer: mlp_moelayer is finished************
info: no weight grad collective for layer: mlp_moelayer
DEBUG_CHUNK_SIZE: size=83886080, preferred_dataset_splits=1, resulting chunk_size=83886080
DEBUG_COLLECTIVE_TYPE: layer=35, event=UNKNOWN (raw=0), size=83886080, chunk_size=83886080
DEBUG_STREAM_COUNT: chunk size is: 83886080 , size is: 83886080 , layer_num is: 35 , node: 0
DEBUG_STREAM_CREATE: Creating stream #242 for dataset id: 857 (total_streams=1)
DEBUG_STREAM_COUNT: Generated 1 streams for layer 35 (UNKNOWN), total injected: 243
info: all-gather input grad collective issued for layer: mlp_moelayer, involved dimensions:  1, 0, 0, 0, 0, 0, 0, 0, 0, 0,
[FLOW_DEBUG] Initiating flow from node=1 to node=0 maxPacketCount=20971520 tag=70 flow_id=1335 at time=95907173
[FLOW_DEBUG] Initiating flow from node=1 to node=0 maxPacketCount=20971520 tag=71 flow_id=1337 at time=95907173
[FLOW_DEBUG] Initiating flow from node=0 to node=1 maxPacketCount=20971520 tag=70 flow_id=1334 at time=95907173
[FLOW_DEBUG] Initiating flow from node=0 to node=1 maxPacketCount=20971520 tag=71 flow_id=1336 at time=95907173
***** info: input gradient collective for layer: mlp_moelayer is finished************
info: no weight grad collective for layer: mlp_moelayer
DEBUG_CHUNK_SIZE: size=167772160, preferred_dataset_splits=1, resulting chunk_size=167772160
DEBUG_COLLECTIVE_TYPE: layer=34, event=UNKNOWN (raw=0), size=167772160, chunk_size=167772160
DEBUG_STREAM_COUNT: chunk size is: 167772160 , size is: 167772160 , layer_num is: 34 , node: 0
DEBUG_STREAM_CREATE: Creating stream #243 for dataset id: 858 (total_streams=1)
DEBUG_STREAM_COUNT: Generated 1 streams for layer 34 (UNKNOWN), total injected: 244
info: all-gather input grad collective issued for layer: mlp_moelayer, involved dimensions:  1, 0, 0, 0, 0, 0, 0, 0, 0, 0,
[FLOW_DEBUG] Initiating flow from node=0 to node=1 maxPacketCount=41943040 tag=68 flow_id=1338 at time=96281163
[FLOW_DEBUG] Initiating flow from node=0 to node=1 maxPacketCount=41943040 tag=69 flow_id=1340 at time=96281163
[FLOW_DEBUG] Initiating flow from node=1 to node=0 maxPacketCount=41943040 tag=68 flow_id=1339 at time=96281163
[FLOW_DEBUG] Initiating flow from node=1 to node=0 maxPacketCount=41943040 tag=69 flow_id=1341 at time=96281163
***** info: input gradient collective for layer: mlp_moelayer is finished************
info: no weight grad collective for layer: mlp_moelayer
DEBUG_CHUNK_SIZE: size=83886080, preferred_dataset_splits=1, resulting chunk_size=83886080
DEBUG_COLLECTIVE_TYPE: layer=33, event=UNKNOWN (raw=0), size=83886080, chunk_size=83886080
DEBUG_STREAM_COUNT: chunk size is: 83886080 , size is: 83886080 , layer_num is: 33 , node: 0
DEBUG_STREAM_CREATE: Creating stream #244 for dataset id: 861 (total_streams=1)
DEBUG_STREAM_COUNT: Generated 1 streams for layer 33 (UNKNOWN), total injected: 245
info: all-to-all input grad collective issued for layer: mlp_moelayer, involved dimensions:  1, 0, 0, 0, 0, 0, 0, 0, 0, 0,
[FLOW_DEBUG] Initiating flow from node=1 to node=0 maxPacketCount=41943040 tag=66 flow_id=1343 at time=97027981
[FLOW_DEBUG] Initiating flow from node=0 to node=1 maxPacketCount=41943040 tag=66 flow_id=1342 at time=97027981
***** info: input gradient collective for layer: mlp_moelayer is finished************
info: no weight grad collective for layer: mlp_moelayer
DEBUG_CHUNK_SIZE: size=20971520, preferred_dataset_splits=1, resulting chunk_size=20971520
DEBUG_COLLECTIVE_TYPE: layer=32, event=UNKNOWN (raw=0), size=20971520, chunk_size=20971520
DEBUG_STREAM_COUNT: chunk size is: 20971520 , size is: 20971520 , layer_num is: 32 , node: 0
DEBUG_STREAM_CREATE: Creating stream #245 for dataset id: 862 (total_streams=1)
DEBUG_STREAM_COUNT: Generated 1 streams for layer 32 (UNKNOWN), total injected: 246
info: all-to-all input grad collective issued for layer: mlp_moelayer, involved dimensions:  1, 0, 0, 0, 0, 0, 0, 0, 0, 0,
[FLOW_DEBUG] Initiating flow from node=0 to node=1 maxPacketCount=10485760 tag=64 flow_id=1344 at time=97401972
[FLOW_DEBUG] Initiating flow from node=1 to node=0 maxPacketCount=10485760 tag=64 flow_id=1345 at time=97401972
***** info: input gradient collective for layer: mlp_moelayer is finished************
info: no weight grad collective for layer: mlp_moelayer
DEBUG_CHUNK_SIZE: size=1048576, preferred_dataset_splits=1, resulting chunk_size=1048576
DEBUG_COLLECTIVE_TYPE: layer=31, event=UNKNOWN (raw=0), size=1048576, chunk_size=1048576
DEBUG_STREAM_COUNT: chunk size is: 1048576 , size is: 1048576 , layer_num is: 31 , node: 0
DEBUG_STREAM_CREATE: Creating stream #246 for dataset id: 865 (total_streams=1)
DEBUG_STREAM_COUNT: Generated 1 streams for layer 31 (UNKNOWN), total injected: 247
info: all-gather input grad collective issued for layer: mlp_moelayer, involved dimensions:  1, 0, 0, 0, 0, 0, 0, 0, 0, 0,
[FLOW_DEBUG] Initiating flow from node=1 to node=0 maxPacketCount=262144 tag=62 flow_id=1347 at time=97496343
[FLOW_DEBUG] Initiating flow from node=1 to node=0 maxPacketCount=262144 tag=63 flow_id=1349 at time=97496343
[FLOW_DEBUG] Initiating flow from node=0 to node=1 maxPacketCount=262144 tag=62 flow_id=1346 at time=97496343
[FLOW_DEBUG] Initiating flow from node=0 to node=1 maxPacketCount=262144 tag=63 flow_id=1348 at time=97496343
***** info: input gradient collective for layer: mlp_moelayer is finished************
info: no weight grad collective for layer: mlp_moelayer
info: no input grad collective for layer: attention_row
info: no weight grad collective for layer: attention_row
info: no input grad collective for layer: attention_column
info: no weight grad collective for layer: attention_column
DEBUG_CHUNK_SIZE: size=20971520, preferred_dataset_splits=1, resulting chunk_size=20971520
DEBUG_COLLECTIVE_TYPE: layer=28, event=UNKNOWN (raw=0), size=20971520, chunk_size=20971520
DEBUG_STREAM_COUNT: chunk size is: 20971520 , size is: 20971520 , layer_num is: 28 , node: 0
DEBUG_STREAM_CREATE: Creating stream #247 for dataset id: 866 (total_streams=1)
DEBUG_STREAM_COUNT: Generated 1 streams for layer 28 (UNKNOWN), total injected: 248
info: all-to-all input grad collective issued for layer: mlp_moelayer, involved dimensions:  1, 0, 0, 0, 0, 0, 0, 0, 0, 0,
[FLOW_DEBUG] Initiating flow from node=0 to node=1 maxPacketCount=10485760 tag=56 flow_id=1350 at time=97502175
[FLOW_DEBUG] Initiating flow from node=1 to node=0 maxPacketCount=10485760 tag=56 flow_id=1351 at time=97502175
***** info: input gradient collective for layer: mlp_moelayer is finished************
info: no weight grad collective for layer: mlp_moelayer
DEBUG_CHUNK_SIZE: size=83886080, preferred_dataset_splits=1, resulting chunk_size=83886080
DEBUG_COLLECTIVE_TYPE: layer=27, event=UNKNOWN (raw=0), size=83886080, chunk_size=83886080
DEBUG_STREAM_COUNT: chunk size is: 83886080 , size is: 83886080 , layer_num is: 27 , node: 0
DEBUG_STREAM_CREATE: Creating stream #248 for dataset id: 869 (total_streams=1)
DEBUG_STREAM_COUNT: Generated 1 streams for layer 27 (UNKNOWN), total injected: 249
info: all-to-all input grad collective issued for layer: mlp_moelayer, involved dimensions:  1, 0, 0, 0, 0, 0, 0, 0, 0, 0,
[FLOW_DEBUG] Initiating flow from node=1 to node=0 maxPacketCount=41943040 tag=54 flow_id=1353 at time=97596546
[FLOW_DEBUG] Initiating flow from node=0 to node=1 maxPacketCount=41943040 tag=54 flow_id=1352 at time=97596546
***** info: input gradient collective for layer: mlp_moelayer is finished************
info: no weight grad collective for layer: mlp_moelayer
DEBUG_CHUNK_SIZE: size=83886080, preferred_dataset_splits=1, resulting chunk_size=83886080
DEBUG_COLLECTIVE_TYPE: layer=26, event=UNKNOWN (raw=0), size=83886080, chunk_size=83886080
DEBUG_STREAM_COUNT: chunk size is: 83886080 , size is: 83886080 , layer_num is: 26 , node: 0
DEBUG_STREAM_CREATE: Creating stream #249 for dataset id: 870 (total_streams=1)
DEBUG_STREAM_COUNT: Generated 1 streams for layer 26 (UNKNOWN), total injected: 250
info: all-gather input grad collective issued for layer: mlp_moelayer, involved dimensions:  1, 0, 0, 0, 0, 0, 0, 0, 0, 0,
[FLOW_DEBUG] Initiating flow from node=0 to node=1 maxPacketCount=20971520 tag=52 flow_id=1354 at time=97970537
[FLOW_DEBUG] Initiating flow from node=0 to node=1 maxPacketCount=20971520 tag=53 flow_id=1356 at time=97970537
[FLOW_DEBUG] Initiating flow from node=1 to node=0 maxPacketCount=20971520 tag=52 flow_id=1355 at time=97970537
[FLOW_DEBUG] Initiating flow from node=1 to node=0 maxPacketCount=20971520 tag=53 flow_id=1357 at time=97970537
***** info: input gradient collective for layer: mlp_moelayer is finished************
info: no weight grad collective for layer: mlp_moelayer
DEBUG_CHUNK_SIZE: size=167772160, preferred_dataset_splits=1, resulting chunk_size=167772160
DEBUG_COLLECTIVE_TYPE: layer=25, event=UNKNOWN (raw=0), size=167772160, chunk_size=167772160
DEBUG_STREAM_COUNT: chunk size is: 167772160 , size is: 167772160 , layer_num is: 25 , node: 0
DEBUG_STREAM_CREATE: Creating stream #250 for dataset id: 873 (total_streams=1)
DEBUG_STREAM_COUNT: Generated 1 streams for layer 25 (UNKNOWN), total injected: 251
info: all-gather input grad collective issued for layer: mlp_moelayer, involved dimensions:  1, 0, 0, 0, 0, 0, 0, 0, 0, 0,
[FLOW_DEBUG] Initiating flow from node=1 to node=0 maxPacketCount=41943040 tag=50 flow_id=1359 at time=98344527
[FLOW_DEBUG] Initiating flow from node=1 to node=0 maxPacketCount=41943040 tag=51 flow_id=1361 at time=98344527
[FLOW_DEBUG] Initiating flow from node=0 to node=1 maxPacketCount=41943040 tag=50 flow_id=1358 at time=98344527
[FLOW_DEBUG] Initiating flow from node=0 to node=1 maxPacketCount=41943040 tag=51 flow_id=1360 at time=98344527
***** info: input gradient collective for layer: mlp_moelayer is finished************
info: no weight grad collective for layer: mlp_moelayer
DEBUG_CHUNK_SIZE: size=83886080, preferred_dataset_splits=1, resulting chunk_size=83886080
DEBUG_COLLECTIVE_TYPE: layer=24, event=UNKNOWN (raw=0), size=83886080, chunk_size=83886080
DEBUG_STREAM_COUNT: chunk size is: 83886080 , size is: 83886080 , layer_num is: 24 , node: 0
DEBUG_STREAM_CREATE: Creating stream #251 for dataset id: 874 (total_streams=1)
DEBUG_STREAM_COUNT: Generated 1 streams for layer 24 (UNKNOWN), total injected: 252
info: all-to-all input grad collective issued for layer: mlp_moelayer, involved dimensions:  1, 0, 0, 0, 0, 0, 0, 0, 0, 0,
[FLOW_DEBUG] Initiating flow from node=0 to node=1 maxPacketCount=41943040 tag=48 flow_id=1362 at time=99091345
[FLOW_DEBUG] Initiating flow from node=1 to node=0 maxPacketCount=41943040 tag=48 flow_id=1363 at time=99091345
***** info: input gradient collective for layer: mlp_moelayer is finished************
info: no weight grad collective for layer: mlp_moelayer
DEBUG_CHUNK_SIZE: size=20971520, preferred_dataset_splits=1, resulting chunk_size=20971520
DEBUG_COLLECTIVE_TYPE: layer=23, event=UNKNOWN (raw=0), size=20971520, chunk_size=20971520
DEBUG_STREAM_COUNT: chunk size is: 20971520 , size is: 20971520 , layer_num is: 23 , node: 0
DEBUG_STREAM_CREATE: Creating stream #252 for dataset id: 877 (total_streams=1)
DEBUG_STREAM_COUNT: Generated 1 streams for layer 23 (UNKNOWN), total injected: 253
info: all-to-all input grad collective issued for layer: mlp_moelayer, involved dimensions:  1, 0, 0, 0, 0, 0, 0, 0, 0, 0,
[FLOW_DEBUG] Initiating flow from node=1 to node=0 maxPacketCount=10485760 tag=46 flow_id=1365 at time=99465336
[FLOW_DEBUG] Initiating flow from node=0 to node=1 maxPacketCount=10485760 tag=46 flow_id=1364 at time=99465336
***** info: input gradient collective for layer: mlp_moelayer is finished************
info: no weight grad collective for layer: mlp_moelayer
DEBUG_CHUNK_SIZE: size=1048576, preferred_dataset_splits=1, resulting chunk_size=1048576
DEBUG_COLLECTIVE_TYPE: layer=22, event=UNKNOWN (raw=0), size=1048576, chunk_size=1048576
DEBUG_STREAM_COUNT: chunk size is: 1048576 , size is: 1048576 , layer_num is: 22 , node: 0
DEBUG_STREAM_CREATE: Creating stream #253 for dataset id: 878 (total_streams=1)
DEBUG_STREAM_COUNT: Generated 1 streams for layer 22 (UNKNOWN), total injected: 254
info: all-gather input grad collective issued for layer: mlp_moelayer, involved dimensions:  1, 0, 0, 0, 0, 0, 0, 0, 0, 0,
[FLOW_DEBUG] Initiating flow from node=0 to node=1 maxPacketCount=262144 tag=44 flow_id=1366 at time=99559707
[FLOW_DEBUG] Initiating flow from node=0 to node=1 maxPacketCount=262144 tag=45 flow_id=1368 at time=99559707
[FLOW_DEBUG] Initiating flow from node=1 to node=0 maxPacketCount=262144 tag=44 flow_id=1367 at time=99559707
[FLOW_DEBUG] Initiating flow from node=1 to node=0 maxPacketCount=262144 tag=45 flow_id=1369 at time=99559707
***** info: input gradient collective for layer: mlp_moelayer is finished************
info: no weight grad collective for layer: mlp_moelayer
info: no input grad collective for layer: attention_row
info: no weight grad collective for layer: attention_row
info: no input grad collective for layer: attention_column
info: no weight grad collective for layer: attention_column
DEBUG_CHUNK_SIZE: size=20971520, preferred_dataset_splits=1, resulting chunk_size=20971520
DEBUG_COLLECTIVE_TYPE: layer=19, event=UNKNOWN (raw=0), size=20971520, chunk_size=20971520
DEBUG_STREAM_COUNT: chunk size is: 20971520 , size is: 20971520 , layer_num is: 19 , node: 0
DEBUG_STREAM_CREATE: Creating stream #254 for dataset id: 881 (total_streams=1)
DEBUG_STREAM_COUNT: Generated 1 streams for layer 19 (UNKNOWN), total injected: 255
info: all-to-all input grad collective issued for layer: mlp_moelayer, involved dimensions:  1, 0, 0, 0, 0, 0, 0, 0, 0, 0,
[FLOW_DEBUG] Initiating flow from node=1 to node=0 maxPacketCount=10485760 tag=38 flow_id=1371 at time=99565539
[FLOW_DEBUG] Initiating flow from node=0 to node=1 maxPacketCount=10485760 tag=38 flow_id=1370 at time=99565539
***** info: input gradient collective for layer: mlp_moelayer is finished************
info: no weight grad collective for layer: mlp_moelayer
DEBUG_CHUNK_SIZE: size=83886080, preferred_dataset_splits=1, resulting chunk_size=83886080
DEBUG_COLLECTIVE_TYPE: layer=18, event=UNKNOWN (raw=0), size=83886080, chunk_size=83886080
DEBUG_STREAM_COUNT: chunk size is: 83886080 , size is: 83886080 , layer_num is: 18 , node: 0
DEBUG_STREAM_CREATE: Creating stream #255 for dataset id: 882 (total_streams=1)
DEBUG_STREAM_COUNT: Generated 1 streams for layer 18 (UNKNOWN), total injected: 256
info: all-to-all input grad collective issued for layer: mlp_moelayer, involved dimensions:  1, 0, 0, 0, 0, 0, 0, 0, 0, 0,
[FLOW_DEBUG] Initiating flow from node=0 to node=1 maxPacketCount=41943040 tag=36 flow_id=1372 at time=99659910
[FLOW_DEBUG] Initiating flow from node=1 to node=0 maxPacketCount=41943040 tag=36 flow_id=1373 at time=99659910
***** info: input gradient collective for layer: mlp_moelayer is finished************
info: no weight grad collective for layer: mlp_moelayer
DEBUG_CHUNK_SIZE: size=83886080, preferred_dataset_splits=1, resulting chunk_size=83886080
DEBUG_COLLECTIVE_TYPE: layer=17, event=UNKNOWN (raw=0), size=83886080, chunk_size=83886080
DEBUG_STREAM_COUNT: chunk size is: 83886080 , size is: 83886080 , layer_num is: 17 , node: 0
DEBUG_STREAM_CREATE: Creating stream #256 for dataset id: 885 (total_streams=1)
DEBUG_STREAM_COUNT: Generated 1 streams for layer 17 (UNKNOWN), total injected: 257
info: all-gather input grad collective issued for layer: mlp_moelayer, involved dimensions:  1, 0, 0, 0, 0, 0, 0, 0, 0, 0,
[FLOW_DEBUG] Initiating flow from node=1 to node=0 maxPacketCount=20971520 tag=34 flow_id=1375 at time=100033901
[FLOW_DEBUG] Initiating flow from node=1 to node=0 maxPacketCount=20971520 tag=35 flow_id=1377 at time=100033901
[FLOW_DEBUG] Initiating flow from node=0 to node=1 maxPacketCount=20971520 tag=34 flow_id=1374 at time=100033901
[FLOW_DEBUG] Initiating flow from node=0 to node=1 maxPacketCount=20971520 tag=35 flow_id=1376 at time=100033901
***** info: input gradient collective for layer: mlp_moelayer is finished************
info: no weight grad collective for layer: mlp_moelayer
DEBUG_CHUNK_SIZE: size=167772160, preferred_dataset_splits=1, resulting chunk_size=167772160
DEBUG_COLLECTIVE_TYPE: layer=16, event=UNKNOWN (raw=0), size=167772160, chunk_size=167772160
DEBUG_STREAM_COUNT: chunk size is: 167772160 , size is: 167772160 , layer_num is: 16 , node: 0
DEBUG_STREAM_CREATE: Creating stream #257 for dataset id: 886 (total_streams=1)
DEBUG_STREAM_COUNT: Generated 1 streams for layer 16 (UNKNOWN), total injected: 258
info: all-gather input grad collective issued for layer: mlp_moelayer, involved dimensions:  1, 0, 0, 0, 0, 0, 0, 0, 0, 0,
[FLOW_DEBUG] Initiating flow from node=0 to node=1 maxPacketCount=41943040 tag=32 flow_id=1378 at time=100407891
[FLOW_DEBUG] Initiating flow from node=0 to node=1 maxPacketCount=41943040 tag=33 flow_id=1380 at time=100407891
[FLOW_DEBUG] Initiating flow from node=1 to node=0 maxPacketCount=41943040 tag=32 flow_id=1379 at time=100407891
[FLOW_DEBUG] Initiating flow from node=1 to node=0 maxPacketCount=41943040 tag=33 flow_id=1381 at time=100407891
***** info: input gradient collective for layer: mlp_moelayer is finished************
info: no weight grad collective for layer: mlp_moelayer
DEBUG_CHUNK_SIZE: size=83886080, preferred_dataset_splits=1, resulting chunk_size=83886080
DEBUG_COLLECTIVE_TYPE: layer=15, event=UNKNOWN (raw=0), size=83886080, chunk_size=83886080
DEBUG_STREAM_COUNT: chunk size is: 83886080 , size is: 83886080 , layer_num is: 15 , node: 0
DEBUG_STREAM_CREATE: Creating stream #258 for dataset id: 889 (total_streams=1)
DEBUG_STREAM_COUNT: Generated 1 streams for layer 15 (UNKNOWN), total injected: 259
info: all-to-all input grad collective issued for layer: mlp_moelayer, involved dimensions:  1, 0, 0, 0, 0, 0, 0, 0, 0, 0,
[FLOW_DEBUG] Initiating flow from node=1 to node=0 maxPacketCount=41943040 tag=30 flow_id=1383 at time=101154709
[FLOW_DEBUG] Initiating flow from node=0 to node=1 maxPacketCount=41943040 tag=30 flow_id=1382 at time=101154709
***** info: input gradient collective for layer: mlp_moelayer is finished************
info: no weight grad collective for layer: mlp_moelayer
DEBUG_CHUNK_SIZE: size=20971520, preferred_dataset_splits=1, resulting chunk_size=20971520
DEBUG_COLLECTIVE_TYPE: layer=14, event=UNKNOWN (raw=0), size=20971520, chunk_size=20971520
DEBUG_STREAM_COUNT: chunk size is: 20971520 , size is: 20971520 , layer_num is: 14 , node: 0
DEBUG_STREAM_CREATE: Creating stream #259 for dataset id: 890 (total_streams=1)
DEBUG_STREAM_COUNT: Generated 1 streams for layer 14 (UNKNOWN), total injected: 260
info: all-to-all input grad collective issued for layer: mlp_moelayer, involved dimensions:  1, 0, 0, 0, 0, 0, 0, 0, 0, 0,
[FLOW_DEBUG] Initiating flow from node=0 to node=1 maxPacketCount=10485760 tag=28 flow_id=1384 at time=101528700
[FLOW_DEBUG] Initiating flow from node=1 to node=0 maxPacketCount=10485760 tag=28 flow_id=1385 at time=101528700
***** info: input gradient collective for layer: mlp_moelayer is finished************
info: no weight grad collective for layer: mlp_moelayer
DEBUG_CHUNK_SIZE: size=1048576, preferred_dataset_splits=1, resulting chunk_size=1048576
DEBUG_COLLECTIVE_TYPE: layer=13, event=UNKNOWN (raw=0), size=1048576, chunk_size=1048576
DEBUG_STREAM_COUNT: chunk size is: 1048576 , size is: 1048576 , layer_num is: 13 , node: 0
DEBUG_STREAM_CREATE: Creating stream #260 for dataset id: 893 (total_streams=1)
DEBUG_STREAM_COUNT: Generated 1 streams for layer 13 (UNKNOWN), total injected: 261
info: all-gather input grad collective issued for layer: mlp_moelayer, involved dimensions:  1, 0, 0, 0, 0, 0, 0, 0, 0, 0,
[FLOW_DEBUG] Initiating flow from node=1 to node=0 maxPacketCount=262144 tag=26 flow_id=1387 at time=101623071
[FLOW_DEBUG] Initiating flow from node=1 to node=0 maxPacketCount=262144 tag=27 flow_id=1389 at time=101623071
[FLOW_DEBUG] Initiating flow from node=0 to node=1 maxPacketCount=262144 tag=26 flow_id=1386 at time=101623071
[FLOW_DEBUG] Initiating flow from node=0 to node=1 maxPacketCount=262144 tag=27 flow_id=1388 at time=101623071
***** info: input gradient collective for layer: mlp_moelayer is finished************
info: no weight grad collective for layer: mlp_moelayer
info: no input grad collective for layer: attention_row
info: no weight grad collective for layer: attention_row
info: no input grad collective for layer: attention_column
info: no weight grad collective for layer: attention_column
DEBUG_CHUNK_SIZE: size=20971520, preferred_dataset_splits=1, resulting chunk_size=20971520
DEBUG_COLLECTIVE_TYPE: layer=10, event=UNKNOWN (raw=0), size=20971520, chunk_size=20971520
DEBUG_STREAM_COUNT: chunk size is: 20971520 , size is: 20971520 , layer_num is: 10 , node: 0
DEBUG_STREAM_CREATE: Creating stream #261 for dataset id: 894 (total_streams=1)
DEBUG_STREAM_COUNT: Generated 1 streams for layer 10 (UNKNOWN), total injected: 262
info: all-to-all input grad collective issued for layer: mlp_moelayer, involved dimensions:  1, 0, 0, 0, 0, 0, 0, 0, 0, 0,
[FLOW_DEBUG] Initiating flow from node=0 to node=1 maxPacketCount=10485760 tag=20 flow_id=1390 at time=101628903
[FLOW_DEBUG] Initiating flow from node=1 to node=0 maxPacketCount=10485760 tag=20 flow_id=1391 at time=101628903
***** info: input gradient collective for layer: mlp_moelayer is finished************
info: no weight grad collective for layer: mlp_moelayer
DEBUG_CHUNK_SIZE: size=83886080, preferred_dataset_splits=1, resulting chunk_size=83886080
DEBUG_COLLECTIVE_TYPE: layer=9, event=UNKNOWN (raw=0), size=83886080, chunk_size=83886080
DEBUG_STREAM_COUNT: chunk size is: 83886080 , size is: 83886080 , layer_num is: 9 , node: 0
DEBUG_STREAM_CREATE: Creating stream #262 for dataset id: 897 (total_streams=1)
DEBUG_STREAM_COUNT: Generated 1 streams for layer 9 (UNKNOWN), total injected: 263
info: all-to-all input grad collective issued for layer: mlp_moelayer, involved dimensions:  1, 0, 0, 0, 0, 0, 0, 0, 0, 0,
[FLOW_DEBUG] Initiating flow from node=1 to node=0 maxPacketCount=41943040 tag=18 flow_id=1393 at time=101723274
[FLOW_DEBUG] Initiating flow from node=0 to node=1 maxPacketCount=41943040 tag=18 flow_id=1392 at time=101723274
***** info: input gradient collective for layer: mlp_moelayer is finished************
info: no weight grad collective for layer: mlp_moelayer
DEBUG_CHUNK_SIZE: size=83886080, preferred_dataset_splits=1, resulting chunk_size=83886080
DEBUG_COLLECTIVE_TYPE: layer=8, event=UNKNOWN (raw=0), size=83886080, chunk_size=83886080
DEBUG_STREAM_COUNT: chunk size is: 83886080 , size is: 83886080 , layer_num is: 8 , node: 0
DEBUG_STREAM_CREATE: Creating stream #263 for dataset id: 898 (total_streams=1)
DEBUG_STREAM_COUNT: Generated 1 streams for layer 8 (UNKNOWN), total injected: 264
info: all-gather input grad collective issued for layer: mlp_moelayer, involved dimensions:  1, 0, 0, 0, 0, 0, 0, 0, 0, 0,
[FLOW_DEBUG] Initiating flow from node=0 to node=1 maxPacketCount=20971520 tag=16 flow_id=1394 at time=102097265
[FLOW_DEBUG] Initiating flow from node=0 to node=1 maxPacketCount=20971520 tag=17 flow_id=1396 at time=102097265
[FLOW_DEBUG] Initiating flow from node=1 to node=0 maxPacketCount=20971520 tag=16 flow_id=1395 at time=102097265
[FLOW_DEBUG] Initiating flow from node=1 to node=0 maxPacketCount=20971520 tag=17 flow_id=1397 at time=102097265
***** info: input gradient collective for layer: mlp_moelayer is finished************
info: no weight grad collective for layer: mlp_moelayer
DEBUG_CHUNK_SIZE: size=167772160, preferred_dataset_splits=1, resulting chunk_size=167772160
DEBUG_COLLECTIVE_TYPE: layer=7, event=UNKNOWN (raw=0), size=167772160, chunk_size=167772160
DEBUG_STREAM_COUNT: chunk size is: 167772160 , size is: 167772160 , layer_num is: 7 , node: 0
DEBUG_STREAM_CREATE: Creating stream #264 for dataset id: 901 (total_streams=1)
DEBUG_STREAM_COUNT: Generated 1 streams for layer 7 (UNKNOWN), total injected: 265
info: all-gather input grad collective issued for layer: mlp_moelayer, involved dimensions:  1, 0, 0, 0, 0, 0, 0, 0, 0, 0,
[FLOW_DEBUG] Initiating flow from node=1 to node=0 maxPacketCount=41943040 tag=14 flow_id=1399 at time=102471255
[FLOW_DEBUG] Initiating flow from node=1 to node=0 maxPacketCount=41943040 tag=15 flow_id=1401 at time=102471255
[FLOW_DEBUG] Initiating flow from node=0 to node=1 maxPacketCount=41943040 tag=14 flow_id=1398 at time=102471255
[FLOW_DEBUG] Initiating flow from node=0 to node=1 maxPacketCount=41943040 tag=15 flow_id=1400 at time=102471255
***** info: input gradient collective for layer: mlp_moelayer is finished************
info: no weight grad collective for layer: mlp_moelayer
DEBUG_CHUNK_SIZE: size=83886080, preferred_dataset_splits=1, resulting chunk_size=83886080
DEBUG_COLLECTIVE_TYPE: layer=6, event=UNKNOWN (raw=0), size=83886080, chunk_size=83886080
DEBUG_STREAM_COUNT: chunk size is: 83886080 , size is: 83886080 , layer_num is: 6 , node: 0
DEBUG_STREAM_CREATE: Creating stream #265 for dataset id: 902 (total_streams=1)
DEBUG_STREAM_COUNT: Generated 1 streams for layer 6 (UNKNOWN), total injected: 266
info: all-to-all input grad collective issued for layer: mlp_moelayer, involved dimensions:  1, 0, 0, 0, 0, 0, 0, 0, 0, 0,
[FLOW_DEBUG] Initiating flow from node=0 to node=1 maxPacketCount=41943040 tag=12 flow_id=1402 at time=103218073
[FLOW_DEBUG] Initiating flow from node=1 to node=0 maxPacketCount=41943040 tag=12 flow_id=1403 at time=103218073
***** info: input gradient collective for layer: mlp_moelayer is finished************
info: no weight grad collective for layer: mlp_moelayer
DEBUG_CHUNK_SIZE: size=20971520, preferred_dataset_splits=1, resulting chunk_size=20971520
DEBUG_COLLECTIVE_TYPE: layer=5, event=UNKNOWN (raw=0), size=20971520, chunk_size=20971520
DEBUG_STREAM_COUNT: chunk size is: 20971520 , size is: 20971520 , layer_num is: 5 , node: 0
DEBUG_STREAM_CREATE: Creating stream #266 for dataset id: 905 (total_streams=1)
DEBUG_STREAM_COUNT: Generated 1 streams for layer 5 (UNKNOWN), total injected: 267
info: all-to-all input grad collective issued for layer: mlp_moelayer, involved dimensions:  1, 0, 0, 0, 0, 0, 0, 0, 0, 0,
[FLOW_DEBUG] Initiating flow from node=1 to node=0 maxPacketCount=10485760 tag=10 flow_id=1405 at time=103592064
[FLOW_DEBUG] Initiating flow from node=0 to node=1 maxPacketCount=10485760 tag=10 flow_id=1404 at time=103592064
***** info: input gradient collective for layer: mlp_moelayer is finished************
info: no weight grad collective for layer: mlp_moelayer
DEBUG_CHUNK_SIZE: size=1048576, preferred_dataset_splits=1, resulting chunk_size=1048576
DEBUG_COLLECTIVE_TYPE: layer=4, event=UNKNOWN (raw=0), size=1048576, chunk_size=1048576
DEBUG_STREAM_COUNT: chunk size is: 1048576 , size is: 1048576 , layer_num is: 4 , node: 0
DEBUG_STREAM_CREATE: Creating stream #267 for dataset id: 906 (total_streams=1)
DEBUG_STREAM_COUNT: Generated 1 streams for layer 4 (UNKNOWN), total injected: 268
info: all-gather input grad collective issued for layer: mlp_moelayer, involved dimensions:  1, 0, 0, 0, 0, 0, 0, 0, 0, 0,
[FLOW_DEBUG] Initiating flow from node=0 to node=1 maxPacketCount=262144 tag=8 flow_id=1406 at time=103686435
[FLOW_DEBUG] Initiating flow from node=0 to node=1 maxPacketCount=262144 tag=9 flow_id=1408 at time=103686435
[FLOW_DEBUG] Initiating flow from node=1 to node=0 maxPacketCount=262144 tag=8 flow_id=1407 at time=103686435
[FLOW_DEBUG] Initiating flow from node=1 to node=0 maxPacketCount=262144 tag=9 flow_id=1409 at time=103686435
***** info: input gradient collective for layer: mlp_moelayer is finished************
info: no weight grad collective for layer: mlp_moelayer
info: no input grad collective for layer: attention_row
info: no weight grad collective for layer: attention_row
info: no input grad collective for layer: attention_column
info: no weight grad collective for layer: attention_column
info: no input grad collective for layer: embedding_layer
info: no weight grad collective for layer: embedding_layer
info: no input grad collective for layer: grad_norm
DEBUG_CHUNK_SIZE: size=14132510720, preferred_dataset_splits=1, resulting chunk_size=14132510720
DEBUG_COLLECTIVE_TYPE: layer=0, event=UNKNOWN (raw=0), size=14132510720, chunk_size=14132510720
DEBUG_STREAM_COUNT: chunk size is: 14132510720 , size is: 14132510720 , layer_num is: 0 , node: 0
DEBUG_STREAM_CREATE: Creating stream #268 for dataset id: 909 (total_streams=1)
DEBUG_STREAM_COUNT: Generated 1 streams for layer 0 (UNKNOWN), total injected: 269
info: reduce-scatter weight grad collective issued for layer: grad_norm, involved dimensions:  0, 1, 1, 1, 1, 1, 1, 1, 1, 1,
pass: 0 finished at time: 103692263
[FLOW_DEBUG] Initiating flow from node=1 to node=0 maxPacketCount=3533127680 tag=0 flow_id=1411 at time=103692273
[FLOW_DEBUG] Initiating flow from node=1 to node=0 maxPacketCount=3533127680 tag=1 flow_id=1413 at time=103692273
[FLOW_DEBUG] Initiating flow from node=0 to node=1 maxPacketCount=3533127680 tag=0 flow_id=1410 at time=103692273
[FLOW_DEBUG] Initiating flow from node=0 to node=1 maxPacketCount=3533127680 tag=1 flow_id=1412 at time=103692273
***** info: weight gradient collective for layer: grad_norm is finished************
workload stats for the job scheduled at NPU offset: 0
*******************
Layer id: grad_norm
Total collectives issued for this layer: 2
*************************  Workload stats  ************************* grad_norm
id: grad_norm ,Total cycles spent on fwd pass compute: 1
id: grad_norm ,Total cycles spent on weight grad compute: 1
id: grad_norm ,Total cycles spent on input grad compute: 1
id: grad_norm ,Total cycles spent idle waiting for fwd finish: 31406740
id: grad_norm ,Total cycles spent idle waiting for weight grad finish: 62812317
id: grad_norm ,Total cycles spent idle waiting for input grad finish: 0
id: grad_norm ,Total cycles spent on fwd pass comm: 31406740
id: grad_norm ,Total cycles spent on weight grad comm: 62812318
id: grad_norm ,Total cycles spent on input grad comm: 0
*******************
Layer id: embedding_layer
Total collectives issued for this layer: 0
*************************  Workload stats  ************************* embedding_layer
id: embedding_layer ,Total cycles spent on fwd pass compute: 1
id: embedding_layer ,Total cycles spent on weight grad compute: 1
id: embedding_layer ,Total cycles spent on input grad compute: 1
id: embedding_layer ,Total cycles spent idle waiting for fwd finish: 0
id: embedding_layer ,Total cycles spent idle waiting for weight grad finish: 0
id: embedding_layer ,Total cycles spent idle waiting for input grad finish: 0
id: embedding_layer ,Total cycles spent on fwd pass comm: 0
id: embedding_layer ,Total cycles spent on weight grad comm: 0
id: embedding_layer ,Total cycles spent on input grad comm: 0
*******************
Layer id: attention_column
Total collectives issued for this layer: 1
*************************  Workload stats  ************************* attention_column
id: attention_column ,Total cycles spent on fwd pass compute: 1
id: attention_column ,Total cycles spent on weight grad compute: 1
id: attention_column ,Total cycles spent on input grad compute: 1
id: attention_column ,Total cycles spent idle waiting for fwd finish: 187574
id: attention_column ,Total cycles spent idle waiting for weight grad finish: 0
id: attention_column ,Total cycles spent idle waiting for input grad finish: 0
id: attention_column ,Total cycles spent on fwd pass comm: 187574
id: attention_column ,Total cycles spent on weight grad comm: 0
id: attention_column ,Total cycles spent on input grad comm: 0
*******************
Layer id: attention_row
Total collectives issued for this layer: 1
*************************  Workload stats  ************************* attention_row
id: attention_row ,Total cycles spent on fwd pass compute: 1
id: attention_row ,Total cycles spent on weight grad compute: 1
id: attention_row ,Total cycles spent on input grad compute: 1
id: attention_row ,Total cycles spent idle waiting for fwd finish: 187574
id: attention_row ,Total cycles spent idle waiting for weight grad finish: 0
id: attention_row ,Total cycles spent idle waiting for input grad finish: 0
id: attention_row ,Total cycles spent on fwd pass comm: 187574
id: attention_row ,Total cycles spent on weight grad comm: 0
id: attention_row ,Total cycles spent on input grad comm: 0
*******************
Layer id: mlp_moelayer
Total collectives issued for this layer: 2
*************************  Workload stats  ************************* mlp_moelayer
id: mlp_moelayer ,Total cycles spent on fwd pass compute: 1
id: mlp_moelayer ,Total cycles spent on weight grad compute: 1
id: mlp_moelayer ,Total cycles spent on input grad compute: 1
id: mlp_moelayer ,Total cycles spent idle waiting for fwd finish: 5820
id: mlp_moelayer ,Total cycles spent idle waiting for weight grad finish: 0
id: mlp_moelayer ,Total cycles spent idle waiting for input grad finish: 5820
id: mlp_moelayer ,Total cycles spent on fwd pass comm: 5820
id: mlp_moelayer ,Total cycles spent on weight grad comm: 0
id: mlp_moelayer ,Total cycles spent on input grad comm: 5820
*******************
Layer id: mlp_moelayer
Total collectives issued for this layer: 2
*************************  Workload stats  ************************* mlp_moelayer
id: mlp_moelayer ,Total cycles spent on fwd pass compute: 1
id: mlp_moelayer ,Total cycles spent on weight grad compute: 1
id: mlp_moelayer ,Total cycles spent on input grad compute: 1
id: mlp_moelayer ,Total cycles spent idle waiting for fwd finish: 94367
id: mlp_moelayer ,Total cycles spent idle waiting for weight grad finish: 0
id: mlp_moelayer ,Total cycles spent idle waiting for input grad finish: 94367
id: mlp_moelayer ,Total cycles spent on fwd pass comm: 94367
id: mlp_moelayer ,Total cycles spent on weight grad comm: 0
id: mlp_moelayer ,Total cycles spent on input grad comm: 94367
*******************
Layer id: mlp_moelayer
Total collectives issued for this layer: 2
*************************  Workload stats  ************************* mlp_moelayer
id: mlp_moelayer ,Total cycles spent on fwd pass compute: 1
id: mlp_moelayer ,Total cycles spent on weight grad compute: 1
id: mlp_moelayer ,Total cycles spent on input grad compute: 1
id: mlp_moelayer ,Total cycles spent idle waiting for fwd finish: 373987
id: mlp_moelayer ,Total cycles spent idle waiting for weight grad finish: 0
id: mlp_moelayer ,Total cycles spent idle waiting for input grad finish: 373987
id: mlp_moelayer ,Total cycles spent on fwd pass comm: 373987
id: mlp_moelayer ,Total cycles spent on weight grad comm: 0
id: mlp_moelayer ,Total cycles spent on input grad comm: 373987
*******************
Layer id: mlp_moelayer
Total collectives issued for this layer: 2
*************************  Workload stats  ************************* mlp_moelayer
id: mlp_moelayer ,Total cycles spent on fwd pass compute: 1
id: mlp_moelayer ,Total cycles spent on weight grad compute: 1
id: mlp_moelayer ,Total cycles spent on input grad compute: 1
id: mlp_moelayer ,Total cycles spent idle waiting for fwd finish: 373986
id: mlp_moelayer ,Total cycles spent idle waiting for weight grad finish: 0
id: mlp_moelayer ,Total cycles spent idle waiting for input grad finish: 746814
id: mlp_moelayer ,Total cycles spent on fwd pass comm: 373986
id: mlp_moelayer ,Total cycles spent on weight grad comm: 0
id: mlp_moelayer ,Total cycles spent on input grad comm: 746814
*******************
Layer id: mlp_moelayer
Total collectives issued for this layer: 2
*************************  Workload stats  ************************* mlp_moelayer
id: mlp_moelayer ,Total cycles spent on fwd pass compute: 1
id: mlp_moelayer ,Total cycles spent on weight grad compute: 1
id: mlp_moelayer ,Total cycles spent on input grad compute: 1
id: mlp_moelayer ,Total cycles spent idle waiting for fwd finish: 373986
id: mlp_moelayer ,Total cycles spent idle waiting for weight grad finish: 0
id: mlp_moelayer ,Total cycles spent idle waiting for input grad finish: 373986
id: mlp_moelayer ,Total cycles spent on fwd pass comm: 373986
id: mlp_moelayer ,Total cycles spent on weight grad comm: 0
id: mlp_moelayer ,Total cycles spent on input grad comm: 373986
*******************
Layer id: mlp_moelayer
Total collectives issued for this layer: 2
*************************  Workload stats  ************************* mlp_moelayer
id: mlp_moelayer ,Total cycles spent on fwd pass compute: 1
id: mlp_moelayer ,Total cycles spent on weight grad compute: 1
id: mlp_moelayer ,Total cycles spent on input grad compute: 1
id: mlp_moelayer ,Total cycles spent idle waiting for fwd finish: 373987
id: mlp_moelayer ,Total cycles spent idle waiting for weight grad finish: 0
id: mlp_moelayer ,Total cycles spent idle waiting for input grad finish: 373987
id: mlp_moelayer ,Total cycles spent on fwd pass comm: 373987
id: mlp_moelayer ,Total cycles spent on weight grad comm: 0
id: mlp_moelayer ,Total cycles spent on input grad comm: 373987
*******************
Layer id: mlp_moelayer
Total collectives issued for this layer: 2
*************************  Workload stats  ************************* mlp_moelayer
id: mlp_moelayer ,Total cycles spent on fwd pass compute: 1
id: mlp_moelayer ,Total cycles spent on weight grad compute: 1
id: mlp_moelayer ,Total cycles spent on input grad compute: 1
id: mlp_moelayer ,Total cycles spent idle waiting for fwd finish: 94367
id: mlp_moelayer ,Total cycles spent idle waiting for weight grad finish: 0
id: mlp_moelayer ,Total cycles spent idle waiting for input grad finish: 94367
id: mlp_moelayer ,Total cycles spent on fwd pass comm: 94367
id: mlp_moelayer ,Total cycles spent on weight grad comm: 0
id: mlp_moelayer ,Total cycles spent on input grad comm: 94367
*******************
Layer id: attention_column
Total collectives issued for this layer: 1
*************************  Workload stats  ************************* attention_column
id: attention_column ,Total cycles spent on fwd pass compute: 1
id: attention_column ,Total cycles spent on weight grad compute: 1
id: attention_column ,Total cycles spent on input grad compute: 1
id: attention_column ,Total cycles spent idle waiting for fwd finish: 187574
id: attention_column ,Total cycles spent idle waiting for weight grad finish: 0
id: attention_column ,Total cycles spent idle waiting for input grad finish: 0
id: attention_column ,Total cycles spent on fwd pass comm: 187574
id: attention_column ,Total cycles spent on weight grad comm: 0
id: attention_column ,Total cycles spent on input grad comm: 0
*******************
Layer id: attention_row
Total collectives issued for this layer: 1
*************************  Workload stats  ************************* attention_row
id: attention_row ,Total cycles spent on fwd pass compute: 1
id: attention_row ,Total cycles spent on weight grad compute: 1
id: attention_row ,Total cycles spent on input grad compute: 1
id: attention_row ,Total cycles spent idle waiting for fwd finish: 187574
id: attention_row ,Total cycles spent idle waiting for weight grad finish: 0
id: attention_row ,Total cycles spent idle waiting for input grad finish: 0
id: attention_row ,Total cycles spent on fwd pass comm: 187574
id: attention_row ,Total cycles spent on weight grad comm: 0
id: attention_row ,Total cycles spent on input grad comm: 0
*******************
Layer id: mlp_moelayer
Total collectives issued for this layer: 2
*************************  Workload stats  ************************* mlp_moelayer
id: mlp_moelayer ,Total cycles spent on fwd pass compute: 1
id: mlp_moelayer ,Total cycles spent on weight grad compute: 1
id: mlp_moelayer ,Total cycles spent on input grad compute: 1
id: mlp_moelayer ,Total cycles spent idle waiting for fwd finish: 5820
id: mlp_moelayer ,Total cycles spent idle waiting for weight grad finish: 0
id: mlp_moelayer ,Total cycles spent idle waiting for input grad finish: 5820
id: mlp_moelayer ,Total cycles spent on fwd pass comm: 5820
id: mlp_moelayer ,Total cycles spent on weight grad comm: 0
id: mlp_moelayer ,Total cycles spent on input grad comm: 5820
*******************
Layer id: mlp_moelayer
Total collectives issued for this layer: 2
*************************  Workload stats  ************************* mlp_moelayer
id: mlp_moelayer ,Total cycles spent on fwd pass compute: 1
id: mlp_moelayer ,Total cycles spent on weight grad compute: 1
id: mlp_moelayer ,Total cycles spent on input grad compute: 1
id: mlp_moelayer ,Total cycles spent idle waiting for fwd finish: 94367
id: mlp_moelayer ,Total cycles spent idle waiting for weight grad finish: 0
id: mlp_moelayer ,Total cycles spent idle waiting for input grad finish: 94367
id: mlp_moelayer ,Total cycles spent on fwd pass comm: 94367
id: mlp_moelayer ,Total cycles spent on weight grad comm: 0
id: mlp_moelayer ,Total cycles spent on input grad comm: 94367
*******************
Layer id: mlp_moelayer
Total collectives issued for this layer: 2
*************************  Workload stats  ************************* mlp_moelayer
id: mlp_moelayer ,Total cycles spent on fwd pass compute: 1
id: mlp_moelayer ,Total cycles spent on weight grad compute: 1
id: mlp_moelayer ,Total cycles spent on input grad compute: 1
id: mlp_moelayer ,Total cycles spent idle waiting for fwd finish: 373987
id: mlp_moelayer ,Total cycles spent idle waiting for weight grad finish: 0
id: mlp_moelayer ,Total cycles spent idle waiting for input grad finish: 373987
id: mlp_moelayer ,Total cycles spent on fwd pass comm: 373987
id: mlp_moelayer ,Total cycles spent on weight grad comm: 0
id: mlp_moelayer ,Total cycles spent on input grad comm: 373987
*******************
Layer id: mlp_moelayer
Total collectives issued for this layer: 2
*************************  Workload stats  ************************* mlp_moelayer
id: mlp_moelayer ,Total cycles spent on fwd pass compute: 1
id: mlp_moelayer ,Total cycles spent on weight grad compute: 1
id: mlp_moelayer ,Total cycles spent on input grad compute: 1
id: mlp_moelayer ,Total cycles spent idle waiting for fwd finish: 373986
id: mlp_moelayer ,Total cycles spent idle waiting for weight grad finish: 0
id: mlp_moelayer ,Total cycles spent idle waiting for input grad finish: 746814
id: mlp_moelayer ,Total cycles spent on fwd pass comm: 373986
id: mlp_moelayer ,Total cycles spent on weight grad comm: 0
id: mlp_moelayer ,Total cycles spent on input grad comm: 746814
*******************
Layer id: mlp_moelayer
Total collectives issued for this layer: 2
*************************  Workload stats  ************************* mlp_moelayer
id: mlp_moelayer ,Total cycles spent on fwd pass compute: 1
id: mlp_moelayer ,Total cycles spent on weight grad compute: 1
id: mlp_moelayer ,Total cycles spent on input grad compute: 1
id: mlp_moelayer ,Total cycles spent idle waiting for fwd finish: 373986
id: mlp_moelayer ,Total cycles spent idle waiting for weight grad finish: 0
id: mlp_moelayer ,Total cycles spent idle waiting for input grad finish: 373986
id: mlp_moelayer ,Total cycles spent on fwd pass comm: 373986
id: mlp_moelayer ,Total cycles spent on weight grad comm: 0
id: mlp_moelayer ,Total cycles spent on input grad comm: 373986
*******************
Layer id: mlp_moelayer
Total collectives issued for this layer: 2
*************************  Workload stats  ************************* mlp_moelayer
id: mlp_moelayer ,Total cycles spent on fwd pass compute: 1
id: mlp_moelayer ,Total cycles spent on weight grad compute: 1
id: mlp_moelayer ,Total cycles spent on input grad compute: 1
id: mlp_moelayer ,Total cycles spent idle waiting for fwd finish: 373987
id: mlp_moelayer ,Total cycles spent idle waiting for weight grad finish: 0
id: mlp_moelayer ,Total cycles spent idle waiting for input grad finish: 373987
id: mlp_moelayer ,Total cycles spent on fwd pass comm: 373987
id: mlp_moelayer ,Total cycles spent on weight grad comm: 0
id: mlp_moelayer ,Total cycles spent on input grad comm: 373987
*******************
Layer id: mlp_moelayer
Total collectives issued for this layer: 2
*************************  Workload stats  ************************* mlp_moelayer
id: mlp_moelayer ,Total cycles spent on fwd pass compute: 1
id: mlp_moelayer ,Total cycles spent on weight grad compute: 1
id: mlp_moelayer ,Total cycles spent on input grad compute: 1
id: mlp_moelayer ,Total cycles spent idle waiting for fwd finish: 94367
id: mlp_moelayer ,Total cycles spent idle waiting for weight grad finish: 0
id: mlp_moelayer ,Total cycles spent idle waiting for input grad finish: 94367
id: mlp_moelayer ,Total cycles spent on fwd pass comm: 94367
id: mlp_moelayer ,Total cycles spent on weight grad comm: 0
id: mlp_moelayer ,Total cycles spent on input grad comm: 94367
*******************
Layer id: attention_column
Total collectives issued for this layer: 1
*************************  Workload stats  ************************* attention_column
id: attention_column ,Total cycles spent on fwd pass compute: 1
id: attention_column ,Total cycles spent on weight grad compute: 1
id: attention_column ,Total cycles spent on input grad compute: 1
id: attention_column ,Total cycles spent idle waiting for fwd finish: 187574
id: attention_column ,Total cycles spent idle waiting for weight grad finish: 0
id: attention_column ,Total cycles spent idle waiting for input grad finish: 0
id: attention_column ,Total cycles spent on fwd pass comm: 187574
id: attention_column ,Total cycles spent on weight grad comm: 0
id: attention_column ,Total cycles spent on input grad comm: 0
*******************
Layer id: attention_row
Total collectives issued for this layer: 1
*************************  Workload stats  ************************* attention_row
id: attention_row ,Total cycles spent on fwd pass compute: 1
id: attention_row ,Total cycles spent on weight grad compute: 1
id: attention_row ,Total cycles spent on input grad compute: 1
id: attention_row ,Total cycles spent idle waiting for fwd finish: 187574
id: attention_row ,Total cycles spent idle waiting for weight grad finish: 0
id: attention_row ,Total cycles spent idle waiting for input grad finish: 0
id: attention_row ,Total cycles spent on fwd pass comm: 187574
id: attention_row ,Total cycles spent on weight grad comm: 0
id: attention_row ,Total cycles spent on input grad comm: 0
*******************
Layer id: mlp_moelayer
Total collectives issued for this layer: 2
*************************  Workload stats  ************************* mlp_moelayer
id: mlp_moelayer ,Total cycles spent on fwd pass compute: 1
id: mlp_moelayer ,Total cycles spent on weight grad compute: 1
id: mlp_moelayer ,Total cycles spent on input grad compute: 1
id: mlp_moelayer ,Total cycles spent idle waiting for fwd finish: 5820
id: mlp_moelayer ,Total cycles spent idle waiting for weight grad finish: 0
id: mlp_moelayer ,Total cycles spent idle waiting for input grad finish: 5820
id: mlp_moelayer ,Total cycles spent on fwd pass comm: 5820
id: mlp_moelayer ,Total cycles spent on weight grad comm: 0
id: mlp_moelayer ,Total cycles spent on input grad comm: 5820
*******************
Layer id: mlp_moelayer
Total collectives issued for this layer: 2
*************************  Workload stats  ************************* mlp_moelayer
id: mlp_moelayer ,Total cycles spent on fwd pass compute: 1
id: mlp_moelayer ,Total cycles spent on weight grad compute: 1
id: mlp_moelayer ,Total cycles spent on input grad compute: 1
id: mlp_moelayer ,Total cycles spent idle waiting for fwd finish: 94367
id: mlp_moelayer ,Total cycles spent idle waiting for weight grad finish: 0
id: mlp_moelayer ,Total cycles spent idle waiting for input grad finish: 94367
id: mlp_moelayer ,Total cycles spent on fwd pass comm: 94367
id: mlp_moelayer ,Total cycles spent on weight grad comm: 0
id: mlp_moelayer ,Total cycles spent on input grad comm: 94367
*******************
Layer id: mlp_moelayer
Total collectives issued for this layer: 2
*************************  Workload stats  ************************* mlp_moelayer
id: mlp_moelayer ,Total cycles spent on fwd pass compute: 1
id: mlp_moelayer ,Total cycles spent on weight grad compute: 1
id: mlp_moelayer ,Total cycles spent on input grad compute: 1
id: mlp_moelayer ,Total cycles spent idle waiting for fwd finish: 373987
id: mlp_moelayer ,Total cycles spent idle waiting for weight grad finish: 0
id: mlp_moelayer ,Total cycles spent idle waiting for input grad finish: 373987
id: mlp_moelayer ,Total cycles spent on fwd pass comm: 373987
id: mlp_moelayer ,Total cycles spent on weight grad comm: 0
id: mlp_moelayer ,Total cycles spent on input grad comm: 373987
*******************
Layer id: mlp_moelayer
Total collectives issued for this layer: 2
*************************  Workload stats  ************************* mlp_moelayer
id: mlp_moelayer ,Total cycles spent on fwd pass compute: 1
id: mlp_moelayer ,Total cycles spent on weight grad compute: 1
id: mlp_moelayer ,Total cycles spent on input grad compute: 1
id: mlp_moelayer ,Total cycles spent idle waiting for fwd finish: 373986
id: mlp_moelayer ,Total cycles spent idle waiting for weight grad finish: 0
id: mlp_moelayer ,Total cycles spent idle waiting for input grad finish: 746814
id: mlp_moelayer ,Total cycles spent on fwd pass comm: 373986
id: mlp_moelayer ,Total cycles spent on weight grad comm: 0
id: mlp_moelayer ,Total cycles spent on input grad comm: 746814
*******************
Layer id: mlp_moelayer
Total collectives issued for this layer: 2
*************************  Workload stats  ************************* mlp_moelayer
id: mlp_moelayer ,Total cycles spent on fwd pass compute: 1
id: mlp_moelayer ,Total cycles spent on weight grad compute: 1
id: mlp_moelayer ,Total cycles spent on input grad compute: 1
id: mlp_moelayer ,Total cycles spent idle waiting for fwd finish: 373986
id: mlp_moelayer ,Total cycles spent idle waiting for weight grad finish: 0
id: mlp_moelayer ,Total cycles spent idle waiting for input grad finish: 373986
id: mlp_moelayer ,Total cycles spent on fwd pass comm: 373986
id: mlp_moelayer ,Total cycles spent on weight grad comm: 0
id: mlp_moelayer ,Total cycles spent on input grad comm: 373986
*******************
Layer id: mlp_moelayer
Total collectives issued for this layer: 2
*************************  Workload stats  ************************* mlp_moelayer
id: mlp_moelayer ,Total cycles spent on fwd pass compute: 1
id: mlp_moelayer ,Total cycles spent on weight grad compute: 1
id: mlp_moelayer ,Total cycles spent on input grad compute: 1
id: mlp_moelayer ,Total cycles spent idle waiting for fwd finish: 373987
id: mlp_moelayer ,Total cycles spent idle waiting for weight grad finish: 0
id: mlp_moelayer ,Total cycles spent idle waiting for input grad finish: 373987
id: mlp_moelayer ,Total cycles spent on fwd pass comm: 373987
id: mlp_moelayer ,Total cycles spent on weight grad comm: 0
id: mlp_moelayer ,Total cycles spent on input grad comm: 373987
*******************
Layer id: mlp_moelayer
Total collectives issued for this layer: 2
*************************  Workload stats  ************************* mlp_moelayer
id: mlp_moelayer ,Total cycles spent on fwd pass compute: 1
id: mlp_moelayer ,Total cycles spent on weight grad compute: 1
id: mlp_moelayer ,Total cycles spent on input grad compute: 1
id: mlp_moelayer ,Total cycles spent idle waiting for fwd finish: 94367
id: mlp_moelayer ,Total cycles spent idle waiting for weight grad finish: 0
id: mlp_moelayer ,Total cycles spent idle waiting for input grad finish: 94367
id: mlp_moelayer ,Total cycles spent on fwd pass comm: 94367
id: mlp_moelayer ,Total cycles spent on weight grad comm: 0
id: mlp_moelayer ,Total cycles spent on input grad comm: 94367
*******************
Layer id: attention_column
Total collectives issued for this layer: 1
*************************  Workload stats  ************************* attention_column
id: attention_column ,Total cycles spent on fwd pass compute: 1
id: attention_column ,Total cycles spent on weight grad compute: 1
id: attention_column ,Total cycles spent on input grad compute: 1
id: attention_column ,Total cycles spent idle waiting for fwd finish: 187574
id: attention_column ,Total cycles spent idle waiting for weight grad finish: 0
id: attention_column ,Total cycles spent idle waiting for input grad finish: 0
id: attention_column ,Total cycles spent on fwd pass comm: 187574
id: attention_column ,Total cycles spent on weight grad comm: 0
id: attention_column ,Total cycles spent on input grad comm: 0
*******************
Layer id: attention_row
Total collectives issued for this layer: 1
*************************  Workload stats  ************************* attention_row
id: attention_row ,Total cycles spent on fwd pass compute: 1
id: attention_row ,Total cycles spent on weight grad compute: 1
id: attention_row ,Total cycles spent on input grad compute: 1
id: attention_row ,Total cycles spent idle waiting for fwd finish: 187574
id: attention_row ,Total cycles spent idle waiting for weight grad finish: 0
id: attention_row ,Total cycles spent idle waiting for input grad finish: 0
id: attention_row ,Total cycles spent on fwd pass comm: 187574
id: attention_row ,Total cycles spent on weight grad comm: 0
id: attention_row ,Total cycles spent on input grad comm: 0
*******************
Layer id: mlp_moelayer
Total collectives issued for this layer: 2
*************************  Workload stats  ************************* mlp_moelayer
id: mlp_moelayer ,Total cycles spent on fwd pass compute: 1
id: mlp_moelayer ,Total cycles spent on weight grad compute: 1
id: mlp_moelayer ,Total cycles spent on input grad compute: 1
id: mlp_moelayer ,Total cycles spent idle waiting for fwd finish: 5820
id: mlp_moelayer ,Total cycles spent idle waiting for weight grad finish: 0
id: mlp_moelayer ,Total cycles spent idle waiting for input grad finish: 5820
id: mlp_moelayer ,Total cycles spent on fwd pass comm: 5820
id: mlp_moelayer ,Total cycles spent on weight grad comm: 0
id: mlp_moelayer ,Total cycles spent on input grad comm: 5820
*******************
Layer id: mlp_moelayer
Total collectives issued for this layer: 2
*************************  Workload stats  ************************* mlp_moelayer
id: mlp_moelayer ,Total cycles spent on fwd pass compute: 1
id: mlp_moelayer ,Total cycles spent on weight grad compute: 1
id: mlp_moelayer ,Total cycles spent on input grad compute: 1
id: mlp_moelayer ,Total cycles spent idle waiting for fwd finish: 94367
id: mlp_moelayer ,Total cycles spent idle waiting for weight grad finish: 0
id: mlp_moelayer ,Total cycles spent idle waiting for input grad finish: 94367
id: mlp_moelayer ,Total cycles spent on fwd pass comm: 94367
id: mlp_moelayer ,Total cycles spent on weight grad comm: 0
id: mlp_moelayer ,Total cycles spent on input grad comm: 94367
*******************
Layer id: mlp_moelayer
Total collectives issued for this layer: 2
*************************  Workload stats  ************************* mlp_moelayer
id: mlp_moelayer ,Total cycles spent on fwd pass compute: 1
id: mlp_moelayer ,Total cycles spent on weight grad compute: 1
id: mlp_moelayer ,Total cycles spent on input grad compute: 1
id: mlp_moelayer ,Total cycles spent idle waiting for fwd finish: 373987
id: mlp_moelayer ,Total cycles spent idle waiting for weight grad finish: 0
id: mlp_moelayer ,Total cycles spent idle waiting for input grad finish: 373987
id: mlp_moelayer ,Total cycles spent on fwd pass comm: 373987
id: mlp_moelayer ,Total cycles spent on weight grad comm: 0
id: mlp_moelayer ,Total cycles spent on input grad comm: 373987
*******************
Layer id: mlp_moelayer
Total collectives issued for this layer: 2
*************************  Workload stats  ************************* mlp_moelayer
id: mlp_moelayer ,Total cycles spent on fwd pass compute: 1
id: mlp_moelayer ,Total cycles spent on weight grad compute: 1
id: mlp_moelayer ,Total cycles spent on input grad compute: 1
id: mlp_moelayer ,Total cycles spent idle waiting for fwd finish: 373986
id: mlp_moelayer ,Total cycles spent idle waiting for weight grad finish: 0
id: mlp_moelayer ,Total cycles spent idle waiting for input grad finish: 746814
id: mlp_moelayer ,Total cycles spent on fwd pass comm: 373986
id: mlp_moelayer ,Total cycles spent on weight grad comm: 0
id: mlp_moelayer ,Total cycles spent on input grad comm: 746814
*******************
Layer id: mlp_moelayer
Total collectives issued for this layer: 2
*************************  Workload stats  ************************* mlp_moelayer
id: mlp_moelayer ,Total cycles spent on fwd pass compute: 1
id: mlp_moelayer ,Total cycles spent on weight grad compute: 1
id: mlp_moelayer ,Total cycles spent on input grad compute: 1
id: mlp_moelayer ,Total cycles spent idle waiting for fwd finish: 373986
id: mlp_moelayer ,Total cycles spent idle waiting for weight grad finish: 0
id: mlp_moelayer ,Total cycles spent idle waiting for input grad finish: 373986
id: mlp_moelayer ,Total cycles spent on fwd pass comm: 373986
id: mlp_moelayer ,Total cycles spent on weight grad comm: 0
id: mlp_moelayer ,Total cycles spent on input grad comm: 373986
*******************
Layer id: mlp_moelayer
Total collectives issued for this layer: 2
*************************  Workload stats  ************************* mlp_moelayer
id: mlp_moelayer ,Total cycles spent on fwd pass compute: 1
id: mlp_moelayer ,Total cycles spent on weight grad compute: 1
id: mlp_moelayer ,Total cycles spent on input grad compute: 1
id: mlp_moelayer ,Total cycles spent idle waiting for fwd finish: 373987
id: mlp_moelayer ,Total cycles spent idle waiting for weight grad finish: 0
id: mlp_moelayer ,Total cycles spent idle waiting for input grad finish: 373987
id: mlp_moelayer ,Total cycles spent on fwd pass comm: 373987
id: mlp_moelayer ,Total cycles spent on weight grad comm: 0
id: mlp_moelayer ,Total cycles spent on input grad comm: 373987
*******************
Layer id: mlp_moelayer
Total collectives issued for this layer: 2
*************************  Workload stats  ************************* mlp_moelayer
id: mlp_moelayer ,Total cycles spent on fwd pass compute: 1
id: mlp_moelayer ,Total cycles spent on weight grad compute: 1
id: mlp_moelayer ,Total cycles spent on input grad compute: 1
id: mlp_moelayer ,Total cycles spent idle waiting for fwd finish: 94367
id: mlp_moelayer ,Total cycles spent idle waiting for weight grad finish: 0
id: mlp_moelayer ,Total cycles spent idle waiting for input grad finish: 94367
id: mlp_moelayer ,Total cycles spent on fwd pass comm: 94367
id: mlp_moelayer ,Total cycles spent on weight grad comm: 0
id: mlp_moelayer ,Total cycles spent on input grad comm: 94367
*******************
Layer id: attention_column
Total collectives issued for this layer: 1
*************************  Workload stats  ************************* attention_column
id: attention_column ,Total cycles spent on fwd pass compute: 1
id: attention_column ,Total cycles spent on weight grad compute: 1
id: attention_column ,Total cycles spent on input grad compute: 1
id: attention_column ,Total cycles spent idle waiting for fwd finish: 187574
id: attention_column ,Total cycles spent idle waiting for weight grad finish: 0
id: attention_column ,Total cycles spent idle waiting for input grad finish: 0
id: attention_column ,Total cycles spent on fwd pass comm: 187574
id: attention_column ,Total cycles spent on weight grad comm: 0
id: attention_column ,Total cycles spent on input grad comm: 0
*******************
Layer id: attention_row
Total collectives issued for this layer: 1
*************************  Workload stats  ************************* attention_row
id: attention_row ,Total cycles spent on fwd pass compute: 1
id: attention_row ,Total cycles spent on weight grad compute: 1
id: attention_row ,Total cycles spent on input grad compute: 1
id: attention_row ,Total cycles spent idle waiting for fwd finish: 187574
id: attention_row ,Total cycles spent idle waiting for weight grad finish: 0
id: attention_row ,Total cycles spent idle waiting for input grad finish: 0
id: attention_row ,Total cycles spent on fwd pass comm: 187574
id: attention_row ,Total cycles spent on weight grad comm: 0
id: attention_row ,Total cycles spent on input grad comm: 0
*******************
Layer id: mlp_moelayer
Total collectives issued for this layer: 2
*************************  Workload stats  ************************* mlp_moelayer
id: mlp_moelayer ,Total cycles spent on fwd pass compute: 1
id: mlp_moelayer ,Total cycles spent on weight grad compute: 1
id: mlp_moelayer ,Total cycles spent on input grad compute: 1
id: mlp_moelayer ,Total cycles spent idle waiting for fwd finish: 5820
id: mlp_moelayer ,Total cycles spent idle waiting for weight grad finish: 0
id: mlp_moelayer ,Total cycles spent idle waiting for input grad finish: 5820
id: mlp_moelayer ,Total cycles spent on fwd pass comm: 5820
id: mlp_moelayer ,Total cycles spent on weight grad comm: 0
id: mlp_moelayer ,Total cycles spent on input grad comm: 5820
*******************
Layer id: mlp_moelayer
Total collectives issued for this layer: 2
*************************  Workload stats  ************************* mlp_moelayer
id: mlp_moelayer ,Total cycles spent on fwd pass compute: 1
id: mlp_moelayer ,Total cycles spent on weight grad compute: 1
id: mlp_moelayer ,Total cycles spent on input grad compute: 1
id: mlp_moelayer ,Total cycles spent idle waiting for fwd finish: 94367
id: mlp_moelayer ,Total cycles spent idle waiting for weight grad finish: 0
id: mlp_moelayer ,Total cycles spent idle waiting for input grad finish: 94367
id: mlp_moelayer ,Total cycles spent on fwd pass comm: 94367
id: mlp_moelayer ,Total cycles spent on weight grad comm: 0
id: mlp_moelayer ,Total cycles spent on input grad comm: 94367
*******************
Layer id: mlp_moelayer
Total collectives issued for this layer: 2
*************************  Workload stats  ************************* mlp_moelayer
id: mlp_moelayer ,Total cycles spent on fwd pass compute: 1
id: mlp_moelayer ,Total cycles spent on weight grad compute: 1
id: mlp_moelayer ,Total cycles spent on input grad compute: 1
id: mlp_moelayer ,Total cycles spent idle waiting for fwd finish: 373987
id: mlp_moelayer ,Total cycles spent idle waiting for weight grad finish: 0
id: mlp_moelayer ,Total cycles spent idle waiting for input grad finish: 373987
id: mlp_moelayer ,Total cycles spent on fwd pass comm: 373987
id: mlp_moelayer ,Total cycles spent on weight grad comm: 0
id: mlp_moelayer ,Total cycles spent on input grad comm: 373987
*******************
Layer id: mlp_moelayer
Total collectives issued for this layer: 2
*************************  Workload stats  ************************* mlp_moelayer
id: mlp_moelayer ,Total cycles spent on fwd pass compute: 1
id: mlp_moelayer ,Total cycles spent on weight grad compute: 1
id: mlp_moelayer ,Total cycles spent on input grad compute: 1
id: mlp_moelayer ,Total cycles spent idle waiting for fwd finish: 373986
id: mlp_moelayer ,Total cycles spent idle waiting for weight grad finish: 0
id: mlp_moelayer ,Total cycles spent idle waiting for input grad finish: 746814
id: mlp_moelayer ,Total cycles spent on fwd pass comm: 373986
id: mlp_moelayer ,Total cycles spent on weight grad comm: 0
id: mlp_moelayer ,Total cycles spent on input grad comm: 746814
*******************
Layer id: mlp_moelayer
Total collectives issued for this layer: 2
*************************  Workload stats  ************************* mlp_moelayer
id: mlp_moelayer ,Total cycles spent on fwd pass compute: 1
id: mlp_moelayer ,Total cycles spent on weight grad compute: 1
id: mlp_moelayer ,Total cycles spent on input grad compute: 1
id: mlp_moelayer ,Total cycles spent idle waiting for fwd finish: 373986
id: mlp_moelayer ,Total cycles spent idle waiting for weight grad finish: 0
id: mlp_moelayer ,Total cycles spent idle waiting for input grad finish: 373986
id: mlp_moelayer ,Total cycles spent on fwd pass comm: 373986
id: mlp_moelayer ,Total cycles spent on weight grad comm: 0
id: mlp_moelayer ,Total cycles spent on input grad comm: 373986
*******************
Layer id: mlp_moelayer
Total collectives issued for this layer: 2
*************************  Workload stats  ************************* mlp_moelayer
id: mlp_moelayer ,Total cycles spent on fwd pass compute: 1
id: mlp_moelayer ,Total cycles spent on weight grad compute: 1
id: mlp_moelayer ,Total cycles spent on input grad compute: 1
id: mlp_moelayer ,Total cycles spent idle waiting for fwd finish: 373987
id: mlp_moelayer ,Total cycles spent idle waiting for weight grad finish: 0
id: mlp_moelayer ,Total cycles spent idle waiting for input grad finish: 373987
id: mlp_moelayer ,Total cycles spent on fwd pass comm: 373987
id: mlp_moelayer ,Total cycles spent on weight grad comm: 0
id: mlp_moelayer ,Total cycles spent on input grad comm: 373987
*******************
Layer id: mlp_moelayer
Total collectives issued for this layer: 2
*************************  Workload stats  ************************* mlp_moelayer
id: mlp_moelayer ,Total cycles spent on fwd pass compute: 1
id: mlp_moelayer ,Total cycles spent on weight grad compute: 1
id: mlp_moelayer ,Total cycles spent on input grad compute: 1
id: mlp_moelayer ,Total cycles spent idle waiting for fwd finish: 94367
id: mlp_moelayer ,Total cycles spent idle waiting for weight grad finish: 0
id: mlp_moelayer ,Total cycles spent idle waiting for input grad finish: 94367
id: mlp_moelayer ,Total cycles spent on fwd pass comm: 94367
id: mlp_moelayer ,Total cycles spent on weight grad comm: 0
id: mlp_moelayer ,Total cycles spent on input grad comm: 94367
*******************
Layer id: attention_column
Total collectives issued for this layer: 1
*************************  Workload stats  ************************* attention_column
id: attention_column ,Total cycles spent on fwd pass compute: 1
id: attention_column ,Total cycles spent on weight grad compute: 1
id: attention_column ,Total cycles spent on input grad compute: 1
id: attention_column ,Total cycles spent idle waiting for fwd finish: 187574
id: attention_column ,Total cycles spent idle waiting for weight grad finish: 0
id: attention_column ,Total cycles spent idle waiting for input grad finish: 0
id: attention_column ,Total cycles spent on fwd pass comm: 187574
id: attention_column ,Total cycles spent on weight grad comm: 0
id: attention_column ,Total cycles spent on input grad comm: 0
*******************
Layer id: attention_row
Total collectives issued for this layer: 1
*************************  Workload stats  ************************* attention_row
id: attention_row ,Total cycles spent on fwd pass compute: 1
id: attention_row ,Total cycles spent on weight grad compute: 1
id: attention_row ,Total cycles spent on input grad compute: 1
id: attention_row ,Total cycles spent idle waiting for fwd finish: 187574
id: attention_row ,Total cycles spent idle waiting for weight grad finish: 0
id: attention_row ,Total cycles spent idle waiting for input grad finish: 0
id: attention_row ,Total cycles spent on fwd pass comm: 187574
id: attention_row ,Total cycles spent on weight grad comm: 0
id: attention_row ,Total cycles spent on input grad comm: 0
*******************
Layer id: mlp_moelayer
Total collectives issued for this layer: 2
*************************  Workload stats  ************************* mlp_moelayer
id: mlp_moelayer ,Total cycles spent on fwd pass compute: 1
id: mlp_moelayer ,Total cycles spent on weight grad compute: 1
id: mlp_moelayer ,Total cycles spent on input grad compute: 1
id: mlp_moelayer ,Total cycles spent idle waiting for fwd finish: 5820
id: mlp_moelayer ,Total cycles spent idle waiting for weight grad finish: 0
id: mlp_moelayer ,Total cycles spent idle waiting for input grad finish: 5820
id: mlp_moelayer ,Total cycles spent on fwd pass comm: 5820
id: mlp_moelayer ,Total cycles spent on weight grad comm: 0
id: mlp_moelayer ,Total cycles spent on input grad comm: 5820
*******************
Layer id: mlp_moelayer
Total collectives issued for this layer: 2
*************************  Workload stats  ************************* mlp_moelayer
id: mlp_moelayer ,Total cycles spent on fwd pass compute: 1
id: mlp_moelayer ,Total cycles spent on weight grad compute: 1
id: mlp_moelayer ,Total cycles spent on input grad compute: 1
id: mlp_moelayer ,Total cycles spent idle waiting for fwd finish: 94367
id: mlp_moelayer ,Total cycles spent idle waiting for weight grad finish: 0
id: mlp_moelayer ,Total cycles spent idle waiting for input grad finish: 94367
id: mlp_moelayer ,Total cycles spent on fwd pass comm: 94367
id: mlp_moelayer ,Total cycles spent on weight grad comm: 0
id: mlp_moelayer ,Total cycles spent on input grad comm: 94367
*******************
Layer id: mlp_moelayer
Total collectives issued for this layer: 2
*************************  Workload stats  ************************* mlp_moelayer
id: mlp_moelayer ,Total cycles spent on fwd pass compute: 1
id: mlp_moelayer ,Total cycles spent on weight grad compute: 1
id: mlp_moelayer ,Total cycles spent on input grad compute: 1
id: mlp_moelayer ,Total cycles spent idle waiting for fwd finish: 373987
id: mlp_moelayer ,Total cycles spent idle waiting for weight grad finish: 0
id: mlp_moelayer ,Total cycles spent idle waiting for input grad finish: 373987
id: mlp_moelayer ,Total cycles spent on fwd pass comm: 373987
id: mlp_moelayer ,Total cycles spent on weight grad comm: 0
id: mlp_moelayer ,Total cycles spent on input grad comm: 373987
*******************
Layer id: mlp_moelayer
Total collectives issued for this layer: 2
*************************  Workload stats  ************************* mlp_moelayer
id: mlp_moelayer ,Total cycles spent on fwd pass compute: 1
id: mlp_moelayer ,Total cycles spent on weight grad compute: 1
id: mlp_moelayer ,Total cycles spent on input grad compute: 1
id: mlp_moelayer ,Total cycles spent idle waiting for fwd finish: 373986
id: mlp_moelayer ,Total cycles spent idle waiting for weight grad finish: 0
id: mlp_moelayer ,Total cycles spent idle waiting for input grad finish: 746814
id: mlp_moelayer ,Total cycles spent on fwd pass comm: 373986
id: mlp_moelayer ,Total cycles spent on weight grad comm: 0
id: mlp_moelayer ,Total cycles spent on input grad comm: 746814
*******************
Layer id: mlp_moelayer
Total collectives issued for this layer: 2
*************************  Workload stats  ************************* mlp_moelayer
id: mlp_moelayer ,Total cycles spent on fwd pass compute: 1
id: mlp_moelayer ,Total cycles spent on weight grad compute: 1
id: mlp_moelayer ,Total cycles spent on input grad compute: 1
id: mlp_moelayer ,Total cycles spent idle waiting for fwd finish: 373986
id: mlp_moelayer ,Total cycles spent idle waiting for weight grad finish: 0
id: mlp_moelayer ,Total cycles spent idle waiting for input grad finish: 373986
id: mlp_moelayer ,Total cycles spent on fwd pass comm: 373986
id: mlp_moelayer ,Total cycles spent on weight grad comm: 0
id: mlp_moelayer ,Total cycles spent on input grad comm: 373986
*******************
Layer id: mlp_moelayer
Total collectives issued for this layer: 2
*************************  Workload stats  ************************* mlp_moelayer
id: mlp_moelayer ,Total cycles spent on fwd pass compute: 1
id: mlp_moelayer ,Total cycles spent on weight grad compute: 1
id: mlp_moelayer ,Total cycles spent on input grad compute: 1
id: mlp_moelayer ,Total cycles spent idle waiting for fwd finish: 373987
id: mlp_moelayer ,Total cycles spent idle waiting for weight grad finish: 0
id: mlp_moelayer ,Total cycles spent idle waiting for input grad finish: 373987
id: mlp_moelayer ,Total cycles spent on fwd pass comm: 373987
id: mlp_moelayer ,Total cycles spent on weight grad comm: 0
id: mlp_moelayer ,Total cycles spent on input grad comm: 373987
*******************
Layer id: mlp_moelayer
Total collectives issued for this layer: 2
*************************  Workload stats  ************************* mlp_moelayer
id: mlp_moelayer ,Total cycles spent on fwd pass compute: 1
id: mlp_moelayer ,Total cycles spent on weight grad compute: 1
id: mlp_moelayer ,Total cycles spent on input grad compute: 1
id: mlp_moelayer ,Total cycles spent idle waiting for fwd finish: 94367
id: mlp_moelayer ,Total cycles spent idle waiting for weight grad finish: 0
id: mlp_moelayer ,Total cycles spent idle waiting for input grad finish: 94367
id: mlp_moelayer ,Total cycles spent on fwd pass comm: 94367
id: mlp_moelayer ,Total cycles spent on weight grad comm: 0
id: mlp_moelayer ,Total cycles spent on input grad comm: 94367
*******************
Layer id: attention_column
Total collectives issued for this layer: 1
*************************  Workload stats  ************************* attention_column
id: attention_column ,Total cycles spent on fwd pass compute: 1
id: attention_column ,Total cycles spent on weight grad compute: 1
id: attention_column ,Total cycles spent on input grad compute: 1
id: attention_column ,Total cycles spent idle waiting for fwd finish: 187574
id: attention_column ,Total cycles spent idle waiting for weight grad finish: 0
id: attention_column ,Total cycles spent idle waiting for input grad finish: 0
id: attention_column ,Total cycles spent on fwd pass comm: 187574
id: attention_column ,Total cycles spent on weight grad comm: 0
id: attention_column ,Total cycles spent on input grad comm: 0
*******************
Layer id: attention_row
Total collectives issued for this layer: 1
*************************  Workload stats  ************************* attention_row
id: attention_row ,Total cycles spent on fwd pass compute: 1
id: attention_row ,Total cycles spent on weight grad compute: 1
id: attention_row ,Total cycles spent on input grad compute: 1
id: attention_row ,Total cycles spent idle waiting for fwd finish: 187574
id: attention_row ,Total cycles spent idle waiting for weight grad finish: 0
id: attention_row ,Total cycles spent idle waiting for input grad finish: 0
id: attention_row ,Total cycles spent on fwd pass comm: 187574
id: attention_row ,Total cycles spent on weight grad comm: 0
id: attention_row ,Total cycles spent on input grad comm: 0
*******************
Layer id: mlp_moelayer
Total collectives issued for this layer: 2
*************************  Workload stats  ************************* mlp_moelayer
id: mlp_moelayer ,Total cycles spent on fwd pass compute: 1
id: mlp_moelayer ,Total cycles spent on weight grad compute: 1
id: mlp_moelayer ,Total cycles spent on input grad compute: 1
id: mlp_moelayer ,Total cycles spent idle waiting for fwd finish: 5820
id: mlp_moelayer ,Total cycles spent idle waiting for weight grad finish: 0
id: mlp_moelayer ,Total cycles spent idle waiting for input grad finish: 5820
id: mlp_moelayer ,Total cycles spent on fwd pass comm: 5820
id: mlp_moelayer ,Total cycles spent on weight grad comm: 0
id: mlp_moelayer ,Total cycles spent on input grad comm: 5820
*******************
Layer id: mlp_moelayer
Total collectives issued for this layer: 2
*************************  Workload stats  ************************* mlp_moelayer
id: mlp_moelayer ,Total cycles spent on fwd pass compute: 1
id: mlp_moelayer ,Total cycles spent on weight grad compute: 1
id: mlp_moelayer ,Total cycles spent on input grad compute: 1
id: mlp_moelayer ,Total cycles spent idle waiting for fwd finish: 94367
id: mlp_moelayer ,Total cycles spent idle waiting for weight grad finish: 0
id: mlp_moelayer ,Total cycles spent idle waiting for input grad finish: 94367
id: mlp_moelayer ,Total cycles spent on fwd pass comm: 94367
id: mlp_moelayer ,Total cycles spent on weight grad comm: 0
id: mlp_moelayer ,Total cycles spent on input grad comm: 94367
*******************
Layer id: mlp_moelayer
Total collectives issued for this layer: 2
*************************  Workload stats  ************************* mlp_moelayer
id: mlp_moelayer ,Total cycles spent on fwd pass compute: 1
id: mlp_moelayer ,Total cycles spent on weight grad compute: 1
id: mlp_moelayer ,Total cycles spent on input grad compute: 1
id: mlp_moelayer ,Total cycles spent idle waiting for fwd finish: 373987
id: mlp_moelayer ,Total cycles spent idle waiting for weight grad finish: 0
id: mlp_moelayer ,Total cycles spent idle waiting for input grad finish: 373987
id: mlp_moelayer ,Total cycles spent on fwd pass comm: 373987
id: mlp_moelayer ,Total cycles spent on weight grad comm: 0
id: mlp_moelayer ,Total cycles spent on input grad comm: 373987
*******************
Layer id: mlp_moelayer
Total collectives issued for this layer: 2
*************************  Workload stats  ************************* mlp_moelayer
id: mlp_moelayer ,Total cycles spent on fwd pass compute: 1
id: mlp_moelayer ,Total cycles spent on weight grad compute: 1
id: mlp_moelayer ,Total cycles spent on input grad compute: 1
id: mlp_moelayer ,Total cycles spent idle waiting for fwd finish: 373986
id: mlp_moelayer ,Total cycles spent idle waiting for weight grad finish: 0
id: mlp_moelayer ,Total cycles spent idle waiting for input grad finish: 746814
id: mlp_moelayer ,Total cycles spent on fwd pass comm: 373986
id: mlp_moelayer ,Total cycles spent on weight grad comm: 0
id: mlp_moelayer ,Total cycles spent on input grad comm: 746814
*******************
Layer id: mlp_moelayer
Total collectives issued for this layer: 2
*************************  Workload stats  ************************* mlp_moelayer
id: mlp_moelayer ,Total cycles spent on fwd pass compute: 1
id: mlp_moelayer ,Total cycles spent on weight grad compute: 1
id: mlp_moelayer ,Total cycles spent on input grad compute: 1
id: mlp_moelayer ,Total cycles spent idle waiting for fwd finish: 373986
id: mlp_moelayer ,Total cycles spent idle waiting for weight grad finish: 0
id: mlp_moelayer ,Total cycles spent idle waiting for input grad finish: 373986
id: mlp_moelayer ,Total cycles spent on fwd pass comm: 373986
id: mlp_moelayer ,Total cycles spent on weight grad comm: 0
id: mlp_moelayer ,Total cycles spent on input grad comm: 373986
*******************
Layer id: mlp_moelayer
Total collectives issued for this layer: 2
*************************  Workload stats  ************************* mlp_moelayer
id: mlp_moelayer ,Total cycles spent on fwd pass compute: 1
id: mlp_moelayer ,Total cycles spent on weight grad compute: 1
id: mlp_moelayer ,Total cycles spent on input grad compute: 1
id: mlp_moelayer ,Total cycles spent idle waiting for fwd finish: 373987
id: mlp_moelayer ,Total cycles spent idle waiting for weight grad finish: 0
id: mlp_moelayer ,Total cycles spent idle waiting for input grad finish: 373987
id: mlp_moelayer ,Total cycles spent on fwd pass comm: 373987
id: mlp_moelayer ,Total cycles spent on weight grad comm: 0
id: mlp_moelayer ,Total cycles spent on input grad comm: 373987
*******************
Layer id: mlp_moelayer
Total collectives issued for this layer: 2
*************************  Workload stats  ************************* mlp_moelayer
id: mlp_moelayer ,Total cycles spent on fwd pass compute: 1
id: mlp_moelayer ,Total cycles spent on weight grad compute: 1
id: mlp_moelayer ,Total cycles spent on input grad compute: 1
id: mlp_moelayer ,Total cycles spent idle waiting for fwd finish: 94367
id: mlp_moelayer ,Total cycles spent idle waiting for weight grad finish: 0
id: mlp_moelayer ,Total cycles spent idle waiting for input grad finish: 94367
id: mlp_moelayer ,Total cycles spent on fwd pass comm: 94367
id: mlp_moelayer ,Total cycles spent on weight grad comm: 0
id: mlp_moelayer ,Total cycles spent on input grad comm: 94367
*******************
Layer id: attention_column
Total collectives issued for this layer: 1
*************************  Workload stats  ************************* attention_column
id: attention_column ,Total cycles spent on fwd pass compute: 1
id: attention_column ,Total cycles spent on weight grad compute: 1
id: attention_column ,Total cycles spent on input grad compute: 1
id: attention_column ,Total cycles spent idle waiting for fwd finish: 187574
id: attention_column ,Total cycles spent idle waiting for weight grad finish: 0
id: attention_column ,Total cycles spent idle waiting for input grad finish: 0
id: attention_column ,Total cycles spent on fwd pass comm: 187574
id: attention_column ,Total cycles spent on weight grad comm: 0
id: attention_column ,Total cycles spent on input grad comm: 0
*******************
Layer id: attention_row
Total collectives issued for this layer: 1
*************************  Workload stats  ************************* attention_row
id: attention_row ,Total cycles spent on fwd pass compute: 1
id: attention_row ,Total cycles spent on weight grad compute: 1
id: attention_row ,Total cycles spent on input grad compute: 1
id: attention_row ,Total cycles spent idle waiting for fwd finish: 187574
id: attention_row ,Total cycles spent idle waiting for weight grad finish: 0
id: attention_row ,Total cycles spent idle waiting for input grad finish: 0
id: attention_row ,Total cycles spent on fwd pass comm: 187574
id: attention_row ,Total cycles spent on weight grad comm: 0
id: attention_row ,Total cycles spent on input grad comm: 0
*******************
Layer id: mlp_moelayer
Total collectives issued for this layer: 2
*************************  Workload stats  ************************* mlp_moelayer
id: mlp_moelayer ,Total cycles spent on fwd pass compute: 1
id: mlp_moelayer ,Total cycles spent on weight grad compute: 1
id: mlp_moelayer ,Total cycles spent on input grad compute: 1
id: mlp_moelayer ,Total cycles spent idle waiting for fwd finish: 5820
id: mlp_moelayer ,Total cycles spent idle waiting for weight grad finish: 0
id: mlp_moelayer ,Total cycles spent idle waiting for input grad finish: 5820
id: mlp_moelayer ,Total cycles spent on fwd pass comm: 5820
id: mlp_moelayer ,Total cycles spent on weight grad comm: 0
id: mlp_moelayer ,Total cycles spent on input grad comm: 5820
*******************
Layer id: mlp_moelayer
Total collectives issued for this layer: 2
*************************  Workload stats  ************************* mlp_moelayer
id: mlp_moelayer ,Total cycles spent on fwd pass compute: 1
id: mlp_moelayer ,Total cycles spent on weight grad compute: 1
id: mlp_moelayer ,Total cycles spent on input grad compute: 1
id: mlp_moelayer ,Total cycles spent idle waiting for fwd finish: 94367
id: mlp_moelayer ,Total cycles spent idle waiting for weight grad finish: 0
id: mlp_moelayer ,Total cycles spent idle waiting for input grad finish: 94367
id: mlp_moelayer ,Total cycles spent on fwd pass comm: 94367
id: mlp_moelayer ,Total cycles spent on weight grad comm: 0
id: mlp_moelayer ,Total cycles spent on input grad comm: 94367
*******************
Layer id: mlp_moelayer
Total collectives issued for this layer: 2
*************************  Workload stats  ************************* mlp_moelayer
id: mlp_moelayer ,Total cycles spent on fwd pass compute: 1
id: mlp_moelayer ,Total cycles spent on weight grad compute: 1
id: mlp_moelayer ,Total cycles spent on input grad compute: 1
id: mlp_moelayer ,Total cycles spent idle waiting for fwd finish: 373987
id: mlp_moelayer ,Total cycles spent idle waiting for weight grad finish: 0
id: mlp_moelayer ,Total cycles spent idle waiting for input grad finish: 373987
id: mlp_moelayer ,Total cycles spent on fwd pass comm: 373987
id: mlp_moelayer ,Total cycles spent on weight grad comm: 0
id: mlp_moelayer ,Total cycles spent on input grad comm: 373987
*******************
Layer id: mlp_moelayer
Total collectives issued for this layer: 2
*************************  Workload stats  ************************* mlp_moelayer
id: mlp_moelayer ,Total cycles spent on fwd pass compute: 1
id: mlp_moelayer ,Total cycles spent on weight grad compute: 1
id: mlp_moelayer ,Total cycles spent on input grad compute: 1
id: mlp_moelayer ,Total cycles spent idle waiting for fwd finish: 373986
id: mlp_moelayer ,Total cycles spent idle waiting for weight grad finish: 0
id: mlp_moelayer ,Total cycles spent idle waiting for input grad finish: 746814
id: mlp_moelayer ,Total cycles spent on fwd pass comm: 373986
id: mlp_moelayer ,Total cycles spent on weight grad comm: 0
id: mlp_moelayer ,Total cycles spent on input grad comm: 746814
*******************
Layer id: mlp_moelayer
Total collectives issued for this layer: 2
*************************  Workload stats  ************************* mlp_moelayer
id: mlp_moelayer ,Total cycles spent on fwd pass compute: 1
id: mlp_moelayer ,Total cycles spent on weight grad compute: 1
id: mlp_moelayer ,Total cycles spent on input grad compute: 1
id: mlp_moelayer ,Total cycles spent idle waiting for fwd finish: 373986
id: mlp_moelayer ,Total cycles spent idle waiting for weight grad finish: 0
id: mlp_moelayer ,Total cycles spent idle waiting for input grad finish: 373986
id: mlp_moelayer ,Total cycles spent on fwd pass comm: 373986
id: mlp_moelayer ,Total cycles spent on weight grad comm: 0
id: mlp_moelayer ,Total cycles spent on input grad comm: 373986
*******************
Layer id: mlp_moelayer
Total collectives issued for this layer: 2
*************************  Workload stats  ************************* mlp_moelayer
id: mlp_moelayer ,Total cycles spent on fwd pass compute: 1
id: mlp_moelayer ,Total cycles spent on weight grad compute: 1
id: mlp_moelayer ,Total cycles spent on input grad compute: 1
id: mlp_moelayer ,Total cycles spent idle waiting for fwd finish: 373987
id: mlp_moelayer ,Total cycles spent idle waiting for weight grad finish: 0
id: mlp_moelayer ,Total cycles spent idle waiting for input grad finish: 373987
id: mlp_moelayer ,Total cycles spent on fwd pass comm: 373987
id: mlp_moelayer ,Total cycles spent on weight grad comm: 0
id: mlp_moelayer ,Total cycles spent on input grad comm: 373987
*******************
Layer id: mlp_moelayer
Total collectives issued for this layer: 2
*************************  Workload stats  ************************* mlp_moelayer
id: mlp_moelayer ,Total cycles spent on fwd pass compute: 1
id: mlp_moelayer ,Total cycles spent on weight grad compute: 1
id: mlp_moelayer ,Total cycles spent on input grad compute: 1
id: mlp_moelayer ,Total cycles spent idle waiting for fwd finish: 94367
id: mlp_moelayer ,Total cycles spent idle waiting for weight grad finish: 0
id: mlp_moelayer ,Total cycles spent idle waiting for input grad finish: 94367
id: mlp_moelayer ,Total cycles spent on fwd pass comm: 94367
id: mlp_moelayer ,Total cycles spent on weight grad comm: 0
id: mlp_moelayer ,Total cycles spent on input grad comm: 94367
*******************
Layer id: final_column
Total collectives issued for this layer: 1
*************************  Workload stats  ************************* final_column
id: final_column ,Total cycles spent on fwd pass compute: 1
id: final_column ,Total cycles spent on weight grad compute: 1
id: final_column ,Total cycles spent on input grad compute: 1
id: final_column ,Total cycles spent idle waiting for fwd finish: 187574
id: final_column ,Total cycles spent idle waiting for weight grad finish: 0
id: final_column ,Total cycles spent idle waiting for input grad finish: 0
id: final_column ,Total cycles spent on fwd pass comm: 187574
id: final_column ,Total cycles spent on weight grad comm: 0
id: final_column ,Total cycles spent on input grad comm: 0
*******************
Layer id: embedding_norm
Total collectives issued for this layer: 1
*************************  Workload stats  ************************* embedding_norm
id: embedding_norm ,Total cycles spent on fwd pass compute: 1
id: embedding_norm ,Total cycles spent on weight grad compute: 1
id: embedding_norm ,Total cycles spent on input grad compute: 1
id: embedding_norm ,Total cycles spent idle waiting for fwd finish: 2914914
id: embedding_norm ,Total cycles spent idle waiting for weight grad finish: 0
id: embedding_norm ,Total cycles spent idle waiting for input grad finish: 0
id: embedding_norm ,Total cycles spent on fwd pass comm: 2914914
id: embedding_norm ,Total cycles spent on weight grad comm: 0
id: embedding_norm ,Total cycles spent on input grad comm: 0
*******************
Layer id: embedding_layer
Total collectives issued for this layer: 0
*************************  Workload stats  ************************* embedding_layer
id: embedding_layer ,Total cycles spent on fwd pass compute: 1
id: embedding_layer ,Total cycles spent on weight grad compute: 1
id: embedding_layer ,Total cycles spent on input grad compute: 1
id: embedding_layer ,Total cycles spent idle waiting for fwd finish: 0
id: embedding_layer ,Total cycles spent idle waiting for weight grad finish: 0
id: embedding_layer ,Total cycles spent idle waiting for input grad finish: 0
id: embedding_layer ,Total cycles spent on fwd pass comm: 0
id: embedding_layer ,Total cycles spent on weight grad comm: 0
id: embedding_layer ,Total cycles spent on input grad comm: 0
*******************
Layer id: attention_column
Total collectives issued for this layer: 1
*************************  Workload stats  ************************* attention_column
id: attention_column ,Total cycles spent on fwd pass compute: 1
id: attention_column ,Total cycles spent on weight grad compute: 1
id: attention_column ,Total cycles spent on input grad compute: 1
id: attention_column ,Total cycles spent idle waiting for fwd finish: 187574
id: attention_column ,Total cycles spent idle waiting for weight grad finish: 0
id: attention_column ,Total cycles spent idle waiting for input grad finish: 0
id: attention_column ,Total cycles spent on fwd pass comm: 187574
id: attention_column ,Total cycles spent on weight grad comm: 0
id: attention_column ,Total cycles spent on input grad comm: 0
*******************
Layer id: attention_row
Total collectives issued for this layer: 1
*************************  Workload stats  ************************* attention_row
id: attention_row ,Total cycles spent on fwd pass compute: 1
id: attention_row ,Total cycles spent on weight grad compute: 1
id: attention_row ,Total cycles spent on input grad compute: 1
id: attention_row ,Total cycles spent idle waiting for fwd finish: 187574
id: attention_row ,Total cycles spent idle waiting for weight grad finish: 0
id: attention_row ,Total cycles spent idle waiting for input grad finish: 0
id: attention_row ,Total cycles spent on fwd pass comm: 187574
id: attention_row ,Total cycles spent on weight grad comm: 0
id: attention_row ,Total cycles spent on input grad comm: 0
*******************
Layer id: mlp_moelayer
Total collectives issued for this layer: 2
*************************  Workload stats  ************************* mlp_moelayer
id: mlp_moelayer ,Total cycles spent on fwd pass compute: 1
id: mlp_moelayer ,Total cycles spent on weight grad compute: 1
id: mlp_moelayer ,Total cycles spent on input grad compute: 1
id: mlp_moelayer ,Total cycles spent idle waiting for fwd finish: 5820
id: mlp_moelayer ,Total cycles spent idle waiting for weight grad finish: 0
id: mlp_moelayer ,Total cycles spent idle waiting for input grad finish: 5820
id: mlp_moelayer ,Total cycles spent on fwd pass comm: 5820
id: mlp_moelayer ,Total cycles spent on weight grad comm: 0
id: mlp_moelayer ,Total cycles spent on input grad comm: 5820
*******************
Layer id: mlp_moelayer
Total collectives issued for this layer: 2
*************************  Workload stats  ************************* mlp_moelayer
id: mlp_moelayer ,Total cycles spent on fwd pass compute: 1
id: mlp_moelayer ,Total cycles spent on weight grad compute: 1
id: mlp_moelayer ,Total cycles spent on input grad compute: 1
id: mlp_moelayer ,Total cycles spent idle waiting for fwd finish: 94367
id: mlp_moelayer ,Total cycles spent idle waiting for weight grad finish: 0
id: mlp_moelayer ,Total cycles spent idle waiting for input grad finish: 94367
id: mlp_moelayer ,Total cycles spent on fwd pass comm: 94367
id: mlp_moelayer ,Total cycles spent on weight grad comm: 0
id: mlp_moelayer ,Total cycles spent on input grad comm: 94367
*******************
Layer id: mlp_moelayer
Total collectives issued for this layer: 2
*************************  Workload stats  ************************* mlp_moelayer
id: mlp_moelayer ,Total cycles spent on fwd pass compute: 1
id: mlp_moelayer ,Total cycles spent on weight grad compute: 1
id: mlp_moelayer ,Total cycles spent on input grad compute: 1
id: mlp_moelayer ,Total cycles spent idle waiting for fwd finish: 373987
id: mlp_moelayer ,Total cycles spent idle waiting for weight grad finish: 0
id: mlp_moelayer ,Total cycles spent idle waiting for input grad finish: 373987
id: mlp_moelayer ,Total cycles spent on fwd pass comm: 373987
id: mlp_moelayer ,Total cycles spent on weight grad comm: 0
id: mlp_moelayer ,Total cycles spent on input grad comm: 373987
*******************
Layer id: mlp_moelayer
Total collectives issued for this layer: 2
*************************  Workload stats  ************************* mlp_moelayer
id: mlp_moelayer ,Total cycles spent on fwd pass compute: 1
id: mlp_moelayer ,Total cycles spent on weight grad compute: 1
id: mlp_moelayer ,Total cycles spent on input grad compute: 1
id: mlp_moelayer ,Total cycles spent idle waiting for fwd finish: 373986
id: mlp_moelayer ,Total cycles spent idle waiting for weight grad finish: 0
id: mlp_moelayer ,Total cycles spent idle waiting for input grad finish: 746814
id: mlp_moelayer ,Total cycles spent on fwd pass comm: 373986
id: mlp_moelayer ,Total cycles spent on weight grad comm: 0
id: mlp_moelayer ,Total cycles spent on input grad comm: 746814
*******************
Layer id: mlp_moelayer
Total collectives issued for this layer: 2
*************************  Workload stats  ************************* mlp_moelayer
id: mlp_moelayer ,Total cycles spent on fwd pass compute: 1
id: mlp_moelayer ,Total cycles spent on weight grad compute: 1
id: mlp_moelayer ,Total cycles spent on input grad compute: 1
id: mlp_moelayer ,Total cycles spent idle waiting for fwd finish: 373986
id: mlp_moelayer ,Total cycles spent idle waiting for weight grad finish: 0
id: mlp_moelayer ,Total cycles spent idle waiting for input grad finish: 373986
id: mlp_moelayer ,Total cycles spent on fwd pass comm: 373986
id: mlp_moelayer ,Total cycles spent on weight grad comm: 0
id: mlp_moelayer ,Total cycles spent on input grad comm: 373986
*******************
Layer id: mlp_moelayer
Total collectives issued for this layer: 2
*************************  Workload stats  ************************* mlp_moelayer
id: mlp_moelayer ,Total cycles spent on fwd pass compute: 1
id: mlp_moelayer ,Total cycles spent on weight grad compute: 1
id: mlp_moelayer ,Total cycles spent on input grad compute: 1
id: mlp_moelayer ,Total cycles spent idle waiting for fwd finish: 373987
id: mlp_moelayer ,Total cycles spent idle waiting for weight grad finish: 0
id: mlp_moelayer ,Total cycles spent idle waiting for input grad finish: 373987
id: mlp_moelayer ,Total cycles spent on fwd pass comm: 373987
id: mlp_moelayer ,Total cycles spent on weight grad comm: 0
id: mlp_moelayer ,Total cycles spent on input grad comm: 373987
*******************
Layer id: mlp_moelayer
Total collectives issued for this layer: 2
*************************  Workload stats  ************************* mlp_moelayer
id: mlp_moelayer ,Total cycles spent on fwd pass compute: 1
id: mlp_moelayer ,Total cycles spent on weight grad compute: 1
id: mlp_moelayer ,Total cycles spent on input grad compute: 1
id: mlp_moelayer ,Total cycles spent idle waiting for fwd finish: 94367
id: mlp_moelayer ,Total cycles spent idle waiting for weight grad finish: 0
id: mlp_moelayer ,Total cycles spent idle waiting for input grad finish: 94367
id: mlp_moelayer ,Total cycles spent on fwd pass comm: 94367
id: mlp_moelayer ,Total cycles spent on weight grad comm: 0
id: mlp_moelayer ,Total cycles spent on input grad comm: 94367
*******************
Layer id: attention_column
Total collectives issued for this layer: 1
*************************  Workload stats  ************************* attention_column
id: attention_column ,Total cycles spent on fwd pass compute: 1
id: attention_column ,Total cycles spent on weight grad compute: 1
id: attention_column ,Total cycles spent on input grad compute: 1
id: attention_column ,Total cycles spent idle waiting for fwd finish: 187574
id: attention_column ,Total cycles spent idle waiting for weight grad finish: 0
id: attention_column ,Total cycles spent idle waiting for input grad finish: 0
id: attention_column ,Total cycles spent on fwd pass comm: 187574
id: attention_column ,Total cycles spent on weight grad comm: 0
id: attention_column ,Total cycles spent on input grad comm: 0
*******************
Layer id: attention_row
Total collectives issued for this layer: 1
*************************  Workload stats  ************************* attention_row
id: attention_row ,Total cycles spent on fwd pass compute: 1
id: attention_row ,Total cycles spent on weight grad compute: 1
id: attention_row ,Total cycles spent on input grad compute: 1
id: attention_row ,Total cycles spent idle waiting for fwd finish: 187574
id: attention_row ,Total cycles spent idle waiting for weight grad finish: 0
id: attention_row ,Total cycles spent idle waiting for input grad finish: 0
id: attention_row ,Total cycles spent on fwd pass comm: 187574
id: attention_row ,Total cycles spent on weight grad comm: 0
id: attention_row ,Total cycles spent on input grad comm: 0
*******************
Layer id: mlp_moelayer
Total collectives issued for this layer: 2
*************************  Workload stats  ************************* mlp_moelayer
id: mlp_moelayer ,Total cycles spent on fwd pass compute: 1
id: mlp_moelayer ,Total cycles spent on weight grad compute: 1
id: mlp_moelayer ,Total cycles spent on input grad compute: 1
id: mlp_moelayer ,Total cycles spent idle waiting for fwd finish: 5820
id: mlp_moelayer ,Total cycles spent idle waiting for weight grad finish: 0
id: mlp_moelayer ,Total cycles spent idle waiting for input grad finish: 5820
id: mlp_moelayer ,Total cycles spent on fwd pass comm: 5820
id: mlp_moelayer ,Total cycles spent on weight grad comm: 0
id: mlp_moelayer ,Total cycles spent on input grad comm: 5820
*******************
Layer id: mlp_moelayer
Total collectives issued for this layer: 2
*************************  Workload stats  ************************* mlp_moelayer
id: mlp_moelayer ,Total cycles spent on fwd pass compute: 1
id: mlp_moelayer ,Total cycles spent on weight grad compute: 1
id: mlp_moelayer ,Total cycles spent on input grad compute: 1
id: mlp_moelayer ,Total cycles spent idle waiting for fwd finish: 94367
id: mlp_moelayer ,Total cycles spent idle waiting for weight grad finish: 0
id: mlp_moelayer ,Total cycles spent idle waiting for input grad finish: 94367
id: mlp_moelayer ,Total cycles spent on fwd pass comm: 94367
id: mlp_moelayer ,Total cycles spent on weight grad comm: 0
id: mlp_moelayer ,Total cycles spent on input grad comm: 94367
*******************
Layer id: mlp_moelayer
Total collectives issued for this layer: 2
*************************  Workload stats  ************************* mlp_moelayer
id: mlp_moelayer ,Total cycles spent on fwd pass compute: 1
id: mlp_moelayer ,Total cycles spent on weight grad compute: 1
id: mlp_moelayer ,Total cycles spent on input grad compute: 1
id: mlp_moelayer ,Total cycles spent idle waiting for fwd finish: 373987
id: mlp_moelayer ,Total cycles spent idle waiting for weight grad finish: 0
id: mlp_moelayer ,Total cycles spent idle waiting for input grad finish: 373987
id: mlp_moelayer ,Total cycles spent on fwd pass comm: 373987
id: mlp_moelayer ,Total cycles spent on weight grad comm: 0
id: mlp_moelayer ,Total cycles spent on input grad comm: 373987
*******************
Layer id: mlp_moelayer
Total collectives issued for this layer: 2
*************************  Workload stats  ************************* mlp_moelayer
id: mlp_moelayer ,Total cycles spent on fwd pass compute: 1
id: mlp_moelayer ,Total cycles spent on weight grad compute: 1
id: mlp_moelayer ,Total cycles spent on input grad compute: 1
id: mlp_moelayer ,Total cycles spent idle waiting for fwd finish: 373986
id: mlp_moelayer ,Total cycles spent idle waiting for weight grad finish: 0
id: mlp_moelayer ,Total cycles spent idle waiting for input grad finish: 746814
id: mlp_moelayer ,Total cycles spent on fwd pass comm: 373986
id: mlp_moelayer ,Total cycles spent on weight grad comm: 0
id: mlp_moelayer ,Total cycles spent on input grad comm: 746814
*******************
Layer id: mlp_moelayer
Total collectives issued for this layer: 2
*************************  Workload stats  ************************* mlp_moelayer
id: mlp_moelayer ,Total cycles spent on fwd pass compute: 1
id: mlp_moelayer ,Total cycles spent on weight grad compute: 1
id: mlp_moelayer ,Total cycles spent on input grad compute: 1
id: mlp_moelayer ,Total cycles spent idle waiting for fwd finish: 373986
id: mlp_moelayer ,Total cycles spent idle waiting for weight grad finish: 0
id: mlp_moelayer ,Total cycles spent idle waiting for input grad finish: 373986
id: mlp_moelayer ,Total cycles spent on fwd pass comm: 373986
id: mlp_moelayer ,Total cycles spent on weight grad comm: 0
id: mlp_moelayer ,Total cycles spent on input grad comm: 373986
*******************
Layer id: mlp_moelayer
Total collectives issued for this layer: 2
*************************  Workload stats  ************************* mlp_moelayer
id: mlp_moelayer ,Total cycles spent on fwd pass compute: 1
id: mlp_moelayer ,Total cycles spent on weight grad compute: 1
id: mlp_moelayer ,Total cycles spent on input grad compute: 1
id: mlp_moelayer ,Total cycles spent idle waiting for fwd finish: 373987
id: mlp_moelayer ,Total cycles spent idle waiting for weight grad finish: 0
id: mlp_moelayer ,Total cycles spent idle waiting for input grad finish: 373987
id: mlp_moelayer ,Total cycles spent on fwd pass comm: 373987
id: mlp_moelayer ,Total cycles spent on weight grad comm: 0
id: mlp_moelayer ,Total cycles spent on input grad comm: 373987
*******************
Layer id: mlp_moelayer
Total collectives issued for this layer: 2
*************************  Workload stats  ************************* mlp_moelayer
id: mlp_moelayer ,Total cycles spent on fwd pass compute: 1
id: mlp_moelayer ,Total cycles spent on weight grad compute: 1
id: mlp_moelayer ,Total cycles spent on input grad compute: 1
id: mlp_moelayer ,Total cycles spent idle waiting for fwd finish: 94367
id: mlp_moelayer ,Total cycles spent idle waiting for weight grad finish: 0
id: mlp_moelayer ,Total cycles spent idle waiting for input grad finish: 94367
id: mlp_moelayer ,Total cycles spent on fwd pass comm: 94367
id: mlp_moelayer ,Total cycles spent on weight grad comm: 0
id: mlp_moelayer ,Total cycles spent on input grad comm: 94367
*******************
Layer id: attention_column
Total collectives issued for this layer: 1
*************************  Workload stats  ************************* attention_column
id: attention_column ,Total cycles spent on fwd pass compute: 1
id: attention_column ,Total cycles spent on weight grad compute: 1
id: attention_column ,Total cycles spent on input grad compute: 1
id: attention_column ,Total cycles spent idle waiting for fwd finish: 187574
id: attention_column ,Total cycles spent idle waiting for weight grad finish: 0
id: attention_column ,Total cycles spent idle waiting for input grad finish: 0
id: attention_column ,Total cycles spent on fwd pass comm: 187574
id: attention_column ,Total cycles spent on weight grad comm: 0
id: attention_column ,Total cycles spent on input grad comm: 0
*******************
Layer id: attention_row
Total collectives issued for this layer: 1
*************************  Workload stats  ************************* attention_row
id: attention_row ,Total cycles spent on fwd pass compute: 1
id: attention_row ,Total cycles spent on weight grad compute: 1
id: attention_row ,Total cycles spent on input grad compute: 1
id: attention_row ,Total cycles spent idle waiting for fwd finish: 187574
id: attention_row ,Total cycles spent idle waiting for weight grad finish: 0
id: attention_row ,Total cycles spent idle waiting for input grad finish: 0
id: attention_row ,Total cycles spent on fwd pass comm: 187574
id: attention_row ,Total cycles spent on weight grad comm: 0
id: attention_row ,Total cycles spent on input grad comm: 0
*******************
Layer id: mlp_moelayer
Total collectives issued for this layer: 2
*************************  Workload stats  ************************* mlp_moelayer
id: mlp_moelayer ,Total cycles spent on fwd pass compute: 1
id: mlp_moelayer ,Total cycles spent on weight grad compute: 1
id: mlp_moelayer ,Total cycles spent on input grad compute: 1
id: mlp_moelayer ,Total cycles spent idle waiting for fwd finish: 5820
id: mlp_moelayer ,Total cycles spent idle waiting for weight grad finish: 0
id: mlp_moelayer ,Total cycles spent idle waiting for input grad finish: 5820
id: mlp_moelayer ,Total cycles spent on fwd pass comm: 5820
id: mlp_moelayer ,Total cycles spent on weight grad comm: 0
id: mlp_moelayer ,Total cycles spent on input grad comm: 5820
*******************
Layer id: mlp_moelayer
Total collectives issued for this layer: 2
*************************  Workload stats  ************************* mlp_moelayer
id: mlp_moelayer ,Total cycles spent on fwd pass compute: 1
id: mlp_moelayer ,Total cycles spent on weight grad compute: 1
id: mlp_moelayer ,Total cycles spent on input grad compute: 1
id: mlp_moelayer ,Total cycles spent idle waiting for fwd finish: 94367
id: mlp_moelayer ,Total cycles spent idle waiting for weight grad finish: 0
id: mlp_moelayer ,Total cycles spent idle waiting for input grad finish: 94367
id: mlp_moelayer ,Total cycles spent on fwd pass comm: 94367
id: mlp_moelayer ,Total cycles spent on weight grad comm: 0
id: mlp_moelayer ,Total cycles spent on input grad comm: 94367
*******************
Layer id: mlp_moelayer
Total collectives issued for this layer: 2
*************************  Workload stats  ************************* mlp_moelayer
id: mlp_moelayer ,Total cycles spent on fwd pass compute: 1
id: mlp_moelayer ,Total cycles spent on weight grad compute: 1
id: mlp_moelayer ,Total cycles spent on input grad compute: 1
id: mlp_moelayer ,Total cycles spent idle waiting for fwd finish: 373987
id: mlp_moelayer ,Total cycles spent idle waiting for weight grad finish: 0
id: mlp_moelayer ,Total cycles spent idle waiting for input grad finish: 373987
id: mlp_moelayer ,Total cycles spent on fwd pass comm: 373987
id: mlp_moelayer ,Total cycles spent on weight grad comm: 0
id: mlp_moelayer ,Total cycles spent on input grad comm: 373987
*******************
Layer id: mlp_moelayer
Total collectives issued for this layer: 2
*************************  Workload stats  ************************* mlp_moelayer
id: mlp_moelayer ,Total cycles spent on fwd pass compute: 1
id: mlp_moelayer ,Total cycles spent on weight grad compute: 1
id: mlp_moelayer ,Total cycles spent on input grad compute: 1
id: mlp_moelayer ,Total cycles spent idle waiting for fwd finish: 373986
id: mlp_moelayer ,Total cycles spent idle waiting for weight grad finish: 0
id: mlp_moelayer ,Total cycles spent idle waiting for input grad finish: 746814
id: mlp_moelayer ,Total cycles spent on fwd pass comm: 373986
id: mlp_moelayer ,Total cycles spent on weight grad comm: 0
id: mlp_moelayer ,Total cycles spent on input grad comm: 746814
*******************
Layer id: mlp_moelayer
Total collectives issued for this layer: 2
*************************  Workload stats  ************************* mlp_moelayer
id: mlp_moelayer ,Total cycles spent on fwd pass compute: 1
id: mlp_moelayer ,Total cycles spent on weight grad compute: 1
id: mlp_moelayer ,Total cycles spent on input grad compute: 1
id: mlp_moelayer ,Total cycles spent idle waiting for fwd finish: 373986
id: mlp_moelayer ,Total cycles spent idle waiting for weight grad finish: 0
id: mlp_moelayer ,Total cycles spent idle waiting for input grad finish: 373986
id: mlp_moelayer ,Total cycles spent on fwd pass comm: 373986
id: mlp_moelayer ,Total cycles spent on weight grad comm: 0
id: mlp_moelayer ,Total cycles spent on input grad comm: 373986
*******************
Layer id: mlp_moelayer
Total collectives issued for this layer: 2
*************************  Workload stats  ************************* mlp_moelayer
id: mlp_moelayer ,Total cycles spent on fwd pass compute: 1
id: mlp_moelayer ,Total cycles spent on weight grad compute: 1
id: mlp_moelayer ,Total cycles spent on input grad compute: 1
id: mlp_moelayer ,Total cycles spent idle waiting for fwd finish: 373987
id: mlp_moelayer ,Total cycles spent idle waiting for weight grad finish: 0
id: mlp_moelayer ,Total cycles spent idle waiting for input grad finish: 373987
id: mlp_moelayer ,Total cycles spent on fwd pass comm: 373987
id: mlp_moelayer ,Total cycles spent on weight grad comm: 0
id: mlp_moelayer ,Total cycles spent on input grad comm: 373987
*******************
Layer id: mlp_moelayer
Total collectives issued for this layer: 2
*************************  Workload stats  ************************* mlp_moelayer
id: mlp_moelayer ,Total cycles spent on fwd pass compute: 1
id: mlp_moelayer ,Total cycles spent on weight grad compute: 1
id: mlp_moelayer ,Total cycles spent on input grad compute: 1
id: mlp_moelayer ,Total cycles spent idle waiting for fwd finish: 94367
id: mlp_moelayer ,Total cycles spent idle waiting for weight grad finish: 0
id: mlp_moelayer ,Total cycles spent idle waiting for input grad finish: 94367
id: mlp_moelayer ,Total cycles spent on fwd pass comm: 94367
id: mlp_moelayer ,Total cycles spent on weight grad comm: 0
id: mlp_moelayer ,Total cycles spent on input grad comm: 94367
*******************
Layer id: attention_column
Total collectives issued for this layer: 1
*************************  Workload stats  ************************* attention_column
id: attention_column ,Total cycles spent on fwd pass compute: 1
id: attention_column ,Total cycles spent on weight grad compute: 1
id: attention_column ,Total cycles spent on input grad compute: 1
id: attention_column ,Total cycles spent idle waiting for fwd finish: 187574
id: attention_column ,Total cycles spent idle waiting for weight grad finish: 0
id: attention_column ,Total cycles spent idle waiting for input grad finish: 0
id: attention_column ,Total cycles spent on fwd pass comm: 187574
id: attention_column ,Total cycles spent on weight grad comm: 0
id: attention_column ,Total cycles spent on input grad comm: 0
*******************
Layer id: attention_row
Total collectives issued for this layer: 1
*************************  Workload stats  ************************* attention_row
id: attention_row ,Total cycles spent on fwd pass compute: 1
id: attention_row ,Total cycles spent on weight grad compute: 1
id: attention_row ,Total cycles spent on input grad compute: 1
id: attention_row ,Total cycles spent idle waiting for fwd finish: 187574
id: attention_row ,Total cycles spent idle waiting for weight grad finish: 0
id: attention_row ,Total cycles spent idle waiting for input grad finish: 0
id: attention_row ,Total cycles spent on fwd pass comm: 187574
id: attention_row ,Total cycles spent on weight grad comm: 0
id: attention_row ,Total cycles spent on input grad comm: 0
*******************
Layer id: mlp_moelayer
Total collectives issued for this layer: 2
*************************  Workload stats  ************************* mlp_moelayer
id: mlp_moelayer ,Total cycles spent on fwd pass compute: 1
id: mlp_moelayer ,Total cycles spent on weight grad compute: 1
id: mlp_moelayer ,Total cycles spent on input grad compute: 1
id: mlp_moelayer ,Total cycles spent idle waiting for fwd finish: 5820
id: mlp_moelayer ,Total cycles spent idle waiting for weight grad finish: 0
id: mlp_moelayer ,Total cycles spent idle waiting for input grad finish: 5820
id: mlp_moelayer ,Total cycles spent on fwd pass comm: 5820
id: mlp_moelayer ,Total cycles spent on weight grad comm: 0
id: mlp_moelayer ,Total cycles spent on input grad comm: 5820
*******************
Layer id: mlp_moelayer
Total collectives issued for this layer: 2
*************************  Workload stats  ************************* mlp_moelayer
id: mlp_moelayer ,Total cycles spent on fwd pass compute: 1
id: mlp_moelayer ,Total cycles spent on weight grad compute: 1
id: mlp_moelayer ,Total cycles spent on input grad compute: 1
id: mlp_moelayer ,Total cycles spent idle waiting for fwd finish: 94367
id: mlp_moelayer ,Total cycles spent idle waiting for weight grad finish: 0
id: mlp_moelayer ,Total cycles spent idle waiting for input grad finish: 94367
id: mlp_moelayer ,Total cycles spent on fwd pass comm: 94367
id: mlp_moelayer ,Total cycles spent on weight grad comm: 0
id: mlp_moelayer ,Total cycles spent on input grad comm: 94367
*******************
Layer id: mlp_moelayer
Total collectives issued for this layer: 2
*************************  Workload stats  ************************* mlp_moelayer
id: mlp_moelayer ,Total cycles spent on fwd pass compute: 1
id: mlp_moelayer ,Total cycles spent on weight grad compute: 1
id: mlp_moelayer ,Total cycles spent on input grad compute: 1
id: mlp_moelayer ,Total cycles spent idle waiting for fwd finish: 373987
id: mlp_moelayer ,Total cycles spent idle waiting for weight grad finish: 0
id: mlp_moelayer ,Total cycles spent idle waiting for input grad finish: 373987
id: mlp_moelayer ,Total cycles spent on fwd pass comm: 373987
id: mlp_moelayer ,Total cycles spent on weight grad comm: 0
id: mlp_moelayer ,Total cycles spent on input grad comm: 373987
*******************
Layer id: mlp_moelayer
Total collectives issued for this layer: 2
*************************  Workload stats  ************************* mlp_moelayer
id: mlp_moelayer ,Total cycles spent on fwd pass compute: 1
id: mlp_moelayer ,Total cycles spent on weight grad compute: 1
id: mlp_moelayer ,Total cycles spent on input grad compute: 1
id: mlp_moelayer ,Total cycles spent idle waiting for fwd finish: 373986
id: mlp_moelayer ,Total cycles spent idle waiting for weight grad finish: 0
id: mlp_moelayer ,Total cycles spent idle waiting for input grad finish: 746814
id: mlp_moelayer ,Total cycles spent on fwd pass comm: 373986
id: mlp_moelayer ,Total cycles spent on weight grad comm: 0
id: mlp_moelayer ,Total cycles spent on input grad comm: 746814
*******************
Layer id: mlp_moelayer
Total collectives issued for this layer: 2
*************************  Workload stats  ************************* mlp_moelayer
id: mlp_moelayer ,Total cycles spent on fwd pass compute: 1
id: mlp_moelayer ,Total cycles spent on weight grad compute: 1
id: mlp_moelayer ,Total cycles spent on input grad compute: 1
id: mlp_moelayer ,Total cycles spent idle waiting for fwd finish: 373986
id: mlp_moelayer ,Total cycles spent idle waiting for weight grad finish: 0
id: mlp_moelayer ,Total cycles spent idle waiting for input grad finish: 373986
id: mlp_moelayer ,Total cycles spent on fwd pass comm: 373986
id: mlp_moelayer ,Total cycles spent on weight grad comm: 0
id: mlp_moelayer ,Total cycles spent on input grad comm: 373986
*******************
Layer id: mlp_moelayer
Total collectives issued for this layer: 2
*************************  Workload stats  ************************* mlp_moelayer
id: mlp_moelayer ,Total cycles spent on fwd pass compute: 1
id: mlp_moelayer ,Total cycles spent on weight grad compute: 1
id: mlp_moelayer ,Total cycles spent on input grad compute: 1
id: mlp_moelayer ,Total cycles spent idle waiting for fwd finish: 373987
id: mlp_moelayer ,Total cycles spent idle waiting for weight grad finish: 0
id: mlp_moelayer ,Total cycles spent idle waiting for input grad finish: 373987
id: mlp_moelayer ,Total cycles spent on fwd pass comm: 373987
id: mlp_moelayer ,Total cycles spent on weight grad comm: 0
id: mlp_moelayer ,Total cycles spent on input grad comm: 373987
*******************
Layer id: mlp_moelayer
Total collectives issued for this layer: 2
*************************  Workload stats  ************************* mlp_moelayer
id: mlp_moelayer ,Total cycles spent on fwd pass compute: 1
id: mlp_moelayer ,Total cycles spent on weight grad compute: 1
id: mlp_moelayer ,Total cycles spent on input grad compute: 1
id: mlp_moelayer ,Total cycles spent idle waiting for fwd finish: 94367
id: mlp_moelayer ,Total cycles spent idle waiting for weight grad finish: 0
id: mlp_moelayer ,Total cycles spent idle waiting for input grad finish: 94367
id: mlp_moelayer ,Total cycles spent on fwd pass comm: 94367
id: mlp_moelayer ,Total cycles spent on weight grad comm: 0
id: mlp_moelayer ,Total cycles spent on input grad comm: 94367
*******************
Layer id: attention_column
Total collectives issued for this layer: 1
*************************  Workload stats  ************************* attention_column
id: attention_column ,Total cycles spent on fwd pass compute: 1
id: attention_column ,Total cycles spent on weight grad compute: 1
id: attention_column ,Total cycles spent on input grad compute: 1
id: attention_column ,Total cycles spent idle waiting for fwd finish: 187574
id: attention_column ,Total cycles spent idle waiting for weight grad finish: 0
id: attention_column ,Total cycles spent idle waiting for input grad finish: 0
id: attention_column ,Total cycles spent on fwd pass comm: 187574
id: attention_column ,Total cycles spent on weight grad comm: 0
id: attention_column ,Total cycles spent on input grad comm: 0
*******************
Layer id: attention_row
Total collectives issued for this layer: 1
*************************  Workload stats  ************************* attention_row
id: attention_row ,Total cycles spent on fwd pass compute: 1
id: attention_row ,Total cycles spent on weight grad compute: 1
id: attention_row ,Total cycles spent on input grad compute: 1
id: attention_row ,Total cycles spent idle waiting for fwd finish: 187574
id: attention_row ,Total cycles spent idle waiting for weight grad finish: 0
id: attention_row ,Total cycles spent idle waiting for input grad finish: 0
id: attention_row ,Total cycles spent on fwd pass comm: 187574
id: attention_row ,Total cycles spent on weight grad comm: 0
id: attention_row ,Total cycles spent on input grad comm: 0
*******************
Layer id: mlp_moelayer
Total collectives issued for this layer: 2
*************************  Workload stats  ************************* mlp_moelayer
id: mlp_moelayer ,Total cycles spent on fwd pass compute: 1
id: mlp_moelayer ,Total cycles spent on weight grad compute: 1
id: mlp_moelayer ,Total cycles spent on input grad compute: 1
id: mlp_moelayer ,Total cycles spent idle waiting for fwd finish: 5820
id: mlp_moelayer ,Total cycles spent idle waiting for weight grad finish: 0
id: mlp_moelayer ,Total cycles spent idle waiting for input grad finish: 5820
id: mlp_moelayer ,Total cycles spent on fwd pass comm: 5820
id: mlp_moelayer ,Total cycles spent on weight grad comm: 0
id: mlp_moelayer ,Total cycles spent on input grad comm: 5820
*******************
Layer id: mlp_moelayer
Total collectives issued for this layer: 2
*************************  Workload stats  ************************* mlp_moelayer
id: mlp_moelayer ,Total cycles spent on fwd pass compute: 1
id: mlp_moelayer ,Total cycles spent on weight grad compute: 1
id: mlp_moelayer ,Total cycles spent on input grad compute: 1
id: mlp_moelayer ,Total cycles spent idle waiting for fwd finish: 94367
id: mlp_moelayer ,Total cycles spent idle waiting for weight grad finish: 0
id: mlp_moelayer ,Total cycles spent idle waiting for input grad finish: 94367
id: mlp_moelayer ,Total cycles spent on fwd pass comm: 94367
id: mlp_moelayer ,Total cycles spent on weight grad comm: 0
id: mlp_moelayer ,Total cycles spent on input grad comm: 94367
*******************
Layer id: mlp_moelayer
Total collectives issued for this layer: 2
*************************  Workload stats  ************************* mlp_moelayer
id: mlp_moelayer ,Total cycles spent on fwd pass compute: 1
id: mlp_moelayer ,Total cycles spent on weight grad compute: 1
id: mlp_moelayer ,Total cycles spent on input grad compute: 1
id: mlp_moelayer ,Total cycles spent idle waiting for fwd finish: 373987
id: mlp_moelayer ,Total cycles spent idle waiting for weight grad finish: 0
id: mlp_moelayer ,Total cycles spent idle waiting for input grad finish: 373987
id: mlp_moelayer ,Total cycles spent on fwd pass comm: 373987
id: mlp_moelayer ,Total cycles spent on weight grad comm: 0
id: mlp_moelayer ,Total cycles spent on input grad comm: 373987
*******************
Layer id: mlp_moelayer
Total collectives issued for this layer: 2
*************************  Workload stats  ************************* mlp_moelayer
id: mlp_moelayer ,Total cycles spent on fwd pass compute: 1
id: mlp_moelayer ,Total cycles spent on weight grad compute: 1
id: mlp_moelayer ,Total cycles spent on input grad compute: 1
id: mlp_moelayer ,Total cycles spent idle waiting for fwd finish: 373986
id: mlp_moelayer ,Total cycles spent idle waiting for weight grad finish: 0
id: mlp_moelayer ,Total cycles spent idle waiting for input grad finish: 746814
id: mlp_moelayer ,Total cycles spent on fwd pass comm: 373986
id: mlp_moelayer ,Total cycles spent on weight grad comm: 0
id: mlp_moelayer ,Total cycles spent on input grad comm: 746814
*******************
Layer id: mlp_moelayer
Total collectives issued for this layer: 2
*************************  Workload stats  ************************* mlp_moelayer
id: mlp_moelayer ,Total cycles spent on fwd pass compute: 1
id: mlp_moelayer ,Total cycles spent on weight grad compute: 1
id: mlp_moelayer ,Total cycles spent on input grad compute: 1
id: mlp_moelayer ,Total cycles spent idle waiting for fwd finish: 373986
id: mlp_moelayer ,Total cycles spent idle waiting for weight grad finish: 0
id: mlp_moelayer ,Total cycles spent idle waiting for input grad finish: 373986
id: mlp_moelayer ,Total cycles spent on fwd pass comm: 373986
id: mlp_moelayer ,Total cycles spent on weight grad comm: 0
id: mlp_moelayer ,Total cycles spent on input grad comm: 373986
*******************
Layer id: mlp_moelayer
Total collectives issued for this layer: 2
*************************  Workload stats  ************************* mlp_moelayer
id: mlp_moelayer ,Total cycles spent on fwd pass compute: 1
id: mlp_moelayer ,Total cycles spent on weight grad compute: 1
id: mlp_moelayer ,Total cycles spent on input grad compute: 1
id: mlp_moelayer ,Total cycles spent idle waiting for fwd finish: 373987
id: mlp_moelayer ,Total cycles spent idle waiting for weight grad finish: 0
id: mlp_moelayer ,Total cycles spent idle waiting for input grad finish: 373987
id: mlp_moelayer ,Total cycles spent on fwd pass comm: 373987
id: mlp_moelayer ,Total cycles spent on weight grad comm: 0
id: mlp_moelayer ,Total cycles spent on input grad comm: 373987
*******************
Layer id: mlp_moelayer
Total collectives issued for this layer: 2
*************************  Workload stats  ************************* mlp_moelayer
id: mlp_moelayer ,Total cycles spent on fwd pass compute: 1
id: mlp_moelayer ,Total cycles spent on weight grad compute: 1
id: mlp_moelayer ,Total cycles spent on input grad compute: 1
id: mlp_moelayer ,Total cycles spent idle waiting for fwd finish: 94367
id: mlp_moelayer ,Total cycles spent idle waiting for weight grad finish: 0
id: mlp_moelayer ,Total cycles spent idle waiting for input grad finish: 94367
id: mlp_moelayer ,Total cycles spent on fwd pass comm: 94367
id: mlp_moelayer ,Total cycles spent on weight grad comm: 0
id: mlp_moelayer ,Total cycles spent on input grad comm: 94367
*******************
Layer id: attention_column
Total collectives issued for this layer: 1
*************************  Workload stats  ************************* attention_column
id: attention_column ,Total cycles spent on fwd pass compute: 1
id: attention_column ,Total cycles spent on weight grad compute: 1
id: attention_column ,Total cycles spent on input grad compute: 1
id: attention_column ,Total cycles spent idle waiting for fwd finish: 187574
id: attention_column ,Total cycles spent idle waiting for weight grad finish: 0
id: attention_column ,Total cycles spent idle waiting for input grad finish: 0
id: attention_column ,Total cycles spent on fwd pass comm: 187574
id: attention_column ,Total cycles spent on weight grad comm: 0
id: attention_column ,Total cycles spent on input grad comm: 0
*******************
Layer id: attention_row
Total collectives issued for this layer: 1
*************************  Workload stats  ************************* attention_row
id: attention_row ,Total cycles spent on fwd pass compute: 1
id: attention_row ,Total cycles spent on weight grad compute: 1
id: attention_row ,Total cycles spent on input grad compute: 1
id: attention_row ,Total cycles spent idle waiting for fwd finish: 187574
id: attention_row ,Total cycles spent idle waiting for weight grad finish: 0
id: attention_row ,Total cycles spent idle waiting for input grad finish: 0
id: attention_row ,Total cycles spent on fwd pass comm: 187574
id: attention_row ,Total cycles spent on weight grad comm: 0
id: attention_row ,Total cycles spent on input grad comm: 0
*******************
Layer id: mlp_moelayer
Total collectives issued for this layer: 2
*************************  Workload stats  ************************* mlp_moelayer
id: mlp_moelayer ,Total cycles spent on fwd pass compute: 1
id: mlp_moelayer ,Total cycles spent on weight grad compute: 1
id: mlp_moelayer ,Total cycles spent on input grad compute: 1
id: mlp_moelayer ,Total cycles spent idle waiting for fwd finish: 5820
id: mlp_moelayer ,Total cycles spent idle waiting for weight grad finish: 0
id: mlp_moelayer ,Total cycles spent idle waiting for input grad finish: 5820
id: mlp_moelayer ,Total cycles spent on fwd pass comm: 5820
id: mlp_moelayer ,Total cycles spent on weight grad comm: 0
id: mlp_moelayer ,Total cycles spent on input grad comm: 5820
*******************
Layer id: mlp_moelayer
Total collectives issued for this layer: 2
*************************  Workload stats  ************************* mlp_moelayer
id: mlp_moelayer ,Total cycles spent on fwd pass compute: 1
id: mlp_moelayer ,Total cycles spent on weight grad compute: 1
id: mlp_moelayer ,Total cycles spent on input grad compute: 1
id: mlp_moelayer ,Total cycles spent idle waiting for fwd finish: 94367
id: mlp_moelayer ,Total cycles spent idle waiting for weight grad finish: 0
id: mlp_moelayer ,Total cycles spent idle waiting for input grad finish: 94367
id: mlp_moelayer ,Total cycles spent on fwd pass comm: 94367
id: mlp_moelayer ,Total cycles spent on weight grad comm: 0
id: mlp_moelayer ,Total cycles spent on input grad comm: 94367
*******************
Layer id: mlp_moelayer
Total collectives issued for this layer: 2
*************************  Workload stats  ************************* mlp_moelayer
id: mlp_moelayer ,Total cycles spent on fwd pass compute: 1
id: mlp_moelayer ,Total cycles spent on weight grad compute: 1
id: mlp_moelayer ,Total cycles spent on input grad compute: 1
id: mlp_moelayer ,Total cycles spent idle waiting for fwd finish: 373987
id: mlp_moelayer ,Total cycles spent idle waiting for weight grad finish: 0
id: mlp_moelayer ,Total cycles spent idle waiting for input grad finish: 373987
id: mlp_moelayer ,Total cycles spent on fwd pass comm: 373987
id: mlp_moelayer ,Total cycles spent on weight grad comm: 0
id: mlp_moelayer ,Total cycles spent on input grad comm: 373987
*******************
Layer id: mlp_moelayer
Total collectives issued for this layer: 2
*************************  Workload stats  ************************* mlp_moelayer
id: mlp_moelayer ,Total cycles spent on fwd pass compute: 1
id: mlp_moelayer ,Total cycles spent on weight grad compute: 1
id: mlp_moelayer ,Total cycles spent on input grad compute: 1
id: mlp_moelayer ,Total cycles spent idle waiting for fwd finish: 373986
id: mlp_moelayer ,Total cycles spent idle waiting for weight grad finish: 0
id: mlp_moelayer ,Total cycles spent idle waiting for input grad finish: 746814
id: mlp_moelayer ,Total cycles spent on fwd pass comm: 373986
id: mlp_moelayer ,Total cycles spent on weight grad comm: 0
id: mlp_moelayer ,Total cycles spent on input grad comm: 746814
*******************
Layer id: mlp_moelayer
Total collectives issued for this layer: 2
*************************  Workload stats  ************************* mlp_moelayer
id: mlp_moelayer ,Total cycles spent on fwd pass compute: 1
id: mlp_moelayer ,Total cycles spent on weight grad compute: 1
id: mlp_moelayer ,Total cycles spent on input grad compute: 1
id: mlp_moelayer ,Total cycles spent idle waiting for fwd finish: 373986
id: mlp_moelayer ,Total cycles spent idle waiting for weight grad finish: 0
id: mlp_moelayer ,Total cycles spent idle waiting for input grad finish: 373986
id: mlp_moelayer ,Total cycles spent on fwd pass comm: 373986
id: mlp_moelayer ,Total cycles spent on weight grad comm: 0
id: mlp_moelayer ,Total cycles spent on input grad comm: 373986
*******************
Layer id: mlp_moelayer
Total collectives issued for this layer: 2
*************************  Workload stats  ************************* mlp_moelayer
id: mlp_moelayer ,Total cycles spent on fwd pass compute: 1
id: mlp_moelayer ,Total cycles spent on weight grad compute: 1
id: mlp_moelayer ,Total cycles spent on input grad compute: 1
id: mlp_moelayer ,Total cycles spent idle waiting for fwd finish: 373987
id: mlp_moelayer ,Total cycles spent idle waiting for weight grad finish: 0
id: mlp_moelayer ,Total cycles spent idle waiting for input grad finish: 373987
id: mlp_moelayer ,Total cycles spent on fwd pass comm: 373987
id: mlp_moelayer ,Total cycles spent on weight grad comm: 0
id: mlp_moelayer ,Total cycles spent on input grad comm: 373987
*******************
Layer id: mlp_moelayer
Total collectives issued for this layer: 2
*************************  Workload stats  ************************* mlp_moelayer
id: mlp_moelayer ,Total cycles spent on fwd pass compute: 1
id: mlp_moelayer ,Total cycles spent on weight grad compute: 1
id: mlp_moelayer ,Total cycles spent on input grad compute: 1
id: mlp_moelayer ,Total cycles spent idle waiting for fwd finish: 94367
id: mlp_moelayer ,Total cycles spent idle waiting for weight grad finish: 0
id: mlp_moelayer ,Total cycles spent idle waiting for input grad finish: 94367
id: mlp_moelayer ,Total cycles spent on fwd pass comm: 94367
id: mlp_moelayer ,Total cycles spent on weight grad comm: 0
id: mlp_moelayer ,Total cycles spent on input grad comm: 94367
*******************
Layer id: attention_column
Total collectives issued for this layer: 1
*************************  Workload stats  ************************* attention_column
id: attention_column ,Total cycles spent on fwd pass compute: 1
id: attention_column ,Total cycles spent on weight grad compute: 1
id: attention_column ,Total cycles spent on input grad compute: 1
id: attention_column ,Total cycles spent idle waiting for fwd finish: 187574
id: attention_column ,Total cycles spent idle waiting for weight grad finish: 0
id: attention_column ,Total cycles spent idle waiting for input grad finish: 0
id: attention_column ,Total cycles spent on fwd pass comm: 187574
id: attention_column ,Total cycles spent on weight grad comm: 0
id: attention_column ,Total cycles spent on input grad comm: 0
*******************
Layer id: attention_row
Total collectives issued for this layer: 1
*************************  Workload stats  ************************* attention_row
id: attention_row ,Total cycles spent on fwd pass compute: 1
id: attention_row ,Total cycles spent on weight grad compute: 1
id: attention_row ,Total cycles spent on input grad compute: 1
id: attention_row ,Total cycles spent idle waiting for fwd finish: 187574
id: attention_row ,Total cycles spent idle waiting for weight grad finish: 0
id: attention_row ,Total cycles spent idle waiting for input grad finish: 0
id: attention_row ,Total cycles spent on fwd pass comm: 187574
id: attention_row ,Total cycles spent on weight grad comm: 0
id: attention_row ,Total cycles spent on input grad comm: 0
*******************
Layer id: mlp_moelayer
Total collectives issued for this layer: 2
*************************  Workload stats  ************************* mlp_moelayer
id: mlp_moelayer ,Total cycles spent on fwd pass compute: 1
id: mlp_moelayer ,Total cycles spent on weight grad compute: 1
id: mlp_moelayer ,Total cycles spent on input grad compute: 1
id: mlp_moelayer ,Total cycles spent idle waiting for fwd finish: 5820
id: mlp_moelayer ,Total cycles spent idle waiting for weight grad finish: 0
id: mlp_moelayer ,Total cycles spent idle waiting for input grad finish: 5820
id: mlp_moelayer ,Total cycles spent on fwd pass comm: 5820
id: mlp_moelayer ,Total cycles spent on weight grad comm: 0
id: mlp_moelayer ,Total cycles spent on input grad comm: 5820
*******************
Layer id: mlp_moelayer
Total collectives issued for this layer: 2
*************************  Workload stats  ************************* mlp_moelayer
id: mlp_moelayer ,Total cycles spent on fwd pass compute: 1
id: mlp_moelayer ,Total cycles spent on weight grad compute: 1
id: mlp_moelayer ,Total cycles spent on input grad compute: 1
id: mlp_moelayer ,Total cycles spent idle waiting for fwd finish: 94367
id: mlp_moelayer ,Total cycles spent idle waiting for weight grad finish: 0
id: mlp_moelayer ,Total cycles spent idle waiting for input grad finish: 94367
id: mlp_moelayer ,Total cycles spent on fwd pass comm: 94367
id: mlp_moelayer ,Total cycles spent on weight grad comm: 0
id: mlp_moelayer ,Total cycles spent on input grad comm: 94367
*******************
Layer id: mlp_moelayer
Total collectives issued for this layer: 2
*************************  Workload stats  ************************* mlp_moelayer
id: mlp_moelayer ,Total cycles spent on fwd pass compute: 1
id: mlp_moelayer ,Total cycles spent on weight grad compute: 1
id: mlp_moelayer ,Total cycles spent on input grad compute: 1
id: mlp_moelayer ,Total cycles spent idle waiting for fwd finish: 373987
id: mlp_moelayer ,Total cycles spent idle waiting for weight grad finish: 0
id: mlp_moelayer ,Total cycles spent idle waiting for input grad finish: 373987
id: mlp_moelayer ,Total cycles spent on fwd pass comm: 373987
id: mlp_moelayer ,Total cycles spent on weight grad comm: 0
id: mlp_moelayer ,Total cycles spent on input grad comm: 373987
*******************
Layer id: mlp_moelayer
Total collectives issued for this layer: 2
*************************  Workload stats  ************************* mlp_moelayer
id: mlp_moelayer ,Total cycles spent on fwd pass compute: 1
id: mlp_moelayer ,Total cycles spent on weight grad compute: 1
id: mlp_moelayer ,Total cycles spent on input grad compute: 1
id: mlp_moelayer ,Total cycles spent idle waiting for fwd finish: 373986
id: mlp_moelayer ,Total cycles spent idle waiting for weight grad finish: 0
id: mlp_moelayer ,Total cycles spent idle waiting for input grad finish: 746814
id: mlp_moelayer ,Total cycles spent on fwd pass comm: 373986
id: mlp_moelayer ,Total cycles spent on weight grad comm: 0
id: mlp_moelayer ,Total cycles spent on input grad comm: 746814
*******************
Layer id: mlp_moelayer
Total collectives issued for this layer: 2
*************************  Workload stats  ************************* mlp_moelayer
id: mlp_moelayer ,Total cycles spent on fwd pass compute: 1
id: mlp_moelayer ,Total cycles spent on weight grad compute: 1
id: mlp_moelayer ,Total cycles spent on input grad compute: 1
id: mlp_moelayer ,Total cycles spent idle waiting for fwd finish: 373986
id: mlp_moelayer ,Total cycles spent idle waiting for weight grad finish: 0
id: mlp_moelayer ,Total cycles spent idle waiting for input grad finish: 373986
id: mlp_moelayer ,Total cycles spent on fwd pass comm: 373986
id: mlp_moelayer ,Total cycles spent on weight grad comm: 0
id: mlp_moelayer ,Total cycles spent on input grad comm: 373986
*******************
Layer id: mlp_moelayer
Total collectives issued for this layer: 2
*************************  Workload stats  ************************* mlp_moelayer
id: mlp_moelayer ,Total cycles spent on fwd pass compute: 1
id: mlp_moelayer ,Total cycles spent on weight grad compute: 1
id: mlp_moelayer ,Total cycles spent on input grad compute: 1
id: mlp_moelayer ,Total cycles spent idle waiting for fwd finish: 373987
id: mlp_moelayer ,Total cycles spent idle waiting for weight grad finish: 0
id: mlp_moelayer ,Total cycles spent idle waiting for input grad finish: 373987
id: mlp_moelayer ,Total cycles spent on fwd pass comm: 373987
id: mlp_moelayer ,Total cycles spent on weight grad comm: 0
id: mlp_moelayer ,Total cycles spent on input grad comm: 373987
*******************
Layer id: mlp_moelayer
Total collectives issued for this layer: 2
*************************  Workload stats  ************************* mlp_moelayer
id: mlp_moelayer ,Total cycles spent on fwd pass compute: 1
id: mlp_moelayer ,Total cycles spent on weight grad compute: 1
id: mlp_moelayer ,Total cycles spent on input grad compute: 1
id: mlp_moelayer ,Total cycles spent idle waiting for fwd finish: 94367
id: mlp_moelayer ,Total cycles spent idle waiting for weight grad finish: 0
id: mlp_moelayer ,Total cycles spent idle waiting for input grad finish: 94367
id: mlp_moelayer ,Total cycles spent on fwd pass comm: 94367
id: mlp_moelayer ,Total cycles spent on weight grad comm: 0
id: mlp_moelayer ,Total cycles spent on input grad comm: 94367
*******************
Layer id: attention_column
Total collectives issued for this layer: 1
*************************  Workload stats  ************************* attention_column
id: attention_column ,Total cycles spent on fwd pass compute: 1
id: attention_column ,Total cycles spent on weight grad compute: 1
id: attention_column ,Total cycles spent on input grad compute: 1
id: attention_column ,Total cycles spent idle waiting for fwd finish: 187574
id: attention_column ,Total cycles spent idle waiting for weight grad finish: 0
id: attention_column ,Total cycles spent idle waiting for input grad finish: 0
id: attention_column ,Total cycles spent on fwd pass comm: 187574
id: attention_column ,Total cycles spent on weight grad comm: 0
id: attention_column ,Total cycles spent on input grad comm: 0
*******************
Layer id: attention_row
Total collectives issued for this layer: 1
*************************  Workload stats  ************************* attention_row
id: attention_row ,Total cycles spent on fwd pass compute: 1
id: attention_row ,Total cycles spent on weight grad compute: 1
id: attention_row ,Total cycles spent on input grad compute: 1
id: attention_row ,Total cycles spent idle waiting for fwd finish: 187574
id: attention_row ,Total cycles spent idle waiting for weight grad finish: 0
id: attention_row ,Total cycles spent idle waiting for input grad finish: 0
id: attention_row ,Total cycles spent on fwd pass comm: 187574
id: attention_row ,Total cycles spent on weight grad comm: 0
id: attention_row ,Total cycles spent on input grad comm: 0
*******************
Layer id: mlp_moelayer
Total collectives issued for this layer: 2
*************************  Workload stats  ************************* mlp_moelayer
id: mlp_moelayer ,Total cycles spent on fwd pass compute: 1
id: mlp_moelayer ,Total cycles spent on weight grad compute: 1
id: mlp_moelayer ,Total cycles spent on input grad compute: 1
id: mlp_moelayer ,Total cycles spent idle waiting for fwd finish: 5820
id: mlp_moelayer ,Total cycles spent idle waiting for weight grad finish: 0
id: mlp_moelayer ,Total cycles spent idle waiting for input grad finish: 5820
id: mlp_moelayer ,Total cycles spent on fwd pass comm: 5820
id: mlp_moelayer ,Total cycles spent on weight grad comm: 0
id: mlp_moelayer ,Total cycles spent on input grad comm: 5820
*******************
Layer id: mlp_moelayer
Total collectives issued for this layer: 2
*************************  Workload stats  ************************* mlp_moelayer
id: mlp_moelayer ,Total cycles spent on fwd pass compute: 1
id: mlp_moelayer ,Total cycles spent on weight grad compute: 1
id: mlp_moelayer ,Total cycles spent on input grad compute: 1
id: mlp_moelayer ,Total cycles spent idle waiting for fwd finish: 94367
id: mlp_moelayer ,Total cycles spent idle waiting for weight grad finish: 0
id: mlp_moelayer ,Total cycles spent idle waiting for input grad finish: 94367
id: mlp_moelayer ,Total cycles spent on fwd pass comm: 94367
id: mlp_moelayer ,Total cycles spent on weight grad comm: 0
id: mlp_moelayer ,Total cycles spent on input grad comm: 94367
*******************
Layer id: mlp_moelayer
Total collectives issued for this layer: 2
*************************  Workload stats  ************************* mlp_moelayer
id: mlp_moelayer ,Total cycles spent on fwd pass compute: 1
id: mlp_moelayer ,Total cycles spent on weight grad compute: 1
id: mlp_moelayer ,Total cycles spent on input grad compute: 1
id: mlp_moelayer ,Total cycles spent idle waiting for fwd finish: 373987
id: mlp_moelayer ,Total cycles spent idle waiting for weight grad finish: 0
id: mlp_moelayer ,Total cycles spent idle waiting for input grad finish: 373987
id: mlp_moelayer ,Total cycles spent on fwd pass comm: 373987
id: mlp_moelayer ,Total cycles spent on weight grad comm: 0
id: mlp_moelayer ,Total cycles spent on input grad comm: 373987
*******************
Layer id: mlp_moelayer
Total collectives issued for this layer: 2
*************************  Workload stats  ************************* mlp_moelayer
id: mlp_moelayer ,Total cycles spent on fwd pass compute: 1
id: mlp_moelayer ,Total cycles spent on weight grad compute: 1
id: mlp_moelayer ,Total cycles spent on input grad compute: 1
id: mlp_moelayer ,Total cycles spent idle waiting for fwd finish: 373986
id: mlp_moelayer ,Total cycles spent idle waiting for weight grad finish: 0
id: mlp_moelayer ,Total cycles spent idle waiting for input grad finish: 746814
id: mlp_moelayer ,Total cycles spent on fwd pass comm: 373986
id: mlp_moelayer ,Total cycles spent on weight grad comm: 0
id: mlp_moelayer ,Total cycles spent on input grad comm: 746814
*******************
Layer id: mlp_moelayer
Total collectives issued for this layer: 2
*************************  Workload stats  ************************* mlp_moelayer
id: mlp_moelayer ,Total cycles spent on fwd pass compute: 1
id: mlp_moelayer ,Total cycles spent on weight grad compute: 1
id: mlp_moelayer ,Total cycles spent on input grad compute: 1
id: mlp_moelayer ,Total cycles spent idle waiting for fwd finish: 373986
id: mlp_moelayer ,Total cycles spent idle waiting for weight grad finish: 0
id: mlp_moelayer ,Total cycles spent idle waiting for input grad finish: 373986
id: mlp_moelayer ,Total cycles spent on fwd pass comm: 373986
id: mlp_moelayer ,Total cycles spent on weight grad comm: 0
id: mlp_moelayer ,Total cycles spent on input grad comm: 373986
*******************
Layer id: mlp_moelayer
Total collectives issued for this layer: 2
*************************  Workload stats  ************************* mlp_moelayer
id: mlp_moelayer ,Total cycles spent on fwd pass compute: 1
id: mlp_moelayer ,Total cycles spent on weight grad compute: 1
id: mlp_moelayer ,Total cycles spent on input grad compute: 1
id: mlp_moelayer ,Total cycles spent idle waiting for fwd finish: 373987
id: mlp_moelayer ,Total cycles spent idle waiting for weight grad finish: 0
id: mlp_moelayer ,Total cycles spent idle waiting for input grad finish: 373987
id: mlp_moelayer ,Total cycles spent on fwd pass comm: 373987
id: mlp_moelayer ,Total cycles spent on weight grad comm: 0
id: mlp_moelayer ,Total cycles spent on input grad comm: 373987
*******************
Layer id: mlp_moelayer
Total collectives issued for this layer: 2
*************************  Workload stats  ************************* mlp_moelayer
id: mlp_moelayer ,Total cycles spent on fwd pass compute: 1
id: mlp_moelayer ,Total cycles spent on weight grad compute: 1
id: mlp_moelayer ,Total cycles spent on input grad compute: 1
id: mlp_moelayer ,Total cycles spent idle waiting for fwd finish: 94367
id: mlp_moelayer ,Total cycles spent idle waiting for weight grad finish: 0
id: mlp_moelayer ,Total cycles spent idle waiting for input grad finish: 94367
id: mlp_moelayer ,Total cycles spent on fwd pass comm: 94367
id: mlp_moelayer ,Total cycles spent on weight grad comm: 0
id: mlp_moelayer ,Total cycles spent on input grad comm: 94367
*******************
Layer id: final_column
Total collectives issued for this layer: 1
*************************  Workload stats  ************************* final_column
id: final_column ,Total cycles spent on fwd pass compute: 1
id: final_column ,Total cycles spent on weight grad compute: 1
id: final_column ,Total cycles spent on input grad compute: 1
id: final_column ,Total cycles spent idle waiting for fwd finish: 187574
id: final_column ,Total cycles spent idle waiting for weight grad finish: 0
id: final_column ,Total cycles spent idle waiting for input grad finish: 0
id: final_column ,Total cycles spent on fwd pass comm: 187574
id: final_column ,Total cycles spent on weight grad comm: 0
id: final_column ,Total cycles spent on input grad comm: 0
*******************
Layer id: embedding_norm
Total collectives issued for this layer: 1
*************************  Workload stats  ************************* embedding_norm
id: embedding_norm ,Total cycles spent on fwd pass compute: 1
id: embedding_norm ,Total cycles spent on weight grad compute: 1
id: embedding_norm ,Total cycles spent on input grad compute: 1
id: embedding_norm ,Total cycles spent idle waiting for fwd finish: 2914914
id: embedding_norm ,Total cycles spent idle waiting for weight grad finish: 0
id: embedding_norm ,Total cycles spent idle waiting for input grad finish: 0
id: embedding_norm ,Total cycles spent on fwd pass comm: 2914914
id: embedding_norm ,Total cycles spent on weight grad comm: 0
id: embedding_norm ,Total cycles spent on input grad comm: 0
*******************
Layer id: cross_entropy1
Total collectives issued for this layer: 1
*************************  Workload stats  ************************* cross_entropy1
id: cross_entropy1 ,Total cycles spent on fwd pass compute: 0
id: cross_entropy1 ,Total cycles spent on weight grad compute: 0
id: cross_entropy1 ,Total cycles spent on input grad compute: 0
id: cross_entropy1 ,Total cycles spent idle waiting for fwd finish: 2339
id: cross_entropy1 ,Total cycles spent idle waiting for weight grad finish: 0
id: cross_entropy1 ,Total cycles spent idle waiting for input grad finish: 0
id: cross_entropy1 ,Total cycles spent on fwd pass comm: 2339
id: cross_entropy1 ,Total cycles spent on weight grad comm: 0
id: cross_entropy1 ,Total cycles spent on input grad comm: 0
*******************
Layer id: cross_entropy2
Total collectives issued for this layer: 1
*************************  Workload stats  ************************* cross_entropy2
id: cross_entropy2 ,Total cycles spent on fwd pass compute: 0
id: cross_entropy2 ,Total cycles spent on weight grad compute: 0
id: cross_entropy2 ,Total cycles spent on input grad compute: 0
id: cross_entropy2 ,Total cycles spent idle waiting for fwd finish: 2339
id: cross_entropy2 ,Total cycles spent idle waiting for weight grad finish: 0
id: cross_entropy2 ,Total cycles spent idle waiting for input grad finish: 0
id: cross_entropy2 ,Total cycles spent on fwd pass comm: 2339
id: cross_entropy2 ,Total cycles spent on weight grad comm: 0
id: cross_entropy2 ,Total cycles spent on input grad comm: 0
*******************
Layer id: cross_entropy3
Total collectives issued for this layer: 1
*************************  Workload stats  ************************* cross_entropy3
id: cross_entropy3 ,Total cycles spent on fwd pass compute: 0
id: cross_entropy3 ,Total cycles spent on weight grad compute: 0
id: cross_entropy3 ,Total cycles spent on input grad compute: 0
id: cross_entropy3 ,Total cycles spent idle waiting for fwd finish: 2339
id: cross_entropy3 ,Total cycles spent idle waiting for weight grad finish: 0
id: cross_entropy3 ,Total cycles spent idle waiting for input grad finish: 0
id: cross_entropy3 ,Total cycles spent on fwd pass comm: 2339
id: cross_entropy3 ,Total cycles spent on weight grad comm: 0
id: cross_entropy3 ,Total cycles spent on input grad comm: 0
*******************
Layer id: optimizer1
Total collectives issued for this layer: 1
*************************  Workload stats  ************************* optimizer1
id: optimizer1 ,Total cycles spent on fwd pass compute: 0
id: optimizer1 ,Total cycles spent on weight grad compute: 0
id: optimizer1 ,Total cycles spent on input grad compute: 0
id: optimizer1 ,Total cycles spent idle waiting for fwd finish: 2247
id: optimizer1 ,Total cycles spent idle waiting for weight grad finish: 0
id: optimizer1 ,Total cycles spent idle waiting for input grad finish: 0
id: optimizer1 ,Total cycles spent on fwd pass comm: 2247
id: optimizer1 ,Total cycles spent on weight grad comm: 0
id: optimizer1 ,Total cycles spent on input grad comm: 0
*******************
Layer id: optimizer2
Total collectives issued for this layer: 1
*************************  Workload stats  ************************* optimizer2
id: optimizer2 ,Total cycles spent on fwd pass compute: 0
id: optimizer2 ,Total cycles spent on weight grad compute: 0
id: optimizer2 ,Total cycles spent on input grad compute: 0
id: optimizer2 ,Total cycles spent idle waiting for fwd finish: 2247
id: optimizer2 ,Total cycles spent idle waiting for weight grad finish: 0
id: optimizer2 ,Total cycles spent idle waiting for input grad finish: 0
id: optimizer2 ,Total cycles spent on fwd pass comm: 2247
id: optimizer2 ,Total cycles spent on weight grad comm: 0
id: optimizer2 ,Total cycles spent on input grad comm: 0
*******************
Layer id: optimizer3
Total collectives issued for this layer: 1
*************************  Workload stats  ************************* optimizer3
id: optimizer3 ,Total cycles spent on fwd pass compute: 0
id: optimizer3 ,Total cycles spent on weight grad compute: 0
id: optimizer3 ,Total cycles spent on input grad compute: 0
id: optimizer3 ,Total cycles spent idle waiting for fwd finish: 2247
id: optimizer3 ,Total cycles spent idle waiting for weight grad finish: 0
id: optimizer3 ,Total cycles spent idle waiting for input grad finish: 0
id: optimizer3 ,Total cycles spent on fwd pass comm: 2247
id: optimizer3 ,Total cycles spent on weight grad comm: 0
id: optimizer3 ,Total cycles spent on input grad comm: 0
*******************
Layer id: optimizer4
Total collectives issued for this layer: 1
*************************  Workload stats  ************************* optimizer4
id: optimizer4 ,Total cycles spent on fwd pass compute: 0
id: optimizer4 ,Total cycles spent on weight grad compute: 0
id: optimizer4 ,Total cycles spent on input grad compute: 0
id: optimizer4 ,Total cycles spent idle waiting for fwd finish: 2247
id: optimizer4 ,Total cycles spent idle waiting for weight grad finish: 0
id: optimizer4 ,Total cycles spent idle waiting for input grad finish: 0
id: optimizer4 ,Total cycles spent on fwd pass comm: 2247
id: optimizer4 ,Total cycles spent on weight grad comm: 0
id: optimizer4 ,Total cycles spent on input grad comm: 0
*************************
all passes finished at time: 166504581, id of first layer: grad_norm
path to create csvs is: ./ncclFlowModel_
success in openning file
DEBUG_SIM_END: Node 0 FINISH CONDITION MET - calling sim_finish!
Simulation completed: all workloads finished
DEBUG_SIM_END: Node 0 calling NI->sim_finish()
DEBUG_SIM_FINISH: Entering sim_finish() for rank 0
DEBUG_SIM_FINISH: nodeHash size: 128
DEBUG_SIM_FINISH: Printing per-node statistics:
All data sent from node 0 is 18695503872
All data received by node 0 is 18695503872
All data sent from node 1 is 18695503872
All data received by node 1 is 18695503872
All data sent from node 2 is 3586080768
All data received by node 2 is 3586080768
All data sent from node 3 is 3586080768
All data received by node 3 is 3586080768
All data sent from node 4 is 3586080768
All data received by node 4 is 3586080768
All data sent from node 5 is 3586080768
All data received by node 5 is 3586080768
All data sent from node 6 is 3586080768
All data received by node 6 is 3586080768
All data sent from node 7 is 3586080768
All data received by node 7 is 3586080768
All data sent from node 8 is 3586080768
All data received by node 8 is 3586080768
All data sent from node 9 is 3586080768
All data received by node 9 is 3586080768
All data sent from node 10 is 3586080768
All data received by node 10 is 3586080768
All data sent from node 11 is 3586080768
All data received by node 11 is 3586080768
All data sent from node 12 is 3586080768
All data received by node 12 is 3586080768
All data sent from node 13 is 3586080768
All data received by node 13 is 3586080768
All data sent from node 14 is 3586080768
All data received by node 14 is 3586080768
All data sent from node 15 is 3586080768
All data received by node 15 is 3586080768
All data sent from node 16 is 3586080768
All data received by node 16 is 3586080768
All data sent from node 17 is 3586080768
All data received by node 17 is 3586080768
All data sent from node 18 is 3586080768
All data received by node 18 is 3586080768
All data sent from node 19 is 3586080768
All data received by node 19 is 3586080768
All data sent from node 20 is 3586080768
All data received by node 20 is 3586080768
All data sent from node 21 is 3586080768
All data received by node 21 is 3586080768
All data sent from node 22 is 3586080768
All data received by node 22 is 3586080768
All data sent from node 23 is 3586080768
All data received by node 23 is 3586080768
All data sent from node 24 is 3586080768
All data received by node 24 is 3586080768
All data sent from node 25 is 3586080768
All data received by node 25 is 3586080768
All data sent from node 26 is 3586080768
All data received by node 26 is 3586080768
All data sent from node 27 is 3586080768
All data received by node 27 is 3586080768
All data sent from node 28 is 3586080768
All data received by node 28 is 3586080768
All data sent from node 29 is 3586080768
All data received by node 29 is 3586080768
All data sent from node 30 is 3586080768
All data received by node 30 is 3586080768
All data sent from node 31 is 3586080768
All data received by node 31 is 3586080768
All data sent from node 32 is 3586080768
All data received by node 32 is 3586080768
All data sent from node 33 is 3586080768
All data received by node 33 is 3586080768
All data sent from node 34 is 3586080768
All data received by node 34 is 3586080768
All data sent from node 35 is 3586080768
All data received by node 35 is 3586080768
All data sent from node 36 is 3586080768
All data received by node 36 is 3586080768
All data sent from node 37 is 3586080768
All data received by node 37 is 3586080768
All data sent from node 38 is 3586080768
All data received by node 38 is 3586080768
All data sent from node 39 is 3586080768
All data received by node 39 is 3586080768
All data sent from node 40 is 3586080768
All data received by node 40 is 3586080768
All data sent from node 41 is 3586080768
All data received by node 41 is 3586080768
All data sent from node 42 is 3586080768
All data received by node 42 is 3586080768
All data sent from node 43 is 3586080768
All data received by node 43 is 3586080768
All data sent from node 44 is 3586080768
All data received by node 44 is 3586080768
All data sent from node 45 is 3586080768
All data received by node 45 is 3586080768
All data sent from node 46 is 3586080768
All data received by node 46 is 3586080768
All data sent from node 47 is 3586080768
All data received by node 47 is 3586080768
All data sent from node 48 is 3586080768
All data received by node 48 is 3586080768
All data sent from node 49 is 3586080768
All data received by node 49 is 3586080768
All data sent from node 50 is 3586080768
All data received by node 50 is 3586080768
All data sent from node 51 is 3586080768
All data received by node 51 is 3586080768
All data sent from node 52 is 3586080768
All data received by node 52 is 3586080768
All data sent from node 53 is 3586080768
All data received by node 53 is 3586080768
All data sent from node 54 is 3586080768
All data received by node 54 is 3586080768
All data sent from node 55 is 3586080768
All data received by node 55 is 3586080768
All data sent from node 56 is 3586080768
All data received by node 56 is 3586080768
All data sent from node 57 is 3586080768
All data received by node 57 is 3586080768
All data sent from node 58 is 3586080768
All data received by node 58 is 3586080768
All data sent from node 59 is 3586080768
All data received by node 59 is 3586080768
All data sent from node 60 is 3586080768
All data received by node 60 is 3586080768
All data sent from node 61 is 3586080768
All data received by node 61 is 3586080768
All data sent from node 62 is 3586080768
All data received by node 62 is 3586080768
All data sent from node 63 is 3586080768
All data received by node 63 is 3586080768
DEBUG_SIM_FINISH: Completed processing in sim_finish(), returning normally
*****
Time to exit: Wed Aug 27 19:51:11 2025
all-reduce Collective implementation: NcclFlowModel
reduce-scatter Collective implementation: NcclFlowModel
all-gather Collective implementation: NcclFlowModel
all-to-all Collective implementation: NcclFlowModel
Collective optimization: baseline
Total sim duration: 0:2 hours
Total streams injected: 269
Total streams finished: 269
Percentage of finished streams: 100 %
DEBUG_FINAL_COUNT: Node 0 final stream_counter value: 269

*****
DEBUG_SIM_END: Node 1 calling NI->sim_finish()
DEBUG_SIM_FINISH: Entering sim_finish() for rank 1
DEBUG_SIM_FINISH: nodeHash size: 128
DEBUG_SIM_FINISH: Printing per-node statistics:
All data sent from node 0 is 18695503872
All data received by node 0 is 18695503872
All data sent from node 1 is 18695503872
All data received by node 1 is 18695503872
All data sent from node 2 is 3586080768
All data received by node 2 is 3586080768
All data sent from node 3 is 3586080768
All data received by node 3 is 3586080768
All data sent from node 4 is 3586080768
All data received by node 4 is 3586080768
All data sent from node 5 is 3586080768
All data received by node 5 is 3586080768
All data sent from node 6 is 3586080768
All data received by node 6 is 3586080768
All data sent from node 7 is 3586080768
All data received by node 7 is 3586080768
All data sent from node 8 is 3586080768
All data received by node 8 is 3586080768
All data sent from node 9 is 3586080768
All data received by node 9 is 3586080768
All data sent from node 10 is 3586080768
All data received by node 10 is 3586080768
All data sent from node 11 is 3586080768
All data received by node 11 is 3586080768
All data sent from node 12 is 3586080768
All data received by node 12 is 3586080768
All data sent from node 13 is 3586080768
All data received by node 13 is 3586080768
All data sent from node 14 is 3586080768
All data received by node 14 is 3586080768
All data sent from node 15 is 3586080768
All data received by node 15 is 3586080768
All data sent from node 16 is 3586080768
All data received by node 16 is 3586080768
All data sent from node 17 is 3586080768
All data received by node 17 is 3586080768
All data sent from node 18 is 3586080768
All data received by node 18 is 3586080768
All data sent from node 19 is 3586080768
All data received by node 19 is 3586080768
All data sent from node 20 is 3586080768
All data received by node 20 is 3586080768
All data sent from node 21 is 3586080768
All data received by node 21 is 3586080768
All data sent from node 22 is 3586080768
All data received by node 22 is 3586080768
All data sent from node 23 is 3586080768
All data received by node 23 is 3586080768
All data sent from node 24 is 3586080768
All data received by node 24 is 3586080768
All data sent from node 25 is 3586080768
All data received by node 25 is 3586080768
All data sent from node 26 is 3586080768
All data received by node 26 is 3586080768
All data sent from node 27 is 3586080768
All data received by node 27 is 3586080768
All data sent from node 28 is 3586080768
All data received by node 28 is 3586080768
All data sent from node 29 is 3586080768
All data received by node 29 is 3586080768
All data sent from node 30 is 3586080768
All data received by node 30 is 3586080768
All data sent from node 31 is 3586080768
All data received by node 31 is 3586080768
All data sent from node 32 is 3586080768
All data received by node 32 is 3586080768
All data sent from node 33 is 3586080768
All data received by node 33 is 3586080768
All data sent from node 34 is 3586080768
All data received by node 34 is 3586080768
All data sent from node 35 is 3586080768
All data received by node 35 is 3586080768
All data sent from node 36 is 3586080768
All data received by node 36 is 3586080768
All data sent from node 37 is 3586080768
All data received by node 37 is 3586080768
All data sent from node 38 is 3586080768
All data received by node 38 is 3586080768
All data sent from node 39 is 3586080768
All data received by node 39 is 3586080768
All data sent from node 40 is 3586080768
All data received by node 40 is 3586080768
All data sent from node 41 is 3586080768
All data received by node 41 is 3586080768
All data sent from node 42 is 3586080768
All data received by node 42 is 3586080768
All data sent from node 43 is 3586080768
All data received by node 43 is 3586080768
All data sent from node 44 is 3586080768
All data received by node 44 is 3586080768
All data sent from node 45 is 3586080768
All data received by node 45 is 3586080768
All data sent from node 46 is 3586080768
All data received by node 46 is 3586080768
All data sent from node 47 is 3586080768
All data received by node 47 is 3586080768
All data sent from node 48 is 3586080768
All data received by node 48 is 3586080768
All data sent from node 49 is 3586080768
All data received by node 49 is 3586080768
All data sent from node 50 is 3586080768
All data received by node 50 is 3586080768
All data sent from node 51 is 3586080768
All data received by node 51 is 3586080768
All data sent from node 52 is 3586080768
All data received by node 52 is 3586080768
All data sent from node 53 is 3586080768
All data received by node 53 is 3586080768
All data sent from node 54 is 3586080768
All data received by node 54 is 3586080768
All data sent from node 55 is 3586080768
All data received by node 55 is 3586080768
All data sent from node 56 is 3586080768
All data received by node 56 is 3586080768
All data sent from node 57 is 3586080768
All data received by node 57 is 3586080768
All data sent from node 58 is 3586080768
All data received by node 58 is 3586080768
All data sent from node 59 is 3586080768
All data received by node 59 is 3586080768
All data sent from node 60 is 3586080768
All data received by node 60 is 3586080768
All data sent from node 61 is 3586080768
All data received by node 61 is 3586080768
All data sent from node 62 is 3586080768
All data received by node 62 is 3586080768
All data sent from node 63 is 3586080768
All data received by node 63 is 3586080768
DEBUG_SIM_FINISH: Completed processing in sim_finish(), returning normally
Debug: Simulator::Run() completed
Debug: Simulator stopped
Debug: Simulator destroyed
