[Thread debugging using libthread_db enabled]
Using host libthread_db library "/lib/x86_64-linux-gnu/libthread_db.so.1".
process 360384 is executing new program: /home/parozario/newSimAI/Comp_499B-/astra-sim-alibabacloud/extern/network_backend/ns3-interface/simulation/build/scratch/ns3.36.1-AstraSimNetwork-debug
[Thread debugging using libthread_db enabled]
Using host libthread_db library "/lib/x86_64-linux-gnu/libthread_db.so.1".
[TOPOLOGY_DEBUG] Setting up network topology:
[TOPOLOGY_DEBUG]   node_num=64 gpus_per_server=8
[TOPOLOGY_DEBUG]   nvswitch_num=0 switch_num=0
[TOPOLOGY_DEBUG]   link_num=448 enable_ub_mesh=0
[UB_MESH_DEBUG] Detected UB mesh topology with 0 inter-rack switches and 448 mesh links
[UB_MESH_DEBUG] Enabled UB mesh NCCL flow model (fixes TP=8 routing for 64-GPU mesh)
[ROUTING_DEBUG] Using enhanced BFS routing with multi-hop support for UB mesh

[PATH_DEBUG] ========== ROUTING PATHS ==========
[PATH_DEBUG] Host 19 -> Host 20 (hops: 1) Path: 19 -> 20
[PATH_DEBUG] Host 19 -> Host 21 (hops: 1) Path: 19 -> 21
[PATH_DEBUG] Host 19 -> Host 22 (hops: 1) Path: 19 -> 22
[PATH_DEBUG] Host 19 -> Host 23 (hops: 1) Path: 19 -> 23
[PATH_DEBUG] Host 19 -> Host 24 (hops: 2) Path: 19 -> 27 -> 24
[PATH_DEBUG] Host 19 -> Host 25 (hops: 2) Path: 19 -> 27 -> 25
[PATH_DEBUG] Host 19 -> Host 26 (hops: 2) Path: 19 -> 27 -> 26
[PATH_DEBUG] Host 19 -> Host 27 (hops: 1) Path: 19 -> 27
[PATH_DEBUG] Host 19 -> Host 28 (hops: 2) Path: 19 -> 20 -> 28
[PATH_DEBUG] Host 19 -> Host 29 (hops: 2) Path: 19 -> 21 -> 29
[PATH_DEBUG] Host 19 -> Host 30 (hops: 2) Path: 19 -> 22 -> 30
[PATH_DEBUG] Host 19 -> Host 31 (hops: 2) Path: 19 -> 23 -> 31
[PATH_DEBUG] Host 19 -> Host 32 (hops: 2) Path: 19 -> 35 -> 32
[PATH_DEBUG] Host 19 -> Host 33 (hops: 2) Path: 19 -> 35 -> 33
[PATH_DEBUG] Host 19 -> Host 34 (hops: 2) Path: 19 -> 35 -> 34
[PATH_DEBUG] Host 19 -> Host 35 (hops: 1) Path: 19 -> 35
[PATH_DEBUG] Host 19 -> Host 36 (hops: 2) Path: 19 -> 20 -> 36
[PATH_DEBUG] Host 19 -> Host 37 (hops: 2) Path: 19 -> 21 -> 37
[PATH_DEBUG] Host 19 -> Host 38 (hops: 2) Path: 19 -> 22 -> 38
[PATH_DEBUG] Host 19 -> Host 39 (hops: 2) Path: 19 -> 23 -> 39
[PATH_DEBUG] Host 19 -> Host 40 (hops: 2) Path: 19 -> 43 -> 40
[PATH_DEBUG] Host 19 -> Host 41 (hops: 2) Path: 19 -> 43 -> 41
[PATH_DEBUG] Host 19 -> Host 42 (hops: 2) Path: 19 -> 43 -> 42
[PATH_DEBUG] Host 19 -> Host 43 (hops: 1) Path: 19 -> 43
[PATH_DEBUG] Host 19 -> Host 44 (hops: 2) Path: 19 -> 20 -> 44
[PATH_DEBUG] Host 19 -> Host 45 (hops: 2) Path: 19 -> 21 -> 45
[PATH_DEBUG] Host 19 -> Host 46 (hops: 2) Path: 19 -> 22 -> 46
[PATH_DEBUG] Host 19 -> Host 47 (hops: 2) Path: 19 -> 23 -> 47
[PATH_DEBUG] Host 19 -> Host 48 (hops: 2) Path: 19 -> 51 -> 48
[PATH_DEBUG] Host 19 -> Host 49 (hops: 2) Path: 19 -> 51 -> 49
[PATH_DEBUG] Host 19 -> Host 50 (hops: 2) Path: 19 -> 51 -> 50
[PATH_DEBUG] Host 19 -> Host 51 (hops: 1) Path: 19 -> 51
[PATH_DEBUG] Host 19 -> Host 52 (hops: 2) Path: 19 -> 20 -> 52
[PATH_DEBUG] Host 19 -> Host 53 (hops: 2) Path: 19 -> 21 -> 53
[PATH_DEBUG] Host 19 -> Host 54 (hops: 2) Path: 19 -> 22 -> 54
[PATH_DEBUG] Host 19 -> Host 55 (hops: 2) Path: 19 -> 23 -> 55
[PATH_DEBUG] Host 19 -> Host 56 (hops: 2) Path: 19 -> 59 -> 56
[PATH_DEBUG] Host 19 -> Host 57 (hops: 2) Path: 19 -> 59 -> 57
[PATH_DEBUG] Host 19 -> Host 58 (hops: 2) Path: 19 -> 59 -> 58
[PATH_DEBUG] Host 19 -> Host 59 (hops: 1) Path: 19 -> 59
[PATH_DEBUG] Host 19 -> Host 60 (hops: 2) Path: 19 -> 20 -> 60
[PATH_DEBUG] Host 19 -> Host 61 (hops: 2) Path: 19 -> 21 -> 61
[PATH_DEBUG] Host 19 -> Host 62 (hops: 2) Path: 19 -> 22 -> 62
[PATH_DEBUG] Host 19 -> Host 63 (hops: 2) Path: 19 -> 23 -> 63
[PATH_DEBUG] Host 20 -> Host 21 (hops: 1) Path: 20 -> 21
[PATH_DEBUG] Host 20 -> Host 22 (hops: 1) Path: 20 -> 22
[PATH_DEBUG] Host 20 -> Host 23 (hops: 1) Path: 20 -> 23
[PATH_DEBUG] Host 20 -> Host 24 (hops: 2) Path: 20 -> 28 -> 24
[PATH_DEBUG] Host 20 -> Host 25 (hops: 2) Path: 20 -> 28 -> 25
[PATH_DEBUG] Host 20 -> Host 26 (hops: 2) Path: 20 -> 28 -> 26
[PATH_DEBUG] Host 20 -> Host 27 (hops: 2) Path: 20 -> 19 -> 27
[PATH_DEBUG] Host 20 -> Host 28 (hops: 1) Path: 20 -> 28
[PATH_DEBUG] Host 20 -> Host 29 (hops: 2) Path: 20 -> 21 -> 29
[PATH_DEBUG] Host 20 -> Host 30 (hops: 2) Path: 20 -> 22 -> 30
[PATH_DEBUG] Host 20 -> Host 31 (hops: 2) Path: 20 -> 23 -> 31
[PATH_DEBUG] Host 20 -> Host 32 (hops: 2) Path: 20 -> 36 -> 32
[PATH_DEBUG] Host 20 -> Host 33 (hops: 2) Path: 20 -> 36 -> 33
[PATH_DEBUG] Host 20 -> Host 34 (hops: 2) Path: 20 -> 36 -> 34
[PATH_DEBUG] Host 20 -> Host 35 (hops: 2) Path: 20 -> 19 -> 35
[PATH_DEBUG] Host 20 -> Host 36 (hops: 1) Path: 20 -> 36
[PATH_DEBUG] Host 20 -> Host 37 (hops: 2) Path: 20 -> 21 -> 37
[PATH_DEBUG] Host 20 -> Host 38 (hops: 2) Path: 20 -> 22 -> 38
[PATH_DEBUG] Host 20 -> Host 39 (hops: 2) Path: 20 -> 23 -> 39
[PATH_DEBUG] Host 20 -> Host 40 (hops: 2) Path: 20 -> 44 -> 40
[PATH_DEBUG] Host 20 -> Host 41 (hops: 2) Path: 20 -> 44 -> 41
[PATH_DEBUG] Host 20 -> Host 42 (hops: 2) Path: 20 -> 44 -> 42
[PATH_DEBUG] Host 20 -> Host 43 (hops: 2) Path: 20 -> 19 -> 43
[PATH_DEBUG] Host 20 -> Host 44 (hops: 1) Path: 20 -> 44
[PATH_DEBUG] Host 20 -> Host 45 (hops: 2) Path: 20 -> 21 -> 45
[PATH_DEBUG] Host 20 -> Host 46 (hops: 2) Path: 20 -> 22 -> 46
[PATH_DEBUG] Host 20 -> Host 47 (hops: 2) Path: 20 -> 23 -> 47
[PATH_DEBUG] Host 20 -> Host 48 (hops: 2) Path: 20 -> 52 -> 48
[PATH_DEBUG] Host 20 -> Host 49 (hops: 2) Path: 20 -> 52 -> 49
[PATH_DEBUG] Host 20 -> Host 50 (hops: 2) Path: 20 -> 52 -> 50
[PATH_DEBUG] Host 20 -> Host 51 (hops: 2) Path: 20 -> 19 -> 51
[PATH_DEBUG] Host 20 -> Host 52 (hops: 1) Path: 20 -> 52
[PATH_DEBUG] Host 20 -> Host 53 (hops: 2) Path: 20 -> 21 -> 53
[PATH_DEBUG] Host 20 -> Host 54 (hops: 2) Path: 20 -> 22 -> 54
[PATH_DEBUG] Host 20 -> Host 55 (hops: 2) Path: 20 -> 23 -> 55
[PATH_DEBUG] Host 20 -> Host 56 (hops: 2) Path: 20 -> 60 -> 56
[PATH_DEBUG] Host 20 -> Host 57 (hops: 2) Path: 20 -> 60 -> 57
[PATH_DEBUG] Host 20 -> Host 58 (hops: 2) Path: 20 -> 60 -> 58
[PATH_DEBUG] Host 20 -> Host 59 (hops: 2) Path: 20 -> 19 -> 59
[PATH_DEBUG] Host 20 -> Host 60 (hops: 1) Path: 20 -> 60
[PATH_DEBUG] Host 20 -> Host 61 (hops: 2) Path: 20 -> 21 -> 61
[PATH_DEBUG] Host 20 -> Host 62 (hops: 2) Path: 20 -> 22 -> 62
[PATH_DEBUG] Host 20 -> Host 63 (hops: 2) Path: 20 -> 23 -> 63
[PATH_DEBUG] Host 21 -> Host 22 (hops: 1) Path: 21 -> 22
[PATH_DEBUG] Host 21 -> Host 23 (hops: 1) Path: 21 -> 23
[PATH_DEBUG] Host 21 -> Host 24 (hops: 2) Path: 21 -> 29 -> 24
[PATH_DEBUG] Host 21 -> Host 25 (hops: 2) Path: 21 -> 29 -> 25
[PATH_DEBUG] Host 21 -> Host 26 (hops: 2) Path: 21 -> 29 -> 26
[PATH_DEBUG] Host 21 -> Host 27 (hops: 2) Path: 21 -> 19 -> 27
[PATH_DEBUG] Host 21 -> Host 28 (hops: 2) Path: 21 -> 20 -> 28
[PATH_DEBUG] Host 21 -> Host 29 (hops: 1) Path: 21 -> 29
[PATH_DEBUG] Host 21 -> Host 30 (hops: 2) Path: 21 -> 22 -> 30
[PATH_DEBUG] Host 21 -> Host 31 (hops: 2) Path: 21 -> 23 -> 31
[PATH_DEBUG] Host 21 -> Host 32 (hops: 2) Path: 21 -> 37 -> 32
[PATH_DEBUG] Host 21 -> Host 33 (hops: 2) Path: 21 -> 37 -> 33
[PATH_DEBUG] Host 21 -> Host 34 (hops: 2) Path: 21 -> 37 -> 34
[PATH_DEBUG] Host 21 -> Host 35 (hops: 2) Path: 21 -> 19 -> 35
[PATH_DEBUG] Host 21 -> Host 36 (hops: 2) Path: 21 -> 20 -> 36
[PATH_DEBUG] Host 21 -> Host 37 (hops: 1) Path: 21 -> 37
[PATH_DEBUG] Host 21 -> Host 38 (hops: 2) Path: 21 -> 22 -> 38
[PATH_DEBUG] Host 21 -> Host 39 (hops: 2) Path: 21 -> 23 -> 39
[PATH_DEBUG] Host 21 -> Host 40 (hops: 2) Path: 21 -> 45 -> 40
[PATH_DEBUG] Host 21 -> Host 41 (hops: 2) Path: 21 -> 45 -> 41
[PATH_DEBUG] Host 21 -> Host 42 (hops: 2) Path: 21 -> 45 -> 42
[PATH_DEBUG] Host 21 -> Host 43 (hops: 2) Path: 21 -> 19 -> 43
[PATH_DEBUG] Host 21 -> Host 44 (hops: 2) Path: 21 -> 20 -> 44
[PATH_DEBUG] Host 21 -> Host 45 (hops: 1) Path: 21 -> 45
[PATH_DEBUG] Host 21 -> Host 46 (hops: 2) Path: 21 -> 22 -> 46
[PATH_DEBUG] Host 21 -> Host 47 (hops: 2) Path: 21 -> 23 -> 47
[PATH_DEBUG] Host 21 -> Host 48 (hops: 2) Path: 21 -> 53 -> 48
[PATH_DEBUG] Host 21 -> Host 49 (hops: 2) Path: 21 -> 53 -> 49
[PATH_DEBUG] Host 21 -> Host 50 (hops: 2) Path: 21 -> 53 -> 50
[PATH_DEBUG] Host 21 -> Host 51 (hops: 2) Path: 21 -> 19 -> 51
[PATH_DEBUG] Host 21 -> Host 52 (hops: 2) Path: 21 -> 20 -> 52
[PATH_DEBUG] Host 21 -> Host 53 (hops: 1) Path: 21 -> 53
[PATH_DEBUG] Host 21 -> Host 54 (hops: 2) Path: 21 -> 22 -> 54
[PATH_DEBUG] Host 21 -> Host 55 (hops: 2) Path: 21 -> 23 -> 55
[PATH_DEBUG] Host 21 -> Host 56 (hops: 2) Path: 21 -> 61 -> 56
[PATH_DEBUG] Host 21 -> Host 57 (hops: 2) Path: 21 -> 61 -> 57
[PATH_DEBUG] Host 21 -> Host 58 (hops: 2) Path: 21 -> 61 -> 58
[PATH_DEBUG] Host 21 -> Host 59 (hops: 2) Path: 21 -> 19 -> 59
[PATH_DEBUG] Host 21 -> Host 60 (hops: 2) Path: 21 -> 20 -> 60
[PATH_DEBUG] Host 21 -> Host 61 (hops: 1) Path: 21 -> 61
[PATH_DEBUG] Host 21 -> Host 62 (hops: 2) Path: 21 -> 22 -> 62
[PATH_DEBUG] Host 21 -> Host 63 (hops: 2) Path: 21 -> 23 -> 63
[PATH_DEBUG] Host 22 -> Host 23 (hops: 1) Path: 22 -> 23
[PATH_DEBUG] Host 22 -> Host 24 (hops: 2) Path: 22 -> 30 -> 24
[PATH_DEBUG] Host 22 -> Host 25 (hops: 2) Path: 22 -> 30 -> 25
[PATH_DEBUG] Host 22 -> Host 26 (hops: 2) Path: 22 -> 30 -> 26
[PATH_DEBUG] Host 22 -> Host 27 (hops: 2) Path: 22 -> 19 -> 27
[PATH_DEBUG] Host 22 -> Host 28 (hops: 2) Path: 22 -> 20 -> 28
[PATH_DEBUG] Host 22 -> Host 29 (hops: 2) Path: 22 -> 21 -> 29
[PATH_DEBUG] Host 22 -> Host 30 (hops: 1) Path: 22 -> 30
[PATH_DEBUG] Host 22 -> Host 31 (hops: 2) Path: 22 -> 23 -> 31
[PATH_DEBUG] Host 22 -> Host 32 (hops: 2) Path: 22 -> 38 -> 32
[PATH_DEBUG] Host 22 -> Host 33 (hops: 2) Path: 22 -> 38 -> 33
[PATH_DEBUG] Host 22 -> Host 34 (hops: 2) Path: 22 -> 38 -> 34
[PATH_DEBUG] Host 22 -> Host 35 (hops: 2) Path: 22 -> 19 -> 35
[PATH_DEBUG] Host 22 -> Host 36 (hops: 2) Path: 22 -> 20 -> 36
[PATH_DEBUG] Host 22 -> Host 37 (hops: 2) Path: 22 -> 21 -> 37
[PATH_DEBUG] Host 22 -> Host 38 (hops: 1) Path: 22 -> 38
[PATH_DEBUG] Host 22 -> Host 39 (hops: 2) Path: 22 -> 23 -> 39
[PATH_DEBUG] Host 22 -> Host 40 (hops: 2) Path: 22 -> 46 -> 40
[PATH_DEBUG] Host 22 -> Host 41 (hops: 2) Path: 22 -> 46 -> 41
[PATH_DEBUG] Host 22 -> Host 42 (hops: 2) Path: 22 -> 46 -> 42
[PATH_DEBUG] Host 22 -> Host 43 (hops: 2) Path: 22 -> 19 -> 43
[PATH_DEBUG] Host 22 -> Host 44 (hops: 2) Path: 22 -> 20 -> 44
[PATH_DEBUG] Host 22 -> Host 45 (hops: 2) Path: 22 -> 21 -> 45
[PATH_DEBUG] Host 22 -> Host 46 (hops: 1) Path: 22 -> 46
[PATH_DEBUG] Host 22 -> Host 47 (hops: 2) Path: 22 -> 23 -> 47
[PATH_DEBUG] Host 22 -> Host 48 (hops: 2) Path: 22 -> 54 -> 48
[PATH_DEBUG] Host 22 -> Host 49 (hops: 2) Path: 22 -> 54 -> 49
[PATH_DEBUG] Host 22 -> Host 50 (hops: 2) Path: 22 -> 54 -> 50
[PATH_DEBUG] Host 22 -> Host 51 (hops: 2) Path: 22 -> 19 -> 51
[PATH_DEBUG] Host 22 -> Host 52 (hops: 2) Path: 22 -> 20 -> 52
[PATH_DEBUG] Host 22 -> Host 53 (hops: 2) Path: 22 -> 21 -> 53
[PATH_DEBUG] Host 22 -> Host 54 (hops: 1) Path: 22 -> 54
[PATH_DEBUG] Host 22 -> Host 55 (hops: 2) Path: 22 -> 23 -> 55
[PATH_DEBUG] Host 22 -> Host 56 (hops: 2) Path: 22 -> 62 -> 56
[PATH_DEBUG] Host 22 -> Host 57 (hops: 2) Path: 22 -> 62 -> 57
[PATH_DEBUG] Host 22 -> Host 58 (hops: 2) Path: 22 -> 62 -> 58
[PATH_DEBUG] Host 22 -> Host 59 (hops: 2) Path: 22 -> 19 -> 59
[PATH_DEBUG] Host 22 -> Host 60 (hops: 2) Path: 22 -> 20 -> 60
[PATH_DEBUG] Host 22 -> Host 61 (hops: 2) Path: 22 -> 21 -> 61
[PATH_DEBUG] Host 22 -> Host 62 (hops: 1) Path: 22 -> 62
[PATH_DEBUG] Host 22 -> Host 63 (hops: 2) Path: 22 -> 23 -> 63
[PATH_DEBUG] Host 23 -> Host 24 (hops: 2) Path: 23 -> 31 -> 24
[PATH_DEBUG] Host 23 -> Host 25 (hops: 2) Path: 23 -> 31 -> 25
[PATH_DEBUG] Host 23 -> Host 26 (hops: 2) Path: 23 -> 31 -> 26
[PATH_DEBUG] Host 23 -> Host 27 (hops: 2) Path: 23 -> 19 -> 27
[PATH_DEBUG] Host 23 -> Host 28 (hops: 2) Path: 23 -> 20 -> 28
[PATH_DEBUG] Host 23 -> Host 29 (hops: 2) Path: 23 -> 21 -> 29
[PATH_DEBUG] Host 23 -> Host 30 (hops: 2) Path: 23 -> 22 -> 30
[PATH_DEBUG] Host 23 -> Host 31 (hops: 1) Path: 23 -> 31
[PATH_DEBUG] Host 23 -> Host 32 (hops: 2) Path: 23 -> 39 -> 32
[PATH_DEBUG] Host 23 -> Host 33 (hops: 2) Path: 23 -> 39 -> 33
[PATH_DEBUG] Host 23 -> Host 34 (hops: 2) Path: 23 -> 39 -> 34
[PATH_DEBUG] Host 23 -> Host 35 (hops: 2) Path: 23 -> 19 -> 35
[PATH_DEBUG] Host 23 -> Host 36 (hops: 2) Path: 23 -> 20 -> 36
[PATH_DEBUG] Host 23 -> Host 37 (hops: 2) Path: 23 -> 21 -> 37
[PATH_DEBUG] Host 23 -> Host 38 (hops: 2) Path: 23 -> 22 -> 38
[PATH_DEBUG] Host 23 -> Host 39 (hops: 1) Path: 23 -> 39
[PATH_DEBUG] Host 23 -> Host 40 (hops: 2) Path: 23 -> 47 -> 40
[PATH_DEBUG] Host 23 -> Host 41 (hops: 2) Path: 23 -> 47 -> 41
[PATH_DEBUG] Host 23 -> Host 42 (hops: 2) Path: 23 -> 47 -> 42
[PATH_DEBUG] Host 23 -> Host 43 (hops: 2) Path: 23 -> 19 -> 43
[PATH_DEBUG] Host 23 -> Host 44 (hops: 2) Path: 23 -> 20 -> 44
[PATH_DEBUG] Host 23 -> Host 45 (hops: 2) Path: 23 -> 21 -> 45
[PATH_DEBUG] Host 23 -> Host 46 (hops: 2) Path: 23 -> 22 -> 46
[PATH_DEBUG] Host 23 -> Host 47 (hops: 1) Path: 23 -> 47
[PATH_DEBUG] Host 23 -> Host 48 (hops: 2) Path: 23 -> 55 -> 48
[PATH_DEBUG] Host 23 -> Host 49 (hops: 2) Path: 23 -> 55 -> 49
[PATH_DEBUG] Host 23 -> Host 50 (hops: 2) Path: 23 -> 55 -> 50
[PATH_DEBUG] Host 23 -> Host 51 (hops: 2) Path: 23 -> 19 -> 51
[PATH_DEBUG] Host 23 -> Host 52 (hops: 2) Path: 23 -> 20 -> 52
[PATH_DEBUG] Host 23 -> Host 53 (hops: 2) Path: 23 -> 21 -> 53
[PATH_DEBUG] Host 23 -> Host 54 (hops: 2) Path: 23 -> 22 -> 54
[PATH_DEBUG] Host 23 -> Host 55 (hops: 1) Path: 23 -> 55
[PATH_DEBUG] Host 23 -> Host 56 (hops: 2) Path: 23 -> 63 -> 56
[PATH_DEBUG] Host 23 -> Host 57 (hops: 2) Path: 23 -> 63 -> 57
[PATH_DEBUG] Host 23 -> Host 58 (hops: 2) Path: 23 -> 63 -> 58
[PATH_DEBUG] Host 23 -> Host 59 (hops: 2) Path: 23 -> 19 -> 59
[PATH_DEBUG] Host 23 -> Host 60 (hops: 2) Path: 23 -> 20 -> 60
[PATH_DEBUG] Host 23 -> Host 61 (hops: 2) Path: 23 -> 21 -> 61
[PATH_DEBUG] Host 23 -> Host 62 (hops: 2) Path: 23 -> 22 -> 62
[PATH_DEBUG] Host 23 -> Host 63 (hops: 1) Path: 23 -> 63
[PATH_DEBUG] Host 24 -> Host 25 (hops: 1) Path: 24 -> 25
[PATH_DEBUG] Host 24 -> Host 26 (hops: 1) Path: 24 -> 26
[PATH_DEBUG] Host 24 -> Host 27 (hops: 1) Path: 24 -> 27
[PATH_DEBUG] Host 24 -> Host 28 (hops: 1) Path: 24 -> 28
[PATH_DEBUG] Host 24 -> Host 29 (hops: 1) Path: 24 -> 29
[PATH_DEBUG] Host 24 -> Host 30 (hops: 1) Path: 24 -> 30
[PATH_DEBUG] Host 24 -> Host 31 (hops: 1) Path: 24 -> 31
[PATH_DEBUG] Host 24 -> Host 32 (hops: 1) Path: 24 -> 32
[PATH_DEBUG] Host 24 -> Host 33 (hops: 2) Path: 24 -> 25 -> 33
[PATH_DEBUG] Host 24 -> Host 34 (hops: 2) Path: 24 -> 26 -> 34
[PATH_DEBUG] Host 24 -> Host 35 (hops: 2) Path: 24 -> 27 -> 35
[PATH_DEBUG] Host 24 -> Host 36 (hops: 2) Path: 24 -> 28 -> 36
[PATH_DEBUG] Host 24 -> Host 37 (hops: 2) Path: 24 -> 29 -> 37
[PATH_DEBUG] Host 24 -> Host 38 (hops: 2) Path: 24 -> 30 -> 38
[PATH_DEBUG] Host 24 -> Host 39 (hops: 2) Path: 24 -> 31 -> 39
[PATH_DEBUG] Host 24 -> Host 40 (hops: 1) Path: 24 -> 40
[PATH_DEBUG] Host 24 -> Host 41 (hops: 2) Path: 24 -> 25 -> 41
[PATH_DEBUG] Host 24 -> Host 42 (hops: 2) Path: 24 -> 26 -> 42
[PATH_DEBUG] Host 24 -> Host 43 (hops: 2) Path: 24 -> 27 -> 43
[PATH_DEBUG] Host 24 -> Host 44 (hops: 2) Path: 24 -> 28 -> 44
[PATH_DEBUG] Host 24 -> Host 45 (hops: 2) Path: 24 -> 29 -> 45
[PATH_DEBUG] Host 24 -> Host 46 (hops: 2) Path: 24 -> 30 -> 46
[PATH_DEBUG] Host 24 -> Host 47 (hops: 2) Path: 24 -> 31 -> 47
[PATH_DEBUG] Host 24 -> Host 48 (hops: 1) Path: 24 -> 48
[PATH_DEBUG] Host 24 -> Host 49 (hops: 2) Path: 24 -> 25 -> 49
[PATH_DEBUG] Host 24 -> Host 50 (hops: 2) Path: 24 -> 26 -> 50
[PATH_DEBUG] Host 24 -> Host 51 (hops: 2) Path: 24 -> 27 -> 51
[PATH_DEBUG] Host 24 -> Host 52 (hops: 2) Path: 24 -> 28 -> 52
[PATH_DEBUG] Host 24 -> Host 53 (hops: 2) Path: 24 -> 29 -> 53
[PATH_DEBUG] Host 24 -> Host 54 (hops: 2) Path: 24 -> 30 -> 54
[PATH_DEBUG] Host 24 -> Host 55 (hops: 2) Path: 24 -> 31 -> 55
[PATH_DEBUG] Host 24 -> Host 56 (hops: 1) Path: 24 -> 56
[PATH_DEBUG] Host 24 -> Host 57 (hops: 2) Path: 24 -> 25 -> 57
[PATH_DEBUG] Host 24 -> Host 58 (hops: 2) Path: 24 -> 26 -> 58
[PATH_DEBUG] Host 24 -> Host 59 (hops: 2) Path: 24 -> 27 -> 59
[PATH_DEBUG] Host 24 -> Host 60 (hops: 2) Path: 24 -> 28 -> 60
[PATH_DEBUG] Host 24 -> Host 61 (hops: 2) Path: 24 -> 29 -> 61
[PATH_DEBUG] Host 24 -> Host 62 (hops: 2) Path: 24 -> 30 -> 62
[PATH_DEBUG] Host 24 -> Host 63 (hops: 2) Path: 24 -> 31 -> 63
[PATH_DEBUG] Host 25 -> Host 26 (hops: 1) Path: 25 -> 26
[PATH_DEBUG] Host 25 -> Host 27 (hops: 1) Path: 25 -> 27
[PATH_DEBUG] Host 25 -> Host 28 (hops: 1) Path: 25 -> 28
[PATH_DEBUG] Host 25 -> Host 29 (hops: 1) Path: 25 -> 29
[PATH_DEBUG] Host 25 -> Host 30 (hops: 1) Path: 25 -> 30
[PATH_DEBUG] Host 25 -> Host 31 (hops: 1) Path: 25 -> 31
[PATH_DEBUG] Host 25 -> Host 32 (hops: 2) Path: 25 -> 24 -> 32
[PATH_DEBUG] Host 25 -> Host 33 (hops: 1) Path: 25 -> 33
[PATH_DEBUG] Host 25 -> Host 34 (hops: 2) Path: 25 -> 26 -> 34
[PATH_DEBUG] Host 25 -> Host 35 (hops: 2) Path: 25 -> 27 -> 35
[PATH_DEBUG] Host 25 -> Host 36 (hops: 2) Path: 25 -> 28 -> 36
[PATH_DEBUG] Host 25 -> Host 37 (hops: 2) Path: 25 -> 29 -> 37
[PATH_DEBUG] Host 25 -> Host 38 (hops: 2) Path: 25 -> 30 -> 38
[PATH_DEBUG] Host 25 -> Host 39 (hops: 2) Path: 25 -> 31 -> 39
[PATH_DEBUG] Host 25 -> Host 40 (hops: 2) Path: 25 -> 24 -> 40
[PATH_DEBUG] Host 25 -> Host 41 (hops: 1) Path: 25 -> 41
[PATH_DEBUG] Host 25 -> Host 42 (hops: 2) Path: 25 -> 26 -> 42
[PATH_DEBUG] Host 25 -> Host 43 (hops: 2) Path: 25 -> 27 -> 43
[PATH_DEBUG] Host 25 -> Host 44 (hops: 2) Path: 25 -> 28 -> 44
[PATH_DEBUG] Host 25 -> Host 45 (hops: 2) Path: 25 -> 29 -> 45
[PATH_DEBUG] Host 25 -> Host 46 (hops: 2) Path: 25 -> 30 -> 46
[PATH_DEBUG] Host 25 -> Host 47 (hops: 2) Path: 25 -> 31 -> 47
[PATH_DEBUG] Host 25 -> Host 48 (hops: 2) Path: 25 -> 24 -> 48
[PATH_DEBUG] Host 25 -> Host 49 (hops: 1) Path: 25 -> 49
[PATH_DEBUG] Host 25 -> Host 50 (hops: 2) Path: 25 -> 26 -> 50
[PATH_DEBUG] Host 25 -> Host 51 (hops: 2) Path: 25 -> 27 -> 51
[PATH_DEBUG] Host 25 -> Host 52 (hops: 2) Path: 25 -> 28 -> 52
[PATH_DEBUG] Host 25 -> Host 53 (hops: 2) Path: 25 -> 29 -> 53
[PATH_DEBUG] Host 25 -> Host 54 (hops: 2) Path: 25 -> 30 -> 54
[PATH_DEBUG] Host 25 -> Host 55 (hops: 2) Path: 25 -> 31 -> 55
[PATH_DEBUG] Host 25 -> Host 56 (hops: 2) Path: 25 -> 24 -> 56
[PATH_DEBUG] Host 25 -> Host 57 (hops: 1) Path: 25 -> 57
[PATH_DEBUG] Host 25 -> Host 58 (hops: 2) Path: 25 -> 26 -> 58
[PATH_DEBUG] Host 25 -> Host 59 (hops: 2) Path: 25 -> 27 -> 59
[PATH_DEBUG] Host 25 -> Host 60 (hops: 2) Path: 25 -> 28 -> 60
[PATH_DEBUG] Host 25 -> Host 61 (hops: 2) Path: 25 -> 29 -> 61
[PATH_DEBUG] Host 25 -> Host 62 (hops: 2) Path: 25 -> 30 -> 62
[PATH_DEBUG] Host 25 -> Host 63 (hops: 2) Path: 25 -> 31 -> 63
[PATH_DEBUG] Host 26 -> Host 27 (hops: 1) Path: 26 -> 27
[PATH_DEBUG] Host 26 -> Host 28 (hops: 1) Path: 26 -> 28
[PATH_DEBUG] Host 26 -> Host 29 (hops: 1) Path: 26 -> 29
[PATH_DEBUG] Host 26 -> Host 30 (hops: 1) Path: 26 -> 30
[PATH_DEBUG] Host 26 -> Host 31 (hops: 1) Path: 26 -> 31
[PATH_DEBUG] Host 26 -> Host 32 (hops: 2) Path: 26 -> 24 -> 32
[PATH_DEBUG] Host 26 -> Host 33 (hops: 2) Path: 26 -> 25 -> 33
[PATH_DEBUG] Host 26 -> Host 34 (hops: 1) Path: 26 -> 34
[PATH_DEBUG] Host 26 -> Host 35 (hops: 2) Path: 26 -> 27 -> 35
[PATH_DEBUG] Host 26 -> Host 36 (hops: 2) Path: 26 -> 28 -> 36
[PATH_DEBUG] Host 26 -> Host 37 (hops: 2) Path: 26 -> 29 -> 37
[PATH_DEBUG] Host 26 -> Host 38 (hops: 2) Path: 26 -> 30 -> 38
[PATH_DEBUG] Host 26 -> Host 39 (hops: 2) Path: 26 -> 31 -> 39
[PATH_DEBUG] Host 26 -> Host 40 (hops: 2) Path: 26 -> 24 -> 40
[PATH_DEBUG] Host 26 -> Host 41 (hops: 2) Path: 26 -> 25 -> 41
[PATH_DEBUG] Host 26 -> Host 42 (hops: 1) Path: 26 -> 42
[PATH_DEBUG] Host 26 -> Host 43 (hops: 2) Path: 26 -> 27 -> 43
[PATH_DEBUG] Host 26 -> Host 44 (hops: 2) Path: 26 -> 28 -> 44
[PATH_DEBUG] Host 26 -> Host 45 (hops: 2) Path: 26 -> 29 -> 45
[PATH_DEBUG] Host 26 -> Host 46 (hops: 2) Path: 26 -> 30 -> 46
[PATH_DEBUG] Host 26 -> Host 47 (hops: 2) Path: 26 -> 31 -> 47
[PATH_DEBUG] Host 26 -> Host 48 (hops: 2) Path: 26 -> 24 -> 48
[PATH_DEBUG] Host 26 -> Host 49 (hops: 2) Path: 26 -> 25 -> 49
[PATH_DEBUG] Host 26 -> Host 50 (hops: 1) Path: 26 -> 50
[PATH_DEBUG] Host 26 -> Host 51 (hops: 2) Path: 26 -> 27 -> 51
[PATH_DEBUG] Host 26 -> Host 52 (hops: 2) Path: 26 -> 28 -> 52
[PATH_DEBUG] Host 26 -> Host 53 (hops: 2) Path: 26 -> 29 -> 53
[PATH_DEBUG] Host 26 -> Host 54 (hops: 2) Path: 26 -> 30 -> 54
[PATH_DEBUG] Host 26 -> Host 55 (hops: 2) Path: 26 -> 31 -> 55
[PATH_DEBUG] Host 26 -> Host 56 (hops: 2) Path: 26 -> 24 -> 56
[PATH_DEBUG] Host 26 -> Host 57 (hops: 2) Path: 26 -> 25 -> 57
[PATH_DEBUG] Host 26 -> Host 58 (hops: 1) Path: 26 -> 58
[PATH_DEBUG] Host 26 -> Host 59 (hops: 2) Path: 26 -> 27 -> 59
[PATH_DEBUG] Host 26 -> Host 60 (hops: 2) Path: 26 -> 28 -> 60
[PATH_DEBUG] Host 26 -> Host 61 (hops: 2) Path: 26 -> 29 -> 61
[PATH_DEBUG] Host 26 -> Host 62 (hops: 2) Path: 26 -> 30 -> 62
[PATH_DEBUG] Host 26 -> Host 63 (hops: 2) Path: 26 -> 31 -> 63
[PATH_DEBUG] Host 27 -> Host 28 (hops: 1) Path: 27 -> 28
[PATH_DEBUG] Host 27 -> Host 29 (hops: 1) Path: 27 -> 29
[PATH_DEBUG] Host 27 -> Host 30 (hops: 1) Path: 27 -> 30
[PATH_DEBUG] Host 27 -> Host 31 (hops: 1) Path: 27 -> 31
[PATH_DEBUG] Host 27 -> Host 32 (hops: 2) Path: 27 -> 24 -> 32
[PATH_DEBUG] Host 27 -> Host 33 (hops: 2) Path: 27 -> 25 -> 33
[PATH_DEBUG] Host 27 -> Host 34 (hops: 2) Path: 27 -> 26 -> 34
[PATH_DEBUG] Host 27 -> Host 35 (hops: 1) Path: 27 -> 35
[PATH_DEBUG] Host 27 -> Host 36 (hops: 2) Path: 27 -> 28 -> 36
[PATH_DEBUG] Host 27 -> Host 37 (hops: 2) Path: 27 -> 29 -> 37
[PATH_DEBUG] Host 27 -> Host 38 (hops: 2) Path: 27 -> 30 -> 38
[PATH_DEBUG] Host 27 -> Host 39 (hops: 2) Path: 27 -> 31 -> 39
[PATH_DEBUG] Host 27 -> Host 40 (hops: 2) Path: 27 -> 24 -> 40
[PATH_DEBUG] Host 27 -> Host 41 (hops: 2) Path: 27 -> 25 -> 41
[PATH_DEBUG] Host 27 -> Host 42 (hops: 2) Path: 27 -> 26 -> 42
[PATH_DEBUG] Host 27 -> Host 43 (hops: 1) Path: 27 -> 43
[PATH_DEBUG] Host 27 -> Host 44 (hops: 2) Path: 27 -> 28 -> 44
[PATH_DEBUG] Host 27 -> Host 45 (hops: 2) Path: 27 -> 29 -> 45
[PATH_DEBUG] Host 27 -> Host 46 (hops: 2) Path: 27 -> 30 -> 46
[PATH_DEBUG] Host 27 -> Host 47 (hops: 2) Path: 27 -> 31 -> 47
[PATH_DEBUG] Host 27 -> Host 48 (hops: 2) Path: 27 -> 24 -> 48
[PATH_DEBUG] Host 27 -> Host 49 (hops: 2) Path: 27 -> 25 -> 49
[PATH_DEBUG] Host 27 -> Host 50 (hops: 2) Path: 27 -> 26 -> 50
[PATH_DEBUG] Host 27 -> Host 51 (hops: 1) Path: 27 -> 51
[PATH_DEBUG] Host 27 -> Host 52 (hops: 2) Path: 27 -> 28 -> 52
[PATH_DEBUG] Host 27 -> Host 53 (hops: 2) Path: 27 -> 29 -> 53
[PATH_DEBUG] Host 27 -> Host 54 (hops: 2) Path: 27 -> 30 -> 54
[PATH_DEBUG] Host 27 -> Host 55 (hops: 2) Path: 27 -> 31 -> 55
[PATH_DEBUG] Host 27 -> Host 56 (hops: 2) Path: 27 -> 24 -> 56
[PATH_DEBUG] Host 27 -> Host 57 (hops: 2) Path: 27 -> 25 -> 57
[PATH_DEBUG] Host 27 -> Host 58 (hops: 2) Path: 27 -> 26 -> 58
[PATH_DEBUG] Host 27 -> Host 59 (hops: 1) Path: 27 -> 59
[PATH_DEBUG] Host 27 -> Host 60 (hops: 2) Path: 27 -> 28 -> 60
[PATH_DEBUG] Host 27 -> Host 61 (hops: 2) Path: 27 -> 29 -> 61
[PATH_DEBUG] Host 27 -> Host 62 (hops: 2) Path: 27 -> 30 -> 62
[PATH_DEBUG] Host 27 -> Host 63 (hops: 2) Path: 27 -> 31 -> 63
[PATH_DEBUG] Host 28 -> Host 29 (hops: 1) Path: 28 -> 29
[PATH_DEBUG] Host 28 -> Host 30 (hops: 1) Path: 28 -> 30
[PATH_DEBUG] Host 28 -> Host 31 (hops: 1) Path: 28 -> 31
[PATH_DEBUG] Host 28 -> Host 32 (hops: 2) Path: 28 -> 24 -> 32
[PATH_DEBUG] Host 28 -> Host 33 (hops: 2) Path: 28 -> 25 -> 33
[PATH_DEBUG] Host 28 -> Host 34 (hops: 2) Path: 28 -> 26 -> 34
[PATH_DEBUG] Host 28 -> Host 35 (hops: 2) Path: 28 -> 27 -> 35
[PATH_DEBUG] Host 28 -> Host 36 (hops: 1) Path: 28 -> 36
[PATH_DEBUG] Host 28 -> Host 37 (hops: 2) Path: 28 -> 29 -> 37
[PATH_DEBUG] Host 28 -> Host 38 (hops: 2) Path: 28 -> 30 -> 38
[PATH_DEBUG] Host 28 -> Host 39 (hops: 2) Path: 28 -> 31 -> 39
[PATH_DEBUG] Host 28 -> Host 40 (hops: 2) Path: 28 -> 24 -> 40
[PATH_DEBUG] Host 28 -> Host 41 (hops: 2) Path: 28 -> 25 -> 41
[PATH_DEBUG] Host 28 -> Host 42 (hops: 2) Path: 28 -> 26 -> 42
[PATH_DEBUG] Host 28 -> Host 43 (hops: 2) Path: 28 -> 27 -> 43
[PATH_DEBUG] Host 28 -> Host 44 (hops: 1) Path: 28 -> 44
[PATH_DEBUG] Host 28 -> Host 45 (hops: 2) Path: 28 -> 29 -> 45
[PATH_DEBUG] Host 28 -> Host 46 (hops: 2) Path: 28 -> 30 -> 46
[PATH_DEBUG] Host 28 -> Host 47 (hops: 2) Path: 28 -> 31 -> 47
[PATH_DEBUG] Host 28 -> Host 48 (hops: 2) Path: 28 -> 24 -> 48
[PATH_DEBUG] Host 28 -> Host 49 (hops: 2) Path: 28 -> 25 -> 49
[PATH_DEBUG] Host 28 -> Host 50 (hops: 2) Path: 28 -> 26 -> 50
[PATH_DEBUG] Host 28 -> Host 51 (hops: 2) Path: 28 -> 27 -> 51
[PATH_DEBUG] Host 28 -> Host 52 (hops: 1) Path: 28 -> 52
[PATH_DEBUG] Host 28 -> Host 53 (hops: 2) Path: 28 -> 29 -> 53
[PATH_DEBUG] Host 28 -> Host 54 (hops: 2) Path: 28 -> 30 -> 54
[PATH_DEBUG] Host 28 -> Host 55 (hops: 2) Path: 28 -> 31 -> 55
[PATH_DEBUG] Host 28 -> Host 56 (hops: 2) Path: 28 -> 24 -> 56
[PATH_DEBUG] Host 28 -> Host 57 (hops: 2) Path: 28 -> 25 -> 57
[PATH_DEBUG] Host 28 -> Host 58 (hops: 2) Path: 28 -> 26 -> 58
[PATH_DEBUG] Host 28 -> Host 59 (hops: 2) Path: 28 -> 27 -> 59
[PATH_DEBUG] Host 28 -> Host 60 (hops: 1) Path: 28 -> 60
[PATH_DEBUG] Host 28 -> Host 61 (hops: 2) Path: 28 -> 29 -> 61
[PATH_DEBUG] Host 28 -> Host 62 (hops: 2) Path: 28 -> 30 -> 62
[PATH_DEBUG] Host 28 -> Host 63 (hops: 2) Path: 28 -> 31 -> 63
[PATH_DEBUG] Host 29 -> Host 30 (hops: 1) Path: 29 -> 30
[PATH_DEBUG] Host 29 -> Host 31 (hops: 1) Path: 29 -> 31
[PATH_DEBUG] Host 29 -> Host 32 (hops: 2) Path: 29 -> 24 -> 32
[PATH_DEBUG] Host 29 -> Host 33 (hops: 2) Path: 29 -> 25 -> 33
[PATH_DEBUG] Host 29 -> Host 34 (hops: 2) Path: 29 -> 26 -> 34
[PATH_DEBUG] Host 29 -> Host 35 (hops: 2) Path: 29 -> 27 -> 35
[PATH_DEBUG] Host 29 -> Host 36 (hops: 2) Path: 29 -> 28 -> 36
[PATH_DEBUG] Host 29 -> Host 37 (hops: 1) Path: 29 -> 37
[PATH_DEBUG] Host 29 -> Host 38 (hops: 2) Path: 29 -> 30 -> 38
[PATH_DEBUG] Host 29 -> Host 39 (hops: 2) Path: 29 -> 31 -> 39
[PATH_DEBUG] Host 29 -> Host 40 (hops: 2) Path: 29 -> 24 -> 40
[PATH_DEBUG] Host 29 -> Host 41 (hops: 2) Path: 29 -> 25 -> 41
[PATH_DEBUG] Host 29 -> Host 42 (hops: 2) Path: 29 -> 26 -> 42
[PATH_DEBUG] Host 29 -> Host 43 (hops: 2) Path: 29 -> 27 -> 43
[PATH_DEBUG] Host 29 -> Host 44 (hops: 2) Path: 29 -> 28 -> 44
[PATH_DEBUG] Host 29 -> Host 45 (hops: 1) Path: 29 -> 45
[PATH_DEBUG] Host 29 -> Host 46 (hops: 2) Path: 29 -> 30 -> 46
[PATH_DEBUG] Host 29 -> Host 47 (hops: 2) Path: 29 -> 31 -> 47
[PATH_DEBUG] Host 29 -> Host 48 (hops: 2) Path: 29 -> 24 -> 48
[PATH_DEBUG] Host 29 -> Host 49 (hops: 2) Path: 29 -> 25 -> 49
[PATH_DEBUG] Host 29 -> Host 50 (hops: 2) Path: 29 -> 26 -> 50
[PATH_DEBUG] Host 29 -> Host 51 (hops: 2) Path: 29 -> 27 -> 51
[PATH_DEBUG] Host 29 -> Host 52 (hops: 2) Path: 29 -> 28 -> 52
[PATH_DEBUG] Host 29 -> Host 53 (hops: 1) Path: 29 -> 53
[PATH_DEBUG] Host 29 -> Host 54 (hops: 2) Path: 29 -> 30 -> 54
[PATH_DEBUG] Host 29 -> Host 55 (hops: 2) Path: 29 -> 31 -> 55
[PATH_DEBUG] Host 29 -> Host 56 (hops: 2) Path: 29 -> 24 -> 56
[PATH_DEBUG] Host 29 -> Host 57 (hops: 2) Path: 29 -> 25 -> 57
[PATH_DEBUG] Host 29 -> Host 58 (hops: 2) Path: 29 -> 26 -> 58
[PATH_DEBUG] Host 29 -> Host 59 (hops: 2) Path: 29 -> 27 -> 59
[PATH_DEBUG] Host 29 -> Host 60 (hops: 2) Path: 29 -> 28 -> 60
[PATH_DEBUG] Host 29 -> Host 61 (hops: 1) Path: 29 -> 61
[PATH_DEBUG] Host 29 -> Host 62 (hops: 2) Path: 29 -> 30 -> 62
[PATH_DEBUG] Host 29 -> Host 63 (hops: 2) Path: 29 -> 31 -> 63
[PATH_DEBUG] Host 30 -> Host 31 (hops: 1) Path: 30 -> 31
[PATH_DEBUG] Host 30 -> Host 32 (hops: 2) Path: 30 -> 24 -> 32
[PATH_DEBUG] Host 30 -> Host 33 (hops: 2) Path: 30 -> 25 -> 33
[PATH_DEBUG] Host 30 -> Host 34 (hops: 2) Path: 30 -> 26 -> 34
[PATH_DEBUG] Host 30 -> Host 35 (hops: 2) Path: 30 -> 27 -> 35
[PATH_DEBUG] Host 30 -> Host 36 (hops: 2) Path: 30 -> 28 -> 36
[PATH_DEBUG] Host 30 -> Host 37 (hops: 2) Path: 30 -> 29 -> 37
[PATH_DEBUG] Host 30 -> Host 38 (hops: 1) Path: 30 -> 38
[PATH_DEBUG] Host 30 -> Host 39 (hops: 2) Path: 30 -> 31 -> 39
[PATH_DEBUG] Host 30 -> Host 40 (hops: 2) Path: 30 -> 24 -> 40
[PATH_DEBUG] Host 30 -> Host 41 (hops: 2) Path: 30 -> 25 -> 41
[PATH_DEBUG] Host 30 -> Host 42 (hops: 2) Path: 30 -> 26 -> 42
[PATH_DEBUG] Host 30 -> Host 43 (hops: 2) Path: 30 -> 27 -> 43
[PATH_DEBUG] Host 30 -> Host 44 (hops: 2) Path: 30 -> 28 -> 44
[PATH_DEBUG] Host 30 -> Host 45 (hops: 2) Path: 30 -> 29 -> 45
[PATH_DEBUG] Host 30 -> Host 46 (hops: 1) Path: 30 -> 46
[PATH_DEBUG] Host 30 -> Host 47 (hops: 2) Path: 30 -> 31 -> 47
[PATH_DEBUG] Host 30 -> Host 48 (hops: 2) Path: 30 -> 24 -> 48
[PATH_DEBUG] Host 30 -> Host 49 (hops: 2) Path: 30 -> 25 -> 49
[PATH_DEBUG] Host 30 -> Host 50 (hops: 2) Path: 30 -> 26 -> 50
[PATH_DEBUG] Host 30 -> Host 51 (hops: 2) Path: 30 -> 27 -> 51
[PATH_DEBUG] Host 30 -> Host 52 (hops: 2) Path: 30 -> 28 -> 52
[PATH_DEBUG] Host 30 -> Host 53 (hops: 2) Path: 30 -> 29 -> 53
[PATH_DEBUG] Host 30 -> Host 54 (hops: 1) Path: 30 -> 54
[PATH_DEBUG] Host 30 -> Host 55 (hops: 2) Path: 30 -> 31 -> 55
[PATH_DEBUG] Host 30 -> Host 56 (hops: 2) Path: 30 -> 24 -> 56
[PATH_DEBUG] Host 30 -> Host 57 (hops: 2) Path: 30 -> 25 -> 57
[PATH_DEBUG] Host 30 -> Host 58 (hops: 2) Path: 30 -> 26 -> 58
[PATH_DEBUG] Host 30 -> Host 59 (hops: 2) Path: 30 -> 27 -> 59
[PATH_DEBUG] Host 30 -> Host 60 (hops: 2) Path: 30 -> 28 -> 60
[PATH_DEBUG] Host 30 -> Host 61 (hops: 2) Path: 30 -> 29 -> 61
[PATH_DEBUG] Host 30 -> Host 62 (hops: 1) Path: 30 -> 62
[PATH_DEBUG] Host 30 -> Host 63 (hops: 2) Path: 30 -> 31 -> 63
[PATH_DEBUG] Host 31 -> Host 32 (hops: 2) Path: 31 -> 24 -> 32
[PATH_DEBUG] Host 31 -> Host 33 (hops: 2) Path: 31 -> 25 -> 33
[PATH_DEBUG] Host 31 -> Host 34 (hops: 2) Path: 31 -> 26 -> 34
[PATH_DEBUG] Host 31 -> Host 35 (hops: 2) Path: 31 -> 27 -> 35
[PATH_DEBUG] Host 31 -> Host 36 (hops: 2) Path: 31 -> 28 -> 36
[PATH_DEBUG] Host 31 -> Host 37 (hops: 2) Path: 31 -> 29 -> 37
[PATH_DEBUG] Host 31 -> Host 38 (hops: 2) Path: 31 -> 30 -> 38
[PATH_DEBUG] Host 31 -> Host 39 (hops: 1) Path: 31 -> 39
[PATH_DEBUG] Host 31 -> Host 40 (hops: 2) Path: 31 -> 24 -> 40
[PATH_DEBUG] Host 31 -> Host 41 (hops: 2) Path: 31 -> 25 -> 41
[PATH_DEBUG] Host 31 -> Host 42 (hops: 2) Path: 31 -> 26 -> 42
[PATH_DEBUG] Host 31 -> Host 43 (hops: 2) Path: 31 -> 27 -> 43
[PATH_DEBUG] Host 31 -> Host 44 (hops: 2) Path: 31 -> 28 -> 44
[PATH_DEBUG] Host 31 -> Host 45 (hops: 2) Path: 31 -> 29 -> 45
[PATH_DEBUG] Host 31 -> Host 46 (hops: 2) Path: 31 -> 30 -> 46
[PATH_DEBUG] Host 31 -> Host 47 (hops: 1) Path: 31 -> 47
[PATH_DEBUG] Host 31 -> Host 48 (hops: 2) Path: 31 -> 24 -> 48
[PATH_DEBUG] Host 31 -> Host 49 (hops: 2) Path: 31 -> 25 -> 49
[PATH_DEBUG] Host 31 -> Host 50 (hops: 2) Path: 31 -> 26 -> 50
[PATH_DEBUG] Host 31 -> Host 51 (hops: 2) Path: 31 -> 27 -> 51
[PATH_DEBUG] Host 31 -> Host 52 (hops: 2) Path: 31 -> 28 -> 52
[PATH_DEBUG] Host 31 -> Host 53 (hops: 2) Path: 31 -> 29 -> 53
[PATH_DEBUG] Host 31 -> Host 54 (hops: 2) Path: 31 -> 30 -> 54
[PATH_DEBUG] Host 31 -> Host 55 (hops: 1) Path: 31 -> 55
[PATH_DEBUG] Host 31 -> Host 56 (hops: 2) Path: 31 -> 24 -> 56
[PATH_DEBUG] Host 31 -> Host 57 (hops: 2) Path: 31 -> 25 -> 57
[PATH_DEBUG] Host 31 -> Host 58 (hops: 2) Path: 31 -> 26 -> 58
[PATH_DEBUG] Host 31 -> Host 59 (hops: 2) Path: 31 -> 27 -> 59
[PATH_DEBUG] Host 31 -> Host 60 (hops: 2) Path: 31 -> 28 -> 60
[PATH_DEBUG] Host 31 -> Host 61 (hops: 2) Path: 31 -> 29 -> 61
[PATH_DEBUG] Host 31 -> Host 62 (hops: 2) Path: 31 -> 30 -> 62
[PATH_DEBUG] Host 31 -> Host 63 (hops: 1) Path: 31 -> 63
[PATH_DEBUG] Host 32 -> Host 33 (hops: 1) Path: 32 -> 33
[PATH_DEBUG] Host 32 -> Host 34 (hops: 1) Path: 32 -> 34
[PATH_DEBUG] Host 32 -> Host 35 (hops: 1) Path: 32 -> 35
[PATH_DEBUG] Host 32 -> Host 36 (hops: 1) Path: 32 -> 36
[PATH_DEBUG] Host 32 -> Host 37 (hops: 1) Path: 32 -> 37
[PATH_DEBUG] Host 32 -> Host 38 (hops: 1) Path: 32 -> 38
[PATH_DEBUG] Host 32 -> Host 39 (hops: 1) Path: 32 -> 39
[PATH_DEBUG] Host 32 -> Host 40 (hops: 1) Path: 32 -> 40
[PATH_DEBUG] Host 32 -> Host 41 (hops: 2) Path: 32 -> 33 -> 41
[PATH_DEBUG] Host 32 -> Host 42 (hops: 2) Path: 32 -> 34 -> 42
[PATH_DEBUG] Host 32 -> Host 43 (hops: 2) Path: 32 -> 35 -> 43
[PATH_DEBUG] Host 32 -> Host 44 (hops: 2) Path: 32 -> 36 -> 44
[PATH_DEBUG] Host 32 -> Host 45 (hops: 2) Path: 32 -> 37 -> 45
[PATH_DEBUG] Host 32 -> Host 46 (hops: 2) Path: 32 -> 38 -> 46
[PATH_DEBUG] Host 32 -> Host 47 (hops: 2) Path: 32 -> 39 -> 47
[PATH_DEBUG] Host 32 -> Host 48 (hops: 1) Path: 32 -> 48
[PATH_DEBUG] Host 32 -> Host 49 (hops: 2) Path: 32 -> 33 -> 49
[PATH_DEBUG] Host 32 -> Host 50 (hops: 2) Path: 32 -> 34 -> 50
[PATH_DEBUG] Host 32 -> Host 51 (hops: 2) Path: 32 -> 35 -> 51
[PATH_DEBUG] Host 32 -> Host 52 (hops: 2) Path: 32 -> 36 -> 52
[PATH_DEBUG] Host 32 -> Host 53 (hops: 2) Path: 32 -> 37 -> 53
[PATH_DEBUG] Host 32 -> Host 54 (hops: 2) Path: 32 -> 38 -> 54
[PATH_DEBUG] Host 32 -> Host 55 (hops: 2) Path: 32 -> 39 -> 55
[PATH_DEBUG] Host 32 -> Host 56 (hops: 1) Path: 32 -> 56
[PATH_DEBUG] Host 32 -> Host 57 (hops: 2) Path: 32 -> 33 -> 57
[PATH_DEBUG] Host 32 -> Host 58 (hops: 2) Path: 32 -> 34 -> 58
[PATH_DEBUG] Host 32 -> Host 59 (hops: 2) Path: 32 -> 35 -> 59
[PATH_DEBUG] Host 32 -> Host 60 (hops: 2) Path: 32 -> 36 -> 60
[PATH_DEBUG] Host 32 -> Host 61 (hops: 2) Path: 32 -> 37 -> 61
[PATH_DEBUG] Host 32 -> Host 62 (hops: 2) Path: 32 -> 38 -> 62
[PATH_DEBUG] Host 32 -> Host 63 (hops: 2) Path: 32 -> 39 -> 63
[PATH_DEBUG] Host 33 -> Host 34 (hops: 1) Path: 33 -> 34
[PATH_DEBUG] Host 33 -> Host 35 (hops: 1) Path: 33 -> 35
[PATH_DEBUG] Host 33 -> Host 36 (hops: 1) Path: 33 -> 36
[PATH_DEBUG] Host 33 -> Host 37 (hops: 1) Path: 33 -> 37
[PATH_DEBUG] Host 33 -> Host 38 (hops: 1) Path: 33 -> 38
[PATH_DEBUG] Host 33 -> Host 39 (hops: 1) Path: 33 -> 39
[PATH_DEBUG] Host 33 -> Host 40 (hops: 2) Path: 33 -> 32 -> 40
[PATH_DEBUG] Host 33 -> Host 41 (hops: 1) Path: 33 -> 41
[PATH_DEBUG] Host 33 -> Host 42 (hops: 2) Path: 33 -> 34 -> 42
[PATH_DEBUG] Host 33 -> Host 43 (hops: 2) Path: 33 -> 35 -> 43
[PATH_DEBUG] Host 33 -> Host 44 (hops: 2) Path: 33 -> 36 -> 44
[PATH_DEBUG] Host 33 -> Host 45 (hops: 2) Path: 33 -> 37 -> 45
[PATH_DEBUG] Host 33 -> Host 46 (hops: 2) Path: 33 -> 38 -> 46
[PATH_DEBUG] Host 33 -> Host 47 (hops: 2) Path: 33 -> 39 -> 47
[PATH_DEBUG] Host 33 -> Host 48 (hops: 2) Path: 33 -> 32 -> 48
[PATH_DEBUG] Host 33 -> Host 49 (hops: 1) Path: 33 -> 49
[PATH_DEBUG] Host 33 -> Host 50 (hops: 2) Path: 33 -> 34 -> 50
[PATH_DEBUG] Host 33 -> Host 51 (hops: 2) Path: 33 -> 35 -> 51
[PATH_DEBUG] Host 33 -> Host 52 (hops: 2) Path: 33 -> 36 -> 52
[PATH_DEBUG] Host 33 -> Host 53 (hops: 2) Path: 33 -> 37 -> 53
[PATH_DEBUG] Host 33 -> Host 54 (hops: 2) Path: 33 -> 38 -> 54
[PATH_DEBUG] Host 33 -> Host 55 (hops: 2) Path: 33 -> 39 -> 55
[PATH_DEBUG] Host 33 -> Host 56 (hops: 2) Path: 33 -> 32 -> 56
[PATH_DEBUG] Host 33 -> Host 57 (hops: 1) Path: 33 -> 57
[PATH_DEBUG] Host 33 -> Host 58 (hops: 2) Path: 33 -> 34 -> 58
[PATH_DEBUG] Host 33 -> Host 59 (hops: 2) Path: 33 -> 35 -> 59
[PATH_DEBUG] Host 33 -> Host 60 (hops: 2) Path: 33 -> 36 -> 60
[PATH_DEBUG] Host 33 -> Host 61 (hops: 2) Path: 33 -> 37 -> 61
[PATH_DEBUG] Host 33 -> Host 62 (hops: 2) Path: 33 -> 38 -> 62
[PATH_DEBUG] Host 33 -> Host 63 (hops: 2) Path: 33 -> 39 -> 63
[PATH_DEBUG] Host 34 -> Host 35 (hops: 1) Path: 34 -> 35
[PATH_DEBUG] Host 34 -> Host 36 (hops: 1) Path: 34 -> 36
[PATH_DEBUG] Host 34 -> Host 37 (hops: 1) Path: 34 -> 37
[PATH_DEBUG] Host 34 -> Host 38 (hops: 1) Path: 34 -> 38
[PATH_DEBUG] Host 34 -> Host 39 (hops: 1) Path: 34 -> 39
[PATH_DEBUG] Host 34 -> Host 40 (hops: 2) Path: 34 -> 32 -> 40
[PATH_DEBUG] Host 34 -> Host 41 (hops: 2) Path: 34 -> 33 -> 41
[PATH_DEBUG] Host 34 -> Host 42 (hops: 1) Path: 34 -> 42
[PATH_DEBUG] Host 34 -> Host 43 (hops: 2) Path: 34 -> 35 -> 43
[PATH_DEBUG] Host 34 -> Host 44 (hops: 2) Path: 34 -> 36 -> 44
[PATH_DEBUG] Host 34 -> Host 45 (hops: 2) Path: 34 -> 37 -> 45
[PATH_DEBUG] Host 34 -> Host 46 (hops: 2) Path: 34 -> 38 -> 46
[PATH_DEBUG] Host 34 -> Host 47 (hops: 2) Path: 34 -> 39 -> 47
[PATH_DEBUG] Host 34 -> Host 48 (hops: 2) Path: 34 -> 32 -> 48
[PATH_DEBUG] Host 34 -> Host 49 (hops: 2) Path: 34 -> 33 -> 49
[PATH_DEBUG] Host 34 -> Host 50 (hops: 1) Path: 34 -> 50
[PATH_DEBUG] Host 34 -> Host 51 (hops: 2) Path: 34 -> 35 -> 51
[PATH_DEBUG] Host 34 -> Host 52 (hops: 2) Path: 34 -> 36 -> 52
[PATH_DEBUG] Host 34 -> Host 53 (hops: 2) Path: 34 -> 37 -> 53
[PATH_DEBUG] Host 34 -> Host 54 (hops: 2) Path: 34 -> 38 -> 54
[PATH_DEBUG] Host 34 -> Host 55 (hops: 2) Path: 34 -> 39 -> 55
[PATH_DEBUG] Host 34 -> Host 56 (hops: 2) Path: 34 -> 32 -> 56
[PATH_DEBUG] Host 34 -> Host 57 (hops: 2) Path: 34 -> 33 -> 57
[PATH_DEBUG] Host 34 -> Host 58 (hops: 1) Path: 34 -> 58
[PATH_DEBUG] Host 34 -> Host 59 (hops: 2) Path: 34 -> 35 -> 59
[PATH_DEBUG] Host 34 -> Host 60 (hops: 2) Path: 34 -> 36 -> 60
[PATH_DEBUG] Host 34 -> Host 61 (hops: 2) Path: 34 -> 37 -> 61
[PATH_DEBUG] Host 34 -> Host 62 (hops: 2) Path: 34 -> 38 -> 62
[PATH_DEBUG] Host 34 -> Host 63 (hops: 2) Path: 34 -> 39 -> 63
[PATH_DEBUG] Host 35 -> Host 36 (hops: 1) Path: 35 -> 36
[PATH_DEBUG] Host 35 -> Host 37 (hops: 1) Path: 35 -> 37
[PATH_DEBUG] Host 35 -> Host 38 (hops: 1) Path: 35 -> 38
[PATH_DEBUG] Host 35 -> Host 39 (hops: 1) Path: 35 -> 39
[PATH_DEBUG] Host 35 -> Host 40 (hops: 2) Path: 35 -> 32 -> 40
[PATH_DEBUG] Host 35 -> Host 41 (hops: 2) Path: 35 -> 33 -> 41
[PATH_DEBUG] Host 35 -> Host 42 (hops: 2) Path: 35 -> 34 -> 42
[PATH_DEBUG] Host 35 -> Host 43 (hops: 1) Path: 35 -> 43
[PATH_DEBUG] Host 35 -> Host 44 (hops: 2) Path: 35 -> 36 -> 44
[PATH_DEBUG] Host 35 -> Host 45 (hops: 2) Path: 35 -> 37 -> 45
[PATH_DEBUG] Host 35 -> Host 46 (hops: 2) Path: 35 -> 38 -> 46
[PATH_DEBUG] Host 35 -> Host 47 (hops: 2) Path: 35 -> 39 -> 47
[PATH_DEBUG] Host 35 -> Host 48 (hops: 2) Path: 35 -> 32 -> 48
[PATH_DEBUG] Host 35 -> Host 49 (hops: 2) Path: 35 -> 33 -> 49
[PATH_DEBUG] Host 35 -> Host 50 (hops: 2) Path: 35 -> 34 -> 50
[PATH_DEBUG] Host 35 -> Host 51 (hops: 1) Path: 35 -> 51
[PATH_DEBUG] Host 35 -> Host 52 (hops: 2) Path: 35 -> 36 -> 52
[PATH_DEBUG] Host 35 -> Host 53 (hops: 2) Path: 35 -> 37 -> 53
[PATH_DEBUG] Host 35 -> Host 54 (hops: 2) Path: 35 -> 38 -> 54
[PATH_DEBUG] Host 35 -> Host 55 (hops: 2) Path: 35 -> 39 -> 55
[PATH_DEBUG] Host 35 -> Host 56 (hops: 2) Path: 35 -> 32 -> 56
[PATH_DEBUG] Host 35 -> Host 57 (hops: 2) Path: 35 -> 33 -> 57
[PATH_DEBUG] Host 35 -> Host 58 (hops: 2) Path: 35 -> 34 -> 58
[PATH_DEBUG] Host 35 -> Host 59 (hops: 1) Path: 35 -> 59
[PATH_DEBUG] Host 35 -> Host 60 (hops: 2) Path: 35 -> 36 -> 60
[PATH_DEBUG] Host 35 -> Host 61 (hops: 2) Path: 35 -> 37 -> 61
[PATH_DEBUG] Host 35 -> Host 62 (hops: 2) Path: 35 -> 38 -> 62
[PATH_DEBUG] Host 35 -> Host 63 (hops: 2) Path: 35 -> 39 -> 63
[PATH_DEBUG] Host 36 -> Host 37 (hops: 1) Path: 36 -> 37
[PATH_DEBUG] Host 36 -> Host 38 (hops: 1) Path: 36 -> 38
[PATH_DEBUG] Host 36 -> Host 39 (hops: 1) Path: 36 -> 39
[PATH_DEBUG] Host 36 -> Host 40 (hops: 2) Path: 36 -> 32 -> 40
[PATH_DEBUG] Host 36 -> Host 41 (hops: 2) Path: 36 -> 33 -> 41
[PATH_DEBUG] Host 36 -> Host 42 (hops: 2) Path: 36 -> 34 -> 42
[PATH_DEBUG] Host 36 -> Host 43 (hops: 2) Path: 36 -> 35 -> 43
[PATH_DEBUG] Host 36 -> Host 44 (hops: 1) Path: 36 -> 44
[PATH_DEBUG] Host 36 -> Host 45 (hops: 2) Path: 36 -> 37 -> 45
[PATH_DEBUG] Host 36 -> Host 46 (hops: 2) Path: 36 -> 38 -> 46
[PATH_DEBUG] Host 36 -> Host 47 (hops: 2) Path: 36 -> 39 -> 47
[PATH_DEBUG] Host 36 -> Host 48 (hops: 2) Path: 36 -> 32 -> 48
[PATH_DEBUG] Host 36 -> Host 49 (hops: 2) Path: 36 -> 33 -> 49
[PATH_DEBUG] Host 36 -> Host 50 (hops: 2) Path: 36 -> 34 -> 50
[PATH_DEBUG] Host 36 -> Host 51 (hops: 2) Path: 36 -> 35 -> 51
[PATH_DEBUG] Host 36 -> Host 52 (hops: 1) Path: 36 -> 52
[PATH_DEBUG] Host 36 -> Host 53 (hops: 2) Path: 36 -> 37 -> 53
[PATH_DEBUG] Host 36 -> Host 54 (hops: 2) Path: 36 -> 38 -> 54
[PATH_DEBUG] Host 36 -> Host 55 (hops: 2) Path: 36 -> 39 -> 55
[PATH_DEBUG] Host 36 -> Host 56 (hops: 2) Path: 36 -> 32 -> 56
[PATH_DEBUG] Host 36 -> Host 57 (hops: 2) Path: 36 -> 33 -> 57
[PATH_DEBUG] Host 36 -> Host 58 (hops: 2) Path: 36 -> 34 -> 58
[PATH_DEBUG] Host 36 -> Host 59 (hops: 2) Path: 36 -> 35 -> 59
[PATH_DEBUG] Host 36 -> Host 60 (hops: 1) Path: 36 -> 60
[PATH_DEBUG] Host 36 -> Host 61 (hops: 2) Path: 36 -> 37 -> 61
[PATH_DEBUG] Host 36 -> Host 62 (hops: 2) Path: 36 -> 38 -> 62
[PATH_DEBUG] Host 36 -> Host 63 (hops: 2) Path: 36 -> 39 -> 63
[PATH_DEBUG] Host 37 -> Host 38 (hops: 1) Path: 37 -> 38
[PATH_DEBUG] Host 37 -> Host 39 (hops: 1) Path: 37 -> 39
[PATH_DEBUG] Host 37 -> Host 40 (hops: 2) Path: 37 -> 32 -> 40
[PATH_DEBUG] Host 37 -> Host 41 (hops: 2) Path: 37 -> 33 -> 41
[PATH_DEBUG] Host 37 -> Host 42 (hops: 2) Path: 37 -> 34 -> 42
[PATH_DEBUG] Host 37 -> Host 43 (hops: 2) Path: 37 -> 35 -> 43
[PATH_DEBUG] Host 37 -> Host 44 (hops: 2) Path: 37 -> 36 -> 44
[PATH_DEBUG] Host 37 -> Host 45 (hops: 1) Path: 37 -> 45
[PATH_DEBUG] Host 37 -> Host 46 (hops: 2) Path: 37 -> 38 -> 46
[PATH_DEBUG] Host 37 -> Host 47 (hops: 2) Path: 37 -> 39 -> 47
[PATH_DEBUG] Host 37 -> Host 48 (hops: 2) Path: 37 -> 32 -> 48
[PATH_DEBUG] Host 37 -> Host 49 (hops: 2) Path: 37 -> 33 -> 49
[PATH_DEBUG] Host 37 -> Host 50 (hops: 2) Path: 37 -> 34 -> 50
[PATH_DEBUG] Host 37 -> Host 51 (hops: 2) Path: 37 -> 35 -> 51
[PATH_DEBUG] Host 37 -> Host 52 (hops: 2) Path: 37 -> 36 -> 52
[PATH_DEBUG] Host 37 -> Host 53 (hops: 1) Path: 37 -> 53
[PATH_DEBUG] Host 37 -> Host 54 (hops: 2) Path: 37 -> 38 -> 54
[PATH_DEBUG] Host 37 -> Host 55 (hops: 2) Path: 37 -> 39 -> 55
[PATH_DEBUG] Host 37 -> Host 56 (hops: 2) Path: 37 -> 32 -> 56
[PATH_DEBUG] Host 37 -> Host 57 (hops: 2) Path: 37 -> 33 -> 57
[PATH_DEBUG] Host 37 -> Host 58 (hops: 2) Path: 37 -> 34 -> 58
[PATH_DEBUG] Host 37 -> Host 59 (hops: 2) Path: 37 -> 35 -> 59
[PATH_DEBUG] Host 37 -> Host 60 (hops: 2) Path: 37 -> 36 -> 60
[PATH_DEBUG] Host 37 -> Host 61 (hops: 1) Path: 37 -> 61
[PATH_DEBUG] Host 37 -> Host 62 (hops: 2) Path: 37 -> 38 -> 62
[PATH_DEBUG] Host 37 -> Host 63 (hops: 2) Path: 37 -> 39 -> 63
[PATH_DEBUG] Host 38 -> Host 39 (hops: 1) Path: 38 -> 39
[PATH_DEBUG] Host 38 -> Host 40 (hops: 2) Path: 38 -> 32 -> 40
[PATH_DEBUG] Host 38 -> Host 41 (hops: 2) Path: 38 -> 33 -> 41
[PATH_DEBUG] Host 38 -> Host 42 (hops: 2) Path: 38 -> 34 -> 42
[PATH_DEBUG] Host 38 -> Host 43 (hops: 2) Path: 38 -> 35 -> 43
[PATH_DEBUG] Host 38 -> Host 44 (hops: 2) Path: 38 -> 36 -> 44
[PATH_DEBUG] Host 38 -> Host 45 (hops: 2) Path: 38 -> 37 -> 45
[PATH_DEBUG] Host 38 -> Host 46 (hops: 1) Path: 38 -> 46
[PATH_DEBUG] Host 38 -> Host 47 (hops: 2) Path: 38 -> 39 -> 47
[PATH_DEBUG] Host 38 -> Host 48 (hops: 2) Path: 38 -> 32 -> 48
[PATH_DEBUG] Host 38 -> Host 49 (hops: 2) Path: 38 -> 33 -> 49
[PATH_DEBUG] Host 38 -> Host 50 (hops: 2) Path: 38 -> 34 -> 50
[PATH_DEBUG] Host 38 -> Host 51 (hops: 2) Path: 38 -> 35 -> 51
[PATH_DEBUG] Host 38 -> Host 52 (hops: 2) Path: 38 -> 36 -> 52
[PATH_DEBUG] Host 38 -> Host 53 (hops: 2) Path: 38 -> 37 -> 53
[PATH_DEBUG] Host 38 -> Host 54 (hops: 1) Path: 38 -> 54
[PATH_DEBUG] Host 38 -> Host 55 (hops: 2) Path: 38 -> 39 -> 55
[PATH_DEBUG] Host 38 -> Host 56 (hops: 2) Path: 38 -> 32 -> 56
[PATH_DEBUG] Host 38 -> Host 57 (hops: 2) Path: 38 -> 33 -> 57
[PATH_DEBUG] Host 38 -> Host 58 (hops: 2) Path: 38 -> 34 -> 58
[PATH_DEBUG] Host 38 -> Host 59 (hops: 2) Path: 38 -> 35 -> 59
[PATH_DEBUG] Host 38 -> Host 60 (hops: 2) Path: 38 -> 36 -> 60
[PATH_DEBUG] Host 38 -> Host 61 (hops: 2) Path: 38 -> 37 -> 61
[PATH_DEBUG] Host 38 -> Host 62 (hops: 1) Path: 38 -> 62
[PATH_DEBUG] Host 38 -> Host 63 (hops: 2) Path: 38 -> 39 -> 63
[PATH_DEBUG] Host 39 -> Host 40 (hops: 2) Path: 39 -> 32 -> 40
[PATH_DEBUG] Host 39 -> Host 41 (hops: 2) Path: 39 -> 33 -> 41
[PATH_DEBUG] Host 39 -> Host 42 (hops: 2) Path: 39 -> 34 -> 42
[PATH_DEBUG] Host 39 -> Host 43 (hops: 2) Path: 39 -> 35 -> 43
[PATH_DEBUG] Host 39 -> Host 44 (hops: 2) Path: 39 -> 36 -> 44
[PATH_DEBUG] Host 39 -> Host 45 (hops: 2) Path: 39 -> 37 -> 45
[PATH_DEBUG] Host 39 -> Host 46 (hops: 2) Path: 39 -> 38 -> 46
[PATH_DEBUG] Host 39 -> Host 47 (hops: 1) Path: 39 -> 47
[PATH_DEBUG] Host 39 -> Host 48 (hops: 2) Path: 39 -> 32 -> 48
[PATH_DEBUG] Host 39 -> Host 49 (hops: 2) Path: 39 -> 33 -> 49
[PATH_DEBUG] Host 39 -> Host 50 (hops: 2) Path: 39 -> 34 -> 50
[PATH_DEBUG] Host 39 -> Host 51 (hops: 2) Path: 39 -> 35 -> 51
[PATH_DEBUG] Host 39 -> Host 52 (hops: 2) Path: 39 -> 36 -> 52
[PATH_DEBUG] Host 39 -> Host 53 (hops: 2) Path: 39 -> 37 -> 53
[PATH_DEBUG] Host 39 -> Host 54 (hops: 2) Path: 39 -> 38 -> 54
[PATH_DEBUG] Host 39 -> Host 55 (hops: 1) Path: 39 -> 55
[PATH_DEBUG] Host 39 -> Host 56 (hops: 2) Path: 39 -> 32 -> 56
[PATH_DEBUG] Host 39 -> Host 57 (hops: 2) Path: 39 -> 33 -> 57
[PATH_DEBUG] Host 39 -> Host 58 (hops: 2) Path: 39 -> 34 -> 58
[PATH_DEBUG] Host 39 -> Host 59 (hops: 2) Path: 39 -> 35 -> 59
[PATH_DEBUG] Host 39 -> Host 60 (hops: 2) Path: 39 -> 36 -> 60
[PATH_DEBUG] Host 39 -> Host 61 (hops: 2) Path: 39 -> 37 -> 61
[PATH_DEBUG] Host 39 -> Host 62 (hops: 2) Path: 39 -> 38 -> 62
[PATH_DEBUG] Host 39 -> Host 63 (hops: 1) Path: 39 -> 63
[PATH_DEBUG] Host 40 -> Host 41 (hops: 1) Path: 40 -> 41
[PATH_DEBUG] Host 40 -> Host 42 (hops: 1) Path: 40 -> 42
[PATH_DEBUG] Host 40 -> Host 43 (hops: 1) Path: 40 -> 43
[PATH_DEBUG] Host 40 -> Host 44 (hops: 1) Path: 40 -> 44
[PATH_DEBUG] Host 40 -> Host 45 (hops: 1) Path: 40 -> 45
[PATH_DEBUG] Host 40 -> Host 46 (hops: 1) Path: 40 -> 46
[PATH_DEBUG] Host 40 -> Host 47 (hops: 1) Path: 40 -> 47
[PATH_DEBUG] Host 40 -> Host 48 (hops: 1) Path: 40 -> 48
[PATH_DEBUG] Host 40 -> Host 49 (hops: 2) Path: 40 -> 41 -> 49
[PATH_DEBUG] Host 40 -> Host 50 (hops: 2) Path: 40 -> 42 -> 50
[PATH_DEBUG] Host 40 -> Host 51 (hops: 2) Path: 40 -> 43 -> 51
[PATH_DEBUG] Host 40 -> Host 52 (hops: 2) Path: 40 -> 44 -> 52
[PATH_DEBUG] Host 40 -> Host 53 (hops: 2) Path: 40 -> 45 -> 53
[PATH_DEBUG] Host 40 -> Host 54 (hops: 2) Path: 40 -> 46 -> 54
[PATH_DEBUG] Host 40 -> Host 55 (hops: 2) Path: 40 -> 47 -> 55
[PATH_DEBUG] Host 40 -> Host 56 (hops: 1) Path: 40 -> 56
[PATH_DEBUG] Host 40 -> Host 57 (hops: 2) Path: 40 -> 41 -> 57
[PATH_DEBUG] Host 40 -> Host 58 (hops: 2) Path: 40 -> 42 -> 58
[PATH_DEBUG] Host 40 -> Host 59 (hops: 2) Path: 40 -> 43 -> 59
[PATH_DEBUG] Host 40 -> Host 60 (hops: 2) Path: 40 -> 44 -> 60
[PATH_DEBUG] Host 40 -> Host 61 (hops: 2) Path: 40 -> 45 -> 61
[PATH_DEBUG] Host 40 -> Host 62 (hops: 2) Path: 40 -> 46 -> 62
[PATH_DEBUG] Host 40 -> Host 63 (hops: 2) Path: 40 -> 47 -> 63
[PATH_DEBUG] Host 41 -> Host 42 (hops: 1) Path: 41 -> 42
[PATH_DEBUG] Host 41 -> Host 43 (hops: 1) Path: 41 -> 43
[PATH_DEBUG] Host 41 -> Host 44 (hops: 1) Path: 41 -> 44
[PATH_DEBUG] Host 41 -> Host 45 (hops: 1) Path: 41 -> 45
[PATH_DEBUG] Host 41 -> Host 46 (hops: 1) Path: 41 -> 46
[PATH_DEBUG] Host 41 -> Host 47 (hops: 1) Path: 41 -> 47
[PATH_DEBUG] Host 41 -> Host 48 (hops: 2) Path: 41 -> 40 -> 48
[PATH_DEBUG] Host 41 -> Host 49 (hops: 1) Path: 41 -> 49
[PATH_DEBUG] Host 41 -> Host 50 (hops: 2) Path: 41 -> 42 -> 50
[PATH_DEBUG] Host 41 -> Host 51 (hops: 2) Path: 41 -> 43 -> 51
[PATH_DEBUG] Host 41 -> Host 52 (hops: 2) Path: 41 -> 44 -> 52
[PATH_DEBUG] Host 41 -> Host 53 (hops: 2) Path: 41 -> 45 -> 53
[PATH_DEBUG] Host 41 -> Host 54 (hops: 2) Path: 41 -> 46 -> 54
[PATH_DEBUG] Host 41 -> Host 55 (hops: 2) Path: 41 -> 47 -> 55
[PATH_DEBUG] Host 41 -> Host 56 (hops: 2) Path: 41 -> 40 -> 56
[PATH_DEBUG] Host 41 -> Host 57 (hops: 1) Path: 41 -> 57
[PATH_DEBUG] Host 41 -> Host 58 (hops: 2) Path: 41 -> 42 -> 58
[PATH_DEBUG] Host 41 -> Host 59 (hops: 2) Path: 41 -> 43 -> 59
[PATH_DEBUG] Host 41 -> Host 60 (hops: 2) Path: 41 -> 44 -> 60
[PATH_DEBUG] Host 41 -> Host 61 (hops: 2) Path: 41 -> 45 -> 61
[PATH_DEBUG] Host 41 -> Host 62 (hops: 2) Path: 41 -> 46 -> 62
[PATH_DEBUG] Host 41 -> Host 63 (hops: 2) Path: 41 -> 47 -> 63
[PATH_DEBUG] Host 42 -> Host 43 (hops: 1) Path: 42 -> 43
[PATH_DEBUG] Host 42 -> Host 44 (hops: 1) Path: 42 -> 44
[PATH_DEBUG] Host 42 -> Host 45 (hops: 1) Path: 42 -> 45
[PATH_DEBUG] Host 42 -> Host 46 (hops: 1) Path: 42 -> 46
[PATH_DEBUG] Host 42 -> Host 47 (hops: 1) Path: 42 -> 47
[PATH_DEBUG] Host 42 -> Host 48 (hops: 2) Path: 42 -> 40 -> 48
[PATH_DEBUG] Host 42 -> Host 49 (hops: 2) Path: 42 -> 41 -> 49
[PATH_DEBUG] Host 42 -> Host 50 (hops: 1) Path: 42 -> 50
[PATH_DEBUG] Host 42 -> Host 51 (hops: 2) Path: 42 -> 43 -> 51
[PATH_DEBUG] Host 42 -> Host 52 (hops: 2) Path: 42 -> 44 -> 52
[PATH_DEBUG] Host 42 -> Host 53 (hops: 2) Path: 42 -> 45 -> 53
[PATH_DEBUG] Host 42 -> Host 54 (hops: 2) Path: 42 -> 46 -> 54
[PATH_DEBUG] Host 42 -> Host 55 (hops: 2) Path: 42 -> 47 -> 55
[PATH_DEBUG] Host 42 -> Host 56 (hops: 2) Path: 42 -> 40 -> 56
[PATH_DEBUG] Host 42 -> Host 57 (hops: 2) Path: 42 -> 41 -> 57
[PATH_DEBUG] Host 42 -> Host 58 (hops: 1) Path: 42 -> 58
[PATH_DEBUG] Host 42 -> Host 59 (hops: 2) Path: 42 -> 43 -> 59
[PATH_DEBUG] Host 42 -> Host 60 (hops: 2) Path: 42 -> 44 -> 60
[PATH_DEBUG] Host 42 -> Host 61 (hops: 2) Path: 42 -> 45 -> 61
[PATH_DEBUG] Host 42 -> Host 62 (hops: 2) Path: 42 -> 46 -> 62
[PATH_DEBUG] Host 42 -> Host 63 (hops: 2) Path: 42 -> 47 -> 63
[PATH_DEBUG] Host 43 -> Host 44 (hops: 1) Path: 43 -> 44
[PATH_DEBUG] Host 43 -> Host 45 (hops: 1) Path: 43 -> 45
[PATH_DEBUG] Host 43 -> Host 46 (hops: 1) Path: 43 -> 46
[PATH_DEBUG] Host 43 -> Host 47 (hops: 1) Path: 43 -> 47
[PATH_DEBUG] Host 43 -> Host 48 (hops: 2) Path: 43 -> 40 -> 48
[PATH_DEBUG] Host 43 -> Host 49 (hops: 2) Path: 43 -> 41 -> 49
[PATH_DEBUG] Host 43 -> Host 50 (hops: 2) Path: 43 -> 42 -> 50
[PATH_DEBUG] Host 43 -> Host 51 (hops: 1) Path: 43 -> 51
[PATH_DEBUG] Host 43 -> Host 52 (hops: 2) Path: 43 -> 44 -> 52
[PATH_DEBUG] Host 43 -> Host 53 (hops: 2) Path: 43 -> 45 -> 53
[PATH_DEBUG] Host 43 -> Host 54 (hops: 2) Path: 43 -> 46 -> 54
[PATH_DEBUG] Host 43 -> Host 55 (hops: 2) Path: 43 -> 47 -> 55
[PATH_DEBUG] Host 43 -> Host 56 (hops: 2) Path: 43 -> 40 -> 56
[PATH_DEBUG] Host 43 -> Host 57 (hops: 2) Path: 43 -> 41 -> 57
[PATH_DEBUG] Host 43 -> Host 58 (hops: 2) Path: 43 -> 42 -> 58
[PATH_DEBUG] Host 43 -> Host 59 (hops: 1) Path: 43 -> 59
[PATH_DEBUG] Host 43 -> Host 60 (hops: 2) Path: 43 -> 44 -> 60
[PATH_DEBUG] Host 43 -> Host 61 (hops: 2) Path: 43 -> 45 -> 61
[PATH_DEBUG] Host 43 -> Host 62 (hops: 2) Path: 43 -> 46 -> 62
[PATH_DEBUG] Host 43 -> Host 63 (hops: 2) Path: 43 -> 47 -> 63
[PATH_DEBUG] Host 44 -> Host 45 (hops: 1) Path: 44 -> 45
[PATH_DEBUG] Host 44 -> Host 46 (hops: 1) Path: 44 -> 46
[PATH_DEBUG] Host 44 -> Host 47 (hops: 1) Path: 44 -> 47
[PATH_DEBUG] Host 44 -> Host 48 (hops: 2) Path: 44 -> 40 -> 48
[PATH_DEBUG] Host 44 -> Host 49 (hops: 2) Path: 44 -> 41 -> 49
[PATH_DEBUG] Host 44 -> Host 50 (hops: 2) Path: 44 -> 42 -> 50
[PATH_DEBUG] Host 44 -> Host 51 (hops: 2) Path: 44 -> 43 -> 51
[PATH_DEBUG] Host 44 -> Host 52 (hops: 1) Path: 44 -> 52
[PATH_DEBUG] Host 44 -> Host 53 (hops: 2) Path: 44 -> 45 -> 53
[PATH_DEBUG] Host 44 -> Host 54 (hops: 2) Path: 44 -> 46 -> 54
[PATH_DEBUG] Host 44 -> Host 55 (hops: 2) Path: 44 -> 47 -> 55
[PATH_DEBUG] Host 44 -> Host 56 (hops: 2) Path: 44 -> 40 -> 56
[PATH_DEBUG] Host 44 -> Host 57 (hops: 2) Path: 44 -> 41 -> 57
[PATH_DEBUG] Host 44 -> Host 58 (hops: 2) Path: 44 -> 42 -> 58
[PATH_DEBUG] Host 44 -> Host 59 (hops: 2) Path: 44 -> 43 -> 59
[PATH_DEBUG] Host 44 -> Host 60 (hops: 1) Path: 44 -> 60
[PATH_DEBUG] Host 44 -> Host 61 (hops: 2) Path: 44 -> 45 -> 61
[PATH_DEBUG] Host 44 -> Host 62 (hops: 2) Path: 44 -> 46 -> 62
[PATH_DEBUG] Host 44 -> Host 63 (hops: 2) Path: 44 -> 47 -> 63
[PATH_DEBUG] Host 45 -> Host 46 (hops: 1) Path: 45 -> 46
[PATH_DEBUG] Host 45 -> Host 47 (hops: 1) Path: 45 -> 47
[PATH_DEBUG] Host 45 -> Host 48 (hops: 2) Path: 45 -> 40 -> 48
[PATH_DEBUG] Host 45 -> Host 49 (hops: 2) Path: 45 -> 41 -> 49
[PATH_DEBUG] Host 45 -> Host 50 (hops: 2) Path: 45 -> 42 -> 50
[PATH_DEBUG] Host 45 -> Host 51 (hops: 2) Path: 45 -> 43 -> 51
[PATH_DEBUG] Host 45 -> Host 52 (hops: 2) Path: 45 -> 44 -> 52
[PATH_DEBUG] Host 45 -> Host 53 (hops: 1) Path: 45 -> 53
[PATH_DEBUG] Host 45 -> Host 54 (hops: 2) Path: 45 -> 46 -> 54
[PATH_DEBUG] Host 45 -> Host 55 (hops: 2) Path: 45 -> 47 -> 55
[PATH_DEBUG] Host 45 -> Host 56 (hops: 2) Path: 45 -> 40 -> 56
[PATH_DEBUG] Host 45 -> Host 57 (hops: 2) Path: 45 -> 41 -> 57
[PATH_DEBUG] Host 45 -> Host 58 (hops: 2) Path: 45 -> 42 -> 58
[PATH_DEBUG] Host 45 -> Host 59 (hops: 2) Path: 45 -> 43 -> 59
[PATH_DEBUG] Host 45 -> Host 60 (hops: 2) Path: 45 -> 44 -> 60
[PATH_DEBUG] Host 45 -> Host 61 (hops: 1) Path: 45 -> 61
[PATH_DEBUG] Host 45 -> Host 62 (hops: 2) Path: 45 -> 46 -> 62
[PATH_DEBUG] Host 45 -> Host 63 (hops: 2) Path: 45 -> 47 -> 63
[PATH_DEBUG] Host 46 -> Host 47 (hops: 1) Path: 46 -> 47
[PATH_DEBUG] Host 46 -> Host 48 (hops: 2) Path: 46 -> 40 -> 48
[PATH_DEBUG] Host 46 -> Host 49 (hops: 2) Path: 46 -> 41 -> 49
[PATH_DEBUG] Host 46 -> Host 50 (hops: 2) Path: 46 -> 42 -> 50
[PATH_DEBUG] Host 46 -> Host 51 (hops: 2) Path: 46 -> 43 -> 51
[PATH_DEBUG] Host 46 -> Host 52 (hops: 2) Path: 46 -> 44 -> 52
[PATH_DEBUG] Host 46 -> Host 53 (hops: 2) Path: 46 -> 45 -> 53
[PATH_DEBUG] Host 46 -> Host 54 (hops: 1) Path: 46 -> 54
[PATH_DEBUG] Host 46 -> Host 55 (hops: 2) Path: 46 -> 47 -> 55
[PATH_DEBUG] Host 46 -> Host 56 (hops: 2) Path: 46 -> 40 -> 56
[PATH_DEBUG] Host 46 -> Host 57 (hops: 2) Path: 46 -> 41 -> 57
[PATH_DEBUG] Host 46 -> Host 58 (hops: 2) Path: 46 -> 42 -> 58
[PATH_DEBUG] Host 46 -> Host 59 (hops: 2) Path: 46 -> 43 -> 59
[PATH_DEBUG] Host 46 -> Host 60 (hops: 2) Path: 46 -> 44 -> 60
[PATH_DEBUG] Host 46 -> Host 61 (hops: 2) Path: 46 -> 45 -> 61
[PATH_DEBUG] Host 46 -> Host 62 (hops: 1) Path: 46 -> 62
[PATH_DEBUG] Host 46 -> Host 63 (hops: 2) Path: 46 -> 47 -> 63
[PATH_DEBUG] Host 47 -> Host 48 (hops: 2) Path: 47 -> 40 -> 48
[PATH_DEBUG] Host 47 -> Host 49 (hops: 2) Path: 47 -> 41 -> 49
[PATH_DEBUG] Host 47 -> Host 50 (hops: 2) Path: 47 -> 42 -> 50
[PATH_DEBUG] Host 47 -> Host 51 (hops: 2) Path: 47 -> 43 -> 51
[PATH_DEBUG] Host 47 -> Host 52 (hops: 2) Path: 47 -> 44 -> 52
[PATH_DEBUG] Host 47 -> Host 53 (hops: 2) Path: 47 -> 45 -> 53
[PATH_DEBUG] Host 47 -> Host 54 (hops: 2) Path: 47 -> 46 -> 54
[PATH_DEBUG] Host 47 -> Host 55 (hops: 1) Path: 47 -> 55
[PATH_DEBUG] Host 47 -> Host 56 (hops: 2) Path: 47 -> 40 -> 56
[PATH_DEBUG] Host 47 -> Host 57 (hops: 2) Path: 47 -> 41 -> 57
[PATH_DEBUG] Host 47 -> Host 58 (hops: 2) Path: 47 -> 42 -> 58
[PATH_DEBUG] Host 47 -> Host 59 (hops: 2) Path: 47 -> 43 -> 59
[PATH_DEBUG] Host 47 -> Host 60 (hops: 2) Path: 47 -> 44 -> 60
[PATH_DEBUG] Host 47 -> Host 61 (hops: 2) Path: 47 -> 45 -> 61
[PATH_DEBUG] Host 47 -> Host 62 (hops: 2) Path: 47 -> 46 -> 62
[PATH_DEBUG] Host 47 -> Host 63 (hops: 1) Path: 47 -> 63
[PATH_DEBUG] Host 48 -> Host 49 (hops: 1) Path: 48 -> 49
[PATH_DEBUG] Host 48 -> Host 50 (hops: 1) Path: 48 -> 50
[PATH_DEBUG] Host 48 -> Host 51 (hops: 1) Path: 48 -> 51
[PATH_DEBUG] Host 48 -> Host 52 (hops: 1) Path: 48 -> 52
[PATH_DEBUG] Host 48 -> Host 53 (hops: 1) Path: 48 -> 53
[PATH_DEBUG] Host 48 -> Host 54 (hops: 1) Path: 48 -> 54
[PATH_DEBUG] Host 48 -> Host 55 (hops: 1) Path: 48 -> 55
[PATH_DEBUG] Host 48 -> Host 56 (hops: 1) Path: 48 -> 56
[PATH_DEBUG] Host 48 -> Host 57 (hops: 2) Path: 48 -> 49 -> 57
[PATH_DEBUG] Host 48 -> Host 58 (hops: 2) Path: 48 -> 50 -> 58
[PATH_DEBUG] Host 48 -> Host 59 (hops: 2) Path: 48 -> 51 -> 59
[PATH_DEBUG] Host 48 -> Host 60 (hops: 2) Path: 48 -> 52 -> 60
[PATH_DEBUG] Host 48 -> Host 61 (hops: 2) Path: 48 -> 53 -> 61
[PATH_DEBUG] Host 48 -> Host 62 (hops: 2) Path: 48 -> 54 -> 62
[PATH_DEBUG] Host 48 -> Host 63 (hops: 2) Path: 48 -> 55 -> 63
[PATH_DEBUG] Host 49 -> Host 50 (hops: 1) Path: 49 -> 50
[PATH_DEBUG] Host 49 -> Host 51 (hops: 1) Path: 49 -> 51
[PATH_DEBUG] Host 49 -> Host 52 (hops: 1) Path: 49 -> 52
[PATH_DEBUG] Host 49 -> Host 53 (hops: 1) Path: 49 -> 53
[PATH_DEBUG] Host 49 -> Host 54 (hops: 1) Path: 49 -> 54
[PATH_DEBUG] Host 49 -> Host 55 (hops: 1) Path: 49 -> 55
[PATH_DEBUG] Host 49 -> Host 56 (hops: 2) Path: 49 -> 48 -> 56
[PATH_DEBUG] Host 49 -> Host 57 (hops: 1) Path: 49 -> 57
[PATH_DEBUG] Host 49 -> Host 58 (hops: 2) Path: 49 -> 50 -> 58
[PATH_DEBUG] Host 49 -> Host 59 (hops: 2) Path: 49 -> 51 -> 59
[PATH_DEBUG] Host 49 -> Host 60 (hops: 2) Path: 49 -> 52 -> 60
[PATH_DEBUG] Host 49 -> Host 61 (hops: 2) Path: 49 -> 53 -> 61
[PATH_DEBUG] Host 49 -> Host 62 (hops: 2) Path: 49 -> 54 -> 62
[PATH_DEBUG] Host 49 -> Host 63 (hops: 2) Path: 49 -> 55 -> 63
[PATH_DEBUG] Host 50 -> Host 51 (hops: 1) Path: 50 -> 51
[PATH_DEBUG] Host 50 -> Host 52 (hops: 1) Path: 50 -> 52
[PATH_DEBUG] Host 50 -> Host 53 (hops: 1) Path: 50 -> 53
[PATH_DEBUG] Host 50 -> Host 54 (hops: 1) Path: 50 -> 54
[PATH_DEBUG] Host 50 -> Host 55 (hops: 1) Path: 50 -> 55
[PATH_DEBUG] Host 50 -> Host 56 (hops: 2) Path: 50 -> 48 -> 56
[PATH_DEBUG] Host 50 -> Host 57 (hops: 2) Path: 50 -> 49 -> 57
[PATH_DEBUG] Host 50 -> Host 58 (hops: 1) Path: 50 -> 58
[PATH_DEBUG] Host 50 -> Host 59 (hops: 2) Path: 50 -> 51 -> 59
[PATH_DEBUG] Host 50 -> Host 60 (hops: 2) Path: 50 -> 52 -> 60
[PATH_DEBUG] Host 50 -> Host 61 (hops: 2) Path: 50 -> 53 -> 61
[PATH_DEBUG] Host 50 -> Host 62 (hops: 2) Path: 50 -> 54 -> 62
[PATH_DEBUG] Host 50 -> Host 63 (hops: 2) Path: 50 -> 55 -> 63
[PATH_DEBUG] Host 51 -> Host 52 (hops: 1) Path: 51 -> 52
[PATH_DEBUG] Host 51 -> Host 53 (hops: 1) Path: 51 -> 53
[PATH_DEBUG] Host 51 -> Host 54 (hops: 1) Path: 51 -> 54
[PATH_DEBUG] Host 51 -> Host 55 (hops: 1) Path: 51 -> 55
[PATH_DEBUG] Host 51 -> Host 56 (hops: 2) Path: 51 -> 48 -> 56
[PATH_DEBUG] Host 51 -> Host 57 (hops: 2) Path: 51 -> 49 -> 57
[PATH_DEBUG] Host 51 -> Host 58 (hops: 2) Path: 51 -> 50 -> 58
[PATH_DEBUG] Host 51 -> Host 59 (hops: 1) Path: 51 -> 59
[PATH_DEBUG] Host 51 -> Host 60 (hops: 2) Path: 51 -> 52 -> 60
[PATH_DEBUG] Host 51 -> Host 61 (hops: 2) Path: 51 -> 53 -> 61
[PATH_DEBUG] Host 51 -> Host 62 (hops: 2) Path: 51 -> 54 -> 62
[PATH_DEBUG] Host 51 -> Host 63 (hops: 2) Path: 51 -> 55 -> 63
[PATH_DEBUG] Host 52 -> Host 53 (hops: 1) Path: 52 -> 53
[PATH_DEBUG] Host 52 -> Host 54 (hops: 1) Path: 52 -> 54
[PATH_DEBUG] Host 52 -> Host 55 (hops: 1) Path: 52 -> 55
[PATH_DEBUG] Host 52 -> Host 56 (hops: 2) Path: 52 -> 48 -> 56
[PATH_DEBUG] Host 52 -> Host 57 (hops: 2) Path: 52 -> 49 -> 57
[PATH_DEBUG] Host 52 -> Host 58 (hops: 2) Path: 52 -> 50 -> 58
[PATH_DEBUG] Host 52 -> Host 59 (hops: 2) Path: 52 -> 51 -> 59
[PATH_DEBUG] Host 52 -> Host 60 (hops: 1) Path: 52 -> 60
[PATH_DEBUG] Host 52 -> Host 61 (hops: 2) Path: 52 -> 53 -> 61
[PATH_DEBUG] Host 52 -> Host 62 (hops: 2) Path: 52 -> 54 -> 62
[PATH_DEBUG] Host 52 -> Host 63 (hops: 2) Path: 52 -> 55 -> 63
[PATH_DEBUG] Host 53 -> Host 54 (hops: 1) Path: 53 -> 54
[PATH_DEBUG] Host 53 -> Host 55 (hops: 1) Path: 53 -> 55
[PATH_DEBUG] Host 53 -> Host 56 (hops: 2) Path: 53 -> 48 -> 56
[PATH_DEBUG] Host 53 -> Host 57 (hops: 2) Path: 53 -> 49 -> 57
[PATH_DEBUG] Host 53 -> Host 58 (hops: 2) Path: 53 -> 50 -> 58
[PATH_DEBUG] Host 53 -> Host 59 (hops: 2) Path: 53 -> 51 -> 59
[PATH_DEBUG] Host 53 -> Host 60 (hops: 2) Path: 53 -> 52 -> 60
[PATH_DEBUG] Host 53 -> Host 61 (hops: 1) Path: 53 -> 61
[PATH_DEBUG] Host 53 -> Host 62 (hops: 2) Path: 53 -> 54 -> 62
[PATH_DEBUG] Host 53 -> Host 63 (hops: 2) Path: 53 -> 55 -> 63
[PATH_DEBUG] Host 54 -> Host 55 (hops: 1) Path: 54 -> 55
[PATH_DEBUG] Host 54 -> Host 56 (hops: 2) Path: 54 -> 48 -> 56
[PATH_DEBUG] Host 54 -> Host 57 (hops: 2) Path: 54 -> 49 -> 57
[PATH_DEBUG] Host 54 -> Host 58 (hops: 2) Path: 54 -> 50 -> 58
[PATH_DEBUG] Host 54 -> Host 59 (hops: 2) Path: 54 -> 51 -> 59
[PATH_DEBUG] Host 54 -> Host 60 (hops: 2) Path: 54 -> 52 -> 60
[PATH_DEBUG] Host 54 -> Host 61 (hops: 2) Path: 54 -> 53 -> 61
[PATH_DEBUG] Host 54 -> Host 62 (hops: 1) Path: 54 -> 62
[PATH_DEBUG] Host 54 -> Host 63 (hops: 2) Path: 54 -> 55 -> 63
[PATH_DEBUG] Host 55 -> Host 56 (hops: 2) Path: 55 -> 48 -> 56
[PATH_DEBUG] Host 55 -> Host 57 (hops: 2) Path: 55 -> 49 -> 57
[PATH_DEBUG] Host 55 -> Host 58 (hops: 2) Path: 55 -> 50 -> 58
[PATH_DEBUG] Host 55 -> Host 59 (hops: 2) Path: 55 -> 51 -> 59
[PATH_DEBUG] Host 55 -> Host 60 (hops: 2) Path: 55 -> 52 -> 60
[PATH_DEBUG] Host 55 -> Host 61 (hops: 2) Path: 55 -> 53 -> 61
[PATH_DEBUG] Host 55 -> Host 62 (hops: 2) Path: 55 -> 54 -> 62
[PATH_DEBUG] Host 55 -> Host 63 (hops: 1) Path: 55 -> 63
[PATH_DEBUG] Host 56 -> Host 57 (hops: 1) Path: 56 -> 57
[PATH_DEBUG] Host 56 -> Host 58 (hops: 1) Path: 56 -> 58
[PATH_DEBUG] Host 56 -> Host 59 (hops: 1) Path: 56 -> 59
[PATH_DEBUG] Host 56 -> Host 60 (hops: 1) Path: 56 -> 60
[PATH_DEBUG] Host 56 -> Host 61 (hops: 1) Path: 56 -> 61
[PATH_DEBUG] Host 56 -> Host 62 (hops: 1) Path: 56 -> 62
[PATH_DEBUG] Host 56 -> Host 63 (hops: 1) Path: 56 -> 63
[PATH_DEBUG] Host 57 -> Host 58 (hops: 1) Path: 57 -> 58
[PATH_DEBUG] Host 57 -> Host 59 (hops: 1) Path: 57 -> 59
[PATH_DEBUG] Host 57 -> Host 60 (hops: 1) Path: 57 -> 60
[PATH_DEBUG] Host 57 -> Host 61 (hops: 1) Path: 57 -> 61
[PATH_DEBUG] Host 57 -> Host 62 (hops: 1) Path: 57 -> 62
[PATH_DEBUG] Host 57 -> Host 63 (hops: 1) Path: 57 -> 63
[PATH_DEBUG] Host 58 -> Host 59 (hops: 1) Path: 58 -> 59
[PATH_DEBUG] Host 58 -> Host 60 (hops: 1) Path: 58 -> 60
[PATH_DEBUG] Host 58 -> Host 61 (hops: 1) Path: 58 -> 61
[PATH_DEBUG] Host 58 -> Host 62 (hops: 1) Path: 58 -> 62
[PATH_DEBUG] Host 58 -> Host 63 (hops: 1) Path: 58 -> 63
[PATH_DEBUG] Host 59 -> Host 60 (hops: 1) Path: 59 -> 60
[PATH_DEBUG] Host 59 -> Host 61 (hops: 1) Path: 59 -> 61
[PATH_DEBUG] Host 59 -> Host 62 (hops: 1) Path: 59 -> 62
[PATH_DEBUG] Host 59 -> Host 63 (hops: 1) Path: 59 -> 63
[PATH_DEBUG] Host 60 -> Host 61 (hops: 1) Path: 60 -> 61
[PATH_DEBUG] Host 60 -> Host 62 (hops: 1) Path: 60 -> 62
[PATH_DEBUG] Host 60 -> Host 63 (hops: 1) Path: 60 -> 63
[PATH_DEBUG] Host 61 -> Host 62 (hops: 1) Path: 61 -> 62
[PATH_DEBUG] Host 61 -> Host 63 (hops: 1) Path: 61 -> 63
[PATH_DEBUG] Host 62 -> Host 63 (hops: 1) Path: 62 -> 63
[PATH_DEBUG] Host 0 -> Host 19 (hops: 2) Path: 0 -> 3 -> 19
[PATH_DEBUG] Host 0 -> Host 20 (hops: 2) Path: 0 -> 4 -> 20
[PATH_DEBUG] Host 0 -> Host 21 (hops: 2) Path: 0 -> 5 -> 21
[PATH_DEBUG] Host 0 -> Host 22 (hops: 2) Path: 0 -> 6 -> 22
[PATH_DEBUG] Host 0 -> Host 23 (hops: 2) Path: 0 -> 7 -> 23
[PATH_DEBUG] Host 0 -> Host 24 (hops: 1) Path: 0 -> 24
[PATH_DEBUG] Host 0 -> Host 25 (hops: 2) Path: 0 -> 24 -> 25
[PATH_DEBUG] Host 0 -> Host 26 (hops: 2) Path: 0 -> 24 -> 26
[PATH_DEBUG] Host 0 -> Host 27 (hops: 2) Path: 0 -> 24 -> 27
[PATH_DEBUG] Host 0 -> Host 28 (hops: 2) Path: 0 -> 24 -> 28
[PATH_DEBUG] Host 0 -> Host 29 (hops: 2) Path: 0 -> 24 -> 29
[PATH_DEBUG] Host 0 -> Host 30 (hops: 2) Path: 0 -> 24 -> 30
[PATH_DEBUG] Host 0 -> Host 31 (hops: 2) Path: 0 -> 24 -> 31
[PATH_DEBUG] Host 0 -> Host 32 (hops: 1) Path: 0 -> 32
[PATH_DEBUG] Host 0 -> Host 33 (hops: 2) Path: 0 -> 32 -> 33
[PATH_DEBUG] Host 0 -> Host 34 (hops: 2) Path: 0 -> 32 -> 34
[PATH_DEBUG] Host 0 -> Host 35 (hops: 2) Path: 0 -> 32 -> 35
[PATH_DEBUG] Host 0 -> Host 36 (hops: 2) Path: 0 -> 32 -> 36
[PATH_DEBUG] Host 0 -> Host 37 (hops: 2) Path: 0 -> 32 -> 37
[PATH_DEBUG] Host 0 -> Host 38 (hops: 2) Path: 0 -> 32 -> 38
[PATH_DEBUG] Host 0 -> Host 39 (hops: 2) Path: 0 -> 32 -> 39
[PATH_DEBUG] Host 0 -> Host 40 (hops: 1) Path: 0 -> 40
[PATH_DEBUG] Host 0 -> Host 41 (hops: 2) Path: 0 -> 40 -> 41
[PATH_DEBUG] Host 0 -> Host 42 (hops: 2) Path: 0 -> 40 -> 42
[PATH_DEBUG] Host 0 -> Host 43 (hops: 2) Path: 0 -> 40 -> 43
[PATH_DEBUG] Host 0 -> Host 44 (hops: 2) Path: 0 -> 40 -> 44
[PATH_DEBUG] Host 0 -> Host 45 (hops: 2) Path: 0 -> 40 -> 45
[PATH_DEBUG] Host 0 -> Host 46 (hops: 2) Path: 0 -> 40 -> 46
[PATH_DEBUG] Host 0 -> Host 47 (hops: 2) Path: 0 -> 40 -> 47
[PATH_DEBUG] Host 0 -> Host 48 (hops: 1) Path: 0 -> 48
[PATH_DEBUG] Host 0 -> Host 49 (hops: 2) Path: 0 -> 48 -> 49
[PATH_DEBUG] Host 0 -> Host 50 (hops: 2) Path: 0 -> 48 -> 50
[PATH_DEBUG] Host 0 -> Host 51 (hops: 2) Path: 0 -> 48 -> 51
[PATH_DEBUG] Host 0 -> Host 52 (hops: 2) Path: 0 -> 48 -> 52
[PATH_DEBUG] Host 0 -> Host 53 (hops: 2) Path: 0 -> 48 -> 53
[PATH_DEBUG] Host 0 -> Host 54 (hops: 2) Path: 0 -> 48 -> 54
[PATH_DEBUG] Host 0 -> Host 55 (hops: 2) Path: 0 -> 48 -> 55
[PATH_DEBUG] Host 0 -> Host 56 (hops: 1) Path: 0 -> 56
[PATH_DEBUG] Host 0 -> Host 57 (hops: 2) Path: 0 -> 56 -> 57
[PATH_DEBUG] Host 0 -> Host 58 (hops: 2) Path: 0 -> 56 -> 58
[PATH_DEBUG] Host 0 -> Host 59 (hops: 2) Path: 0 -> 56 -> 59
[PATH_DEBUG] Host 0 -> Host 60 (hops: 2) Path: 0 -> 56 -> 60
[PATH_DEBUG] Host 0 -> Host 61 (hops: 2) Path: 0 -> 56 -> 61
[PATH_DEBUG] Host 0 -> Host 62 (hops: 2) Path: 0 -> 56 -> 62
[PATH_DEBUG] Host 0 -> Host 63 (hops: 2) Path: 0 -> 56 -> 63
[PATH_DEBUG] Host 0 -> Host 1 (hops: 1) Path: 0 -> 1
[PATH_DEBUG] Host 0 -> Host 2 (hops: 1) Path: 0 -> 2
[PATH_DEBUG] Host 0 -> Host 3 (hops: 1) Path: 0 -> 3
[PATH_DEBUG] Host 0 -> Host 4 (hops: 1) Path: 0 -> 4
[PATH_DEBUG] Host 0 -> Host 5 (hops: 1) Path: 0 -> 5
[PATH_DEBUG] Host 0 -> Host 6 (hops: 1) Path: 0 -> 6
[PATH_DEBUG] Host 0 -> Host 7 (hops: 1) Path: 0 -> 7
[PATH_DEBUG] Host 0 -> Host 8 (hops: 1) Path: 0 -> 8
[PATH_DEBUG] Host 0 -> Host 18 (hops: 2) Path: 0 -> 2 -> 18
[PATH_DEBUG] Host 0 -> Host 17 (hops: 2) Path: 0 -> 1 -> 17
[PATH_DEBUG] Host 0 -> Host 9 (hops: 2) Path: 0 -> 1 -> 9
[PATH_DEBUG] Host 0 -> Host 10 (hops: 2) Path: 0 -> 2 -> 10
[PATH_DEBUG] Host 0 -> Host 11 (hops: 2) Path: 0 -> 3 -> 11
[PATH_DEBUG] Host 0 -> Host 12 (hops: 2) Path: 0 -> 4 -> 12
[PATH_DEBUG] Host 0 -> Host 13 (hops: 2) Path: 0 -> 5 -> 13
[PATH_DEBUG] Host 0 -> Host 14 (hops: 2) Path: 0 -> 6 -> 14
[PATH_DEBUG] Host 0 -> Host 15 (hops: 2) Path: 0 -> 7 -> 15
[PATH_DEBUG] Host 0 -> Host 16 (hops: 1) Path: 0 -> 16
[PATH_DEBUG] Host 1 -> Host 19 (hops: 2) Path: 1 -> 3 -> 19
[PATH_DEBUG] Host 1 -> Host 20 (hops: 2) Path: 1 -> 4 -> 20
[PATH_DEBUG] Host 1 -> Host 21 (hops: 2) Path: 1 -> 5 -> 21
[PATH_DEBUG] Host 1 -> Host 22 (hops: 2) Path: 1 -> 6 -> 22
[PATH_DEBUG] Host 1 -> Host 23 (hops: 2) Path: 1 -> 7 -> 23
[PATH_DEBUG] Host 1 -> Host 24 (hops: 2) Path: 1 -> 25 -> 24
[PATH_DEBUG] Host 1 -> Host 25 (hops: 1) Path: 1 -> 25
[PATH_DEBUG] Host 1 -> Host 26 (hops: 2) Path: 1 -> 25 -> 26
[PATH_DEBUG] Host 1 -> Host 27 (hops: 2) Path: 1 -> 25 -> 27
[PATH_DEBUG] Host 1 -> Host 28 (hops: 2) Path: 1 -> 25 -> 28
[PATH_DEBUG] Host 1 -> Host 29 (hops: 2) Path: 1 -> 25 -> 29
[PATH_DEBUG] Host 1 -> Host 30 (hops: 2) Path: 1 -> 25 -> 30
[PATH_DEBUG] Host 1 -> Host 31 (hops: 2) Path: 1 -> 25 -> 31
[PATH_DEBUG] Host 1 -> Host 32 (hops: 2) Path: 1 -> 33 -> 32
[PATH_DEBUG] Host 1 -> Host 33 (hops: 1) Path: 1 -> 33
[PATH_DEBUG] Host 1 -> Host 34 (hops: 2) Path: 1 -> 33 -> 34
[PATH_DEBUG] Host 1 -> Host 35 (hops: 2) Path: 1 -> 33 -> 35
[PATH_DEBUG] Host 1 -> Host 36 (hops: 2) Path: 1 -> 33 -> 36
[PATH_DEBUG] Host 1 -> Host 37 (hops: 2) Path: 1 -> 33 -> 37
[PATH_DEBUG] Host 1 -> Host 38 (hops: 2) Path: 1 -> 33 -> 38
[PATH_DEBUG] Host 1 -> Host 39 (hops: 2) Path: 1 -> 33 -> 39
[PATH_DEBUG] Host 1 -> Host 40 (hops: 2) Path: 1 -> 41 -> 40
[PATH_DEBUG] Host 1 -> Host 41 (hops: 1) Path: 1 -> 41
[PATH_DEBUG] Host 1 -> Host 42 (hops: 2) Path: 1 -> 41 -> 42
[PATH_DEBUG] Host 1 -> Host 43 (hops: 2) Path: 1 -> 41 -> 43
[PATH_DEBUG] Host 1 -> Host 44 (hops: 2) Path: 1 -> 41 -> 44
[PATH_DEBUG] Host 1 -> Host 45 (hops: 2) Path: 1 -> 41 -> 45
[PATH_DEBUG] Host 1 -> Host 46 (hops: 2) Path: 1 -> 41 -> 46
[PATH_DEBUG] Host 1 -> Host 47 (hops: 2) Path: 1 -> 41 -> 47
[PATH_DEBUG] Host 1 -> Host 48 (hops: 2) Path: 1 -> 49 -> 48
[PATH_DEBUG] Host 1 -> Host 49 (hops: 1) Path: 1 -> 49
[PATH_DEBUG] Host 1 -> Host 50 (hops: 2) Path: 1 -> 49 -> 50
[PATH_DEBUG] Host 1 -> Host 51 (hops: 2) Path: 1 -> 49 -> 51
[PATH_DEBUG] Host 1 -> Host 52 (hops: 2) Path: 1 -> 49 -> 52
[PATH_DEBUG] Host 1 -> Host 53 (hops: 2) Path: 1 -> 49 -> 53
[PATH_DEBUG] Host 1 -> Host 54 (hops: 2) Path: 1 -> 49 -> 54
[PATH_DEBUG] Host 1 -> Host 55 (hops: 2) Path: 1 -> 49 -> 55
[PATH_DEBUG] Host 1 -> Host 56 (hops: 2) Path: 1 -> 57 -> 56
[PATH_DEBUG] Host 1 -> Host 57 (hops: 1) Path: 1 -> 57
[PATH_DEBUG] Host 1 -> Host 58 (hops: 2) Path: 1 -> 57 -> 58
[PATH_DEBUG] Host 1 -> Host 59 (hops: 2) Path: 1 -> 57 -> 59
[PATH_DEBUG] Host 1 -> Host 60 (hops: 2) Path: 1 -> 57 -> 60
[PATH_DEBUG] Host 1 -> Host 61 (hops: 2) Path: 1 -> 57 -> 61
[PATH_DEBUG] Host 1 -> Host 62 (hops: 2) Path: 1 -> 57 -> 62
[PATH_DEBUG] Host 1 -> Host 63 (hops: 2) Path: 1 -> 57 -> 63
[PATH_DEBUG] Host 1 -> Host 2 (hops: 1) Path: 1 -> 2
[PATH_DEBUG] Host 1 -> Host 3 (hops: 1) Path: 1 -> 3
[PATH_DEBUG] Host 1 -> Host 4 (hops: 1) Path: 1 -> 4
[PATH_DEBUG] Host 1 -> Host 5 (hops: 1) Path: 1 -> 5
[PATH_DEBUG] Host 1 -> Host 6 (hops: 1) Path: 1 -> 6
[PATH_DEBUG] Host 1 -> Host 7 (hops: 1) Path: 1 -> 7
[PATH_DEBUG] Host 1 -> Host 8 (hops: 2) Path: 1 -> 0 -> 8
[PATH_DEBUG] Host 1 -> Host 18 (hops: 2) Path: 1 -> 2 -> 18
[PATH_DEBUG] Host 1 -> Host 17 (hops: 1) Path: 1 -> 17
[PATH_DEBUG] Host 1 -> Host 9 (hops: 1) Path: 1 -> 9
[PATH_DEBUG] Host 1 -> Host 10 (hops: 2) Path: 1 -> 2 -> 10
[PATH_DEBUG] Host 1 -> Host 11 (hops: 2) Path: 1 -> 3 -> 11
[PATH_DEBUG] Host 1 -> Host 12 (hops: 2) Path: 1 -> 4 -> 12
[PATH_DEBUG] Host 1 -> Host 13 (hops: 2) Path: 1 -> 5 -> 13
[PATH_DEBUG] Host 1 -> Host 14 (hops: 2) Path: 1 -> 6 -> 14
[PATH_DEBUG] Host 1 -> Host 15 (hops: 2) Path: 1 -> 7 -> 15
[PATH_DEBUG] Host 1 -> Host 16 (hops: 2) Path: 1 -> 0 -> 16
[PATH_DEBUG] Host 2 -> Host 19 (hops: 2) Path: 2 -> 3 -> 19
[PATH_DEBUG] Host 2 -> Host 20 (hops: 2) Path: 2 -> 4 -> 20
[PATH_DEBUG] Host 2 -> Host 21 (hops: 2) Path: 2 -> 5 -> 21
[PATH_DEBUG] Host 2 -> Host 22 (hops: 2) Path: 2 -> 6 -> 22
[PATH_DEBUG] Host 2 -> Host 23 (hops: 2) Path: 2 -> 7 -> 23
[PATH_DEBUG] Host 2 -> Host 24 (hops: 2) Path: 2 -> 26 -> 24
[PATH_DEBUG] Host 2 -> Host 25 (hops: 2) Path: 2 -> 26 -> 25
[PATH_DEBUG] Host 2 -> Host 26 (hops: 1) Path: 2 -> 26
[PATH_DEBUG] Host 2 -> Host 27 (hops: 2) Path: 2 -> 26 -> 27
[PATH_DEBUG] Host 2 -> Host 28 (hops: 2) Path: 2 -> 26 -> 28
[PATH_DEBUG] Host 2 -> Host 29 (hops: 2) Path: 2 -> 26 -> 29
[PATH_DEBUG] Host 2 -> Host 30 (hops: 2) Path: 2 -> 26 -> 30
[PATH_DEBUG] Host 2 -> Host 31 (hops: 2) Path: 2 -> 26 -> 31
[PATH_DEBUG] Host 2 -> Host 32 (hops: 2) Path: 2 -> 34 -> 32
[PATH_DEBUG] Host 2 -> Host 33 (hops: 2) Path: 2 -> 34 -> 33
[PATH_DEBUG] Host 2 -> Host 34 (hops: 1) Path: 2 -> 34
[PATH_DEBUG] Host 2 -> Host 35 (hops: 2) Path: 2 -> 34 -> 35
[PATH_DEBUG] Host 2 -> Host 36 (hops: 2) Path: 2 -> 34 -> 36
[PATH_DEBUG] Host 2 -> Host 37 (hops: 2) Path: 2 -> 34 -> 37
[PATH_DEBUG] Host 2 -> Host 38 (hops: 2) Path: 2 -> 34 -> 38
[PATH_DEBUG] Host 2 -> Host 39 (hops: 2) Path: 2 -> 34 -> 39
[PATH_DEBUG] Host 2 -> Host 40 (hops: 2) Path: 2 -> 42 -> 40
[PATH_DEBUG] Host 2 -> Host 41 (hops: 2) Path: 2 -> 42 -> 41
[PATH_DEBUG] Host 2 -> Host 42 (hops: 1) Path: 2 -> 42
[PATH_DEBUG] Host 2 -> Host 43 (hops: 2) Path: 2 -> 42 -> 43
[PATH_DEBUG] Host 2 -> Host 44 (hops: 2) Path: 2 -> 42 -> 44
[PATH_DEBUG] Host 2 -> Host 45 (hops: 2) Path: 2 -> 42 -> 45
[PATH_DEBUG] Host 2 -> Host 46 (hops: 2) Path: 2 -> 42 -> 46
[PATH_DEBUG] Host 2 -> Host 47 (hops: 2) Path: 2 -> 42 -> 47
[PATH_DEBUG] Host 2 -> Host 48 (hops: 2) Path: 2 -> 50 -> 48
[PATH_DEBUG] Host 2 -> Host 49 (hops: 2) Path: 2 -> 50 -> 49
[PATH_DEBUG] Host 2 -> Host 50 (hops: 1) Path: 2 -> 50
[PATH_DEBUG] Host 2 -> Host 51 (hops: 2) Path: 2 -> 50 -> 51
[PATH_DEBUG] Host 2 -> Host 52 (hops: 2) Path: 2 -> 50 -> 52
[PATH_DEBUG] Host 2 -> Host 53 (hops: 2) Path: 2 -> 50 -> 53
[PATH_DEBUG] Host 2 -> Host 54 (hops: 2) Path: 2 -> 50 -> 54
[PATH_DEBUG] Host 2 -> Host 55 (hops: 2) Path: 2 -> 50 -> 55
[PATH_DEBUG] Host 2 -> Host 56 (hops: 2) Path: 2 -> 58 -> 56
[PATH_DEBUG] Host 2 -> Host 57 (hops: 2) Path: 2 -> 58 -> 57
[PATH_DEBUG] Host 2 -> Host 58 (hops: 1) Path: 2 -> 58
[PATH_DEBUG] Host 2 -> Host 59 (hops: 2) Path: 2 -> 58 -> 59
[PATH_DEBUG] Host 2 -> Host 60 (hops: 2) Path: 2 -> 58 -> 60
[PATH_DEBUG] Host 2 -> Host 61 (hops: 2) Path: 2 -> 58 -> 61
[PATH_DEBUG] Host 2 -> Host 62 (hops: 2) Path: 2 -> 58 -> 62
[PATH_DEBUG] Host 2 -> Host 63 (hops: 2) Path: 2 -> 58 -> 63
[PATH_DEBUG] Host 2 -> Host 3 (hops: 1) Path: 2 -> 3
[PATH_DEBUG] Host 2 -> Host 4 (hops: 1) Path: 2 -> 4
[PATH_DEBUG] Host 2 -> Host 5 (hops: 1) Path: 2 -> 5
[PATH_DEBUG] Host 2 -> Host 6 (hops: 1) Path: 2 -> 6
[PATH_DEBUG] Host 2 -> Host 7 (hops: 1) Path: 2 -> 7
[PATH_DEBUG] Host 2 -> Host 8 (hops: 2) Path: 2 -> 0 -> 8
[PATH_DEBUG] Host 2 -> Host 18 (hops: 1) Path: 2 -> 18
[PATH_DEBUG] Host 2 -> Host 17 (hops: 2) Path: 2 -> 1 -> 17
[PATH_DEBUG] Host 2 -> Host 9 (hops: 2) Path: 2 -> 1 -> 9
[PATH_DEBUG] Host 2 -> Host 10 (hops: 1) Path: 2 -> 10
[PATH_DEBUG] Host 2 -> Host 11 (hops: 2) Path: 2 -> 3 -> 11
[PATH_DEBUG] Host 2 -> Host 12 (hops: 2) Path: 2 -> 4 -> 12
[PATH_DEBUG] Host 2 -> Host 13 (hops: 2) Path: 2 -> 5 -> 13
[PATH_DEBUG] Host 2 -> Host 14 (hops: 2) Path: 2 -> 6 -> 14
[PATH_DEBUG] Host 2 -> Host 15 (hops: 2) Path: 2 -> 7 -> 15
[PATH_DEBUG] Host 2 -> Host 16 (hops: 2) Path: 2 -> 0 -> 16
[PATH_DEBUG] Host 3 -> Host 19 (hops: 1) Path: 3 -> 19
[PATH_DEBUG] Host 3 -> Host 20 (hops: 2) Path: 3 -> 19 -> 20
[PATH_DEBUG] Host 3 -> Host 21 (hops: 2) Path: 3 -> 19 -> 21
[PATH_DEBUG] Host 3 -> Host 22 (hops: 2) Path: 3 -> 19 -> 22
[PATH_DEBUG] Host 3 -> Host 23 (hops: 2) Path: 3 -> 19 -> 23
[PATH_DEBUG] Host 3 -> Host 24 (hops: 2) Path: 3 -> 27 -> 24
[PATH_DEBUG] Host 3 -> Host 25 (hops: 2) Path: 3 -> 27 -> 25
[PATH_DEBUG] Host 3 -> Host 26 (hops: 2) Path: 3 -> 27 -> 26
[PATH_DEBUG] Host 3 -> Host 27 (hops: 1) Path: 3 -> 27
[PATH_DEBUG] Host 3 -> Host 28 (hops: 2) Path: 3 -> 27 -> 28
[PATH_DEBUG] Host 3 -> Host 29 (hops: 2) Path: 3 -> 27 -> 29
[PATH_DEBUG] Host 3 -> Host 30 (hops: 2) Path: 3 -> 27 -> 30
[PATH_DEBUG] Host 3 -> Host 31 (hops: 2) Path: 3 -> 27 -> 31
[PATH_DEBUG] Host 3 -> Host 32 (hops: 2) Path: 3 -> 35 -> 32
[PATH_DEBUG] Host 3 -> Host 33 (hops: 2) Path: 3 -> 35 -> 33
[PATH_DEBUG] Host 3 -> Host 34 (hops: 2) Path: 3 -> 35 -> 34
[PATH_DEBUG] Host 3 -> Host 35 (hops: 1) Path: 3 -> 35
[PATH_DEBUG] Host 3 -> Host 36 (hops: 2) Path: 3 -> 35 -> 36
[PATH_DEBUG] Host 3 -> Host 37 (hops: 2) Path: 3 -> 35 -> 37
[PATH_DEBUG] Host 3 -> Host 38 (hops: 2) Path: 3 -> 35 -> 38
[PATH_DEBUG] Host 3 -> Host 39 (hops: 2) Path: 3 -> 35 -> 39
[PATH_DEBUG] Host 3 -> Host 40 (hops: 2) Path: 3 -> 43 -> 40
[PATH_DEBUG] Host 3 -> Host 41 (hops: 2) Path: 3 -> 43 -> 41
[PATH_DEBUG] Host 3 -> Host 42 (hops: 2) Path: 3 -> 43 -> 42
[PATH_DEBUG] Host 3 -> Host 43 (hops: 1) Path: 3 -> 43
[PATH_DEBUG] Host 3 -> Host 44 (hops: 2) Path: 3 -> 43 -> 44
[PATH_DEBUG] Host 3 -> Host 45 (hops: 2) Path: 3 -> 43 -> 45
[PATH_DEBUG] Host 3 -> Host 46 (hops: 2) Path: 3 -> 43 -> 46
[PATH_DEBUG] Host 3 -> Host 47 (hops: 2) Path: 3 -> 43 -> 47
[PATH_DEBUG] Host 3 -> Host 48 (hops: 2) Path: 3 -> 51 -> 48
[PATH_DEBUG] Host 3 -> Host 49 (hops: 2) Path: 3 -> 51 -> 49
[PATH_DEBUG] Host 3 -> Host 50 (hops: 2) Path: 3 -> 51 -> 50
[PATH_DEBUG] Host 3 -> Host 51 (hops: 1) Path: 3 -> 51
[PATH_DEBUG] Host 3 -> Host 52 (hops: 2) Path: 3 -> 51 -> 52
[PATH_DEBUG] Host 3 -> Host 53 (hops: 2) Path: 3 -> 51 -> 53
[PATH_DEBUG] Host 3 -> Host 54 (hops: 2) Path: 3 -> 51 -> 54
[PATH_DEBUG] Host 3 -> Host 55 (hops: 2) Path: 3 -> 51 -> 55
[PATH_DEBUG] Host 3 -> Host 56 (hops: 2) Path: 3 -> 59 -> 56
[PATH_DEBUG] Host 3 -> Host 57 (hops: 2) Path: 3 -> 59 -> 57
[PATH_DEBUG] Host 3 -> Host 58 (hops: 2) Path: 3 -> 59 -> 58
[PATH_DEBUG] Host 3 -> Host 59 (hops: 1) Path: 3 -> 59
[PATH_DEBUG] Host 3 -> Host 60 (hops: 2) Path: 3 -> 59 -> 60
[PATH_DEBUG] Host 3 -> Host 61 (hops: 2) Path: 3 -> 59 -> 61
[PATH_DEBUG] Host 3 -> Host 62 (hops: 2) Path: 3 -> 59 -> 62
[PATH_DEBUG] Host 3 -> Host 63 (hops: 2) Path: 3 -> 59 -> 63
[PATH_DEBUG] Host 3 -> Host 4 (hops: 1) Path: 3 -> 4
[PATH_DEBUG] Host 3 -> Host 5 (hops: 1) Path: 3 -> 5
[PATH_DEBUG] Host 3 -> Host 6 (hops: 1) Path: 3 -> 6
[PATH_DEBUG] Host 3 -> Host 7 (hops: 1) Path: 3 -> 7
[PATH_DEBUG] Host 3 -> Host 8 (hops: 2) Path: 3 -> 0 -> 8
[PATH_DEBUG] Host 3 -> Host 18 (hops: 2) Path: 3 -> 19 -> 18
[PATH_DEBUG] Host 3 -> Host 17 (hops: 2) Path: 3 -> 19 -> 17
[PATH_DEBUG] Host 3 -> Host 9 (hops: 2) Path: 3 -> 1 -> 9
[PATH_DEBUG] Host 3 -> Host 10 (hops: 2) Path: 3 -> 2 -> 10
[PATH_DEBUG] Host 3 -> Host 11 (hops: 1) Path: 3 -> 11
[PATH_DEBUG] Host 3 -> Host 12 (hops: 2) Path: 3 -> 4 -> 12
[PATH_DEBUG] Host 3 -> Host 13 (hops: 2) Path: 3 -> 5 -> 13
[PATH_DEBUG] Host 3 -> Host 14 (hops: 2) Path: 3 -> 6 -> 14
[PATH_DEBUG] Host 3 -> Host 15 (hops: 2) Path: 3 -> 7 -> 15
[PATH_DEBUG] Host 3 -> Host 16 (hops: 2) Path: 3 -> 19 -> 16
[PATH_DEBUG] Host 4 -> Host 19 (hops: 2) Path: 4 -> 20 -> 19
[PATH_DEBUG] Host 4 -> Host 20 (hops: 1) Path: 4 -> 20
[PATH_DEBUG] Host 4 -> Host 21 (hops: 2) Path: 4 -> 20 -> 21
[PATH_DEBUG] Host 4 -> Host 22 (hops: 2) Path: 4 -> 20 -> 22
[PATH_DEBUG] Host 4 -> Host 23 (hops: 2) Path: 4 -> 20 -> 23
[PATH_DEBUG] Host 4 -> Host 24 (hops: 2) Path: 4 -> 28 -> 24
[PATH_DEBUG] Host 4 -> Host 25 (hops: 2) Path: 4 -> 28 -> 25
[PATH_DEBUG] Host 4 -> Host 26 (hops: 2) Path: 4 -> 28 -> 26
[PATH_DEBUG] Host 4 -> Host 27 (hops: 2) Path: 4 -> 28 -> 27
[PATH_DEBUG] Host 4 -> Host 28 (hops: 1) Path: 4 -> 28
[PATH_DEBUG] Host 4 -> Host 29 (hops: 2) Path: 4 -> 28 -> 29
[PATH_DEBUG] Host 4 -> Host 30 (hops: 2) Path: 4 -> 28 -> 30
[PATH_DEBUG] Host 4 -> Host 31 (hops: 2) Path: 4 -> 28 -> 31
[PATH_DEBUG] Host 4 -> Host 32 (hops: 2) Path: 4 -> 36 -> 32
[PATH_DEBUG] Host 4 -> Host 33 (hops: 2) Path: 4 -> 36 -> 33
[PATH_DEBUG] Host 4 -> Host 34 (hops: 2) Path: 4 -> 36 -> 34
[PATH_DEBUG] Host 4 -> Host 35 (hops: 2) Path: 4 -> 36 -> 35
[PATH_DEBUG] Host 4 -> Host 36 (hops: 1) Path: 4 -> 36
[PATH_DEBUG] Host 4 -> Host 37 (hops: 2) Path: 4 -> 36 -> 37
[PATH_DEBUG] Host 4 -> Host 38 (hops: 2) Path: 4 -> 36 -> 38
[PATH_DEBUG] Host 4 -> Host 39 (hops: 2) Path: 4 -> 36 -> 39
[PATH_DEBUG] Host 4 -> Host 40 (hops: 2) Path: 4 -> 44 -> 40
[PATH_DEBUG] Host 4 -> Host 41 (hops: 2) Path: 4 -> 44 -> 41
[PATH_DEBUG] Host 4 -> Host 42 (hops: 2) Path: 4 -> 44 -> 42
[PATH_DEBUG] Host 4 -> Host 43 (hops: 2) Path: 4 -> 44 -> 43
[PATH_DEBUG] Host 4 -> Host 44 (hops: 1) Path: 4 -> 44
[PATH_DEBUG] Host 4 -> Host 45 (hops: 2) Path: 4 -> 44 -> 45
[PATH_DEBUG] Host 4 -> Host 46 (hops: 2) Path: 4 -> 44 -> 46
[PATH_DEBUG] Host 4 -> Host 47 (hops: 2) Path: 4 -> 44 -> 47
[PATH_DEBUG] Host 4 -> Host 48 (hops: 2) Path: 4 -> 52 -> 48
[PATH_DEBUG] Host 4 -> Host 49 (hops: 2) Path: 4 -> 52 -> 49
[PATH_DEBUG] Host 4 -> Host 50 (hops: 2) Path: 4 -> 52 -> 50
[PATH_DEBUG] Host 4 -> Host 51 (hops: 2) Path: 4 -> 52 -> 51
[PATH_DEBUG] Host 4 -> Host 52 (hops: 1) Path: 4 -> 52
[PATH_DEBUG] Host 4 -> Host 53 (hops: 2) Path: 4 -> 52 -> 53
[PATH_DEBUG] Host 4 -> Host 54 (hops: 2) Path: 4 -> 52 -> 54
[PATH_DEBUG] Host 4 -> Host 55 (hops: 2) Path: 4 -> 52 -> 55
[PATH_DEBUG] Host 4 -> Host 56 (hops: 2) Path: 4 -> 60 -> 56
[PATH_DEBUG] Host 4 -> Host 57 (hops: 2) Path: 4 -> 60 -> 57
[PATH_DEBUG] Host 4 -> Host 58 (hops: 2) Path: 4 -> 60 -> 58
[PATH_DEBUG] Host 4 -> Host 59 (hops: 2) Path: 4 -> 60 -> 59
[PATH_DEBUG] Host 4 -> Host 60 (hops: 1) Path: 4 -> 60
[PATH_DEBUG] Host 4 -> Host 61 (hops: 2) Path: 4 -> 60 -> 61
[PATH_DEBUG] Host 4 -> Host 62 (hops: 2) Path: 4 -> 60 -> 62
[PATH_DEBUG] Host 4 -> Host 63 (hops: 2) Path: 4 -> 60 -> 63
[PATH_DEBUG] Host 4 -> Host 5 (hops: 1) Path: 4 -> 5
[PATH_DEBUG] Host 4 -> Host 6 (hops: 1) Path: 4 -> 6
[PATH_DEBUG] Host 4 -> Host 7 (hops: 1) Path: 4 -> 7
[PATH_DEBUG] Host 4 -> Host 8 (hops: 2) Path: 4 -> 0 -> 8
[PATH_DEBUG] Host 4 -> Host 18 (hops: 2) Path: 4 -> 20 -> 18
[PATH_DEBUG] Host 4 -> Host 17 (hops: 2) Path: 4 -> 20 -> 17
[PATH_DEBUG] Host 4 -> Host 9 (hops: 2) Path: 4 -> 1 -> 9
[PATH_DEBUG] Host 4 -> Host 10 (hops: 2) Path: 4 -> 2 -> 10
[PATH_DEBUG] Host 4 -> Host 11 (hops: 2) Path: 4 -> 3 -> 11
[PATH_DEBUG] Host 4 -> Host 12 (hops: 1) Path: 4 -> 12
[PATH_DEBUG] Host 4 -> Host 13 (hops: 2) Path: 4 -> 5 -> 13
[PATH_DEBUG] Host 4 -> Host 14 (hops: 2) Path: 4 -> 6 -> 14
[PATH_DEBUG] Host 4 -> Host 15 (hops: 2) Path: 4 -> 7 -> 15
[PATH_DEBUG] Host 4 -> Host 16 (hops: 2) Path: 4 -> 20 -> 16
[PATH_DEBUG] Host 5 -> Host 19 (hops: 2) Path: 5 -> 21 -> 19
[PATH_DEBUG] Host 5 -> Host 20 (hops: 2) Path: 5 -> 21 -> 20
[PATH_DEBUG] Host 5 -> Host 21 (hops: 1) Path: 5 -> 21
[PATH_DEBUG] Host 5 -> Host 22 (hops: 2) Path: 5 -> 21 -> 22
[PATH_DEBUG] Host 5 -> Host 23 (hops: 2) Path: 5 -> 21 -> 23
[PATH_DEBUG] Host 5 -> Host 24 (hops: 2) Path: 5 -> 29 -> 24
[PATH_DEBUG] Host 5 -> Host 25 (hops: 2) Path: 5 -> 29 -> 25
[PATH_DEBUG] Host 5 -> Host 26 (hops: 2) Path: 5 -> 29 -> 26
[PATH_DEBUG] Host 5 -> Host 27 (hops: 2) Path: 5 -> 29 -> 27
[PATH_DEBUG] Host 5 -> Host 28 (hops: 2) Path: 5 -> 29 -> 28
[PATH_DEBUG] Host 5 -> Host 29 (hops: 1) Path: 5 -> 29
[PATH_DEBUG] Host 5 -> Host 30 (hops: 2) Path: 5 -> 29 -> 30
[PATH_DEBUG] Host 5 -> Host 31 (hops: 2) Path: 5 -> 29 -> 31
[PATH_DEBUG] Host 5 -> Host 32 (hops: 2) Path: 5 -> 37 -> 32
[PATH_DEBUG] Host 5 -> Host 33 (hops: 2) Path: 5 -> 37 -> 33
[PATH_DEBUG] Host 5 -> Host 34 (hops: 2) Path: 5 -> 37 -> 34
[PATH_DEBUG] Host 5 -> Host 35 (hops: 2) Path: 5 -> 37 -> 35
[PATH_DEBUG] Host 5 -> Host 36 (hops: 2) Path: 5 -> 37 -> 36
[PATH_DEBUG] Host 5 -> Host 37 (hops: 1) Path: 5 -> 37
[PATH_DEBUG] Host 5 -> Host 38 (hops: 2) Path: 5 -> 37 -> 38
[PATH_DEBUG] Host 5 -> Host 39 (hops: 2) Path: 5 -> 37 -> 39
[PATH_DEBUG] Host 5 -> Host 40 (hops: 2) Path: 5 -> 45 -> 40
[PATH_DEBUG] Host 5 -> Host 41 (hops: 2) Path: 5 -> 45 -> 41
[PATH_DEBUG] Host 5 -> Host 42 (hops: 2) Path: 5 -> 45 -> 42
[PATH_DEBUG] Host 5 -> Host 43 (hops: 2) Path: 5 -> 45 -> 43
[PATH_DEBUG] Host 5 -> Host 44 (hops: 2) Path: 5 -> 45 -> 44
[PATH_DEBUG] Host 5 -> Host 45 (hops: 1) Path: 5 -> 45
[PATH_DEBUG] Host 5 -> Host 46 (hops: 2) Path: 5 -> 45 -> 46
[PATH_DEBUG] Host 5 -> Host 47 (hops: 2) Path: 5 -> 45 -> 47
[PATH_DEBUG] Host 5 -> Host 48 (hops: 2) Path: 5 -> 53 -> 48
[PATH_DEBUG] Host 5 -> Host 49 (hops: 2) Path: 5 -> 53 -> 49
[PATH_DEBUG] Host 5 -> Host 50 (hops: 2) Path: 5 -> 53 -> 50
[PATH_DEBUG] Host 5 -> Host 51 (hops: 2) Path: 5 -> 53 -> 51
[PATH_DEBUG] Host 5 -> Host 52 (hops: 2) Path: 5 -> 53 -> 52
[PATH_DEBUG] Host 5 -> Host 53 (hops: 1) Path: 5 -> 53
[PATH_DEBUG] Host 5 -> Host 54 (hops: 2) Path: 5 -> 53 -> 54
[PATH_DEBUG] Host 5 -> Host 55 (hops: 2) Path: 5 -> 53 -> 55
[PATH_DEBUG] Host 5 -> Host 56 (hops: 2) Path: 5 -> 61 -> 56
[PATH_DEBUG] Host 5 -> Host 57 (hops: 2) Path: 5 -> 61 -> 57
[PATH_DEBUG] Host 5 -> Host 58 (hops: 2) Path: 5 -> 61 -> 58
[PATH_DEBUG] Host 5 -> Host 59 (hops: 2) Path: 5 -> 61 -> 59
[PATH_DEBUG] Host 5 -> Host 60 (hops: 2) Path: 5 -> 61 -> 60
[PATH_DEBUG] Host 5 -> Host 61 (hops: 1) Path: 5 -> 61
[PATH_DEBUG] Host 5 -> Host 62 (hops: 2) Path: 5 -> 61 -> 62
[PATH_DEBUG] Host 5 -> Host 63 (hops: 2) Path: 5 -> 61 -> 63
[PATH_DEBUG] Host 5 -> Host 6 (hops: 1) Path: 5 -> 6
[PATH_DEBUG] Host 5 -> Host 7 (hops: 1) Path: 5 -> 7
[PATH_DEBUG] Host 5 -> Host 8 (hops: 2) Path: 5 -> 0 -> 8
[PATH_DEBUG] Host 5 -> Host 18 (hops: 2) Path: 5 -> 21 -> 18
[PATH_DEBUG] Host 5 -> Host 17 (hops: 2) Path: 5 -> 21 -> 17
[PATH_DEBUG] Host 5 -> Host 9 (hops: 2) Path: 5 -> 1 -> 9
[PATH_DEBUG] Host 5 -> Host 10 (hops: 2) Path: 5 -> 2 -> 10
[PATH_DEBUG] Host 5 -> Host 11 (hops: 2) Path: 5 -> 3 -> 11
[PATH_DEBUG] Host 5 -> Host 12 (hops: 2) Path: 5 -> 4 -> 12
[PATH_DEBUG] Host 5 -> Host 13 (hops: 1) Path: 5 -> 13
[PATH_DEBUG] Host 5 -> Host 14 (hops: 2) Path: 5 -> 6 -> 14
[PATH_DEBUG] Host 5 -> Host 15 (hops: 2) Path: 5 -> 7 -> 15
[PATH_DEBUG] Host 5 -> Host 16 (hops: 2) Path: 5 -> 21 -> 16
[PATH_DEBUG] Host 6 -> Host 19 (hops: 2) Path: 6 -> 22 -> 19
[PATH_DEBUG] Host 6 -> Host 20 (hops: 2) Path: 6 -> 22 -> 20
[PATH_DEBUG] Host 6 -> Host 21 (hops: 2) Path: 6 -> 22 -> 21
[PATH_DEBUG] Host 6 -> Host 22 (hops: 1) Path: 6 -> 22
[PATH_DEBUG] Host 6 -> Host 23 (hops: 2) Path: 6 -> 22 -> 23
[PATH_DEBUG] Host 6 -> Host 24 (hops: 2) Path: 6 -> 30 -> 24
[PATH_DEBUG] Host 6 -> Host 25 (hops: 2) Path: 6 -> 30 -> 25
[PATH_DEBUG] Host 6 -> Host 26 (hops: 2) Path: 6 -> 30 -> 26
[PATH_DEBUG] Host 6 -> Host 27 (hops: 2) Path: 6 -> 30 -> 27
[PATH_DEBUG] Host 6 -> Host 28 (hops: 2) Path: 6 -> 30 -> 28
[PATH_DEBUG] Host 6 -> Host 29 (hops: 2) Path: 6 -> 30 -> 29
[PATH_DEBUG] Host 6 -> Host 30 (hops: 1) Path: 6 -> 30
[PATH_DEBUG] Host 6 -> Host 31 (hops: 2) Path: 6 -> 30 -> 31
[PATH_DEBUG] Host 6 -> Host 32 (hops: 2) Path: 6 -> 38 -> 32
[PATH_DEBUG] Host 6 -> Host 33 (hops: 2) Path: 6 -> 38 -> 33
[PATH_DEBUG] Host 6 -> Host 34 (hops: 2) Path: 6 -> 38 -> 34
[PATH_DEBUG] Host 6 -> Host 35 (hops: 2) Path: 6 -> 38 -> 35
[PATH_DEBUG] Host 6 -> Host 36 (hops: 2) Path: 6 -> 38 -> 36
[PATH_DEBUG] Host 6 -> Host 37 (hops: 2) Path: 6 -> 38 -> 37
[PATH_DEBUG] Host 6 -> Host 38 (hops: 1) Path: 6 -> 38
[PATH_DEBUG] Host 6 -> Host 39 (hops: 2) Path: 6 -> 38 -> 39
[PATH_DEBUG] Host 6 -> Host 40 (hops: 2) Path: 6 -> 46 -> 40
[PATH_DEBUG] Host 6 -> Host 41 (hops: 2) Path: 6 -> 46 -> 41
[PATH_DEBUG] Host 6 -> Host 42 (hops: 2) Path: 6 -> 46 -> 42
[PATH_DEBUG] Host 6 -> Host 43 (hops: 2) Path: 6 -> 46 -> 43
[PATH_DEBUG] Host 6 -> Host 44 (hops: 2) Path: 6 -> 46 -> 44
[PATH_DEBUG] Host 6 -> Host 45 (hops: 2) Path: 6 -> 46 -> 45
[PATH_DEBUG] Host 6 -> Host 46 (hops: 1) Path: 6 -> 46
[PATH_DEBUG] Host 6 -> Host 47 (hops: 2) Path: 6 -> 46 -> 47
[PATH_DEBUG] Host 6 -> Host 48 (hops: 2) Path: 6 -> 54 -> 48
[PATH_DEBUG] Host 6 -> Host 49 (hops: 2) Path: 6 -> 54 -> 49
[PATH_DEBUG] Host 6 -> Host 50 (hops: 2) Path: 6 -> 54 -> 50
[PATH_DEBUG] Host 6 -> Host 51 (hops: 2) Path: 6 -> 54 -> 51
[PATH_DEBUG] Host 6 -> Host 52 (hops: 2) Path: 6 -> 54 -> 52
[PATH_DEBUG] Host 6 -> Host 53 (hops: 2) Path: 6 -> 54 -> 53
[PATH_DEBUG] Host 6 -> Host 54 (hops: 1) Path: 6 -> 54
[PATH_DEBUG] Host 6 -> Host 55 (hops: 2) Path: 6 -> 54 -> 55
[PATH_DEBUG] Host 6 -> Host 56 (hops: 2) Path: 6 -> 62 -> 56
[PATH_DEBUG] Host 6 -> Host 57 (hops: 2) Path: 6 -> 62 -> 57
[PATH_DEBUG] Host 6 -> Host 58 (hops: 2) Path: 6 -> 62 -> 58
[PATH_DEBUG] Host 6 -> Host 59 (hops: 2) Path: 6 -> 62 -> 59
[PATH_DEBUG] Host 6 -> Host 60 (hops: 2) Path: 6 -> 62 -> 60
[PATH_DEBUG] Host 6 -> Host 61 (hops: 2) Path: 6 -> 62 -> 61
[PATH_DEBUG] Host 6 -> Host 62 (hops: 1) Path: 6 -> 62
[PATH_DEBUG] Host 6 -> Host 63 (hops: 2) Path: 6 -> 62 -> 63
[PATH_DEBUG] Host 6 -> Host 7 (hops: 1) Path: 6 -> 7
[PATH_DEBUG] Host 6 -> Host 8 (hops: 2) Path: 6 -> 0 -> 8
[PATH_DEBUG] Host 6 -> Host 18 (hops: 2) Path: 6 -> 22 -> 18
[PATH_DEBUG] Host 6 -> Host 17 (hops: 2) Path: 6 -> 22 -> 17
[PATH_DEBUG] Host 6 -> Host 9 (hops: 2) Path: 6 -> 1 -> 9
[PATH_DEBUG] Host 6 -> Host 10 (hops: 2) Path: 6 -> 2 -> 10
[PATH_DEBUG] Host 6 -> Host 11 (hops: 2) Path: 6 -> 3 -> 11
[PATH_DEBUG] Host 6 -> Host 12 (hops: 2) Path: 6 -> 4 -> 12
[PATH_DEBUG] Host 6 -> Host 13 (hops: 2) Path: 6 -> 5 -> 13
[PATH_DEBUG] Host 6 -> Host 14 (hops: 1) Path: 6 -> 14
[PATH_DEBUG] Host 6 -> Host 15 (hops: 2) Path: 6 -> 7 -> 15
[PATH_DEBUG] Host 6 -> Host 16 (hops: 2) Path: 6 -> 22 -> 16
[PATH_DEBUG] Host 7 -> Host 19 (hops: 2) Path: 7 -> 23 -> 19
[PATH_DEBUG] Host 7 -> Host 20 (hops: 2) Path: 7 -> 23 -> 20
[PATH_DEBUG] Host 7 -> Host 21 (hops: 2) Path: 7 -> 23 -> 21
[PATH_DEBUG] Host 7 -> Host 22 (hops: 2) Path: 7 -> 23 -> 22
[PATH_DEBUG] Host 7 -> Host 23 (hops: 1) Path: 7 -> 23
[PATH_DEBUG] Host 7 -> Host 24 (hops: 2) Path: 7 -> 31 -> 24
[PATH_DEBUG] Host 7 -> Host 25 (hops: 2) Path: 7 -> 31 -> 25
[PATH_DEBUG] Host 7 -> Host 26 (hops: 2) Path: 7 -> 31 -> 26
[PATH_DEBUG] Host 7 -> Host 27 (hops: 2) Path: 7 -> 31 -> 27
[PATH_DEBUG] Host 7 -> Host 28 (hops: 2) Path: 7 -> 31 -> 28
[PATH_DEBUG] Host 7 -> Host 29 (hops: 2) Path: 7 -> 31 -> 29
[PATH_DEBUG] Host 7 -> Host 30 (hops: 2) Path: 7 -> 31 -> 30
[PATH_DEBUG] Host 7 -> Host 31 (hops: 1) Path: 7 -> 31
[PATH_DEBUG] Host 7 -> Host 32 (hops: 2) Path: 7 -> 39 -> 32
[PATH_DEBUG] Host 7 -> Host 33 (hops: 2) Path: 7 -> 39 -> 33
[PATH_DEBUG] Host 7 -> Host 34 (hops: 2) Path: 7 -> 39 -> 34
[PATH_DEBUG] Host 7 -> Host 35 (hops: 2) Path: 7 -> 39 -> 35
[PATH_DEBUG] Host 7 -> Host 36 (hops: 2) Path: 7 -> 39 -> 36
[PATH_DEBUG] Host 7 -> Host 37 (hops: 2) Path: 7 -> 39 -> 37
[PATH_DEBUG] Host 7 -> Host 38 (hops: 2) Path: 7 -> 39 -> 38
[PATH_DEBUG] Host 7 -> Host 39 (hops: 1) Path: 7 -> 39
[PATH_DEBUG] Host 7 -> Host 40 (hops: 2) Path: 7 -> 47 -> 40
[PATH_DEBUG] Host 7 -> Host 41 (hops: 2) Path: 7 -> 47 -> 41
[PATH_DEBUG] Host 7 -> Host 42 (hops: 2) Path: 7 -> 47 -> 42
[PATH_DEBUG] Host 7 -> Host 43 (hops: 2) Path: 7 -> 47 -> 43
[PATH_DEBUG] Host 7 -> Host 44 (hops: 2) Path: 7 -> 47 -> 44
[PATH_DEBUG] Host 7 -> Host 45 (hops: 2) Path: 7 -> 47 -> 45
[PATH_DEBUG] Host 7 -> Host 46 (hops: 2) Path: 7 -> 47 -> 46
[PATH_DEBUG] Host 7 -> Host 47 (hops: 1) Path: 7 -> 47
[PATH_DEBUG] Host 7 -> Host 48 (hops: 2) Path: 7 -> 55 -> 48
[PATH_DEBUG] Host 7 -> Host 49 (hops: 2) Path: 7 -> 55 -> 49
[PATH_DEBUG] Host 7 -> Host 50 (hops: 2) Path: 7 -> 55 -> 50
[PATH_DEBUG] Host 7 -> Host 51 (hops: 2) Path: 7 -> 55 -> 51
[PATH_DEBUG] Host 7 -> Host 52 (hops: 2) Path: 7 -> 55 -> 52
[PATH_DEBUG] Host 7 -> Host 53 (hops: 2) Path: 7 -> 55 -> 53
[PATH_DEBUG] Host 7 -> Host 54 (hops: 2) Path: 7 -> 55 -> 54
[PATH_DEBUG] Host 7 -> Host 55 (hops: 1) Path: 7 -> 55
[PATH_DEBUG] Host 7 -> Host 56 (hops: 2) Path: 7 -> 63 -> 56
[PATH_DEBUG] Host 7 -> Host 57 (hops: 2) Path: 7 -> 63 -> 57
[PATH_DEBUG] Host 7 -> Host 58 (hops: 2) Path: 7 -> 63 -> 58
[PATH_DEBUG] Host 7 -> Host 59 (hops: 2) Path: 7 -> 63 -> 59
[PATH_DEBUG] Host 7 -> Host 60 (hops: 2) Path: 7 -> 63 -> 60
[PATH_DEBUG] Host 7 -> Host 61 (hops: 2) Path: 7 -> 63 -> 61
[PATH_DEBUG] Host 7 -> Host 62 (hops: 2) Path: 7 -> 63 -> 62
[PATH_DEBUG] Host 7 -> Host 63 (hops: 1) Path: 7 -> 63
[PATH_DEBUG] Host 7 -> Host 8 (hops: 2) Path: 7 -> 0 -> 8
[PATH_DEBUG] Host 7 -> Host 18 (hops: 2) Path: 7 -> 23 -> 18
[PATH_DEBUG] Host 7 -> Host 17 (hops: 2) Path: 7 -> 23 -> 17
[PATH_DEBUG] Host 7 -> Host 9 (hops: 2) Path: 7 -> 1 -> 9
[PATH_DEBUG] Host 7 -> Host 10 (hops: 2) Path: 7 -> 2 -> 10
[PATH_DEBUG] Host 7 -> Host 11 (hops: 2) Path: 7 -> 3 -> 11
[PATH_DEBUG] Host 7 -> Host 12 (hops: 2) Path: 7 -> 4 -> 12
[PATH_DEBUG] Host 7 -> Host 13 (hops: 2) Path: 7 -> 5 -> 13
[PATH_DEBUG] Host 7 -> Host 14 (hops: 2) Path: 7 -> 6 -> 14
[PATH_DEBUG] Host 7 -> Host 15 (hops: 1) Path: 7 -> 15
[PATH_DEBUG] Host 7 -> Host 16 (hops: 2) Path: 7 -> 23 -> 16
[PATH_DEBUG] Host 8 -> Host 19 (hops: 2) Path: 8 -> 11 -> 19
[PATH_DEBUG] Host 8 -> Host 20 (hops: 2) Path: 8 -> 12 -> 20
[PATH_DEBUG] Host 8 -> Host 21 (hops: 2) Path: 8 -> 13 -> 21
[PATH_DEBUG] Host 8 -> Host 22 (hops: 2) Path: 8 -> 14 -> 22
[PATH_DEBUG] Host 8 -> Host 23 (hops: 2) Path: 8 -> 15 -> 23
[PATH_DEBUG] Host 8 -> Host 24 (hops: 1) Path: 8 -> 24
[PATH_DEBUG] Host 8 -> Host 25 (hops: 2) Path: 8 -> 24 -> 25
[PATH_DEBUG] Host 8 -> Host 26 (hops: 2) Path: 8 -> 24 -> 26
[PATH_DEBUG] Host 8 -> Host 27 (hops: 2) Path: 8 -> 24 -> 27
[PATH_DEBUG] Host 8 -> Host 28 (hops: 2) Path: 8 -> 24 -> 28
[PATH_DEBUG] Host 8 -> Host 29 (hops: 2) Path: 8 -> 24 -> 29
[PATH_DEBUG] Host 8 -> Host 30 (hops: 2) Path: 8 -> 24 -> 30
[PATH_DEBUG] Host 8 -> Host 31 (hops: 2) Path: 8 -> 24 -> 31
[PATH_DEBUG] Host 8 -> Host 32 (hops: 1) Path: 8 -> 32
[PATH_DEBUG] Host 8 -> Host 33 (hops: 2) Path: 8 -> 32 -> 33
[PATH_DEBUG] Host 8 -> Host 34 (hops: 2) Path: 8 -> 32 -> 34
[PATH_DEBUG] Host 8 -> Host 35 (hops: 2) Path: 8 -> 32 -> 35
[PATH_DEBUG] Host 8 -> Host 36 (hops: 2) Path: 8 -> 32 -> 36
[PATH_DEBUG] Host 8 -> Host 37 (hops: 2) Path: 8 -> 32 -> 37
[PATH_DEBUG] Host 8 -> Host 38 (hops: 2) Path: 8 -> 32 -> 38
[PATH_DEBUG] Host 8 -> Host 39 (hops: 2) Path: 8 -> 32 -> 39
[PATH_DEBUG] Host 8 -> Host 40 (hops: 1) Path: 8 -> 40
[PATH_DEBUG] Host 8 -> Host 41 (hops: 2) Path: 8 -> 40 -> 41
[PATH_DEBUG] Host 8 -> Host 42 (hops: 2) Path: 8 -> 40 -> 42
[PATH_DEBUG] Host 8 -> Host 43 (hops: 2) Path: 8 -> 40 -> 43
[PATH_DEBUG] Host 8 -> Host 44 (hops: 2) Path: 8 -> 40 -> 44
[PATH_DEBUG] Host 8 -> Host 45 (hops: 2) Path: 8 -> 40 -> 45
[PATH_DEBUG] Host 8 -> Host 46 (hops: 2) Path: 8 -> 40 -> 46
[PATH_DEBUG] Host 8 -> Host 47 (hops: 2) Path: 8 -> 40 -> 47
[PATH_DEBUG] Host 8 -> Host 48 (hops: 1) Path: 8 -> 48
[PATH_DEBUG] Host 8 -> Host 49 (hops: 2) Path: 8 -> 48 -> 49
[PATH_DEBUG] Host 8 -> Host 50 (hops: 2) Path: 8 -> 48 -> 50
[PATH_DEBUG] Host 8 -> Host 51 (hops: 2) Path: 8 -> 48 -> 51
[PATH_DEBUG] Host 8 -> Host 52 (hops: 2) Path: 8 -> 48 -> 52
[PATH_DEBUG] Host 8 -> Host 53 (hops: 2) Path: 8 -> 48 -> 53
[PATH_DEBUG] Host 8 -> Host 54 (hops: 2) Path: 8 -> 48 -> 54
[PATH_DEBUG] Host 8 -> Host 55 (hops: 2) Path: 8 -> 48 -> 55
[PATH_DEBUG] Host 8 -> Host 56 (hops: 1) Path: 8 -> 56
[PATH_DEBUG] Host 8 -> Host 57 (hops: 2) Path: 8 -> 56 -> 57
[PATH_DEBUG] Host 8 -> Host 58 (hops: 2) Path: 8 -> 56 -> 58
[PATH_DEBUG] Host 8 -> Host 59 (hops: 2) Path: 8 -> 56 -> 59
[PATH_DEBUG] Host 8 -> Host 60 (hops: 2) Path: 8 -> 56 -> 60
[PATH_DEBUG] Host 8 -> Host 61 (hops: 2) Path: 8 -> 56 -> 61
[PATH_DEBUG] Host 8 -> Host 62 (hops: 2) Path: 8 -> 56 -> 62
[PATH_DEBUG] Host 8 -> Host 63 (hops: 2) Path: 8 -> 56 -> 63
[PATH_DEBUG] Host 8 -> Host 18 (hops: 2) Path: 8 -> 10 -> 18
[PATH_DEBUG] Host 8 -> Host 17 (hops: 2) Path: 8 -> 9 -> 17
[PATH_DEBUG] Host 8 -> Host 9 (hops: 1) Path: 8 -> 9
[PATH_DEBUG] Host 8 -> Host 10 (hops: 1) Path: 8 -> 10
[PATH_DEBUG] Host 8 -> Host 11 (hops: 1) Path: 8 -> 11
[PATH_DEBUG] Host 8 -> Host 12 (hops: 1) Path: 8 -> 12
[PATH_DEBUG] Host 8 -> Host 13 (hops: 1) Path: 8 -> 13
[PATH_DEBUG] Host 8 -> Host 14 (hops: 1) Path: 8 -> 14
[PATH_DEBUG] Host 8 -> Host 15 (hops: 1) Path: 8 -> 15
[PATH_DEBUG] Host 8 -> Host 16 (hops: 1) Path: 8 -> 16
[PATH_DEBUG] Host 18 -> Host 19 (hops: 1) Path: 18 -> 19
[PATH_DEBUG] Host 18 -> Host 20 (hops: 1) Path: 18 -> 20
[PATH_DEBUG] Host 18 -> Host 21 (hops: 1) Path: 18 -> 21
[PATH_DEBUG] Host 18 -> Host 22 (hops: 1) Path: 18 -> 22
[PATH_DEBUG] Host 18 -> Host 23 (hops: 1) Path: 18 -> 23
[PATH_DEBUG] Host 18 -> Host 24 (hops: 2) Path: 18 -> 26 -> 24
[PATH_DEBUG] Host 18 -> Host 25 (hops: 2) Path: 18 -> 26 -> 25
[PATH_DEBUG] Host 18 -> Host 26 (hops: 1) Path: 18 -> 26
[PATH_DEBUG] Host 18 -> Host 27 (hops: 2) Path: 18 -> 19 -> 27
[PATH_DEBUG] Host 18 -> Host 28 (hops: 2) Path: 18 -> 20 -> 28
[PATH_DEBUG] Host 18 -> Host 29 (hops: 2) Path: 18 -> 21 -> 29
[PATH_DEBUG] Host 18 -> Host 30 (hops: 2) Path: 18 -> 22 -> 30
[PATH_DEBUG] Host 18 -> Host 31 (hops: 2) Path: 18 -> 23 -> 31
[PATH_DEBUG] Host 18 -> Host 32 (hops: 2) Path: 18 -> 34 -> 32
[PATH_DEBUG] Host 18 -> Host 33 (hops: 2) Path: 18 -> 34 -> 33
[PATH_DEBUG] Host 18 -> Host 34 (hops: 1) Path: 18 -> 34
[PATH_DEBUG] Host 18 -> Host 35 (hops: 2) Path: 18 -> 19 -> 35
[PATH_DEBUG] Host 18 -> Host 36 (hops: 2) Path: 18 -> 20 -> 36
[PATH_DEBUG] Host 18 -> Host 37 (hops: 2) Path: 18 -> 21 -> 37
[PATH_DEBUG] Host 18 -> Host 38 (hops: 2) Path: 18 -> 22 -> 38
[PATH_DEBUG] Host 18 -> Host 39 (hops: 2) Path: 18 -> 23 -> 39
[PATH_DEBUG] Host 18 -> Host 40 (hops: 2) Path: 18 -> 42 -> 40
[PATH_DEBUG] Host 18 -> Host 41 (hops: 2) Path: 18 -> 42 -> 41
[PATH_DEBUG] Host 18 -> Host 42 (hops: 1) Path: 18 -> 42
[PATH_DEBUG] Host 18 -> Host 43 (hops: 2) Path: 18 -> 19 -> 43
[PATH_DEBUG] Host 18 -> Host 44 (hops: 2) Path: 18 -> 20 -> 44
[PATH_DEBUG] Host 18 -> Host 45 (hops: 2) Path: 18 -> 21 -> 45
[PATH_DEBUG] Host 18 -> Host 46 (hops: 2) Path: 18 -> 22 -> 46
[PATH_DEBUG] Host 18 -> Host 47 (hops: 2) Path: 18 -> 23 -> 47
[PATH_DEBUG] Host 18 -> Host 48 (hops: 2) Path: 18 -> 50 -> 48
[PATH_DEBUG] Host 18 -> Host 49 (hops: 2) Path: 18 -> 50 -> 49
[PATH_DEBUG] Host 18 -> Host 50 (hops: 1) Path: 18 -> 50
[PATH_DEBUG] Host 18 -> Host 51 (hops: 2) Path: 18 -> 19 -> 51
[PATH_DEBUG] Host 18 -> Host 52 (hops: 2) Path: 18 -> 20 -> 52
[PATH_DEBUG] Host 18 -> Host 53 (hops: 2) Path: 18 -> 21 -> 53
[PATH_DEBUG] Host 18 -> Host 54 (hops: 2) Path: 18 -> 22 -> 54
[PATH_DEBUG] Host 18 -> Host 55 (hops: 2) Path: 18 -> 23 -> 55
[PATH_DEBUG] Host 18 -> Host 56 (hops: 2) Path: 18 -> 58 -> 56
[PATH_DEBUG] Host 18 -> Host 57 (hops: 2) Path: 18 -> 58 -> 57
[PATH_DEBUG] Host 18 -> Host 58 (hops: 1) Path: 18 -> 58
[PATH_DEBUG] Host 18 -> Host 59 (hops: 2) Path: 18 -> 19 -> 59
[PATH_DEBUG] Host 18 -> Host 60 (hops: 2) Path: 18 -> 20 -> 60
[PATH_DEBUG] Host 18 -> Host 61 (hops: 2) Path: 18 -> 21 -> 61
[PATH_DEBUG] Host 18 -> Host 62 (hops: 2) Path: 18 -> 22 -> 62
[PATH_DEBUG] Host 18 -> Host 63 (hops: 2) Path: 18 -> 23 -> 63
[PATH_DEBUG] Host 17 -> Host 19 (hops: 1) Path: 17 -> 19
[PATH_DEBUG] Host 17 -> Host 20 (hops: 1) Path: 17 -> 20
[PATH_DEBUG] Host 17 -> Host 21 (hops: 1) Path: 17 -> 21
[PATH_DEBUG] Host 17 -> Host 22 (hops: 1) Path: 17 -> 22
[PATH_DEBUG] Host 17 -> Host 23 (hops: 1) Path: 17 -> 23
[PATH_DEBUG] Host 17 -> Host 24 (hops: 2) Path: 17 -> 25 -> 24
[PATH_DEBUG] Host 17 -> Host 25 (hops: 1) Path: 17 -> 25
[PATH_DEBUG] Host 17 -> Host 26 (hops: 2) Path: 17 -> 25 -> 26
[PATH_DEBUG] Host 17 -> Host 27 (hops: 2) Path: 17 -> 19 -> 27
[PATH_DEBUG] Host 17 -> Host 28 (hops: 2) Path: 17 -> 20 -> 28
[PATH_DEBUG] Host 17 -> Host 29 (hops: 2) Path: 17 -> 21 -> 29
[PATH_DEBUG] Host 17 -> Host 30 (hops: 2) Path: 17 -> 22 -> 30
[PATH_DEBUG] Host 17 -> Host 31 (hops: 2) Path: 17 -> 23 -> 31
[PATH_DEBUG] Host 17 -> Host 32 (hops: 2) Path: 17 -> 33 -> 32
[PATH_DEBUG] Host 17 -> Host 33 (hops: 1) Path: 17 -> 33
[PATH_DEBUG] Host 17 -> Host 34 (hops: 2) Path: 17 -> 33 -> 34
[PATH_DEBUG] Host 17 -> Host 35 (hops: 2) Path: 17 -> 19 -> 35
[PATH_DEBUG] Host 17 -> Host 36 (hops: 2) Path: 17 -> 20 -> 36
[PATH_DEBUG] Host 17 -> Host 37 (hops: 2) Path: 17 -> 21 -> 37
[PATH_DEBUG] Host 17 -> Host 38 (hops: 2) Path: 17 -> 22 -> 38
[PATH_DEBUG] Host 17 -> Host 39 (hops: 2) Path: 17 -> 23 -> 39
[PATH_DEBUG] Host 17 -> Host 40 (hops: 2) Path: 17 -> 41 -> 40
[PATH_DEBUG] Host 17 -> Host 41 (hops: 1) Path: 17 -> 41
[PATH_DEBUG] Host 17 -> Host 42 (hops: 2) Path: 17 -> 41 -> 42
[PATH_DEBUG] Host 17 -> Host 43 (hops: 2) Path: 17 -> 19 -> 43
[PATH_DEBUG] Host 17 -> Host 44 (hops: 2) Path: 17 -> 20 -> 44
[PATH_DEBUG] Host 17 -> Host 45 (hops: 2) Path: 17 -> 21 -> 45
[PATH_DEBUG] Host 17 -> Host 46 (hops: 2) Path: 17 -> 22 -> 46
[PATH_DEBUG] Host 17 -> Host 47 (hops: 2) Path: 17 -> 23 -> 47
[PATH_DEBUG] Host 17 -> Host 48 (hops: 2) Path: 17 -> 49 -> 48
[PATH_DEBUG] Host 17 -> Host 49 (hops: 1) Path: 17 -> 49
[PATH_DEBUG] Host 17 -> Host 50 (hops: 2) Path: 17 -> 49 -> 50
[PATH_DEBUG] Host 17 -> Host 51 (hops: 2) Path: 17 -> 19 -> 51
[PATH_DEBUG] Host 17 -> Host 52 (hops: 2) Path: 17 -> 20 -> 52
[PATH_DEBUG] Host 17 -> Host 53 (hops: 2) Path: 17 -> 21 -> 53
[PATH_DEBUG] Host 17 -> Host 54 (hops: 2) Path: 17 -> 22 -> 54
[PATH_DEBUG] Host 17 -> Host 55 (hops: 2) Path: 17 -> 23 -> 55
[PATH_DEBUG] Host 17 -> Host 56 (hops: 2) Path: 17 -> 57 -> 56
[PATH_DEBUG] Host 17 -> Host 57 (hops: 1) Path: 17 -> 57
[PATH_DEBUG] Host 17 -> Host 58 (hops: 2) Path: 17 -> 57 -> 58
[PATH_DEBUG] Host 17 -> Host 59 (hops: 2) Path: 17 -> 19 -> 59
[PATH_DEBUG] Host 17 -> Host 60 (hops: 2) Path: 17 -> 20 -> 60
[PATH_DEBUG] Host 17 -> Host 61 (hops: 2) Path: 17 -> 21 -> 61
[PATH_DEBUG] Host 17 -> Host 62 (hops: 2) Path: 17 -> 22 -> 62
[PATH_DEBUG] Host 17 -> Host 63 (hops: 2) Path: 17 -> 23 -> 63
[PATH_DEBUG] Host 17 -> Host 18 (hops: 1) Path: 17 -> 18
[PATH_DEBUG] Host 9 -> Host 19 (hops: 2) Path: 9 -> 17 -> 19
[PATH_DEBUG] Host 9 -> Host 20 (hops: 2) Path: 9 -> 17 -> 20
[PATH_DEBUG] Host 9 -> Host 21 (hops: 2) Path: 9 -> 17 -> 21
[PATH_DEBUG] Host 9 -> Host 22 (hops: 2) Path: 9 -> 17 -> 22
[PATH_DEBUG] Host 9 -> Host 23 (hops: 2) Path: 9 -> 17 -> 23
[PATH_DEBUG] Host 9 -> Host 24 (hops: 2) Path: 9 -> 25 -> 24
[PATH_DEBUG] Host 9 -> Host 25 (hops: 1) Path: 9 -> 25
[PATH_DEBUG] Host 9 -> Host 26 (hops: 2) Path: 9 -> 25 -> 26
[PATH_DEBUG] Host 9 -> Host 27 (hops: 2) Path: 9 -> 25 -> 27
[PATH_DEBUG] Host 9 -> Host 28 (hops: 2) Path: 9 -> 25 -> 28
[PATH_DEBUG] Host 9 -> Host 29 (hops: 2) Path: 9 -> 25 -> 29
[PATH_DEBUG] Host 9 -> Host 30 (hops: 2) Path: 9 -> 25 -> 30
[PATH_DEBUG] Host 9 -> Host 31 (hops: 2) Path: 9 -> 25 -> 31
[PATH_DEBUG] Host 9 -> Host 32 (hops: 2) Path: 9 -> 33 -> 32
[PATH_DEBUG] Host 9 -> Host 33 (hops: 1) Path: 9 -> 33
[PATH_DEBUG] Host 9 -> Host 34 (hops: 2) Path: 9 -> 33 -> 34
[PATH_DEBUG] Host 9 -> Host 35 (hops: 2) Path: 9 -> 33 -> 35
[PATH_DEBUG] Host 9 -> Host 36 (hops: 2) Path: 9 -> 33 -> 36
[PATH_DEBUG] Host 9 -> Host 37 (hops: 2) Path: 9 -> 33 -> 37
[PATH_DEBUG] Host 9 -> Host 38 (hops: 2) Path: 9 -> 33 -> 38
[PATH_DEBUG] Host 9 -> Host 39 (hops: 2) Path: 9 -> 33 -> 39
[PATH_DEBUG] Host 9 -> Host 40 (hops: 2) Path: 9 -> 41 -> 40
[PATH_DEBUG] Host 9 -> Host 41 (hops: 1) Path: 9 -> 41
[PATH_DEBUG] Host 9 -> Host 42 (hops: 2) Path: 9 -> 41 -> 42
[PATH_DEBUG] Host 9 -> Host 43 (hops: 2) Path: 9 -> 41 -> 43
[PATH_DEBUG] Host 9 -> Host 44 (hops: 2) Path: 9 -> 41 -> 44
[PATH_DEBUG] Host 9 -> Host 45 (hops: 2) Path: 9 -> 41 -> 45
[PATH_DEBUG] Host 9 -> Host 46 (hops: 2) Path: 9 -> 41 -> 46
[PATH_DEBUG] Host 9 -> Host 47 (hops: 2) Path: 9 -> 41 -> 47
[PATH_DEBUG] Host 9 -> Host 48 (hops: 2) Path: 9 -> 49 -> 48
[PATH_DEBUG] Host 9 -> Host 49 (hops: 1) Path: 9 -> 49
[PATH_DEBUG] Host 9 -> Host 50 (hops: 2) Path: 9 -> 49 -> 50
[PATH_DEBUG] Host 9 -> Host 51 (hops: 2) Path: 9 -> 49 -> 51
[PATH_DEBUG] Host 9 -> Host 52 (hops: 2) Path: 9 -> 49 -> 52
[PATH_DEBUG] Host 9 -> Host 53 (hops: 2) Path: 9 -> 49 -> 53
[PATH_DEBUG] Host 9 -> Host 54 (hops: 2) Path: 9 -> 49 -> 54
[PATH_DEBUG] Host 9 -> Host 55 (hops: 2) Path: 9 -> 49 -> 55
[PATH_DEBUG] Host 9 -> Host 56 (hops: 2) Path: 9 -> 57 -> 56
[PATH_DEBUG] Host 9 -> Host 57 (hops: 1) Path: 9 -> 57
[PATH_DEBUG] Host 9 -> Host 58 (hops: 2) Path: 9 -> 57 -> 58
[PATH_DEBUG] Host 9 -> Host 59 (hops: 2) Path: 9 -> 57 -> 59
[PATH_DEBUG] Host 9 -> Host 60 (hops: 2) Path: 9 -> 57 -> 60
[PATH_DEBUG] Host 9 -> Host 61 (hops: 2) Path: 9 -> 57 -> 61
[PATH_DEBUG] Host 9 -> Host 62 (hops: 2) Path: 9 -> 57 -> 62
[PATH_DEBUG] Host 9 -> Host 63 (hops: 2) Path: 9 -> 57 -> 63
[PATH_DEBUG] Host 9 -> Host 18 (hops: 2) Path: 9 -> 17 -> 18
[PATH_DEBUG] Host 9 -> Host 17 (hops: 1) Path: 9 -> 17
[PATH_DEBUG] Host 9 -> Host 10 (hops: 1) Path: 9 -> 10
[PATH_DEBUG] Host 9 -> Host 11 (hops: 1) Path: 9 -> 11
[PATH_DEBUG] Host 9 -> Host 12 (hops: 1) Path: 9 -> 12
[PATH_DEBUG] Host 9 -> Host 13 (hops: 1) Path: 9 -> 13
[PATH_DEBUG] Host 9 -> Host 14 (hops: 1) Path: 9 -> 14
[PATH_DEBUG] Host 9 -> Host 15 (hops: 1) Path: 9 -> 15
[PATH_DEBUG] Host 9 -> Host 16 (hops: 2) Path: 9 -> 8 -> 16
[PATH_DEBUG] Host 10 -> Host 19 (hops: 2) Path: 10 -> 18 -> 19
[PATH_DEBUG] Host 10 -> Host 20 (hops: 2) Path: 10 -> 18 -> 20
[PATH_DEBUG] Host 10 -> Host 21 (hops: 2) Path: 10 -> 18 -> 21
[PATH_DEBUG] Host 10 -> Host 22 (hops: 2) Path: 10 -> 18 -> 22
[PATH_DEBUG] Host 10 -> Host 23 (hops: 2) Path: 10 -> 18 -> 23
[PATH_DEBUG] Host 10 -> Host 24 (hops: 2) Path: 10 -> 26 -> 24
[PATH_DEBUG] Host 10 -> Host 25 (hops: 2) Path: 10 -> 26 -> 25
[PATH_DEBUG] Host 10 -> Host 26 (hops: 1) Path: 10 -> 26
[PATH_DEBUG] Host 10 -> Host 27 (hops: 2) Path: 10 -> 26 -> 27
[PATH_DEBUG] Host 10 -> Host 28 (hops: 2) Path: 10 -> 26 -> 28
[PATH_DEBUG] Host 10 -> Host 29 (hops: 2) Path: 10 -> 26 -> 29
[PATH_DEBUG] Host 10 -> Host 30 (hops: 2) Path: 10 -> 26 -> 30
[PATH_DEBUG] Host 10 -> Host 31 (hops: 2) Path: 10 -> 26 -> 31
[PATH_DEBUG] Host 10 -> Host 32 (hops: 2) Path: 10 -> 34 -> 32
[PATH_DEBUG] Host 10 -> Host 33 (hops: 2) Path: 10 -> 34 -> 33
[PATH_DEBUG] Host 10 -> Host 34 (hops: 1) Path: 10 -> 34
[PATH_DEBUG] Host 10 -> Host 35 (hops: 2) Path: 10 -> 34 -> 35
[PATH_DEBUG] Host 10 -> Host 36 (hops: 2) Path: 10 -> 34 -> 36
[PATH_DEBUG] Host 10 -> Host 37 (hops: 2) Path: 10 -> 34 -> 37
[PATH_DEBUG] Host 10 -> Host 38 (hops: 2) Path: 10 -> 34 -> 38
[PATH_DEBUG] Host 10 -> Host 39 (hops: 2) Path: 10 -> 34 -> 39
[PATH_DEBUG] Host 10 -> Host 40 (hops: 2) Path: 10 -> 42 -> 40
[PATH_DEBUG] Host 10 -> Host 41 (hops: 2) Path: 10 -> 42 -> 41
[PATH_DEBUG] Host 10 -> Host 42 (hops: 1) Path: 10 -> 42
[PATH_DEBUG] Host 10 -> Host 43 (hops: 2) Path: 10 -> 42 -> 43
[PATH_DEBUG] Host 10 -> Host 44 (hops: 2) Path: 10 -> 42 -> 44
[PATH_DEBUG] Host 10 -> Host 45 (hops: 2) Path: 10 -> 42 -> 45
[PATH_DEBUG] Host 10 -> Host 46 (hops: 2) Path: 10 -> 42 -> 46
[PATH_DEBUG] Host 10 -> Host 47 (hops: 2) Path: 10 -> 42 -> 47
[PATH_DEBUG] Host 10 -> Host 48 (hops: 2) Path: 10 -> 50 -> 48
[PATH_DEBUG] Host 10 -> Host 49 (hops: 2) Path: 10 -> 50 -> 49
[PATH_DEBUG] Host 10 -> Host 50 (hops: 1) Path: 10 -> 50
[PATH_DEBUG] Host 10 -> Host 51 (hops: 2) Path: 10 -> 50 -> 51
[PATH_DEBUG] Host 10 -> Host 52 (hops: 2) Path: 10 -> 50 -> 52
[PATH_DEBUG] Host 10 -> Host 53 (hops: 2) Path: 10 -> 50 -> 53
[PATH_DEBUG] Host 10 -> Host 54 (hops: 2) Path: 10 -> 50 -> 54
[PATH_DEBUG] Host 10 -> Host 55 (hops: 2) Path: 10 -> 50 -> 55
[PATH_DEBUG] Host 10 -> Host 56 (hops: 2) Path: 10 -> 58 -> 56
[PATH_DEBUG] Host 10 -> Host 57 (hops: 2) Path: 10 -> 58 -> 57
[PATH_DEBUG] Host 10 -> Host 58 (hops: 1) Path: 10 -> 58
[PATH_DEBUG] Host 10 -> Host 59 (hops: 2) Path: 10 -> 58 -> 59
[PATH_DEBUG] Host 10 -> Host 60 (hops: 2) Path: 10 -> 58 -> 60
[PATH_DEBUG] Host 10 -> Host 61 (hops: 2) Path: 10 -> 58 -> 61
[PATH_DEBUG] Host 10 -> Host 62 (hops: 2) Path: 10 -> 58 -> 62
[PATH_DEBUG] Host 10 -> Host 63 (hops: 2) Path: 10 -> 58 -> 63
[PATH_DEBUG] Host 10 -> Host 18 (hops: 1) Path: 10 -> 18
[PATH_DEBUG] Host 10 -> Host 17 (hops: 2) Path: 10 -> 18 -> 17
[PATH_DEBUG] Host 10 -> Host 11 (hops: 1) Path: 10 -> 11
[PATH_DEBUG] Host 10 -> Host 12 (hops: 1) Path: 10 -> 12
[PATH_DEBUG] Host 10 -> Host 13 (hops: 1) Path: 10 -> 13
[PATH_DEBUG] Host 10 -> Host 14 (hops: 1) Path: 10 -> 14
[PATH_DEBUG] Host 10 -> Host 15 (hops: 1) Path: 10 -> 15
[PATH_DEBUG] Host 10 -> Host 16 (hops: 2) Path: 10 -> 8 -> 16
[PATH_DEBUG] Host 11 -> Host 19 (hops: 1) Path: 11 -> 19
[PATH_DEBUG] Host 11 -> Host 20 (hops: 2) Path: 11 -> 19 -> 20
[PATH_DEBUG] Host 11 -> Host 21 (hops: 2) Path: 11 -> 19 -> 21
[PATH_DEBUG] Host 11 -> Host 22 (hops: 2) Path: 11 -> 19 -> 22
[PATH_DEBUG] Host 11 -> Host 23 (hops: 2) Path: 11 -> 19 -> 23
[PATH_DEBUG] Host 11 -> Host 24 (hops: 2) Path: 11 -> 27 -> 24
[PATH_DEBUG] Host 11 -> Host 25 (hops: 2) Path: 11 -> 27 -> 25
[PATH_DEBUG] Host 11 -> Host 26 (hops: 2) Path: 11 -> 27 -> 26
[PATH_DEBUG] Host 11 -> Host 27 (hops: 1) Path: 11 -> 27
[PATH_DEBUG] Host 11 -> Host 28 (hops: 2) Path: 11 -> 27 -> 28
[PATH_DEBUG] Host 11 -> Host 29 (hops: 2) Path: 11 -> 27 -> 29
[PATH_DEBUG] Host 11 -> Host 30 (hops: 2) Path: 11 -> 27 -> 30
[PATH_DEBUG] Host 11 -> Host 31 (hops: 2) Path: 11 -> 27 -> 31
[PATH_DEBUG] Host 11 -> Host 32 (hops: 2) Path: 11 -> 35 -> 32
[PATH_DEBUG] Host 11 -> Host 33 (hops: 2) Path: 11 -> 35 -> 33
[PATH_DEBUG] Host 11 -> Host 34 (hops: 2) Path: 11 -> 35 -> 34
[PATH_DEBUG] Host 11 -> Host 35 (hops: 1) Path: 11 -> 35
[PATH_DEBUG] Host 11 -> Host 36 (hops: 2) Path: 11 -> 35 -> 36
[PATH_DEBUG] Host 11 -> Host 37 (hops: 2) Path: 11 -> 35 -> 37
[PATH_DEBUG] Host 11 -> Host 38 (hops: 2) Path: 11 -> 35 -> 38
[PATH_DEBUG] Host 11 -> Host 39 (hops: 2) Path: 11 -> 35 -> 39
[PATH_DEBUG] Host 11 -> Host 40 (hops: 2) Path: 11 -> 43 -> 40
[PATH_DEBUG] Host 11 -> Host 41 (hops: 2) Path: 11 -> 43 -> 41
[PATH_DEBUG] Host 11 -> Host 42 (hops: 2) Path: 11 -> 43 -> 42
[PATH_DEBUG] Host 11 -> Host 43 (hops: 1) Path: 11 -> 43
[PATH_DEBUG] Host 11 -> Host 44 (hops: 2) Path: 11 -> 43 -> 44
[PATH_DEBUG] Host 11 -> Host 45 (hops: 2) Path: 11 -> 43 -> 45
[PATH_DEBUG] Host 11 -> Host 46 (hops: 2) Path: 11 -> 43 -> 46
[PATH_DEBUG] Host 11 -> Host 47 (hops: 2) Path: 11 -> 43 -> 47
[PATH_DEBUG] Host 11 -> Host 48 (hops: 2) Path: 11 -> 51 -> 48
[PATH_DEBUG] Host 11 -> Host 49 (hops: 2) Path: 11 -> 51 -> 49
[PATH_DEBUG] Host 11 -> Host 50 (hops: 2) Path: 11 -> 51 -> 50
[PATH_DEBUG] Host 11 -> Host 51 (hops: 1) Path: 11 -> 51
[PATH_DEBUG] Host 11 -> Host 52 (hops: 2) Path: 11 -> 51 -> 52
[PATH_DEBUG] Host 11 -> Host 53 (hops: 2) Path: 11 -> 51 -> 53
[PATH_DEBUG] Host 11 -> Host 54 (hops: 2) Path: 11 -> 51 -> 54
[PATH_DEBUG] Host 11 -> Host 55 (hops: 2) Path: 11 -> 51 -> 55
[PATH_DEBUG] Host 11 -> Host 56 (hops: 2) Path: 11 -> 59 -> 56
[PATH_DEBUG] Host 11 -> Host 57 (hops: 2) Path: 11 -> 59 -> 57
[PATH_DEBUG] Host 11 -> Host 58 (hops: 2) Path: 11 -> 59 -> 58
[PATH_DEBUG] Host 11 -> Host 59 (hops: 1) Path: 11 -> 59
[PATH_DEBUG] Host 11 -> Host 60 (hops: 2) Path: 11 -> 59 -> 60
[PATH_DEBUG] Host 11 -> Host 61 (hops: 2) Path: 11 -> 59 -> 61
[PATH_DEBUG] Host 11 -> Host 62 (hops: 2) Path: 11 -> 59 -> 62
[PATH_DEBUG] Host 11 -> Host 63 (hops: 2) Path: 11 -> 59 -> 63
[PATH_DEBUG] Host 11 -> Host 18 (hops: 2) Path: 11 -> 19 -> 18
[PATH_DEBUG] Host 11 -> Host 17 (hops: 2) Path: 11 -> 19 -> 17
[PATH_DEBUG] Host 11 -> Host 12 (hops: 1) Path: 11 -> 12
[PATH_DEBUG] Host 11 -> Host 13 (hops: 1) Path: 11 -> 13
[PATH_DEBUG] Host 11 -> Host 14 (hops: 1) Path: 11 -> 14
[PATH_DEBUG] Host 11 -> Host 15 (hops: 1) Path: 11 -> 15
[PATH_DEBUG] Host 11 -> Host 16 (hops: 2) Path: 11 -> 19 -> 16
[PATH_DEBUG] Host 12 -> Host 19 (hops: 2) Path: 12 -> 20 -> 19
[PATH_DEBUG] Host 12 -> Host 20 (hops: 1) Path: 12 -> 20
[PATH_DEBUG] Host 12 -> Host 21 (hops: 2) Path: 12 -> 20 -> 21
[PATH_DEBUG] Host 12 -> Host 22 (hops: 2) Path: 12 -> 20 -> 22
[PATH_DEBUG] Host 12 -> Host 23 (hops: 2) Path: 12 -> 20 -> 23
[PATH_DEBUG] Host 12 -> Host 24 (hops: 2) Path: 12 -> 28 -> 24
[PATH_DEBUG] Host 12 -> Host 25 (hops: 2) Path: 12 -> 28 -> 25
[PATH_DEBUG] Host 12 -> Host 26 (hops: 2) Path: 12 -> 28 -> 26
[PATH_DEBUG] Host 12 -> Host 27 (hops: 2) Path: 12 -> 28 -> 27
[PATH_DEBUG] Host 12 -> Host 28 (hops: 1) Path: 12 -> 28
[PATH_DEBUG] Host 12 -> Host 29 (hops: 2) Path: 12 -> 28 -> 29
[PATH_DEBUG] Host 12 -> Host 30 (hops: 2) Path: 12 -> 28 -> 30
[PATH_DEBUG] Host 12 -> Host 31 (hops: 2) Path: 12 -> 28 -> 31
[PATH_DEBUG] Host 12 -> Host 32 (hops: 2) Path: 12 -> 36 -> 32
[PATH_DEBUG] Host 12 -> Host 33 (hops: 2) Path: 12 -> 36 -> 33
[PATH_DEBUG] Host 12 -> Host 34 (hops: 2) Path: 12 -> 36 -> 34
[PATH_DEBUG] Host 12 -> Host 35 (hops: 2) Path: 12 -> 36 -> 35
[PATH_DEBUG] Host 12 -> Host 36 (hops: 1) Path: 12 -> 36
[PATH_DEBUG] Host 12 -> Host 37 (hops: 2) Path: 12 -> 36 -> 37
[PATH_DEBUG] Host 12 -> Host 38 (hops: 2) Path: 12 -> 36 -> 38
[PATH_DEBUG] Host 12 -> Host 39 (hops: 2) Path: 12 -> 36 -> 39
[PATH_DEBUG] Host 12 -> Host 40 (hops: 2) Path: 12 -> 44 -> 40
[PATH_DEBUG] Host 12 -> Host 41 (hops: 2) Path: 12 -> 44 -> 41
[PATH_DEBUG] Host 12 -> Host 42 (hops: 2) Path: 12 -> 44 -> 42
[PATH_DEBUG] Host 12 -> Host 43 (hops: 2) Path: 12 -> 44 -> 43
[PATH_DEBUG] Host 12 -> Host 44 (hops: 1) Path: 12 -> 44
[PATH_DEBUG] Host 12 -> Host 45 (hops: 2) Path: 12 -> 44 -> 45
[PATH_DEBUG] Host 12 -> Host 46 (hops: 2) Path: 12 -> 44 -> 46
[PATH_DEBUG] Host 12 -> Host 47 (hops: 2) Path: 12 -> 44 -> 47
[PATH_DEBUG] Host 12 -> Host 48 (hops: 2) Path: 12 -> 52 -> 48
[PATH_DEBUG] Host 12 -> Host 49 (hops: 2) Path: 12 -> 52 -> 49
[PATH_DEBUG] Host 12 -> Host 50 (hops: 2) Path: 12 -> 52 -> 50
[PATH_DEBUG] Host 12 -> Host 51 (hops: 2) Path: 12 -> 52 -> 51
[PATH_DEBUG] Host 12 -> Host 52 (hops: 1) Path: 12 -> 52
[PATH_DEBUG] Host 12 -> Host 53 (hops: 2) Path: 12 -> 52 -> 53
[PATH_DEBUG] Host 12 -> Host 54 (hops: 2) Path: 12 -> 52 -> 54
[PATH_DEBUG] Host 12 -> Host 55 (hops: 2) Path: 12 -> 52 -> 55
[PATH_DEBUG] Host 12 -> Host 56 (hops: 2) Path: 12 -> 60 -> 56
[PATH_DEBUG] Host 12 -> Host 57 (hops: 2) Path: 12 -> 60 -> 57
[PATH_DEBUG] Host 12 -> Host 58 (hops: 2) Path: 12 -> 60 -> 58
[PATH_DEBUG] Host 12 -> Host 59 (hops: 2) Path: 12 -> 60 -> 59
[PATH_DEBUG] Host 12 -> Host 60 (hops: 1) Path: 12 -> 60
[PATH_DEBUG] Host 12 -> Host 61 (hops: 2) Path: 12 -> 60 -> 61
[PATH_DEBUG] Host 12 -> Host 62 (hops: 2) Path: 12 -> 60 -> 62
[PATH_DEBUG] Host 12 -> Host 63 (hops: 2) Path: 12 -> 60 -> 63
[PATH_DEBUG] Host 12 -> Host 18 (hops: 2) Path: 12 -> 20 -> 18
[PATH_DEBUG] Host 12 -> Host 17 (hops: 2) Path: 12 -> 20 -> 17
[PATH_DEBUG] Host 12 -> Host 13 (hops: 1) Path: 12 -> 13
[PATH_DEBUG] Host 12 -> Host 14 (hops: 1) Path: 12 -> 14
[PATH_DEBUG] Host 12 -> Host 15 (hops: 1) Path: 12 -> 15
[PATH_DEBUG] Host 12 -> Host 16 (hops: 2) Path: 12 -> 20 -> 16
[PATH_DEBUG] Host 13 -> Host 19 (hops: 2) Path: 13 -> 21 -> 19
[PATH_DEBUG] Host 13 -> Host 20 (hops: 2) Path: 13 -> 21 -> 20
[PATH_DEBUG] Host 13 -> Host 21 (hops: 1) Path: 13 -> 21
[PATH_DEBUG] Host 13 -> Host 22 (hops: 2) Path: 13 -> 21 -> 22
[PATH_DEBUG] Host 13 -> Host 23 (hops: 2) Path: 13 -> 21 -> 23
[PATH_DEBUG] Host 13 -> Host 24 (hops: 2) Path: 13 -> 29 -> 24
[PATH_DEBUG] Host 13 -> Host 25 (hops: 2) Path: 13 -> 29 -> 25
[PATH_DEBUG] Host 13 -> Host 26 (hops: 2) Path: 13 -> 29 -> 26
[PATH_DEBUG] Host 13 -> Host 27 (hops: 2) Path: 13 -> 29 -> 27
[PATH_DEBUG] Host 13 -> Host 28 (hops: 2) Path: 13 -> 29 -> 28
[PATH_DEBUG] Host 13 -> Host 29 (hops: 1) Path: 13 -> 29
[PATH_DEBUG] Host 13 -> Host 30 (hops: 2) Path: 13 -> 29 -> 30
[PATH_DEBUG] Host 13 -> Host 31 (hops: 2) Path: 13 -> 29 -> 31
[PATH_DEBUG] Host 13 -> Host 32 (hops: 2) Path: 13 -> 37 -> 32
[PATH_DEBUG] Host 13 -> Host 33 (hops: 2) Path: 13 -> 37 -> 33
[PATH_DEBUG] Host 13 -> Host 34 (hops: 2) Path: 13 -> 37 -> 34
[PATH_DEBUG] Host 13 -> Host 35 (hops: 2) Path: 13 -> 37 -> 35
[PATH_DEBUG] Host 13 -> Host 36 (hops: 2) Path: 13 -> 37 -> 36
[PATH_DEBUG] Host 13 -> Host 37 (hops: 1) Path: 13 -> 37
[PATH_DEBUG] Host 13 -> Host 38 (hops: 2) Path: 13 -> 37 -> 38
[PATH_DEBUG] Host 13 -> Host 39 (hops: 2) Path: 13 -> 37 -> 39
[PATH_DEBUG] Host 13 -> Host 40 (hops: 2) Path: 13 -> 45 -> 40
[PATH_DEBUG] Host 13 -> Host 41 (hops: 2) Path: 13 -> 45 -> 41
[PATH_DEBUG] Host 13 -> Host 42 (hops: 2) Path: 13 -> 45 -> 42
[PATH_DEBUG] Host 13 -> Host 43 (hops: 2) Path: 13 -> 45 -> 43
[PATH_DEBUG] Host 13 -> Host 44 (hops: 2) Path: 13 -> 45 -> 44
[PATH_DEBUG] Host 13 -> Host 45 (hops: 1) Path: 13 -> 45
[PATH_DEBUG] Host 13 -> Host 46 (hops: 2) Path: 13 -> 45 -> 46
[PATH_DEBUG] Host 13 -> Host 47 (hops: 2) Path: 13 -> 45 -> 47
[PATH_DEBUG] Host 13 -> Host 48 (hops: 2) Path: 13 -> 53 -> 48
[PATH_DEBUG] Host 13 -> Host 49 (hops: 2) Path: 13 -> 53 -> 49
[PATH_DEBUG] Host 13 -> Host 50 (hops: 2) Path: 13 -> 53 -> 50
[PATH_DEBUG] Host 13 -> Host 51 (hops: 2) Path: 13 -> 53 -> 51
[PATH_DEBUG] Host 13 -> Host 52 (hops: 2) Path: 13 -> 53 -> 52
[PATH_DEBUG] Host 13 -> Host 53 (hops: 1) Path: 13 -> 53
[PATH_DEBUG] Host 13 -> Host 54 (hops: 2) Path: 13 -> 53 -> 54
[PATH_DEBUG] Host 13 -> Host 55 (hops: 2) Path: 13 -> 53 -> 55
[PATH_DEBUG] Host 13 -> Host 56 (hops: 2) Path: 13 -> 61 -> 56
[PATH_DEBUG] Host 13 -> Host 57 (hops: 2) Path: 13 -> 61 -> 57
[PATH_DEBUG] Host 13 -> Host 58 (hops: 2) Path: 13 -> 61 -> 58
[PATH_DEBUG] Host 13 -> Host 59 (hops: 2) Path: 13 -> 61 -> 59
[PATH_DEBUG] Host 13 -> Host 60 (hops: 2) Path: 13 -> 61 -> 60
[PATH_DEBUG] Host 13 -> Host 61 (hops: 1) Path: 13 -> 61
[PATH_DEBUG] Host 13 -> Host 62 (hops: 2) Path: 13 -> 61 -> 62
[PATH_DEBUG] Host 13 -> Host 63 (hops: 2) Path: 13 -> 61 -> 63
[PATH_DEBUG] Host 13 -> Host 18 (hops: 2) Path: 13 -> 21 -> 18
[PATH_DEBUG] Host 13 -> Host 17 (hops: 2) Path: 13 -> 21 -> 17
[PATH_DEBUG] Host 13 -> Host 14 (hops: 1) Path: 13 -> 14
[PATH_DEBUG] Host 13 -> Host 15 (hops: 1) Path: 13 -> 15
[PATH_DEBUG] Host 13 -> Host 16 (hops: 2) Path: 13 -> 21 -> 16
[PATH_DEBUG] Host 14 -> Host 19 (hops: 2) Path: 14 -> 22 -> 19
[PATH_DEBUG] Host 14 -> Host 20 (hops: 2) Path: 14 -> 22 -> 20
[PATH_DEBUG] Host 14 -> Host 21 (hops: 2) Path: 14 -> 22 -> 21
[PATH_DEBUG] Host 14 -> Host 22 (hops: 1) Path: 14 -> 22
[PATH_DEBUG] Host 14 -> Host 23 (hops: 2) Path: 14 -> 22 -> 23
[PATH_DEBUG] Host 14 -> Host 24 (hops: 2) Path: 14 -> 30 -> 24
[PATH_DEBUG] Host 14 -> Host 25 (hops: 2) Path: 14 -> 30 -> 25
[PATH_DEBUG] Host 14 -> Host 26 (hops: 2) Path: 14 -> 30 -> 26
[PATH_DEBUG] Host 14 -> Host 27 (hops: 2) Path: 14 -> 30 -> 27
[PATH_DEBUG] Host 14 -> Host 28 (hops: 2) Path: 14 -> 30 -> 28
[PATH_DEBUG] Host 14 -> Host 29 (hops: 2) Path: 14 -> 30 -> 29
[PATH_DEBUG] Host 14 -> Host 30 (hops: 1) Path: 14 -> 30
[PATH_DEBUG] Host 14 -> Host 31 (hops: 2) Path: 14 -> 30 -> 31
[PATH_DEBUG] Host 14 -> Host 32 (hops: 2) Path: 14 -> 38 -> 32
[PATH_DEBUG] Host 14 -> Host 33 (hops: 2) Path: 14 -> 38 -> 33
[PATH_DEBUG] Host 14 -> Host 34 (hops: 2) Path: 14 -> 38 -> 34
[PATH_DEBUG] Host 14 -> Host 35 (hops: 2) Path: 14 -> 38 -> 35
[PATH_DEBUG] Host 14 -> Host 36 (hops: 2) Path: 14 -> 38 -> 36
[PATH_DEBUG] Host 14 -> Host 37 (hops: 2) Path: 14 -> 38 -> 37
[PATH_DEBUG] Host 14 -> Host 38 (hops: 1) Path: 14 -> 38
[PATH_DEBUG] Host 14 -> Host 39 (hops: 2) Path: 14 -> 38 -> 39
[PATH_DEBUG] Host 14 -> Host 40 (hops: 2) Path: 14 -> 46 -> 40
[PATH_DEBUG] Host 14 -> Host 41 (hops: 2) Path: 14 -> 46 -> 41
[PATH_DEBUG] Host 14 -> Host 42 (hops: 2) Path: 14 -> 46 -> 42
[PATH_DEBUG] Host 14 -> Host 43 (hops: 2) Path: 14 -> 46 -> 43
[PATH_DEBUG] Host 14 -> Host 44 (hops: 2) Path: 14 -> 46 -> 44
[PATH_DEBUG] Host 14 -> Host 45 (hops: 2) Path: 14 -> 46 -> 45
[PATH_DEBUG] Host 14 -> Host 46 (hops: 1) Path: 14 -> 46
[PATH_DEBUG] Host 14 -> Host 47 (hops: 2) Path: 14 -> 46 -> 47
[PATH_DEBUG] Host 14 -> Host 48 (hops: 2) Path: 14 -> 54 -> 48
[PATH_DEBUG] Host 14 -> Host 49 (hops: 2) Path: 14 -> 54 -> 49
[PATH_DEBUG] Host 14 -> Host 50 (hops: 2) Path: 14 -> 54 -> 50
[PATH_DEBUG] Host 14 -> Host 51 (hops: 2) Path: 14 -> 54 -> 51
[PATH_DEBUG] Host 14 -> Host 52 (hops: 2) Path: 14 -> 54 -> 52
[PATH_DEBUG] Host 14 -> Host 53 (hops: 2) Path: 14 -> 54 -> 53
[PATH_DEBUG] Host 14 -> Host 54 (hops: 1) Path: 14 -> 54
[PATH_DEBUG] Host 14 -> Host 55 (hops: 2) Path: 14 -> 54 -> 55
[PATH_DEBUG] Host 14 -> Host 56 (hops: 2) Path: 14 -> 62 -> 56
[PATH_DEBUG] Host 14 -> Host 57 (hops: 2) Path: 14 -> 62 -> 57
[PATH_DEBUG] Host 14 -> Host 58 (hops: 2) Path: 14 -> 62 -> 58
[PATH_DEBUG] Host 14 -> Host 59 (hops: 2) Path: 14 -> 62 -> 59
[PATH_DEBUG] Host 14 -> Host 60 (hops: 2) Path: 14 -> 62 -> 60
[PATH_DEBUG] Host 14 -> Host 61 (hops: 2) Path: 14 -> 62 -> 61
[PATH_DEBUG] Host 14 -> Host 62 (hops: 1) Path: 14 -> 62
[PATH_DEBUG] Host 14 -> Host 63 (hops: 2) Path: 14 -> 62 -> 63
[PATH_DEBUG] Host 14 -> Host 18 (hops: 2) Path: 14 -> 22 -> 18
[PATH_DEBUG] Host 14 -> Host 17 (hops: 2) Path: 14 -> 22 -> 17
[PATH_DEBUG] Host 14 -> Host 15 (hops: 1) Path: 14 -> 15
[PATH_DEBUG] Host 14 -> Host 16 (hops: 2) Path: 14 -> 22 -> 16
[PATH_DEBUG] Host 15 -> Host 19 (hops: 2) Path: 15 -> 23 -> 19
[PATH_DEBUG] Host 15 -> Host 20 (hops: 2) Path: 15 -> 23 -> 20
[PATH_DEBUG] Host 15 -> Host 21 (hops: 2) Path: 15 -> 23 -> 21
[PATH_DEBUG] Host 15 -> Host 22 (hops: 2) Path: 15 -> 23 -> 22
[PATH_DEBUG] Host 15 -> Host 23 (hops: 1) Path: 15 -> 23
[PATH_DEBUG] Host 15 -> Host 24 (hops: 2) Path: 15 -> 31 -> 24
[PATH_DEBUG] Host 15 -> Host 25 (hops: 2) Path: 15 -> 31 -> 25
[PATH_DEBUG] Host 15 -> Host 26 (hops: 2) Path: 15 -> 31 -> 26
[PATH_DEBUG] Host 15 -> Host 27 (hops: 2) Path: 15 -> 31 -> 27
[PATH_DEBUG] Host 15 -> Host 28 (hops: 2) Path: 15 -> 31 -> 28
[PATH_DEBUG] Host 15 -> Host 29 (hops: 2) Path: 15 -> 31 -> 29
[PATH_DEBUG] Host 15 -> Host 30 (hops: 2) Path: 15 -> 31 -> 30
[PATH_DEBUG] Host 15 -> Host 31 (hops: 1) Path: 15 -> 31
[PATH_DEBUG] Host 15 -> Host 32 (hops: 2) Path: 15 -> 39 -> 32
[PATH_DEBUG] Host 15 -> Host 33 (hops: 2) Path: 15 -> 39 -> 33
[PATH_DEBUG] Host 15 -> Host 34 (hops: 2) Path: 15 -> 39 -> 34
[PATH_DEBUG] Host 15 -> Host 35 (hops: 2) Path: 15 -> 39 -> 35
[PATH_DEBUG] Host 15 -> Host 36 (hops: 2) Path: 15 -> 39 -> 36
[PATH_DEBUG] Host 15 -> Host 37 (hops: 2) Path: 15 -> 39 -> 37
[PATH_DEBUG] Host 15 -> Host 38 (hops: 2) Path: 15 -> 39 -> 38
[PATH_DEBUG] Host 15 -> Host 39 (hops: 1) Path: 15 -> 39
[PATH_DEBUG] Host 15 -> Host 40 (hops: 2) Path: 15 -> 47 -> 40
[PATH_DEBUG] Host 15 -> Host 41 (hops: 2) Path: 15 -> 47 -> 41
[PATH_DEBUG] Host 15 -> Host 42 (hops: 2) Path: 15 -> 47 -> 42
[PATH_DEBUG] Host 15 -> Host 43 (hops: 2) Path: 15 -> 47 -> 43
[PATH_DEBUG] Host 15 -> Host 44 (hops: 2) Path: 15 -> 47 -> 44
[PATH_DEBUG] Host 15 -> Host 45 (hops: 2) Path: 15 -> 47 -> 45
[PATH_DEBUG] Host 15 -> Host 46 (hops: 2) Path: 15 -> 47 -> 46
[PATH_DEBUG] Host 15 -> Host 47 (hops: 1) Path: 15 -> 47
[PATH_DEBUG] Host 15 -> Host 48 (hops: 2) Path: 15 -> 55 -> 48
[PATH_DEBUG] Host 15 -> Host 49 (hops: 2) Path: 15 -> 55 -> 49
[PATH_DEBUG] Host 15 -> Host 50 (hops: 2) Path: 15 -> 55 -> 50
[PATH_DEBUG] Host 15 -> Host 51 (hops: 2) Path: 15 -> 55 -> 51
[PATH_DEBUG] Host 15 -> Host 52 (hops: 2) Path: 15 -> 55 -> 52
[PATH_DEBUG] Host 15 -> Host 53 (hops: 2) Path: 15 -> 55 -> 53
[PATH_DEBUG] Host 15 -> Host 54 (hops: 2) Path: 15 -> 55 -> 54
[PATH_DEBUG] Host 15 -> Host 55 (hops: 1) Path: 15 -> 55
[PATH_DEBUG] Host 15 -> Host 56 (hops: 2) Path: 15 -> 63 -> 56
[PATH_DEBUG] Host 15 -> Host 57 (hops: 2) Path: 15 -> 63 -> 57
[PATH_DEBUG] Host 15 -> Host 58 (hops: 2) Path: 15 -> 63 -> 58
[PATH_DEBUG] Host 15 -> Host 59 (hops: 2) Path: 15 -> 63 -> 59
[PATH_DEBUG] Host 15 -> Host 60 (hops: 2) Path: 15 -> 63 -> 60
[PATH_DEBUG] Host 15 -> Host 61 (hops: 2) Path: 15 -> 63 -> 61
[PATH_DEBUG] Host 15 -> Host 62 (hops: 2) Path: 15 -> 63 -> 62
[PATH_DEBUG] Host 15 -> Host 63 (hops: 1) Path: 15 -> 63
[PATH_DEBUG] Host 15 -> Host 18 (hops: 2) Path: 15 -> 23 -> 18
[PATH_DEBUG] Host 15 -> Host 17 (hops: 2) Path: 15 -> 23 -> 17
[PATH_DEBUG] Host 15 -> Host 16 (hops: 2) Path: 15 -> 23 -> 16
[PATH_DEBUG] Host 16 -> Host 19 (hops: 1) Path: 16 -> 19
[PATH_DEBUG] Host 16 -> Host 20 (hops: 1) Path: 16 -> 20
[PATH_DEBUG] Host 16 -> Host 21 (hops: 1) Path: 16 -> 21
[PATH_DEBUG] Host 16 -> Host 22 (hops: 1) Path: 16 -> 22
[PATH_DEBUG] Host 16 -> Host 23 (hops: 1) Path: 16 -> 23
[PATH_DEBUG] Host 16 -> Host 24 (hops: 1) Path: 16 -> 24
[PATH_DEBUG] Host 16 -> Host 25 (hops: 2) Path: 16 -> 24 -> 25
[PATH_DEBUG] Host 16 -> Host 26 (hops: 2) Path: 16 -> 24 -> 26
[PATH_DEBUG] Host 16 -> Host 27 (hops: 2) Path: 16 -> 19 -> 27
[PATH_DEBUG] Host 16 -> Host 28 (hops: 2) Path: 16 -> 20 -> 28
[PATH_DEBUG] Host 16 -> Host 29 (hops: 2) Path: 16 -> 21 -> 29
[PATH_DEBUG] Host 16 -> Host 30 (hops: 2) Path: 16 -> 22 -> 30
[PATH_DEBUG] Host 16 -> Host 31 (hops: 2) Path: 16 -> 23 -> 31
[PATH_DEBUG] Host 16 -> Host 32 (hops: 1) Path: 16 -> 32
[PATH_DEBUG] Host 16 -> Host 33 (hops: 2) Path: 16 -> 32 -> 33
[PATH_DEBUG] Host 16 -> Host 34 (hops: 2) Path: 16 -> 32 -> 34
[PATH_DEBUG] Host 16 -> Host 35 (hops: 2) Path: 16 -> 19 -> 35
[PATH_DEBUG] Host 16 -> Host 36 (hops: 2) Path: 16 -> 20 -> 36
[PATH_DEBUG] Host 16 -> Host 37 (hops: 2) Path: 16 -> 21 -> 37
[PATH_DEBUG] Host 16 -> Host 38 (hops: 2) Path: 16 -> 22 -> 38
[PATH_DEBUG] Host 16 -> Host 39 (hops: 2) Path: 16 -> 23 -> 39
[PATH_DEBUG] Host 16 -> Host 40 (hops: 1) Path: 16 -> 40
[PATH_DEBUG] Host 16 -> Host 41 (hops: 2) Path: 16 -> 40 -> 41
[PATH_DEBUG] Host 16 -> Host 42 (hops: 2) Path: 16 -> 40 -> 42
[PATH_DEBUG] Host 16 -> Host 43 (hops: 2) Path: 16 -> 19 -> 43
[PATH_DEBUG] Host 16 -> Host 44 (hops: 2) Path: 16 -> 20 -> 44
[PATH_DEBUG] Host 16 -> Host 45 (hops: 2) Path: 16 -> 21 -> 45
[PATH_DEBUG] Host 16 -> Host 46 (hops: 2) Path: 16 -> 22 -> 46
[PATH_DEBUG] Host 16 -> Host 47 (hops: 2) Path: 16 -> 23 -> 47
[PATH_DEBUG] Host 16 -> Host 48 (hops: 1) Path: 16 -> 48
[PATH_DEBUG] Host 16 -> Host 49 (hops: 2) Path: 16 -> 48 -> 49
[PATH_DEBUG] Host 16 -> Host 50 (hops: 2) Path: 16 -> 48 -> 50
[PATH_DEBUG] Host 16 -> Host 51 (hops: 2) Path: 16 -> 19 -> 51
[PATH_DEBUG] Host 16 -> Host 52 (hops: 2) Path: 16 -> 20 -> 52
[PATH_DEBUG] Host 16 -> Host 53 (hops: 2) Path: 16 -> 21 -> 53
[PATH_DEBUG] Host 16 -> Host 54 (hops: 2) Path: 16 -> 22 -> 54
[PATH_DEBUG] Host 16 -> Host 55 (hops: 2) Path: 16 -> 23 -> 55
[PATH_DEBUG] Host 16 -> Host 56 (hops: 1) Path: 16 -> 56
[PATH_DEBUG] Host 16 -> Host 57 (hops: 2) Path: 16 -> 56 -> 57
[PATH_DEBUG] Host 16 -> Host 58 (hops: 2) Path: 16 -> 56 -> 58
[PATH_DEBUG] Host 16 -> Host 59 (hops: 2) Path: 16 -> 19 -> 59
[PATH_DEBUG] Host 16 -> Host 60 (hops: 2) Path: 16 -> 20 -> 60
[PATH_DEBUG] Host 16 -> Host 61 (hops: 2) Path: 16 -> 21 -> 61
[PATH_DEBUG] Host 16 -> Host 62 (hops: 2) Path: 16 -> 22 -> 62
[PATH_DEBUG] Host 16 -> Host 63 (hops: 2) Path: 16 -> 23 -> 63
[PATH_DEBUG] Host 16 -> Host 18 (hops: 1) Path: 16 -> 18
[PATH_DEBUG] Host 16 -> Host 17 (hops: 1) Path: 16 -> 17
[PATH_DEBUG] ========== END PATHS ==========

maxRtt=1335 maxBdp=58406
Running Simulation.
DEBUG: Detected configuration:
  Total nodes from topology: 64
  Switch nodes: 0
  GPU nodes: 64
  TP size: 2
DEBUG_SYS: Loading system input file: /home/parozario/newSimAI/Comp_499B-/UB_mesh_system_input.txt
Success in opening system file
Var is: all-reduce-implementation: ,val is: NcclFlowModel
Var is: reduce-scatter-implementation: ,val is: NcclFlowModel
Var is: all-gather-implementation: ,val is: NcclFlowModel
Var is: all-to-all-implementation: ,val is: NcclFlowModel
Var is: scheduling-policy: ,val is: LIFO
Var is: collective-optimization: ,val is: baseline
Var is:  ,val is: baseline
The final active chunks per dimension 1 after allocating to queues is: 1
ring of node 0, id: 0 dimension: local total nodes in ring: 64 index in ring: 0 offset: 1total nodes in ring: 64
ring of node 0, id: 0 dimension: local total nodes in ring: 64 index in ring: 0 offset: 1total nodes in ring: 64
ring of node 0, id: 0 dimension: local total nodes in ring: 64 index in ring: 0 offset: 1total nodes in ring: 64
ring of node 0, id: 0 dimension: local total nodes in ring: 64 index in ring: 0 offset: 1total nodes in ring: 64
total nodes: 64
Success in opening workload file
model_parallel_NPU_group is 2
checkpoints layers are: 
layers initiating fwd_in_bckwd are: 
ring of node 0, id: 0 dimension: local total nodes in ring: 2 index in ring: 0 offset: 1total nodes in ring: 2
ring of node 0, id: 0 dimension: local total nodes in ring: 32 index in ring: 0 offset: 2total nodes in ring: 32
ring of node 0, id: 0 dimension: local total nodes in ring: 2 index in ring: 0 offset: 1total nodes in ring: 2
ring of node 0, id: 0 dimension: local total nodes in ring: 32 index in ring: 0 offset: 2total nodes in ring: 32
ring of node 0, id: 0 dimension: local total nodes in ring: 2 index in ring: 0 offset: 1total nodes in ring: 2
ring of node 0, id: 0 dimension: local total nodes in ring: 32 index in ring: 0 offset: 2total nodes in ring: 32
ring of node 0, id: 0 dimension: local total nodes in ring: 2 index in ring: 0 offset: 1total nodes in ring: 2
ring of node 0, id: 0 dimension: local total nodes in ring: 32 index in ring: 0 offset: 2total nodes in ring: 32
DEBUG_POLICY: TransformerFwdInBckwd, model_parallel_npu_group=2, model_parallel_boundary=0
DEBUG_POLICY: model dimensions: 1 0 0 0 0 0 0 0 0 0 
pp_commize:0
id: grad_norm , depen: -1 , wg_comp_time: 1
id: embedding_layer , depen: -1 , wg_comp_time: 1
id: attention_column , depen: -1 , wg_comp_time: 1
id: attention_row , depen: -1 , wg_comp_time: 1
id: mlp_moelayer , depen: -1 , wg_comp_time: 1
id: mlp_moelayer , depen: -1 , wg_comp_time: 1
id: mlp_moelayer , depen: -1 , wg_comp_time: 1
id: mlp_moelayer , depen: -1 , wg_comp_time: 1
id: mlp_moelayer , depen: -1 , wg_comp_time: 1
id: mlp_moelayer , depen: -1 , wg_comp_time: 1
id: mlp_moelayer , depen: -1 , wg_comp_time: 1
id: attention_column , depen: -1 , wg_comp_time: 1
id: attention_row , depen: -1 , wg_comp_time: 1
id: mlp_moelayer , depen: -1 , wg_comp_time: 1
id: mlp_moelayer , depen: -1 , wg_comp_time: 1
id: mlp_moelayer , depen: -1 , wg_comp_time: 1
id: mlp_moelayer , depen: -1 , wg_comp_time: 1
id: mlp_moelayer , depen: -1 , wg_comp_time: 1
id: mlp_moelayer , depen: -1 , wg_comp_time: 1
id: mlp_moelayer , depen: -1 , wg_comp_time: 1
id: attention_column , depen: -1 , wg_comp_time: 1
id: attention_row , depen: -1 , wg_comp_time: 1
id: mlp_moelayer , depen: -1 , wg_comp_time: 1
id: mlp_moelayer , depen: -1 , wg_comp_time: 1
id: mlp_moelayer , depen: -1 , wg_comp_time: 1
id: mlp_moelayer , depen: -1 , wg_comp_time: 1
id: mlp_moelayer , depen: -1 , wg_comp_time: 1
id: mlp_moelayer , depen: -1 , wg_comp_time: 1
id: mlp_moelayer , depen: -1 , wg_comp_time: 1
id: attention_column , depen: -1 , wg_comp_time: 1
id: attention_row , depen: -1 , wg_comp_time: 1
id: mlp_moelayer , depen: -1 , wg_comp_time: 1
id: mlp_moelayer , depen: -1 , wg_comp_time: 1
id: mlp_moelayer , depen: -1 , wg_comp_time: 1
id: mlp_moelayer , depen: -1 , wg_comp_time: 1
id: mlp_moelayer , depen: -1 , wg_comp_time: 1
id: mlp_moelayer , depen: -1 , wg_comp_time: 1
id: mlp_moelayer , depen: -1 , wg_comp_time: 1
id: attention_column , depen: -1 , wg_comp_time: 1
id: attention_row , depen: -1 , wg_comp_time: 1
id: mlp_moelayer , depen: -1 , wg_comp_time: 1
id: mlp_moelayer , depen: -1 , wg_comp_time: 1
id: mlp_moelayer , depen: -1 , wg_comp_time: 1
id: mlp_moelayer , depen: -1 , wg_comp_time: 1
id: mlp_moelayer , depen: -1 , wg_comp_time: 1
id: mlp_moelayer , depen: -1 , wg_comp_time: 1
id: mlp_moelayer , depen: -1 , wg_comp_time: 1
id: attention_column , depen: -1 , wg_comp_time: 1
id: attention_row , depen: -1 , wg_comp_time: 1
id: mlp_moelayer , depen: -1 , wg_comp_time: 1
id: mlp_moelayer , depen: -1 , wg_comp_time: 1
id: mlp_moelayer , depen: -1 , wg_comp_time: 1
id: mlp_moelayer , depen: -1 , wg_comp_time: 1
id: mlp_moelayer , depen: -1 , wg_comp_time: 1
id: mlp_moelayer , depen: -1 , wg_comp_time: 1
id: mlp_moelayer , depen: -1 , wg_comp_time: 1
id: attention_column , depen: -1 , wg_comp_time: 1
id: attention_row , depen: -1 , wg_comp_time: 1
id: mlp_moelayer , depen: -1 , wg_comp_time: 1
id: mlp_moelayer , depen: -1 , wg_comp_time: 1
id: mlp_moelayer , depen: -1 , wg_comp_time: 1
id: mlp_moelayer , depen: -1 , wg_comp_time: 1
id: mlp_moelayer , depen: -1 , wg_comp_time: 1
id: mlp_moelayer , depen: -1 , wg_comp_time: 1
id: mlp_moelayer , depen: -1 , wg_comp_time: 1
id: attention_column , depen: -1 , wg_comp_time: 1
id: attention_row , depen: -1 , wg_comp_time: 1
id: mlp_moelayer , depen: -1 , wg_comp_time: 1
id: mlp_moelayer , depen: -1 , wg_comp_time: 1
id: mlp_moelayer , depen: -1 , wg_comp_time: 1
id: mlp_moelayer , depen: -1 , wg_comp_time: 1
id: mlp_moelayer , depen: -1 , wg_comp_time: 1
id: mlp_moelayer , depen: -1 , wg_comp_time: 1
id: mlp_moelayer , depen: -1 , wg_comp_time: 1
id: final_column , depen: -1 , wg_comp_time: 1
id: embedding_norm , depen: -1 , wg_comp_time: 1
id: embedding_layer , depen: -1 , wg_comp_time: 1
id: attention_column , depen: -1 , wg_comp_time: 1
id: attention_row , depen: -1 , wg_comp_time: 1
id: mlp_moelayer , depen: -1 , wg_comp_time: 1
id: mlp_moelayer , depen: -1 , wg_comp_time: 1
id: mlp_moelayer , depen: -1 , wg_comp_time: 1
id: mlp_moelayer , depen: -1 , wg_comp_time: 1
id: mlp_moelayer , depen: -1 , wg_comp_time: 1
id: mlp_moelayer , depen: -1 , wg_comp_time: 1
id: mlp_moelayer , depen: -1 , wg_comp_time: 1
id: attention_column , depen: -1 , wg_comp_time: 1
id: attention_row , depen: -1 , wg_comp_time: 1
id: mlp_moelayer , depen: -1 , wg_comp_time: 1
id: mlp_moelayer , depen: -1 , wg_comp_time: 1
id: mlp_moelayer , depen: -1 , wg_comp_time: 1
id: mlp_moelayer , depen: -1 , wg_comp_time: 1
id: mlp_moelayer , depen: -1 , wg_comp_time: 1
id: mlp_moelayer , depen: -1 , wg_comp_time: 1
id: mlp_moelayer , depen: -1 , wg_comp_time: 1
id: attention_column , depen: -1 , wg_comp_time: 1
id: attention_row , depen: -1 , wg_comp_time: 1
id: mlp_moelayer , depen: -1 , wg_comp_time: 1
id: mlp_moelayer , depen: -1 , wg_comp_time: 1
id: mlp_moelayer , depen: -1 , wg_comp_time: 1
id: mlp_moelayer , depen: -1 , wg_comp_time: 1
id: mlp_moelayer , depen: -1 , wg_comp_time: 1
id: mlp_moelayer , depen: -1 , wg_comp_time: 1
id: mlp_moelayer , depen: -1 , wg_comp_time: 1
id: attention_column , depen: -1 , wg_comp_time: 1
id: attention_row , depen: -1 , wg_comp_time: 1
id: mlp_moelayer , depen: -1 , wg_comp_time: 1
id: mlp_moelayer , depen: -1 , wg_comp_time: 1
id: mlp_moelayer , depen: -1 , wg_comp_time: 1
id: mlp_moelayer , depen: -1 , wg_comp_time: 1
id: mlp_moelayer , depen: -1 , wg_comp_time: 1
id: mlp_moelayer , depen: -1 , wg_comp_time: 1
id: mlp_moelayer , depen: -1 , wg_comp_time: 1
id: attention_column , depen: -1 , wg_comp_time: 1
id: attention_row , depen: -1 , wg_comp_time: 1
id: mlp_moelayer , depen: -1 , wg_comp_time: 1
id: mlp_moelayer , depen: -1 , wg_comp_time: 1
id: mlp_moelayer , depen: -1 , wg_comp_time: 1
id: mlp_moelayer , depen: -1 , wg_comp_time: 1
id: mlp_moelayer , depen: -1 , wg_comp_time: 1
id: mlp_moelayer , depen: -1 , wg_comp_time: 1
id: mlp_moelayer , depen: -1 , wg_comp_time: 1
id: attention_column , depen: -1 , wg_comp_time: 1
id: attention_row , depen: -1 , wg_comp_time: 1
id: mlp_moelayer , depen: -1 , wg_comp_time: 1
id: mlp_moelayer , depen: -1 , wg_comp_time: 1
id: mlp_moelayer , depen: -1 , wg_comp_time: 1
id: mlp_moelayer , depen: -1 , wg_comp_time: 1
id: mlp_moelayer , depen: -1 , wg_comp_time: 1
id: mlp_moelayer , depen: -1 , wg_comp_time: 1
id: mlp_moelayer , depen: -1 , wg_comp_time: 1
id: attention_column , depen: -1 , wg_comp_time: 1
id: attention_row , depen: -1 , wg_comp_time: 1
id: mlp_moelayer , depen: -1 , wg_comp_time: 1
id: mlp_moelayer , depen: -1 , wg_comp_time: 1
id: mlp_moelayer , depen: -1 , wg_comp_time: 1
id: mlp_moelayer , depen: -1 , wg_comp_time: 1
id: mlp_moelayer , depen: -1 , wg_comp_time: 1
id: mlp_moelayer , depen: -1 , wg_comp_time: 1
id: mlp_moelayer , depen: -1 , wg_comp_time: 1
id: attention_column , depen: -1 , wg_comp_time: 1
id: attention_row , depen: -1 , wg_comp_time: 1
id: mlp_moelayer , depen: -1 , wg_comp_time: 1
id: mlp_moelayer , depen: -1 , wg_comp_time: 1
id: mlp_moelayer , depen: -1 , wg_comp_time: 1
id: mlp_moelayer , depen: -1 , wg_comp_time: 1
id: mlp_moelayer , depen: -1 , wg_comp_time: 1
id: mlp_moelayer , depen: -1 , wg_comp_time: 1
id: mlp_moelayer , depen: -1 , wg_comp_time: 1
id: final_column , depen: -1 , wg_comp_time: 1
id: embedding_norm , depen: -1 , wg_comp_time: 1
id: cross_entropy1 , depen: -1 , wg_comp_time: 0
id: cross_entropy2 , depen: -1 , wg_comp_time: 0
id: cross_entropy3 , depen: -1 , wg_comp_time: 0
id: optimizer1 , depen: -1 , wg_comp_time: 0
id: optimizer2 , depen: -1 , wg_comp_time: 0
id: optimizer3 , depen: -1 , wg_comp_time: 0
id: optimizer4 , depen: -1 , wg_comp_time: 0
type: HYBRID_TRANSFORMER_FWD_IN_BCKWD ,num passes: 1 ,lines: 158 compute scale: 1 ,comm scale: 1
stat path: ./ncclFlowModel_ ,total rows: 1 ,stat row: 0
CSV path and filename: ./ncclFlowModel_detailed_64.csv
CSV path and filename: ./ncclFlowModel_EndToEnd.csv
dekh aita Gpus per node = 1
Debug: Before firing workloads
Debug: All workloads fired, starting simulator
[New Thread 0x7ffff5c0a640 (LWP 360404)]
[New Thread 0x7ffff5409640 (LWP 360405)]
[New Thread 0x7ffff4c08640 (LWP 360406)]
[New Thread 0x7ffff4407640 (LWP 360407)]
[New Thread 0x7ffff3c06640 (LWP 360408)]
[New Thread 0x7ffff3405640 (LWP 360409)]
[New Thread 0x7ffff2c04640 (LWP 360410)]
DEBUG_CHUNK_SIZE: size=7066255360, preferred_dataset_splits=1, resulting chunk_size=7066255360
DEBUG_COLLECTIVE_TYPE: layer=0, event=UNKNOWN (raw=0), size=7066255360, chunk_size=7066255360
DEBUG_STREAM_COUNT: chunk size is: 7066255360 , size is: 7066255360 , layer_num is: 0 , node: 0
DEBUG_STREAM_CREATE: Creating stream #0 for dataset id: 0 (total_streams=1)
DEBUG_STREAM_COUNT: Generated 1 streams for layer 0 (UNKNOWN), total injected: 1
info: all-gather forward pass collective issued for layer: grad_norm, involved dimensions:  1, 0, 0, 0, 0, 0, 0, 0, 0, 0,
DEBUG_SIM_END: Node 0 checking finish condition: finished_workloads=0, event_queue.size()=1, pending_sends.size()=0, initialized=1
[FLOW_DEBUG] Initiating flow from node=0 to node=1 maxPacketCount=3533127680 tag=0 flow_id=0 at time=11
[FLOW_DEBUG] Initiating flow from node=1 to node=0 maxPacketCount=3533127680 tag=0 flow_id=1 at time=11
[FLOW_DEBUG] Initiating flow from node=2 to node=3 maxPacketCount=3533127680 tag=0 flow_id=2 at time=11
[FLOW_DEBUG] Initiating flow from node=3 to node=2 maxPacketCount=3533127680 tag=0 flow_id=3 at time=11
[FLOW_DEBUG] Initiating flow from node=4 to node=5 maxPacketCount=3533127680 tag=0 flow_id=4 at time=11
[FLOW_DEBUG] Initiating flow from node=5 to node=4 maxPacketCount=3533127680 tag=0 flow_id=5 at time=11
[FLOW_DEBUG] Initiating flow from node=6 to node=7 maxPacketCount=3533127680 tag=0 flow_id=6 at time=11
[FLOW_DEBUG] Initiating flow from node=7 to node=6 maxPacketCount=3533127680 tag=0 flow_id=7 at time=11
[FLOW_DEBUG] Initiating flow from node=8 to node=9 maxPacketCount=3533127680 tag=0 flow_id=8 at time=11
[FLOW_DEBUG] Initiating flow from node=9 to node=8 maxPacketCount=3533127680 tag=0 flow_id=9 at time=11
[FLOW_DEBUG] Initiating flow from node=10 to node=11 maxPacketCount=3533127680 tag=0 flow_id=10 at time=11
[FLOW_DEBUG] Initiating flow from node=11 to node=10 maxPacketCount=3533127680 tag=0 flow_id=11 at time=11
[FLOW_DEBUG] Initiating flow from node=12 to node=13 maxPacketCount=3533127680 tag=0 flow_id=12 at time=11
[FLOW_DEBUG] Initiating flow from node=13 to node=12 maxPacketCount=3533127680 tag=0 flow_id=13 at time=11
[FLOW_DEBUG] Initiating flow from node=14 to node=15 maxPacketCount=3533127680 tag=0 flow_id=14 at time=11
[FLOW_DEBUG] Initiating flow from node=15 to node=14 maxPacketCount=3533127680 tag=0 flow_id=15 at time=11
[FLOW_DEBUG] Initiating flow from node=16 to node=17 maxPacketCount=3533127680 tag=0 flow_id=16 at time=11
[FLOW_DEBUG] Initiating flow from node=17 to node=16 maxPacketCount=3533127680 tag=0 flow_id=17 at time=11
[FLOW_DEBUG] Initiating flow from node=18 to node=19 maxPacketCount=3533127680 tag=0 flow_id=18 at time=11
[FLOW_DEBUG] Initiating flow from node=19 to node=18 maxPacketCount=3533127680 tag=0 flow_id=19 at time=11
[FLOW_DEBUG] Initiating flow from node=20 to node=21 maxPacketCount=3533127680 tag=0 flow_id=20 at time=11
[FLOW_DEBUG] Initiating flow from node=21 to node=20 maxPacketCount=3533127680 tag=0 flow_id=21 at time=11
[FLOW_DEBUG] Initiating flow from node=22 to node=23 maxPacketCount=3533127680 tag=0 flow_id=22 at time=11
[FLOW_DEBUG] Initiating flow from node=23 to node=22 maxPacketCount=3533127680 tag=0 flow_id=23 at time=11
[FLOW_DEBUG] Initiating flow from node=24 to node=25 maxPacketCount=3533127680 tag=0 flow_id=24 at time=11
[FLOW_DEBUG] Initiating flow from node=25 to node=24 maxPacketCount=3533127680 tag=0 flow_id=25 at time=11
[FLOW_DEBUG] Initiating flow from node=26 to node=27 maxPacketCount=3533127680 tag=0 flow_id=26 at time=11
[FLOW_DEBUG] Initiating flow from node=27 to node=26 maxPacketCount=3533127680 tag=0 flow_id=27 at time=11
[FLOW_DEBUG] Initiating flow from node=28 to node=29 maxPacketCount=3533127680 tag=0 flow_id=28 at time=11
[FLOW_DEBUG] Initiating flow from node=29 to node=28 maxPacketCount=3533127680 tag=0 flow_id=29 at time=11
[FLOW_DEBUG] Initiating flow from node=30 to node=31 maxPacketCount=3533127680 tag=0 flow_id=30 at time=11
[FLOW_DEBUG] Initiating flow from node=31 to node=30 maxPacketCount=3533127680 tag=0 flow_id=31 at time=11
[FLOW_DEBUG] Initiating flow from node=32 to node=33 maxPacketCount=3533127680 tag=0 flow_id=32 at time=11
[FLOW_DEBUG] Initiating flow from node=33 to node=32 maxPacketCount=3533127680 tag=0 flow_id=33 at time=11
[FLOW_DEBUG] Initiating flow from node=34 to node=35 maxPacketCount=3533127680 tag=0 flow_id=34 at time=11
[FLOW_DEBUG] Initiating flow from node=35 to node=34 maxPacketCount=3533127680 tag=0 flow_id=35 at time=11
[FLOW_DEBUG] Initiating flow from node=36 to node=37 maxPacketCount=3533127680 tag=0 flow_id=36 at time=11
[FLOW_DEBUG] Initiating flow from node=37 to node=36 maxPacketCount=3533127680 tag=0 flow_id=37 at time=11
[FLOW_DEBUG] Initiating flow from node=38 to node=39 maxPacketCount=3533127680 tag=0 flow_id=38 at time=11
[FLOW_DEBUG] Initiating flow from node=39 to node=38 maxPacketCount=3533127680 tag=0 flow_id=39 at time=11
[FLOW_DEBUG] Initiating flow from node=40 to node=41 maxPacketCount=3533127680 tag=0 flow_id=40 at time=11
[FLOW_DEBUG] Initiating flow from node=41 to node=40 maxPacketCount=3533127680 tag=0 flow_id=41 at time=11
[FLOW_DEBUG] Initiating flow from node=42 to node=43 maxPacketCount=3533127680 tag=0 flow_id=42 at time=11
[FLOW_DEBUG] Initiating flow from node=43 to node=42 maxPacketCount=3533127680 tag=0 flow_id=43 at time=11
[FLOW_DEBUG] Initiating flow from node=44 to node=45 maxPacketCount=3533127680 tag=0 flow_id=44 at time=11
[FLOW_DEBUG] Initiating flow from node=45 to node=44 maxPacketCount=3533127680 tag=0 flow_id=45 at time=11
[FLOW_DEBUG] Initiating flow from node=46 to node=47 maxPacketCount=3533127680 tag=0 flow_id=46 at time=11
[FLOW_DEBUG] Initiating flow from node=47 to node=46 maxPacketCount=3533127680 tag=0 flow_id=47 at time=11
[FLOW_DEBUG] Initiating flow from node=48 to node=49 maxPacketCount=3533127680 tag=0 flow_id=48 at time=11
[FLOW_DEBUG] Initiating flow from node=49 to node=48 maxPacketCount=3533127680 tag=0 flow_id=49 at time=11
[FLOW_DEBUG] Initiating flow from node=50 to node=51 maxPacketCount=3533127680 tag=0 flow_id=50 at time=11
[FLOW_DEBUG] Initiating flow from node=51 to node=50 maxPacketCount=3533127680 tag=0 flow_id=51 at time=11
[FLOW_DEBUG] Initiating flow from node=52 to node=53 maxPacketCount=3533127680 tag=0 flow_id=52 at time=11
[FLOW_DEBUG] Initiating flow from node=53 to node=52 maxPacketCount=3533127680 tag=0 flow_id=53 at time=11
[FLOW_DEBUG] Initiating flow from node=54 to node=55 maxPacketCount=3533127680 tag=0 flow_id=54 at time=11
[FLOW_DEBUG] Initiating flow from node=55 to node=54 maxPacketCount=3533127680 tag=0 flow_id=55 at time=11
[FLOW_DEBUG] Initiating flow from node=56 to node=57 maxPacketCount=3533127680 tag=0 flow_id=56 at time=11
[FLOW_DEBUG] Initiating flow from node=57 to node=56 maxPacketCount=3533127680 tag=0 flow_id=57 at time=11
[FLOW_DEBUG] Initiating flow from node=58 to node=59 maxPacketCount=3533127680 tag=0 flow_id=58 at time=11
[FLOW_DEBUG] Initiating flow from node=59 to node=58 maxPacketCount=3533127680 tag=0 flow_id=59 at time=11
[FLOW_DEBUG] Initiating flow from node=60 to node=61 maxPacketCount=3533127680 tag=0 flow_id=60 at time=11
[FLOW_DEBUG] Initiating flow from node=61 to node=60 maxPacketCount=3533127680 tag=0 flow_id=61 at time=11
[FLOW_DEBUG] Initiating flow from node=62 to node=63 maxPacketCount=3533127680 tag=0 flow_id=62 at time=11
[FLOW_DEBUG] Initiating flow from node=63 to node=62 maxPacketCount=3533127680 tag=0 flow_id=63 at time=11
***** info: fwd pass comm collective for layer: grad_norm is finished************
info: no forward pass collective for layer: embedding_layer
[FLOW_DEBUG] Initiating flow from node=14 to node=15 maxPacketCount=20971520 tag=4 flow_id=64 at time=31406754
[FLOW_DEBUG] Initiating flow from node=15 to node=14 maxPacketCount=20971520 tag=4 flow_id=65 at time=31406754
[FLOW_DEBUG] Initiating flow from node=12 to node=13 maxPacketCount=20971520 tag=4 flow_id=66 at time=31406754
[FLOW_DEBUG] Initiating flow from node=13 to node=12 maxPacketCount=20971520 tag=4 flow_id=67 at time=31406754
[FLOW_DEBUG] Initiating flow from node=10 to node=11 maxPacketCount=20971520 tag=4 flow_id=70 at time=31406754
[FLOW_DEBUG] Initiating flow from node=11 to node=10 maxPacketCount=20971520 tag=4 flow_id=71 at time=31406754
[FLOW_DEBUG] Initiating flow from node=30 to node=31 maxPacketCount=20971520 tag=4 flow_id=68 at time=31406754
[FLOW_DEBUG] Initiating flow from node=8 to node=9 maxPacketCount=20971520 tag=4 flow_id=78 at time=31406754
[FLOW_DEBUG] Initiating flow from node=31 to node=30 maxPacketCount=20971520 tag=4 flow_id=69 at time=31406754
[FLOW_DEBUG] Initiating flow from node=28 to node=29 maxPacketCount=20971520 tag=4 flow_id=76 at time=31406754
[FLOW_DEBUG] Initiating flow from node=9 to node=8 maxPacketCount=20971520 tag=4 flow_id=79 at time=31406754
[FLOW_DEBUG] Initiating flow from node=62 to node=63 maxPacketCount=20971520 tag=4 flow_id=80 at time=31406754
[FLOW_DEBUG] Initiating flow from node=29 to node=28 maxPacketCount=20971520 tag=4 flow_id=77 at time=31406754
[FLOW_DEBUG] Initiating flow from node=63 to node=62 maxPacketCount=20971520 tag=4 flow_id=81 at time=31406754
[FLOW_DEBUG] Initiating flow from node=26 to node=27 maxPacketCount=20971520 tag=4 flow_id=82 at time=31406754
[FLOW_DEBUG] Initiating flow from node=27 to node=26 maxPacketCount=20971520 tag=4 flow_id=83 at time=31406754
[FLOW_DEBUG] Initiating flow from node=60 to node=61 maxPacketCount=20971520 tag=4 flow_id=88 at time=31406754
[FLOW_DEBUG] Initiating flow from node=24 to node=25 maxPacketCount=20971520 tag=4 flow_id=96 at time=31406754
[FLOW_DEBUG] Initiating flow from node=46 to node=47 maxPacketCount=20971520 tag=4 flow_id=72 at time=31406754
[FLOW_DEBUG] Initiating flow from node=61 to node=60 maxPacketCount=20971520 tag=4 flow_id=89 at time=[FLOW_DEBUG] Initiating flow from node=25 to node=24 maxPacketCount=20971520 tag=4 flow_id=3140675497
 at time=[FLOW_DEBUG] Initiating flow from node=54 to node=55 maxPacketCount=20971520 tag=4 flow_id=100 at time=31406754
DEBUG_CHUNK_SIZE: size=41943040, preferred_dataset_splits=1, resulting chunk_size=41943040
DEBUG_COLLECTIVE_TYPE: layer=2, event=UNKNOWN (raw=0), size=41943040, chunk_size=41943040
DEBUG_STREAM_COUNT: chunk size is: 41943040 , size is: 41943040 , layer_num is: 2 , node: 0
31406754DEBUG_STREAM_CREATE: Creating stream #1 for dataset id: 124 (total_streams=1)

DEBUG_STREAM_COUNT: Generated 1 streams for layer 2 (UNKNOWN), total injected: 2
info: all-gather forward pass collective issued for layer: attention_column, involved dimensions:  1, 0, 0, 0, 0, 0, 0, 0, 0, 0,
[FLOW_DEBUG] Initiating flow from node=55 to node=54 maxPacketCount=20971520 tag=4 flow_id=101 at time=31406754
[FLOW_DEBUG] Initiating flow from node=58 to node=59 maxPacketCount=20971520 tag=4 flow_id=94 at time=31406754
[FLOW_DEBUG] Initiating flow from node=38 to node=39 maxPacketCount=20971520 tag=4 flow_id=90 at time=31406754
[FLOW_DEBUG] Initiating flow from node=52 to node=53 maxPacketCount=20971520 tag=4 flow_id=108 at time=31406754
[FLOW_DEBUG] Initiating flow from node=47 to node=46 maxPacketCount=20971520 tag=4 flow_id=73 at time=31406754
[FLOW_DEBUG] Initiating flow from node=59 to node=58 maxPacketCount=20971520 tag=4 flow_id=95 at time=31406754
[FLOW_DEBUG] Initiating flow from node=[FLOW_DEBUG] Initiating flow from node=39 to node=38 maxPacketCount=20971520 tag=4 flow_id=91 at time=31406754
6 to node=7 maxPacketCount=20971520 tag=4 flow_id=106 at time=31406754
[FLOW_DEBUG] Initiating flow from node=53 to node=52 maxPacketCount=20971520 tag=4 flow_id=109 at time=31406754
[FLOW_DEBUG] Initiating flow from node=22 to node=23 maxPacketCount=20971520 tag=4 flow_id=74 at time=31406754
[FLOW_DEBUG] Initiating flow from node=56 to node=57 maxPacketCount=20971520 tag=4 flow_id=104 at time=31406754
[FLOW_DEBUG] Initiating flow from node=36 to node=37 maxPacketCount=20971520 tag=4 flow_id=110 at time=31406754
[FLOW_DEBUG] Initiating flow from node=[FLOW_DEBUG] Initiating flow from node=50 to node=51 maxPacketCount=20971520 tag=4 flow_id=112 at time=31406754
[FLOW_DEBUG] Initiating flow from node=57 to node=56 maxPacketCount=20971520 tag=4 flow_id=105 at time=31406754
44[FLOW_DEBUG] Initiating flow from node= to node=45 maxPacketCount=20971520 tag=4 flow_id=86 at time=31406754
23 to node=22 maxPacketCount=20971520 tag=4 flow_id=75 at time=31406754
[FLOW_DEBUG] Initiating flow from node=7 to node=6 maxPacketCount=20971520 tag=4 flow_id=107 at time=31406754
[FLOW_DEBUG] Initiating flow from node=37 to node=36 maxPacketCount=20971520 tag=4 flow_id=111 at time=31406754
[FLOW_DEBUG] Initiating flow from node=51 to node=50 maxPacketCount=20971520 tag=4 flow_id=113 at time=31406754
[FLOW_DEBUG] Initiating flow from node=45 to node=44 maxPacketCount=20971520 tag=4 flow_id=87 at time=31406754
[FLOW_DEBUG] Initiating flow from node=20 to node=21 maxPacketCount=20971520 tag=4 flow_id=84 at time=31406754
[FLOW_DEBUG] Initiating flow from node=34 to node=35 maxPacketCount=20971520 tag=4 flow_id=120 at time=31406754
[FLOW_DEBUG] Initiating flow from node=48 to node=49 maxPacketCount=20971520 tag=4 flow_id=118 at time=31406754
[FLOW_DEBUG] Initiating flow from node=49 to node=48 maxPacketCount=20971520 tag=4 flow_id=119 at time=31406754
[FLOW_DEBUG] Initiating flow from node=4 to node=5 maxPacketCount=20971520 tag=4 flow_id=116 at time=31406754
[FLOW_DEBUG] Initiating flow from node=21 to node=20 maxPacketCount=20971520 tag=4 flow_id=85 at time=31406754
[FLOW_DEBUG] Initiating flow from node=[FLOW_DEBUG] Initiating flow from node=5 to node=4 maxPacketCount=20971520 tag=4 flow_id=117 at time=31406754
[FLOW_DEBUG] Initiating flow from node=35 to node=34 maxPacketCount=42 to node=2097152043 maxPacketCount=20971520 tag= tag=44 flow_id= flow_id=121 at time=98 at time=31406754
31406754
[FLOW_DEBUG] Initiating flow from node=18 to node=19 maxPacketCount=20971520 tag=4 flow_id=92 at time=31406754
[FLOW_DEBUG] Initiating flow from node=43 to node=42 maxPacketCount=20971520 tag=4 flow_id=99 at time=[FLOW_DEBUG] Initiating flow from node=314067542
 to node=3 maxPacketCount=20971520 tag=4 flow_id=122 at time=31406754
[FLOW_DEBUG] Initiating flow from node=40 to node=41 maxPacketCount=20971520 tag=4 flow_id=114 at time=31406754
[FLOW_DEBUG] Initiating flow from node=32 to node=33 maxPacketCount=20971520 tag=4 flow_id=124 at time=31406754
[FLOW_DEBUG] Initiating flow from node=41 to node=40 maxPacketCount=20971520 tag=4 flow_id=115 at time=31406754
[FLOW_DEBUG] Initiating flow from node=19 to node=18 maxPacketCount=20971520 tag=4 flow_id=93 at time=31406754
[FLOW_DEBUG] Initiating flow from node=3 to node=2 maxPacketCount=20971520 tag=4 flow_id=123 at time=31406754
[FLOW_DEBUG] Initiating flow from node=33 to node=32 maxPacketCount=20971520 tag=4 flow_id=125 at time=31406754
[FLOW_DEBUG] Initiating flow from node=16 to node=17 maxPacketCount=20971520 tag=4 flow_id=102 at time=31406754
[FLOW_DEBUG] Initiating flow from node=0 to node=1 maxPacketCount=20971520 tag=4 flow_id=126 at time=31406754
[FLOW_DEBUG] Initiating flow from node=17 to node=16 maxPacketCount=20971520 tag=4 flow_id=103 at time=31406754
[FLOW_DEBUG] Initiating flow from node=1 to node=0 maxPacketCount=20971520 tag=4 flow_id=127 at time=31406754
***** info: fwd pass comm collective for layer: attention_column is finished************
[FLOW_DEBUG] Initiating flow from node=39 to node=38 maxPacketCount=20971520 tag=6 flow_id=129 at time=31594329
[FLOW_DEBUG] Initiating flow from node=38 to node=39 maxPacketCount=20971520 tag=6 flow_id=128 at time=31594329
[FLOW_DEBUG] Initiating flow from node=37 to node=36 maxPacketCount=20971520 tag=6 flow_id=131 at time=31594329
[FLOW_DEBUG] Initiating flow from node=23 to node=22 maxPacketCount=20971520[FLOW_DEBUG] Initiating flow from node= tag=6 flow_id=139 at time=31 to node=30 maxPacketCount=3159432920971520 tag=
[FLOW_DEBUG] Initiating flow from node=663 to node=62 maxPacketCount=20971520 tag=6 flow_id=137 at time=31594329
 flow_id=135 at time=31594329
[FLOW_DEBUG] Initiating flow from node=36 to node=37 maxPacketCount=20971520 tag=6 flow_id=130 at time=31594329
[FLOW_DEBUG] Initiating flow from node=35 to node=34 maxPacketCount=20971520 tag=6[FLOW_DEBUG] Initiating flow from node= flow_id=62 to node=63 maxPacketCount=20971520 tag=6 flow_id=136 at time=13331594329 at time=
[FLOW_DEBUG] Initiating flow from node=30 to node=31 maxPacketCount=20971520 tag=6 flow_id=134 at time=31594329
31594329
[FLOW_DEBUG] Initiating flow from node=22 to node=23 maxPacketCount=20971520 tag=6 flow_id=138 at time=31594329
[FLOW_DEBUG] Initiating flow from node=47 to node=46 maxPacketCount=20971520 tag=6 flow_id=143 at time=31594329
[FLOW_DEBUG] Initiating flow from node=29 to node=28 maxPacketCount=20971520 tag=[FLOW_DEBUG] Initiating flow from node=634 to node=35 maxPacketCount=20971520 tag=6 flow_id=132 at time= flow_id=145 at time=3159432931594329

[FLOW_DEBUG] Initiating flow from node=15 to node=14 maxPacketCount=20971520 tag=6 flow_id=167 at time=31594329
[FLOW_DEBUG] Initiating flow from node=21 to node=20 maxPacketCount=20971520 tag=6 flow_id=151 at time=31594329
DEBUG_CHUNK_SIZE: size=41943040, preferred_dataset_splits=1, resulting chunk_size=41943040
DEBUG_COLLECTIVE_TYPE: layer=3, event=UNKNOWN (raw=0), size=41943040, chunk_size=41943040
DEBUG_STREAM_COUNT: chunk size is: 41943040 , size is: 41943040 , layer_num is: 3 , node: 0
[FLOW_DEBUG] Initiating flow from node=61 to node=60 maxPacketCount=20971520 tag=6 flow_id=149 at time=31594329
[FLOW_DEBUG] Initiating flow from node=33 to node=32 maxPacketCount=20971520 tag=6 flow_id=141 at time=31594329
[FLOW_DEBUG] Initiating flow from node=28 to node=29 maxPacketCount=20971520 tag=6 flow_id=144 at time=31594329
[FLOW_DEBUG] Initiating flow from node=20 to node=21 maxPacketCount=20971520 tag=6 flow_id=150 at time=31594329
[FLOW_DEBUG] Initiating flow from node=46 to node=47 maxPacketCount=20971520 tag=6 flow_id=142 at time=31594329
[FLOW_DEBUG] Initiating flow from node=14 to node=15 maxPacketCount=20971520 tag=6 flow_id=166 at time=31594329
DEBUG_STREAM_CREATE: Creating stream #2 for dataset id: 183 (total_streams=1)
DEBUG_STREAM_COUNT: Generated 1 streams for layer 3 (UNKNOWN), total injected: 3
info: reduce-scatter forward pass collective issued for layer: attention_row, involved dimensions:  1, 0, 0, 0, 0, 0, 0, 0, 0, 0,
[FLOW_DEBUG] Initiating flow from node=19 to node=18 maxPacketCount=20971520 tag=6 flow_id=157 at time=31594329
[FLOW_DEBUG] Initiating flow from node=7 to node=6 maxPacketCount=20971520 tag=6 flow_id=147 at time=31594329
[FLOW_DEBUG] Initiating flow from node=32 to node=33 maxPacketCount=20971520 tag=6 flow_id=140 at time=31594329
[FLOW_DEBUG] Initiating flow from node=60 to node=61 maxPacketCount=20971520 tag=6 flow_id=148 at time=31594329
[FLOW_DEBUG] Initiating flow from node=18 to node=19 maxPacketCount=20971520 tag=6 flow_id=156 at time=31594329
[FLOW_DEBUG] Initiating flow from node=6 to node=7 maxPacketCount=20971520 tag=6 flow_id=146 at time=[FLOW_DEBUG] Initiating flow from node=[FLOW_DEBUG] Initiating flow from node=27 to node=26 maxPacketCount=[FLOW_DEBUG] Initiating flow from node=[FLOW_DEBUG] Initiating flow from node=45 to node=44 maxPacketCount=20971520 tag=20971520136 to node=5912 to node= maxPacketCount=20971520 tag=6 tag=31594329 flow_id=173 at time=6 flow_id=31594329155
58 maxPacketCount=20971520 tag=6 flow_id=159 at time=31594329
 at time= flow_id=161 at time=31594329
31594329

[FLOW_DEBUG] Initiating flow from node=17 to node=16 maxPacketCount=20971520 tag=6 flow_id=163 at time=31594329
[FLOW_DEBUG] Initiating flow from node=44 to node=45 maxPacketCount=20971520 tag=6 flow_id=160 at time=31594329
[FLOW_DEBUG] Initiating flow from node=58 to node=59 maxPacketCount=20971520 tag=6 flow_id=158 at time=31594329
[FLOW_DEBUG] Initiating flow from node=12 to node=13 maxPacketCount=20971520 tag=6 flow_id=172 at time=31594329
[FLOW_DEBUG] Initiating flow from node=43 to node=42 maxPacketCount=20971520 tag=6 flow_id=171 at time=31594329
[FLOW_DEBUG] Initiating flow from node=5 to node=4 maxPacketCount=20971520 tag=6 flow_id=153 at time=31594329
[FLOW_DEBUG] Initiating flow from node=16 to node=17 maxPacketCount=20971520 tag=6 flow_id=162 at time=31594329
[FLOW_DEBUG] Initiating flow from node=55 to node=54 maxPacketCount=20971520 tag=6 flow_id=185 at time=31594329
[FLOW_DEBUG] Initiating flow from node=26 to node=27 maxPacketCount=20971520 tag=6 flow_id=154 at time=31594329
[FLOW_DEBUG] Initiating flow from node=[FLOW_DEBUG] Initiating flow from node=11 to node=10 maxPacketCount=20971520 tag=6 flow_id=179 at time=31594329
57 to node=56 maxPacketCount=20971520 tag=6 flow_id=165 at time=31594329
[FLOW_DEBUG] Initiating flow from node=[FLOW_DEBUG] Initiating flow from node=42 to node=43 maxPacketCount=20971520 tag=6 flow_id=170 at time=4 to node=5 maxPacketCount=3159432920971520
 tag=6 flow_id=152 at time=31594329
[FLOW_DEBUG] Initiating flow from node=25 to node=24 maxPacketCount=20971520 tag=6 flow_id=169 at time=31594329
[FLOW_DEBUG] Initiating flow from node=54 to node=55 maxPacketCount=20971520 tag=6 flow_id=184 at time=31594329
[FLOW_DEBUG] Initiating flow from node=10 to node=11 maxPacketCount=20971520 tag=6 flow_id=[FLOW_DEBUG] Initiating flow from node=17841 to node=40 maxPacketCount=20971520 tag=6 flow_id=177 at time= at time=31594329
[FLOW_DEBUG] Initiating flow from node=56 to node=57 maxPacketCount=20971520 tag=6 flow_id=164 at time=31594329
31594329
[FLOW_DEBUG] Initiating flow from node=24 to node=25 maxPacketCount=20971520 tag=6 flow_id=168 at time=31594329
[FLOW_DEBUG] Initiating flow from node=53 to node=52 maxPacketCount=20971520 tag=6 flow_id=187 at time=31594329
[FLOW_DEBUG] Initiating flow from node=3 to node=2 maxPacketCount=20971520 tag=6 flow_id=175 at time=31594329
[FLOW_DEBUG] Initiating flow from node=40 to node=41 maxPacketCount=20971520 tag=6 flow_id=176 at time=31594329
[FLOW_DEBUG] Initiating flow from node=52 to node=53 maxPacketCount=20971520 tag=6 flow_id=186 at time=31594329
[FLOW_DEBUG] Initiating flow from node=9 to node=8 maxPacketCount=20971520 tag=6 flow_id=181 at time=31594329
[FLOW_DEBUG] Initiating flow from node=2 to node=3 maxPacketCount=20971520 tag=6 flow_id=174 at time=31594329
[FLOW_DEBUG] Initiating flow from node=8 to node=9 maxPacketCount=20971520 tag=6 flow_id=180 at time=31594329
[FLOW_DEBUG] Initiating flow from node=51 to node=50 maxPacketCount=20971520 tag=6 flow_id=189 at time=31594329
[FLOW_DEBUG] Initiating flow from node=1 to node=0 maxPacketCount=20971520 tag=6 flow_id=183 at time=31594329
[FLOW_DEBUG] Initiating flow from node=50 to node=51 maxPacketCount=20971520 tag=6 flow_id=188 at time=31594329
[FLOW_DEBUG] Initiating flow from node=0 to node=1 maxPacketCount=20971520 tag=6 flow_id=182 at time=31594329
[FLOW_DEBUG] Initiating flow from node=49 to node=48 maxPacketCount=20971520 tag=6 flow_id=191 at time=31594329
[FLOW_DEBUG] Initiating flow from node=48 to node=49 maxPacketCount=20971520 tag=6 flow_id=190 at time=31594329
***** info: fwd pass comm collective for layer: attention_row is finished************
[FLOW_DEBUG] Initiating flow from node=14 to node=15 maxPacketCount=524288 tag=8 flow_id=192 at time=31781904
[FLOW_DEBUG] Initiating flow from node=15 to node=14 maxPacketCount=524288 tag=8 flow_id=193 at time=31781904
[FLOW_DEBUG] Initiating flow from node=12 to node=13 maxPacketCount=524288 tag=8 flow_id=194 at time=31781904
[FLOW_DEBUG] Initiating flow from node=13 to node=12 maxPacketCount=524288 tag=8 flow_id=195 at time=31781904
[FLOW_DEBUG] Initiating flow from node=10 to node=11 maxPacketCount=524288 tag=8 flow_id=196 at time=31781904
[FLOW_DEBUG] Initiating flow from node=11 to node=10 maxPacketCount=524288 tag=8 flow_id=197 at time=31781904
[FLOW_DEBUG] Initiating flow from node=8 to node=9 maxPacketCount=524288 tag=8 flow_id=202 at time=31781904
[FLOW_DEBUG] Initiating flow from node=46 to node=47 maxPacketCount=524288 tag=8 flow_id=200 at time=31781904
[FLOW_DEBUG] Initiating flow from node=30 to node=31 maxPacketCount=524288 tag=8 flow_id=198 at time=31781904
[FLOW_DEBUG] Initiating flow from node=[FLOW_DEBUG] Initiating flow from node=9 to node=8 maxPacketCount=524288 tag=8 flow_id=203 at time=31781904
47 to node=46 maxPacketCount=524288 tag=8 flow_id=201 at time=31781904
[FLOW_DEBUG] Initiating flow from node=31 to node=30 maxPacketCount=524288 tag=8 flow_id=199 at time=31781904
DEBUG_CHUNK_SIZE: size=1048576, preferred_dataset_splits=1, resulting chunk_size=1048576
DEBUG_COLLECTIVE_TYPE: layer=4, event=UNKNOWN (raw=0), size=1048576, chunk_size=1048576
DEBUG_STREAM_COUNT: chunk size is: 1048576 , size is: 1048576 , layer_num is: 4 , node: 0
[FLOW_DEBUG] Initiating flow from node=28 to node=29 maxPacketCount=524288 tag=8 flow_id=204 at time=31781904
[FLOW_DEBUG] Initiating flow from node=44 to node=45 maxPacketCount=524288 tag=8 flow_id=206 at time=31781904
DEBUG_STREAM_CREATE: Creating stream #3 for dataset id: 231 (total_streams=1)
[FLOW_DEBUG] Initiating flow from node=29 to node=28 maxPacketCount=524288 tag=8 flow_id=205 at time=31781904
DEBUG_STREAM_COUNT: Generated 1 streams for layer 4 (UNKNOWN), total injected: 4
info: all-gather forward pass collective issued for layer: mlp_moelayer, involved dimensions:  1, 0, 0, 0, 0, 0, 0, 0, 0, 0,
[FLOW_DEBUG] Initiating flow from node=45 to node=44 maxPacketCount=524288 tag=8 flow_id=207 at time=31781904
[FLOW_DEBUG] Initiating flow from node=6 to node=7 maxPacketCount=524288 tag=8 flow_id=212 at time=31781904
[FLOW_DEBUG] Initiating flow from node=26 to node=27 maxPacketCount=524288 tag=8 flow_id=208 at time=31781904
[FLOW_DEBUG] Initiating flow from node=7 to node=6 maxPacketCount=524288 tag=8 flow_id=213 at time=31781904
[FLOW_DEBUG] Initiating flow from node=38 to node=39 maxPacketCount=524288 tag=8 flow_id=224 at time=31781904
[FLOW_DEBUG] Initiating flow from node=4 to node=5 maxPacketCount=524288 tag=8 flow_id=222 at time=31781904
[FLOW_DEBUG] Initiating flow from node=42 to node=43 maxPacketCount=524288 tag=8 flow_id=210 at time=31781904
[FLOW_DEBUG] Initiating flow from node=27 to node=26 maxPacketCount=524288 tag=8 flow_id=209 at time=31781904
[FLOW_DEBUG] Initiating flow from node=5 to node=4 maxPacketCount=524288 tag=8 flow_id=223 at time=31781904
[FLOW_DEBUG] Initiating flow from node=24 to node=25 maxPacketCount=524288 tag=8 flow_id=220 at time=31781904
[FLOW_DEBUG] Initiating flow from node=43 to node=42 maxPacketCount=524288 tag=8 flow_id=211 at time=31781904
[FLOW_DEBUG] Initiating flow from node=2 to node=3 maxPacketCount=524288 tag=8 flow_id=226 at time=31781904
[FLOW_DEBUG] Initiating flow from node=54 to node=55 maxPacketCount=524288 tag=8 flow_id=214 at time=31781904
[FLOW_DEBUG] Initiating flow from node=39 to node=38 maxPacketCount=524288 tag=8 flow_id=225 at time=31781904
[FLOW_DEBUG] Initiating flow from node=25 to node=24 maxPacketCount=524288 tag=8 flow_id=221 at time=31781904
[FLOW_DEBUG] Initiating flow from node=40 to node=41 maxPacketCount=524288 tag=8 flow_id=218 at time=31781904
[FLOW_DEBUG] Initiating flow from node=36 to node=37 maxPacketCount=524288 tag=8 flow_id=228 at time=31781904
[FLOW_DEBUG] Initiating flow from node=[FLOW_DEBUG] Initiating flow from node=3 to node=2 maxPacketCount=524288 tag=8 flow_id=227 at time=55 to node=54 maxPacketCount=524288 tag=831781904 flow_id=215 at time=
[FLOW_DEBUG] Initiating flow from node=41 to node=40 maxPacketCount=524288 tag=8 flow_id=219 at time=31781904
[FLOW_DEBUG] Initiating flow from node=37 to node=36 maxPacketCount=524288 tag=8 flow_id=229 at time=31781904
31781904
[FLOW_DEBUG] Initiating flow from node=62 to node=63 maxPacketCount=524288 tag=8 flow_id=216 at time=31781904
[FLOW_DEBUG] Initiating flow from node=22 to node=23 maxPacketCount=524288 tag=8 flow_id=238 at time=31781904
[FLOW_DEBUG] Initiating flow from node=[FLOW_DEBUG] Initiating flow from node=340 to node=35 to node= maxPacketCount=1524288 tag= maxPacketCount=8 flow_id=236 at time=524288 tag=317819048
 flow_id=232 at time=31781904
[FLOW_DEBUG] Initiating flow from node=63 to node=62 maxPacketCount=524288 tag=8 flow_id=217 at time=31781904
[FLOW_DEBUG] Initiating flow from node=23 to node=22 maxPacketCount=524288 tag=8 flow_id=239 at time=31781904
[FLOW_DEBUG] Initiating flow from node=[FLOW_DEBUG] Initiating flow from node=1 to node=0 maxPacketCount=524288 tag=8 flow_id=233 at time=[FLOW_DEBUG] Initiating flow from node=60 to node=61 maxPacketCount=524288 tag=8 flow_id=230 at time=3178190431781904

[FLOW_DEBUG] Initiating flow from node=52 to node=53 maxPacketCount=524288 tag=8 flow_id=234 at time=31781904
35 to node=34 maxPacketCount=524288 tag=8 flow_id=237 at time=31781904
[FLOW_DEBUG] Initiating flow from node=20 to node=21 maxPacketCount=524288 tag=8 flow_id=246 at time=31781904
[FLOW_DEBUG] Initiating flow from node=53 to node=52 maxPacketCount=524288 tag=8 flow_id=235 at time=31781904
[FLOW_DEBUG] Initiating flow from node=32 to node=33 maxPacketCount=524288 tag=8 flow_id=242 at time=31781904
[FLOW_DEBUG] Initiating flow from node=61 to node=60 maxPacketCount=524288 tag=8 flow_id=231 at time=31781904
[FLOW_DEBUG] Initiating flow from node=21 to node=20 maxPacketCount=524288 tag=8 flow_id=247 at time=31781904
[FLOW_DEBUG] Initiating flow from node=50 to node=51 maxPacketCount=524288 tag=8 flow_id=240 at time=31781904
[FLOW_DEBUG] Initiating flow from node=58 to node=59 maxPacketCount=524288 tag=8 flow_id=248 at time=[FLOW_DEBUG] Initiating flow from node=33 to node=32 maxPacketCount=524288 tag=8 flow_id=243 at time=31781904
31781904
[FLOW_DEBUG] Initiating flow from node=51 to node=50 maxPacketCount=524288 tag=8 flow_id=241 at time=31781904
[FLOW_DEBUG] Initiating flow from node=59 to node=58 maxPacketCount=524288 tag=8 flow_id=249 at time=31781904
[FLOW_DEBUG] Initiating flow from node=[FLOW_DEBUG] Initiating flow from node=1848 to node=49 maxPacketCount=524288 tag=8 flow_id=244 at time=31781904
 to node=19 maxPacketCount=524288 tag=8 flow_id=252 at time=31781904
[FLOW_DEBUG] Initiating flow from node=56 to node=57 maxPacketCount=524288 tag=8 flow_id=250 at time=31781904
[FLOW_DEBUG] Initiating flow from node=49 to node=48 maxPacketCount=524288 tag=8 flow_id=245 at time=31781904
[FLOW_DEBUG] Initiating flow from node=57 to node=56 maxPacketCount=524288 tag=8 flow_id=251 at time=31781904
[FLOW_DEBUG] Initiating flow from node=19 to node=18 maxPacketCount=524288 tag=8 flow_id=253 at time=31781904
[FLOW_DEBUG] Initiating flow from node=16 to node=17 maxPacketCount=524288 tag=8 flow_id=254 at time=31781904
[FLOW_DEBUG] Initiating flow from node=17 to node=16 maxPacketCount=524288 tag=8 flow_id=255 at time=31781904
***** info: fwd pass comm collective for layer: mlp_moelayer is finished************
[FLOW_DEBUG] Initiating flow from node=15 to node=14 maxPacketCount=10485760 tag=10 flow_id=257 at time=31787726
[FLOW_DEBUG] Initiating flow from node=14 to node=15 maxPacketCount=10485760 tag=10 flow_id=256 at time=31787726
[FLOW_DEBUG] Initiating flow from node=13 to node=12 maxPacketCount=10485760 tag=10 flow_id=259 at time=31787726
[FLOW_DEBUG] Initiating flow from node=55 to node=54 maxPacketCount=10485760 tag=10 flow_id=265 at time=31787726[FLOW_DEBUG] Initiating flow from node=12
 to node=13 maxPacketCount=10485760 tag=10 flow_id=258 at time=31787726
[FLOW_DEBUG] Initiating flow from node=54 to node=55 maxPacketCount=10485760 tag=10 flow_id=264 at time=31787726
[FLOW_DEBUG] Initiating flow from node=11 to node=10 maxPacketCount=10485760 tag=10 flow_id=261 at time=31787726
[FLOW_DEBUG] Initiating flow from node=53 to node=52 maxPacketCount=10485760 tag=10 flow_id=269 at time=31787726
[FLOW_DEBUG] Initiating flow from node=10 to node=11 maxPacketCount=10485760 tag=10 flow_id=260 at time=31787726
[FLOW_DEBUG] Initiating flow from node=52 to node=53 maxPacketCount=10485760 tag=10 flow_id=268 at time=31787726
[FLOW_DEBUG] Initiating flow from node=9 to node=8 maxPacketCount=10485760 tag=10 flow_id=263 at time=31787726
[FLOW_DEBUG] Initiating flow from node=8 to node=9 maxPacketCount=10485760 tag=10 flow_id=262 at time=31787726
[FLOW_DEBUG] Initiating flow from node=51 to node=50 maxPacketCount=10485760 tag=10 flow_id=271 at time=31787726
DEBUG_CHUNK_SIZE: size=20971520, preferred_dataset_splits=1, resulting chunk_size=20971520
DEBUG_COLLECTIVE_TYPE: layer=5, event=UNKNOWN (raw=0), size=20971520, chunk_size=20971520
DEBUG_STREAM_COUNT: chunk size is: 20971520 , size is: 20971520 , layer_num is: 5 , node: 0
[FLOW_DEBUG] Initiating flow from node=50 to node=51 maxPacketCount=10485760 tag=10 flow_id=270 at time=31787726
DEBUG_STREAM_CREATE: Creating stream #4 for dataset id: 291 (total_streams=1)
DEBUG_STREAM_COUNT: Generated 1 streams for layer 5 (UNKNOWN), total injected: 5
info: all-to-all forward pass collective issued for layer: mlp_moelayer, involved dimensions:  1, 0, 0, 0, 0, 0, 0, 0, 0, 0,
[FLOW_DEBUG] Initiating flow from node=7 to node=6 maxPacketCount=10485760 tag=10 flow_id=267 at time=31787726
[FLOW_DEBUG] Initiating flow from node=49 to node=48 maxPacketCount=10485760 tag=10 flow_id=273 at time=31787726
[FLOW_DEBUG] Initiating flow from node=6 to node=7 maxPacketCount=10485760 tag=10 flow_id=266 at time=31787726
[FLOW_DEBUG] Initiating flow from node=48 to node=49 maxPacketCount=10485760 tag=10 flow_id=272 at time=31787726
[FLOW_DEBUG] Initiating flow from node=23 to node=22 maxPacketCount=10485760 tag=10 flow_id=277 at time=31787726
[FLOW_DEBUG] Initiating flow from node=5 to node=4 maxPacketCount=10485760 tag=10 flow_id=275 at time=31787726
[FLOW_DEBUG] Initiating flow from node=22 to node=23 maxPacketCount=10485760 tag=10 flow_id=276 at time=31787726
[FLOW_DEBUG] Initiating flow from node=31 to node=30 maxPacketCount=10485760 tag=10 flow_id=283 at time=31787726
[FLOW_DEBUG] Initiating flow from node=[FLOW_DEBUG] Initiating flow from node=30 to node=31 maxPacketCount=410485760 tag= to node=105 flow_id=282 at time= maxPacketCount=3178772610485760
[FLOW_DEBUG] Initiating flow from node=39 to node=[FLOW_DEBUG] Initiating flow from node=38 maxPacketCount=1048576021 tag= to node=1020 flow_id= maxPacketCount=29110485760 at time= tag=1031787726
 flow_id=279 at time=31787726
[FLOW_DEBUG] Initiating flow from node=47 to node=46 maxPacketCount=10485760 tag=10 flow_id=287 at time=31787726
 tag=10 flow_id=274 at time=31787726
[FLOW_DEBUG] Initiating flow from node=29 to node=28 maxPacketCount=10485760 tag=10 flow_id=293 at time=31787726
[FLOW_DEBUG] Initiating flow from node=38 to node=39 maxPacketCount=10485760 tag=10 flow_id=290 at time=31787726
[FLOW_DEBUG] Initiating flow from node=[FLOW_DEBUG] Initiating flow from node=28 to node=29 maxPacketCount=10485760 tag=10 flow_id=292 at time=31787726
46 to node=47 maxPacketCount=10485760 tag=10 flow_id=286 at time=31787726
[FLOW_DEBUG] Initiating flow from node=20 to node=21 maxPacketCount=10485760 tag=10 flow_id=278 at time=31787726
[FLOW_DEBUG] Initiating flow from node=63 to node=62 maxPacketCount=10485760 tag=10 flow_id=309 at time=31787726
[FLOW_DEBUG] Initiating flow from node=3 to node=2 maxPacketCount=10485760 tag=10 flow_id=281 at time=31787726
[FLOW_DEBUG] Initiating flow from node=37 to node=36 maxPacketCount=10485760 tag=10 flow_id=299 at time=31787726
[FLOW_DEBUG] Initiating flow from node=19 to node=18 maxPacketCount=10485760 tag=10 flow_id=285 at time=31787726
[FLOW_DEBUG] Initiating flow from node=27 to node=26 maxPacketCount=10485760 tag=10 flow_id=301 at time=31787726
[FLOW_DEBUG] Initiating flow from node=[FLOW_DEBUG] Initiating flow from node=4562 to node=63 maxPacketCount=10485760 tag=10 flow_id=308 at time=31787726 to node=
44 maxPacketCount=10485760 tag=10 flow_id=297 at time=31787726
[FLOW_DEBUG] Initiating flow from node=36 to node=37 maxPacketCount=10485760 tag=10 flow_id=298 at time=31787726
[FLOW_DEBUG] Initiating flow from node=[FLOW_DEBUG] Initiating flow from node=18 to node=19 maxPacketCount=10485760 tag=10 flow_id=284 at time=31787726
2 to node=3 maxPacketCount=10485760 tag=10 flow_id=280 at time=31787726
[FLOW_DEBUG] Initiating flow from node=26 to node=27 maxPacketCount=10485760 tag=10 flow_id=300 at time=31787726
[FLOW_DEBUG] Initiating flow from node=61 to node=60 maxPacketCount=10485760 tag=10 flow_id=315 at time=31787726
[FLOW_DEBUG] Initiating flow from node=44 to node=45 maxPacketCount=10485760 tag=10 flow_id=296 at time=31787726
[FLOW_DEBUG] Initiating flow from node=35 to node=34 maxPacketCount=10485760 tag=10 flow_id=305 at time=31787726
[FLOW_DEBUG] Initiating flow from node=1 to node=0 maxPacketCount=10485760 tag=10 flow_id=289 at time=[FLOW_DEBUG] Initiating flow from node=3178772625
 to node=24 maxPacketCount=10485760 tag=10 flow_id=303 at time=31787726
[FLOW_DEBUG] Initiating flow from node=34 to node=35 maxPacketCount=10485760 tag=10 flow_id=304 at time=31787726
[FLOW_DEBUG] Initiating flow from node=[FLOW_DEBUG] Initiating flow from node=17 to node=16 maxPacketCount=10485760 tag=10 flow_id=295 at time=31787726
43 to node=42 maxPacketCount=10485760 tag=10 flow_id=307 at time=31787726
[FLOW_DEBUG] Initiating flow from node=60 to node=61 maxPacketCount=10485760 tag=10 flow_id=314 at time=31787726
[FLOW_DEBUG] Initiating flow from node=24 to node=25 maxPacketCount=10485760 tag=10 flow_id=302 at time=31787726
[FLOW_DEBUG] Initiating flow from node=33 to node=32 maxPacketCount=10485760 tag=10 flow_id=311 at time=31787726
[FLOW_DEBUG] Initiating flow from node=42 to node=43 maxPacketCount=10485760 tag=10 flow_id=306 at time=31787726
[FLOW_DEBUG] Initiating flow from node=0 to node=1 maxPacketCount=10485760 tag=10 flow_id=288 at time=31787726
[FLOW_DEBUG] Initiating flow from node=16 to node=17 maxPacketCount=10485760 tag=10 flow_id=294 at time=31787726
[FLOW_DEBUG] Initiating flow from node=32 to node=33 maxPacketCount=10485760 tag=10 flow_id=310 at time=31787726
[FLOW_DEBUG] Initiating flow from node=59 to node=58 maxPacketCount=10485760 tag=10 flow_id=317 at time=[FLOW_DEBUG] Initiating flow from node=3178772641
 to node=40 maxPacketCount=10485760 tag=10 flow_id=313 at time=31787726
[FLOW_DEBUG] Initiating flow from node=58 to node=59 maxPacketCount=10485760 tag=10 flow_id=316 at time=31787726
[FLOW_DEBUG] Initiating flow from node=57 to node=56 maxPacketCount=10485760 tag=10 flow_id=319 at time=31787726
[FLOW_DEBUG] Initiating flow from node=40 to node=41 maxPacketCount=10485760 tag=10 flow_id=312 at time=31787726
[FLOW_DEBUG] Initiating flow from node=56 to node=57 maxPacketCount=10485760 tag=10 flow_id=318 at time=31787726
***** info: fwd pass comm collective for layer: mlp_moelayer is finished************
DEBUG_CHUNK_SIZE: size=83886080, preferred_dataset_splits=1, resulting chunk_size=83886080
DEBUG_COLLECTIVE_TYPE: layer=6, event=UNKNOWN (raw=0), size=83886080, chunk_size=83886080
DEBUG_STREAM_COUNT: chunk size is: 83886080 , size is: 83886080 , layer_num is: 6 , node: 0
DEBUG_STREAM_CREATE: Creating stream #5 for dataset id: 373 (total_streams=1)
[FLOW_DEBUG] Initiating flow from node=46 to node=0 maxPacketCount=2621440 tag=192 flow_id=1033 at time=31882095
DEBUG_STREAM_COUNT: Generated 1 streams for layer 6 (UNKNOWN), total injected: 6
info: all-to-all forward pass collective issued for layer: mlp_moelayer, involved dimensions:  1, 0, 0, 0, 0, 0, 0, 0, 0, 0,
[FLOW_DEBUG] Initiating flow from node=54 to node=0 maxPacketCount=2621440 tag=192 flow_id=1157 at time=31882095
[FLOW_DEBUG] Initiating flow from node=46 to node=2 maxPacketCount=2621440 tag=192 flow_id=1034 at time=31882095
[FLOW_DEBUG] Initiating flow from node=54 to node=2 maxPacketCount=2621440 tag=192 flow_id=1158 at time=31882095
[FLOW_DEBUG] Initiating flow from node=14 to node=0 maxPacketCount=2621440 tag=192 flow_id=537 at time=31882095
[FLOW_DEBUG] Initiating flow from node=54 to node=4 maxPacketCount=2621440 tag=192 flow_id=1159 at time=31882095
[FLOW_DEBUG] Initiating flow from node=46 to node=4 maxPacketCount=2621440 tag=192 flow_id=1035 at time=31882095
[FLOW_DEBUG] Initiating flow from node=14 to node=2 maxPacketCount=2621440 tag=192 flow_id=538 at time=31882095
[FLOW_DEBUG] Initiating flow from node=54 to node=6 maxPacketCount=2621440 tag=192 flow_id=1160 at time=31882095
[FLOW_DEBUG] Initiating flow from node=14 to node=4 maxPacketCount=2621440 tag=192 flow_id=539 at time=31882095
[FLOW_DEBUG] Initiating flow from node=46 to node=6 maxPacketCount=2621440 tag=192 flow_id=1036 at time=31882095
[FLOW_DEBUG] Initiating flow from node=14 to node=6 maxPacketCount=2621440 tag=192 flow_id=540 at time=31882095
[FLOW_DEBUG] Initiating flow from node=22 to node=0 maxPacketCount=2621440 tag=192 flow_id=661 at time=31882095
[FLOW_DEBUG] Initiating flow from node=6 to node=0 maxPacketCount=2621440 tag=192 flow_id=413 at time=31882095
[FLOW_DEBUG] Initiating flow from node=54 to node=8 maxPacketCount=2621440 tag=192 flow_id=1161 at time=31882095
[FLOW_DEBUG] Initiating flow from node=30 to node=0 maxPacketCount=2621440 tag=192 flow_id=785 at time=31882095
[FLOW_DEBUG] Initiating flow from node=54 to node=10 maxPacketCount=2621440 tag=192 flow_id=1162 at time=31882095
[FLOW_DEBUG] Initiating flow from node=46 to node=8 maxPacketCount=2621440 tag=192 flow_id=1037 at time=31882095
[FLOW_DEBUG] Initiating flow from node=22 to node=2 maxPacketCount=2621440 tag=192 flow_id=662 at time=31882095
[FLOW_DEBUG] Initiating flow from node=62 to node=0 maxPacketCount=2621440 tag=192 flow_id=1281 at time=31882095
[FLOW_DEBUG] Initiating flow from node=14 to node=8 maxPacketCount=2621440 tag=192 flow_id=541 at time=31882095
[FLOW_DEBUG] Initiating flow from node=30 to node=2 maxPacketCount=2621440 tag=192 flow_id=786 at time=31882095
[FLOW_DEBUG] Initiating flow from node=6 to node=2 maxPacketCount=2621440 tag=192 flow_id=414 at time=31882095
[FLOW_DEBUG] Initiating flow from node=46 to node=10 maxPacketCount=2621440 tag=192 flow_id=1038 at time=31882095
[FLOW_DEBUG] Initiating flow from node=54 to node=12 maxPacketCount=2621440 tag=192 flow_id=1163 at time=31882095
[FLOW_DEBUG] Initiating flow from node=62 to node=2 maxPacketCount=2621440 tag=192 flow_id=1282 at time=31882095
[FLOW_DEBUG] Initiating flow from node=22 to node=4 maxPacketCount=2621440 tag=192 flow_id=663 at time=31882095
[FLOW_DEBUG] Initiating flow from node=[FLOW_DEBUG] Initiating flow from node=6 to node=[FLOW_DEBUG] Initiating flow from node=446 maxPacketCount=[FLOW_DEBUG] Initiating flow from node=262144054 tag=192 to node=14 to node= flow_id=415 at time=12 maxPacketCount=31882095
 maxPacketCount=[FLOW_DEBUG] Initiating flow from node=14 to node=10 maxPacketCount=2621440 tag=192 flow_id=542 at time=318820952621440
2621440 tag=192 flow_id=1164 at time=31882095
 tag=192 flow_id=1039 at time=3031882095
 to node=4 maxPacketCount=2621440 tag=192 flow_id=787 at time=31882095
[FLOW_DEBUG] Initiating flow from node=38 to node=0 maxPacketCount=2621440 tag=192 flow_id=909 at time=31882095
[FLOW_DEBUG] Initiating flow from node=30 to node=6 maxPacketCount=2621440 tag=192 flow_id=788 at time=31882095
[FLOW_DEBUG] Initiating flow from node=62 to node=4 maxPacketCount=2621440 tag=192 flow_id=1283 at time=31882095
[FLOW_DEBUG] Initiating flow from node=22 to node=6 maxPacketCount=2621440 tag=192 flow_id=664 at time=31882095
[FLOW_DEBUG] Initiating flow from node=14 to node=12 maxPacketCount=2621440 tag=192 flow_id=543 at time=31882095
[FLOW_DEBUG] Initiating flow from node=6 to node=8 maxPacketCount=2621440 tag=192 flow_id=416 at time=31882095
[FLOW_DEBUG] Initiating flow from node=38 to node=2 maxPacketCount=2621440 tag=192 flow_id=910 at time=31882095
[FLOW_DEBUG] Initiating flow from node=46 to node=14 maxPacketCount=2621440 tag=192 flow_id=1040 at time=31882095
[FLOW_DEBUG] Initiating flow from node=54 to node=16 maxPacketCount=2621440 tag=192 flow_id=1165 at time=31882095
[FLOW_DEBUG] Initiating flow from node=30 to node=8 maxPacketCount=2621440 tag=192 flow_id=789 at time=31882095
[FLOW_DEBUG] Initiating flow from node=14 to node=16 maxPacketCount=2621440 tag=192 flow_id=544 at time=31882095
[FLOW_DEBUG] Initiating flow from node=22 to node=8 maxPacketCount=2621440 tag=192 flow_id=665 at time=31882095
[FLOW_DEBUG] Initiating flow from node=6 to node=10 maxPacketCount=2621440 tag=192 flow_id=417 at time=31882095
[FLOW_DEBUG] Initiating flow from node=62 to node=6 maxPacketCount=2621440 tag=192 flow_id=1284 at time=31882095
[FLOW_DEBUG] Initiating flow from node=46 to node=16 maxPacketCount=2621440 tag=192 flow_id=1041 at time=31882095
[FLOW_DEBUG] Initiating flow from node=54 to node=18 maxPacketCount=2621440 tag=192 flow_id=1166 at time=31882095
[FLOW_DEBUG] Initiating flow from node=38 to node=4 maxPacketCount=2621440 tag=192 flow_id=911 at time=31882095
[FLOW_DEBUG] Initiating flow from node=30 to node=10 maxPacketCount=2621440 tag=192 flow_id=790 at time=31882095
[FLOW_DEBUG] Initiating flow from node=14 to node=18 maxPacketCount=2621440 tag=192 flow_id=545 at time=31882095
[FLOW_DEBUG] Initiating flow from node=6 to node=12 maxPacketCount=2621440 tag=192 flow_id=418 at time=31882095
[FLOW_DEBUG] Initiating flow from node=46 to node=18 maxPacketCount=2621440 tag=192 flow_id=1042 at time=31882095
[FLOW_DEBUG] Initiating flow from node=38 to node=6 maxPacketCount=2621440 tag=192 flow_id=912 at time=31882095
[FLOW_DEBUG] Initiating flow from node=30 to node=12 maxPacketCount=2621440 tag=192 flow_id=791 at time=31882095
[FLOW_DEBUG] Initiating flow from node=14 to node=20 maxPacketCount=2621440 tag=192 flow_id=546 at time=31882095
[FLOW_DEBUG] Initiating flow from node=54 to node=20 maxPacketCount=2621440 tag=192 flow_id=1167 at time=31882095
[FLOW_DEBUG] Initiating flow from node=62 to node=8 maxPacketCount=2621440 tag=192 flow_id=1285 at time=31882095
[FLOW_DEBUG] Initiating flow from node=30 to node=14 maxPacketCount=2621440 tag=192 flow_id=792 at time=31882095
[FLOW_DEBUG] Initiating flow from node=6 to node=14 maxPacketCount=2621440 tag=192 flow_id=419 at time=31882095
[FLOW_DEBUG] Initiating flow from node=38 to node=8 maxPacketCount=2621440 tag=192 flow_id=913 at time=31882095
[FLOW_DEBUG] Initiating flow from node=14 to node=22 maxPacketCount=2621440 tag=192 flow_id=547 at time=31882095
[FLOW_DEBUG] Initiating flow from node=46 to node=20 maxPacketCount=2621440 tag=192 flow_id=1043 at time=31882095
[FLOW_DEBUG] Initiating flow from node=30 to node=16 maxPacketCount=2621440 tag=192 flow_id=793 at time=31882095
[FLOW_DEBUG] Initiating flow from node=54 to node=22 maxPacketCount=2621440 tag=192 flow_id=1168 at time=31882095
[FLOW_DEBUG] Initiating flow from node=38 to node=10 maxPacketCount=2621440 tag=192 flow_id=914 at time=31882095
[FLOW_DEBUG] Initiating flow from node=62 to node=10 maxPacketCount=2621440 tag=192 flow_id=1286 at time=31882095
[FLOW_DEBUG] Initiating flow from node=14 to node=24 maxPacketCount=2621440 tag=192 flow_id=548 at time=31882095
[FLOW_DEBUG] Initiating flow from node=30 to node=18 maxPacketCount=2621440 tag=192 flow_id=794 at time=31882095
[FLOW_DEBUG] Initiating flow from node=54 to node=24 maxPacketCount=2621440 tag=192 flow_id=1169 at time=31882095
[FLOW_DEBUG] Initiating flow from node=6 to node=16 maxPacketCount=2621440 tag=192 flow_id=420 at time=31882095
[FLOW_DEBUG] Initiating flow from node=38 to node=12 maxPacketCount=2621440 tag=192 flow_id=915 at time=31882095
[FLOW_DEBUG] Initiating flow from node=30 to node=20 maxPacketCount=2621440 tag=192 flow_id=795 at time=31882095
[FLOW_DEBUG] Initiating flow from node=6 to node=18 maxPacketCount=2621440 tag=192 flow_id=421 at time=31882095
[FLOW_DEBUG] Initiating flow from node=54 to node=26 maxPacketCount=2621440 tag=192 flow_id=1170 at time=31882095
[FLOW_DEBUG] Initiating flow from node=14 to node=26 maxPacketCount=2621440 tag=192 flow_id=549 at time=31882095
[FLOW_DEBUG] Initiating flow from node=[FLOW_DEBUG] Initiating flow from node=54 to node=28 maxPacketCount=2621440 tag=192 flow_id=1171 at time=3188209562
[FLOW_DEBUG] Initiating flow from node= to node=12 maxPacketCount=2621440 tag=192 flow_id=1287 at time=31882095
[FLOW_DEBUG] Initiating flow from node=46 to node=22 maxPacketCount=2621440 tag=192 flow_id=1044 at time=31882095
38 to node=14 maxPacketCount=2621440 tag=192 flow_id=916 at time=31882095
[FLOW_DEBUG] Initiating flow from node=22 to node=10 maxPacketCount=2621440 tag=192 flow_id=666 at time=31882095[FLOW_DEBUG] Initiating flow from node=[FLOW_DEBUG] Initiating flow from node=30 to node=22 maxPacketCount=2621440 tag=192 flow_id=796 at time=31882095

6 to node=20 maxPacketCount=2621440 tag=192 flow_id=422 at time=31882095
[FLOW_DEBUG] Initiating flow from node=54 to node=30 maxPacketCount=2621440 tag=192 flow_id=1172 at time=31882095
[FLOW_DEBUG] Initiating flow from node=14 to node=28 maxPacketCount=2621440 tag=192 flow_id=550 at time=31882095
[FLOW_DEBUG] Initiating flow from node=38 to node=16 maxPacketCount=2621440 tag=192 flow_id=917 at time=31882095
[FLOW_DEBUG] Initiating flow from node=62 to node=14 maxPacketCount=2621440 tag=192 flow_id=1288 at time=31882095
[FLOW_DEBUG] Initiating flow from node=22 to node=12 maxPacketCount=2621440 tag=192 flow_id=667 at time=31882095
[FLOW_DEBUG] Initiating flow from node=46 to node=24 maxPacketCount=[FLOW_DEBUG] Initiating flow from node=30 to node=24 maxPacketCount=2621440 tag=192 flow_id=797 at time=31882095
2621440 tag=192 flow_id=1045 at time=31882095
[FLOW_DEBUG] Initiating flow from node=6 to node=22 maxPacketCount=2621440 tag=192 flow_id=423 at time=31882095
[FLOW_DEBUG] Initiating flow from node=38 to node=18 maxPacketCount=2621440 tag=192 flow_id=918 at time=31882095
[FLOW_DEBUG] Initiating flow from node=62 to node=16 maxPacketCount=2621440 tag=192 flow_id=1289 at time=31882095
[FLOW_DEBUG] Initiating flow from node=14 to node=30 maxPacketCount=2621440 tag=192 flow_id=551 at time=31882095
[FLOW_DEBUG] Initiating flow from node=22 to node=14 maxPacketCount=2621440 tag=192 flow_id=668 at time=31882095
[FLOW_DEBUG] Initiating flow from node=30 to node=26 maxPacketCount=2621440 tag=192 flow_id=798 at time=31882095
[FLOW_DEBUG] Initiating flow from node=46 to node=26 maxPacketCount=2621440 tag=192 flow_id=1046 at time=31882095
[FLOW_DEBUG] Initiating flow from node=54 to node=32 maxPacketCount=2621440 tag=192 flow_id=1173 at time=31882095
[FLOW_DEBUG] Initiating flow from node=22 to node=16 maxPacketCount=2621440 tag=192 flow_id=669 at time=31882095
[FLOW_DEBUG] Initiating flow from node=62 to node=18 maxPacketCount=2621440 tag=192 flow_id=1290 at time=31882095
[FLOW_DEBUG] Initiating flow from node=6 to node=24 maxPacketCount=2621440 tag=192 flow_id=424 at time=31882095
[FLOW_DEBUG] Initiating flow from node=30 to node=28 maxPacketCount=2621440 tag=192 flow_id=799 at time=31882095
[FLOW_DEBUG] Initiating flow from node=38 to node=20 maxPacketCount=2621440 tag=192 flow_id=919 at time=31882095
[FLOW_DEBUG] Initiating flow from node=62 to node=20 maxPacketCount=2621440 tag=192 flow_id=1291 at time=31882095
[FLOW_DEBUG] Initiating flow from node=54 to node=34 maxPacketCount=2621440 tag=192 flow_id=1174 at time=31882095
[FLOW_DEBUG] Initiating flow from node=22 to node=18 maxPacketCount=2621440 tag=192 flow_id=670 at time=31882095
[FLOW_DEBUG] Initiating flow from node=38 to node=22 maxPacketCount=2621440 tag=192 flow_id=920 at time=[FLOW_DEBUG] Initiating flow from node=3188209530 to node=32 maxPacketCount=
2621440 tag=192 flow_id=800 at time=31882095
[FLOW_DEBUG] Initiating flow from node=46 to node=28 maxPacketCount=2621440 tag=192 flow_id=1047 at time=31882095
[FLOW_DEBUG] Initiating flow from node=6 to node=26 maxPacketCount=2621440 tag=192 flow_id=425 at time=31882095
[FLOW_DEBUG] Initiating flow from node=62 to node=22 maxPacketCount=2621440 tag=192 flow_id=1292 at time=31882095
[FLOW_DEBUG] Initiating flow from node=30 to node=34 maxPacketCount=2621440 tag=192 flow_id=801 at time=[FLOW_DEBUG] Initiating flow from node=3188209522 to node=20 maxPacketCount=2621440 tag=192 flow_id=
[FLOW_DEBUG] Initiating flow from node=54 to node=36 maxPacketCount=2621440 tag=192 flow_id=1175 at time=31882095
671 at time=31882095
[FLOW_DEBUG] Initiating flow from node=38 to node=24 maxPacketCount=2621440 tag=192 flow_id=921 at time=31882095
[FLOW_DEBUG] Initiating flow from node=54 to node=38 maxPacketCount=2621440 tag=192 flow_id=1176 at time=31882095
[FLOW_DEBUG] Initiating flow from node=22 to node=24 maxPacketCount=2621440 tag=192 flow_id=672 at time=31882095
[FLOW_DEBUG] Initiating flow from node=6 to node=28 maxPacketCount=2621440 tag=192 flow_id=426 at time=31882095
[FLOW_DEBUG] Initiating flow from node=30 to node=36 maxPacketCount=2621440 tag=192 flow_id=802 at time=31882095
[FLOW_DEBUG] Initiating flow from node=46 to node=30 maxPacketCount=2621440 tag=192 flow_id=1048 at time=31882095
[FLOW_DEBUG] Initiating flow from node=62 to node=24 maxPacketCount=2621440 tag=192 flow_id=1293 at time=31882095
[FLOW_DEBUG] Initiating flow from node=22 to node=26 maxPacketCount=2621440 tag=192 flow_id=673 at time=31882095
[FLOW_DEBUG] Initiating flow from node=30 to node=38 maxPacketCount=2621440 tag=192 flow_id=803 at time=31882095
[FLOW_DEBUG] Initiating flow from node=54 to node=40 maxPacketCount=2621440 tag=192 flow_id=1177 at time=31882095
[FLOW_DEBUG] Initiating flow from node=38 to node=[FLOW_DEBUG] Initiating flow from node=266 to node=30 maxPacketCount=2621440 tag=192 flow_id=427 at time= maxPacketCount=2621440 tag=192 flow_id=31882095
922 at time=31882095
[FLOW_DEBUG] Initiating flow from node=22 to node=28 maxPacketCount=2621440 tag=192 flow_id=674 at time=31882095
[FLOW_DEBUG] Initiating flow from node=54 to node=42 maxPacketCount=2621440 tag=192 flow_id=1178 at time=31882095
[FLOW_DEBUG] Initiating flow from node=30 to node=40 maxPacketCount=2621440 tag=192 flow_id=804 at time=31882095
[FLOW_DEBUG] Initiating flow from node=62 to node=26 maxPacketCount=2621440 tag=192 flow_id=1294 at time=31882095
[FLOW_DEBUG] Initiating flow from node=38 to node=28 maxPacketCount=2621440 tag=192 flow_id=923 at time=31882095
[FLOW_DEBUG] Initiating flow from node=22 to node=30 maxPacketCount=2621440 tag=192 flow_id=[FLOW_DEBUG] Initiating flow from node=675 at time=31882095
[FLOW_DEBUG] Initiating flow from node=30 to node=42 maxPacketCount=2621440 tag=192 flow_id=805 at time=31882095
54 to node=44 maxPacketCount=2621440 tag=192 flow_id=1179 at time=31882095
[FLOW_DEBUG] Initiating flow from node=46 to node=32 maxPacketCount=2621440 tag=192 flow_id=1049 at time=31882095
[FLOW_DEBUG] Initiating flow from node=14 to node=32 maxPacketCount=2621440 tag=192 flow_id=552 at time=31882095
[FLOW_DEBUG] Initiating flow from node=6 to node=32 maxPacketCount=2621440 tag=192 flow_id=428 at time=31882095
[FLOW_DEBUG] Initiating flow from node=22 to node=32 maxPacketCount=2621440 tag=192 flow_id=676 at time=31882095
[FLOW_DEBUG] Initiating flow from node=54 to node=46 maxPacketCount=2621440 tag=192 flow_id=1180 at time=31882095
[FLOW_DEBUG] Initiating flow from node=14 to node=34 maxPacketCount=2621440 tag=192 flow_id=553 at time=31882095
[FLOW_DEBUG] Initiating flow from node=46 to node=34 maxPacketCount=2621440 tag=192 flow_id=1050 at time=31882095
[FLOW_DEBUG] Initiating flow from node=6 to node=34 maxPacketCount=2621440 tag=192 flow_id=429 at time=31882095
[FLOW_DEBUG] Initiating flow from node=38 to node=30 maxPacketCount=2621440 tag=192 flow_id=924 at time=31882095
[FLOW_DEBUG] Initiating flow from node=62 to node=28 maxPacketCount=2621440 tag=192 flow_id=1295 at time=31882095
[FLOW_DEBUG] Initiating flow from node=30 to node=44 maxPacketCount=2621440 tag=192 flow_id=806 at time=31882095
[FLOW_DEBUG] Initiating flow from node=54 to node=48 maxPacketCount=2621440 tag=192 flow_id=1181 at time=31882095
[FLOW_DEBUG] Initiating flow from node=46 to node=36 maxPacketCount=2621440 tag=192 flow_id=1051 at time=31882095
[FLOW_DEBUG] Initiating flow from node=[FLOW_DEBUG] Initiating flow from node=14 to node=36 maxPacketCount=2621440 tag=192 flow_id=554 at time=31882095
22 to node=34 maxPacketCount=2621440 tag=192 flow_id=677 at time=31882095
[FLOW_DEBUG] Initiating flow from node=6 to node=36 maxPacketCount=2621440 tag=192 flow_id=430 at time=31882095
[FLOW_DEBUG] Initiating flow from node=46 to node=38 maxPacketCount=2621440 tag=192 flow_id=1052 at time=31882095
[FLOW_DEBUG] Initiating flow from node=6 to node=38 maxPacketCount=2621440 tag=192 flow_id=431 at time=31882095
[FLOW_DEBUG] Initiating flow from node=54 to node=50 maxPacketCount=2621440 tag=192 flow_id=1182 at time=31882095
[FLOW_DEBUG] Initiating flow from node=22 to node=36 maxPacketCount=2621440 tag=192 flow_id=678 at time=31882095
[FLOW_DEBUG] Initiating flow from node=14 to node=38 maxPacketCount=2621440 tag=192 flow_id=555 at time=[FLOW_DEBUG] Initiating flow from node=30 to node=46 maxPacketCount=2621440 tag=192 flow_id=31882095807
 at time=31882095
[FLOW_DEBUG] Initiating flow from node=38 to node=32 maxPacketCount=2621440 tag=192 flow_id=925 at time=31882095
[FLOW_DEBUG] Initiating flow from node=62 to node=30 maxPacketCount=2621440 tag=192 flow_id=1296 at time=31882095
[FLOW_DEBUG] Initiating flow from node=6 to node=40 maxPacketCount=2621440 tag=192 flow_id=432 at time=31882095
[FLOW_DEBUG] Initiating flow from node=54 to node=52 maxPacketCount=2621440 tag=192 flow_id=1183 at time=31882095
[FLOW_DEBUG] Initiating flow from node=22 to node=38 maxPacketCount=2621440 tag=192 flow_id=679 at time=31882095
[FLOW_DEBUG] Initiating flow from node=46 to node=40 maxPacketCount=2621440 tag=192 flow_id=1053 at time=31882095
[FLOW_DEBUG] Initiating flow from node=30 to node=48 maxPacketCount=2621440 tag=192 flow_id=808 at time=31882095
[FLOW_DEBUG] Initiating flow from node=14 to node=40 maxPacketCount=2621440 tag=192 flow_id=556 at time=31882095
[FLOW_DEBUG] Initiating flow from node=62 to node=32 maxPacketCount=2621440 tag=192 flow_id=1297 at time=31882095
[FLOW_DEBUG] Initiating flow from node=30 to node=50 maxPacketCount=2621440 tag=192 flow_id=809 at time=31882095
[FLOW_DEBUG] Initiating flow from node=46 to node=42 maxPacketCount=2621440 tag=192 flow_id=1054 at time=31882095
[FLOW_DEBUG] Initiating flow from node=22 to node=40 maxPacketCount=2621440 tag=192 flow_id=680 at time=31882095
[FLOW_DEBUG] Initiating flow from node=14 to node=42 maxPacketCount=2621440 tag=192 flow_id=557 at time=31882095
[FLOW_DEBUG] Initiating flow from node=38 to node=34 maxPacketCount=2621440 tag=192 flow_id=926 at time=31882095
[FLOW_DEBUG] Initiating flow from node=54 to node=56 maxPacketCount=2621440 tag=192 flow_id=1184 at time=31882095
[FLOW_DEBUG] Initiating flow from node=22 to node=42 maxPacketCount=2621440 tag=192 flow_id=681 at time=31882095
[FLOW_DEBUG] Initiating flow from node=62 to node=34 maxPacketCount=2621440 tag=192 flow_id=1298 at time=31882095
[FLOW_DEBUG] Initiating flow from node=6 to node=42 maxPacketCount=2621440 tag=192 flow_id=433 at time=31882095
[FLOW_DEBUG] Initiating flow from node=30 to node=52 maxPacketCount=2621440 tag=192 flow_id=810 at time=31882095
[FLOW_DEBUG] Initiating flow from node=14 to node=44 maxPacketCount=2621440 tag=192 flow_id=558 at time=31882095
[FLOW_DEBUG] Initiating flow from node=46 to node=44 maxPacketCount=2621440 tag=192 flow_id=1055 at time=31882095
[FLOW_DEBUG] Initiating flow from node=14 to node=46 maxPacketCount=2621440 tag=192 flow_id=559 at time=31882095
[FLOW_DEBUG] Initiating flow from node=30 to node=54 maxPacketCount=2621440 tag=192 flow_id=811 at time=31882095
[FLOW_DEBUG] Initiating flow from node=62 to node=36 maxPacketCount=2621440 tag=192 flow_id=1299 at time=31882095
[FLOW_DEBUG] Initiating flow from node=54 to node=58 maxPacketCount=2621440 tag=192 flow_id=1185 at time=31882095
[FLOW_DEBUG] Initiating flow from node=22 to node=44 maxPacketCount=2621440 tag=192 flow_id=682 at time=31882095
[FLOW_DEBUG] Initiating flow from node=38 to node=36 maxPacketCount=2621440 tag=192 flow_id=927 at time=31882095
[FLOW_DEBUG] Initiating flow from node=6 to node=44 maxPacketCount=2621440 tag=192 flow_id=434 at time=31882095
[FLOW_DEBUG] Initiating flow from node=14 to node=48 maxPacketCount=2621440 tag=192 flow_id=560 at time=31882095
[FLOW_DEBUG] Initiating flow from node=62 to node=38 maxPacketCount=2621440 tag=192 flow_id=1300 at time=31882095
[FLOW_DEBUG] Initiating flow from node=30 to node=56 maxPacketCount=2621440 tag=192[FLOW_DEBUG] Initiating flow from node= flow_id=22 to node=81246[FLOW_DEBUG] Initiating flow from node=46 to node=48 maxPacketCount=2621440 tag=192 flow_id=1056 at time=31882095
[FLOW_DEBUG] Initiating flow from node=54 to node=60 maxPacketCount=2621440 tag=192 flow_id=1186 at time=31882095
 maxPacketCount=2621440 tag=192 flow_id=683 at time=31882095
 at time=31882095
[FLOW_DEBUG] Initiating flow from node=14 to node=50 maxPacketCount=2621440 tag=192 flow_id=561 at time=[FLOW_DEBUG] Initiating flow from node=62 to node=4031882095 maxPacketCount=
[FLOW_DEBUG] Initiating flow from node=38 to node=40 maxPacketCount=2621440 tag=192 flow_id=928 at time=31882095
2621440 tag=192 flow_id=1301 at time=[FLOW_DEBUG] Initiating flow from node=54 to node=62 maxPacketCount=2621440 tag=31882095192
 flow_id=1187 at time=31882095
[FLOW_DEBUG] Initiating flow from node=22 to node=48 maxPacketCount=2621440 tag=192 flow_id=684 at time=31882095
[FLOW_DEBUG] Initiating flow from node=46 to node=50 maxPacketCount=2621440 tag=192 flow_id=1057 at time=31882095
[FLOW_DEBUG] Initiating flow from node=6 to node=46 maxPacketCount=2621440 tag=192 flow_id=435 at time=31882095
[FLOW_DEBUG] Initiating flow from node=14 to node=52 maxPacketCount=2621440 tag=192 flow_id=562 at time=31882095
[FLOW_DEBUG] Initiating flow from node=55 to node=1 maxPacketCount=2621440 tag=192 flow_id=2149 at time=31882095
[FLOW_DEBUG] Initiating flow from node=22 to node=50 maxPacketCount=2621440 tag=192 flow_id=685 at time=31882095
[FLOW_DEBUG] Initiating flow from node=30 to node=58 maxPacketCount=2621440 tag=192 flow_id=813 at time=31882095
[FLOW_DEBUG] Initiating flow from node=46 to node=52 maxPacketCount=2621440 tag=192 flow_id=1058 at time=31882095
[FLOW_DEBUG] Initiating flow from node=38 to node=42 maxPacketCount=2621440 tag=192 flow_id=929 at time=31882095
[FLOW_DEBUG] Initiating flow from node=62 to node=42 maxPacketCount=2621440 tag=192 flow_id=1302 at time=31882095
[FLOW_DEBUG] Initiating flow from node=6 to node=48 maxPacketCount=2621440 tag=192 flow_id=436 at time=31882095
[FLOW_DEBUG] Initiating flow from node=55 to node=3 maxPacketCount=2621440 tag=192 flow_id=2150 at time=31882095
[FLOW_DEBUG] Initiating flow from node=14 to node=54 maxPacketCount=2621440 tag=192 flow_id=563 at time=31882095
[FLOW_DEBUG] Initiating flow from node=46 to node=54 maxPacketCount=2621440 tag=192 flow_id=1059 at time=31882095
[FLOW_DEBUG] Initiating flow from node=22 to node=52 maxPacketCount=2621440 tag=192 flow_id=686 at time=31882095
[FLOW_DEBUG] Initiating flow from node=30 to node=60 maxPacketCount=2621440 tag=192 flow_id=814 at time=31882095
[FLOW_DEBUG] Initiating flow from node=62 to node=44 maxPacketCount=2621440 tag=192 flow_id=1303 at time=31882095
[FLOW_DEBUG] Initiating flow from node=14 to node=56 maxPacketCount=2621440 tag=192 flow_id=564 at time=31882095
[FLOW_DEBUG] Initiating flow from node=55 to node=5 maxPacketCount=2621440 tag=192 flow_id=2151 at time=31882095
[FLOW_DEBUG] Initiating flow from node=46 to node=56 maxPacketCount=2621440 tag=192 flow_id=1060 at time=31882095
[FLOW_DEBUG] Initiating flow from node=38 to node=44 maxPacketCount=2621440 tag=192 flow_id=930 at time=31882095
[FLOW_DEBUG] Initiating flow from node=62 to node=46 maxPacketCount=2621440 tag=192 flow_id=1304 at time=31882095
[FLOW_DEBUG] Initiating flow from node=14 to node=58 maxPacketCount=2621440 tag=192 flow_id=565 at time=31882095
[FLOW_DEBUG] Initiating flow from node=22 to node=54 maxPacketCount=2621440 tag=192 flow_id=687 at time=31882095
[FLOW_DEBUG] Initiating flow from node=6 to node=50 maxPacketCount=2621440 tag=192 flow_id=437 at time=31882095
[FLOW_DEBUG] Initiating flow from node=55 to node=7 maxPacketCount=2621440 tag=192 flow_id=2152 at time=31882095
[FLOW_DEBUG] Initiating flow from node=30 to node=62 maxPacketCount=2621440 tag=192 flow_id=815 at time=31882095
[FLOW_DEBUG] Initiating flow from node=46 to node=58 maxPacketCount=2621440 tag=192 flow_id=1061 at time=31882095
[FLOW_DEBUG] Initiating flow from node=14 to node=60 maxPacketCount=2621440 tag=192 flow_id=566 at time=[FLOW_DEBUG] Initiating flow from node=3188209522 to node=56 maxPacketCount=
2621440 tag=192 flow_id=688 at time=31882095
[FLOW_DEBUG] Initiating flow from node=38 to node=46 maxPacketCount=2621440 tag=192 flow_id=931 at time=31882095
[FLOW_DEBUG] Initiating flow from node=55 to node=9 maxPacketCount=2621440 tag=192 flow_id=2153 at time=31882095
[FLOW_DEBUG] Initiating flow from node=6 to node=52 maxPacketCount=2621440 tag=192 flow_id=438 at time=31882095
[FLOW_DEBUG] Initiating flow from node=62 to node=48 maxPacketCount=2621440 tag=192 flow_id=1305 at time=31882095
[FLOW_DEBUG] Initiating flow from node=46 to node=60 maxPacketCount=2621440 tag=192 flow_id=1062 at time=31882095
[FLOW_DEBUG] Initiating flow from node=31 to node=1 maxPacketCount=2621440 tag=192 flow_id=1777 at time=31882095
[FLOW_DEBUG] Initiating flow from node=14 to node=62 maxPacketCount=2621440 tag=192 flow_id=567 at time=31882095
[FLOW_DEBUG] Initiating flow from node=55 to node=11 maxPacketCount=2621440 tag=192 flow_id=2154 at time=31882095
[FLOW_DEBUG] Initiating flow from node=6 to node=54 maxPacketCount=2621440 tag=192 flow_id=439 at time=[FLOW_DEBUG] Initiating flow from node=3188209546
 to node=62 maxPacketCount=2621440 tag=192 flow_id=1063 at time=31882095
[FLOW_DEBUG] Initiating flow from node=22 to node=58 maxPacketCount=2621440 tag=192 flow_id=689 at time=31882095
[FLOW_DEBUG] Initiating flow from node=38 to node=48 maxPacketCount=2621440 tag=192 flow_id=932 at time=31882095
[FLOW_DEBUG] Initiating flow from node=31 to node=3 maxPacketCount=2621440 tag=192 flow_id=1778 at time=31882095
[FLOW_DEBUG] Initiating flow from node=6 to node=56 maxPacketCount=2621440 tag=192 flow_id=440 at time=31882095
[FLOW_DEBUG] Initiating flow from node=47 to node=1 maxPacketCount=2621440 tag=192 flow_id=2025 at time=31882095
[FLOW_DEBUG] Initiating flow from node=62 to node=50 maxPacketCount=2621440 tag=192 flow_id=1306 at time=31882095
[FLOW_DEBUG] Initiating flow from node=15 to node=1 maxPacketCount=2621440 tag=192 flow_id=1529 at time=31882095
[FLOW_DEBUG] Initiating flow from node=38 to node=50 maxPacketCount=2621440 tag=192 flow_id=933 at time=31882095
[FLOW_DEBUG] Initiating flow from node=55 to node=13 maxPacketCount=2621440 tag=192 flow_id=2155 at time=31882095
[FLOW_DEBUG] Initiating flow from node=31 to node=5 maxPacketCount=2621440 tag=192 flow_id=1779 at time=31882095
[FLOW_DEBUG] Initiating flow from node=6 to node=58 maxPacketCount=2621440 tag=192 flow_id=441 at time=31882095
[FLOW_DEBUG] Initiating flow from node=22 to node=60 maxPacketCount=2621440 tag=192 flow_id=690 at time=31882095
[FLOW_DEBUG] Initiating flow from node=47 to node=3 maxPacketCount=2621440 tag=192 flow_id=2026 at time=[FLOW_DEBUG] Initiating flow from node=38 to node=3188209552
 maxPacketCount=2621440 tag=192 flow_id=934 at time=31882095
[FLOW_DEBUG] Initiating flow from node=15 to node=3 maxPacketCount=2621440 tag=192 flow_id=1530 at time=31882095
[FLOW_DEBUG] Initiating flow from node=62 to node=52 maxPacketCount=2621440 tag=192 flow_id=1307 at time=31882095
[FLOW_DEBUG] Initiating flow from node=55 to node=15 maxPacketCount=2621440 tag=192 flow_id=2156 at time=31882095
[FLOW_DEBUG] Initiating flow from node=31 to node=7 maxPacketCount=2621440 tag=192 flow_id=1780 at time=31882095
[FLOW_DEBUG] Initiating flow from node=6 to node=60 maxPacketCount=2621440 tag=192 flow_id=442 at time=31882095
[FLOW_DEBUG] Initiating flow from node=47 to node=5 maxPacketCount=2621440 tag=192 flow_id=2027 at time=31882095
[FLOW_DEBUG] Initiating flow from node=[FLOW_DEBUG] Initiating flow from node=6 to node=62 maxPacketCount=2621440 tag=192 flow_id=443 at time=31882095[FLOW_DEBUG] Initiating flow from node=
[FLOW_DEBUG] Initiating flow from node=22 to node=62 maxPacketCount=2621440 tag=192 flow_id=691 at time=31882095
[FLOW_DEBUG] Initiating flow from node=55 to node=17 maxPacketCount=2621440 tag=192 flow_id=2157 at time=31882095
31 to node=9 maxPacketCount=2621440 tag=192 flow_id=1781 at time=31882095
[FLOW_DEBUG] Initiating flow from node=15 to node=5 maxPacketCount=2621440 tag=192 flow_id=1531 at time=31882095
[FLOW_DEBUG] Initiating flow from node=62 to node=54 maxPacketCount=2621440 tag=192 flow_id=1308 at time=31882095
38 to node=54 maxPacketCount=2621440 tag=192 flow_id=935 at time=31882095
[FLOW_DEBUG] Initiating flow from node=23 to node=1 maxPacketCount=2621440 tag=192 flow_id=1653 at time=31882095
[FLOW_DEBUG] Initiating flow from node=7 to node=1 maxPacketCount=2621440 tag=192 flow_id=1405 at time=31882095
[FLOW_DEBUG] Initiating flow from node=31 to node=11 maxPacketCount=2621440 tag=192 flow_id=1782 at time=31882095
[FLOW_DEBUG] Initiating flow from node=15 to node=7 maxPacketCount=2621440 tag=192 flow_id=1532 at time=31882095
[FLOW_DEBUG] Initiating flow from node=38 to node=56 maxPacketCount=2621440 tag=192 flow_id=936 at time=31882095
[FLOW_DEBUG] Initiating flow from node=62 to node=56 maxPacketCount=2621440 tag=192 flow_id=1309 at time=31882095
[FLOW_DEBUG] Initiating flow from node=47 to node=7 maxPacketCount=2621440 tag=192 flow_id=2028 at time=31882095
[FLOW_DEBUG] Initiating flow from node=55 to node=19 maxPacketCount=2621440 tag=192 flow_id=2158 at time=31882095
[FLOW_DEBUG] Initiating flow from node=7 to node=3 maxPacketCount=2621440 tag=192 flow_id=1406 at time=31882095
[FLOW_DEBUG] Initiating flow from node=23 to node=3 maxPacketCount=2621440 tag=192 flow_id=1654 at time=31882095
[FLOW_DEBUG] Initiating flow from node=[FLOW_DEBUG] Initiating flow from node=55 to node=21 maxPacketCount=2621440 tag=192 flow_id=2159 at time=15 to node=9 maxPacketCount=318820952621440 tag=
192 flow_id=1533 at time=31882095
[FLOW_DEBUG] Initiating flow from node=31 to node=13 maxPacketCount=2621440 tag=192 flow_id=1783 at time=31882095
[FLOW_DEBUG] Initiating flow from node=47 to node=9 maxPacketCount=2621440 tag=192 flow_id=2029 at time=[FLOW_DEBUG] Initiating flow from node=31882095
38 to node=58 maxPacketCount=2621440 tag=192 flow_id=937 at time=31882095
[FLOW_DEBUG] Initiating flow from node=62 to node=58 maxPacketCount=2621440 tag=192 flow_id=1310 at time=31882095
[FLOW_DEBUG] Initiating flow from node=7 to node=5 maxPacketCount=2621440 tag=192 flow_id=1407 at time=31882095
[FLOW_DEBUG] Initiating flow from node=38 to node=60 maxPacketCount=2621440 tag=192 flow_id=938 at time=31882095
[FLOW_DEBUG] Initiating flow from node=31 to node=15 maxPacketCount=2621440 tag=192 flow_id=1784 at time=31882095
[FLOW_DEBUG] Initiating flow from node=15 to node=11 maxPacketCount=2621440 tag=192 flow_id=1534 at time=31882095
[FLOW_DEBUG] Initiating flow from node=23 to node=5 maxPacketCount=2621440 tag=192 flow_id=1655 at time=31882095
[FLOW_DEBUG] Initiating flow from node=55 to node=23 maxPacketCount=2621440 tag=192 flow_id=2160 at time=31882095
[FLOW_DEBUG] Initiating flow from node=47 to node=11 maxPacketCount=2621440 tag=192 flow_id=2030 at time=31882095
[FLOW_DEBUG] Initiating flow from node=7 to node=9 maxPacketCount=2621440 tag=192 flow_id=1408 at time=[FLOW_DEBUG] Initiating flow from node=3188209531 to node=17 maxPacketCount=
2621440[FLOW_DEBUG] Initiating flow from node=15 to node=13 maxPacketCount=2621440 tag=192 flow_id=1535 at time=31882095
 tag=192 flow_id=1785 at time=31882095
[FLOW_DEBUG] Initiating flow from node=23 to node=7 maxPacketCount=2621440 tag=192 flow_id=1656 at time=31882095
[FLOW_DEBUG] Initiating flow from node=38 to node=62 maxPacketCount=2621440 tag=192 flow_id=939 at time=31882095
[FLOW_DEBUG] Initiating flow from node=62 to node=60 maxPacketCount=2621440 tag=192 flow_id=1311 at time=31882095
[FLOW_DEBUG] Initiating flow from node=47 to node=13 maxPacketCount=2621440 tag=192 flow_id=2031 at time=[FLOW_DEBUG] Initiating flow from node=31882095
[FLOW_DEBUG] Initiating flow from node=7 to node=11 maxPacketCount=2621440 tag=192 flow_id=1409 at time=31882095
[FLOW_DEBUG] Initiating flow from node=31 to node=19 maxPacketCount=2621440 tag=192 flow_id=1786 at time=31882095
[FLOW_DEBUG] Initiating flow from node=23 to node=9 maxPacketCount=2621440 tag=192 flow_id=1657 at time=31882095
55 to node=25 maxPacketCount=2621440 tag=192 flow_id=2161 at time=31882095
[FLOW_DEBUG] Initiating flow from node=15 to node=17 maxPacketCount=2621440 tag=192 flow_id=1536 at time=31882095
[FLOW_DEBUG] Initiating flow from node=39 to node=1 maxPacketCount=2621440 tag=192 flow_id=1901 at time=[FLOW_DEBUG] Initiating flow from node=63 to node=1 maxPacketCount=2621440 tag=192 flow_id=2273 at time=31882095
31882095
[FLOW_DEBUG] Initiating flow from node=47 to node=15 maxPacketCount=2621440 tag=192 flow_id=2032 at time=31882095
[FLOW_DEBUG] Initiating flow from node=7 to node=13 maxPacketCount=2621440 tag=192 flow_id=1410 at time=31882095
[FLOW_DEBUG] Initiating flow from node=31 to node=21 maxPacketCount=2621440 tag=192 flow_id=1787 at time=31882095
[FLOW_DEBUG] Initiating flow from node=23 to node=11 maxPacketCount=2621440 tag=192 flow_id=1658 at time=31882095
[FLOW_DEBUG] Initiating flow from node=63 to node=3 maxPacketCount=2621440 tag=192 flow_id=2274 at time=31882095
[FLOW_DEBUG] Initiating flow from node=47 to node=17 maxPacketCount=2621440 tag=192 flow_id=2033 at time=31882095
[FLOW_DEBUG] Initiating flow from node=7 to node=15 maxPacketCount=2621440 tag=192 flow_id=1411 at time=31882095
[FLOW_DEBUG] Initiating flow from node=55 to node=27 maxPacketCount=2621440 tag=192 flow_id=2162 at time=[FLOW_DEBUG] Initiating flow from node=31882095
[FLOW_DEBUG] Initiating flow from node=31 to node=23 maxPacketCount=2621440 tag=192 flow_id=1788 at time=31882095
15 to node=19 maxPacketCount=2621440 tag=192 flow_id=1537 at time=31882095
[FLOW_DEBUG] Initiating flow from node=63 to node=5 maxPacketCount=2621440 tag=192 flow_id=2275 at time=31882095
[FLOW_DEBUG] Initiating flow from node=23 to node=13 maxPacketCount=2621440 tag=192 flow_id=1659 at time=31882095
[FLOW_DEBUG] Initiating flow from node=39 to node=3 maxPacketCount=2621440 tag=192 flow_id=1902 at time=31882095
[FLOW_DEBUG] Initiating flow from node=63 to node=7 maxPacketCount=2621440 tag=192 flow_id=2276 at time=31882095
[FLOW_DEBUG] Initiating flow from node=47 to node=19 maxPacketCount=[FLOW_DEBUG] Initiating flow from node=2621440 tag=192 flow_id=2034 at time=31882095
[FLOW_DEBUG] Initiating flow from node=7 to node=17 maxPacketCount=2621440 tag=192 flow_id=1412 at time=31882095
31 to node=25 maxPacketCount=2621440 tag=192 flow_id=1789 at time=31882095
[FLOW_DEBUG] Initiating flow from node=23 to node=15 maxPacketCount=2621440 tag=192 flow_id=1660 at time=31882095
[FLOW_DEBUG] Initiating flow from node=55 to node=29 maxPacketCount=2621440 tag=192 flow_id=2163 at time=31882095
[FLOW_DEBUG] Initiating flow from node=31 to node=27 maxPacketCount=2621440 tag=192 flow_id=1790 at time=31882095
[FLOW_DEBUG] Initiating flow from node=63 to node=9 maxPacketCount=2621440 tag=192 flow_id=2277 at time=31882095
[FLOW_DEBUG] Initiating flow from node=23 to node=17 maxPacketCount=2621440 tag=192 flow_id=1661 at time=31882095
[FLOW_DEBUG] Initiating flow from node=15 to node=21 maxPacketCount=2621440 tag=192 flow_id=1538 at time=31882095
[FLOW_DEBUG] Initiating flow from node=55 to node=31 maxPacketCount=2621440 tag=192 flow_id=2164 at time=31882095
[FLOW_DEBUG] Initiating flow from node=47 to node=21 maxPacketCount=2621440 tag=192 flow_id=2035 at time=31882095
[FLOW_DEBUG] Initiating flow from node=39 to node=5 maxPacketCount=2621440 tag=192 flow_id=1903 at time=31882095
[FLOW_DEBUG] Initiating flow from node=7 to node=19 maxPacketCount=2621440 tag=192 flow_id=1413 at time=31882095
[FLOW_DEBUG] Initiating flow from node=31 to node=29 maxPacketCount=2621440 tag=192 flow_id=1791 at time=31882095
[FLOW_DEBUG] Initiating flow from node=23 to node=19 maxPacketCount=2621440 tag=192 flow_id=1662 at time=31882095
[FLOW_DEBUG] Initiating flow from node=55 to node=33 maxPacketCount=2621440 tag=192 flow_id=2165 at time=31882095
[FLOW_DEBUG] Initiating flow from node=39 to node=7 maxPacketCount=2621440 tag=192 flow_id=1904 at time=31882095
[FLOW_DEBUG] Initiating flow from node=31 to node=33 maxPacketCount=2621440 tag=192 flow_id=1792 at time=31882095
[FLOW_DEBUG] Initiating flow from node=15 to node=23 maxPacketCount=2621440 tag=192 flow_id=1539 at time=31882095
[FLOW_DEBUG] Initiating flow from node=23 to node=21 maxPacketCount=2621440 tag=192 flow_id=1663 at time=31882095
[FLOW_DEBUG] Initiating flow from node=47 to node=23 maxPacketCount=2621440 tag=192 flow_id=2036 at time=31882095
[FLOW_DEBUG] Initiating flow from node=39 to node=9 maxPacketCount=2621440 tag=192 flow_id=1905 at time=31882095
[FLOW_DEBUG] Initiating flow from node=55 to node=35 maxPacketCount=2621440 tag=192 flow_id=2166 at time=31882095
[FLOW_DEBUG] Initiating flow from node=7 to node=21 maxPacketCount=2621440 tag=192 flow_id=1414 at time=31882095
[FLOW_DEBUG] Initiating flow from node=23 to node=25 maxPacketCount=2621440 tag=192 flow_id=1664 at time=31882095
[FLOW_DEBUG] Initiating flow from node=31 to node=35 maxPacketCount=2621440 tag=192 flow_id=1793 at time=31882095
[FLOW_DEBUG] Initiating flow from node=47 to node=25 maxPacketCount=2621440 tag=192 flow_id=2037 at time=31882095
[FLOW_DEBUG] Initiating flow from node=15 to node=25 maxPacketCount=2621440 tag=192 flow_id=1540 at time=31882095
[FLOW_DEBUG] Initiating flow from node=23 to node=27 maxPacketCount=2621440 tag=192 flow_id=1665 at time=31882095
[FLOW_DEBUG] Initiating flow from node=55 to node=37 maxPacketCount=2621440 tag=192 flow_id=2167 at time=31882095
[FLOW_DEBUG] Initiating flow from node=39 to node=11 maxPacketCount=2621440 tag=192 flow_id=1906 at time=31882095
[FLOW_DEBUG] Initiating flow from node=7 to node=23 maxPacketCount=2621440 tag=192 flow_id=1415 at time=31882095
[FLOW_DEBUG] Initiating flow from node=31 to node=37 maxPacketCount=2621440 tag=192 flow_id=1794 at time=31882095
[FLOW_DEBUG] Initiating flow from node=47 to node=27 maxPacketCount=2621440 tag=192 flow_id=2038 at time=31882095
[FLOW_DEBUG] Initiating flow from node=23 to node=29 maxPacketCount=2621440 tag=192 flow_id=1666 at time=31882095
[FLOW_DEBUG] Initiating flow from node=55 to node=39 maxPacketCount=2621440 tag=192 flow_id=2168 at time=31882095
[FLOW_DEBUG] Initiating flow from node=47 to node=29 maxPacketCount=2621440 tag=192 flow_id=2039 at time=31882095
[FLOW_DEBUG] Initiating flow from node=23 to node=31 maxPacketCount=2621440 tag=192 flow_id=1667 at time=31882095
[FLOW_DEBUG] Initiating flow from node=7 to node=25 maxPacketCount=2621440 tag=192 flow_id=1416 at time=31882095
[FLOW_DEBUG] Initiating flow from node=15 to node=27 maxPacketCount=2621440 tag=192 flow_id=1541 at time=31882095
[FLOW_DEBUG] Initiating flow from node=31 to node=39 maxPacketCount=2621440 tag=192 flow_id=1795 at time=31882095
[FLOW_DEBUG] Initiating flow from node=47 to node=31 maxPacketCount=2621440 tag=192 flow_id=2040 at time=31882095
[FLOW_DEBUG] Initiating flow from node=39 to node=13 maxPacketCount=2621440 tag=192 flow_id=1907 at time=31882095[FLOW_DEBUG] Initiating flow from node=55 to node=41 maxPacketCount=2621440 tag=192 flow_id=2169 at time=31882095

[FLOW_DEBUG] Initiating flow from node=7 to node=27 maxPacketCount=2621440 tag=192 flow_id=1417 at time=31882095
[FLOW_DEBUG] Initiating flow from node=47 to node=33 maxPacketCount=2621440 tag=192 flow_id=2041 at time=31882095
[FLOW_DEBUG] Initiating flow from node=31 to node=41 maxPacketCount=2621440 tag=192 flow_id=1796 at time=31882095
[FLOW_DEBUG] Initiating flow from node=39 to node=15 maxPacketCount=2621440 tag=192 flow_id=1908 at time=31882095
[FLOW_DEBUG] Initiating flow from node=55 to node=43 maxPacketCount=2621440 tag=192 flow_id=2170 at time=31882095
[FLOW_DEBUG] Initiating flow from node=23 to node=33 maxPacketCount=2621440 tag=192 flow_id=1668 at time=31882095
[FLOW_DEBUG] Initiating flow from node=15 to node=29 maxPacketCount=2621440 tag=192 flow_id=1542 at time=31882095
[FLOW_DEBUG] Initiating flow from node=47 to node=35 maxPacketCount=2621440 tag=192 flow_id=2042 at time=31882095
[FLOW_DEBUG] Initiating flow from node=31 to node=43 maxPacketCount=2621440 tag=192 flow_id=1797 at time=31882095
[FLOW_DEBUG] Initiating flow from node=15 to node=31 maxPacketCount=2621440 tag=192 flow_id=1543 at time=31882095
[FLOW_DEBUG] Initiating flow from node=23 to node=35 maxPacketCount=2621440 tag=192 flow_id=1669 at time=31882095
[FLOW_DEBUG] Initiating flow from node=55 to node=45 maxPacketCount=2621440 tag=192 flow_id=2171 at time=31882095
[FLOW_DEBUG] Initiating flow from node=39 to node=17 maxPacketCount=2621440 tag=192 flow_id=1909 at time=31882095
[FLOW_DEBUG] Initiating flow from node=47 to node=37 maxPacketCount=2621440 tag=192 flow_id=2043 at time=[FLOW_DEBUG] Initiating flow from node=3188209515 to node=33
 maxPacketCount=2621440 tag=192 flow_id=1544 at time=31882095
[FLOW_DEBUG] Initiating flow from node=7 to node=29 maxPacketCount=2621440 tag=192 flow_id=1418 at time=31882095
[FLOW_DEBUG] Initiating flow from node=31 to node=45 maxPacketCount=2621440 tag=192 flow_id=1798 at time=31882095
[FLOW_DEBUG] Initiating flow from node=23 to node=37 maxPacketCount=2621440 tag=192 flow_id=1670 at time=31882095
[FLOW_DEBUG] Initiating flow from node=55 to node=[FLOW_DEBUG] Initiating flow from node=4747 to node=39 maxPacketCount=2621440 maxPacketCount=2621440 tag=192 tag=192 flow_id=2044 at time= flow_id=31882095
2172 at time=[FLOW_DEBUG] Initiating flow from node=31882095
[FLOW_DEBUG] Initiating flow from node=15 to node=35 maxPacketCount=2621440 tag=192 flow_id=1545 at time=31882095
63 to node=11 maxPacketCount=2621440 tag=192 flow_id=2278 at time=31882095
[FLOW_DEBUG] Initiating flow from node=7 to node=31 maxPacketCount=2621440 tag=192 flow_id=1419 at time=31882095
[FLOW_DEBUG] Initiating flow from node=23 to node=39 maxPacketCount=2621440 tag=192 flow_id=1671 at time=31882095
[FLOW_DEBUG] Initiating flow from node=39 to node=19 maxPacketCount=2621440 tag=192 flow_id=1910 at time=31882095
[FLOW_DEBUG] Initiating flow from node=55 to node=49 maxPacketCount=2621440 tag=192 flow_id=2173 at time=31882095
[FLOW_DEBUG] Initiating flow from node=47 to node=41 maxPacketCount=2621440 tag=192 flow_id=2045 at time=31882095
[FLOW_DEBUG] Initiating flow from node=7 to node=33 maxPacketCount=2621440 tag=192 flow_id=1420 at time=31882095
[FLOW_DEBUG] Initiating flow from node=15 to node=37 maxPacketCount=2621440 tag=192 flow_id=1546 at time=31882095
[FLOW_DEBUG] Initiating flow from node=31 to node=47 maxPacketCount=2621440 tag=192 flow_id=1799 at time=31882095
[FLOW_DEBUG] Initiating flow from node=63 to node=13 maxPacketCount=2621440 tag=192 flow_id=2279 at time=31882095
[FLOW_DEBUG] Initiating flow from node=23 to node=41 maxPacketCount=2621440 tag=192 flow_id=1672 at time=31882095
[FLOW_DEBUG] Initiating flow from node=55 to node=51 maxPacketCount=2621440 tag=192 flow_id=2174 at time=31882095
[FLOW_DEBUG] Initiating flow from node=39 to node=21 maxPacketCount=2621440 tag=192 flow_id=1911 at time=31882095
[FLOW_DEBUG] Initiating flow from node=7 to node=35 maxPacketCount=2621440 tag=192 flow_id=1421 at time=31882095
[FLOW_DEBUG] Initiating flow from node=47 to node=43 maxPacketCount=2621440 tag=192 flow_id=2046 at time=31882095
[FLOW_DEBUG] Initiating flow from node=63 to node=15 maxPacketCount=2621440 tag=192 flow_id=2280 at time=31882095
[FLOW_DEBUG] Initiating flow from node=31 to node=49 maxPacketCount=2621440 tag=192 flow_id=1800 at time=31882095
[FLOW_DEBUG] Initiating flow from node=15 to node=39 maxPacketCount=2621440 tag=192 flow_id=1547 at time=31882095
[FLOW_DEBUG] Initiating flow from node=39 to node=23 maxPacketCount=2621440 tag=192 flow_id=1912 at time=31882095
[FLOW_DEBUG] Initiating flow from node=55 to node=53 maxPacketCount=2621440 tag=192 flow_id=2175 at time=31882095
[FLOW_DEBUG] Initiating flow from node=23 to node=43 maxPacketCount=2621440 tag=192 flow_id=1673 at time=31882095
[FLOW_DEBUG] Initiating flow from node=7 to node=37 maxPacketCount=2621440 tag=192 flow_id=1422 at time=31882095
[FLOW_DEBUG] Initiating flow from node=47 to node=45 maxPacketCount=2621440 tag=192 flow_id=2047 at time=31882095
[FLOW_DEBUG] Initiating flow from node=63 to node=17 maxPacketCount=2621440 tag=192 flow_id=2281 at time=31882095
[FLOW_DEBUG] Initiating flow from node=31 to node=51 maxPacketCount=2621440 tag=192 flow_id=1801 at time=31882095
[FLOW_DEBUG] Initiating flow from node=39 to node=25 maxPacketCount=2621440 tag=192 flow_id=1913 at time=31882095
[FLOW_DEBUG] Initiating flow from node=15 to node=41 maxPacketCount=2621440 tag=192 flow_id=1548 at time=31882095
[FLOW_DEBUG] Initiating flow from node=55 to node=57 maxPacketCount=2621440 tag=192 flow_id=2176 at time=31882095
[FLOW_DEBUG] Initiating flow from node=23 to node=45 maxPacketCount=2621440 tag=192 flow_id=1674 at time=31882095
[FLOW_DEBUG] Initiating flow from node=63 to node=19 maxPacketCount=2621440 tag=192 flow_id=2282 at time=31882095
[FLOW_DEBUG] Initiating flow from node=7 to node=39 maxPacketCount=2621440 tag=192 flow_id=1423 at time=31882095
[FLOW_DEBUG] Initiating flow from node=47 to node=49 maxPacketCount=2621440 tag=192 flow_id=2048 at time=31882095
[FLOW_DEBUG] Initiating flow from node=39 to node=27 maxPacketCount=2621440 tag=192 flow_id=1914 at time=31882095
[FLOW_DEBUG] Initiating flow from node=15 to node=43 maxPacketCount=2621440 tag=192 flow_id=1549 at time=31882095
[FLOW_DEBUG] Initiating flow from node=31 to node=53 maxPacketCount=2621440 tag=192 flow_id=1802 at time=31882095
[FLOW_DEBUG] Initiating flow from node=55 to node=59 maxPacketCount=2621440 tag=192 flow_id=2177 at time=31882095
[FLOW_DEBUG] Initiating flow from node=7 to node=41 maxPacketCount=2621440 tag=192 flow_id=1424 at time=31882095
[FLOW_DEBUG] Initiating flow from node=23 to node=47 maxPacketCount=2621440 tag=192 flow_id=1675 at time=31882095
[FLOW_DEBUG] Initiating flow from node=47 to node=51 maxPacketCount=2621440 tag=192 flow_id=2049 at time=31882095
[FLOW_DEBUG] Initiating flow from node=39 to node=29 maxPacketCount=2621440 tag=192 flow_id=1915 at time=31882095
[FLOW_DEBUG] Initiating flow from node=63 to node=21 maxPacketCount=2621440 tag=[FLOW_DEBUG] Initiating flow from node=55 to node=61 maxPacketCount=2621440 tag=192 flow_id=2178 at time=31882095
192 flow_id=2283 at time=31882095
[FLOW_DEBUG] Initiating flow from node=15 to node=45 maxPacketCount=2621440 tag=192 flow_id=1550 at time=31882095
[FLOW_DEBUG] Initiating flow from node=31 to node=55 maxPacketCount=2621440 tag=192 flow_id=1803 at time=31882095
[FLOW_DEBUG] Initiating flow from node=47 to node=53 maxPacketCount=2621440 tag=192 flow_id=2050 at time=31882095
[FLOW_DEBUG] Initiating flow from node=7 to node=43 maxPacketCount=2621440 tag=192 flow_id=1425 at time=31882095
[FLOW_DEBUG] Initiating flow from node=39 to node=31 maxPacketCount=2621440 tag=192 flow_id=1916 at time=31882095
[FLOW_DEBUG] Initiating flow from node=63 to node=23 maxPacketCount=2621440 tag=192 flow_id=2284 at time=31882095
[FLOW_DEBUG] Initiating flow from node=15 to node=47 maxPacketCount=2621440 tag=192 flow_id=1551 at time=31882095
[FLOW_DEBUG] Initiating flow from node=55 to node=63 maxPacketCount=2621440 tag=192 flow_id=2179 at time=31882095
[FLOW_DEBUG] Initiating flow from node=23 to node=49 maxPacketCount=2621440 tag=192 flow_id=1676 at time=31882095
[FLOW_DEBUG] Initiating flow from node=47 to node=55 maxPacketCount=2621440 tag=192 flow_id=2051 at time=31882095
[FLOW_DEBUG] Initiating flow from node=15 to node=49 maxPacketCount=2621440 tag=192 flow_id=1552 at time=31882095
[FLOW_DEBUG] Initiating flow from node=63 to node=25 maxPacketCount=2621440 tag=192 flow_id=2285 at time=31882095
[FLOW_DEBUG] Initiating flow from node=7 to node=45 maxPacketCount=2621440 tag=192 flow_id=1426 at time=31882095
[FLOW_DEBUG] Initiating flow from node=39 to node=33 maxPacketCount=2621440 tag=192 flow_id=1917 at time=31882095
[FLOW_DEBUG] Initiating flow from node=31 to node=57 maxPacketCount=2621440 tag=192 flow_id=1804 at time=31882095
[FLOW_DEBUG] Initiating flow from node=47 to node=57 maxPacketCount=2621440 tag=192 flow_id=2052 at time=31882095
[FLOW_DEBUG] Initiating flow from node=63 to node=27 maxPacketCount=2621440 tag=192 flow_id=2286 at time=31882095
[FLOW_DEBUG] Initiating flow from node=7 to node=47 maxPacketCount=2621440 tag=192 flow_id=1427 at time=31882095
[FLOW_DEBUG] Initiating flow from node=39 to node=35 maxPacketCount=2621440 tag=192 flow_id=1918 at time=31882095
[FLOW_DEBUG] Initiating flow from node=15 to node=51 maxPacketCount=2621440 tag=192 flow_id=1553 at time=31882095
[FLOW_DEBUG] Initiating flow from node=52 to node=0 maxPacketCount=2621440 tag=192 flow_id=1126 at time=31882095
[FLOW_DEBUG] Initiating flow from node=31 to node=59 maxPacketCount=2621440 tag=192 flow_id=1805 at time=31882095
[FLOW_DEBUG] Initiating flow from node=7 to node=49 maxPacketCount=2621440 tag=192 flow_id=1428 at time=31882095
[FLOW_DEBUG] Initiating flow from node=39 to node=37 maxPacketCount=2621440 tag=192 flow_id=1919 at time=31882095
[FLOW_DEBUG] Initiating flow from node=47 to node=59 maxPacketCount=2621440 tag=192 flow_id=2053 at time=31882095
[FLOW_DEBUG] Initiating flow from node=63 to node=29 maxPacketCount=2621440 tag=192 flow_id=2287 at time=31882095
[FLOW_DEBUG] Initiating flow from node=52 to node=2 maxPacketCount=2621440 tag=192 flow_id=1127 at time=31882095
[FLOW_DEBUG] Initiating flow from node=15 to node=53 maxPacketCount=2621440 tag=192 flow_id=1554 at time=31882095
[FLOW_DEBUG] Initiating flow from node=39 to node=41 maxPacketCount=2621440 tag=192 flow_id=1920 at time=31882095
[FLOW_DEBUG] Initiating flow from node=47 to node=61 maxPacketCount=2621440 tag=192 flow_id=2054 at time=31882095
[FLOW_DEBUG] Initiating flow from node=7 to node=51 maxPacketCount=2621440 tag=192 flow_id=1429 at time=31882095
[FLOW_DEBUG] Initiating flow from node=63 to node=31 maxPacketCount=2621440 tag=192 flow_id=2288 at time=31882095
[FLOW_DEBUG] Initiating flow from node=23 to node=51 maxPacketCount=2621440 tag=192 flow_id=1677 at time=31882095
[FLOW_DEBUG] Initiating flow from node=31 to node=61 maxPacketCount=2621440 tag=192 flow_id=1806 at time=31882095
[FLOW_DEBUG] Initiating flow from node=39 to node=43 maxPacketCount=2621440 tag=192 flow_id=1921 at time=31882095
[FLOW_DEBUG] Initiating flow from node=15 to node=55 maxPacketCount=2621440 tag=192 flow_id=1555 at time=31882095
[FLOW_DEBUG] Initiating flow from node=52 to node=4 maxPacketCount=2621440 tag=192 flow_id=1128 at time=31882095
[FLOW_DEBUG] Initiating flow from node=47 to node=63 maxPacketCount=2621440 tag=192 flow_id=2055 at time=31882095
[FLOW_DEBUG] Initiating flow from node=7 to node=53 maxPacketCount=2621440 tag=192 flow_id=1430 at time=31882095
[FLOW_DEBUG] Initiating flow from node=23 to node=53 maxPacketCount=2621440 tag=192 flow_id=1678 at time=31882095
[FLOW_DEBUG] Initiating flow from node=63 to node=33 maxPacketCount=2621440 tag=192 flow_id=2289 at time=31882095
[FLOW_DEBUG] Initiating flow from node=31 to node=63 maxPacketCount=2621440 tag=192 flow_id=1807 at time=31882095
[FLOW_DEBUG] Initiating flow from node=39 to node=45 maxPacketCount=2621440 tag=192 flow_id=1922 at time=31882095
[FLOW_DEBUG] Initiating flow from node=15 to node=57 maxPacketCount=2621440 tag=192 flow_id=1556 at time=31882095
[FLOW_DEBUG] Initiating flow from node=44 to node=0 maxPacketCount=2621440 tag=192 flow_id=1002 at time=31882095
[FLOW_DEBUG] Initiating flow from node=23 to node=55 maxPacketCount=2621440 tag=192 flow_id=1679 at time=31882095
[FLOW_DEBUG] Initiating flow from node=63 to node=35 maxPacketCount=2621440 tag=192 flow_id=2290 at time=31882095
[FLOW_DEBUG] Initiating flow from node=39 to node=47 maxPacketCount=2621440 tag=192 flow_id=1923 at time=31882095
[FLOW_DEBUG] Initiating flow from node=28 to node=0 maxPacketCount=2621440 tag=192 flow_id=754 at time=31882095
[FLOW_DEBUG] Initiating flow from node=15 to node=59 maxPacketCount=2621440 tag=192 flow_id=1557 at time=31882095
[FLOW_DEBUG] Initiating flow from node=7 to node=55 maxPacketCount=2621440 tag=192 flow_id=1431 at time=31882095
[FLOW_DEBUG] Initiating flow from node=52 to node=6 maxPacketCount=2621440 tag=192 flow_id=1129 at time=31882095
[FLOW_DEBUG] Initiating flow from node=63 to node=37 maxPacketCount=2621440 tag=192 flow_id=2291 at time=31882095
[FLOW_DEBUG] Initiating flow from node=44 to node=2 maxPacketCount=2621440 tag=192 flow_id=1003 at time=31882095
[FLOW_DEBUG] Initiating flow from node=23 to node=57 maxPacketCount=2621440 tag=192 flow_id=1680 at time=31882095
[FLOW_DEBUG] Initiating flow from node=39[FLOW_DEBUG] Initiating flow from node= to node=49 maxPacketCount=2621440 tag=19215 flow_id= to node=1924 at time=61 maxPacketCount=2621440 tag=31882095192 flow_id=1558 at time=
31882095
[FLOW_DEBUG] Initiating flow from node=28 to node=2 maxPacketCount=2621440 tag=192 flow_id=755 at time=31882095
[FLOW_DEBUG] Initiating flow from node=7 to node=57 maxPacketCount=2621440 tag=192 flow_id=1432 at time=31882095
[FLOW_DEBUG] Initiating flow from node=63 to node=39 maxPacketCount=2621440 tag=192 flow_id=2292 at time=31882095
[FLOW_DEBUG] Initiating flow from node=15 to node=63 maxPacketCount=2621440 tag=192 flow_id=1559 at time=31882095
[FLOW_DEBUG] Initiating flow from node=23 to node=59 maxPacketCount=2621440 tag=192 flow_id=1681 at time=31882095
[FLOW_DEBUG] Initiating flow from node=52 to node=8 maxPacketCount=2621440 tag=192 flow_id=1130 at time=31882095
[FLOW_DEBUG] Initiating flow from node=39 to node=51 maxPacketCount=2621440 tag=192 flow_id=1925 at time=31882095
[FLOW_DEBUG] Initiating flow from node=7 to node=59 maxPacketCount=2621440 tag=192 flow_id=1433 at time=31882095
[FLOW_DEBUG] Initiating flow from node=28 to node=4 maxPacketCount=2621440 tag=192 flow_id=756 at time=31882095
[FLOW_DEBUG] Initiating flow from node=44 to node=4 maxPacketCount=2621440 tag=192 flow_id=1004 at time=31882095
[FLOW_DEBUG] Initiating flow from node=63 to node=41 maxPacketCount=2621440 tag=192 flow_id=2293 at time=31882095
[FLOW_DEBUG] Initiating flow from node=39 to node=53 maxPacketCount=2621440 tag=192 flow_id=1926 at time=31882095
[FLOW_DEBUG] Initiating flow from node=23 to node=61 maxPacketCount=2621440 tag=192 flow_id=1682 at time=31882095
[FLOW_DEBUG] Initiating flow from node=52 to node=10 maxPacketCount=2621440 tag=192 flow_id=1131 at time=31882095
[FLOW_DEBUG] Initiating flow from node=7 to node=61 maxPacketCount=2621440 tag=192 flow_id=1434 at time=31882095
[FLOW_DEBUG] Initiating flow from node=12 to node=0 maxPacketCount=2621440 tag=[FLOW_DEBUG] Initiating flow from node=19228 to node=6 maxPacketCount=2621440 tag= flow_id=506192 at time= flow_id=757 at time=3188209531882095

[FLOW_DEBUG] Initiating flow from node=39 to node=55 maxPacketCount=2621440 tag=192 flow_id=1927 at time=31882095
[FLOW_DEBUG] Initiating flow from node=44 to node=6 maxPacketCount=2621440 tag=192 flow_id=1005 at time=31882095
[FLOW_DEBUG] Initiating flow from node=63 to node=43 maxPacketCount=2621440 tag=192 flow_id=2294 at time=31882095
[FLOW_DEBUG] Initiating flow from node=7 to node=63 maxPacketCount=2621440 tag=192 flow_id=1435 at time=31882095
[FLOW_DEBUG] Initiating flow from node=39 to node=57 maxPacketCount=2621440 tag=192 flow_id=1928 at time=31882095
[FLOW_DEBUG] Initiating flow from node=28 to node=8 maxPacketCount=2621440 tag=192 flow_id=758 at time=31882095
[FLOW_DEBUG] Initiating flow from node=23 to node=63 maxPacketCount=2621440 tag=192 flow_id=1683 at time=[FLOW_DEBUG] Initiating flow from node=[FLOW_DEBUG] Initiating flow from node=52 to node=12 maxPacketCount=2621440 tag=192 flow_id=1132 at time=12 to node=31882095
31882095
[FLOW_DEBUG] Initiating flow from node=44 to node=8 maxPacketCount=2621440 tag=192 flow_id=1006 at time=31882095
2 maxPacketCount=2621440 tag=192 flow_id=507 at time=31882095
[FLOW_DEBUG] Initiating flow from node=63 to node=45 maxPacketCount=2621440 tag=192 flow_id=2295 at time=31882095
[FLOW_DEBUG] Initiating flow from node=4 to node=0 maxPacketCount=2621440 tag=192 flow_id=382 at time=31882095
[FLOW_DEBUG] Initiating flow from node=20 to node=0 maxPacketCount=2621440 tag=192 flow_id=630 at time=31882095
[FLOW_DEBUG] Initiating flow from node=44 to node=10 maxPacketCount=2621440 tag=192 flow_id=1007 at time=31882095
[FLOW_DEBUG] Initiating flow from node=52 to node=14 maxPacketCount=2621440 tag=192 flow_id=1133 at time=31882095
[FLOW_DEBUG] Initiating flow from node=39 to node=59 maxPacketCount=2621440 tag=192 flow_id=1929 at time=[FLOW_DEBUG] Initiating flow from node=1231882095 to node=4
 maxPacketCount=2621440 tag=192 flow_id=508 at time=31882095
[FLOW_DEBUG] Initiating flow from node=28 to node=10 maxPacketCount=2621440 tag=192 flow_id=759 at time=31882095
[FLOW_DEBUG] Initiating flow from node=4 to node=2 maxPacketCount=2621440 tag=192 flow_id=383 at time=31882095
[FLOW_DEBUG] Initiating flow from node=[FLOW_DEBUG] Initiating flow from node=39 to node=61 maxPacketCount=2621440 tag=192 flow_id=1930 at time=31882095
[FLOW_DEBUG] Initiating flow from node=52 to node=16 maxPacketCount=2621440 tag=192 flow_id=1134 at time=31882095
12 to node=6 maxPacketCount=2621440 tag=192 flow_id=509 at time=31882095
[FLOW_DEBUG] Initiating flow from node=20 to node=2 maxPacketCount=2621440 tag=192 flow_id=631 at time=31882095
[FLOW_DEBUG] Initiating flow from node=63 to node=47 maxPacketCount=2621440 tag=192 flow_id=2296 at time=31882095
[FLOW_DEBUG] Initiating flow from node=28 to node=12 maxPacketCount=2621440 tag=192 flow_id=760 at time=[FLOW_DEBUG] Initiating flow from node=3188209544
 to node=12 maxPacketCount=2621440[FLOW_DEBUG] Initiating flow from node=12 to node=8 maxPacketCount=2621440 tag=192 flow_id=510 at time=31882095
 tag=192 flow_id=1008 at time=[FLOW_DEBUG] Initiating flow from node=4 to node=6 maxPacketCount=[FLOW_DEBUG] Initiating flow from node=2621440 tag=192 flow_id=384 at time=523188209531882095 to node=
[FLOW_DEBUG] Initiating flow from node=39 to node=63 maxPacketCount=2621440 tag=192 flow_id=1931 at time=31882095

[FLOW_DEBUG] Initiating flow from node=20 to node=4 maxPacketCount=2621440 tag=192 flow_id=632 at time=31882095
18 maxPacketCount=2621440 tag=192 flow_id=1135 at time=31882095
[FLOW_DEBUG] Initiating flow from node=44 to node=14 maxPacketCount=2621440 tag=192 flow_id=1009 at time=31882095
[FLOW_DEBUG] Initiating flow from node=4 to node=8 maxPacketCount=2621440 tag=192 flow_id=385 at time=31882095
[FLOW_DEBUG] Initiating flow from node=20 to node=6 maxPacketCount=2621440 tag=192 flow_id=633 at time=31882095
[FLOW_DEBUG] Initiating flow from node=[FLOW_DEBUG] Initiating flow from node=52 to node=20 maxPacketCount=2621440 tag=192 flow_id=1136 at time=31882095
[FLOW_DEBUG] Initiating flow from node=28 to node=14 maxPacketCount=2621440 tag=192 flow_id=761 at time=31882095
[FLOW_DEBUG] Initiating flow from node=12 to node=10 maxPacketCount=2621440 tag=192 flow_id=511 at time=31882095
36 to node=0 maxPacketCount=2621440 tag=192 flow_id=878 at time=31882095
[FLOW_DEBUG] Initiating flow from node=63 to node=49 maxPacketCount=2621440 tag=192 flow_id=2297 at time=31882095
[FLOW_DEBUG] Initiating flow from node=52 to node=22 maxPacketCount=2621440 tag=192 flow_id=1137 at time=31882095
[FLOW_DEBUG] Initiating flow from node=12 to node=14 maxPacketCount=2621440 tag=192 flow_id=512 at time=31882095
[FLOW_DEBUG] Initiating flow from node=28 to node=16 maxPacketCount=2621440 tag=192 flow_id=762 at time=31882095
[FLOW_DEBUG] Initiating flow from node=20 to node=8 maxPacketCount=2621440 tag=192 flow_id=634 at time=31882095
[FLOW_DEBUG] Initiating flow from node=44 to node=16 maxPacketCount=2621440 tag=192 flow_id=1010 at time=31882095
[FLOW_DEBUG] Initiating flow from node=4 to node=10 maxPacketCount=2621440 tag=192 flow_id=386 at time=31882095
[FLOW_DEBUG] Initiating flow from node=36 to node=2 maxPacketCount=2621440 tag=192 flow_id=879 at time=31882095
[FLOW_DEBUG] Initiating flow from node=44 to node=18 maxPacketCount=2621440 tag=192 flow_id=1011 at time=31882095
[FLOW_DEBUG] Initiating flow from node=52 to node=24 maxPacketCount=2621440 tag=192 flow_id=1138 at time=[FLOW_DEBUG] Initiating flow from node=3188209528
 to node=[FLOW_DEBUG] Initiating flow from node=4 to node=12 maxPacketCount=[FLOW_DEBUG] Initiating flow from node=262144012 to node= tag=16 maxPacketCount=1922621440 flow_id= tag=387 at time=[FLOW_DEBUG] Initiating flow from node=[FLOW_DEBUG] Initiating flow from node=3188209520
 to node=18192 flow_id=63 to node=51351 maxPacketCount= at time=2621440 tag=192 flow_id=2298 at time=31882095
31882095
[FLOW_DEBUG] Initiating flow from node=36 to node=4 maxPacketCount=2621440 tag=192 flow_id=880 at time=31882095
10 maxPacketCount=2621440 tag=192 flow_id=635 at time=31882095
 maxPacketCount=2621440 tag=192 flow_id=763 at time=31882095
[FLOW_DEBUG] Initiating flow from node=52 to node=26 maxPacketCount=2621440 tag=192 flow_id=1139 at time=31882095
[FLOW_DEBUG] Initiating flow from node=44 to node=20 maxPacketCount=2621440 tag=192 flow_id=1012 at time=31882095
[FLOW_DEBUG] Initiating flow from node=36 to node=6 maxPacketCount=2621440 tag=192 flow_id=881 at time=31882095
[FLOW_DEBUG] Initiating flow from node=63 to node=53 maxPacketCount=2621440 tag=192 flow_id=2299 at time=31882095
[FLOW_DEBUG] Initiating flow from node=12 to node=18 maxPacketCount=2621440 tag=192 flow_id=514 at time=31882095
[FLOW_DEBUG] Initiating flow from node=4 to node=14 maxPacketCount=2621440 tag=192 flow_id=388 at time=31882095
[FLOW_DEBUG] Initiating flow from node=44 to node=22 maxPacketCount=2621440 tag=192 flow_id=1013 at time=31882095
[FLOW_DEBUG] Initiating flow from node=52 to node=28 maxPacketCount=2621440 tag=192 flow_id=1140 at time=31882095
[FLOW_DEBUG] Initiating flow from node=[FLOW_DEBUG] Initiating flow from node=2036 to node=8 maxPacketCount=2621440 tag=192 flow_id=882 at time= to node=31882095
12[FLOW_DEBUG] Initiating flow from node=28 to node=20 maxPacketCount=2621440 tag=192 flow_id=764 at time=31882095
 maxPacketCount=2621440 tag=192 flow_id=636 at time=31882095
[FLOW_DEBUG] Initiating flow from node=12 to node=20 maxPacketCount=2621440 tag=192 flow_id=515 at time=31882095
[FLOW_DEBUG] Initiating flow from node=63 to node=55 maxPacketCount=2621440 tag=192 flow_id=2300 at time=31882095
[FLOW_DEBUG] Initiating flow from node=44 to node=24 maxPacketCount=2621440 tag=192 flow_id=1014 at time=31882095
[FLOW_DEBUG] Initiating flow from node=4 to node=16 maxPacketCount=2621440 tag=192 flow_id=389 at time=31882095
[FLOW_DEBUG] Initiating flow from node=52 to node=30 maxPacketCount=2621440 tag=192 flow_id=1141 at time=31882095
[FLOW_DEBUG] Initiating flow from node=20 to node=14 maxPacketCount=2621440 tag=192 flow_id=637 at time=31882095
[FLOW_DEBUG] Initiating flow from node=36 to node=10 maxPacketCount=2621440 tag=192 flow_id=883 at time=31882095
[FLOW_DEBUG] Initiating flow from node=12 to node=22 maxPacketCount=2621440 tag=192 flow_id=516 at time=31882095
[FLOW_DEBUG] Initiating flow from node=28 to node=22 maxPacketCount=2621440 tag=192 flow_id=765 at time=31882095
[FLOW_DEBUG] Initiating flow from node=63 to node=57 maxPacketCount=2621440 tag=192 flow_id=2301 at time=31882095
[FLOW_DEBUG] Initiating flow from node=4 to node=18 maxPacketCount=2621440 tag=192 flow_id=390 at time=31882095
[FLOW_DEBUG] Initiating flow from node=44 to node=26 maxPacketCount=2621440 tag=192 flow_id=1015 at time=31882095
[FLOW_DEBUG] Initiating flow from node=52 to node=32 maxPacketCount=2621440 tag=192 flow_id=1142 at time=31882095
[FLOW_DEBUG] Initiating flow from node=20 to node=16 maxPacketCount=2621440 tag=192 flow_id=638 at time=31882095
[FLOW_DEBUG] Initiating flow from node=36 to node=12 maxPacketCount=2621440 tag=192 flow_id=884 at time=31882095[FLOW_DEBUG] Initiating flow from node=
12 to node=24 maxPacketCount=2621440 tag=192 flow_id=517 at time=31882095
[FLOW_DEBUG] Initiating flow from node=52 to node=34 maxPacketCount=2621440 tag=192 flow_id=1143 at time=31882095
[FLOW_DEBUG] Initiating flow from node=63 to node=59 maxPacketCount=2621440 tag=192 flow_id=2302 at time=31882095
[FLOW_DEBUG] Initiating flow from node=44 to node=28 maxPacketCount=2621440 tag=192 flow_id=1016 at time=31882095
[FLOW_DEBUG] Initiating flow from node=4 to node=20 maxPacketCount=2621440 tag=192 flow_id=391 at time=31882095
[FLOW_DEBUG] Initiating flow from node=20 to node=18 maxPacketCount=2621440 tag=192 flow_id=639 at time=31882095
[FLOW_DEBUG] Initiating flow from node=28 to node=24 maxPacketCount=2621440 tag=192 flow_id=766 at time=31882095
[FLOW_DEBUG] Initiating flow from node=36 to node=14 maxPacketCount=2621440 tag=192 flow_id=885 at time=31882095
[FLOW_DEBUG] Initiating flow from node=52 to node=36 maxPacketCount=2621440 tag=192 flow_id=1144 at time=31882095
[FLOW_DEBUG] Initiating flow from node=63 to node=61 maxPacketCount=2621440 tag=192 flow_id=2303 at time=31882095
[FLOW_DEBUG] Initiating flow from node=44 to node=30 maxPacketCount=2621440 tag=192 flow_id=1017 at time=31882095
[FLOW_DEBUG] Initiating flow from node=12 to node=26 maxPacketCount=2621440 tag=192 flow_id=518 at time=31882095
[FLOW_DEBUG] Initiating flow from node=[FLOW_DEBUG] Initiating flow from node=52 to node=38 maxPacketCount=2621440 tag=192 flow_id=1145 at time=31882095
[FLOW_DEBUG] Initiating flow from node=36 to node=16 maxPacketCount=2621440 tag=192 flow_id=886 at time=31882095
20 to node=22 maxPacketCount=2621440 tag=192 flow_id=640 at time=31882095
[FLOW_DEBUG] Initiating flow from node=4 to node=22 maxPacketCount=[FLOW_DEBUG] Initiating flow from node=44 to node=32 maxPacketCount=26214402621440 tag= tag=192192 flow_id=1018 at time= flow_id=392 at time=31882095
31882095
[FLOW_DEBUG] Initiating flow from node=28 to node=26 maxPacketCount=2621440 tag=192 flow_id=767 at time=31882095
[FLOW_DEBUG] Initiating flow from node=52 to node=40 maxPacketCount=2621440 tag=192 flow_id=1146 at time=31882095
[FLOW_DEBUG] Initiating flow from node=12 to node=28 maxPacketCount=2621440 tag=192 flow_id=519 at time=31882095
[FLOW_DEBUG] Initiating flow from node=60 to node=0 maxPacketCount=2621440 tag=192 flow_id=1250 at time=31882095
[FLOW_DEBUG] Initiating flow from node=36 to node=18 maxPacketCount=2621440 tag=192 flow_id=887 at time=31882095
[FLOW_DEBUG] Initiating flow from node=20 to node=24 maxPacketCount=2621440 tag=192 flow_id=641 at time=31882095
[FLOW_DEBUG] Initiating flow from node=4 to node=24 maxPacketCount=2621440 tag=192 flow_id=393 at time=31882095
[FLOW_DEBUG] Initiating flow from node=28 to node=30 maxPacketCount=2621440 tag=192 flow_id=768 at time=31882095
[FLOW_DEBUG] Initiating flow from node=12 to node=30 maxPacketCount=2621440 tag=192 flow_id=520 at time=31882095
[FLOW_DEBUG] Initiating flow from node=52 to node=42 maxPacketCount=2621440 tag=192 flow_id=1147 at time=31882095
[FLOW_DEBUG] Initiating flow from node=36 to node=20 maxPacketCount=2621440 tag=192 flow_id=888 at time=31882095
[FLOW_DEBUG] Initiating flow from node=20 to node=26 maxPacketCount=2621440 tag=192 flow_id=642 at time=31882095
[FLOW_DEBUG] Initiating flow from node=4 to node=26 maxPacketCount=2621440 tag=192 flow_id=394 at time=31882095
[FLOW_DEBUG] Initiating flow from node=60 to node=2 maxPacketCount=2621440 tag=192 flow_id=1251 at time=31882095
[FLOW_DEBUG] Initiating flow from node=52 to node=44 maxPacketCount=2621440 tag=192 flow_id=1148 at time=31882095
[FLOW_DEBUG] Initiating flow from node=4 to node=28 maxPacketCount=2621440 tag=192 flow_id=395 at time=31882095
[FLOW_DEBUG] Initiating flow from node=[FLOW_DEBUG] Initiating flow from node=20 to node=28 maxPacketCount=2621440 tag=192 flow_id=643 at time=31882095
12 to node=32 maxPacketCount=2621440 tag=192 flow_id=521 at time=31882095
[FLOW_DEBUG] Initiating flow from node=36 to node=22 maxPacketCount=2621440 tag=192 flow_id=889 at time=31882095
[FLOW_DEBUG] Initiating flow from node=28 to node=32 maxPacketCount=2621440 tag=192 flow_id=769 at time=31882095
[FLOW_DEBUG] Initiating flow from node=52 to node=46 maxPacketCount=2621440 tag=192 flow_id=1149 at time=31882095
[FLOW_DEBUG] Initiating flow from node=4 to node=30 maxPacketCount=2621440 tag=192 flow_id=396 at time=31882095
[FLOW_DEBUG] Initiating flow from node=12 to node=34 maxPacketCount=2621440 tag=192 flow_id=522 at time=31882095
[FLOW_DEBUG] Initiating flow from node=20 to node=30 maxPacketCount=2621440 tag=192 flow_id=644 at time=31882095
[FLOW_DEBUG] Initiating flow from node=36 to node=24 maxPacketCount=2621440 tag=192 flow_id=890 at time=31882095
[FLOW_DEBUG] Initiating flow from node=12 to node=36 maxPacketCount=2621440 tag=192 flow_id=523 at time=31882095
[FLOW_DEBUG] Initiating flow from node=4 to node=32 maxPacketCount=2621440 tag=192 flow_id=397 at time=31882095
[FLOW_DEBUG] Initiating flow from node=60 to node=4 maxPacketCount=2621440 tag=192 flow_id=1252 at time=31882095
[FLOW_DEBUG] Initiating flow from node=52 to node=48 maxPacketCount=2621440 tag=192 flow_id=1150 at time=31882095
[FLOW_DEBUG] Initiating flow from node=12 to node=38 maxPacketCount=2621440 tag=192 flow_id=524 at time=31882095
[FLOW_DEBUG] Initiating flow from node=36 to node=26 maxPacketCount=2621440 tag=192 flow_id=891 at time=31882095
[FLOW_DEBUG] Initiating flow from node=28 to node=34 maxPacketCount=2621440 tag=192 flow_id=770 at time=31882095
[FLOW_DEBUG] Initiating flow from node=20 to node=32 maxPacketCount=2621440 tag=192 flow_id=645 at time=31882095
[FLOW_DEBUG] Initiating flow from node=4 to node=34 maxPacketCount=2621440 tag=192 flow_id=398 at time=31882095
[FLOW_DEBUG] Initiating flow from node=12 to node=40 maxPacketCount=2621440 tag=192 flow_id=525 at time=31882095
[FLOW_DEBUG] Initiating flow from node=36 to node=28 maxPacketCount=2621440 tag=192 flow_id=892 at time=31882095
[FLOW_DEBUG] Initiating flow from node=52 to node=50 maxPacketCount=2621440 tag=192 flow_id=1151 at time=31882095
[FLOW_DEBUG] Initiating flow from node=60 to node=6 maxPacketCount=2621440 tag=192 flow_id=1253 at time=31882095
[FLOW_DEBUG] Initiating flow from node=28 to node=36 maxPacketCount=2621440 tag=192 flow_id=771 at time=31882095
[FLOW_DEBUG] Initiating flow from node=20 to node=34 maxPacketCount=2621440 tag=192 flow_id=646 at time=31882095
[FLOW_DEBUG] Initiating flow from node=36 to node=30 maxPacketCount=2621440 tag=192 flow_id=893 at time=31882095
[FLOW_DEBUG] Initiating flow from node=4 to node=36 maxPacketCount=2621440 tag=192 flow_id=399 at time=31882095
[FLOW_DEBUG] Initiating flow from node=12 to node=42 maxPacketCount=2621440 tag=192 flow_id=526 at time=31882095
[FLOW_DEBUG] Initiating flow from node=52 to node=54 maxPacketCount=2621440 tag=192 flow_id=1152 at time=31882095
[FLOW_DEBUG] Initiating flow from node=28 to node=38 maxPacketCount=2621440 tag=192 flow_id=772 at time=31882095
[FLOW_DEBUG] Initiating flow from node=20 to node=36 maxPacketCount=2621440 tag=192 flow_id=647 at time=31882095
[FLOW_DEBUG] Initiating flow from node=52 to node=56 maxPacketCount=2621440 tag=192 flow_id=1153 at time=31882095
[FLOW_DEBUG] Initiating flow from node=60 to node=8 maxPacketCount=2621440 tag=192 flow_id=1254 at time=31882095
[FLOW_DEBUG] Initiating flow from node=36 to node=32 maxPacketCount=2621440 tag=192 flow_id=894 at time=31882095
[FLOW_DEBUG] Initiating flow from node=4 to node=38 maxPacketCount=2621440 tag=192 flow_id=400 at time=31882095
[FLOW_DEBUG] Initiating flow from node=12 to node=44 maxPacketCount=2621440 tag=192 flow_id=527 at time=31882095
[FLOW_DEBUG] Initiating flow from node=52 to node=58 maxPacketCount=2621440 tag=192 flow_id=1154 at time=31882095
[FLOW_DEBUG] Initiating flow from node=20 to node=[FLOW_DEBUG] Initiating flow from node=6038 to node=10 maxPacketCount=2621440 tag=192 flow_id=1255 at time=31882095
 maxPacketCount=2621440 tag=192 flow_id=648 at time=31882095
[FLOW_DEBUG] Initiating flow from node=36 to node=34 maxPacketCount=2621440 tag=192 flow_id=895 at time=31882095
[FLOW_DEBUG] Initiating flow from node=28 to node=40 maxPacketCount=2621440 tag=192 flow_id=773 at time=31882095
[FLOW_DEBUG] Initiating flow from node=12 to node=46 maxPacketCount=2621440 tag=192 flow_id=528 at time=31882095
[FLOW_DEBUG] Initiating flow from node=60 to node=12 maxPacketCount=2621440 tag=192 flow_id=1256 at time=31882095
[FLOW_DEBUG] Initiating flow from node=20 to node=40 maxPacketCount=2621440 tag=192 flow_id=649 at time=31882095
[FLOW_DEBUG] Initiating flow from node=4 to node=40 maxPacketCount=2621440 tag=192 flow_id=401 at time=31882095
[FLOW_DEBUG] Initiating flow from node=44 to node=34 maxPacketCount=2621440 tag=192 flow_id=1019 at time=31882095
[FLOW_DEBUG] Initiating flow from node=36 to node=38 maxPacketCount=2621440 tag=192 flow_id=896 at time=31882095
[FLOW_DEBUG] Initiating flow from node=52 to node=60 maxPacketCount=2621440 tag=192 flow_id=1155 at time=31882095
[FLOW_DEBUG] Initiating flow from node=12 to node=48 maxPacketCount=2621440 tag=192 flow_id=529 at time=31882095
[FLOW_DEBUG] Initiating flow from node=28 to node=[FLOW_DEBUG] Initiating flow from node=6042 maxPacketCount=2621440 tag=192 flow_id=774 at time=31882095
 to node=14 maxPacketCount=2621440 tag=192 flow_id=1257 at time=31882095
[FLOW_DEBUG] Initiating flow from node=4 to node=42 maxPacketCount=2621440 tag=192 flow_id=402 at time=31882095
[FLOW_DEBUG] Initiating flow from node=36 to node=40 maxPacketCount=2621440 tag=192 flow_id=897 at time=31882095
[FLOW_DEBUG] Initiating flow from node=44 to node=36 maxPacketCount=2621440 tag=192 flow_id=1020 at time=31882095
[FLOW_DEBUG] Initiating flow from node=28 to node=44 maxPacketCount=2621440 tag=192 flow_id=775 at time=31882095
[FLOW_DEBUG] Initiating flow from node=12 to node=50 maxPacketCount=2621440 tag=192 flow_id=530 at time=31882095
[FLOW_DEBUG] Initiating flow from node=60 to node=16 maxPacketCount=2621440 tag=192 flow_id=1258 at time=31882095
[FLOW_DEBUG] Initiating flow from node=[FLOW_DEBUG] Initiating flow from node=52 to node=4 to node=6244 maxPacketCount=2621440 tag=192 flow_id=403 at time= maxPacketCount=31882095
2621440 tag=192 flow_id=1156 at time=[FLOW_DEBUG] Initiating flow from node=3188209520 to node=
42 maxPacketCount=2621440 tag=192 flow_id=650 at time=31882095
[FLOW_DEBUG] Initiating flow from node=36 to node=42 maxPacketCount=2621440 tag=192 flow_id=898 at time=31882095
[FLOW_DEBUG] Initiating flow from node=44 to node=38 maxPacketCount=2621440 tag=192 flow_id=1021 at time=31882095
[FLOW_DEBUG] Initiating flow from node=4 to node=46 maxPacketCount=2621440 tag=192 flow_id=404 at time=31882095
[FLOW_DEBUG] Initiating flow from node=12 to node=52 maxPacketCount=2621440 tag=192 flow_id=531 at time=31882095
[FLOW_DEBUG] Initiating flow from node=28 to node=46 maxPacketCount=2621440 tag=192 flow_id=776 at time=31882095
[FLOW_DEBUG] Initiating flow from node=60 to node=18 maxPacketCount=2621440 tag=192 flow_id=1259 at time=31882095
[FLOW_DEBUG] Initiating flow from node=20 to node=44 maxPacketCount=2621440 tag=192 flow_id=651 at time=31882095
[FLOW_DEBUG] Initiating flow from node=36 to node=44 maxPacketCount=2621440 tag=192 flow_id=899 at time=31882095
[FLOW_DEBUG] Initiating flow from node=44 to node=40 maxPacketCount=2621440 tag=192 flow_id=1022 at time=31882095
[FLOW_DEBUG] Initiating flow from node=53 to node=1 maxPacketCount=2621440 tag=192 flow_id=2118 at time=31882095[FLOW_DEBUG] Initiating flow from node=
4[FLOW_DEBUG] Initiating flow from node=12 to node=54 maxPacketCount=2621440 tag=192 flow_id=532 at time=31882095
 to node=48 maxPacketCount=2621440 tag=192 flow_id=405 at time=31882095
[FLOW_DEBUG] Initiating flow from node=60 to node=20 maxPacketCount=2621440 tag=192 flow_id=1260 at time=31882095
[FLOW_DEBUG] Initiating flow from node=28 to node=48 maxPacketCount=2621440 tag=192 flow_id=777 at time=31882095
[FLOW_DEBUG] Initiating flow from node=20 to node=46 maxPacketCount=2621440 tag=192 flow_id=652 at time=31882095
[FLOW_DEBUG] Initiating flow from node=4 to node=50 maxPacketCount=2621440 tag=192 flow_id=406 at time=31882095
[FLOW_DEBUG] Initiating flow from node=36 to node=46 maxPacketCount=2621440 tag=192 flow_id=900 at time=31882095
[FLOW_DEBUG] Initiating flow from node=44 to node=42 maxPacketCount=2621440 tag=192 flow_id=1023 at time=31882095
[FLOW_DEBUG] Initiating flow from node=60 to node=22 maxPacketCount=2621440 tag=192 flow_id=1261 at time=31882095
[FLOW_DEBUG] Initiating flow from node=12 to node=56 maxPacketCount=2621440 tag=192 flow_id=533 at time=31882095
[FLOW_DEBUG] Initiating flow from node=53 to node=3 maxPacketCount=2621440 tag=192 flow_id=2119 at time=31882095
[FLOW_DEBUG] Initiating flow from node=28 to node=50 maxPacketCount=2621440 tag=192 flow_id=778 at time=31882095
[FLOW_DEBUG] Initiating flow from node=20 to node=48 maxPacketCount=2621440 tag=192 flow_id=653 at time=31882095
[FLOW_DEBUG] Initiating flow from node=60 to node=24 maxPacketCount=2621440 tag=192 flow_id=1262 at time=31882095
[FLOW_DEBUG] Initiating flow from node=4 to node=52 maxPacketCount=2621440 tag=192 flow_id=407 at time=31882095
[FLOW_DEBUG] Initiating flow from node=44 to node=46 maxPacketCount=2621440 tag=192 flow_id=1024 at time=31882095
[FLOW_DEBUG] Initiating flow from node=36 to node=48 maxPacketCount=2621440 tag=192 flow_id=901 at time=31882095
[FLOW_DEBUG] Initiating flow from node=12 to node=58 maxPacketCount=2621440 tag=192 flow_id=534 at time=31882095
[FLOW_DEBUG] Initiating flow from node=20 to node=50 maxPacketCount=2621440 tag=192 flow_id=654 at time=31882095
[FLOW_DEBUG] Initiating flow from node=28 to node=52 maxPacketCount=2621440 tag=192 flow_id=779 at time=31882095
[FLOW_DEBUG] Initiating flow from node=53 to node=5 maxPacketCount=2621440 tag=192 flow_id=2120 at time=31882095
[FLOW_DEBUG] Initiating flow from node=60 to node=26 maxPacketCount=2621440 tag=192 flow_id=1263 at time=31882095
[FLOW_DEBUG] Initiating flow from node=4 to node=54 maxPacketCount=2621440 tag=192 flow_id=408 at time=31882095
[FLOW_DEBUG] Initiating flow from node=36 to node=50 maxPacketCount=2621440 tag=192 flow_id=902 at time=31882095
[FLOW_DEBUG] Initiating flow from node=20 to node=52 maxPacketCount=2621440 tag=192 flow_id=655 at time=31882095
[FLOW_DEBUG] Initiating flow from node=12 to node=60 maxPacketCount=2621440 tag=192 flow_id=535 at time=31882095
[FLOW_DEBUG] Initiating flow from node=44 to node=48 maxPacketCount=2621440 tag=192 flow_id=1025 at time=31882095
[FLOW_DEBUG] Initiating flow from node=28 to node=54 maxPacketCount=2621440 tag=192 flow_id=780 at time=31882095
[FLOW_DEBUG] Initiating flow from node=53 to node=7 maxPacketCount=2621440 tag=192 flow_id=2121 at time=31882095
[FLOW_DEBUG] Initiating flow from node=4 to node=56 maxPacketCount=2621440 tag=192 flow_id=409 at time=31882095
[FLOW_DEBUG] Initiating flow from node=60 to node=28 maxPacketCount=2621440 tag=192 flow_id=1264 at time=31882095
[FLOW_DEBUG] Initiating flow from node=36 to node=52 maxPacketCount=2621440 tag=192 flow_id=903 at time=31882095
[FLOW_DEBUG] Initiating flow from node=44 to node=50 maxPacketCount=2621440 tag=192 flow_id=1026 at time=31882095
[FLOW_DEBUG] Initiating flow from node=[FLOW_DEBUG] Initiating flow from node=28 to node=56 maxPacketCount=2621440 tag=192 flow_id=781 at time=31882095
12 to node=62 maxPacketCount=2621440 tag=192 flow_id=536 at time=31882095
[FLOW_DEBUG] Initiating flow from node=20 to node=54 maxPacketCount=2621440 tag=192 flow_id=656 at time=31882095
[FLOW_DEBUG] Initiating flow from node=4 to node=58 maxPacketCount=2621440 tag=192 flow_id=410 at time=31882095
[FLOW_DEBUG] Initiating flow from node=60 to node=30 maxPacketCount=2621440 tag=192 flow_id=1265 at time=31882095
[FLOW_DEBUG] Initiating flow from node=28 to node=58 maxPacketCount=2621440 tag=192 flow_id=782 at time=31882095
[FLOW_DEBUG] Initiating flow from node=53 to node=[FLOW_DEBUG] Initiating flow from node=9 maxPacketCount=13 to node=26214401[FLOW_DEBUG] Initiating flow from node= tag= maxPacketCount=1922621440 flow_id=20 tag= to node=56 maxPacketCount=21222621440 tag=192 flow_id=192 at time=657 flow_id= at time=149831882095 at time=31882095

[FLOW_DEBUG] Initiating flow from node=36 to node=54 maxPacketCount=2621440 tag=192 flow_id=904 at time=31882095
[FLOW_DEBUG] Initiating flow from node=44 to node=52 maxPacketCount=2621440 tag=192 flow_id=1027 at time=31882095
31882095
[FLOW_DEBUG] Initiating flow from node=4 to node=60 maxPacketCount=2621440 tag=192 flow_id=411 at time=31882095
[FLOW_DEBUG] Initiating flow from node=60 to node=32 maxPacketCount=2621440 tag=192 flow_id=1266 at time=31882095
[FLOW_DEBUG] Initiating flow from node=44 to node=54 maxPacketCount=2621440 tag=192 flow_id=1028 at time=31882095
[FLOW_DEBUG] Initiating flow from node=28 to node=60 maxPacketCount=2621440 tag=192 flow_id=783 at time=31882095
[FLOW_DEBUG] Initiating flow from node=36 to node=56 maxPacketCount=2621440 tag=192 flow_id=905 at time=31882095
[FLOW_DEBUG] Initiating flow from node=4 to node=62 maxPacketCount=2621440 tag=192 flow_id=412 at time=31882095
[FLOW_DEBUG] Initiating flow from node=20 to node=58 maxPacketCount=2621440 tag=192 flow_id=658 at time=31882095
[FLOW_DEBUG] Initiating flow from node=13 to node=3 maxPacketCount=2621440 tag=192 flow_id=1499 at time=31882095
[FLOW_DEBUG] Initiating flow from node=60 to node=34 maxPacketCount=2621440 tag=192 flow_id=1267 at time=31882095
[FLOW_DEBUG] Initiating flow from node=53 to node=11 maxPacketCount=2621440 tag=192 flow_id=2123 at time=31882095
[FLOW_DEBUG] Initiating flow from node=44 to node=56 maxPacketCount=2621440 tag=192 flow_id=1029 at time=31882095
[FLOW_DEBUG] Initiating flow from node=20 to node=60 maxPacketCount=2621440 tag=192 flow_id=659 at time=31882095
[FLOW_DEBUG] Initiating flow from node=28 to node=62 maxPacketCount=2621440 tag=192 flow_id=784 at time=31882095
[FLOW_DEBUG] Initiating flow from node=36 to node=58 maxPacketCount=2621440 tag=192 flow_id=906 at time=31882095
[FLOW_DEBUG] Initiating flow from node=5 to node=1 maxPacketCount=2621440 tag=192 flow_id=1374 at time=31882095
[FLOW_DEBUG] Initiating flow from node=13 to node=5 maxPacketCount=2621440 tag=192 flow_id=1500 at time=31882095
[FLOW_DEBUG] Initiating flow from node=60 to node=36 maxPacketCount=2621440 tag=192 flow_id=1268 at time=31882095
[FLOW_DEBUG] Initiating flow from node=13 to node=7 maxPacketCount=2621440 tag=192 flow_id=1501 at time=31882095
[FLOW_DEBUG] Initiating flow from node=20 to node=62 maxPacketCount=2621440 tag=192 flow_id=660 at time=31882095
[FLOW_DEBUG] Initiating flow from node=5 to node=3 maxPacketCount=2621440 tag=192 flow_id=1375 at time=31882095
[FLOW_DEBUG] Initiating flow from node=36 to node=60 maxPacketCount=2621440 tag=192 flow_id=907 at time=[FLOW_DEBUG] Initiating flow from node=3188209544
 to node=[FLOW_DEBUG] Initiating flow from node=29 to node=1 maxPacketCount=2621440 tag=192 flow_id=1746 at time=31882095
58 maxPacketCount=2621440 tag=192 flow_id=1030 at time=31882095
[FLOW_DEBUG] Initiating flow from node=60 to node=38 maxPacketCount=2621440 tag=192 flow_id=1269 at time=31882095
[FLOW_DEBUG] Initiating flow from node=53 to node=13 maxPacketCount=2621440 tag=192 flow_id=2124 at time=31882095
[FLOW_DEBUG] Initiating flow from node=21 to node=1 maxPacketCount=2621440 tag=192 flow_id=1622 at time=31882095
[FLOW_DEBUG] Initiating flow from node=36 to node=62 maxPacketCount=2621440 tag=192 flow_id=908 at time=31882095
[FLOW_DEBUG] Initiating flow from node=44 to node=60 maxPacketCount=2621440 tag=192 flow_id=1031 at time=31882095
[FLOW_DEBUG] Initiating flow from node=13 to node=9 maxPacketCount=2621440 tag=192 flow_id=1502 at time=31882095
[FLOW_DEBUG] Initiating flow from node=[FLOW_DEBUG] Initiating flow from node=60 to node=40 maxPacketCount=2621440 tag=192 flow_id=1270 at time=31882095
29 to node=3 maxPacketCount=2621440 tag=192 flow_id=1747 at time=31882095
[FLOW_DEBUG] Initiating flow from node=5 to node=7 maxPacketCount=2621440 tag=192 flow_id=1376 at time=31882095
[FLOW_DEBUG] Initiating flow from node=53 to node=15 maxPacketCount=2621440 tag=192 flow_id=2125 at time=31882095[FLOW_DEBUG] Initiating flow from node=
21 to node=[FLOW_DEBUG] Initiating flow from node=37 to node=1 maxPacketCount=2621440 tag=192 flow_id=1870 at time=31882095
[FLOW_DEBUG] Initiating flow from node=44 to node=62 maxPacketCount=2621440 tag=192 flow_id=1032 at time=31882095
[FLOW_DEBUG] Initiating flow from node=29 to node=5 maxPacketCount=2621440 tag=192 flow_id=1748 at time=31882095
3[FLOW_DEBUG] Initiating flow from node=60 maxPacketCount=[FLOW_DEBUG] Initiating flow from node=13 to node=262144042 tag= maxPacketCount= to node=2621440 tag=192 flow_id=19211 maxPacketCount=26214401271 tag= flow_id= at time=1623192 at time= flow_id=318820951503[FLOW_DEBUG] Initiating flow from node=
5 to node=9 maxPacketCount=2621440 tag=192 flow_id=1377 at time=3188209531882095

 at time=31882095
[FLOW_DEBUG] Initiating flow from node=53 to node=17 maxPacketCount=2621440 tag=192 flow_id=2126 at time=31882095
[FLOW_DEBUG] Initiating flow from node=45 to node=1 maxPacketCount=2621440 tag=192 flow_id=1994 at time=31882095
[FLOW_DEBUG] Initiating flow from node=29 to node=7 maxPacketCount=2621440 tag=192 flow_id=1749 at time=31882095
[FLOW_DEBUG] Initiating flow from node=5 to node=11 maxPacketCount=2621440 tag=192 flow_id=1378 at time=31882095
[FLOW_DEBUG] Initiating flow from node=37 to node=3 maxPacketCount=2621440 tag=192 flow_id=1871 at time=31882095
[FLOW_DEBUG] Initiating flow from node=13 to node=15 maxPacketCount=2621440 tag=192 flow_id=1504 at time=31882095
[FLOW_DEBUG] Initiating flow from node=21 to node=5 maxPacketCount=2621440 tag=192 flow_id=1624 at time=31882095
[FLOW_DEBUG] Initiating flow from node=60 to node=44 maxPacketCount=2621440 tag=192 flow_id=1272 at time=31882095
[FLOW_DEBUG] Initiating flow from node=53 to node=19 maxPacketCount=2621440 tag=192 flow_id=2127 at time=31882095
[FLOW_DEBUG] Initiating flow from node=5 to node=13 maxPacketCount=2621440 tag=192 flow_id=1379 at time=31882095
[FLOW_DEBUG] Initiating flow from node=37 to node=5 maxPacketCount=2621440 tag=192 flow_id=1872 at time=31882095
[FLOW_DEBUG] Initiating flow from node=29 to node=9 maxPacketCount=2621440 tag=192 flow_id=1750 at time=31882095
[FLOW_DEBUG] Initiating flow from node=45 to node=3 maxPacketCount=2621440 tag=192 flow_id=1995 at time=31882095
[FLOW_DEBUG] Initiating flow from node=60 to node=46 maxPacketCount=2621440 tag=192 flow_id=1273 at time=31882095
[FLOW_DEBUG] Initiating flow from node=21 to node=7 maxPacketCount=2621440 tag=192 flow_id=1625 at time=31882095
[FLOW_DEBUG] Initiating flow from node=5 to node=15 maxPacketCount=2621440 tag=192 flow_id=1380 at time=31882095
[FLOW_DEBUG] Initiating flow from node=53 to node=21 maxPacketCount=2621440 tag=192 flow_id=2128 at time=31882095
[FLOW_DEBUG] Initiating flow from node=13 to node=17 maxPacketCount=2621440 tag=192 flow_id=1505 at time=31882095
[FLOW_DEBUG] Initiating flow from node=45 to node=5 maxPacketCount=2621440 tag=192 flow_id=1996 at time=31882095
[FLOW_DEBUG] Initiating flow from node=37 to node=7 maxPacketCount=2621440 tag=192 flow_id=1873 at time=31882095
[FLOW_DEBUG] Initiating flow from node=29 to node=11 maxPacketCount=2621440 tag=192 flow_id=1751 at time=31882095
[FLOW_DEBUG] Initiating flow from node=60 to node=48 maxPacketCount=2621440 tag=192 flow_id=1274 at time=31882095
[FLOW_DEBUG] Initiating flow from node=21 to node=9 maxPacketCount=2621440 tag=192 flow_id=1626 at time=31882095
[FLOW_DEBUG] Initiating flow from node=5 to node=17 maxPacketCount=2621440 tag=192 flow_id=1381 at time=31882095
[FLOW_DEBUG] Initiating flow from node=53 to node=23 maxPacketCount=2621440 tag=192 flow_id=2129 at time=31882095
[FLOW_DEBUG] Initiating flow from node=45 to node=7 maxPacketCount=2621440 tag=192 flow_id=1997 at time=31882095
[FLOW_DEBUG] Initiating flow from node=13 to node=19 maxPacketCount=2621440 tag=192 flow_id=1506 at time=31882095
[FLOW_DEBUG] Initiating flow from node=60 to node=50 maxPacketCount=2621440 tag=192 flow_id=1275 at time=31882095
[FLOW_DEBUG] Initiating flow from node=45 to node=9 maxPacketCount=2621440 tag=192 flow_id=1998 at time=31882095
[FLOW_DEBUG] Initiating flow from node=21 to node=11 maxPacketCount=2621440 tag=192 flow_id=1627 at time=31882095
[FLOW_DEBUG] Initiating flow from node=53 to node=25 maxPacketCount=2621440 tag=192 flow_id=2130 at time=31882095
[FLOW_DEBUG] Initiating flow from node=[FLOW_DEBUG] Initiating flow from node=5 to node=19 maxPacketCount=2621440 tag=192 flow_id=1382 at time=31882095
29 to node=13 maxPacketCount=2621440 tag=192 flow_id=1752 at time=31882095
[FLOW_DEBUG] Initiating flow from node=37 to node=9 maxPacketCount=2621440 tag=192 flow_id=1874 at time=31882095
[FLOW_DEBUG] Initiating flow from node=53 to node=27 maxPacketCount=2621440 tag=192 flow_id=2131 at time=31882095
[FLOW_DEBUG] Initiating flow from node=37 to node=11 maxPacketCount=2621440 tag=192 flow_id=1875 at time=31882095
[FLOW_DEBUG] Initiating flow from node=5 to node=21 maxPacketCount=2621440 tag=192 flow_id=1383 at time=31882095
[FLOW_DEBUG] Initiating flow from node=45 to node=11 maxPacketCount=2621440 tag=192 flow_id=1999 at time=31882095
[FLOW_DEBUG] Initiating flow from node=29 to node=15 maxPacketCount=2621440 tag=192 flow_id=1753 at time=31882095
[FLOW_DEBUG] Initiating flow from node=21 to node=13 maxPacketCount=2621440 tag=192 flow_id=1628 at time=31882095
[FLOW_DEBUG] Initiating flow from node=60 to node=52 maxPacketCount=2621440 tag=192 flow_id=1276 at time=31882095
[FLOW_DEBUG] Initiating flow from node=13 to node=21 maxPacketCount=2621440 tag=192 flow_id=1507 at time=31882095
[FLOW_DEBUG] Initiating flow from node=53 to node=29 maxPacketCount=2621440 tag=192 flow_id=2132 at time=31882095
[FLOW_DEBUG] Initiating flow from node=5 to node=23 maxPacketCount=2621440 tag=192 flow_id=1384 at time=31882095
[FLOW_DEBUG] Initiating flow from node=45 to node=13 maxPacketCount=2621440 tag=192 flow_id=2000 at time=31882095
[FLOW_DEBUG] Initiating flow from node=21 to node=15 maxPacketCount=2621440 tag=192 flow_id=1629 at time=31882095
[FLOW_DEBUG] Initiating flow from node=60 to node=54 maxPacketCount=2621440 tag=192 flow_id=1277 at time=31882095
[FLOW_DEBUG] Initiating flow from node=37 to node=13 maxPacketCount=2621440 tag=192 flow_id=1876 at time=31882095
[FLOW_DEBUG] Initiating flow from node=53 to node=31 maxPacketCount=2621440 tag=192 flow_id=2133 at time=31882095
[FLOW_DEBUG] Initiating flow from node=13 to node=23 maxPacketCount=2621440 tag=192 flow_id=1508 at time=31882095
[FLOW_DEBUG] Initiating flow from node=29 to node=17 maxPacketCount=2621440 tag=192 flow_id=1754 at time=31882095
[FLOW_DEBUG] Initiating flow from node=21 to node=17 maxPacketCount=2621440 tag=192 flow_id=1630 at time=31882095
[FLOW_DEBUG] Initiating flow from node=[FLOW_DEBUG] Initiating flow from node=60 to node=56 maxPacketCount=2621440 tag=192 flow_id=1278 at time=31882095
5 to node=25 maxPacketCount=2621440 tag=192 flow_id=1385 at time=31882095
[FLOW_DEBUG] Initiating flow from node=53 to node=33 maxPacketCount=2621440 tag=192 flow_id=2134 at time=31882095
[FLOW_DEBUG] Initiating flow from node=13 to node=25 maxPacketCount=2621440 tag=192 flow_id=1509 at time=31882095
[FLOW_DEBUG] Initiating flow from node=37 to node=15 maxPacketCount=2621440 tag=192 flow_id=1877 at time=31882095
[FLOW_DEBUG] Initiating flow from node=[FLOW_DEBUG] Initiating flow from node=[FLOW_DEBUG] Initiating flow from node=2113 to node=29 to node=19 maxPacketCount=2621440 tag=192 flow_id=1755 at time=31882095
19 maxPacketCount=2621440 tag=192 flow_id=1631 at time=31882095
[FLOW_DEBUG] Initiating flow from node=60 to node=58 maxPacketCount=2621440 tag=192 flow_id=1279 at time=31882095
[FLOW_DEBUG] Initiating flow from node=53 to node=[FLOW_DEBUG] Initiating flow from node=35 maxPacketCount=2621440 tag=192 flow_id=2135 at time=31882095
5 to node= to node=27 maxPacketCount=2621440 tag=27192 maxPacketCount= flow_id=1510 at time=2621440 tag=192 flow_id=1386 at time=31882095
[FLOW_DEBUG] Initiating flow from node=37 to node=17 maxPacketCount=2621440 tag=192 flow_id=1878 at time=31882095
31882095
[FLOW_DEBUG] Initiating flow from node=21 to node=23 maxPacketCount=2621440 tag=192 flow_id=1632 at time=31882095
[FLOW_DEBUG] Initiating flow from node=29 to node=21 maxPacketCount=2621440 tag=192 flow_id=1756 at time=31882095
[FLOW_DEBUG] Initiating flow from node=60 to node=62 maxPacketCount=2621440 tag=192 flow_id=1280 at time=31882095
[FLOW_DEBUG] Initiating flow from node=37 to node=19 maxPacketCount=2621440 tag=192 flow_id=1879 at time=31882095
[FLOW_DEBUG] Initiating flow from node=5 to node=29 maxPacketCount=2621440 tag=192 flow_id=1387 at time=31882095
[FLOW_DEBUG] Initiating flow from node=13 to node=29 maxPacketCount=2621440 tag=192 flow_id=1511 at time=31882095
[FLOW_DEBUG] Initiating flow from node=29 to node=23 maxPacketCount=2621440 tag=192 flow_id=1757 at time=31882095
[FLOW_DEBUG] Initiating flow from node=21 to node=25 maxPacketCount=2621440 tag=192 flow_id=1633 at time=31882095
[FLOW_DEBUG] Initiating flow from node=61 to node=1 maxPacketCount=2621440 tag=192 flow_id=2242 at time=31882095
[FLOW_DEBUG] Initiating flow from node=53 to node=37 maxPacketCount=2621440 tag=192 flow_id=2136 at time=31882095
[FLOW_DEBUG] Initiating flow from node=13 to node=31 maxPacketCount=2621440[FLOW_DEBUG] Initiating flow from node= tag=192 flow_id=51512 to node=31 maxPacketCount= at time=2621440 tag=192 flow_id=1388 at time=31882095
[FLOW_DEBUG] Initiating flow from node=37 to node=21 maxPacketCount=2621440 tag=192 flow_id=1880 at time=31882095
31882095
[FLOW_DEBUG] Initiating flow from node=45 to node=15 maxPacketCount=2621440 tag=192 flow_id=2001 at time=31882095
[FLOW_DEBUG] Initiating flow from node=21 to node=27 maxPacketCount=2621440 tag=192 flow_id=1634 at time=31882095[FLOW_DEBUG] Initiating flow from node=61 to node=3 maxPacketCount=2621440 tag=192 flow_id=2243 at time=31882095
[FLOW_DEBUG] Initiating flow from node=13 to node=33 maxPacketCount=2621440 tag=192 flow_id=1513 at time=31882095
[FLOW_DEBUG] Initiating flow from node=5 to node=33 maxPacketCount=2621440 tag=192 flow_id=1389 at time=[FLOW_DEBUG] Initiating flow from node=31882095
[FLOW_DEBUG] Initiating flow from node=
53[FLOW_DEBUG] Initiating flow from node= to node=39 maxPacketCount=292621440 tag= to node=25 maxPacketCount=2621440192 tag=192 flow_id= flow_id=21371758 at time= at time=31882095
3188209537 to node=23 maxPacketCount=2621440 tag=192 flow_id=1881 at time=31882095

[FLOW_DEBUG] Initiating flow from node=45 to node=17 maxPacketCount=2621440 tag=192 flow_id=2002 at time=31882095
[FLOW_DEBUG] Initiating flow from node=61 to node=5 maxPacketCount=2621440 tag=192 flow_id=2244 at time=31882095
[FLOW_DEBUG] Initiating flow from node=13 to node=35 maxPacketCount=2621440 tag=192 flow_id=1514 at time=31882095
[FLOW_DEBUG] Initiating flow from node=53 to node=41 maxPacketCount=2621440 tag=192 flow_id=2138 at time=31882095
[FLOW_DEBUG] Initiating flow from node=21 to node=29 maxPacketCount=2621440 tag=192 flow_id=1635 at time=31882095
[FLOW_DEBUG] Initiating flow from node=29 to node=27 maxPacketCount=2621440 tag=192 flow_id=1759 at time=31882095
[FLOW_DEBUG] Initiating flow from node=45 to node=19 maxPacketCount=2621440 tag=192 flow_id=2003 at time=31882095
[FLOW_DEBUG] Initiating flow from node=5 to node=35 maxPacketCount=2621440 tag=192 flow_id=1390 at time=31882095
[FLOW_DEBUG] Initiating flow from node=37 to node=25 maxPacketCount=2621440 tag=192 flow_id=1882 at time=31882095
[FLOW_DEBUG] Initiating flow from node=13 to node=37 maxPacketCount=2621440 tag=192 flow_id=1515 at time=31882095
[FLOW_DEBUG] Initiating flow from node=61 to node=7 maxPacketCount=2621440 tag=192 flow_id=2245 at time=31882095
[FLOW_DEBUG] Initiating flow from node=53 to node=43 maxPacketCount=2621440 tag=192 flow_id=2139 at time=31882095
[FLOW_DEBUG] Initiating flow from node=37 to node=27 maxPacketCount=2621440 tag=192 flow_id=1883 at time=31882095
[FLOW_DEBUG] Initiating flow from node=45 to node=21 maxPacketCount=2621440 tag=192 flow_id=2004 at time=31882095
[FLOW_DEBUG] Initiating flow from node=5 to node=37 maxPacketCount=2621440 tag=192 flow_id=1391 at time=31882095
[FLOW_DEBUG] Initiating flow from node=29 to node=31 maxPacketCount=2621440 tag=192 flow_id=1760 at time=31882095
[FLOW_DEBUG] Initiating flow from node=13 to node=39 maxPacketCount=2621440 tag=192 flow_id=1516 at time=31882095
[FLOW_DEBUG] Initiating flow from node=21 to node=31 maxPacketCount=2621440 tag=192 flow_id=1636 at time=31882095
[FLOW_DEBUG] Initiating flow from node=45 to node=23 maxPacketCount=2621440 tag=192 flow_id=2005 at time=31882095
[FLOW_DEBUG] Initiating flow from node=37 to node=29 maxPacketCount=2621440 tag=192 flow_id=1884 at time=31882095
[FLOW_DEBUG] Initiating flow from node=53 to node=45 maxPacketCount=2621440 tag=192 flow_id=2140 at time=31882095
[FLOW_DEBUG] Initiating flow from node=5 to node=39 maxPacketCount=2621440 tag=192 flow_id=1392 at time=31882095
[FLOW_DEBUG] Initiating flow from node=61 to node=9 maxPacketCount=2621440 tag=192 flow_id=2246 at time=31882095
[FLOW_DEBUG] Initiating flow from node=13 to node=41 maxPacketCount=2621440 tag=192 flow_id=1517 at time=31882095
[FLOW_DEBUG] Initiating flow from node=21 to node=33 maxPacketCount=2621440 tag=192 flow_id=1637 at time=31882095
[FLOW_DEBUG] Initiating flow from node=29 to node=33 maxPacketCount=2621440 tag=192 flow_id=1761 at time=31882095
[FLOW_DEBUG] Initiating flow from node=53 to node=47 maxPacketCount=2621440 tag=192 flow_id=2141 at time=31882095
[FLOW_DEBUG] Initiating flow from node=37 to node=31 maxPacketCount=2621440 tag=192 flow_id=1885 at time=31882095
[FLOW_DEBUG] Initiating flow from node=45 to node=25 maxPacketCount=2621440 tag=192 flow_id=2006 at time=31882095
[FLOW_DEBUG] Initiating flow from node=5 to node=41 maxPacketCount=2621440 tag=192 flow_id=1393 at time=31882095
[FLOW_DEBUG] Initiating flow from node=61 to node=11 maxPacketCount=2621440 tag=192 flow_id=2247 at time=31882095
[FLOW_DEBUG] Initiating flow from node=13 to node=43 maxPacketCount=2621440 tag=192 flow_id=1518 at time=31882095
[FLOW_DEBUG] Initiating flow from node=5 to node=43 maxPacketCount=2621440 tag=192 flow_id=1394 at time=31882095
[FLOW_DEBUG] Initiating flow from node=45 to node=27 maxPacketCount=2621440 tag=192 flow_id=2007 at time=31882095
[FLOW_DEBUG] Initiating flow from node=[FLOW_DEBUG] Initiating flow from node=61 to node=13 maxPacketCount=2621440 tag=192 flow_id=2248 at time=31882095
37 to node=33 maxPacketCount=2621440 tag=192 flow_id=1886 at time=31882095
[FLOW_DEBUG] Initiating flow from node=13 to node=45 maxPacketCount=2621440 tag=192 flow_id=1519 at time=31882095
[FLOW_DEBUG] Initiating flow from node=53 to node=49 maxPacketCount=2621440 tag=192 flow_id=2142 at time=31882095
[FLOW_DEBUG] Initiating flow from node=21 to node=35 maxPacketCount=2621440 tag=192 flow_id=1638 at time=31882095
[FLOW_DEBUG] Initiating flow from node=29 to node=35 maxPacketCount=2621440 tag=192 flow_id=1762 at time=31882095
[FLOW_DEBUG] Initiating flow from node=45 to node=29 maxPacketCount=2621440 tag=192 flow_id=2008 at time=31882095
[FLOW_DEBUG] Initiating flow from node=13 to node=47 maxPacketCount=2621440 tag=192 flow_id=1520 at time=31882095
[FLOW_DEBUG] Initiating flow from node=61 to node=15 maxPacketCount=2621440 tag=192 flow_id=2249 at time=31882095
[FLOW_DEBUG] Initiating flow from node=5 to node=45 maxPacketCount=2621440 tag=192 flow_id=1395 at time=31882095
[FLOW_DEBUG] Initiating flow from node=37 to node=35 maxPacketCount=2621440 tag=192 flow_id=1887 at time=31882095
[FLOW_DEBUG] Initiating flow from node=53 to node=51 maxPacketCount=2621440 tag=192 flow_id=2143 at time=31882095
[FLOW_DEBUG] Initiating flow from node=29 to node=37 maxPacketCount=2621440 tag=192 flow_id=1763 at time=31882095
[FLOW_DEBUG] Initiating flow from node=13 to node=49 maxPacketCount=2621440 tag=192 flow_id=1521 at time=31882095
[FLOW_DEBUG] Initiating flow from node=45 to node=31 maxPacketCount=2621440 tag=192 flow_id=2009 at time=31882095
[FLOW_DEBUG] Initiating flow from node=61 to node=17 maxPacketCount=2621440 tag=192 flow_id=2250 at time=31882095
[FLOW_DEBUG] Initiating flow from node=5 to node=47 maxPacketCount=2621440 tag=192 flow_id=1396 at time=31882095
[FLOW_DEBUG] Initiating flow from node=37 to node=39 maxPacketCount=2621440 tag=192 flow_id=1888 at time=31882095
[FLOW_DEBUG] Initiating flow from node=21 to node=37 maxPacketCount=2621440 tag=192 flow_id=1639 at time=31882095
[FLOW_DEBUG] Initiating flow from node=45 to node=33 maxPacketCount=2621440 tag=192 flow_id=2010 at time=31882095
[FLOW_DEBUG] Initiating flow from node=[FLOW_DEBUG] Initiating flow from node=61 to node=19 maxPacketCount=2621440 tag=192 flow_id=2251 at time=31882095
53 to node=55 maxPacketCount=2621440 tag=192 flow_id=2144 at time=31882095
[FLOW_DEBUG] Initiating flow from node=13 to node=51 maxPacketCount=2621440 tag=192 flow_id=1522 at time=31882095
[FLOW_DEBUG] Initiating flow from node=37 to node=41 maxPacketCount=2621440 tag=192 flow_id=1889 at time=31882095
[FLOW_DEBUG] Initiating flow from node=29 to node=39 maxPacketCount=2621440 tag=192 flow_id=1764 at time=31882095
[FLOW_DEBUG] Initiating flow from node=5 to node=49 maxPacketCount=2621440 tag=192 flow_id=1397 at time=31882095
[FLOW_DEBUG] Initiating flow from node=21 to node=39 maxPacketCount=2621440 tag=192 flow_id=1640 at time=31882095
[FLOW_DEBUG] Initiating flow from node=61 to node=21 maxPacketCount=2621440 tag=192 flow_id=2252 at time=31882095
[FLOW_DEBUG] Initiating flow from node=37 to node=43 maxPacketCount=2621440 tag=192 flow_id=1890 at time=31882095
[FLOW_DEBUG] Initiating flow from node=13 to node=53 maxPacketCount=2621440 tag=192 flow_id=1523 at time=31882095
[FLOW_DEBUG] Initiating flow from node=29 to node=41 maxPacketCount=2621440 tag=192 flow_id=1765 at time=31882095
[FLOW_DEBUG] Initiating flow from node=[FLOW_DEBUG] Initiating flow from node=5 to node=51 maxPacketCount=2621440 tag=192 flow_id=1398 at time=31882095
53 to node=57 maxPacketCount=2621440 tag=192 flow_id=2145 at time=31882095
[FLOW_DEBUG] Initiating flow from node=45 to node=35 maxPacketCount=2621440 tag=192 flow_id=2011 at time=31882095
[FLOW_DEBUG] Initiating flow from node=37 to node=45 maxPacketCount=2621440 tag=192 flow_id=1891 at time=31882095
[FLOW_DEBUG] Initiating flow from node=61 to node=23 maxPacketCount=2621440 tag=192 flow_id=2253 at time=31882095
[FLOW_DEBUG] Initiating flow from node=21 to node=41 maxPacketCount=2621440 tag=192 flow_id=1641 at time=31882095
[FLOW_DEBUG] Initiating flow from node=13 to node=55 maxPacketCount=2621440 tag=192 flow_id=1524 at time=31882095
[FLOW_DEBUG] Initiating flow from node=29 to node=43 maxPacketCount=2621440 tag=192 flow_id=1766 at time=31882095
[FLOW_DEBUG] Initiating flow from node=53 to node=59 maxPacketCount=2621440 tag=192 flow_id=2146 at time=31882095
[FLOW_DEBUG] Initiating flow from node=5 to node=53 maxPacketCount=2621440 tag=192 flow_id=1399 at time=31882095
[FLOW_DEBUG] Initiating flow from node=45 to node=37 maxPacketCount=2621440 tag=192 flow_id=2012 at time=31882095
[FLOW_DEBUG] Initiating flow from node=61 to node=25 maxPacketCount=2621440 tag=192 flow_id=2254 at time=31882095
[FLOW_DEBUG] Initiating flow from node=37 to node=47 maxPacketCount=2621440 tag=192 flow_id=1892 at time=31882095
[FLOW_DEBUG] Initiating flow from node=13 to node=57 maxPacketCount=2621440 tag=192 flow_id=1525 at time=31882095
[FLOW_DEBUG] Initiating flow from node=21 to node=43 maxPacketCount=2621440 tag=192 flow_id=1642 at time=31882095
[FLOW_DEBUG] Initiating flow from node=5 to node=55 maxPacketCount=2621440 tag=192 flow_id=1400 at time=31882095
[FLOW_DEBUG] Initiating flow from node=53 to node=61 maxPacketCount=2621440 tag=192 flow_id=2147 at time=31882095
[FLOW_DEBUG] Initiating flow from node=29 to node=45 maxPacketCount=2621440 tag=192 flow_id=1767 at time=31882095
[FLOW_DEBUG] Initiating flow from node=61 to node=27 maxPacketCount=2621440 tag=192 flow_id=2255 at time=31882095
[FLOW_DEBUG] Initiating flow from node=45 to node=39 maxPacketCount=2621440 tag=192 flow_id=2013 at time=31882095
[FLOW_DEBUG] Initiating flow from node=37 to node=49 maxPacketCount=2621440 tag=192 flow_id=1893 at time=31882095
[FLOW_DEBUG] Initiating flow from node=53 to node=63 maxPacketCount=2621440 tag=192 flow_id=2148 at time=31882095
[FLOW_DEBUG] Initiating flow from node=5 to node=57 maxPacketCount=2621440 tag=192 flow_id=1401 at time=31882095
[FLOW_DEBUG] Initiating flow from node=13 to node=59 maxPacketCount=2621440 tag=192 flow_id=1526 at time=31882095
[FLOW_DEBUG] Initiating flow from node=61 to node=29 maxPacketCount=2621440 tag=192 flow_id=2256 at time=31882095
[FLOW_DEBUG] Initiating flow from node=45 to node=41 maxPacketCount=2621440 tag=192 flow_id=2014 at time=31882095
[FLOW_DEBUG] Initiating flow from node=29 to node=47 maxPacketCount=2621440 tag=192 flow_id=1768 at time=31882095
[FLOW_DEBUG] Initiating flow from node=21 to node=45 maxPacketCount=2621440 tag=192 flow_id=1643 at time=31882095
[FLOW_DEBUG] Initiating flow from node=5 to node=59 maxPacketCount=2621440 tag=192 flow_id=1402 at time=31882095
[FLOW_DEBUG] Initiating flow from node=37 to node=51 maxPacketCount=2621440 tag=192 flow_id=1894 at time=31882095
[FLOW_DEBUG] Initiating flow from node=13 to node=61 maxPacketCount=2621440 tag=192 flow_id=1527 at time=31882095
[FLOW_DEBUG] Initiating flow from node=61 to node=31 maxPacketCount=2621440 tag=192 flow_id=2257 at time=31882095
[FLOW_DEBUG] Initiating flow from node=50 to node=0 maxPacketCount=2621440 tag=192 flow_id=1095 at time=31882095
[FLOW_DEBUG] Initiating flow from node=21 to node=47 maxPacketCount=2621440 tag=192 flow_id=1644 at time=31882095
[FLOW_DEBUG] Initiating flow from node=29 to node=49 maxPacketCount=2621440 tag=192 flow_id=1769 at time=31882095
[FLOW_DEBUG] Initiating flow from node=45 to node=43 maxPacketCount=2621440 tag=192 flow_id=2015 at time=31882095
[FLOW_DEBUG] Initiating flow from node=37 to node=53 maxPacketCount=2621440 tag=192 flow_id=1895 at time=31882095
[FLOW_DEBUG] Initiating flow from node=13 to node=63 maxPacketCount=2621440 tag=192 flow_id=1528 at time=31882095
[FLOW_DEBUG] Initiating flow from node=5 to node=61 maxPacketCount=2621440 tag=192 flow_id=1403 at time=31882095
[FLOW_DEBUG] Initiating flow from node=61 to node=33 maxPacketCount=2621440 tag=192 flow_id=2258 at time=31882095
[FLOW_DEBUG] Initiating flow from node=29 to node=51 maxPacketCount=2621440 tag=192 flow_id=1770 at time=31882095
[FLOW_DEBUG] Initiating flow from node=50 to node=2 maxPacketCount=2621440 tag=192 flow_id=1096 at time=31882095
[FLOW_DEBUG] Initiating flow from node=21 to node=49 maxPacketCount=2621440 tag=192 flow_id=1645 at time=31882095
[FLOW_DEBUG] Initiating flow from node=45 to node=47 maxPacketCount=2621440 tag=192 flow_id=2016 at time=31882095
[FLOW_DEBUG] Initiating flow from node=5 to node=63 maxPacketCount=2621440 tag=192 flow_id=1404 at time=31882095
[FLOW_DEBUG] Initiating flow from node=37 to node=55 maxPacketCount=2621440 tag=192 flow_id=1896 at time=31882095
[FLOW_DEBUG] Initiating flow from node=61 to node=35 maxPacketCount=2621440 tag=192 flow_id=2259 at time=31882095
[FLOW_DEBUG] Initiating flow from node=10 to node=0 maxPacketCount=2621440 tag=192 flow_id=475 at time=31882095
[FLOW_DEBUG] Initiating flow from node=21 to node=51 maxPacketCount=2621440 tag=192 flow_id=1646 at time=31882095
[FLOW_DEBUG] Initiating flow from node=29 to node=53 maxPacketCount=2621440 tag=192 flow_id=1771 at time=31882095
[FLOW_DEBUG] Initiating flow from node=45 to node=49 maxPacketCount=2621440 tag=192 flow_id=2017 at time=31882095
[FLOW_DEBUG] Initiating flow from node=50 to node=4 maxPacketCount=2621440 tag=192 flow_id=1097 at time=31882095
[FLOW_DEBUG] Initiating flow from node=2 to node=0 maxPacketCount=2621440 tag=192 flow_id=351 at time=31882095
[FLOW_DEBUG] Initiating flow from node=[FLOW_DEBUG] Initiating flow from node=10 to node=2 maxPacketCount=2621440 tag=192 flow_id=476 at time=31882095
61 to node=37 maxPacketCount=2621440 tag=192 flow_id=2260 at time=31882095
[FLOW_DEBUG] Initiating flow from node=21 to node=53 maxPacketCount=2621440 tag=192 flow_id=1647 at time=31882095
[FLOW_DEBUG] Initiating flow from node=29 to node=55 maxPacketCount=2621440 tag=192 flow_id=1772 at time=31882095
[FLOW_DEBUG] Initiating flow from node=37 to node=57 maxPacketCount=2621440 tag=192 flow_id=1897 at time=31882095
[FLOW_DEBUG] Initiating flow from node=45 to node=51 maxPacketCount=2621440 tag=192 flow_id=2018 at time=31882095
[FLOW_DEBUG] Initiating flow from node=37 to node=59 maxPacketCount=2621440 tag=192 flow_id=1898 at time=31882095
[FLOW_DEBUG] Initiating flow from node=10 to node=4 maxPacketCount=2621440 tag=192 flow_id=477 at time=31882095
[FLOW_DEBUG] Initiating flow from node=29 to node=57 maxPacketCount=2621440 tag=192 flow_id=1773 at time=31882095
[FLOW_DEBUG] Initiating flow from node=61 to node=39 maxPacketCount=2621440 tag=192 flow_id=2261 at time=31882095
[FLOW_DEBUG] Initiating flow from node=50 to node=6 maxPacketCount=2621440 tag=192 flow_id=1098 at time=31882095
[FLOW_DEBUG] Initiating flow from node=21 to node=55 maxPacketCount=2621440 tag=192 flow_id=1648 at time=31882095
[FLOW_DEBUG] Initiating flow from node=45 to node=53 maxPacketCount=2621440 tag=192 flow_id=2019 at time=31882095
[FLOW_DEBUG] Initiating flow from node=2 to node=4 maxPacketCount=2621440 tag=192 flow_id=352 at time=31882095
[FLOW_DEBUG] Initiating flow from node=50 to node=8 maxPacketCount=2621440 tag=192 flow_id=1099 at time=31882095
[FLOW_DEBUG] Initiating flow from node=37 to node=61 maxPacketCount=2621440 tag=192 flow_id=1899 at time=31882095
[FLOW_DEBUG] Initiating flow from node=29 to node=59 maxPacketCount=2621440 tag=192 flow_id=1774 at time=31882095
[FLOW_DEBUG] Initiating flow from node=10 to node=6 maxPacketCount=2621440 tag=192 flow_id=478 at time=31882095
[FLOW_DEBUG] Initiating flow from node=61 to node=41 maxPacketCount=2621440 tag=192 flow_id=2262 at time=31882095
[FLOW_DEBUG] Initiating flow from node=50 to node=10 maxPacketCount=2621440 tag=192 flow_id=1100 at time=31882095
[FLOW_DEBUG] Initiating flow from node=[FLOW_DEBUG] Initiating flow from node=29 to node=61 maxPacketCount=2621440 tag=192 flow_id=1775 at time=31882095
37 to node=63 maxPacketCount=2621440 tag=192 flow_id=1900 at time=31882095
[FLOW_DEBUG] Initiating flow from node=2 to node=6 maxPacketCount=2621440 tag=192 flow_id=353 at time=31882095
[FLOW_DEBUG] Initiating flow from node=10 to node=8 maxPacketCount=2621440 tag=192 flow_id=479 at time=31882095
[FLOW_DEBUG] Initiating flow from node=45 to node=55 maxPacketCount=2621440 tag=192 flow_id=2020 at time=31882095
[FLOW_DEBUG] Initiating flow from node=61 to node=43 maxPacketCount=2621440 tag=192 flow_id=2263 at time=31882095
[FLOW_DEBUG] Initiating flow from node=50 to node=12 maxPacketCount=2621440 tag=192 flow_id=1101 at time=31882095
[FLOW_DEBUG] Initiating flow from node=10 to node=12 maxPacketCount=2621440 tag=192 flow_id=480 at time=31882095
[FLOW_DEBUG] Initiating flow from node=29 to node=63 maxPacketCount=2621440 tag=192 flow_id=1776 at time=31882095
[FLOW_DEBUG] Initiating flow from node=34 to node=0 maxPacketCount=2621440 tag=192 flow_id=847 at time=31882095
[FLOW_DEBUG] Initiating flow from node=61 to node=45 maxPacketCount=2621440 tag=192 flow_id=2264 at time=31882095
[FLOW_DEBUG] Initiating flow from node=45 to node=57 maxPacketCount=2621440 tag=192 flow_id=2021 at time=31882095
[FLOW_DEBUG] Initiating flow from node=2 to node=8 maxPacketCount=2621440 tag=192 flow_id=354 at time=31882095
[FLOW_DEBUG] Initiating flow from node=10 to node=14 maxPacketCount=2621440 tag=192 flow_id=481 at time=31882095
[FLOW_DEBUG] Initiating flow from node=50 to node=14 maxPacketCount=2621440 tag=192 flow_id=1102 at time=31882095
[FLOW_DEBUG] Initiating flow from node=26 to node=0 maxPacketCount=2621440 tag=192 flow_id=723 at time=31882095
[FLOW_DEBUG] Initiating flow from node=34 to node=2 maxPacketCount=2621440 tag=192 flow_id=848 at time=31882095
[FLOW_DEBUG] Initiating flow from node=2 to node=10 maxPacketCount=2621440 tag=192 flow_id=355 at time=31882095
[FLOW_DEBUG] Initiating flow from node=61 to node=47 maxPacketCount=2621440 tag=192 flow_id=2265 at time=31882095
[FLOW_DEBUG] Initiating flow from node=10 to node=16 maxPacketCount=2621440 tag=192 flow_id=482 at time=31882095
[FLOW_DEBUG] Initiating flow from node=45 to node=59 maxPacketCount=2621440 tag=192 flow_id=2022 at time=31882095
[FLOW_DEBUG] Initiating flow from node=50 to node=16 maxPacketCount=2621440 tag=192 flow_id=1103 at time=31882095[FLOW_DEBUG] Initiating flow from node=
26 to node=2 maxPacketCount=2621440 tag=192 flow_id=724 at time=31882095
[FLOW_DEBUG] Initiating flow from node=34 to node=4 maxPacketCount=2621440 tag=192 flow_id=849 at time=31882095
[FLOW_DEBUG] Initiating flow from node=50 to node=18 maxPacketCount=2621440 tag=192 flow_id=1104 at time=31882095
[FLOW_DEBUG] Initiating flow from node=2 to node=12 maxPacketCount=2621440 tag=192 flow_id=356 at time=31882095
[FLOW_DEBUG] Initiating flow from node=45 to node=61 maxPacketCount=2621440 tag=192 flow_id=2023 at time=31882095
[FLOW_DEBUG] Initiating flow from node=10 to node=18 maxPacketCount=2621440 tag=192 flow_id=483 at time=31882095
[FLOW_DEBUG] Initiating flow from node=21 to node=57 maxPacketCount=2621440 tag=192 flow_id=1649 at time=31882095
[FLOW_DEBUG] Initiating flow from node=26 to node=4 maxPacketCount=2621440 tag=192 flow_id=725 at time=31882095
[FLOW_DEBUG] Initiating flow from node=34 to node=6 maxPacketCount=2621440 tag=192 flow_id=850 at time=31882095
[FLOW_DEBUG] Initiating flow from node=61 to node=49 maxPacketCount=2621440 tag=192 flow_id=2266 at time=31882095
[FLOW_DEBUG] Initiating flow from node=50 to node=20 maxPacketCount=2621440 tag=192 flow_id=1105 at time=31882095
[FLOW_DEBUG] Initiating flow from node=2 to node=14 maxPacketCount=2621440 tag=192 flow_id=357 at time=31882095
[FLOW_DEBUG] Initiating flow from node=10 to node=20 maxPacketCount=2621440 tag=192 flow_id=484 at time=31882095
[FLOW_DEBUG] Initiating flow from node=26 to node=6 maxPacketCount=2621440 tag=192 flow_id=726 at time=31882095
[FLOW_DEBUG] Initiating flow from node=34 to node=8 maxPacketCount=2621440 tag=192 flow_id=851 at time=31882095
[FLOW_DEBUG] Initiating flow from node=45 to node=63 maxPacketCount=2621440 tag=192 flow_id=2024 at time=31882095
[FLOW_DEBUG] Initiating flow from node=21 to node=59 maxPacketCount=2621440 tag=192 flow_id=1650 at time=31882095
[FLOW_DEBUG] Initiating flow from node=10 to node=22 maxPacketCount=2621440 tag=192 flow_id=485 at time=31882095
[FLOW_DEBUG] Initiating flow from node=50 to node=22 maxPacketCount=2621440 tag=192 flow_id=1106 at time=31882095
[FLOW_DEBUG] Initiating flow from node=2 to node=16 maxPacketCount=2621440 tag=192 flow_id=358 at time=31882095
[FLOW_DEBUG] Initiating flow from node=26 to node=8 maxPacketCount=2621440 tag=192 flow_id=727 at time=31882095
[FLOW_DEBUG] Initiating flow from node=61 to node=51 maxPacketCount=2621440 tag=192 flow_id=2267 at time=[FLOW_DEBUG] Initiating flow from node=34 to node=10 maxPacketCount=2621440 tag=192 flow_id=852 at time=31882095
31882095
[FLOW_DEBUG] Initiating flow from node=50 to node=24 maxPacketCount=2621440 tag=192 flow_id=1107 at time=31882095
[FLOW_DEBUG] Initiating flow from node=10 to node=24 maxPacketCount=2621440 tag=192 flow_id=486 at time=31882095
[FLOW_DEBUG] Initiating flow from node=2 to node=18 maxPacketCount=2621440 tag=192 flow_id=359 at time=31882095
[FLOW_DEBUG] Initiating flow from node=21 to node=61 maxPacketCount=2621440 tag=192 flow_id=1651 at time=31882095
[FLOW_DEBUG] Initiating flow from node=42 to node=0 maxPacketCount=2621440 tag=192 flow_id=971 at time=31882095
[FLOW_DEBUG] Initiating flow from node=50 to node=26 maxPacketCount=2621440 tag=192 flow_id=1108 at time=31882095
[FLOW_DEBUG] Initiating flow from node=34 to node=12 maxPacketCount=2621440 tag=192 flow_id=853 at time=31882095
[FLOW_DEBUG] Initiating flow from node=26 to node=10 maxPacketCount=2621440 tag=192 flow_id=728 at time=31882095
[FLOW_DEBUG] Initiating flow from node=10 to node=26 maxPacketCount=2621440 tag=192 flow_id=487 at time=31882095
[FLOW_DEBUG] Initiating flow from node=2 to node=20 maxPacketCount=2621440 tag=192 flow_id=360 at time=31882095
[FLOW_DEBUG] Initiating flow from node=61 to node=53 maxPacketCount=2621440 tag=192 flow_id=2268 at time=31882095
[FLOW_DEBUG] Initiating flow from node=50 to node=28 maxPacketCount=2621440 tag=192 flow_id=1109 at time=31882095
[FLOW_DEBUG] Initiating flow from node=21 to node=63 maxPacketCount=2621440 tag=192 flow_id=1652 at time=31882095
[FLOW_DEBUG] Initiating flow from node=34 to node=14 maxPacketCount=2621440 tag=192 flow_id=854 at time=31882095
[FLOW_DEBUG] Initiating flow from node=10 to node=28 maxPacketCount=2621440 tag=192 flow_id=488 at time=31882095
[FLOW_DEBUG] Initiating flow from node=42 to node=2 maxPacketCount=2621440 tag=192 flow_id=972 at time=31882095
[FLOW_DEBUG] Initiating flow from node=2 to node=22 maxPacketCount=2621440 tag=192 flow_id=361 at time=31882095
[FLOW_DEBUG] Initiating flow from node=50 to node=30 maxPacketCount=2621440 tag=192 flow_id=1110 at time=31882095
[FLOW_DEBUG] Initiating flow from node=18 to node=0 maxPacketCount=2621440 tag=192 flow_id=599 at time=31882095
[FLOW_DEBUG] Initiating flow from node=26 to node=12 maxPacketCount=2621440 tag=192 flow_id=729 at time=31882095
[FLOW_DEBUG] Initiating flow from node=61 to node=55 maxPacketCount=2621440 tag=192 flow_id=2269 at time=31882095
[FLOW_DEBUG] Initiating flow from node=50 to node=32 maxPacketCount=2621440 tag=192 flow_id=1111 at time=31882095
[FLOW_DEBUG] Initiating flow from node=10 to node=30 maxPacketCount=2621440 tag=192 flow_id=489 at time=31882095
[FLOW_DEBUG] Initiating flow from node=2 to node=24 maxPacketCount=2621440 tag=192 flow_id=362 at time=31882095
[FLOW_DEBUG] Initiating flow from node=34 to node=16 maxPacketCount=2621440 tag=192 flow_id=855 at time=31882095
[FLOW_DEBUG] Initiating flow from node=[FLOW_DEBUG] Initiating flow from node=4218 to node=2 maxPacketCount=2621440 tag=192 flow_id=600 at time=31882095
 to node=4 maxPacketCount=2621440 tag=192 flow_id=973 at time=[FLOW_DEBUG] Initiating flow from node=50 to node=34 maxPacketCount=2621440 tag=192 flow_id=1112 at time=31882095
31882095
[FLOW_DEBUG] Initiating flow from node=10 to node=32 maxPacketCount=2621440 tag=192 flow_id=490 at time=31882095
[FLOW_DEBUG] Initiating flow from node=2 to node=26 maxPacketCount=2621440 tag=192 flow_id=363 at time=31882095
[FLOW_DEBUG] Initiating flow from node=26 to node=14 maxPacketCount=2621440 tag=192 flow_id=730 at time=31882095
[FLOW_DEBUG] Initiating flow from node=18 to node=4 maxPacketCount=2621440 tag=192 flow_id=601 at time=31882095
[FLOW_DEBUG] Initiating flow from node=34 to node=18 maxPacketCount=2621440 tag=192 flow_id=856 at time=31882095
[FLOW_DEBUG] Initiating flow from node=50 to node=36 maxPacketCount=2621440 tag=192 flow_id=1113 at time=31882095
[FLOW_DEBUG] Initiating flow from node=61 to node=57 maxPacketCount=2621440 tag=192 flow_id=2270 at time=31882095
[FLOW_DEBUG] Initiating flow from node=2 to node=28 maxPacketCount=2621440 tag=192 flow_id=364 at time=31882095
[FLOW_DEBUG] Initiating flow from node=42 to node=6 maxPacketCount=2621440 tag=192 flow_id=974 at time=31882095
[FLOW_DEBUG] Initiating flow from node=10 to node=34 maxPacketCount=2621440 tag=192 flow_id=491 at time=31882095
[FLOW_DEBUG] Initiating flow from node=18 to node=6 maxPacketCount=2621440 tag=192 flow_id=602 at time=31882095
[FLOW_DEBUG] Initiating flow from node=50 to node=38 maxPacketCount=2621440 tag=192 flow_id=1114 at time=31882095
[FLOW_DEBUG] Initiating flow from node=34 to node=20 maxPacketCount=2621440 tag=192 flow_id=857 at time=31882095
[FLOW_DEBUG] Initiating flow from node=26 to node=16 maxPacketCount=2621440 tag=192 flow_id=731 at time=31882095
[FLOW_DEBUG] Initiating flow from node=42 to node=8 maxPacketCount=2621440 tag=192 flow_id=975 at time=31882095
[FLOW_DEBUG] Initiating flow from node=2 to node=30 maxPacketCount=2621440 tag=192 flow_id=365 at time=31882095
[FLOW_DEBUG] Initiating flow from node=61 to node=59 maxPacketCount=2621440 tag=192 flow_id=2271 at time=31882095
[FLOW_DEBUG] Initiating flow from node=10 to node=36 maxPacketCount=2621440 tag=192 flow_id=492 at time=31882095
[FLOW_DEBUG] Initiating flow from node=18 to node=8 maxPacketCount=2621440 tag=192 flow_id=603 at time=31882095
[FLOW_DEBUG] Initiating flow from node=50 to node=40 maxPacketCount=2621440 tag=192 flow_id=1115 at time=31882095
[FLOW_DEBUG] Initiating flow from node=34 to node=22 maxPacketCount=2621440 tag=192 flow_id=858 at time=31882095
[FLOW_DEBUG] Initiating flow from node=42 to node=10 maxPacketCount=2621440 tag=192 flow_id=976 at time=31882095
[FLOW_DEBUG] Initiating flow from node=10 to node=38 maxPacketCount=2621440 tag=192 flow_id=493 at time=31882095
[FLOW_DEBUG] Initiating flow from node=26 to node=18 maxPacketCount=2621440 tag=192 flow_id=732 at time=31882095
[FLOW_DEBUG] Initiating flow from node=2 to node=32 maxPacketCount=2621440 tag=192 flow_id=366 at time=31882095
[FLOW_DEBUG] Initiating flow from node=50 to node=42 maxPacketCount=2621440 tag=192 flow_id=1116 at time=31882095
[FLOW_DEBUG] Initiating flow from node=18 to node=10 maxPacketCount=2621440 tag=192 flow_id=604 at time=31882095
[FLOW_DEBUG] Initiating flow from node=34 to node=24 maxPacketCount=2621440 tag=192 flow_id=859 at time=31882095
[FLOW_DEBUG] Initiating flow from node=42 to node=12 maxPacketCount=2621440 tag=192 flow_id=977 at time=31882095
[FLOW_DEBUG] Initiating flow from node=61 to node=63 maxPacketCount=2621440 tag=192 flow_id=2272 at time=31882095
[FLOW_DEBUG] Initiating flow from node=2 to node=34 maxPacketCount=2621440 tag=192 flow_id=367 at time=31882095
[FLOW_DEBUG] Initiating flow from node=50 to node=44 maxPacketCount=2621440 tag=192 flow_id=1117 at time=31882095
[FLOW_DEBUG] Initiating flow from node=18 to node=12 maxPacketCount=2621440 tag=192 flow_id=605 at time=31882095
[FLOW_DEBUG] Initiating flow from node=[FLOW_DEBUG] Initiating flow from node=34 to node=26 maxPacketCount=2621440 tag=192 flow_id=10860 to node= at time=40 maxPacketCount=2621440 tag=31882095192
 flow_id=494 at time=31882095
[FLOW_DEBUG] Initiating flow from node=58 to node=0 maxPacketCount=2621440 tag=192 flow_id=1219 at time=31882095
[FLOW_DEBUG] Initiating flow from node=42 to node=14 maxPacketCount=2621440 tag=192 flow_id=978 at time=31882095
[FLOW_DEBUG] Initiating flow from node=26 to node=20 maxPacketCount=2621440 tag=192 flow_id=733 at time=31882095
[FLOW_DEBUG] Initiating flow from node=58 to node=2 maxPacketCount=2621440 tag=192 flow_id=1220 at time=31882095[FLOW_DEBUG] Initiating flow from node=
50[FLOW_DEBUG] Initiating flow from node=10 to node=42 maxPacketCount=2621440 tag=192 flow_id=495 at time=31882095
[FLOW_DEBUG] Initiating flow from node=18 to node=14 maxPacketCount=2621440 tag=192 flow_id=606[FLOW_DEBUG] Initiating flow from node= at time=2 to node=36 maxPacketCount=2621440 tag=192 flow_id=368 at time=31882095 to node=46 maxPacketCount=2621440 tag=192 flow_id=1118 at time=31882095
31882095

[FLOW_DEBUG] Initiating flow from node=34 to node=28 maxPacketCount=2621440 tag=192 flow_id=861 at time=31882095
[FLOW_DEBUG] Initiating flow from node=10 to node=44 maxPacketCount=2621440 tag=192 flow_id=496 at time=31882095
[FLOW_DEBUG] Initiating flow from node=58 to node=4 maxPacketCount=2621440 tag=192 flow_id=1221 at time=31882095
[FLOW_DEBUG] Initiating flow from node=18 to node=16 maxPacketCount=2621440 tag=192 flow_id=607 at time=31882095
[FLOW_DEBUG] Initiating flow from node=42 to node=16 maxPacketCount=2621440 tag=192 flow_id=979 at time=31882095
[FLOW_DEBUG] Initiating flow from node=50 to node=48 maxPacketCount=2621440 tag=192 flow_id=1119 at time=31882095
[FLOW_DEBUG] Initiating flow from node=26 to node=22 maxPacketCount=2621440 tag=192 flow_id=734 at time=31882095
[FLOW_DEBUG] Initiating flow from node=2 to node=38 maxPacketCount=2621440 tag=192 flow_id=369 at time=31882095
[FLOW_DEBUG] Initiating flow from node=34 to node=30 maxPacketCount=2621440 tag=192 flow_id=862 at time=31882095
[FLOW_DEBUG] Initiating flow from node=10 to node=46 maxPacketCount=2621440 tag=192 flow_id=497 at time=31882095
[FLOW_DEBUG] Initiating flow from node=58 to node=6 maxPacketCount=2621440 tag=192 flow_id=1222 at time=31882095
[FLOW_DEBUG] Initiating flow from node=18 to node=20 maxPacketCount=2621440 tag=192 flow_id=608 at time=31882095
[FLOW_DEBUG] Initiating flow from node=42 to node=18 maxPacketCount=2621440 tag=192 flow_id=980 at time=31882095
[FLOW_DEBUG] Initiating flow from node=50 to node=52 maxPacketCount=2621440 tag=192 flow_id=1120 at time=31882095
[FLOW_DEBUG] Initiating flow from node=34 to node=32 maxPacketCount=2621440 tag=192 flow_id=863 at time=31882095
[FLOW_DEBUG] Initiating flow from node=58 to node=8 maxPacketCount=2621440 tag=192 flow_id=1223 at time=31882095
[FLOW_DEBUG] Initiating flow from node=18 to node=22 maxPacketCount=2621440 tag=192 flow_id=609 at time=31882095
[FLOW_DEBUG] Initiating flow from node=2 to node=40 maxPacketCount=2621440 tag=192 flow_id=370 at time=31882095
[FLOW_DEBUG] Initiating flow from node=26 to node=24 maxPacketCount=2621440 tag=192 flow_id=735 at time=31882095
[FLOW_DEBUG] Initiating flow from node=42 to node=20 maxPacketCount=2621440 tag=192 flow_id=981 at time=31882095
[FLOW_DEBUG] Initiating flow from node=10 to node=48 maxPacketCount=2621440 tag=192 flow_id=498 at time=31882095
[FLOW_DEBUG] Initiating flow from node=50 to node=54 maxPacketCount=2621440 tag=192 flow_id=1121 at time=31882095
[FLOW_DEBUG] Initiating flow from node=34 to node=36 maxPacketCount=2621440 tag=192 flow_id=864 at time=31882095
[FLOW_DEBUG] Initiating flow from node=58 to node=10 maxPacketCount=2621440 tag=192 flow_id=1224 at time=31882095
[FLOW_DEBUG] Initiating flow from node=18 to node=24 maxPacketCount=2621440 tag=192 flow_id=610 at time=31882095
[FLOW_DEBUG] Initiating flow from node=10 to node=50 maxPacketCount=2621440 tag=192 flow_id=499 at time=31882095
[FLOW_DEBUG] Initiating flow from node=42 to node=22 maxPacketCount=2621440 tag=192 flow_id=982 at time=31882095
[FLOW_DEBUG] Initiating flow from node=26 to node=28 maxPacketCount=2621440 tag=192 flow_id=736 at time=31882095
[FLOW_DEBUG] Initiating flow from node=2 to node=42 maxPacketCount=2621440 tag=192 flow_id=371 at time=31882095
[FLOW_DEBUG] Initiating flow from node=58 to node=12 maxPacketCount=2621440 tag=192 flow_id=1225 at time=31882095
[FLOW_DEBUG] Initiating flow from node=50 to node=56 maxPacketCount=2621440 tag=192 flow_id=1122 at time=31882095
[FLOW_DEBUG] Initiating flow from node=34 to node=38 maxPacketCount=2621440 tag=192 flow_id=865 at time=31882095
[FLOW_DEBUG] Initiating flow from node=10 to node=52 maxPacketCount=2621440 tag=192 flow_id=500 at time=31882095
[FLOW_DEBUG] Initiating flow from node=18 to node=26 maxPacketCount=2621440 tag=192 flow_id=611 at time=31882095
[FLOW_DEBUG] Initiating flow from node=42 to node=24 maxPacketCount=2621440 tag=192 flow_id=983 at time=31882095
[FLOW_DEBUG] Initiating flow from node=50 to node=58 maxPacketCount=2621440 tag=192 flow_id=1123 at time=31882095
[FLOW_DEBUG] Initiating flow from node=58 to node=14 maxPacketCount=2621440 tag=192 flow_id=1226 at time=31882095
[FLOW_DEBUG] Initiating flow from node=10 to node=54 maxPacketCount=2621440 tag=192 flow_id=501 at time=31882095
[FLOW_DEBUG] Initiating flow from node=34 to node=40 maxPacketCount=2621440 tag=192 flow_id=866 at time=31882095
[FLOW_DEBUG] Initiating flow from node=42 to node=26 maxPacketCount=2621440 tag=192 flow_id=984 at time=31882095
[FLOW_DEBUG] Initiating flow from node=18 to node=28 maxPacketCount=2621440 tag=192 flow_id=612 at time=31882095
[FLOW_DEBUG] Initiating flow from node=2 to node=44 maxPacketCount=2621440 tag=192 flow_id=372 at time=31882095
[FLOW_DEBUG] Initiating flow from node=26 to node=30 maxPacketCount=2621440 tag=192 flow_id=737 at time=31882095
[FLOW_DEBUG] Initiating flow from node=58 to node=16 maxPacketCount=2621440 tag=192 flow_id=1227 at time=31882095
[FLOW_DEBUG] Initiating flow from node=18 to node=30 maxPacketCount=2621440 tag=192 flow_id=613 at time=31882095
[FLOW_DEBUG] Initiating flow from node=50 to node=60 maxPacketCount=2621440 tag=192 flow_id=1124 at time=31882095
[FLOW_DEBUG] Initiating flow from node=10 to node=56 maxPacketCount=2621440 tag=192 flow_id=502 at time=31882095
[FLOW_DEBUG] Initiating flow from node=42 to node=28 maxPacketCount=2621440 tag=192 flow_id=985 at time=31882095
[FLOW_DEBUG] Initiating flow from node=2 to node=46 maxPacketCount=2621440 tag=192 flow_id=373 at time=31882095
[FLOW_DEBUG] Initiating flow from node=34 to node=42 maxPacketCount=2621440 tag=192 flow_id=867 at time=31882095
[FLOW_DEBUG] Initiating flow from node=58 to node=18 maxPacketCount=2621440 tag=192 flow_id=1228 at time=31882095
[FLOW_DEBUG] Initiating flow from node=26 to node=32 maxPacketCount=2621440 tag=[FLOW_DEBUG] Initiating flow from node=18 to node=32 maxPacketCount=2621440 tag=192 flow_id=614 at time=31882095
[FLOW_DEBUG] Initiating flow from node=10 to node=58 maxPacketCount=2621440 tag=192 flow_id=503 at time=31882095
192 flow_id=738 at time=31882095
[FLOW_DEBUG] Initiating flow from node=42 to node=30 maxPacketCount=2621440 tag=192 flow_id=986 at time=31882095
[FLOW_DEBUG] Initiating flow from node=50 to node=62 maxPacketCount=[FLOW_DEBUG] Initiating flow from node=2 to node=48 maxPacketCount=26214402621440 tag=192 tag= flow_id=374 at time=19231882095 flow_id=
1125 at time=31882095
[FLOW_DEBUG] Initiating flow from node=34 to node=44 maxPacketCount=2621440 tag=192 flow_id=868 at time=31882095
[FLOW_DEBUG] Initiating flow from node=51 to node=1 maxPacketCount=2621440 tag=192 flow_id=2087 at time=31882095
[FLOW_DEBUG] Initiating flow from node=2 to node=50 maxPacketCount=2621440 tag=192 flow_id=375 at time=31882095
[FLOW_DEBUG] Initiating flow from node=18 to node=34 maxPacketCount=2621440 tag=192 flow_id=615 at time=31882095
[FLOW_DEBUG] Initiating flow from node=42 to node=32 maxPacketCount=2621440 tag=192 flow_id=987 at time=31882095
[FLOW_DEBUG] Initiating flow from node=26 to node=34 maxPacketCount=2621440 tag=192 flow_id=739 at time=31882095
[FLOW_DEBUG] Initiating flow from node=58 to node=20 maxPacketCount=2621440 tag=192 flow_id=1229 at time=31882095
[FLOW_DEBUG] Initiating flow from node=10 to node=60 maxPacketCount=2621440 tag=192 flow_id=504 at time=31882095
[FLOW_DEBUG] Initiating flow from node=34 to node=46 maxPacketCount=2621440 tag=192 flow_id=869 at time=31882095
[FLOW_DEBUG] Initiating flow from node=51 to node=3 maxPacketCount=2621440 tag=192 flow_id=2088 at time=31882095
[FLOW_DEBUG] Initiating flow from node=2 to node=52 maxPacketCount=2621440 tag=192 flow_id=376 at time=31882095
[FLOW_DEBUG] Initiating flow from node=42 to node=34 maxPacketCount=2621440 tag=192 flow_id=988 at time=31882095
[FLOW_DEBUG] Initiating flow from node=26 to node=36 maxPacketCount=2621440 tag=192 flow_id=740 at time=31882095
[FLOW_DEBUG] Initiating flow from node=18 to node=36 maxPacketCount=2621440 tag=192 flow_id=616 at time=31882095
[FLOW_DEBUG] Initiating flow from node=10 to node=62 maxPacketCount=2621440 tag=192 flow_id=505 at time=31882095
[FLOW_DEBUG] Initiating flow from node=58 to node=22 maxPacketCount=2621440 tag=192 flow_id=1230 at time=31882095
[FLOW_DEBUG] Initiating flow from node=34 to node=48 maxPacketCount=2621440 tag=192 flow_id=870 at time=[FLOW_DEBUG] Initiating flow from node=31882095[FLOW_DEBUG] Initiating flow from node=
[FLOW_DEBUG] Initiating flow from node=[FLOW_DEBUG] Initiating flow from node=2 to node=54 maxPacketCount=2621440 tag=192 flow_id=377 at time=26 to node=38 maxPacketCount=318820952621440
 tag=51 to node=5 maxPacketCount=2621440 tag=192 flow_id=2089 at time=31882095
[FLOW_DEBUG] Initiating flow from node=[FLOW_DEBUG] Initiating flow from node=42 to node=36 maxPacketCount=1922621440 tag= flow_id=192741 at time= flow_id=1811 to node=38 maxPacketCount=2621440 tag=19231882095 flow_id=617 at time=
98931882095
 to node=1 maxPacketCount=2621440 tag=192 flow_id=1467 at time=31882095
 at time=31882095
[FLOW_DEBUG] Initiating flow from node=58 to node=24 maxPacketCount=2621440 tag=192 flow_id=1231 at time=31882095
[FLOW_DEBUG] Initiating flow from node=18 to node=40 maxPacketCount=2621440 tag=192 flow_id=618 at time=31882095
[FLOW_DEBUG] Initiating flow from node=2 to node=56 maxPacketCount=2621440 tag=192 flow_id=378 at time=31882095
[FLOW_DEBUG] Initiating flow from node=[FLOW_DEBUG] Initiating flow from node=42 to node=38 maxPacketCount=2621440 tag=192 flow_id=990 at time=31882095
34 to node=50 maxPacketCount=2621440 tag=192 flow_id=871 at time=[FLOW_DEBUG] Initiating flow from node=3188209526
[FLOW_DEBUG] Initiating flow from node=51 to node=7 maxPacketCount=2621440 tag=192 flow_id=2090 at time=31882095
 to node=40 maxPacketCount=2621440 tag=192 flow_id=742 at time=31882095
[FLOW_DEBUG] Initiating flow from node=11 to node=3 maxPacketCount=2621440 tag=192 flow_id=1468 at time=31882095
[FLOW_DEBUG] Initiating flow from node=58 to node=26 maxPacketCount=2621440 tag=192 flow_id=1232 at time=31882095
[FLOW_DEBUG] Initiating flow from node=18 to node=42 maxPacketCount=2621440 tag=192 flow_id=619 at time=31882095
[FLOW_DEBUG] Initiating flow from node=42 to node=40 maxPacketCount=2621440 tag=192 flow_id=991 at time=31882095
[FLOW_DEBUG] Initiating flow from node=34 to node=52 maxPacketCount=2621440 tag=192 flow_id=872 at time=31882095
[FLOW_DEBUG] Initiating flow from node=51 to node=9 maxPacketCount=2621440 tag=192 flow_id=2091 at time=31882095
[FLOW_DEBUG] Initiating flow from node=58 to node=28 maxPacketCount=2621440 tag=192 flow_id=1233 at time=31882095
[FLOW_DEBUG] Initiating flow from node=11 to node=5 maxPacketCount=2621440 tag=192 flow_id=1469 at time=[FLOW_DEBUG] Initiating flow from node=2 to node=3188209558 maxPacketCount=
2621440 tag=192 flow_id=379 at time=31882095
[FLOW_DEBUG] Initiating flow from node=34 to node=54 maxPacketCount=2621440 tag=192 flow_id=873 at time=31882095
[FLOW_DEBUG] Initiating flow from node=51 to node=11 maxPacketCount=2621440 tag=192 flow_id=2092 at time=31882095
[FLOW_DEBUG] Initiating flow from node=18 to node=44 maxPacketCount=2621440 tag=192 flow_id=620 at time=31882095
[FLOW_DEBUG] Initiating flow from node=42 to node=44 maxPacketCount=2621440 tag=192 flow_id=992 at time=31882095
[FLOW_DEBUG] Initiating flow from node=58 to node=30 maxPacketCount=2621440 tag=192 flow_id=1234 at time=31882095
[FLOW_DEBUG] Initiating flow from node=34 to node=56 maxPacketCount=2621440 tag=192 flow_id=874 at time=31882095
[FLOW_DEBUG] Initiating flow from node=[FLOW_DEBUG] Initiating flow from node=2 to node=60 maxPacketCount=2621440 tag=192 flow_id=380 at time=51 to node=3188209513
 maxPacketCount=[FLOW_DEBUG] Initiating flow from node=11 to node=7 maxPacketCount=2621440 tag=192 flow_id=1470 at time=31882095
[FLOW_DEBUG] Initiating flow from node=42 to node=46 maxPacketCount=2621440 tag=192 flow_id=993 at time=31882095
2621440 tag=192 flow_id=2093 at time=31882095
[FLOW_DEBUG] Initiating flow from node=18 to node=46 maxPacketCount=2621440 tag=192 flow_id=621 at time=31882095
[FLOW_DEBUG] Initiating flow from node=11 to node=9 maxPacketCount=2621440 tag=192 flow_id=1471 at time=31882095
[FLOW_DEBUG] Initiating flow from node=34 to node=58 maxPacketCount=2621440 tag=192 flow_id=875 at time=31882095
[FLOW_DEBUG] Initiating flow from node=58 to node=32 maxPacketCount=2621440 tag=192 flow_id=1235 at time=31882095
[FLOW_DEBUG] Initiating flow from node=2 to node=62 maxPacketCount=2621440 tag=192 flow_id=381 at time=31882095
[FLOW_DEBUG] Initiating flow from node=42 to node=48 maxPacketCount=2621440 tag=192 flow_id=994 at time=31882095
[FLOW_DEBUG] Initiating flow from node=51 to node=15 maxPacketCount=2621440 tag=192 flow_id=2094 at time=31882095
[FLOW_DEBUG] Initiating flow from node=[FLOW_DEBUG] Initiating flow from node=11 to node=13 maxPacketCount=2621440 tag=192 flow_id=1472 at time=31882095
[FLOW_DEBUG] Initiating flow from node=34 to node=60 maxPacketCount=2621440 tag=192 flow_id=876 at time=31882095
58 to node=34 maxPacketCount=2621440 tag=192 flow_id=1236 at time=31882095
[FLOW_DEBUG] Initiating flow from node=[FLOW_DEBUG] Initiating flow from node=3 to node=1 maxPacketCount=2621440 tag=192 flow_id=1343 at time=31882095
18 to node=48 maxPacketCount=2621440 tag=192 flow_id=622 at time=31882095
[FLOW_DEBUG] Initiating flow from node=42 to node=50 maxPacketCount=2621440 tag=192 flow_id=995 at time=31882095
[FLOW_DEBUG] Initiating flow from node=18 to node=50 maxPacketCount=2621440 tag=192 flow_id=623 at time=31882095
[FLOW_DEBUG] Initiating flow from node=11 to node=15 maxPacketCount=2621440 tag=192 flow_id=1473 at time=31882095
[FLOW_DEBUG] Initiating flow from node=26 to node=42 maxPacketCount=2621440 tag=192 flow_id=743 at time=31882095
[FLOW_DEBUG] Initiating flow from node=58 to node=36 maxPacketCount=2621440 tag=192 flow_id=1237 at time=31882095
[FLOW_DEBUG] Initiating flow from node=51 to node=17 maxPacketCount=2621440 tag=192 flow_id=2095 at time=31882095
[FLOW_DEBUG] Initiating flow from node=3 to node=5 maxPacketCount=2621440 tag=192 flow_id=1344 at time=31882095
[FLOW_DEBUG] Initiating flow from node=42 to node=52 maxPacketCount=2621440 tag=192 flow_id=996 at time=31882095
[FLOW_DEBUG] Initiating flow from node=34 to node=62 maxPacketCount=2621440 tag=192 flow_id=877 at time=31882095
[FLOW_DEBUG] Initiating flow from node=18 to node=52 maxPacketCount=2621440 tag=192 flow_id=624 at time=31882095
[FLOW_DEBUG] Initiating flow from node=11 to node=17 maxPacketCount=2621440 tag=192 flow_id=1474 at time=31882095
[FLOW_DEBUG] Initiating flow from node=58 to node=38 maxPacketCount=2621440 tag=192 flow_id=1238 at time=31882095
[FLOW_DEBUG] Initiating flow from node=51 to node=19 maxPacketCount=2621440 tag=192 flow_id=2096 at time=31882095
[FLOW_DEBUG] Initiating flow from node=26 to node=44 maxPacketCount=2621440 tag=192 flow_id=744 at time=31882095
[FLOW_DEBUG] Initiating flow from node=42 to node=54 maxPacketCount=2621440 tag=192 flow_id=997 at time=31882095
[FLOW_DEBUG] Initiating flow from node=11 to node=19 maxPacketCount=2621440 tag=192 flow_id=1475 at time=31882095
[FLOW_DEBUG] Initiating flow from node=18 to node=54 maxPacketCount=2621440 tag=192 flow_id=625 at time=31882095
[FLOW_DEBUG] Initiating flow from node=3 to node=7 maxPacketCount=2621440 tag=192 flow_id=1345 at time=31882095
[FLOW_DEBUG] Initiating flow from node=[FLOW_DEBUG] Initiating flow from node=35 to node=1 maxPacketCount=2621440 tag=192 flow_id=1839 at time=31882095[FLOW_DEBUG] Initiating flow from node=42 to node=56 maxPacketCount=2621440 tag=192 flow_id=998 at time=31882095

58 to node=40 maxPacketCount=2621440 tag=192 flow_id=1239 at time=31882095
[FLOW_DEBUG] Initiating flow from node=51 to node=21 maxPacketCount=2621440 tag=192 flow_id=2097 at time=31882095
[FLOW_DEBUG] Initiating flow from node=18 to node=56 maxPacketCount=2621440 tag=192 flow_id=626 at time=31882095
[FLOW_DEBUG] Initiating flow from node=42 to node=58 maxPacketCount=2621440 tag=192 flow_id=999 at time=31882095
[FLOW_DEBUG] Initiating flow from node=3 to node=9 maxPacketCount=2621440 tag=192 flow_id=1346 at time=31882095
[FLOW_DEBUG] Initiating flow from node=58 to node=42 maxPacketCount=2621440 tag=192 flow_id=1240 at time=31882095
[FLOW_DEBUG] Initiating flow from node=11 to node=21 maxPacketCount=2621440 tag=192 flow_id=1476 at time=31882095
[FLOW_DEBUG] Initiating flow from node=35 to node=3 maxPacketCount=2621440 tag=192 flow_id=1840 at time=31882095
[FLOW_DEBUG] Initiating flow from node=42 to node=60 maxPacketCount=2621440 tag=192 flow_id=1000 at time=31882095
[FLOW_DEBUG] Initiating flow from node=18 to node=58 maxPacketCount=2621440 tag=192 flow_id=627 at time=31882095
[FLOW_DEBUG] Initiating flow from node=58 to node=44 maxPacketCount=2621440 tag=192 flow_id=1241 at time=31882095
[FLOW_DEBUG] Initiating flow from node=3 to node=11 maxPacketCount=2621440 tag=192 flow_id=1347 at time=31882095
[FLOW_DEBUG] Initiating flow from node=11 to node=23 maxPacketCount=2621440 tag=192 flow_id=1477 at time=31882095
[FLOW_DEBUG] Initiating flow from node=51 to node=23 maxPacketCount=2621440 tag=192 flow_id=2098 at time=31882095
[FLOW_DEBUG] Initiating flow from node=26 to node=46 maxPacketCount=2621440 tag=192 flow_id=745 at time=31882095
[FLOW_DEBUG] Initiating flow from node=[FLOW_DEBUG] Initiating flow from node=58 to node=46 maxPacketCount=2621440 tag=192 flow_id=1242 at time=31882095[FLOW_DEBUG] Initiating flow from node=
[FLOW_DEBUG] Initiating flow from node=18 to node=60 maxPacketCount=2621440 tag=192 flow_id=628 at time=31882095
3 to node=13 maxPacketCount=2621440 tag=192 flow_id=1348 at time=31882095
[FLOW_DEBUG] Initiating flow from node=42 to node=62 maxPacketCount=2621440 tag=192 flow_id=1001 at time=3531882095
 to node=[FLOW_DEBUG] Initiating flow from node=11 to node=25 maxPacketCount=2621440 tag=192 flow_id=1478 at time=31882095
5 maxPacketCount=2621440 tag=192 flow_id=1841 at time=31882095
[FLOW_DEBUG] Initiating flow from node=51 to node=25 maxPacketCount=2621440 tag=192 flow_id=2099 at time=31882095
[FLOW_DEBUG] Initiating flow from node=26 to node=48 maxPacketCount=2621440 tag=192 flow_id=746 at time=31882095
[FLOW_DEBUG] Initiating flow from node=58 to node=48 maxPacketCount=2621440 tag=192 flow_id=1243 at time=31882095
[FLOW_DEBUG] Initiating flow from node=3 to node=15 maxPacketCount=2621440 tag=192 flow_id=1349 at time=31882095
[FLOW_DEBUG] Initiating flow from node=18 to node=62 maxPacketCount=2621440 tag=192 flow_id=629 at time=31882095
[FLOW_DEBUG] Initiating flow from node=35 to node=7 maxPacketCount=2621440 tag=192 flow_id=1842 at time=31882095
[FLOW_DEBUG] Initiating flow from node=11 to node=27 maxPacketCount=2621440 tag=192 flow_id=1479 at time=31882095
[FLOW_DEBUG] Initiating flow from node=51 to node=27 maxPacketCount=2621440 tag=192 flow_id=2100 at time=31882095
[FLOW_DEBUG] Initiating flow from node=43 to node=1 maxPacketCount=2621440 tag=192 flow_id=1963 at time=31882095
[FLOW_DEBUG] Initiating flow from node=26 to node=50 maxPacketCount=2621440 tag=192 flow_id=747 at time=31882095
[FLOW_DEBUG] Initiating flow from node=19 to node=1 maxPacketCount=2621440 tag=192 flow_id=1591 at time=31882095
[FLOW_DEBUG] Initiating flow from node=58 to node=50 maxPacketCount=2621440 tag=192 flow_id=1244 at time=31882095
[FLOW_DEBUG] Initiating flow from node=3 to node=17 maxPacketCount=2621440 tag=192 flow_id=1350 at time=31882095
[FLOW_DEBUG] Initiating flow from node=35 to node=9 maxPacketCount=2621440 tag=192 flow_id=1843 at time=31882095
[FLOW_DEBUG] Initiating flow from node=51 to node=29 maxPacketCount=2621440 tag=192 flow_id=2101 at time=31882095
[FLOW_DEBUG] Initiating flow from node=11 to node=29 maxPacketCount=2621440 tag=192 flow_id=1480 at time=31882095
[FLOW_DEBUG] Initiating flow from node=19 to node=3 maxPacketCount=2621440 tag=192 flow_id=1592 at time=31882095
[FLOW_DEBUG] Initiating flow from node=51 to node=31 maxPacketCount=2621440 tag=192 flow_id=2102 at time=31882095
[FLOW_DEBUG] Initiating flow from node=26 to node=52 maxPacketCount=2621440 tag=192 flow_id=748 at time=31882095
[FLOW_DEBUG] Initiating flow from node=35 to node=11 maxPacketCount=2621440 tag=192 flow_id=1844 at time=31882095
[FLOW_DEBUG] Initiating flow from node=11 to node=31 maxPacketCount=2621440 tag=192 flow_id=1481 at time=31882095
[FLOW_DEBUG] Initiating flow from node=51 to node=33 maxPacketCount=2621440 tag=192 flow_id=2103 at time=31882095
[FLOW_DEBUG] Initiating flow from node=43 to node=3 maxPacketCount=2621440 tag=192 flow_id=1964 at time=31882095
[FLOW_DEBUG] Initiating flow from node=19 to node=5 maxPacketCount=2621440 tag=192 flow_id=1593 at time=31882095
[FLOW_DEBUG] Initiating flow from node=3 to node=19 maxPacketCount=2621440 tag=192 flow_id=1351 at time=31882095
[FLOW_DEBUG] Initiating flow from node=58 to node=52 maxPacketCount=2621440 tag=192 flow_id=1245 at time=31882095
[FLOW_DEBUG] Initiating flow from node=35 to node=13 maxPacketCount=2621440 tag=192 flow_id=1845 at time=31882095
[FLOW_DEBUG] Initiating flow from node=26 to node=54 maxPacketCount=2621440 tag=192 flow_id=749 at time=31882095
[FLOW_DEBUG] Initiating flow from node=19 to node=7 maxPacketCount=2621440 tag=192 flow_id=1594 at time=31882095
[FLOW_DEBUG] Initiating flow from node=43 to node=5 maxPacketCount=2621440 tag=192 flow_id=1965 at time=31882095[FLOW_DEBUG] Initiating flow from node=
51 to node=[FLOW_DEBUG] Initiating flow from node=11 to node=33 maxPacketCount=2621440 tag=192 flow_id=1482 at time=31882095
35 maxPacketCount=2621440 tag=192 flow_id=2104 at time=31882095
[FLOW_DEBUG] Initiating flow from node=35 to node=15 maxPacketCount=2621440 tag=192 flow_id=1846 at time=31882095
[FLOW_DEBUG] Initiating flow from node=3 to node=21 maxPacketCount=2621440 tag=192 flow_id=1352 at time=31882095
[FLOW_DEBUG] Initiating flow from node=19 to node=9 maxPacketCount=2621440 tag=192 flow_id=1595 at time=31882095
[FLOW_DEBUG] Initiating flow from node=58 to node=54 maxPacketCount=2621440 tag=192 flow_id=1246 at time=31882095
[FLOW_DEBUG] Initiating flow from node=43 to node=7 maxPacketCount=2621440 tag=192 flow_id=1966 at time=31882095
[FLOW_DEBUG] Initiating flow from node=11 to node=35 maxPacketCount=2621440 tag=192 flow_id=1483 at time=31882095
[FLOW_DEBUG] Initiating flow from node=51 to node=37 maxPacketCount=2621440 tag=192 flow_id=2105 at time=31882095
[FLOW_DEBUG] Initiating flow from node=26 to node=56 maxPacketCount=2621440 tag=192 flow_id=750 at time=31882095
[FLOW_DEBUG] Initiating flow from node=35 to node=17 maxPacketCount=2621440 tag=192 flow_id=1847 at time=31882095
[FLOW_DEBUG] Initiating flow from node=19 to node=11 maxPacketCount=2621440 tag=192 flow_id=1596 at time=31882095
[FLOW_DEBUG] Initiating flow from node=11 to node=37 maxPacketCount=2621440 tag=192 flow_id=1484 at time=31882095
[FLOW_DEBUG] Initiating flow from node=58 to node=56 maxPacketCount=2621440 tag=192 flow_id=1247 at time=31882095
[FLOW_DEBUG] Initiating flow from node=43 to node=9 maxPacketCount=2621440 tag=192 flow_id=1967 at time=31882095
[FLOW_DEBUG] Initiating flow from node=35 to node=19 maxPacketCount=2621440 tag=192 flow_id=1848 at time=31882095
[FLOW_DEBUG] Initiating flow from node=26 to node=58 maxPacketCount=2621440 tag=192 flow_id=751 at time=31882095
[FLOW_DEBUG] Initiating flow from node=3 to node=23 maxPacketCount=2621440 tag=192 flow_id=1353 at time=31882095
[FLOW_DEBUG] Initiating flow from node=51 to node=39 maxPacketCount=2621440 tag=192 flow_id=2106 at time=31882095
[FLOW_DEBUG] Initiating flow from node=11 to node=39 maxPacketCount=2621440 tag=192 flow_id=1485 at time=31882095
[FLOW_DEBUG] Initiating flow from node=19 to node=13 maxPacketCount=2621440 tag=192 flow_id=1597 at time=31882095
[FLOW_DEBUG] Initiating flow from node=35 to node=21 maxPacketCount=2621440 tag=192 flow_id=1849 at time=31882095
[FLOW_DEBUG] Initiating flow from node=43 to node=11 maxPacketCount=2621440 tag=192 flow_id=1968 at time=31882095
[FLOW_DEBUG] Initiating flow from node=58 to node=60 maxPacketCount=2621440 tag=192 flow_id=1248 at time=31882095
[FLOW_DEBUG] Initiating flow from node=26 to node=60 maxPacketCount=2621440 tag=192 flow_id=752 at time=31882095
[FLOW_DEBUG] Initiating flow from node=3 to node=25 maxPacketCount=2621440 tag=192 flow_id=1354 at time=31882095
[FLOW_DEBUG] Initiating flow from node=51 to node=41 maxPacketCount=2621440 tag=192 flow_id=2107 at time=31882095
[FLOW_DEBUG] Initiating flow from node=19 to node=15 maxPacketCount=2621440 tag=192 flow_id=1598 at time=31882095
[FLOW_DEBUG] Initiating flow from node=11 to node=41 maxPacketCount=2621440 tag=192 flow_id=1486 at time=31882095
[FLOW_DEBUG] Initiating flow from node=35 to node=23 maxPacketCount=2621440 tag=192 flow_id=1850 at time=31882095
[FLOW_DEBUG] Initiating flow from node=26 to node=62 maxPacketCount=2621440 tag=192 flow_id=753 at time=31882095
[FLOW_DEBUG] Initiating flow from node=58 to node=62 maxPacketCount=2621440 tag=192 flow_id=1249 at time=31882095
[FLOW_DEBUG] Initiating flow from node=43 to node=13 maxPacketCount=2621440 tag=192 flow_id=1969 at time=31882095
[FLOW_DEBUG] Initiating flow from node=19 to node=17 maxPacketCount=2621440 tag=192 flow_id=1599 at time=31882095
[FLOW_DEBUG] Initiating flow from node=51 to node=43 maxPacketCount=2621440 tag=192 flow_id=2108 at time=31882095
[FLOW_DEBUG] Initiating flow from node=11 to node=43 maxPacketCount=2621440 tag=192 flow_id=1487 at time=31882095
[FLOW_DEBUG] Initiating flow from node=3 to node=27 maxPacketCount=2621440 tag=192 flow_id=1355 at time=31882095
[FLOW_DEBUG] Initiating flow from node=59 to node=1 maxPacketCount=2621440 tag=192 flow_id=2211 at time=31882095
[FLOW_DEBUG] Initiating flow from node=27 to node=1 maxPacketCount=2621440 tag=192 flow_id=1715 at time=31882095
[FLOW_DEBUG] Initiating flow from node=35 to node=25 maxPacketCount=2621440 tag=192 flow_id=1851 at time=31882095
[FLOW_DEBUG] Initiating flow from node=11 to node=45 maxPacketCount=2621440 tag=192 flow_id=1488 at time=31882095
[FLOW_DEBUG] Initiating flow from node=51 to node=45 maxPacketCount=2621440 tag=192 flow_id=2109 at time=31882095
[FLOW_DEBUG] Initiating flow from node=3 to node=29 maxPacketCount=2621440 tag=192 flow_id=1356 at time=31882095
[FLOW_DEBUG] Initiating flow from node=19 to node=21 maxPacketCount=2621440 tag=192 flow_id=1600 at time=31882095
[FLOW_DEBUG] Initiating flow from node=59 to node=3 maxPacketCount=2621440 tag=192 flow_id=2212 at time=31882095
[FLOW_DEBUG] Initiating flow from node=35 to node=27 maxPacketCount=2621440 tag=192 flow_id=1852 at time=31882095
[FLOW_DEBUG] Initiating flow from node=27 to node=3 maxPacketCount=2621440 tag=192 flow_id=1716 at time=31882095
[FLOW_DEBUG] Initiating flow from node=43 to node=15 maxPacketCount=2621440 tag=192 flow_id=1970 at time=31882095
[FLOW_DEBUG] Initiating flow from node=3 to node=31 maxPacketCount=2621440 tag=192 flow_id=1357 at time=31882095
[FLOW_DEBUG] Initiating flow from node=51 to node=47 maxPacketCount=2621440 tag=192 flow_id=2110 at time=31882095
[FLOW_DEBUG] Initiating flow from node=27 to node=5 maxPacketCount=2621440 tag=192 flow_id=1717 at time=31882095
[FLOW_DEBUG] Initiating flow from node=19 to node=23 maxPacketCount=2621440 tag=192 flow_id=1601 at time=31882095
[FLOW_DEBUG] Initiating flow from node=11 to node=47 maxPacketCount=2621440 tag=192 flow_id=1489 at time=31882095
[FLOW_DEBUG] Initiating flow from node=35 to node=29 maxPacketCount=2621440 tag=192 flow_id=1853 at time=31882095
[FLOW_DEBUG] Initiating flow from node=59 to node=5 maxPacketCount=2621440 tag=192 flow_id=2213 at time=31882095
[FLOW_DEBUG] Initiating flow from node=51 to node=49 maxPacketCount=2621440 tag=192 flow_id=2111 at time=31882095
[FLOW_DEBUG] Initiating flow from node=3 to node=33 maxPacketCount=2621440 tag=192 flow_id=1358 at time=31882095
[FLOW_DEBUG] Initiating flow from node=19 to node=25 maxPacketCount=2621440 tag=192 flow_id=1602 at time=31882095
[FLOW_DEBUG] Initiating flow from node=27 to node=7 maxPacketCount=2621440 tag=192 flow_id=1718 at time=31882095
[FLOW_DEBUG] Initiating flow from node=43 to node=17 maxPacketCount=2621440 tag=192 flow_id=1971 at time=31882095
[FLOW_DEBUG] Initiating flow from node=11 to node=49 maxPacketCount=2621440 tag=192 flow_id=1490 at time=31882095
[FLOW_DEBUG] Initiating flow from node=59 to node=7 maxPacketCount=2621440 tag=192 flow_id=2214 at time=31882095
[FLOW_DEBUG] Initiating flow from node=35 to node=31 maxPacketCount=2621440 tag=192 flow_id=1854 at time=31882095
[FLOW_DEBUG] Initiating flow from node=19 to node=27 maxPacketCount=2621440 tag=192 flow_id=1603 at time=31882095
[FLOW_DEBUG] Initiating flow from node=3 to node=35 maxPacketCount=2621440 tag=192 flow_id=1359 at time=31882095
[FLOW_DEBUG] Initiating flow from node=27 to node=9 maxPacketCount=2621440 tag=192 flow_id=1719 at time=31882095
[FLOW_DEBUG] Initiating flow from node=51 to node=53 maxPacketCount=2621440 tag=192 flow_id=2112 at time=31882095
[FLOW_DEBUG] Initiating flow from node=11 to node=51 maxPacketCount=2621440 tag=192 flow_id=1491 at time=31882095
[FLOW_DEBUG] Initiating flow from node=59 to node=9 maxPacketCount=2621440 tag=192 flow_id=2215 at time=31882095
[FLOW_DEBUG] Initiating flow from node=27 to node=11 maxPacketCount=2621440 tag=192 flow_id=1720 at time=31882095
[FLOW_DEBUG] Initiating flow from node=35 to node=33 maxPacketCount=2621440 tag=192 flow_id=1855 at time=31882095
[FLOW_DEBUG] Initiating flow from node=19 to node=29 maxPacketCount=2621440 tag=192 flow_id=1604 at time=31882095
[FLOW_DEBUG] Initiating flow from node=51 to node=55 maxPacketCount=2621440 tag=192 flow_id=2113 at time=31882095
[FLOW_DEBUG] Initiating flow from node=59 to node=11 maxPacketCount=2621440 tag=192 flow_id=2216 at time=31882095
[FLOW_DEBUG] Initiating flow from node=3 to node=37 maxPacketCount=2621440 tag=192 flow_id=1360 at time=31882095
[FLOW_DEBUG] Initiating flow from node=43 to node=19 maxPacketCount=2621440 tag=192 flow_id=1972 at time=31882095
[FLOW_DEBUG] Initiating flow from node=11 to node=53 maxPacketCount=2621440 tag=192 flow_id=1492 at time=31882095
[FLOW_DEBUG] Initiating flow from node=27 to node=13 maxPacketCount=2621440 tag=192 flow_id=1721 at time=31882095
[FLOW_DEBUG] Initiating flow from node=19 to node=31 maxPacketCount=2621440 tag=192 flow_id=1605 at time=31882095
[FLOW_DEBUG] Initiating flow from node=59 to node=13 maxPacketCount=2621440 tag=192 flow_id=2217 at time=31882095
[FLOW_DEBUG] Initiating flow from node=51 to node=57 maxPacketCount=2621440 tag=192 flow_id=2114 at time=31882095
[FLOW_DEBUG] Initiating flow from node=35 to node=37 maxPacketCount=2621440 tag=192 flow_id=1856 at time=31882095
[FLOW_DEBUG] Initiating flow from node=11 to node=55 maxPacketCount=2621440 tag=192 flow_id=1493 at time=31882095
[FLOW_DEBUG] Initiating flow from node=43[FLOW_DEBUG] Initiating flow from node= to node=21 maxPacketCount=2621440 tag=192 flow_id=1973 at time=3 to node=3188209539 maxPacketCount=
2621440 tag=192 flow_id=1361 at time=31882095
[FLOW_DEBUG] Initiating flow from node=19 to node=33 maxPacketCount=2621440 tag=192 flow_id=1606 at time=31882095
[FLOW_DEBUG] Initiating flow from node=27 to node=15 maxPacketCount=2621440 tag=192 flow_id=1722 at time=31882095
[FLOW_DEBUG] Initiating flow from node=59 to node=15 maxPacketCount=2621440 tag=192 flow_id=2218 at time=31882095
[FLOW_DEBUG] Initiating flow from node=51 to node=59 maxPacketCount=2621440 tag=192 flow_id=2115 at time=31882095
[FLOW_DEBUG] Initiating flow from node=11 to node=57 maxPacketCount=2621440 tag=192 flow_id=1494 at time=31882095
[FLOW_DEBUG] Initiating flow from node=19 to node=35 maxPacketCount=2621440 tag=192 flow_id=1607 at time=31882095
[FLOW_DEBUG] Initiating flow from node=27 to node=17 maxPacketCount=2621440 tag=192 flow_id=1723 at time=31882095
[FLOW_DEBUG] Initiating flow from node=35 to node=39 maxPacketCount=2621440 tag=192 flow_id=1857 at time=31882095
[FLOW_DEBUG] Initiating flow from node=59 to node=17 maxPacketCount=2621440 tag=192 flow_id=2219 at time=31882095
[FLOW_DEBUG] Initiating flow from node=51 to node=61 maxPacketCount=2621440 tag=192 flow_id=2116 at time=31882095
[FLOW_DEBUG] Initiating flow from node=43 to node=23 maxPacketCount=2621440 tag=192 flow_id=1974 at time=31882095
[FLOW_DEBUG] Initiating flow from node=19 to node=37 maxPacketCount=2621440 tag=192 flow_id=1608 at time=31882095
[FLOW_DEBUG] Initiating flow from node=3 to node=41 maxPacketCount=2621440 tag=192 flow_id=1362 at time=31882095
[FLOW_DEBUG] Initiating flow from node=11 to node=59 maxPacketCount=2621440 tag=192 flow_id=1495 at time=31882095
[FLOW_DEBUG] Initiating flow from node=51 to node=63 maxPacketCount=2621440 tag=192 flow_id=2117 at time=31882095
[FLOW_DEBUG] Initiating flow from node=59 to node=19 maxPacketCount=2621440 tag=192 flow_id=2220 at time=31882095
[FLOW_DEBUG] Initiating flow from node=35 to node=41 maxPacketCount=2621440 tag=192 flow_id=1858 at time=31882095
[FLOW_DEBUG] Initiating flow from node=27 to node=19 maxPacketCount=2621440 tag=192 flow_id=1724 at time=31882095
[FLOW_DEBUG] Initiating flow from node=19 to node=39 maxPacketCount=2621440 tag=192 flow_id=1609 at time=31882095
[FLOW_DEBUG] Initiating flow from node=11 to node=61 maxPacketCount=2621440 tag=192 flow_id=1496 at time=31882095
[FLOW_DEBUG] Initiating flow from node=59 to node=21 maxPacketCount=2621440 tag=192 flow_id=2221 at time=31882095
[FLOW_DEBUG] Initiating flow from node=35 to node=43 maxPacketCount=2621440 tag=192 flow_id=1859 at time=31882095
[FLOW_DEBUG] Initiating flow from node=48 to node=0 maxPacketCount=2621440 tag=192 flow_id=1064 at time=31882095
[FLOW_DEBUG] Initiating flow from node=11 to node=63 maxPacketCount=2621440 tag=192 flow_id=1497 at time=31882095
[FLOW_DEBUG] Initiating flow from node=19 to node=41 maxPacketCount=2621440 tag=192 flow_id=1610 at time=31882095
[FLOW_DEBUG] Initiating flow from node=43 to node=25 maxPacketCount=2621440 tag=192 flow_id=1975 at time=31882095
[FLOW_DEBUG] Initiating flow from node=3 to node=43 maxPacketCount=2621440 tag=192 flow_id=1363 at time=31882095
[FLOW_DEBUG] Initiating flow from node=59 to node=23 maxPacketCount=2621440 tag=192 flow_id=2222 at time=31882095
[FLOW_DEBUG] Initiating flow from node=48 to node=2 maxPacketCount=2621440 tag=192 flow_id=1065 at time=31882095
[FLOW_DEBUG] Initiating flow from node=35 to node=45 maxPacketCount=2621440 tag=192 flow_id=1860 at time=31882095
[FLOW_DEBUG] Initiating flow from node=27 to node=21 maxPacketCount=2621440 tag=192 flow_id=1725 at time=31882095
[FLOW_DEBUG] Initiating flow from node=19 to node=43 maxPacketCount=2621440 tag=192 flow_id=1611 at time=31882095
[FLOW_DEBUG] Initiating flow from node=43 to node=27 maxPacketCount=2621440 tag=192 flow_id=1976 at time=31882095
[FLOW_DEBUG] Initiating flow from node=59 to node=25 maxPacketCount=2621440 tag=192 flow_id=2223 at time=31882095
[FLOW_DEBUG] Initiating flow from node=8 to node=0 maxPacketCount=2621440 tag=192 flow_id=444 at time=31882095
[FLOW_DEBUG] Initiating flow from node=48 to node=4 maxPacketCount=2621440 tag=192 flow_id=1066 at time=31882095
[FLOW_DEBUG] Initiating flow from node=19 to node=45 maxPacketCount=2621440 tag=192 flow_id=1612 at time=31882095
[FLOW_DEBUG] Initiating flow from node=27 to node=23 maxPacketCount=2621440 tag=192 flow_id=1726 at time=31882095
[FLOW_DEBUG] Initiating flow from node=3 to node=45 maxPacketCount=2621440 tag=192 flow_id=1364 at time=31882095
[FLOW_DEBUG] Initiating flow from node=43 to node=29 maxPacketCount=2621440 tag=192 flow_id=1977 at time=31882095
[FLOW_DEBUG] Initiating flow from node=8 to node=2 maxPacketCount=2621440 tag=192 flow_id=445 at time=31882095
[FLOW_DEBUG] Initiating flow from node=59 to node=27 maxPacketCount=2621440 tag=192 flow_id=2224 at time=31882095
[FLOW_DEBUG] Initiating flow from node=48 to node=6 maxPacketCount=2621440 tag=192 flow_id=1067 at time=31882095
[FLOW_DEBUG] Initiating flow from node=35 to node=47 maxPacketCount=2621440 tag=192 flow_id=1861 at time=31882095
[FLOW_DEBUG] Initiating flow from node=19 to node=47 maxPacketCount=2621440 tag=192 flow_id=1613 at time=31882095
[FLOW_DEBUG] Initiating flow from node=27 to node=25 maxPacketCount=2621440 tag=192 flow_id=1727 at time=31882095
[FLOW_DEBUG] Initiating flow from node=59 to node=29 maxPacketCount=2621440 tag=192 flow_id=2225 at time=31882095
[FLOW_DEBUG] Initiating flow from node=8 to node=4 maxPacketCount=2621440 tag=192 flow_id=446 at time=31882095
[FLOW_DEBUG] Initiating flow from node=43 to node=31 maxPacketCount=2621440 tag=192 flow_id=1978 at time=31882095
[FLOW_DEBUG] Initiating flow from node=48 to node=8 maxPacketCount=2621440 tag=192 flow_id=1068 at time=31882095
[FLOW_DEBUG] Initiating flow from node=3 to node=47 maxPacketCount=2621440 tag=192 flow_id=1365 at time=31882095
[FLOW_DEBUG] Initiating flow from node=43 to node=33 maxPacketCount=2621440 tag=192 flow_id=1979 at time=31882095
[FLOW_DEBUG] Initiating flow from node=19 to node=49 maxPacketCount=2621440 tag=192 flow_id=1614 at time=31882095
[FLOW_DEBUG] Initiating flow from node=27 to node=29 maxPacketCount=2621440 tag=192 flow_id=1728 at time=31882095
[FLOW_DEBUG] Initiating flow from node=59 to node=31 maxPacketCount=2621440 tag=192 flow_id=2226 at time=31882095
[FLOW_DEBUG] Initiating flow from node=48 to node=10 maxPacketCount=2621440 tag=192 flow_id=1069 at time=31882095
[FLOW_DEBUG] Initiating flow from node=35 to node=49 maxPacketCount=2621440 tag=192 flow_id=1862 at time=31882095
[FLOW_DEBUG] Initiating flow from node=8 to node=6 maxPacketCount=2621440 tag=192 flow_id=447 at time=31882095
[FLOW_DEBUG] Initiating flow from node=48 to node=12 maxPacketCount=2621440 tag=192 flow_id=1070 at time=31882095
[FLOW_DEBUG] Initiating flow from node=43 to node=35 maxPacketCount=2621440 tag=192 flow_id=1980 at time=31882095
[FLOW_DEBUG] Initiating flow from node=27 to node=31 maxPacketCount=2621440 tag=192 flow_id=1729 at time=31882095
[FLOW_DEBUG] Initiating flow from node=59 to node=33 maxPacketCount=2621440 tag=192 flow_id=2227 at time=31882095
[FLOW_DEBUG] Initiating flow from node=19 to node=51 maxPacketCount=2621440 tag=192 flow_id=1615 at time=31882095
[FLOW_DEBUG] Initiating flow from node=3 to node=49 maxPacketCount=2621440 tag=192 flow_id=1366 at time=31882095
[FLOW_DEBUG] Initiating flow from node=8 to node=10 maxPacketCount=2621440 tag=192 flow_id=448 at time=31882095
[FLOW_DEBUG] Initiating flow from node=43 to node=37 maxPacketCount=2621440 tag=192 flow_id=1981 at time=31882095
[FLOW_DEBUG] Initiating flow from node=48 to node=14 maxPacketCount=2621440 tag=192 flow_id=1071 at time=31882095
[FLOW_DEBUG] Initiating flow from node=59 to node=35 maxPacketCount=2621440 tag=192 flow_id=2228 at time=31882095
[FLOW_DEBUG] Initiating flow from node=19 to node=53 maxPacketCount=2621440 tag=192 flow_id=1616 at time=31882095
[FLOW_DEBUG] Initiating flow from node=27 to node=33 maxPacketCount=2621440 tag=192 flow_id=1730 at time=31882095
[FLOW_DEBUG] Initiating flow from node=35 to node=51 maxPacketCount=2621440 tag=192 flow_id=1863 at time=31882095
[FLOW_DEBUG] Initiating flow from node=43 to node=39 maxPacketCount=2621440 tag=192 flow_id=1982 at time=31882095
[FLOW_DEBUG] Initiating flow from node=27 to node=35 maxPacketCount=2621440 tag=192 flow_id=1731 at time=31882095
[FLOW_DEBUG] Initiating flow from node=[FLOW_DEBUG] Initiating flow from node=848 to node=12 maxPacketCount= to node=262144016 tag= maxPacketCount=192 flow_id=4492621440 at time= tag=192 flow_id=318820951072
 at time=31882095
[FLOW_DEBUG] Initiating flow from node=3 to node=51 maxPacketCount=2621440 tag=192 flow_id=1367 at time=31882095
[FLOW_DEBUG] Initiating flow from node=43 to node=41 maxPacketCount=2621440 tag=192 flow_id=1983 at time=31882095
[FLOW_DEBUG] Initiating flow from node=27 to node=37 maxPacketCount=2621440 tag=192 flow_id=1732 at time=31882095
[FLOW_DEBUG] Initiating flow from node=8 to node=14 maxPacketCount=2621440 tag=192 flow_id=450 at time=31882095
[FLOW_DEBUG] Initiating flow from node=59 to node=37 maxPacketCount=2621440 tag=192 flow_id=2229 at time=31882095
[FLOW_DEBUG] Initiating flow from node=35 to node=53 maxPacketCount=2621440 tag=192 flow_id=1864 at time=31882095
[FLOW_DEBUG] Initiating flow from node=[FLOW_DEBUG] Initiating flow from node=27 to node=39 maxPacketCount=2621440 tag=19219 flow_id=1733 to node= at time=55 maxPacketCount=31882095
2621440 tag=192 flow_id=1617 at time=31882095
[FLOW_DEBUG] Initiating flow from node=43 to node=45 maxPacketCount=2621440 tag=192 flow_id=1984 at time=31882095
[FLOW_DEBUG] Initiating flow from node=3 to node=53 maxPacketCount=2621440 tag=192 flow_id=1368 at time=31882095
[FLOW_DEBUG] Initiating flow from node=48 to node=18 maxPacketCount=2621440 tag=192 flow_id=1073 at time=31882095
[FLOW_DEBUG] Initiating flow from node=27 to node=41 maxPacketCount=2621440 tag=192 flow_id=1734 at time=31882095
[FLOW_DEBUG] Initiating flow from node=43 to node=47 maxPacketCount=2621440 tag=192 flow_id=1985 at time=31882095
[FLOW_DEBUG] Initiating flow from node=3 to node=55 maxPacketCount=2621440 tag=192 flow_id=1369 at time=31882095
[FLOW_DEBUG] Initiating flow from node=48 to node=20 maxPacketCount=2621440 tag=192 flow_id=1074 at time=31882095
[FLOW_DEBUG] Initiating flow from node=35 to node=55 maxPacketCount=2621440 tag=192 flow_id=1865 at time=31882095
[FLOW_DEBUG] Initiating flow from node=8 to node=16 maxPacketCount=2621440 tag=192 flow_id=451 at time=31882095
[FLOW_DEBUG] Initiating flow from node=43 to node=49 maxPacketCount=2621440 tag=192 flow_id=1986 at time=31882095
[FLOW_DEBUG] Initiating flow from node=19 to node=57 maxPacketCount=2621440 tag=192 flow_id=1618 at time=[FLOW_DEBUG] Initiating flow from node=3188209559
 to node=39 maxPacketCount=2621440 tag=192 flow_id=2230 at time=31882095
[FLOW_DEBUG] Initiating flow from node=27 to node=43 maxPacketCount=2621440 tag=192 flow_id=1735 at time=31882095
[FLOW_DEBUG] Initiating flow from node=3 to node=57 maxPacketCount=2621440 tag=192 flow_id=1370 at time=31882095
[FLOW_DEBUG] Initiating flow from node=43 to node=51 maxPacketCount=2621440 tag=192 flow_id=1987 at time=31882095
[FLOW_DEBUG] Initiating flow from node=48 to node=22 maxPacketCount=2621440 tag=192 flow_id=1075 at time=31882095
[FLOW_DEBUG] Initiating flow from node=27 to node=45 maxPacketCount=2621440 tag=192 flow_id=1736 at time=31882095
[FLOW_DEBUG] Initiating flow from node=8 to node=18 maxPacketCount=2621440 tag=192 flow_id=452 at time=31882095
[FLOW_DEBUG] Initiating flow from node=59 to node=41 maxPacketCount=2621440 tag=192 flow_id=2231 at time=31882095
[FLOW_DEBUG] Initiating flow from node=35 to node=57 maxPacketCount=2621440 tag=192 flow_id=1866 at time=31882095
[FLOW_DEBUG] Initiating flow from node=3 to node=59 maxPacketCount=2621440 tag=192 flow_id=1371 at time=31882095
[FLOW_DEBUG] Initiating flow from node=19 to node=59 maxPacketCount=2621440 tag=192 flow_id=1619 at time=31882095
[FLOW_DEBUG] Initiating flow from node=27 to node=47 maxPacketCount=2621440 tag=192 flow_id=1737 at time=31882095
[FLOW_DEBUG] Initiating flow from node=48 to node=24 maxPacketCount=2621440 tag=192 flow_id=1076 at time=31882095
[FLOW_DEBUG] Initiating flow from node=43 to node=53 maxPacketCount=2621440 tag=192 flow_id=1988 at time=31882095
[FLOW_DEBUG] Initiating flow from node=59 to node=43 maxPacketCount=2621440 tag=192 flow_id=2232 at time=31882095
[FLOW_DEBUG] Initiating flow from node=8 to node=20 maxPacketCount=2621440 tag=192 flow_id=453 at time=31882095
[FLOW_DEBUG] Initiating flow from node=3 to node=61 maxPacketCount=2621440 tag=192 flow_id=1372 at time=31882095
[FLOW_DEBUG] Initiating flow from node=27 to node=49 maxPacketCount=2621440 tag=192 flow_id=1738 at time=31882095
[FLOW_DEBUG] Initiating flow from node=48 to node=26 maxPacketCount=2621440 tag=192 flow_id=1077 at time=31882095
[FLOW_DEBUG] Initiating flow from node=19 to node=61 maxPacketCount=2621440 tag=192 flow_id=1620 at time=31882095
[FLOW_DEBUG] Initiating flow from node=43 to node=55 maxPacketCount=2621440 tag=192 flow_id=1989 at time=31882095
[FLOW_DEBUG] Initiating flow from node=35 to node=59 maxPacketCount=2621440 tag=192 flow_id=1867 at time=31882095
[FLOW_DEBUG] Initiating flow from node=48 to node=28 maxPacketCount=2621440 tag=192 flow_id=1078 at time=31882095
[FLOW_DEBUG] Initiating flow from node=27 to node=51 maxPacketCount=2621440 tag=192 flow_id=1739 at time=31882095
[FLOW_DEBUG] Initiating flow from node=3 to node=63 maxPacketCount=2621440 tag=192 flow_id=1373 at time=31882095
[FLOW_DEBUG] Initiating flow from node=59 to node=45 maxPacketCount=2621440 tag=192 flow_id=2233 at time=31882095
[FLOW_DEBUG] Initiating flow from node=19 to node=63 maxPacketCount=2621440 tag=192 flow_id=1621 at time=31882095
[FLOW_DEBUG] Initiating flow from node=43[FLOW_DEBUG] Initiating flow from node=8 to node=22 maxPacketCount=2621440 tag=192 flow_id=454 at time= to node=31882095
57 maxPacketCount=2621440 tag=192 flow_id=1990 at time=31882095
[FLOW_DEBUG] Initiating flow from node=27 to node=53 maxPacketCount=2621440 tag=192 flow_id=1740 at time=31882095
[FLOW_DEBUG] Initiating flow from node=35 to node=61 maxPacketCount=2621440 tag=192 flow_id=1868 at time=31882095
[FLOW_DEBUG] Initiating flow from node=0 to node=2 maxPacketCount=2621440 tag=192 flow_id=320 at time=31882095
[FLOW_DEBUG] Initiating flow from node=48 to node=30 maxPacketCount=2621440 tag=192 flow_id=1079 at time=31882095
[FLOW_DEBUG] Initiating flow from node=59 to node=47 maxPacketCount=2621440 tag=192 flow_id=2234 at time=31882095
[FLOW_DEBUG] Initiating flow from node=16 to node=0 maxPacketCount=2621440 tag=192 flow_id=568 at time=31882095
[FLOW_DEBUG] Initiating flow from node=27 to node=55 maxPacketCount=2621440 tag=192 flow_id=1741 at time=31882095
[FLOW_DEBUG] Initiating flow from node=8 to node=24 maxPacketCount=2621440 tag=192 flow_id=455 at time=31882095
[FLOW_DEBUG] Initiating flow from node=43 to node=59 maxPacketCount=2621440 tag=192 flow_id=1991 at time=31882095
[FLOW_DEBUG] Initiating flow from node=0 to node=4 maxPacketCount=2621440 tag=192 flow_id=321 at time=31882095
[FLOW_DEBUG] Initiating flow from node=35 to node=63 maxPacketCount=2621440 tag=192 flow_id=1869 at time=31882095
[FLOW_DEBUG] Initiating flow from node=48 to node=32 maxPacketCount=2621440 tag=192 flow_id=1080 at time=31882095
[FLOW_DEBUG] Initiating flow from node=59 to node=49 maxPacketCount=2621440 tag=192 flow_id=2235 at time=31882095
[FLOW_DEBUG] Initiating flow from node=16 to node=2 maxPacketCount=2621440 tag=192 flow_id=569 at time=31882095
[FLOW_DEBUG] Initiating flow from node=27 to node=57 maxPacketCount=2621440 tag=192 flow_id=1742 at time=31882095
[FLOW_DEBUG] Initiating flow from node=32 to node=0 maxPacketCount=2621440 tag=192 flow_id=816 at time=31882095
[FLOW_DEBUG] Initiating flow from node=8 to node=26 maxPacketCount=2621440 tag=192 flow_id=456 at time=31882095
[FLOW_DEBUG] Initiating flow from node=0 to node=6 maxPacketCount=2621440 tag=192 flow_id=322 at time=31882095
[FLOW_DEBUG] Initiating flow from node=43 to node=61 maxPacketCount=2621440 tag=192 flow_id=1992 at time=31882095
[FLOW_DEBUG] Initiating flow from node=48 to node=34 maxPacketCount=2621440 tag=192 flow_id=1081 at time=31882095
[FLOW_DEBUG] Initiating flow from node=59 to node=51 maxPacketCount=2621440 tag=192 flow_id=2236 at time=31882095
[FLOW_DEBUG] Initiating flow from node=16 to node=4 maxPacketCount=2621440 tag=192 flow_id=570 at time=31882095
[FLOW_DEBUG] Initiating flow from node=0 to node=8 maxPacketCount=2621440 tag=192 flow_id=323 at time=31882095
[FLOW_DEBUG] Initiating flow from node=32 to node=2 maxPacketCount=2621440 tag=192 flow_id=817 at time=31882095
[FLOW_DEBUG] Initiating flow from node=27 to node=59 maxPacketCount=2621440 tag=192 flow_id=1743 at time=31882095
[FLOW_DEBUG] Initiating flow from node=43 to node=63 maxPacketCount=2621440 tag=192 flow_id=1993 at time=31882095
[FLOW_DEBUG] Initiating flow from node=16 to node=6 maxPacketCount=2621440 tag=192 flow_id=571 at time=31882095
[FLOW_DEBUG] Initiating flow from node=8 to node=28 maxPacketCount=2621440 tag=192 flow_id=457 at time=31882095
[FLOW_DEBUG] Initiating flow from node=48 to node=36 maxPacketCount=2621440 tag=192 flow_id=1082 at time=31882095
[FLOW_DEBUG] Initiating flow from node=59 to node=53 maxPacketCount=2621440 tag=192 flow_id=2237 at time=31882095
[FLOW_DEBUG] Initiating flow from node=0 to node=10 maxPacketCount=2621440 tag=192 flow_id=324 at time=31882095
[FLOW_DEBUG] Initiating flow from node=27 to node=61 maxPacketCount=2621440 tag=192 flow_id=1744 at time=31882095
[FLOW_DEBUG] Initiating flow from node=32 to node=4 maxPacketCount=2621440 tag=192 flow_id=818 at time=31882095
[FLOW_DEBUG] Initiating flow from node=16 to node=8 maxPacketCount=2621440 tag=192 flow_id=572 at time=31882095
[FLOW_DEBUG] Initiating flow from node=48 to node=38 maxPacketCount=2621440 tag=192 flow_id=1083 at time=31882095
[FLOW_DEBUG] Initiating flow from node=0 to node=12 maxPacketCount=2621440 tag=192 flow_id=325 at time=31882095
[FLOW_DEBUG] Initiating flow from node=32 to node=6 maxPacketCount=2621440 tag=192 flow_id=819 at time=31882095
[FLOW_DEBUG] Initiating flow from node=8 to node=30 maxPacketCount=2621440 tag=192 flow_id=458 at time=31882095
[FLOW_DEBUG] Initiating flow from node=27 to node=63 maxPacketCount=2621440 tag=192 flow_id=1745 at time=31882095
[FLOW_DEBUG] Initiating flow from node=59 to node=55 maxPacketCount=2621440 tag=192 flow_id=2238 at time=31882095
[FLOW_DEBUG] Initiating flow from node=40 to node=0 maxPacketCount=2621440 tag=192 flow_id=940 at time=31882095
[FLOW_DEBUG] Initiating flow from node=48 to node=40 maxPacketCount=2621440 tag=192 flow_id=1084 at time=31882095
[FLOW_DEBUG] Initiating flow from node=16 to node=10 maxPacketCount=2621440 tag=192 flow_id=573 at time=31882095
[FLOW_DEBUG] Initiating flow from node=32 to node=8 maxPacketCount=2621440 tag=192 flow_id=820 at time=31882095
[FLOW_DEBUG] Initiating flow from node=0 to node=14 maxPacketCount=2621440 tag=192 flow_id=326 at time=31882095
[FLOW_DEBUG] Initiating flow from node=24 to node=0 maxPacketCount=2621440 tag=192 flow_id=692 at time=31882095
[FLOW_DEBUG] Initiating flow from node=32 to node=10 maxPacketCount=2621440 tag=192 flow_id=821 at time=31882095
[FLOW_DEBUG] Initiating flow from node=48 to node=42 maxPacketCount=2621440 tag=192 flow_id=1085 at time=31882095
[FLOW_DEBUG] Initiating flow from node=16 to node=12 maxPacketCount=2621440 tag=192 flow_id=574 at time=31882095
[FLOW_DEBUG] Initiating flow from node=40 to node=2 maxPacketCount=2621440 tag=192 flow_id=941 at time=31882095
[FLOW_DEBUG] Initiating flow from node=59 to node=57 maxPacketCount=2621440 tag=192 flow_id=2239 at time=31882095
[FLOW_DEBUG] Initiating flow from node=0 to node=16 maxPacketCount=2621440 tag=192 flow_id=327 at time=31882095
[FLOW_DEBUG] Initiating flow from node=8 to node=32 maxPacketCount=2621440 tag=192 flow_id=459 at time=31882095
[FLOW_DEBUG] Initiating flow from node=48 to node=44 maxPacketCount=2621440 tag=192 flow_id=1086 at time=31882095
[FLOW_DEBUG] Initiating flow from node=32 to node=12 maxPacketCount=2621440 tag=192 flow_id=822 at time=31882095
[FLOW_DEBUG] Initiating flow from node=24 to node=2 maxPacketCount=2621440 tag=192 flow_id=693 at time=31882095
[FLOW_DEBUG] Initiating flow from node=16 to node=14 maxPacketCount=2621440 tag=192 flow_id=575 at time=31882095
[FLOW_DEBUG] Initiating flow from node=40 to node=4 maxPacketCount=2621440 tag=192 flow_id=942 at time=31882095
[FLOW_DEBUG] Initiating flow from node=0 to node=18 maxPacketCount=2621440 tag=192 flow_id=328 at time=31882095
[FLOW_DEBUG] Initiating flow from node=59 to node=61 maxPacketCount=2621440 tag=192 flow_id=2240 at time=[FLOW_DEBUG] Initiating flow from node=48 to node=46 maxPacketCount=2621440 tag=19231882095 flow_id=
1087 at time=31882095
[FLOW_DEBUG] Initiating flow from node=32 to node=14 maxPacketCount=2621440 tag=192 flow_id=823 at time=31882095
[FLOW_DEBUG] Initiating flow from node=24 to node=4 maxPacketCount=2621440 tag=192 flow_id=694 at time=31882095
[FLOW_DEBUG] Initiating flow from node=16 to node=18 maxPacketCount=2621440 tag=192 flow_id=576 at time=31882095
[FLOW_DEBUG] Initiating flow from node=8 to node=34 maxPacketCount=2621440 tag=192 flow_id=460 at time=31882095
[FLOW_DEBUG] Initiating flow from node=48 to node=50 maxPacketCount=2621440 tag=192 flow_id=1088 at time=31882095
[FLOW_DEBUG] Initiating flow from node=0 to node=20 maxPacketCount=2621440 tag=192 flow_id=329 at time=31882095
[FLOW_DEBUG] Initiating flow from node=32 to node=16 maxPacketCount=2621440 tag=192 flow_id=824 at time=31882095
[FLOW_DEBUG] Initiating flow from node=40 to node=6 maxPacketCount=2621440 tag=192 flow_id=943 at time=31882095
[FLOW_DEBUG] Initiating flow from node=24 to node=6 maxPacketCount=2621440 tag=192 flow_id=695 at time=31882095
[FLOW_DEBUG] Initiating flow from node=48 to node=52 maxPacketCount=2621440 tag=192 flow_id=1089 at time=31882095
[FLOW_DEBUG] Initiating flow from node=[FLOW_DEBUG] Initiating flow from node=8 to node=36 maxPacketCount=2621440 tag=192 flow_id=461 at time=31882095[FLOW_DEBUG] Initiating flow from node=32 to node=18 maxPacketCount=262144016
 tag=192 to node= flow_id=825 at time=31882095
[FLOW_DEBUG] Initiating flow from node=0 to node=22 maxPacketCount=2621440 tag=192 flow_id=330 at time=31882095
20 maxPacketCount=2621440 tag=192 flow_id=577 at time=31882095
[FLOW_DEBUG] Initiating flow from node=59 to node=63 maxPacketCount=2621440 tag=192 flow_id=2241 at time=31882095
[FLOW_DEBUG] Initiating flow from node=56 to node=0 maxPacketCount=2621440 tag=192 flow_id=1188 at time=31882095
[FLOW_DEBUG] Initiating flow from node=48 to node=54 maxPacketCount=2621440 tag=192 flow_id=1090 at time=31882095
[FLOW_DEBUG] Initiating flow from node=8 to node=38 maxPacketCount=2621440 tag=192 flow_id=462 at time=31882095
[FLOW_DEBUG] Initiating flow from node=24 to node=8 maxPacketCount=2621440 tag=192 flow_id=696 at time=31882095
[FLOW_DEBUG] Initiating flow from node=40 to node=8 maxPacketCount=2621440 tag=192 flow_id=944 at time=31882095
[FLOW_DEBUG] Initiating flow from node=16 to node=22 maxPacketCount=2621440 tag=192 flow_id=578 at time=31882095
[FLOW_DEBUG] Initiating flow from node=0[FLOW_DEBUG] Initiating flow from node= to node=24 maxPacketCount=2621440 tag=32 to node=20 maxPacketCount=2621440 tag=192192 flow_id= flow_id=826331 at time= at time=31882095
31882095
[FLOW_DEBUG] Initiating flow from node=48 to node=56 maxPacketCount=2621440 tag=192 flow_id=1091 at time=31882095
[FLOW_DEBUG] Initiating flow from node=8 to node=40 maxPacketCount=2621440 tag=192 flow_id=463 at time=31882095
[FLOW_DEBUG] Initiating flow from node=24 to node=10 maxPacketCount=2621440 tag=192 flow_id=697 at time=31882095
[FLOW_DEBUG] Initiating flow from node=56 to node=2 maxPacketCount=2621440 tag=192 flow_id=1189 at time=31882095
[FLOW_DEBUG] Initiating flow from node=16 to node=24 maxPacketCount=2621440 tag=192 flow_id=579 at time=31882095
[FLOW_DEBUG] Initiating flow from node=32 to node=22 maxPacketCount=2621440 tag=192 flow_id=827 at time=31882095
[FLOW_DEBUG] Initiating flow from node=40 to node=10 maxPacketCount=2621440 tag=192 flow_id=945 at time=31882095
[FLOW_DEBUG] Initiating flow from node=0 to node=26 maxPacketCount=2621440 tag=192 flow_id=332 at time=31882095
[FLOW_DEBUG] Initiating flow from node=56 to node=4 maxPacketCount=2621440 tag=192 flow_id=1190 at time=31882095
[FLOW_DEBUG] Initiating flow from node=16 to node=26 maxPacketCount=2621440 tag=192 flow_id=580 at time=31882095
[FLOW_DEBUG] Initiating flow from node=24 to node=12 maxPacketCount=2621440 tag=192 flow_id=[FLOW_DEBUG] Initiating flow from node=6988 to node=42 maxPacketCount= at time=2621440 tag=192 flow_id=464 at time=31882095
31882095
[FLOW_DEBUG] Initiating flow from node=32 to node=24 maxPacketCount=2621440 tag=192 flow_id=828 at time=31882095
[FLOW_DEBUG] Initiating flow from node=48 to node=58 maxPacketCount=2621440 tag=192 flow_id=1092 at time=31882095
[FLOW_DEBUG] Initiating flow from node=0 to node=28 maxPacketCount=2621440 tag=192 flow_id=333 at time=31882095
[FLOW_DEBUG] Initiating flow from node=40 to node=12 maxPacketCount=2621440 tag=192 flow_id=946 at time=31882095
[FLOW_DEBUG] Initiating flow from node=32 to node=26 maxPacketCount=2621440 tag=192 flow_id=829 at time=31882095
[FLOW_DEBUG] Initiating flow from node=56 to node=6 maxPacketCount=2621440 tag=192 flow_id=1191 at time=31882095
[FLOW_DEBUG] Initiating flow from node=48 to node=60 maxPacketCount=2621440 tag=192 flow_id=1093 at time=31882095
[FLOW_DEBUG] Initiating flow from node=16 to node=28 maxPacketCount=2621440 tag=192 flow_id=581 at time=31882095
[FLOW_DEBUG] Initiating flow from node=8 to node=44 maxPacketCount=2621440 tag=192 flow_id=465 at time=31882095
[FLOW_DEBUG] Initiating flow from node=0 to node=30 maxPacketCount=2621440 tag=192 flow_id=334 at time=31882095
[FLOW_DEBUG] Initiating flow from node=24 to node=14 maxPacketCount=2621440 tag=192 flow_id=699 at time=31882095
[FLOW_DEBUG] Initiating flow from node=56 to node=8 maxPacketCount=2621440 tag=192 flow_id=1192 at time=31882095
[FLOW_DEBUG] Initiating flow from node=48 to node=62 maxPacketCount=2621440 tag=192 flow_id=1094 at time=31882095
[FLOW_DEBUG] Initiating flow from node=32 to node=28 maxPacketCount=2621440 tag=192 flow_id=830 at time=31882095
[FLOW_DEBUG] Initiating flow from node=16 to node=30 maxPacketCount=2621440 tag=192 flow_id=582 at time=31882095
[FLOW_DEBUG] Initiating flow from node=8 to node=46 maxPacketCount=2621440 tag=192 flow_id=466 at time=31882095
[FLOW_DEBUG] Initiating flow from node=40 to node=14 maxPacketCount=2621440 tag=192 flow_id=947 at time=31882095
[FLOW_DEBUG] Initiating flow from node=24 to node=16 maxPacketCount=2621440 tag=192 flow_id=700 at time=31882095
[FLOW_DEBUG] Initiating flow from node=56 to node=10 maxPacketCount=2621440 tag=192 flow_id=1193 at time=31882095
[FLOW_DEBUG] Initiating flow from node=32 to node=30 maxPacketCount=2621440 tag=192 flow_id=831 at time=31882095
[FLOW_DEBUG] Initiating flow from node=8 to node=48 maxPacketCount=2621440 tag=192 flow_id=467 at time=31882095
[FLOW_DEBUG] Initiating flow from node=49 to node=1 maxPacketCount=2621440 tag=192 flow_id=2056 at time=31882095
[FLOW_DEBUG] Initiating flow from node=16 to node=32 maxPacketCount=2621440 tag=192 flow_id=583 at time=31882095
[FLOW_DEBUG] Initiating flow from node=8 to node=50 maxPacketCount=2621440 tag=192 flow_id=468 at time=31882095
[FLOW_DEBUG] Initiating flow from node=24 to node=18 maxPacketCount=2621440 tag=192 flow_id=701 at time=31882095
[FLOW_DEBUG] Initiating flow from node=32 to node=34 maxPacketCount=2621440 tag=192 flow_id=832 at time=31882095
[FLOW_DEBUG] Initiating flow from node=[FLOW_DEBUG] Initiating flow from node=56 to node=12 maxPacketCount=2621440 tag=40192 flow_id=1194 at time= to node=16 maxPacketCount=318820952621440
 tag=192 flow_id=948 at time=31882095
[FLOW_DEBUG] Initiating flow from node=24 to node=20 maxPacketCount=2621440 tag=192 flow_id=702 at time=31882095
[FLOW_DEBUG] Initiating flow from node=56 to node=14 maxPacketCount=2621440 tag=192 flow_id=1195 at time=31882095
[FLOW_DEBUG] Initiating flow from node=32 to node=36 maxPacketCount=2621440 tag=192 flow_id=833 at time=31882095
[FLOW_DEBUG] Initiating flow from node=16 to node=34 maxPacketCount=2621440 tag=192 flow_id=584 at time=31882095
[FLOW_DEBUG] Initiating flow from node=8 to node=52 maxPacketCount=2621440 tag=192 flow_id=469 at time=31882095
[FLOW_DEBUG] Initiating flow from node=40 to node=18 maxPacketCount=2621440 tag=192 flow_id=949 at time=31882095
[FLOW_DEBUG] Initiating flow from node=49 to node=3 maxPacketCount=2621440 tag=192 flow_id=2057 at time=31882095
[FLOW_DEBUG] Initiating flow from node=56 to node=16 maxPacketCount=2621440 tag=192 flow_id=1196 at time=31882095
[FLOW_DEBUG] Initiating flow from node=0 to node=32 maxPacketCount=2621440 tag=192 flow_id=335 at time=31882095
[FLOW_DEBUG] Initiating flow from node=16 to node=36 maxPacketCount=2621440 tag=192 flow_id=585 at time=31882095
[FLOW_DEBUG] Initiating flow from node=24 to node=22 maxPacketCount=2621440 tag=192 flow_id=703 at time=31882095
[FLOW_DEBUG] Initiating flow from node=32 to node=38 maxPacketCount=2621440 tag=192 flow_id=[FLOW_DEBUG] Initiating flow from node=49 to node=5 maxPacketCount=2621440 tag=192 flow_id=834 at time=2058 at time=31882095
31882095
[FLOW_DEBUG] Initiating flow from node=8 to node=54 maxPacketCount=2621440 tag=192 flow_id=470 at time=31882095
[FLOW_DEBUG] Initiating flow from node=40 to node=20 maxPacketCount=2621440 tag=192 flow_id=950 at time=31882095
[FLOW_DEBUG] Initiating flow from node=56 to node=18 maxPacketCount=2621440 tag=192 flow_id=1197 at time=31882095
[FLOW_DEBUG] Initiating flow from node=0 to node=34 maxPacketCount=2621440 tag=192 flow_id=336 at time=31882095
[FLOW_DEBUG] Initiating flow from node=8 to node=56 maxPacketCount=2621440 tag=192 flow_id=471 at time=31882095
[FLOW_DEBUG] Initiating flow from node=32 to node=40 maxPacketCount=2621440 tag=192 flow_id=835 at time=31882095
[FLOW_DEBUG] Initiating flow from node=24 to node=26 maxPacketCount=2621440 tag=192 flow_id=704 at time=31882095
[FLOW_DEBUG] Initiating flow from node=16 to node=38 maxPacketCount=2621440 tag=192 flow_id=586 at time=31882095
[FLOW_DEBUG] Initiating flow from node=40 to node=22 maxPacketCount=2621440 tag=192 flow_id=951 at time=31882095
[FLOW_DEBUG] Initiating flow from node=49 to node=7 maxPacketCount=2621440 tag=192 flow_id=2059 at time=31882095
[FLOW_DEBUG] Initiating flow from node=56 to node=20 maxPacketCount=2621440 tag=192 flow_id=1198 at time=31882095
[FLOW_DEBUG] Initiating flow from node=8 to node=58 maxPacketCount=2621440 tag=192 flow_id=472 at time=31882095
[FLOW_DEBUG] Initiating flow from node=32 to node=42 maxPacketCount=2621440 tag=192 flow_id=836 at time=31882095
[FLOW_DEBUG] Initiating flow from node=0 to node=36 maxPacketCount=2621440 tag=192 flow_id=337 at time=31882095
[FLOW_DEBUG] Initiating flow from node=24 to node=28 maxPacketCount=2621440 tag=192 flow_id=705 at time=31882095
[FLOW_DEBUG] Initiating flow from node=16 to node=40 maxPacketCount=2621440 tag=192 flow_id=587 at time=31882095
[FLOW_DEBUG] Initiating flow from node=40 to node=24 maxPacketCount=2621440 tag=192 flow_id=952 at time=31882095
[FLOW_DEBUG] Initiating flow from node=56 to node=22 maxPacketCount=2621440 tag=192 flow_id=1199 at time=31882095
[FLOW_DEBUG] Initiating flow from node=49 to node=9 maxPacketCount=2621440 tag=192 flow_id=2060 at time=31882095
[FLOW_DEBUG] Initiating flow from node=0 to node=38 maxPacketCount=2621440 tag=192 flow_id=338 at time=31882095
[FLOW_DEBUG] Initiating flow from node=8 to node=60 maxPacketCount=2621440 tag=192 flow_id=473 at time=31882095
[FLOW_DEBUG] Initiating flow from node=32 to node=44 maxPacketCount=2621440 tag=192 flow_id=837 at time=31882095
[FLOW_DEBUG] Initiating flow from node=24 to node=30 maxPacketCount=2621440 tag=192 flow_id=706 at time=31882095
[FLOW_DEBUG] Initiating flow from node=16 to node=42 maxPacketCount=2621440 tag=192 flow_id=588 at time=31882095
[FLOW_DEBUG] Initiating flow from node=56 to node=24 maxPacketCount=2621440 tag=192 flow_id=1200 at time=31882095
[FLOW_DEBUG] Initiating flow from node=40 to node=26 maxPacketCount=2621440 tag=192 flow_id=953 at time=31882095
[FLOW_DEBUG] Initiating flow from node=49 to node=11 maxPacketCount=2621440 tag=192 flow_id=2061 at time=31882095
[FLOW_DEBUG] Initiating flow from node=0 to node=40 maxPacketCount=2621440 tag=192 flow_id=339 at time=31882095
[FLOW_DEBUG] Initiating flow from node=8 to node=62 maxPacketCount=2621440 tag=192 flow_id=474 at time=31882095
[FLOW_DEBUG] Initiating flow from node=56 to node=[FLOW_DEBUG] Initiating flow from node=26 maxPacketCount=24 to node=262144032 maxPacketCount= tag=2621440 tag=192192 flow_id=1201 flow_id= at time=707 at time=31882095
31882095
[FLOW_DEBUG] Initiating flow from node=40 to node=28 maxPacketCount=2621440 tag=192 flow_id=954 at time=31882095
[FLOW_DEBUG] Initiating flow from node=49 to node=13 maxPacketCount=2621440 tag=192 flow_id=2062 at time=31882095
[FLOW_DEBUG] Initiating flow from node=16 to node=44 maxPacketCount=2621440 tag=192 flow_id=589 at time=31882095
[FLOW_DEBUG] Initiating flow from node=0 to node=42 maxPacketCount=2621440 tag=192 flow_id=340 at time=31882095
[FLOW_DEBUG] Initiating flow from node=32 to node=46 maxPacketCount=2621440 tag=192 flow_id=838 at time=31882095
[FLOW_DEBUG] Initiating flow from node=24 to node=34 maxPacketCount=2621440 tag=192 flow_id=708 at time=31882095
[FLOW_DEBUG] Initiating flow from node=40 to node=30 maxPacketCount=2621440 tag=192 flow_id=955 at time=31882095
[FLOW_DEBUG] Initiating flow from node=56 to node=28 maxPacketCount=2621440 tag=192 flow_id=1202 at time=31882095
[FLOW_DEBUG] Initiating flow from node=49 to node=15 maxPacketCount=2621440 tag=192 flow_id=2063 at time=31882095
[FLOW_DEBUG] Initiating flow from node=0 to node=44 maxPacketCount=2621440 tag=192 flow_id=341 at time=31882095
[FLOW_DEBUG] Initiating flow from node=56 to node=30 maxPacketCount=2621440 tag=192 flow_id=1203 at time=31882095
[FLOW_DEBUG] Initiating flow from node=24 to node=36 maxPacketCount=2621440 tag=192 flow_id=709 at time=31882095
[FLOW_DEBUG] Initiating flow from node=9 to node=1 maxPacketCount=2621440 tag=192 flow_id=1436 at time=31882095
[FLOW_DEBUG] Initiating flow from node=40 to node=32 maxPacketCount=2621440 tag=192 flow_id=956 at time=31882095
[FLOW_DEBUG] Initiating flow from node=32 to node=48 maxPacketCount=2621440 tag=192 flow_id=839 at time=31882095
[FLOW_DEBUG] Initiating flow from node=16 to node=46 maxPacketCount=2621440 tag=192 flow_id=590 at time=31882095
[FLOW_DEBUG] Initiating flow from node=40 to node=34 maxPacketCount=2621440 tag=192 flow_id=957 at time=31882095
[FLOW_DEBUG] Initiating flow from node=56 to node=32 maxPacketCount=2621440 tag=192 flow_id=1204 at time=31882095
[FLOW_DEBUG] Initiating flow from node=0 to node=46 maxPacketCount=2621440 tag=192 flow_id=342 at time=31882095
[FLOW_DEBUG] Initiating flow from node=9 to node=3 maxPacketCount=2621440 tag=192 flow_id=1437 at time=31882095
[FLOW_DEBUG] Initiating flow from node=24 to node=38 maxPacketCount=2621440 tag=192 flow_id=710 at time=31882095
[FLOW_DEBUG] Initiating flow from node=49 to node=17 maxPacketCount=2621440 tag=192 flow_id=2064 at time=31882095
[FLOW_DEBUG] Initiating flow from node=32 to node=50 maxPacketCount=2621440 tag=192 flow_id=840 at time=31882095
[FLOW_DEBUG] Initiating flow from node=24 to node=40 maxPacketCount=2621440 tag=192 flow_id=711 at time=31882095
[FLOW_DEBUG] Initiating flow from node=56 to node=34 maxPacketCount=2621440 tag=192 flow_id=1205 at time=31882095
[FLOW_DEBUG] Initiating flow from node=40 to node=36 maxPacketCount=2621440 tag=192 flow_id=958 at time=31882095
[FLOW_DEBUG] Initiating flow from node=9 to node=5 maxPacketCount=2621440 tag=192 flow_id=1438 at time=31882095
[FLOW_DEBUG] Initiating flow from node=0 to node=48 maxPacketCount=2621440 tag=192 flow_id=343 at time=31882095
[FLOW_DEBUG] Initiating flow from node=16 to node=48 maxPacketCount=2621440 tag=192 flow_id=591 at time=31882095
[FLOW_DEBUG] Initiating flow from node=32 to node=52 maxPacketCount=2621440 tag=192 flow_id=841 at time=31882095
[FLOW_DEBUG] Initiating flow from node=40 to node=38 maxPacketCount=2621440 tag=192 flow_id=959 at time=31882095
[FLOW_DEBUG] Initiating flow from node=56 to node=36 maxPacketCount=2621440 tag=192 flow_id=1206 at time=31882095
[FLOW_DEBUG] Initiating flow from node=24 to node=42 maxPacketCount=2621440 tag=192 flow_id=712 at time=31882095
[FLOW_DEBUG] Initiating flow from node=[FLOW_DEBUG] Initiating flow from node=49 to node=19 maxPacketCount=2621440 tag=192 flow_id=2065 at time=031882095 to node=50 maxPacketCount=
2621440 tag=192 flow_id=344 at time=31882095
[FLOW_DEBUG] Initiating flow from node=9 to node=7 maxPacketCount=2621440 tag=192 flow_id=1439 at time=31882095
[FLOW_DEBUG] Initiating flow from node=32 to node=54 maxPacketCount=2621440 tag=192 flow_id=842 at time=31882095
[FLOW_DEBUG] Initiating flow from node=24 to node=44 maxPacketCount=2621440 tag=192 flow_id=713 at time=31882095
[FLOW_DEBUG] Initiating flow from node=16 to node=50 maxPacketCount=2621440 tag=192 flow_id=592 at time=31882095
[FLOW_DEBUG] Initiating flow from node=40 to node=42 maxPacketCount=2621440 tag=192 flow_id=960 at time=31882095
[FLOW_DEBUG] Initiating flow from node=49 to node=21 maxPacketCount=2621440 tag=192 flow_id=2066 at time=31882095
[FLOW_DEBUG] Initiating flow from node=0 to node=52 maxPacketCount=2621440 tag=192 flow_id=345 at time=31882095
[FLOW_DEBUG] Initiating flow from node=56 to node=38 maxPacketCount=2621440 tag=192 flow_id=1207 at time=31882095
[FLOW_DEBUG] Initiating flow from node=9 to node=11 maxPacketCount=2621440 tag=192 flow_id=1440 at time=31882095
[FLOW_DEBUG] Initiating flow from node=32 to node=56 maxPacketCount=2621440 tag=192 flow_id=843 at time=31882095
[FLOW_DEBUG] Initiating flow from node=40 to node=44 maxPacketCount=2621440 tag=192 flow_id=961 at time=31882095
[FLOW_DEBUG] Initiating flow from node=56 to node=40 maxPacketCount=2621440 tag=192 flow_id=1208 at time=31882095
[FLOW_DEBUG] Initiating flow from node=49 to node=23 maxPacketCount=2621440 tag=192 flow_id=2067 at time=31882095
[FLOW_DEBUG] Initiating flow from node=24 to node=46 maxPacketCount=2621440 tag=192 flow_id=714 at time=31882095
[FLOW_DEBUG] Initiating flow from node=32 to node=58 maxPacketCount=2621440 tag=192 flow_id=844 at time=31882095
[FLOW_DEBUG] Initiating flow from node=0 to node=54 maxPacketCount=2621440 tag=192 flow_id=346 at time=31882095
[FLOW_DEBUG] Initiating flow from node=9 to node=13 maxPacketCount=2621440 tag=192 flow_id=1441 at time=31882095
[FLOW_DEBUG] Initiating flow from node=16 to node=52 maxPacketCount=2621440 tag=192 flow_id=593 at time=31882095
[FLOW_DEBUG] Initiating flow from node=56 to node=42 maxPacketCount=2621440 tag=192 flow_id=1209 at time=31882095
[FLOW_DEBUG] Initiating flow from node=0 to node=56 maxPacketCount=2621440 tag=192 flow_id=347 at time=31882095
[FLOW_DEBUG] Initiating flow from node=49 to node=25 maxPacketCount=2621440 tag=192 flow_id=2068 at time=31882095
[FLOW_DEBUG] Initiating flow from node=40 to node=46 maxPacketCount=2621440 tag=192 flow_id=962 at time=31882095
[FLOW_DEBUG] Initiating flow from node=24 to node=48 maxPacketCount=2621440 tag=192 flow_id=715 at time=31882095
[FLOW_DEBUG] Initiating flow from node=32 to node=60 maxPacketCount=2621440 tag=192 flow_id=845 at time=31882095
[FLOW_DEBUG] Initiating flow from node=0 to node=58 maxPacketCount=2621440 tag=192 flow_id=348 at time=31882095
[FLOW_DEBUG] Initiating flow from node=56 to node=44 maxPacketCount=2621440 tag=192 flow_id=1210 at time=31882095
[FLOW_DEBUG] Initiating flow from node=[FLOW_DEBUG] Initiating flow from node=32 to node=62 maxPacketCount=2621440 tag=192 flow_id=846 at time=31882095
[FLOW_DEBUG] Initiating flow from node=49 to node=27 maxPacketCount=2621440 tag=192 flow_id=2069 at time=31882095
40 to node=48 maxPacketCount=2621440 tag=192 flow_id=963 at time=31882095
[FLOW_DEBUG] Initiating flow from node=[FLOW_DEBUG] Initiating flow from node=16 to node=54 maxPacketCount=2621440 tag=192 flow_id=594 at time=31882095
24 to node=50 maxPacketCount=2621440 tag=192 flow_id=716 at time=31882095
[FLOW_DEBUG] Initiating flow from node=9 to node=15 maxPacketCount=2621440 tag=192 flow_id=1442 at time=31882095
[FLOW_DEBUG] Initiating flow from node=40 to node=50 maxPacketCount=2621440 tag=192 flow_id=964 at time=31882095
[FLOW_DEBUG] Initiating flow from node=9 to node=17 maxPacketCount=2621440 tag=192 flow_id=1443 at time=31882095
[FLOW_DEBUG] Initiating flow from node=33 to node=1 maxPacketCount=2621440 tag=192 flow_id=1808 at time=31882095
[FLOW_DEBUG] Initiating flow from node=49 to node=29 maxPacketCount=2621440 tag=192 flow_id=2070 at time=31882095
[FLOW_DEBUG] Initiating flow from node=56 to node=46 maxPacketCount=2621440 tag=192 flow_id=1211 at time=31882095
[FLOW_DEBUG] Initiating flow from node=24 to node=52 maxPacketCount=2621440 tag=192 flow_id=717 at time=31882095
[FLOW_DEBUG] Initiating flow from node=16 to node=56 maxPacketCount=2621440 tag=192 flow_id=595 at time=31882095
[FLOW_DEBUG] Initiating flow from node=0 to node=60 maxPacketCount=2621440 tag=192 flow_id=349 at time=31882095
[FLOW_DEBUG] Initiating flow from node=40 to node=52 maxPacketCount=2621440 tag=192 flow_id=965 at time=31882095
[FLOW_DEBUG] Initiating flow from node=33 to node=3 maxPacketCount=2621440 tag=192 flow_id=1809 at time=31882095
[FLOW_DEBUG] Initiating flow from node=9 to node=19 maxPacketCount=2621440 tag=192 flow_id=1444 at time=31882095
[FLOW_DEBUG] Initiating flow from node=49 to node=31 maxPacketCount=2621440 tag=192 flow_id=2071 at time=31882095
[FLOW_DEBUG] Initiating flow from node=24 to node=54 maxPacketCount=2621440 tag=192 flow_id=718 at time=31882095
[FLOW_DEBUG] Initiating flow from node=56 to node=48 maxPacketCount=2621440 tag=192 flow_id=1212 at time=31882095
[FLOW_DEBUG] Initiating flow from node=0 to node=62 maxPacketCount=2621440 tag=192 flow_id=350 at time=31882095
[FLOW_DEBUG] Initiating flow from node=16 to node=58 maxPacketCount=2621440 tag=192 flow_id=596 at time=31882095
[FLOW_DEBUG] Initiating flow from node=33 to node=5 maxPacketCount=2621440 tag=192 flow_id=1810 at time=31882095
[FLOW_DEBUG] Initiating flow from node=9 to node=21 maxPacketCount=2621440 tag=192 flow_id=1445 at time=31882095
[FLOW_DEBUG] Initiating flow from node=40 to node=54 maxPacketCount=2621440 tag=192 flow_id=966 at time=31882095
[FLOW_DEBUG] Initiating flow from node=24 to node=56 maxPacketCount=2621440 tag=192 flow_id=719 at time=31882095
[FLOW_DEBUG] Initiating flow from node=56 to node=50 maxPacketCount=2621440 tag=192 flow_id=1213 at time=31882095
[FLOW_DEBUG] Initiating flow from node=49 to node=33 maxPacketCount=2621440 tag=192 flow_id=2072 at time=31882095
[FLOW_DEBUG] Initiating flow from node=1 to node=3 maxPacketCount=2621440 tag=192 flow_id=1312 at time=31882095
[FLOW_DEBUG] Initiating flow from node=33 to node=7 maxPacketCount=2621440 tag=192 flow_id=1811 at time=31882095
[FLOW_DEBUG] Initiating flow from node=9 to node=23 maxPacketCount=2621440 tag=192 flow_id=1446 at time=31882095
[FLOW_DEBUG] Initiating flow from node=16 to node=60 maxPacketCount=2621440 tag=192 flow_id=597 at time=31882095
[FLOW_DEBUG] Initiating flow from node=40 to node=56 maxPacketCount=2621440 tag=192 flow_id=967 at time=31882095
[FLOW_DEBUG] Initiating flow from node=24 to node=58 maxPacketCount=2621440 tag=192 flow_id=720 at time=31882095
[FLOW_DEBUG] Initiating flow from node=1 to node=5 maxPacketCount=2621440 tag=192 flow_id=1313 at time=31882095
[FLOW_DEBUG] Initiating flow from node=56 to node=52 maxPacketCount=2621440 tag=192 flow_id=1214 at time=31882095
[FLOW_DEBUG] Initiating flow from node=33 to node=9 maxPacketCount=2621440 tag=192 flow_id=1812 at time=31882095
[FLOW_DEBUG] Initiating flow from node=49 to node=35 maxPacketCount=2621440 tag=192 flow_id=2073 at time=31882095
[FLOW_DEBUG] Initiating flow from node=9 to node=25 maxPacketCount=2621440 tag=192 flow_id=1447 at time=31882095
[FLOW_DEBUG] Initiating flow from node=40 to node=58 maxPacketCount=2621440 tag=192 flow_id=968 at time=31882095
[FLOW_DEBUG] Initiating flow from node=16 to node=62 maxPacketCount=2621440 tag=192 flow_id=598 at time=31882095
[FLOW_DEBUG] Initiating flow from node=24 to node=60 maxPacketCount=2621440 tag=192 flow_id=721 at time=31882095
[FLOW_DEBUG] Initiating flow from node=1 to node=7 maxPacketCount=2621440 tag=192 flow_id=1314 at time=31882095
[FLOW_DEBUG] Initiating flow from node=9 to node=27 maxPacketCount=2621440 tag=192 flow_id=1448 at time=31882095
[FLOW_DEBUG] Initiating flow from node=49 to node=37 maxPacketCount=2621440 tag=192 flow_id=2074 at time=31882095
[FLOW_DEBUG] Initiating flow from node=33 to node=11 maxPacketCount=2621440 tag=192 flow_id=1813 at time=31882095
[FLOW_DEBUG] Initiating flow from node=40 to node=60 maxPacketCount=2621440 tag=192 flow_id=969 at time=31882095
[FLOW_DEBUG] Initiating flow from node=56 to node=54 maxPacketCount=2621440 tag=192 flow_id=1215 at time=31882095
[FLOW_DEBUG] Initiating flow from node=17 to node=1 maxPacketCount=2621440 tag=192 flow_id=1560 at time=31882095
[FLOW_DEBUG] Initiating flow from node=24 to node=62 maxPacketCount=2621440 tag=192 flow_id=722 at time=31882095
[FLOW_DEBUG] Initiating flow from node=40 to node=62 maxPacketCount=2621440 tag=192 flow_id=970 at time=31882095
[FLOW_DEBUG] Initiating flow from node=9 to node=29 maxPacketCount=2621440 tag=192 flow_id=1449 at time=31882095
[FLOW_DEBUG] Initiating flow from node=49 to node=39 maxPacketCount=2621440 tag=192 flow_id=2075 at time=31882095
[FLOW_DEBUG] Initiating flow from node=33 to node=13 maxPacketCount=2621440 tag=192 flow_id=1814 at time=31882095
[FLOW_DEBUG] Initiating flow from node=1 to node=9 maxPacketCount=2621440 tag=192 flow_id=1315 at time=31882095
[FLOW_DEBUG] Initiating flow from node=17 to node=3 maxPacketCount=2621440 tag=192 flow_id=1561 at time=31882095
[FLOW_DEBUG] Initiating flow from node=9 to node=31 maxPacketCount=2621440 tag=192 flow_id=1450 at time=31882095
[FLOW_DEBUG] Initiating flow from node=25 to node=1 maxPacketCount=2621440 tag=192 flow_id=1684 at time=31882095
[FLOW_DEBUG] Initiating flow from node=49 to node=41 maxPacketCount=2621440 tag=192 flow_id=2076 at time=31882095
[FLOW_DEBUG] Initiating flow from node=41 to node=1 maxPacketCount=2621440 tag=192 flow_id=1932 at time=31882095
[FLOW_DEBUG] Initiating flow from node=56 to node=58 maxPacketCount=2621440 tag=192 flow_id=1216 at time=31882095
[FLOW_DEBUG] Initiating flow from node=33 to node=15 maxPacketCount=2621440 tag=192 flow_id=1815 at time=31882095
[FLOW_DEBUG] Initiating flow from node=17 to node=5 maxPacketCount=2621440 tag=192 flow_id=1562 at time=31882095
[FLOW_DEBUG] Initiating flow from node=1 to node=11 maxPacketCount=2621440 tag=192 flow_id=1316 at time=31882095
[FLOW_DEBUG] Initiating flow from node=[FLOW_DEBUG] Initiating flow from node=41 to node=25 to node=33 maxPacketCount= maxPacketCount=2621440 tag=2621440192 tag= flow_id=1921933 flow_id=1685 at time= at time=3188209531882095

[FLOW_DEBUG] Initiating flow from node=33 to node=17 maxPacketCount=2621440 tag=192 flow_id=1816 at time=31882095
[FLOW_DEBUG] Initiating flow from node=49 to node=43 maxPacketCount=2621440 tag=192 flow_id=2077 at time=31882095
[FLOW_DEBUG] Initiating flow from node=9 to node=33 maxPacketCount=2621440 tag=192 flow_id=1451 at time=31882095
[FLOW_DEBUG] Initiating flow from node=56 to node=60 maxPacketCount=2621440 tag=192 flow_id=1217 at time=31882095
[FLOW_DEBUG] Initiating flow from node=33 to node=19 maxPacketCount=2621440 tag=192 flow_id=1817 at time=31882095
[FLOW_DEBUG] Initiating flow from node=[FLOW_DEBUG] Initiating flow from node=1 to node=13 maxPacketCount=2621440 tag=192 flow_id=1317 at time=31882095
[FLOW_DEBUG] Initiating flow from node=17 to node=7 maxPacketCount=2621440 tag=192 flow_id=1563 at time=31882095
41 to node=5 maxPacketCount=2621440 tag=192 flow_id=1934 at time=31882095
[FLOW_DEBUG] Initiating flow from node=25 to node=5 maxPacketCount=2621440 tag=192 flow_id=1686 at time=31882095
[FLOW_DEBUG] Initiating flow from node=49 to node=45 maxPacketCount=2621440 tag=192 flow_id=2078 at time=31882095
[FLOW_DEBUG] Initiating flow from node=9 to node=35 maxPacketCount=2621440 tag=192 flow_id=1452 at time=31882095
[FLOW_DEBUG] Initiating flow from node=33 to node=21 maxPacketCount=2621440 tag=192 flow_id=1818 at time=31882095
[FLOW_DEBUG] Initiating flow from node=49 to node=47 maxPacketCount=2621440 tag=192 flow_id=2079 at time=31882095
[FLOW_DEBUG] Initiating flow from node=25 to node=7 maxPacketCount=2621440 tag=192 flow_id=1687 at time=31882095
[FLOW_DEBUG] Initiating flow from node=56 to node=62 maxPacketCount=2621440 tag=192 flow_id=1218 at time=[FLOW_DEBUG] Initiating flow from node=9 to node=37 maxPacketCount=318820952621440
 tag=192 flow_id=1453 at time=31882095
[FLOW_DEBUG] Initiating flow from node=41 to node=7 maxPacketCount=2621440 tag=192 flow_id=1935 at time=31882095
[FLOW_DEBUG] Initiating flow from node=33 to node=23 maxPacketCount=2621440 tag=192 flow_id=1819 at time=31882095
[FLOW_DEBUG] Initiating flow from node=1 to node=15 maxPacketCount=2621440 tag=192 flow_id=1318 at time=31882095
[FLOW_DEBUG] Initiating flow from node=49 to node=51 maxPacketCount=2621440 tag=192 flow_id=2080 at time=31882095
[FLOW_DEBUG] Initiating flow from node=9 to node=39 maxPacketCount=2621440 tag=192 flow_id=1454 at time=31882095
[FLOW_DEBUG] Initiating flow from node=33 to node=25 maxPacketCount=2621440 tag=192 flow_id=1820 at time=31882095
[FLOW_DEBUG] Initiating flow from node=57 to node=1 maxPacketCount=2621440 tag=192 flow_id=2180 at time=31882095
[FLOW_DEBUG] Initiating flow from node=25 to node=9 maxPacketCount=2621440 tag=192 flow_id=1688 at time=31882095
[FLOW_DEBUG] Initiating flow from node=49 to node=53 maxPacketCount=2621440 tag=192 flow_id=2081 at time=31882095
[FLOW_DEBUG] Initiating flow from node=1 to node=17 maxPacketCount=2621440 tag=192 flow_id=1319 at time=31882095
[FLOW_DEBUG] Initiating flow from node=9 to node=41 maxPacketCount=2621440 tag=[FLOW_DEBUG] Initiating flow from node=33 to node=19227 flow_id= maxPacketCount=1455 at time=2621440 tag=192 flow_id=1821 at time=3188209531882095

[FLOW_DEBUG] Initiating flow from node=41 to node=9 maxPacketCount=2621440 tag=192 flow_id=1936 at time=31882095
[FLOW_DEBUG] Initiating flow from node=25 to node=11 maxPacketCount=2621440 tag=192 flow_id=1689 at time=31882095
[FLOW_DEBUG] Initiating flow from node=49 to node=55 maxPacketCount=2621440 tag=192 flow_id=2082 at time=31882095
[FLOW_DEBUG] Initiating flow from node=33 to node=29 maxPacketCount=2621440 tag=192 flow_id=1822 at time=31882095
[FLOW_DEBUG] Initiating flow from node=57 to node=3 maxPacketCount=2621440 tag=192 flow_id=2181 at time=31882095
[FLOW_DEBUG] Initiating flow from node=1 to node=19 maxPacketCount=2621440 tag=192 flow_id=1320 at time=31882095
[FLOW_DEBUG] Initiating flow from node=25 to node=13 maxPacketCount=2621440 tag=192 flow_id=1690 at time=31882095
[FLOW_DEBUG] Initiating flow from node=9 to node=43 maxPacketCount=2621440 tag=192 flow_id=1456 at time=31882095
[FLOW_DEBUG] Initiating flow from node=41 to node=11 maxPacketCount=2621440 tag=192 flow_id=1937 at time=31882095
[FLOW_DEBUG] Initiating flow from node=1 to node=21 maxPacketCount=2621440 tag=192 flow_id=1321 at time=31882095
[FLOW_DEBUG] Initiating flow from node=49 to node=57 maxPacketCount=2621440 tag=192 flow_id=2083 at time=31882095
[FLOW_DEBUG] Initiating flow from node=57 to node=5 maxPacketCount=2621440 tag=192 flow_id=2182 at time=31882095
[FLOW_DEBUG] Initiating flow from node=33 to node=31 maxPacketCount=2621440 tag=192 flow_id=1823 at time=31882095
[FLOW_DEBUG] Initiating flow from node=1 to node=23 maxPacketCount=2621440 tag=192 flow_id=1322 at time=31882095
[FLOW_DEBUG] Initiating flow from node=41 to node=13 maxPacketCount=2621440 tag=192 flow_id=1938 at time=31882095
[FLOW_DEBUG] Initiating flow from node=57 to node=7 maxPacketCount=2621440 tag=192 flow_id=2183 at time=31882095
[FLOW_DEBUG] Initiating flow from node=25 to node=15 maxPacketCount=2621440 tag=192 flow_id=1691 at time=31882095
[FLOW_DEBUG] Initiating flow from node=9 to node=45 maxPacketCount=2621440 tag=192 flow_id=1457 at time=31882095
[FLOW_DEBUG] Initiating flow from node=49 to node=59 maxPacketCount=2621440 tag=192 flow_id=2084 at time=31882095
[FLOW_DEBUG] Initiating flow from node=41 to node=15 maxPacketCount=2621440 tag=192 flow_id=1939 at time=31882095
[FLOW_DEBUG] Initiating flow from node=1 to node=25 maxPacketCount=2621440 tag=192 flow_id=1323 at time=31882095
[FLOW_DEBUG] Initiating flow from node=57 to node=9 maxPacketCount=2621440 tag=192 flow_id=2184 at time=31882095
[FLOW_DEBUG] Initiating flow from node=33 to node=35 maxPacketCount=2621440 tag=192 flow_id=1824 at time=31882095
[FLOW_DEBUG] Initiating flow from node=17 to node=9 maxPacketCount=2621440 tag=192 flow_id=1564 at time=31882095
[FLOW_DEBUG] Initiating flow from node=25 to node=17 maxPacketCount=2621440 tag=192 flow_id=1692 at time=31882095
[FLOW_DEBUG] Initiating flow from node=57 to node=11 maxPacketCount=2621440 tag=192 flow_id=2185 at time=31882095
[FLOW_DEBUG] Initiating flow from node=49 to node=61 maxPacketCount=2621440 tag=192 flow_id=2085 at time=31882095
[FLOW_DEBUG] Initiating flow from node=41 to node=17 maxPacketCount=2621440 tag=192 flow_id=1940 at time=31882095
[FLOW_DEBUG] Initiating flow from node=17 to node=11 maxPacketCount=2621440 tag=192 flow_id=1565 at time=31882095
[FLOW_DEBUG] Initiating flow from node=9 to node=47 maxPacketCount=2621440 tag=192 flow_id=1458 at time=31882095
[FLOW_DEBUG] Initiating flow from node=1 to node=27 maxPacketCount=2621440 tag=192 flow_id=1324 at time=31882095
[FLOW_DEBUG] Initiating flow from node=33 to node=37 maxPacketCount=2621440 tag=192 flow_id=1825 at time=31882095
[FLOW_DEBUG] Initiating flow from node=49 to node=63 maxPacketCount=2621440 tag=192 flow_id=2086 at time=31882095
[FLOW_DEBUG] Initiating flow from node=41 to node=19 maxPacketCount=2621440 tag=192 flow_id=1941 at time=31882095
[FLOW_DEBUG] Initiating flow from node=57 to node=13 maxPacketCount=2621440 tag=192 flow_id=2186 at time=31882095
[FLOW_DEBUG] Initiating flow from node=25 to node=19 maxPacketCount=2621440 tag=192 flow_id=1693 at time=31882095
[FLOW_DEBUG] Initiating flow from node=17 to node=13 maxPacketCount=2621440 tag=192 flow_id=1566 at time=31882095
[FLOW_DEBUG] Initiating flow from node=1 to node=29 maxPacketCount=2621440 tag=192 flow_id=1325 at time=31882095
[FLOW_DEBUG] Initiating flow from node=57 to node=15 maxPacketCount=2621440 tag=192 flow_id=2187 at time=31882095
[FLOW_DEBUG] Initiating flow from node=41 to node=21 maxPacketCount=2621440 tag=192 flow_id=1942 at time=31882095
[FLOW_DEBUG] Initiating flow from node=9 to node=49 maxPacketCount=2621440 tag=192 flow_id=1459 at time=31882095
[FLOW_DEBUG] Initiating flow from node=33 to node=39 maxPacketCount=2621440 tag=192 flow_id=1826 at time=31882095
[FLOW_DEBUG] Initiating flow from node=1 to node=31 maxPacketCount=2621440 tag=192 flow_id=1326 at time=31882095
[FLOW_DEBUG] Initiating flow from node=17 to node=15 maxPacketCount=2621440 tag=192 flow_id=1567 at time=31882095
[FLOW_DEBUG] Initiating flow from node=41 to node=23 maxPacketCount=2621440 tag=192 flow_id=1943 at time=31882095
[FLOW_DEBUG] Initiating flow from node=57 to node=17 maxPacketCount=2621440 tag=192 flow_id=2188 at time=31882095
[FLOW_DEBUG] Initiating flow from node=25 to node=21 maxPacketCount=2621440 tag=192 flow_id=1694 at time=31882095
[FLOW_DEBUG] Initiating flow from node=17 to node=19 maxPacketCount=2621440 tag=192 flow_id=1568 at time=31882095
[FLOW_DEBUG] Initiating flow from node=1 to node=33 maxPacketCount=2621440 tag=192 flow_id=1327 at time=31882095
[FLOW_DEBUG] Initiating flow from node=41 to node=25 maxPacketCount=2621440 tag=192 flow_id=1944 at time=31882095
[FLOW_DEBUG] Initiating flow from node=33 to node=41 maxPacketCount=2621440 tag=192 flow_id=1827 at time=31882095
[FLOW_DEBUG] Initiating flow from node=57 to node=19 maxPacketCount=2621440 tag=192 flow_id=2189 at time=31882095
[FLOW_DEBUG] Initiating flow from node=9 to node=51 maxPacketCount=2621440 tag=192 flow_id=1460 at time=31882095
[FLOW_DEBUG] Initiating flow from node=17 to node=21 maxPacketCount=2621440 tag=192 flow_id=1569 at time=31882095
[FLOW_DEBUG] Initiating flow from node=1 to node=35 maxPacketCount=2621440 tag=192 flow_id=1328 at time=31882095
[FLOW_DEBUG] Initiating flow from node=25 to node=23 maxPacketCount=2621440 tag=192 flow_id=1695 at time=31882095
[FLOW_DEBUG] Initiating flow from node=41 to node=27 maxPacketCount=2621440 tag=192 flow_id=1945 at time=31882095
[FLOW_DEBUG] Initiating flow from node=57 to node=21 maxPacketCount=2621440 tag=192 flow_id=2190 at time=31882095
[FLOW_DEBUG] Initiating flow from node=33 to node=43 maxPacketCount=2621440 tag=192 flow_id=1828 at time=31882095
[FLOW_DEBUG] Initiating flow from node=9 to node=53 maxPacketCount=2621440 tag=192 flow_id=1461 at time=31882095
[FLOW_DEBUG] Initiating flow from node=41 to node=29 maxPacketCount=2621440 tag=192 flow_id=1946 at time=31882095
[FLOW_DEBUG] Initiating flow from node=1 to node=37 maxPacketCount=2621440 tag=192 flow_id=1329 at time=31882095
[FLOW_DEBUG] Initiating flow from node=25 to node=27 maxPacketCount=2621440 tag=192 flow_id=1696 at time=31882095
[FLOW_DEBUG] Initiating flow from node=17 to node=23 maxPacketCount=2621440 tag=192 flow_id=1570 at time=31882095
[FLOW_DEBUG] Initiating flow from node=57 to node=23 maxPacketCount=2621440 tag=192 flow_id=2191 at time=31882095
[FLOW_DEBUG] Initiating flow from node=1 to node=39 maxPacketCount=2621440 tag=192 flow_id=1330 at time=31882095
[FLOW_DEBUG] Initiating flow from node=41 to node=31 maxPacketCount=2621440 tag=192 flow_id=1947 at time=31882095
[FLOW_DEBUG] Initiating flow from node=33 to node=45 maxPacketCount=2621440 tag=192 flow_id=1829 at time=31882095
[FLOW_DEBUG] Initiating flow from node=25 to node=29 maxPacketCount=2621440 tag=192 flow_id=1697 at time=31882095
[FLOW_DEBUG] Initiating flow from node=17 to node=25 maxPacketCount=2621440 tag=192 flow_id=1571 at time=31882095[FLOW_DEBUG] Initiating flow from node=
[FLOW_DEBUG] Initiating flow from node=9 to node=55 maxPacketCount=57 to node=25 maxPacketCount=2621440 tag=192 flow_id=2192 at time=318820952621440
 tag=192 flow_id=1462 at time=31882095
[FLOW_DEBUG] Initiating flow from node=41 to node=33 maxPacketCount=2621440 tag=192 flow_id=1948 at time=31882095
[FLOW_DEBUG] Initiating flow from node=33 to node=47 maxPacketCount=2621440 tag=192 flow_id=1830 at time=31882095
[FLOW_DEBUG] Initiating flow from node=1 to node=41 maxPacketCount=2621440 tag=192 flow_id=1331 at time=31882095
[FLOW_DEBUG] Initiating flow from node=25 to node=31 maxPacketCount=2621440 tag=192 flow_id=1698 at time=31882095
[FLOW_DEBUG] Initiating flow from node=17 to node=27 maxPacketCount=2621440 tag=192 flow_id=1572 at time=31882095
[FLOW_DEBUG] Initiating flow from node=57 to node=27 maxPacketCount=2621440 tag=192 flow_id=2193 at time=31882095
[FLOW_DEBUG] Initiating flow from node=9 to node=57 maxPacketCount=2621440 tag=192 flow_id=1463 at time=31882095
[FLOW_DEBUG] Initiating flow from node=33 to node=49 maxPacketCount=2621440 tag=192 flow_id=1831 at time=31882095
[FLOW_DEBUG] Initiating flow from node=41 to node=35 maxPacketCount=2621440 tag=192 flow_id=1949 at time=31882095
[FLOW_DEBUG] Initiating flow from node=1 to node=43 maxPacketCount=2621440 tag=192 flow_id=1332 at time=31882095
[FLOW_DEBUG] Initiating flow from node=25 to node=33 maxPacketCount=2621440 tag=192 flow_id=1699 at time=31882095
[FLOW_DEBUG] Initiating flow from node=17 to node=29 maxPacketCount=2621440 tag=192 flow_id=1573 at time=31882095
[FLOW_DEBUG] Initiating flow from node=57 to node=29 maxPacketCount=2621440 tag=192 flow_id=2194 at time=31882095
[FLOW_DEBUG] Initiating flow from node=41 to node=37 maxPacketCount=2621440 tag=192 flow_id=1950 at time=31882095
[FLOW_DEBUG] Initiating flow from node=25 to node=35 maxPacketCount=2621440 tag=192 flow_id=1700 at time=31882095
[FLOW_DEBUG] Initiating flow from node=1 to node=45 maxPacketCount=2621440 tag=192 flow_id=1333 at time=31882095
[FLOW_DEBUG] Initiating flow from node=25 to node=37 maxPacketCount=2621440 tag=192 flow_id=1701 at time=31882095
[FLOW_DEBUG] Initiating flow from node=17 to node=31 maxPacketCount=2621440 tag=192 flow_id=1574 at time=31882095
[FLOW_DEBUG] Initiating flow from node=9 to node=59 maxPacketCount=2621440 tag=192 flow_id=1464 at time=31882095
[FLOW_DEBUG] Initiating flow from node=41 to node=39 maxPacketCount=2621440 tag=192 flow_id=1951 at time=31882095
[FLOW_DEBUG] Initiating flow from node=33 to node=51 maxPacketCount=2621440 tag=192 flow_id=1832 at time=[FLOW_DEBUG] Initiating flow from node=57 to node=31 maxPacketCount=2621440 tag=192 flow_id=2195 at time=31882095
31882095
[FLOW_DEBUG] Initiating flow from node=25 to node=39 maxPacketCount=2621440 tag=192 flow_id=1702 at time=31882095
[FLOW_DEBUG] Initiating flow from node=9 to node=61 maxPacketCount=2621440 tag=192 flow_id=1465 at time=31882095
[FLOW_DEBUG] Initiating flow from node=17 to node=33 maxPacketCount=2621440 tag=192 flow_id=1575 at time=31882095
[FLOW_DEBUG] Initiating flow from node=1 to node=47 maxPacketCount=2621440 tag=192 flow_id=1334 at time=31882095
[FLOW_DEBUG] Initiating flow from node=41 to node=43 maxPacketCount=2621440 tag=192 flow_id=1952 at time=31882095
[FLOW_DEBUG] Initiating flow from node=25 to node=41 maxPacketCount=2621440 tag=192 flow_id=1703 at time=31882095
[FLOW_DEBUG] Initiating flow from node=33 to node=53 maxPacketCount=2621440 tag=192 flow_id=1833 at time=31882095
[FLOW_DEBUG] Initiating flow from node=57 to node=33 maxPacketCount=2621440 tag=192 flow_id=2196 at time=31882095
[FLOW_DEBUG] Initiating flow from node=9 to node=63 maxPacketCount=2621440 tag=192 flow_id=1466 at time=31882095
[FLOW_DEBUG] Initiating flow from node=17 to node=35 maxPacketCount=2621440 tag=192 flow_id=1576 at time=31882095
[FLOW_DEBUG] Initiating flow from node=25 to node=43 maxPacketCount=2621440 tag=192 flow_id=1704 at time=31882095
[FLOW_DEBUG] Initiating flow from node=1 to node=49 maxPacketCount=2621440 tag=192 flow_id=1335 at time=31882095
[FLOW_DEBUG] Initiating flow from node=33 to node=55 maxPacketCount=2621440 tag=192 flow_id=1834 at time=31882095
[FLOW_DEBUG] Initiating flow from node=17 to node=37 maxPacketCount=2621440 tag=192 flow_id=1577 at time=31882095
[FLOW_DEBUG] Initiating flow from node=25 to node=45 maxPacketCount=2621440 tag=192 flow_id=1705 at time=31882095
[FLOW_DEBUG] Initiating flow from node=41 to node=45 maxPacketCount=2621440 tag=192 flow_id=1953 at time=31882095
[FLOW_DEBUG] Initiating flow from node=57 to node=35 maxPacketCount=2621440 tag=192 flow_id=2197 at time=31882095
[FLOW_DEBUG] Initiating flow from node=25 to node=47 maxPacketCount=2621440 tag=192 flow_id=1706 at time=31882095
[FLOW_DEBUG] Initiating flow from node=17 to node=39 maxPacketCount=2621440 tag=192 flow_id=1578 at time=[FLOW_DEBUG] Initiating flow from node=31882095
[FLOW_DEBUG] Initiating flow from node=33 to node=57 maxPacketCount=2621440 tag=192 flow_id=1835 at time=31882095
1 to node=51 maxPacketCount=2621440 tag=192 flow_id=1336 at time=31882095
[FLOW_DEBUG] Initiating flow from node=41 to node=47 maxPacketCount=2621440 tag=192 flow_id=1954 at time=31882095
[FLOW_DEBUG] Initiating flow from node=25 to node=49 maxPacketCount=2621440 tag=192 flow_id=1707 at time=31882095
[FLOW_DEBUG] Initiating flow from node=33 to node=59 maxPacketCount=2621440 tag=192 flow_id=1836 at time=31882095
[FLOW_DEBUG] Initiating flow from node=17 to node=41 maxPacketCount=2621440 tag=192 flow_id=1579 at time=31882095
[FLOW_DEBUG] Initiating flow from node=25 to node=51 maxPacketCount=2621440 tag=192 flow_id=1708 at time=31882095
[FLOW_DEBUG] Initiating flow from node=1 to node=53 maxPacketCount=2621440 tag=192 flow_id=1337 at time=31882095
[FLOW_DEBUG] Initiating flow from node=41 to node=49 maxPacketCount=2621440 tag=192 flow_id=1955 at time=31882095
[FLOW_DEBUG] Initiating flow from node=57 to node=37 maxPacketCount=2621440 tag=192 flow_id=2198 at time=31882095
[FLOW_DEBUG] Initiating flow from node=33 to node=61 maxPacketCount=2621440 tag=192 flow_id=1837 at time=31882095
[FLOW_DEBUG] Initiating flow from node=25 to node=53 maxPacketCount=2621440 tag=192 flow_id=1709 at time=31882095
[FLOW_DEBUG] Initiating flow from node=1 to node=55 maxPacketCount=2621440 tag=192 flow_id=1338 at time=31882095
[FLOW_DEBUG] Initiating flow from node=17 to node=43 maxPacketCount=2621440 tag=192 flow_id=1580 at time=31882095
[FLOW_DEBUG] Initiating flow from node=41 to node=51 maxPacketCount=2621440 tag=192 flow_id=1956 at time=31882095
[FLOW_DEBUG] Initiating flow from node=57 to node=39 maxPacketCount=2621440 tag=192 flow_id=2199 at time=31882095
[FLOW_DEBUG] Initiating flow from node=33 to node=63 maxPacketCount=[FLOW_DEBUG] Initiating flow from node=2621440 tag=192 flow_id=1838 at time=25 to node=55 maxPacketCount=2621440 tag=192 flow_id=1710 at time=31882095
31882095[FLOW_DEBUG] Initiating flow from node=1
 to node=57 maxPacketCount=2621440 tag=192 flow_id=1339 at time=31882095
[FLOW_DEBUG] Initiating flow from node=17 to node=45 maxPacketCount=2621440 tag=192 flow_id=1581 at time=31882095
[FLOW_DEBUG] Initiating flow from node=41 to node=53 maxPacketCount=2621440 tag=192 flow_id=1957 at time=31882095
[FLOW_DEBUG] Initiating flow from node=17 to node=47 maxPacketCount=2621440 tag=192 flow_id=1582 at time=31882095
[FLOW_DEBUG] Initiating flow from node=1 to node=59 maxPacketCount=2621440 tag=192 flow_id=1340 at time=31882095
[FLOW_DEBUG] Initiating flow from node=25 to node=57 maxPacketCount=2621440 tag=192 flow_id=1711 at time=31882095
[FLOW_DEBUG] Initiating flow from node=17 to node=49 maxPacketCount=2621440 tag=[FLOW_DEBUG] Initiating flow from node=192 flow_id=1583 at time=31882095
[FLOW_DEBUG] Initiating flow from node=1 to node=61 maxPacketCount=2621440 tag=192 flow_id=1341 at time=31882095
57 to node=41 maxPacketCount=2621440 tag=192 flow_id=2200 at time=31882095
[FLOW_DEBUG] Initiating flow from node=25 to node=59 maxPacketCount=2621440 tag=192 flow_id=1712 at time=31882095
[FLOW_DEBUG] Initiating flow from node=41 to node=55 maxPacketCount=2621440 tag=192 flow_id=1958 at time=31882095
[FLOW_DEBUG] Initiating flow from node=1 to node=63 maxPacketCount=2621440 tag=192 flow_id=1342 at time=31882095
[FLOW_DEBUG] Initiating flow from node=17 to node=51 maxPacketCount=2621440 tag=192 flow_id=1584 at time=31882095
[FLOW_DEBUG] Initiating flow from node=25 to node=61 maxPacketCount=2621440 tag=192 flow_id=1713 at time=31882095
[FLOW_DEBUG] Initiating flow from node=17 to node=53 maxPacketCount=2621440 tag=192 flow_id=1585 at time=31882095
[FLOW_DEBUG] Initiating flow from node=41 to node=57 maxPacketCount=2621440 tag=192 flow_id=1959 at time=31882095
[FLOW_DEBUG] Initiating flow from node=17[FLOW_DEBUG] Initiating flow from node= to node=55 maxPacketCount=2621440 tag=192 flow_id=1586 at time=31882095
57 to node=43 maxPacketCount=2621440 tag=192 flow_id=2201 at time=[FLOW_DEBUG] Initiating flow from node=25 to node=63 maxPacketCount=2621440 tag=192 flow_id=1714 at time=3188209531882095

[FLOW_DEBUG] Initiating flow from node=17 to node=57 maxPacketCount=2621440 tag=192 flow_id=1587 at time=31882095
[FLOW_DEBUG] Initiating flow from node=41 to node=59 maxPacketCount=2621440 tag=192 flow_id=1960 at time=31882095
[FLOW_DEBUG] Initiating flow from node=57 to node=45 maxPacketCount=2621440 tag=192 flow_id=2202 at time=31882095
[FLOW_DEBUG] Initiating flow from node=17 to node=59 maxPacketCount=2621440 tag=192 flow_id=1588 at time=31882095
[FLOW_DEBUG] Initiating flow from node=17 to node=61 maxPacketCount=2621440 tag=192 flow_id=1589 at time=31882095
[FLOW_DEBUG] Initiating flow from node=57 to node=47 maxPacketCount=2621440 tag=192 flow_id=2203 at time=31882095
[FLOW_DEBUG] Initiating flow from node=41 to node=61 maxPacketCount=2621440 tag=192 flow_id=1961 at time=31882095
[FLOW_DEBUG] Initiating flow from node=17 to node=63 maxPacketCount=2621440 tag=192 flow_id=1590 at time=31882095
[FLOW_DEBUG] Initiating flow from node=57 to node=49 maxPacketCount=2621440 tag=192 flow_id=2204 at time=31882095
[FLOW_DEBUG] Initiating flow from node=41 to node=63 maxPacketCount=2621440 tag=192 flow_id=1962 at time=31882095
[FLOW_DEBUG] Initiating flow from node=57 to node=51 maxPacketCount=2621440 tag=192 flow_id=2205 at time=31882095
[FLOW_DEBUG] Initiating flow from node=57 to node=53 maxPacketCount=2621440 tag=192 flow_id=2206 at time=31882095
[FLOW_DEBUG] Initiating flow from node=57 to node=55 maxPacketCount=2621440 tag=192 flow_id=2207 at time=31882095
[FLOW_DEBUG] Initiating flow from node=57 to node=59 maxPacketCount=2621440 tag=192 flow_id=2208 at time=31882095
[FLOW_DEBUG] Initiating flow from node=57 to node=61 maxPacketCount=2621440 tag=192 flow_id=2209 at time=31882095
[FLOW_DEBUG] Initiating flow from node=57 to node=63 maxPacketCount=2621440 tag=192 flow_id=2210 at time=31882095
Debug: Simulator::Run() completed
Debug: Simulator stopped
[Thread 0x7ffff2c04640 (LWP 360410) exited]
[Thread 0x7ffff3405640 (LWP 360409) exited]
[Thread 0x7ffff3c06640 (LWP 360408) exited]
[Thread 0x7ffff4407640 (LWP 360407) exited]
[Thread 0x7ffff4c08640 (LWP 360406) exited]
[Thread 0x7ffff5409640 (LWP 360405) exited]
[Thread 0x7ffff5c0a640 (LWP 360404) exited]
Debug: Simulator destroyed
[Inferior 1 (process 360384) exited normally]
No stack.
