
[Thread debugging using libthread_db enabled]
Using host libthread_db library "/lib/x86_64-linux-gnu/libthread_db.so.1".
maxRtt=7080 maxBdp=354000
Running Simulation.
The final active chunks per dimension 1 after allocating to queues is: 1
ring of node 0, id: 0 dimension: local total nodes in ring: 144 index in ring: 0 offset: 1total nodes in ring: 144
ring of node 0, id: 0 dimension: local total nodes in ring: 144 index in ring: 0 offset: 1total nodes in ring: 144
ring of node 0, id: 0 dimension: local total nodes in ring: 144 index in ring: 0 offset: 1total nodes in ring: 144
ring of node 0, id: 0 dimension: local total nodes in ring: 144 index in ring: 0 offset: 1total nodes in ring: 144
total nodes: 144
Success in opening workload file
model_parallel_NPU_group is 2
checkpoints layers are: 
layers initiating fwd_in_bckwd are: 
ring of node 0, id: 0 dimension: local total nodes in ring: 2 index in ring: 0 offset: 1total nodes in ring: 2
ring of node 0, id: 0 dimension: local total nodes in ring: 72 index in ring: 0 offset: 2total nodes in ring: 72
ring of node 0, id: 0 dimension: local total nodes in ring: 2 index in ring: 0 offset: 1total nodes in ring: 2
ring of node 0, id: 0 dimension: local total nodes in ring: 72 index in ring: 0 offset: 2total nodes in ring: 72
ring of node 0, id: 0 dimension: local total nodes in ring: 2 index in ring: 0 offset: 1total nodes in ring: 2
ring of node 0, id: 0 dimension: local total nodes in ring: 72 index in ring: 0 offset: 2total nodes in ring: 72
ring of node 0, id: 0 dimension: local total nodes in ring: 2 index in ring: 0 offset: 1total nodes in ring: 2
ring of node 0, id: 0 dimension: local total nodes in ring: 72 index in ring: 0 offset: 2total nodes in ring: 72
pp_commize:0
id: norm , depen: -1 , wg_comp_time: 1
id: grad_norm , depen: -1 , wg_comp_time: 1
id: layernorm , depen: -1 , wg_comp_time: 1
id: embedding_layer , depen: -1 , wg_comp_time: 1
id: attention_column_layer , depen: -1 , wg_comp_time: 375000
id: attention_row_layer , depen: -1 , wg_comp_time: 376000
id: mlp_column_layer , depen: -1 , wg_comp_time: 923000
id: mlp_row_layer , depen: -1 , wg_comp_time: 1125000
id: attention_column_layer , depen: -1 , wg_comp_time: 375000
id: attention_row_layer , depen: -1 , wg_comp_time: 376000
id: mlp_column_layer , depen: -1 , wg_comp_time: 923000
id: mlp_row_layer , depen: -1 , wg_comp_time: 1125000
id: attention_column_layer , depen: -1 , wg_comp_time: 375000
id: attention_row_layer , depen: -1 , wg_comp_time: 376000
id: mlp_column_layer , depen: -1 , wg_comp_time: 923000
id: mlp_row_layer , depen: -1 , wg_comp_time: 1125000
id: attention_column_layer , depen: -1 , wg_comp_time: 375000
id: attention_row_layer , depen: -1 , wg_comp_time: 376000
id: mlp_column_layer , depen: -1 , wg_comp_time: 923000
id: mlp_row_layer , depen: -1 , wg_comp_time: 1125000
id: attention_column_layer , depen: -1 , wg_comp_time: 375000
id: attention_row_layer , depen: -1 , wg_comp_time: 376000
id: mlp_column_layer , depen: -1 , wg_comp_time: 923000
id: mlp_row_layer , depen: -1 , wg_comp_time: 1125000
id: attention_column_layer , depen: -1 , wg_comp_time: 375000
id: attention_row_layer , depen: -1 , wg_comp_time: 376000
id: mlp_column_layer , depen: -1 , wg_comp_time: 923000
id: mlp_row_layer , depen: -1 , wg_comp_time: 1125000
id: attention_column_layer , depen: -1 , wg_comp_time: 375000
id: attention_row_layer , depen: -1 , wg_comp_time: 376000
id: mlp_column_layer , depen: -1 , wg_comp_time: 923000
id: mlp_row_layer , depen: -1 , wg_comp_time: 1125000
id: attention_column_layer , depen: -1 , wg_comp_time: 375000
id: attention_row_layer , depen: -1 , wg_comp_time: 376000
id: mlp_column_layer , depen: -1 , wg_comp_time: 923000
id: mlp_row_layer , depen: -1 , wg_comp_time: 1125000
id: attention_column_layer , depen: -1 , wg_comp_time: 375000
id: attention_row_layer , depen: -1 , wg_comp_time: 376000
id: mlp_column_layer , depen: -1 , wg_comp_time: 923000
id: mlp_row_layer , depen: -1 , wg_comp_time: 1125000
id: attention_column_layer , depen: -1 , wg_comp_time: 375000
id: attention_row_layer , depen: -1 , wg_comp_time: 376000
id: mlp_column_layer , depen: -1 , wg_comp_time: 923000
id: mlp_row_layer , depen: -1 , wg_comp_time: 1125000
id: attention_column_layer , depen: -1 , wg_comp_time: 375000
id: attention_row_layer , depen: -1 , wg_comp_time: 376000
id: mlp_column_layer , depen: -1 , wg_comp_time: 923000
id: mlp_row_layer , depen: -1 , wg_comp_time: 1125000
id: attention_column_layer , depen: -1 , wg_comp_time: 375000
id: attention_row_layer , depen: -1 , wg_comp_time: 376000
id: mlp_column_layer , depen: -1 , wg_comp_time: 923000
id: mlp_row_layer , depen: -1 , wg_comp_time: 1125000
id: attention_column_layer , depen: -1 , wg_comp_time: 375000
id: attention_row_layer , depen: -1 , wg_comp_time: 376000
id: mlp_column_layer , depen: -1 , wg_comp_time: 923000
id: mlp_row_layer , depen: -1 , wg_comp_time: 1125000
id: attention_column_layer , depen: -1 , wg_comp_time: 375000
id: attention_row_layer , depen: -1 , wg_comp_time: 376000
id: mlp_column_layer , depen: -1 , wg_comp_time: 923000
id: mlp_row_layer , depen: -1 , wg_comp_time: 1125000
id: attention_column_layer , depen: -1 , wg_comp_time: 375000
id: attention_row_layer , depen: -1 , wg_comp_time: 376000
id: mlp_column_layer , depen: -1 , wg_comp_time: 923000
id: mlp_row_layer , depen: -1 , wg_comp_time: 1125000
id: attention_column_layer , depen: -1 , wg_comp_time: 375000
id: attention_row_layer , depen: -1 , wg_comp_time: 376000
id: mlp_column_layer , depen: -1 , wg_comp_time: 923000
id: mlp_row_layer , depen: -1 , wg_comp_time: 1125000
id: attention_column_layer , depen: -1 , wg_comp_time: 375000
id: attention_row_layer , depen: -1 , wg_comp_time: 376000
id: mlp_column_layer , depen: -1 , wg_comp_time: 923000
id: mlp_row_layer , depen: -1 , wg_comp_time: 1125000
id: attention_column_layer , depen: -1 , wg_comp_time: 375000
id: attention_row_layer , depen: -1 , wg_comp_time: 376000
id: mlp_column_layer , depen: -1 , wg_comp_time: 923000
id: mlp_row_layer , depen: -1 , wg_comp_time: 1125000
id: attention_column_layer , depen: -1 , wg_comp_time: 375000
id: attention_row_layer , depen: -1 , wg_comp_time: 376000
id: mlp_column_layer , depen: -1 , wg_comp_time: 923000
id: mlp_row_layer , depen: -1 , wg_comp_time: 1125000
id: attention_column_layer , depen: -1 , wg_comp_time: 375000
id: attention_row_layer , depen: -1 , wg_comp_time: 376000
id: mlp_column_layer , depen: -1 , wg_comp_time: 923000
id: mlp_row_layer , depen: -1 , wg_comp_time: 1125000
id: attention_column_layer , depen: -1 , wg_comp_time: 375000
id: attention_row_layer , depen: -1 , wg_comp_time: 376000
id: mlp_column_layer , depen: -1 , wg_comp_time: 923000
id: mlp_row_layer , depen: -1 , wg_comp_time: 1125000
id: attention_column_layer , depen: -1 , wg_comp_time: 375000
id: attention_row_layer , depen: -1 , wg_comp_time: 376000
id: mlp_column_layer , depen: -1 , wg_comp_time: 923000
id: mlp_row_layer , depen: -1 , wg_comp_time: 1125000
id: attention_column_layer , depen: -1 , wg_comp_time: 375000
id: attention_row_layer , depen: -1 , wg_comp_time: 376000
id: mlp_column_layer , depen: -1 , wg_comp_time: 923000
id: mlp_row_layer , depen: -1 , wg_comp_time: 1125000
id: attention_column_layer , depen: -1 , wg_comp_time: 375000
id: attention_row_layer , depen: -1 , wg_comp_time: 376000
id: mlp_column_layer , depen: -1 , wg_comp_time: 923000
id: mlp_row_layer , depen: -1 , wg_comp_time: 1125000
id: attention_column_layer , depen: -1 , wg_comp_time: 375000
id: attention_row_layer , depen: -1 , wg_comp_time: 376000
id: mlp_column_layer , depen: -1 , wg_comp_time: 923000
id: mlp_row_layer , depen: -1 , wg_comp_time: 1125000
id: attention_column_layer , depen: -1 , wg_comp_time: 375000
id: attention_row_layer , depen: -1 , wg_comp_time: 376000
id: mlp_column_layer , depen: -1 , wg_comp_time: 923000
id: mlp_row_layer , depen: -1 , wg_comp_time: 1125000
id: attention_column_layer , depen: -1 , wg_comp_time: 375000
id: attention_row_layer , depen: -1 , wg_comp_time: 376000
id: mlp_column_layer , depen: -1 , wg_comp_time: 923000
id: mlp_row_layer , depen: -1 , wg_comp_time: 1125000
id: attention_column_layer , depen: -1 , wg_comp_time: 375000
id: attention_row_layer , depen: -1 , wg_comp_time: 376000
id: mlp_column_layer , depen: -1 , wg_comp_time: 923000
id: mlp_row_layer , depen: -1 , wg_comp_time: 1125000
id: attention_column_layer , depen: -1 , wg_comp_time: 375000
id: attention_row_layer , depen: -1 , wg_comp_time: 376000
id: mlp_column_layer , depen: -1 , wg_comp_time: 923000
id: mlp_row_layer , depen: -1 , wg_comp_time: 1125000
id: attention_column_layer , depen: -1 , wg_comp_time: 375000
id: attention_row_layer , depen: -1 , wg_comp_time: 376000
id: mlp_column_layer , depen: -1 , wg_comp_time: 923000
id: mlp_row_layer , depen: -1 , wg_comp_time: 1125000
id: attention_column_layer , depen: -1 , wg_comp_time: 375000
id: attention_row_layer , depen: -1 , wg_comp_time: 376000
id: mlp_column_layer , depen: -1 , wg_comp_time: 923000
id: mlp_row_layer , depen: -1 , wg_comp_time: 1125000
id: attention_column_layer , depen: -1 , wg_comp_time: 375000
id: attention_row_layer , depen: -1 , wg_comp_time: 376000
id: mlp_column_layer , depen: -1 , wg_comp_time: 923000
id: mlp_row_layer , depen: -1 , wg_comp_time: 1125000
id: attention_column_layer , depen: -1 , wg_comp_time: 375000
id: attention_row_layer , depen: -1 , wg_comp_time: 376000
id: mlp_column_layer , depen: -1 , wg_comp_time: 923000
id: mlp_row_layer , depen: -1 , wg_comp_time: 1125000
id: attention_column_layer , depen: -1 , wg_comp_time: 375000
id: attention_row_layer , depen: -1 , wg_comp_time: 376000
id: mlp_column_layer , depen: -1 , wg_comp_time: 923000
id: mlp_row_layer , depen: -1 , wg_comp_time: 1125000
id: attention_column_layer , depen: -1 , wg_comp_time: 375000
id: attention_row_layer , depen: -1 , wg_comp_time: 376000
id: mlp_column_layer , depen: -1 , wg_comp_time: 923000
id: mlp_row_layer , depen: -1 , wg_comp_time: 1125000
id: attention_column_layer , depen: -1 , wg_comp_time: 375000
id: attention_row_layer , depen: -1 , wg_comp_time: 376000
id: mlp_column_layer , depen: -1 , wg_comp_time: 923000
id: mlp_row_layer , depen: -1 , wg_comp_time: 1125000
id: attention_column_layer , depen: -1 , wg_comp_time: 375000
id: attention_row_layer , depen: -1 , wg_comp_time: 376000
id: mlp_column_layer , depen: -1 , wg_comp_time: 923000
id: mlp_row_layer , depen: -1 , wg_comp_time: 1125000
id: attention_column_layer , depen: -1 , wg_comp_time: 375000
id: attention_row_layer , depen: -1 , wg_comp_time: 376000
id: mlp_column_layer , depen: -1 , wg_comp_time: 923000
id: mlp_row_layer , depen: -1 , wg_comp_time: 1125000
id: attention_column_layer , depen: -1 , wg_comp_time: 375000
id: attention_row_layer , depen: -1 , wg_comp_time: 376000
id: mlp_column_layer , depen: -1 , wg_comp_time: 923000
id: mlp_row_layer , depen: -1 , wg_comp_time: 1125000
id: attention_column_layer , depen: -1 , wg_comp_time: 375000
id: attention_row_layer , depen: -1 , wg_comp_time: 376000
id: mlp_column_layer , depen: -1 , wg_comp_time: 923000
id: mlp_row_layer , depen: -1 , wg_comp_time: 1125000
id: embedding_norm , depen: -1 , wg_comp_time: 1
id: cross_entropy1 , depen: -1 , wg_comp_time: 1
id: cross_entropy2 , depen: -1 , wg_comp_time: 1
id: cross_entropy3 , depen: -1 , wg_comp_time: 1
id: optimizer1 , depen: -1 , wg_comp_time: 1
id: optimizer2 , depen: -1 , wg_comp_time: 1
id: optimizer3 , depen: -1 , wg_comp_time: 1
id: optimizer4 , depen: -1 , wg_comp_time: 1
type: HYBRID_TRANSFORMER_FWD_IN_BCKWD ,num passes: 1 ,lines: 172 compute scale: 1 ,comm scale: 1
stat path: ./ncclFlowModel_ ,total rows: 1 ,stat row: 0
CSV path and filename: ./ncclFlowModel_detailed_144.csv
CSV path and filename: ./ncclFlowModel_EndToEnd.csv
info: no forward pass collective for layer: norm
simulator run 
[New Thread 0x7fffad4cc640 (LWP 232448)]
[New Thread 0x7fffacccb640 (LWP 232449)]
[New Thread 0x7fffac4ca640 (LWP 232450)]
[New Thread 0x7fffabcc9640 (LWP 232451)]
[New Thread 0x7fffab4c8640 (LWP 232452)]
[New Thread 0x7fffaacc7640 (LWP 232453)]
[New Thread 0x7fffaa4c6640 (LWP 232454)]
[New Thread 0x7fffa9cc5640 (LWP 232455)]
[New Thread 0x7fffa94c4640 (LWP 232456)]
[New Thread 0x7fffa8cc3640 (LWP 232457)]
[New Thread 0x7fffa84c2640 (LWP 232458)]
[New Thread 0x7fffa7cc1640 (LWP 232459)]
[New Thread 0x7fffa74c0640 (LWP 232460)]
[New Thread 0x7fffa6cbf640 (LWP 232461)]
[New Thread 0x7fffa64be640 (LWP 232462)]
chunk size is: 3248619520 , size is: 3248619520 , layer_num is: 1 , node: 0
info: all-gather forward pass collective issued for layer: grad_norm, involved dimensions:  1, 0, 0, 0, 0, 0, 0, 0, 0, 0,
***** info: fwd pass comm collective for layer: grad_norm is finished************
info: no forward pass collective for layer: layernorm
chunk size is: 20971520 , size is: 20971520 , layer_num is: 3 , node: 0
info: all-reduce forward pass collective issued for layer: embedding_layer, involved dimensions:  1, 0, 0, 0, 0, 0, 0, 0, 0, 0,
***** info: fwd pass comm collective for layer: embedding_layer is finished************
chunk size is: 20971520 , size is: 20971520 , layer_num is: 4 , node: 0
info: all-gather forward pass collective issued for layer: attention_column_layer, involved dimensions:  1, 0, 0, 0, 0, 0, 0, 0, 0, 0,
***** info: fwd pass comm collective for layer: attention_column_layer is finished************
chunk size is: 20971520 , size is: 20971520 , layer_num is: 5 , node: 0
info: reduce-scatter forward pass collective issued for layer: attention_row_layer, involved dimensions:  1, 0, 0, 0, 0, 0, 0, 0, 0, 0,
***** info: fwd pass comm collective for layer: attention_row_layer is finished************
chunk size is: 20971520 , size is: 20971520 , layer_num is: 6 , node: 0
info: all-gather forward pass collective issued for layer: mlp_column_layer, involved dimensions:  1, 0, 0, 0, 0, 0, 0, 0, 0, 0,
***** info: fwd pass comm collective for layer: mlp_column_layer is finished************
chunk size is: 20971520 , size is: 20971520 , layer_num is: 7 , node: 0
info: reduce-scatter forward pass collective issued for layer: mlp_row_layer, involved dimensions:  1, 0, 0, 0, 0, 0, 0, 0, 0, 0,
***** info: fwd pass comm collective for layer: mlp_row_layer is finished************
chunk size is: 20971520 , size is: 20971520 , layer_num is: 8 , node: 0
info: all-gather forward pass collective issued for layer: attention_column_layer, involved dimensions:  1, 0, 0, 0, 0, 0, 0, 0, 0, 0,
***** info: fwd pass comm collective for layer: attention_column_layer is finished************
chunk size is: 20971520 , size is: 20971520 , layer_num is: 9 , node: 0
info: reduce-scatter forward pass collective issued for layer: attention_row_layer, involved dimensions:  1, 0, 0, 0, 0, 0, 0, 0, 0, 0,
***** info: fwd pass comm collective for layer: attention_row_layer is finished************
chunk size is: 20971520 , size is: 20971520 , layer_num is: 10 , node: 0
info: all-gather forward pass collective issued for layer: mlp_column_layer, involved dimensions:  1, 0, 0, 0, 0, 0, 0, 0, 0, 0,
***** info: fwd pass comm collective for layer: mlp_column_layer is finished************
chunk size is: 20971520 , size is: 20971520 , layer_num is: 11 , node: 0
info: reduce-scatter forward pass collective issued for layer: mlp_row_layer, involved dimensions:  1, 0, 0, 0, 0, 0, 0, 0, 0, 0,
***** info: fwd pass comm collective for layer: mlp_row_layer is finished************
chunk size is: 20971520 , size is: 20971520 , layer_num is: 12 , node: 0
info: all-gather forward pass collective issued for layer: attention_column_layer, involved dimensions:  1, 0, 0, 0, 0, 0, 0, 0, 0, 0,
***** info: fwd pass comm collective for layer: attention_column_layer is finished************
chunk size is: 20971520 , size is: 20971520 , layer_num is: 13 , node: 0
info: reduce-scatter forward pass collective issued for layer: attention_row_layer, involved dimensions:  1, 0, 0, 0, 0, 0, 0, 0, 0, 0,
***** info: fwd pass comm collective for layer: attention_row_layer is finished************
chunk size is: 20971520 , size is: 20971520 , layer_num is: 14 , node: 0
info: all-gather forward pass collective issued for layer: mlp_column_layer, involved dimensions:  1, 0, 0, 0, 0, 0, 0, 0, 0, 0,
***** info: fwd pass comm collective for layer: mlp_column_layer is finished************
chunk size is: 20971520 , size is: 20971520 , layer_num is: 15 , node: 0
info: reduce-scatter forward pass collective issued for layer: mlp_row_layer, involved dimensions:  1, 0, 0, 0, 0, 0, 0, 0, 0, 0,
***** info: fwd pass comm collective for layer: mlp_row_layer is finished************
chunk size is: 20971520 , size is: 20971520 , layer_num is: 16 , node: 0
info: all-gather forward pass collective issued for layer: attention_column_layer, involved dimensions:  1, 0, 0, 0, 0, 0, 0, 0, 0, 0,
***** info: fwd pass comm collective for layer: attention_column_layer is finished************
chunk size is: 20971520 , size is: 20971520 , layer_num is: 17 , node: 0
info: reduce-scatter forward pass collective issued for layer: attention_row_layer, involved dimensions:  1, 0, 0, 0, 0, 0, 0, 0, 0, 0,
***** info: fwd pass comm collective for layer: attention_row_layer is finished************
chunk size is: 20971520 , size is: 20971520 , layer_num is: 18 , node: 0
info: all-gather forward pass collective issued for layer: mlp_column_layer, involved dimensions:  1, 0, 0, 0, 0, 0, 0, 0, 0, 0,
***** info: fwd pass comm collective for layer: mlp_column_layer is finished************
chunk size is: 20971520 , size is: 20971520 , layer_num is: 19 , node: 0
info: reduce-scatter forward pass collective issued for layer: mlp_row_layer, involved dimensions:  1, 0, 0, 0, 0, 0, 0, 0, 0, 0,
***** info: fwd pass comm collective for layer: mlp_row_layer is finished************
chunk size is: 20971520 , size is: 20971520 , layer_num is: 20 , node: 0
info: all-gather forward pass collective issued for layer: attention_column_layer, involved dimensions:  1, 0, 0, 0, 0, 0, 0, 0, 0, 0,
***** info: fwd pass comm collective for layer: attention_column_layer is finished************
chunk size is: 20971520 , size is: 20971520 , layer_num is: 21 , node: 0
info: reduce-scatter forward pass collective issued for layer: attention_row_layer, involved dimensions:  1, 0, 0, 0, 0, 0, 0, 0, 0, 0,
***** info: fwd pass comm collective for layer: attention_row_layer is finished************
chunk size is: 20971520 , size is: 20971520 , layer_num is: 22 , node: 0
info: all-gather forward pass collective issued for layer: mlp_column_layer, involved dimensions:  1, 0, 0, 0, 0, 0, 0, 0, 0, 0,
***** info: fwd pass comm collective for layer: mlp_column_layer is finished************
chunk size is: 20971520 , size is: 20971520 , layer_num is: 23 , node: 0
info: reduce-scatter forward pass collective issued for layer: mlp_row_layer, involved dimensions:  1, 0, 0, 0, 0, 0, 0, 0, 0, 0,
***** info: fwd pass comm collective for layer: mlp_row_layer is finished************
chunk size is: 20971520 , size is: 20971520 , layer_num is: 24 , node: 0
info: all-gather forward pass collective issued for layer: attention_column_layer, involved dimensions:  1, 0, 0, 0, 0, 0, 0, 0, 0, 0,
***** info: fwd pass comm collective for layer: attention_column_layer is finished************
chunk size is: 20971520 , size is: 20971520 , layer_num is: 25 , node: 0
info: reduce-scatter forward pass collective issued for layer: attention_row_layer, involved dimensions:  1, 0, 0, 0, 0, 0, 0, 0, 0, 0,
***** info: fwd pass comm collective for layer: attention_row_layer is finished************
chunk size is: 20971520 , size is: 20971520 , layer_num is: 26 , node: 0
info: all-gather forward pass collective issued for layer: mlp_column_layer, involved dimensions:  1, 0, 0, 0, 0, 0, 0, 0, 0, 0,
***** info: fwd pass comm collective for layer: mlp_column_layer is finished************
chunk size is: 20971520 , size is: 20971520 , layer_num is: 27 , node: 0
info: reduce-scatter forward pass collective issued for layer: mlp_row_layer, involved dimensions:  1, 0, 0, 0, 0, 0, 0, 0, 0, 0,
***** info: fwd pass comm collective for layer: mlp_row_layer is finished************
chunk size is: 20971520 , size is: 20971520 , layer_num is: 28 , node: 0
info: all-gather forward pass collective issued for layer: attention_column_layer, involved dimensions:  1, 0, 0, 0, 0, 0, 0, 0, 0, 0,
***** info: fwd pass comm collective for layer: attention_column_layer is finished************
chunk size is: 20971520 , size is: 20971520 , layer_num is: 29 , node: 0
info: reduce-scatter forward pass collective issued for layer: attention_row_layer, involved dimensions:  1, 0, 0, 0, 0, 0, 0, 0, 0, 0,
***** info: fwd pass comm collective for layer: attention_row_layer is finished************
chunk size is: 20971520 , size is: 20971520 , layer_num is: 30 , node: 0
info: all-gather forward pass collective issued for layer: mlp_column_layer, involved dimensions:  1, 0, 0, 0, 0, 0, 0, 0, 0, 0,
***** info: fwd pass comm collective for layer: mlp_column_layer is finished************
chunk size is: 20971520 , size is: 20971520 , layer_num is: 31 , node: 0
info: reduce-scatter forward pass collective issued for layer: mlp_row_layer, involved dimensions:  1, 0, 0, 0, 0, 0, 0, 0, 0, 0,
***** info: fwd pass comm collective for layer: mlp_row_layer is finished************
chunk size is: 20971520 , size is: 20971520 , layer_num is: 32 , node: 0
info: all-gather forward pass collective issued for layer: attention_column_layer, involved dimensions:  1, 0, 0, 0, 0, 0, 0, 0, 0, 0,
***** info: fwd pass comm collective for layer: attention_column_layer is finished************
chunk size is: 20971520 , size is: 20971520 , layer_num is: 33 , node: 0
info: reduce-scatter forward pass collective issued for layer: attention_row_layer, involved dimensions:  1, 0, 0, 0, 0, 0, 0, 0, 0, 0,
***** info: fwd pass comm collective for layer: attention_row_layer is finished************
chunk size is: 20971520 , size is: 20971520 , layer_num is: 34 , node: 0
info: all-gather forward pass collective issued for layer: mlp_column_layer, involved dimensions:  1, 0, 0, 0, 0, 0, 0, 0, 0, 0,
***** info: fwd pass comm collective for layer: mlp_column_layer is finished************
chunk size is: 20971520 , size is: 20971520 , layer_num is: 35 , node: 0
info: reduce-scatter forward pass collective issued for layer: mlp_row_layer, involved dimensions:  1, 0, 0, 0, 0, 0, 0, 0, 0, 0,
***** info: fwd pass comm collective for layer: mlp_row_layer is finished************
chunk size is: 20971520 , size is: 20971520 , layer_num is: 36 , node: 0
info: all-gather forward pass collective issued for layer: attention_column_layer, involved dimensions:  1, 0, 0, 0, 0, 0, 0, 0, 0, 0,
***** info: fwd pass comm collective for layer: attention_column_layer is finished************
chunk size is: 20971520 , size is: 20971520 , layer_num is: 37 , node: 0
info: reduce-scatter forward pass collective issued for layer: attention_row_layer, involved dimensions:  1, 0, 0, 0, 0, 0, 0, 0, 0, 0,
***** info: fwd pass comm collective for layer: attention_row_layer is finished************
chunk size is: 20971520 , size is: 20971520 , layer_num is: 38 , node: 0
info: all-gather forward pass collective issued for layer: mlp_column_layer, involved dimensions:  1, 0, 0, 0, 0, 0, 0, 0, 0, 0,
***** info: fwd pass comm collective for layer: mlp_column_layer is finished************
chunk size is: 20971520 , size is: 20971520 , layer_num is: 39 , node: 0
info: reduce-scatter forward pass collective issued for layer: mlp_row_layer, involved dimensions:  1, 0, 0, 0, 0, 0, 0, 0, 0, 0,
***** info: fwd pass comm collective for layer: mlp_row_layer is finished************
chunk size is: 20971520 , size is: 20971520 , layer_num is: 40 , node: 0
info: all-gather forward pass collective issued for layer: attention_column_layer, involved dimensions:  1, 0, 0, 0, 0, 0, 0, 0, 0, 0,
***** info: fwd pass comm collective for layer: attention_column_layer is finished************
chunk size is: 20971520 , size is: 20971520 , layer_num is: 41 , node: 0
info: reduce-scatter forward pass collective issued for layer: attention_row_layer, involved dimensions:  1, 0, 0, 0, 0, 0, 0, 0, 0, 0,
***** info: fwd pass comm collective for layer: attention_row_layer is finished************
chunk size is: 20971520 , size is: 20971520 , layer_num is: 42 , node: 0
info: all-gather forward pass collective issued for layer: mlp_column_layer, involved dimensions:  1, 0, 0, 0, 0, 0, 0, 0, 0, 0,
***** info: fwd pass comm collective for layer: mlp_column_layer is finished************
chunk size is: 20971520 , size is: 20971520 , layer_num is: 43 , node: 0
info: reduce-scatter forward pass collective issued for layer: mlp_row_layer, involved dimensions:  1, 0, 0, 0, 0, 0, 0, 0, 0, 0,
***** info: fwd pass comm collective for layer: mlp_row_layer is finished************
chunk size is: 20971520 , size is: 20971520 , layer_num is: 44 , node: 0
info: all-gather forward pass collective issued for layer: attention_column_layer, involved dimensions:  1, 0, 0, 0, 0, 0, 0, 0, 0, 0,
***** info: fwd pass comm collective for layer: attention_column_layer is finished************
chunk size is: 20971520 , size is: 20971520 , layer_num is: 45 , node: 0
info: reduce-scatter forward pass collective issued for layer: attention_row_layer, involved dimensions:  1, 0, 0, 0, 0, 0, 0, 0, 0, 0,
***** info: fwd pass comm collective for layer: attention_row_layer is finished************
chunk size is: 20971520 , size is: 20971520 , layer_num is: 46 , node: 0
info: all-gather forward pass collective issued for layer: mlp_column_layer, involved dimensions:  1, 0, 0, 0, 0, 0, 0, 0, 0, 0,
***** info: fwd pass comm collective for layer: mlp_column_layer is finished************
chunk size is: 20971520 , size is: 20971520 , layer_num is: 47 , node: 0
info: reduce-scatter forward pass collective issued for layer: mlp_row_layer, involved dimensions:  1, 0, 0, 0, 0, 0, 0, 0, 0, 0,
***** info: fwd pass comm collective for layer: mlp_row_layer is finished************
chunk size is: 20971520 , size is: 20971520 , layer_num is: 48 , node: 0
info: all-gather forward pass collective issued for layer: attention_column_layer, involved dimensions:  1, 0, 0, 0, 0, 0, 0, 0, 0, 0,
***** info: fwd pass comm collective for layer: attention_column_layer is finished************
chunk size is: 20971520 , size is: 20971520 , layer_num is: 49 , node: 0
info: reduce-scatter forward pass collective issued for layer: attention_row_layer, involved dimensions:  1, 0, 0, 0, 0, 0, 0, 0, 0, 0,
***** info: fwd pass comm collective for layer: attention_row_layer is finished************
chunk size is: 20971520 , size is: 20971520 , layer_num is: 50 , node: 0
info: all-gather forward pass collective issued for layer: mlp_column_layer, involved dimensions:  1, 0, 0, 0, 0, 0, 0, 0, 0, 0,
***** info: fwd pass comm collective for layer: mlp_column_layer is finished************
chunk size is: 20971520 , size is: 20971520 , layer_num is: 51 , node: 0
info: reduce-scatter forward pass collective issued for layer: mlp_row_layer, involved dimensions:  1, 0, 0, 0, 0, 0, 0, 0, 0, 0,
***** info: fwd pass comm collective for layer: mlp_row_layer is finished************
chunk size is: 20971520 , size is: 20971520 , layer_num is: 52 , node: 0
info: all-gather forward pass collective issued for layer: attention_column_layer, involved dimensions:  1, 0, 0, 0, 0, 0, 0, 0, 0, 0,
***** info: fwd pass comm collective for layer: attention_column_layer is finished************
chunk size is: 20971520 , size is: 20971520 , layer_num is: 53 , node: 0
info: reduce-scatter forward pass collective issued for layer: attention_row_layer, involved dimensions:  1, 0, 0, 0, 0, 0, 0, 0, 0, 0,
***** info: fwd pass comm collective for layer: attention_row_layer is finished************
chunk size is: 20971520 , size is: 20971520 , layer_num is: 54 , node: 0
info: all-gather forward pass collective issued for layer: mlp_column_layer, involved dimensions:  1, 0, 0, 0, 0, 0, 0, 0, 0, 0,
***** info: fwd pass comm collective for layer: mlp_column_layer is finished************
chunk size is: 20971520 , size is: 20971520 , layer_num is: 55 , node: 0
info: reduce-scatter forward pass collective issued for layer: mlp_row_layer, involved dimensions:  1, 0, 0, 0, 0, 0, 0, 0, 0, 0,
***** info: fwd pass comm collective for layer: mlp_row_layer is finished************
chunk size is: 20971520 , size is: 20971520 , layer_num is: 56 , node: 0
info: all-gather forward pass collective issued for layer: attention_column_layer, involved dimensions:  1, 0, 0, 0, 0, 0, 0, 0, 0, 0,
***** info: fwd pass comm collective for layer: attention_column_layer is finished************
chunk size is: 20971520 , size is: 20971520 , layer_num is: 57 , node: 0
info: reduce-scatter forward pass collective issued for layer: attention_row_layer, involved dimensions:  1, 0, 0, 0, 0, 0, 0, 0, 0, 0,
***** info: fwd pass comm collective for layer: attention_row_layer is finished************
chunk size is: 20971520 , size is: 20971520 , layer_num is: 58 , node: 0
info: all-gather forward pass collective issued for layer: mlp_column_layer, involved dimensions:  1, 0, 0, 0, 0, 0, 0, 0, 0, 0,
***** info: fwd pass comm collective for layer: mlp_column_layer is finished************
chunk size is: 20971520 , size is: 20971520 , layer_num is: 59 , node: 0
info: reduce-scatter forward pass collective issued for layer: mlp_row_layer, involved dimensions:  1, 0, 0, 0, 0, 0, 0, 0, 0, 0,
***** info: fwd pass comm collective for layer: mlp_row_layer is finished************
chunk size is: 20971520 , size is: 20971520 , layer_num is: 60 , node: 0
info: all-gather forward pass collective issued for layer: attention_column_layer, involved dimensions:  1, 0, 0, 0, 0, 0, 0, 0, 0, 0,
***** info: fwd pass comm collective for layer: attention_column_layer is finished************
chunk size is: 20971520 , size is: 20971520 , layer_num is: 61 , node: 0
info: reduce-scatter forward pass collective issued for layer: attention_row_layer, involved dimensions:  1, 0, 0, 0, 0, 0, 0, 0, 0, 0,
***** info: fwd pass comm collective for layer: attention_row_layer is finished************
chunk size is: 20971520 , size is: 20971520 , layer_num is: 62 , node: 0
info: all-gather forward pass collective issued for layer: mlp_column_layer, involved dimensions:  1, 0, 0, 0, 0, 0, 0, 0, 0, 0,
***** info: fwd pass comm collective for layer: mlp_column_layer is finished************
chunk size is: 20971520 , size is: 20971520 , layer_num is: 63 , node: 0
info: reduce-scatter forward pass collective issued for layer: mlp_row_layer, involved dimensions:  1, 0, 0, 0, 0, 0, 0, 0, 0, 0,
***** info: fwd pass comm collective for layer: mlp_row_layer is finished************
chunk size is: 20971520 , size is: 20971520 , layer_num is: 64 , node: 0
info: all-gather forward pass collective issued for layer: attention_column_layer, involved dimensions:  1, 0, 0, 0, 0, 0, 0, 0, 0, 0,
***** info: fwd pass comm collective for layer: attention_column_layer is finished************
chunk size is: 20971520 , size is: 20971520 , layer_num is: 65 , node: 0
info: reduce-scatter forward pass collective issued for layer: attention_row_layer, involved dimensions:  1, 0, 0, 0, 0, 0, 0, 0, 0, 0,
***** info: fwd pass comm collective for layer: attention_row_layer is finished************
chunk size is: 20971520 , size is: 20971520 , layer_num is: 66 , node: 0
info: all-gather forward pass collective issued for layer: mlp_column_layer, involved dimensions:  1, 0, 0, 0, 0, 0, 0, 0, 0, 0,
***** info: fwd pass comm collective for layer: mlp_column_layer is finished************
chunk size is: 20971520 , size is: 20971520 , layer_num is: 67 , node: 0
info: reduce-scatter forward pass collective issued for layer: mlp_row_layer, involved dimensions:  1, 0, 0, 0, 0, 0, 0, 0, 0, 0,
***** info: fwd pass comm collective for layer: mlp_row_layer is finished************
chunk size is: 20971520 , size is: 20971520 , layer_num is: 68 , node: 0
info: all-gather forward pass collective issued for layer: attention_column_layer, involved dimensions:  1, 0, 0, 0, 0, 0, 0, 0, 0, 0,
***** info: fwd pass comm collective for layer: attention_column_layer is finished************
chunk size is: 20971520 , size is: 20971520 , layer_num is: 69 , node: 0
info: reduce-scatter forward pass collective issued for layer: attention_row_layer, involved dimensions:  1, 0, 0, 0, 0, 0, 0, 0, 0, 0,
***** info: fwd pass comm collective for layer: attention_row_layer is finished************
chunk size is: 20971520 , size is: 20971520 , layer_num is: 70 , node: 0
info: all-gather forward pass collective issued for layer: mlp_column_layer, involved dimensions:  1, 0, 0, 0, 0, 0, 0, 0, 0, 0,
***** info: fwd pass comm collective for layer: mlp_column_layer is finished************
chunk size is: 20971520 , size is: 20971520 , layer_num is: 71 , node: 0
info: reduce-scatter forward pass collective issued for layer: mlp_row_layer, involved dimensions:  1, 0, 0, 0, 0, 0, 0, 0, 0, 0,
***** info: fwd pass comm collective for layer: mlp_row_layer is finished************
chunk size is: 20971520 , size is: 20971520 , layer_num is: 72 , node: 0
info: all-gather forward pass collective issued for layer: attention_column_layer, involved dimensions:  1, 0, 0, 0, 0, 0, 0, 0, 0, 0,
***** info: fwd pass comm collective for layer: attention_column_layer is finished************
chunk size is: 20971520 , size is: 20971520 , layer_num is: 73 , node: 0
info: reduce-scatter forward pass collective issued for layer: attention_row_layer, involved dimensions:  1, 0, 0, 0, 0, 0, 0, 0, 0, 0,
***** info: fwd pass comm collective for layer: attention_row_layer is finished************
chunk size is: 20971520 , size is: 20971520 , layer_num is: 74 , node: 0
info: all-gather forward pass collective issued for layer: mlp_column_layer, involved dimensions:  1, 0, 0, 0, 0, 0, 0, 0, 0, 0,
***** info: fwd pass comm collective for layer: mlp_column_layer is finished************
chunk size is: 20971520 , size is: 20971520 , layer_num is: 75 , node: 0
info: reduce-scatter forward pass collective issued for layer: mlp_row_layer, involved dimensions:  1, 0, 0, 0, 0, 0, 0, 0, 0, 0,
***** info: fwd pass comm collective for layer: mlp_row_layer is finished************
chunk size is: 20971520 , size is: 20971520 , layer_num is: 76 , node: 0
info: all-gather forward pass collective issued for layer: attention_column_layer, involved dimensions:  1, 0, 0, 0, 0, 0, 0, 0, 0, 0,
***** info: fwd pass comm collective for layer: attention_column_layer is finished************
chunk size is: 20971520 , size is: 20971520 , layer_num is: 77 , node: 0
info: reduce-scatter forward pass collective issued for layer: attention_row_layer, involved dimensions:  1, 0, 0, 0, 0, 0, 0, 0, 0, 0,
***** info: fwd pass comm collective for layer: attention_row_layer is finished************
chunk size is: 20971520 , size is: 20971520 , layer_num is: 78 , node: 0
info: all-gather forward pass collective issued for layer: mlp_column_layer, involved dimensions:  1, 0, 0, 0, 0, 0, 0, 0, 0, 0,
***** info: fwd pass comm collective for layer: mlp_column_layer is finished************
chunk size is: 20971520 , size is: 20971520 , layer_num is: 79 , node: 0
info: reduce-scatter forward pass collective issued for layer: mlp_row_layer, involved dimensions:  1, 0, 0, 0, 0, 0, 0, 0, 0, 0,
***** info: fwd pass comm collective for layer: mlp_row_layer is finished************
chunk size is: 20971520 , size is: 20971520 , layer_num is: 80 , node: 0
info: all-gather forward pass collective issued for layer: attention_column_layer, involved dimensions:  1, 0, 0, 0, 0, 0, 0, 0, 0, 0,
***** info: fwd pass comm collective for layer: attention_column_layer is finished************
chunk size is: 20971520 , size is: 20971520 , layer_num is: 81 , node: 0
info: reduce-scatter forward pass collective issued for layer: attention_row_layer, involved dimensions:  1, 0, 0, 0, 0, 0, 0, 0, 0, 0,
***** info: fwd pass comm collective for layer: attention_row_layer is finished************
chunk size is: 20971520 , size is: 20971520 , layer_num is: 82 , node: 0
info: all-gather forward pass collective issued for layer: mlp_column_layer, involved dimensions:  1, 0, 0, 0, 0, 0, 0, 0, 0, 0,
***** info: fwd pass comm collective for layer: mlp_column_layer is finished************
chunk size is: 20971520 , size is: 20971520 , layer_num is: 83 , node: 0
info: reduce-scatter forward pass collective issued for layer: mlp_row_layer, involved dimensions:  1, 0, 0, 0, 0, 0, 0, 0, 0, 0,
***** info: fwd pass comm collective for layer: mlp_row_layer is finished************
chunk size is: 20971520 , size is: 20971520 , layer_num is: 84 , node: 0
info: all-gather forward pass collective issued for layer: attention_column_layer, involved dimensions:  1, 0, 0, 0, 0, 0, 0, 0, 0, 0,
***** info: fwd pass comm collective for layer: attention_column_layer is finished************
chunk size is: 20971520 , size is: 20971520 , layer_num is: 85 , node: 0
info: reduce-scatter forward pass collective issued for layer: attention_row_layer, involved dimensions:  1, 0, 0, 0, 0, 0, 0, 0, 0, 0,
***** info: fwd pass comm collective for layer: attention_row_layer is finished************
chunk size is: 20971520 , size is: 20971520 , layer_num is: 86 , node: 0
info: all-gather forward pass collective issued for layer: mlp_column_layer, involved dimensions:  1, 0, 0, 0, 0, 0, 0, 0, 0, 0,
***** info: fwd pass comm collective for layer: mlp_column_layer is finished************
chunk size is: 20971520 , size is: 20971520 , layer_num is: 87 , node: 0
info: reduce-scatter forward pass collective issued for layer: mlp_row_layer, involved dimensions:  1, 0, 0, 0, 0, 0, 0, 0, 0, 0,
***** info: fwd pass comm collective for layer: mlp_row_layer is finished************
chunk size is: 20971520 , size is: 20971520 , layer_num is: 88 , node: 0
info: all-gather forward pass collective issued for layer: attention_column_layer, involved dimensions:  1, 0, 0, 0, 0, 0, 0, 0, 0, 0,
***** info: fwd pass comm collective for layer: attention_column_layer is finished************
chunk size is: 20971520 , size is: 20971520 , layer_num is: 89 , node: 0
info: reduce-scatter forward pass collective issued for layer: attention_row_layer, involved dimensions:  1, 0, 0, 0, 0, 0, 0, 0, 0, 0,
***** info: fwd pass comm collective for layer: attention_row_layer is finished************
chunk size is: 20971520 , size is: 20971520 , layer_num is: 90 , node: 0
info: all-gather forward pass collective issued for layer: mlp_column_layer, involved dimensions:  1, 0, 0, 0, 0, 0, 0, 0, 0, 0,
***** info: fwd pass comm collective for layer: mlp_column_layer is finished************
chunk size is: 20971520 , size is: 20971520 , layer_num is: 91 , node: 0
info: reduce-scatter forward pass collective issued for layer: mlp_row_layer, involved dimensions:  1, 0, 0, 0, 0, 0, 0, 0, 0, 0,
***** info: fwd pass comm collective for layer: mlp_row_layer is finished************
chunk size is: 20971520 , size is: 20971520 , layer_num is: 92 , node: 0
info: all-gather forward pass collective issued for layer: attention_column_layer, involved dimensions:  1, 0, 0, 0, 0, 0, 0, 0, 0, 0,
***** info: fwd pass comm collective for layer: attention_column_layer is finished************
chunk size is: 20971520 , size is: 20971520 , layer_num is: 93 , node: 0
info: reduce-scatter forward pass collective issued for layer: attention_row_layer, involved dimensions:  1, 0, 0, 0, 0, 0, 0, 0, 0, 0,
***** info: fwd pass comm collective for layer: attention_row_layer is finished************
chunk size is: 20971520 , size is: 20971520 , layer_num is: 94 , node: 0
info: all-gather forward pass collective issued for layer: mlp_column_layer, involved dimensions:  1, 0, 0, 0, 0, 0, 0, 0, 0, 0,
***** info: fwd pass comm collective for layer: mlp_column_layer is finished************
chunk size is: 20971520 , size is: 20971520 , layer_num is: 95 , node: 0
info: reduce-scatter forward pass collective issued for layer: mlp_row_layer, involved dimensions:  1, 0, 0, 0, 0, 0, 0, 0, 0, 0,
***** info: fwd pass comm collective for layer: mlp_row_layer is finished************
chunk size is: 20971520 , size is: 20971520 , layer_num is: 96 , node: 0
info: all-gather forward pass collective issued for layer: attention_column_layer, involved dimensions:  1, 0, 0, 0, 0, 0, 0, 0, 0, 0,
***** info: fwd pass comm collective for layer: attention_column_layer is finished************
chunk size is: 20971520 , size is: 20971520 , layer_num is: 97 , node: 0
info: reduce-scatter forward pass collective issued for layer: attention_row_layer, involved dimensions:  1, 0, 0, 0, 0, 0, 0, 0, 0, 0,
***** info: fwd pass comm collective for layer: attention_row_layer is finished************
chunk size is: 20971520 , size is: 20971520 , layer_num is: 98 , node: 0
info: all-gather forward pass collective issued for layer: mlp_column_layer, involved dimensions:  1, 0, 0, 0, 0, 0, 0, 0, 0, 0,
***** info: fwd pass comm collective for layer: mlp_column_layer is finished************
chunk size is: 20971520 , size is: 20971520 , layer_num is: 99 , node: 0
info: reduce-scatter forward pass collective issued for layer: mlp_row_layer, involved dimensions:  1, 0, 0, 0, 0, 0, 0, 0, 0, 0,
***** info: fwd pass comm collective for layer: mlp_row_layer is finished************
chunk size is: 20971520 , size is: 20971520 , layer_num is: 100 , node: 0
info: all-gather forward pass collective issued for layer: attention_column_layer, involved dimensions:  1, 0, 0, 0, 0, 0, 0, 0, 0, 0,
***** info: fwd pass comm collective for layer: attention_column_layer is finished************
chunk size is: 20971520 , size is: 20971520 , layer_num is: 101 , node: 0
info: reduce-scatter forward pass collective issued for layer: attention_row_layer, involved dimensions:  1, 0, 0, 0, 0, 0, 0, 0, 0, 0,
***** info: fwd pass comm collective for layer: attention_row_layer is finished************
chunk size is: 20971520 , size is: 20971520 , layer_num is: 102 , node: 0
info: all-gather forward pass collective issued for layer: mlp_column_layer, involved dimensions:  1, 0, 0, 0, 0, 0, 0, 0, 0, 0,
***** info: fwd pass comm collective for layer: mlp_column_layer is finished************
chunk size is: 20971520 , size is: 20971520 , layer_num is: 103 , node: 0
info: reduce-scatter forward pass collective issued for layer: mlp_row_layer, involved dimensions:  1, 0, 0, 0, 0, 0, 0, 0, 0, 0,
***** info: fwd pass comm collective for layer: mlp_row_layer is finished************
chunk size is: 20971520 , size is: 20971520 , layer_num is: 104 , node: 0
info: all-gather forward pass collective issued for layer: attention_column_layer, involved dimensions:  1, 0, 0, 0, 0, 0, 0, 0, 0, 0,
***** info: fwd pass comm collective for layer: attention_column_layer is finished************
chunk size is: 20971520 , size is: 20971520 , layer_num is: 105 , node: 0
info: reduce-scatter forward pass collective issued for layer: attention_row_layer, involved dimensions:  1, 0, 0, 0, 0, 0, 0, 0, 0, 0,
***** info: fwd pass comm collective for layer: attention_row_layer is finished************
chunk size is: 20971520 , size is: 20971520 , layer_num is: 106 , node: 0
info: all-gather forward pass collective issued for layer: mlp_column_layer, involved dimensions:  1, 0, 0, 0, 0, 0, 0, 0, 0, 0,
***** info: fwd pass comm collective for layer: mlp_column_layer is finished************
chunk size is: 20971520 , size is: 20971520 , layer_num is: 107 , node: 0
info: reduce-scatter forward pass collective issued for layer: mlp_row_layer, involved dimensions:  1, 0, 0, 0, 0, 0, 0, 0, 0, 0,
***** info: fwd pass comm collective for layer: mlp_row_layer is finished************
chunk size is: 20971520 , size is: 20971520 , layer_num is: 108 , node: 0
info: all-gather forward pass collective issued for layer: attention_column_layer, involved dimensions:  1, 0, 0, 0, 0, 0, 0, 0, 0, 0,
***** info: fwd pass comm collective for layer: attention_column_layer is finished************
chunk size is: 20971520 , size is: 20971520 , layer_num is: 109 , node: 0
info: reduce-scatter forward pass collective issued for layer: attention_row_layer, involved dimensions:  1, 0, 0, 0, 0, 0, 0, 0, 0, 0,
***** info: fwd pass comm collective for layer: attention_row_layer is finished************
chunk size is: 20971520 , size is: 20971520 , layer_num is: 110 , node: 0
info: all-gather forward pass collective issued for layer: mlp_column_layer, involved dimensions:  1, 0, 0, 0, 0, 0, 0, 0, 0, 0,
***** info: fwd pass comm collective for layer: mlp_column_layer is finished************
chunk size is: 20971520 , size is: 20971520 , layer_num is: 111 , node: 0
info: reduce-scatter forward pass collective issued for layer: mlp_row_layer, involved dimensions:  1, 0, 0, 0, 0, 0, 0, 0, 0, 0,
***** info: fwd pass comm collective for layer: mlp_row_layer is finished************
chunk size is: 20971520 , size is: 20971520 , layer_num is: 112 , node: 0
info: all-gather forward pass collective issued for layer: attention_column_layer, involved dimensions:  1, 0, 0, 0, 0, 0, 0, 0, 0, 0,
***** info: fwd pass comm collective for layer: attention_column_layer is finished************
chunk size is: 20971520 , size is: 20971520 , layer_num is: 113 , node: 0
info: reduce-scatter forward pass collective issued for layer: attention_row_layer, involved dimensions:  1, 0, 0, 0, 0, 0, 0, 0, 0, 0,
***** info: fwd pass comm collective for layer: attention_row_layer is finished************
chunk size is: 20971520 , size is: 20971520 , layer_num is: 114 , node: 0
info: all-gather forward pass collective issued for layer: mlp_column_layer, involved dimensions:  1, 0, 0, 0, 0, 0, 0, 0, 0, 0,
***** info: fwd pass comm collective for layer: mlp_column_layer is finished************
chunk size is: 20971520 , size is: 20971520 , layer_num is: 115 , node: 0
info: reduce-scatter forward pass collective issued for layer: mlp_row_layer, involved dimensions:  1, 0, 0, 0, 0, 0, 0, 0, 0, 0,
***** info: fwd pass comm collective for layer: mlp_row_layer is finished************
chunk size is: 20971520 , size is: 20971520 , layer_num is: 116 , node: 0
info: all-gather forward pass collective issued for layer: attention_column_layer, involved dimensions:  1, 0, 0, 0, 0, 0, 0, 0, 0, 0,
***** info: fwd pass comm collective for layer: attention_column_layer is finished************
chunk size is: 20971520 , size is: 20971520 , layer_num is: 117 , node: 0
info: reduce-scatter forward pass collective issued for layer: attention_row_layer, involved dimensions:  1, 0, 0, 0, 0, 0, 0, 0, 0, 0,
***** info: fwd pass comm collective for layer: attention_row_layer is finished************
chunk size is: 20971520 , size is: 20971520 , layer_num is: 118 , node: 0
info: all-gather forward pass collective issued for layer: mlp_column_layer, involved dimensions:  1, 0, 0, 0, 0, 0, 0, 0, 0, 0,
***** info: fwd pass comm collective for layer: mlp_column_layer is finished************
chunk size is: 20971520 , size is: 20971520 , layer_num is: 119 , node: 0
info: reduce-scatter forward pass collective issued for layer: mlp_row_layer, involved dimensions:  1, 0, 0, 0, 0, 0, 0, 0, 0, 0,
***** info: fwd pass comm collective for layer: mlp_row_layer is finished************
chunk size is: 20971520 , size is: 20971520 , layer_num is: 120 , node: 0
info: all-gather forward pass collective issued for layer: attention_column_layer, involved dimensions:  1, 0, 0, 0, 0, 0, 0, 0, 0, 0,
***** info: fwd pass comm collective for layer: attention_column_layer is finished************
chunk size is: 20971520 , size is: 20971520 , layer_num is: 121 , node: 0
info: reduce-scatter forward pass collective issued for layer: attention_row_layer, involved dimensions:  1, 0, 0, 0, 0, 0, 0, 0, 0, 0,
***** info: fwd pass comm collective for layer: attention_row_layer is finished************
chunk size is: 20971520 , size is: 20971520 , layer_num is: 122 , node: 0
info: all-gather forward pass collective issued for layer: mlp_column_layer, involved dimensions:  1, 0, 0, 0, 0, 0, 0, 0, 0, 0,
***** info: fwd pass comm collective for layer: mlp_column_layer is finished************
chunk size is: 20971520 , size is: 20971520 , layer_num is: 123 , node: 0
info: reduce-scatter forward pass collective issued for layer: mlp_row_layer, involved dimensions:  1, 0, 0, 0, 0, 0, 0, 0, 0, 0,
***** info: fwd pass comm collective for layer: mlp_row_layer is finished************
chunk size is: 20971520 , size is: 20971520 , layer_num is: 124 , node: 0
info: all-gather forward pass collective issued for layer: attention_column_layer, involved dimensions:  1, 0, 0, 0, 0, 0, 0, 0, 0, 0,
***** info: fwd pass comm collective for layer: attention_column_layer is finished************
chunk size is: 20971520 , size is: 20971520 , layer_num is: 125 , node: 0
info: reduce-scatter forward pass collective issued for layer: attention_row_layer, involved dimensions:  1, 0, 0, 0, 0, 0, 0, 0, 0, 0,
***** info: fwd pass comm collective for layer: attention_row_layer is finished************
chunk size is: 20971520 , size is: 20971520 , layer_num is: 126 , node: 0
info: all-gather forward pass collective issued for layer: mlp_column_layer, involved dimensions:  1, 0, 0, 0, 0, 0, 0, 0, 0, 0,
***** info: fwd pass comm collective for layer: mlp_column_layer is finished************
chunk size is: 20971520 , size is: 20971520 , layer_num is: 127 , node: 0
info: reduce-scatter forward pass collective issued for layer: mlp_row_layer, involved dimensions:  1, 0, 0, 0, 0, 0, 0, 0, 0, 0,
***** info: fwd pass comm collective for layer: mlp_row_layer is finished************
chunk size is: 20971520 , size is: 20971520 , layer_num is: 128 , node: 0
info: all-gather forward pass collective issued for layer: attention_column_layer, involved dimensions:  1, 0, 0, 0, 0, 0, 0, 0, 0, 0,
***** info: fwd pass comm collective for layer: attention_column_layer is finished************
chunk size is: 20971520 , size is: 20971520 , layer_num is: 129 , node: 0
info: reduce-scatter forward pass collective issued for layer: attention_row_layer, involved dimensions:  1, 0, 0, 0, 0, 0, 0, 0, 0, 0,
***** info: fwd pass comm collective for layer: attention_row_layer is finished************
chunk size is: 20971520 , size is: 20971520 , layer_num is: 130 , node: 0
info: all-gather forward pass collective issued for layer: mlp_column_layer, involved dimensions:  1, 0, 0, 0, 0, 0, 0, 0, 0, 0,
***** info: fwd pass comm collective for layer: mlp_column_layer is finished************
chunk size is: 20971520 , size is: 20971520 , layer_num is: 131 , node: 0
info: reduce-scatter forward pass collective issued for layer: mlp_row_layer, involved dimensions:  1, 0, 0, 0, 0, 0, 0, 0, 0, 0,
***** info: fwd pass comm collective for layer: mlp_row_layer is finished************
chunk size is: 20971520 , size is: 20971520 , layer_num is: 132 , node: 0
info: all-gather forward pass collective issued for layer: attention_column_layer, involved dimensions:  1, 0, 0, 0, 0, 0, 0, 0, 0, 0,
***** info: fwd pass comm collective for layer: attention_column_layer is finished************
chunk size is: 20971520 , size is: 20971520 , layer_num is: 133 , node: 0
info: reduce-scatter forward pass collective issued for layer: attention_row_layer, involved dimensions:  1, 0, 0, 0, 0, 0, 0, 0, 0, 0,
***** info: fwd pass comm collective for layer: attention_row_layer is finished************
chunk size is: 20971520 , size is: 20971520 , layer_num is: 134 , node: 0
info: all-gather forward pass collective issued for layer: mlp_column_layer, involved dimensions:  1, 0, 0, 0, 0, 0, 0, 0, 0, 0,
***** info: fwd pass comm collective for layer: mlp_column_layer is finished************
chunk size is: 20971520 , size is: 20971520 , layer_num is: 135 , node: 0
info: reduce-scatter forward pass collective issued for layer: mlp_row_layer, involved dimensions:  1, 0, 0, 0, 0, 0, 0, 0, 0, 0,
***** info: fwd pass comm collective for layer: mlp_row_layer is finished************
chunk size is: 20971520 , size is: 20971520 , layer_num is: 136 , node: 0
info: all-gather forward pass collective issued for layer: attention_column_layer, involved dimensions:  1, 0, 0, 0, 0, 0, 0, 0, 0, 0,
***** info: fwd pass comm collective for layer: attention_column_layer is finished************
chunk size is: 20971520 , size is: 20971520 , layer_num is: 137 , node: 0
info: reduce-scatter forward pass collective issued for layer: attention_row_layer, involved dimensions:  1, 0, 0, 0, 0, 0, 0, 0, 0, 0,
***** info: fwd pass comm collective for layer: attention_row_layer is finished************
chunk size is: 20971520 , size is: 20971520 , layer_num is: 138 , node: 0
info: all-gather forward pass collective issued for layer: mlp_column_layer, involved dimensions:  1, 0, 0, 0, 0, 0, 0, 0, 0, 0,
***** info: fwd pass comm collective for layer: mlp_column_layer is finished************
chunk size is: 20971520 , size is: 20971520 , layer_num is: 139 , node: 0
info: reduce-scatter forward pass collective issued for layer: mlp_row_layer, involved dimensions:  1, 0, 0, 0, 0, 0, 0, 0, 0, 0,
***** info: fwd pass comm collective for layer: mlp_row_layer is finished************
chunk size is: 20971520 , size is: 20971520 , layer_num is: 140 , node: 0
info: all-gather forward pass collective issued for layer: attention_column_layer, involved dimensions:  1, 0, 0, 0, 0, 0, 0, 0, 0, 0,
***** info: fwd pass comm collective for layer: attention_column_layer is finished************
chunk size is: 20971520 , size is: 20971520 , layer_num is: 141 , node: 0
info: reduce-scatter forward pass collective issued for layer: attention_row_layer, involved dimensions:  1, 0, 0, 0, 0, 0, 0, 0, 0, 0,
***** info: fwd pass comm collective for layer: attention_row_layer is finished************
chunk size is: 20971520 , size is: 20971520 , layer_num is: 142 , node: 0
info: all-gather forward pass collective issued for layer: mlp_column_layer, involved dimensions:  1, 0, 0, 0, 0, 0, 0, 0, 0, 0,
***** info: fwd pass comm collective for layer: mlp_column_layer is finished************
chunk size is: 20971520 , size is: 20971520 , layer_num is: 143 , node: 0
info: reduce-scatter forward pass collective issued for layer: mlp_row_layer, involved dimensions:  1, 0, 0, 0, 0, 0, 0, 0, 0, 0,
***** info: fwd pass comm collective for layer: mlp_row_layer is finished************
chunk size is: 20971520 , size is: 20971520 , layer_num is: 144 , node: 0
info: all-gather forward pass collective issued for layer: attention_column_layer, involved dimensions:  1, 0, 0, 0, 0, 0, 0, 0, 0, 0,
***** info: fwd pass comm collective for layer: attention_column_layer is finished************
chunk size is: 20971520 , size is: 20971520 , layer_num is: 145 , node: 0
info: reduce-scatter forward pass collective issued for layer: attention_row_layer, involved dimensions:  1, 0, 0, 0, 0, 0, 0, 0, 0, 0,
***** info: fwd pass comm collective for layer: attention_row_layer is finished************
chunk size is: 20971520 , size is: 20971520 , layer_num is: 146 , node: 0
info: all-gather forward pass collective issued for layer: mlp_column_layer, involved dimensions:  1, 0, 0, 0, 0, 0, 0, 0, 0, 0,
***** info: fwd pass comm collective for layer: mlp_column_layer is finished************
chunk size is: 20971520 , size is: 20971520 , layer_num is: 147 , node: 0
info: reduce-scatter forward pass collective issued for layer: mlp_row_layer, involved dimensions:  1, 0, 0, 0, 0, 0, 0, 0, 0, 0,
***** info: fwd pass comm collective for layer: mlp_row_layer is finished************
chunk size is: 20971520 , size is: 20971520 , layer_num is: 148 , node: 0
info: all-gather forward pass collective issued for layer: attention_column_layer, involved dimensions:  1, 0, 0, 0, 0, 0, 0, 0, 0, 0,
***** info: fwd pass comm collective for layer: attention_column_layer is finished************
chunk size is: 20971520 , size is: 20971520 , layer_num is: 149 , node: 0
info: reduce-scatter forward pass collective issued for layer: attention_row_layer, involved dimensions:  1, 0, 0, 0, 0, 0, 0, 0, 0, 0,
***** info: fwd pass comm collective for layer: attention_row_layer is finished************
chunk size is: 20971520 , size is: 20971520 , layer_num is: 150 , node: 0
info: all-gather forward pass collective issued for layer: mlp_column_layer, involved dimensions:  1, 0, 0, 0, 0, 0, 0, 0, 0, 0,
***** info: fwd pass comm collective for layer: mlp_column_layer is finished************
chunk size is: 20971520 , size is: 20971520 , layer_num is: 151 , node: 0
info: reduce-scatter forward pass collective issued for layer: mlp_row_layer, involved dimensions:  1, 0, 0, 0, 0, 0, 0, 0, 0, 0,
***** info: fwd pass comm collective for layer: mlp_row_layer is finished************
chunk size is: 20971520 , size is: 20971520 , layer_num is: 152 , node: 0
info: all-gather forward pass collective issued for layer: attention_column_layer, involved dimensions:  1, 0, 0, 0, 0, 0, 0, 0, 0, 0,
***** info: fwd pass comm collective for layer: attention_column_layer is finished************
chunk size is: 20971520 , size is: 20971520 , layer_num is: 153 , node: 0
info: reduce-scatter forward pass collective issued for layer: attention_row_layer, involved dimensions:  1, 0, 0, 0, 0, 0, 0, 0, 0, 0,
***** info: fwd pass comm collective for layer: attention_row_layer is finished************
chunk size is: 20971520 , size is: 20971520 , layer_num is: 154 , node: 0
info: all-gather forward pass collective issued for layer: mlp_column_layer, involved dimensions:  1, 0, 0, 0, 0, 0, 0, 0, 0, 0,
***** info: fwd pass comm collective for layer: mlp_column_layer is finished************
chunk size is: 20971520 , size is: 20971520 , layer_num is: 155 , node: 0
info: reduce-scatter forward pass collective issued for layer: mlp_row_layer, involved dimensions:  1, 0, 0, 0, 0, 0, 0, 0, 0, 0,
***** info: fwd pass comm collective for layer: mlp_row_layer is finished************
chunk size is: 20971520 , size is: 20971520 , layer_num is: 156 , node: 0
info: all-gather forward pass collective issued for layer: attention_column_layer, involved dimensions:  1, 0, 0, 0, 0, 0, 0, 0, 0, 0,
***** info: fwd pass comm collective for layer: attention_column_layer is finished************
chunk size is: 20971520 , size is: 20971520 , layer_num is: 157 , node: 0
info: reduce-scatter forward pass collective issued for layer: attention_row_layer, involved dimensions:  1, 0, 0, 0, 0, 0, 0, 0, 0, 0,
***** info: fwd pass comm collective for layer: attention_row_layer is finished************
chunk size is: 20971520 , size is: 20971520 , layer_num is: 158 , node: 0
info: all-gather forward pass collective issued for layer: mlp_column_layer, involved dimensions:  1, 0, 0, 0, 0, 0, 0, 0, 0, 0,
***** info: fwd pass comm collective for layer: mlp_column_layer is finished************
chunk size is: 20971520 , size is: 20971520 , layer_num is: 159 , node: 0
info: reduce-scatter forward pass collective issued for layer: mlp_row_layer, involved dimensions:  1, 0, 0, 0, 0, 0, 0, 0, 0, 0,
***** info: fwd pass comm collective for layer: mlp_row_layer is finished************
chunk size is: 20971520 , size is: 20971520 , layer_num is: 160 , node: 0
info: all-gather forward pass collective issued for layer: attention_column_layer, involved dimensions:  1, 0, 0, 0, 0, 0, 0, 0, 0, 0,
***** info: fwd pass comm collective for layer: attention_column_layer is finished************
chunk size is: 20971520 , size is: 20971520 , layer_num is: 161 , node: 0
info: reduce-scatter forward pass collective issued for layer: attention_row_layer, involved dimensions:  1, 0, 0, 0, 0, 0, 0, 0, 0, 0,
***** info: fwd pass comm collective for layer: attention_row_layer is finished************
chunk size is: 20971520 , size is: 20971520 , layer_num is: 162 , node: 0
info: all-gather forward pass collective issued for layer: mlp_column_layer, involved dimensions:  1, 0, 0, 0, 0, 0, 0, 0, 0, 0,
***** info: fwd pass comm collective for layer: mlp_column_layer is finished************
chunk size is: 20971520 , size is: 20971520 , layer_num is: 163 , node: 0
info: reduce-scatter forward pass collective issued for layer: mlp_row_layer, involved dimensions:  1, 0, 0, 0, 0, 0, 0, 0, 0, 0,
***** info: fwd pass comm collective for layer: mlp_row_layer is finished************
chunk size is: 327680000 , size is: 327680000 , layer_num is: 164 , node: 0
info: all-reduce forward pass collective issued for layer: embedding_norm, involved dimensions:  1, 0, 0, 0, 0, 0, 0, 0, 0, 0,
***** info: fwd pass comm collective for layer: embedding_norm is finished************
chunk size is: 8192 , size is: 8192 , layer_num is: 165 , node: 0
info: all-reduce forward pass collective issued for layer: cross_entropy1, involved dimensions:  1, 0, 0, 0, 0, 0, 0, 0, 0, 0,
***** info: fwd pass comm collective for layer: cross_entropy1 is finished************
chunk size is: 8192 , size is: 8192 , layer_num is: 166 , node: 0
info: all-reduce forward pass collective issued for layer: cross_entropy2, involved dimensions:  1, 0, 0, 0, 0, 0, 0, 0, 0, 0,
***** info: fwd pass comm collective for layer: cross_entropy2 is finished************
chunk size is: 8192 , size is: 8192 , layer_num is: 167 , node: 0
info: all-reduce forward pass collective issued for layer: cross_entropy3, involved dimensions:  1, 0, 0, 0, 0, 0, 0, 0, 0, 0,
***** info: fwd pass comm collective for layer: cross_entropy3 is finished************
chunk size is: 4096 , size is: 4096 , layer_num is: 168 , node: 0
info: all-reduce forward pass collective issued for layer: optimizer1, involved dimensions:  1, 0, 0, 0, 0, 0, 0, 0, 0, 0,
***** info: fwd pass comm collective for layer: optimizer1 is finished************
chunk size is: 4096 , size is: 4096 , layer_num is: 169 , node: 0
info: all-reduce forward pass collective issued for layer: optimizer2, involved dimensions:  1, 0, 0, 0, 0, 0, 0, 0, 0, 0,
***** info: fwd pass comm collective for layer: optimizer2 is finished************
chunk size is: 4096 , size is: 4096 , layer_num is: 170 , node: 0
info: all-reduce forward pass collective issued for layer: optimizer3, involved dimensions:  1, 0, 0, 0, 0, 0, 0, 0, 0, 0,
***** info: fwd pass comm collective for layer: optimizer3 is finished************
chunk size is: 4096 , size is: 4096 , layer_num is: 171 , node: 0
info: all-reduce forward pass collective issued for layer: optimizer4, involved dimensions:  1, 0, 0, 0, 0, 0, 0, 0, 0, 0,
***** info: fwd pass comm collective for layer: optimizer4 is finished************
info: no input grad collective for layer: optimizer4
info: no weight grad collective for layer: optimizer4
info: no input grad collective for layer: optimizer3
info: no weight grad collective for layer: optimizer3
info: no input grad collective for layer: optimizer2
info: no weight grad collective for layer: optimizer2
info: no input grad collective for layer: optimizer1
info: no weight grad collective for layer: optimizer1
info: no input grad collective for layer: cross_entropy3
info: no weight grad collective for layer: cross_entropy3
info: no input grad collective for layer: cross_entropy2
info: no weight grad collective for layer: cross_entropy2
info: no input grad collective for layer: cross_entropy1
info: no weight grad collective for layer: cross_entropy1
info: no input grad collective for layer: embedding_norm
info: no weight grad collective for layer: embedding_norm
chunk size is: 20971520 , size is: 20971520 , layer_num is: 163 , node: 0
info: all-gather input grad collective issued for layer: mlp_row_layer, involved dimensions:  1, 0, 0, 0, 0, 0, 0, 0, 0, 0,
***** info: input gradient collective for layer: mlp_row_layer is finished************
info: no weight grad collective for layer: mlp_row_layer
chunk size is: 20971520 , size is: 20971520 , layer_num is: 162 , node: 0
info: reduce-scatter input grad collective issued for layer: mlp_column_layer, involved dimensions:  1, 0, 0, 0, 0, 0, 0, 0, 0, 0,
***** info: input gradient collective for layer: mlp_column_layer is finished************
info: no weight grad collective for layer: mlp_column_layer
chunk size is: 20971520 , size is: 20971520 , layer_num is: 161 , node: 0
info: all-gather input grad collective issued for layer: attention_row_layer, involved dimensions:  1, 0, 0, 0, 0, 0, 0, 0, 0, 0,
***** info: input gradient collective for layer: attention_row_layer is finished************
info: no weight grad collective for layer: attention_row_layer
chunk size is: 20971520 , size is: 20971520 , layer_num is: 160 , node: 0
info: reduce-scatter input grad collective issued for layer: attention_column_layer, involved dimensions:  1, 0, 0, 0, 0, 0, 0, 0, 0, 0,
***** info: input gradient collective for layer: attention_column_layer is finished************
info: no weight grad collective for layer: attention_column_layer
chunk size is: 20971520 , size is: 20971520 , layer_num is: 159 , node: 0
info: all-gather input grad collective issued for layer: mlp_row_layer, involved dimensions:  1, 0, 0, 0, 0, 0, 0, 0, 0, 0,
***** info: input gradient collective for layer: mlp_row_layer is finished************
info: no weight grad collective for layer: mlp_row_layer
chunk size is: 20971520 , size is: 20971520 , layer_num is: 158 , node: 0
info: reduce-scatter input grad collective issued for layer: mlp_column_layer, involved dimensions:  1, 0, 0, 0, 0, 0, 0, 0, 0, 0,
***** info: input gradient collective for layer: mlp_column_layer is finished************
info: no weight grad collective for layer: mlp_column_layer
chunk size is: 20971520 , size is: 20971520 , layer_num is: 157 , node: 0
info: all-gather input grad collective issued for layer: attention_row_layer, involved dimensions:  1, 0, 0, 0, 0, 0, 0, 0, 0, 0,
***** info: input gradient collective for layer: attention_row_layer is finished************
info: no weight grad collective for layer: attention_row_layer
chunk size is: 20971520 , size is: 20971520 , layer_num is: 156 , node: 0
info: reduce-scatter input grad collective issued for layer: attention_column_layer, involved dimensions:  1, 0, 0, 0, 0, 0, 0, 0, 0, 0,
***** info: input gradient collective for layer: attention_column_layer is finished************
info: no weight grad collective for layer: attention_column_layer
chunk size is: 20971520 , size is: 20971520 , layer_num is: 155 , node: 0
info: all-gather input grad collective issued for layer: mlp_row_layer, involved dimensions:  1, 0, 0, 0, 0, 0, 0, 0, 0, 0,
***** info: input gradient collective for layer: mlp_row_layer is finished************
info: no weight grad collective for layer: mlp_row_layer
chunk size is: 20971520 , size is: 20971520 , layer_num is: 154 , node: 0
info: reduce-scatter input grad collective issued for layer: mlp_column_layer, involved dimensions:  1, 0, 0, 0, 0, 0, 0, 0, 0, 0,
***** info: input gradient collective for layer: mlp_column_layer is finished************
info: no weight grad collective for layer: mlp_column_layer
chunk size is: 20971520 , size is: 20971520 , layer_num is: 153 , node: 0
info: all-gather input grad collective issued for layer: attention_row_layer, involved dimensions:  1, 0, 0, 0, 0, 0, 0, 0, 0, 0,
***** info: input gradient collective for layer: attention_row_layer is finished************
info: no weight grad collective for layer: attention_row_layer
chunk size is: 20971520 , size is: 20971520 , layer_num is: 152 , node: 0
info: reduce-scatter input grad collective issued for layer: attention_column_layer, involved dimensions:  1, 0, 0, 0, 0, 0, 0, 0, 0, 0,
***** info: input gradient collective for layer: attention_column_layer is finished************
info: no weight grad collective for layer: attention_column_layer
chunk size is: 20971520 , size is: 20971520 , layer_num is: 151 , node: 0
info: all-gather input grad collective issued for layer: mlp_row_layer, involved dimensions:  1, 0, 0, 0, 0, 0, 0, 0, 0, 0,
***** info: input gradient collective for layer: mlp_row_layer is finished************
info: no weight grad collective for layer: mlp_row_layer
chunk size is: 20971520 , size is: 20971520 , layer_num is: 150 , node: 0
info: reduce-scatter input grad collective issued for layer: mlp_column_layer, involved dimensions:  1, 0, 0, 0, 0, 0, 0, 0, 0, 0,
***** info: input gradient collective for layer: mlp_column_layer is finished************
info: no weight grad collective for layer: mlp_column_layer
chunk size is: 20971520 , size is: 20971520 , layer_num is: 149 , node: 0
info: all-gather input grad collective issued for layer: attention_row_layer, involved dimensions:  1, 0, 0, 0, 0, 0, 0, 0, 0, 0,
***** info: input gradient collective for layer: attention_row_layer is finished************
info: no weight grad collective for layer: attention_row_layer
chunk size is: 20971520 , size is: 20971520 , layer_num is: 148 , node: 0
info: reduce-scatter input grad collective issued for layer: attention_column_layer, involved dimensions:  1, 0, 0, 0, 0, 0, 0, 0, 0, 0,
***** info: input gradient collective for layer: attention_column_layer is finished************
info: no weight grad collective for layer: attention_column_layer
chunk size is: 20971520 , size is: 20971520 , layer_num is: 147 , node: 0
info: all-gather input grad collective issued for layer: mlp_row_layer, involved dimensions:  1, 0, 0, 0, 0, 0, 0, 0, 0, 0,
***** info: input gradient collective for layer: mlp_row_layer is finished************
info: no weight grad collective for layer: mlp_row_layer
chunk size is: 20971520 , size is: 20971520 , layer_num is: 146 , node: 0
info: reduce-scatter input grad collective issued for layer: mlp_column_layer, involved dimensions:  1, 0, 0, 0, 0, 0, 0, 0, 0, 0,
***** info: input gradient collective for layer: mlp_column_layer is finished************
info: no weight grad collective for layer: mlp_column_layer
chunk size is: 20971520 , size is: 20971520 , layer_num is: 145 , node: 0
info: all-gather input grad collective issued for layer: attention_row_layer, involved dimensions:  1, 0, 0, 0, 0, 0, 0, 0, 0, 0,
***** info: input gradient collective for layer: attention_row_layer is finished************
info: no weight grad collective for layer: attention_row_layer
chunk size is: 20971520 , size is: 20971520 , layer_num is: 144 , node: 0
info: reduce-scatter input grad collective issued for layer: attention_column_layer, involved dimensions:  1, 0, 0, 0, 0, 0, 0, 0, 0, 0,
***** info: input gradient collective for layer: attention_column_layer is finished************
info: no weight grad collective for layer: attention_column_layer
chunk size is: 20971520 , size is: 20971520 , layer_num is: 143 , node: 0
info: all-gather input grad collective issued for layer: mlp_row_layer, involved dimensions:  1, 0, 0, 0, 0, 0, 0, 0, 0, 0,
***** info: input gradient collective for layer: mlp_row_layer is finished************
info: no weight grad collective for layer: mlp_row_layer
chunk size is: 20971520 , size is: 20971520 , layer_num is: 142 , node: 0
info: reduce-scatter input grad collective issued for layer: mlp_column_layer, involved dimensions:  1, 0, 0, 0, 0, 0, 0, 0, 0, 0,
***** info: input gradient collective for layer: mlp_column_layer is finished************
info: no weight grad collective for layer: mlp_column_layer
chunk size is: 20971520 , size is: 20971520 , layer_num is: 141 , node: 0
info: all-gather input grad collective issued for layer: attention_row_layer, involved dimensions:  1, 0, 0, 0, 0, 0, 0, 0, 0, 0,
***** info: input gradient collective for layer: attention_row_layer is finished************
info: no weight grad collective for layer: attention_row_layer
chunk size is: 20971520 , size is: 20971520 , layer_num is: 140 , node: 0
info: reduce-scatter input grad collective issued for layer: attention_column_layer, involved dimensions:  1, 0, 0, 0, 0, 0, 0, 0, 0, 0,
***** info: input gradient collective for layer: attention_column_layer is finished************
info: no weight grad collective for layer: attention_column_layer
chunk size is: 20971520 , size is: 20971520 , layer_num is: 139 , node: 0
info: all-gather input grad collective issued for layer: mlp_row_layer, involved dimensions:  1, 0, 0, 0, 0, 0, 0, 0, 0, 0,
***** info: input gradient collective for layer: mlp_row_layer is finished************
info: no weight grad collective for layer: mlp_row_layer
chunk size is: 20971520 , size is: 20971520 , layer_num is: 138 , node: 0
info: reduce-scatter input grad collective issued for layer: mlp_column_layer, involved dimensions:  1, 0, 0, 0, 0, 0, 0, 0, 0, 0,
***** info: input gradient collective for layer: mlp_column_layer is finished************
info: no weight grad collective for layer: mlp_column_layer
chunk size is: 20971520 , size is: 20971520 , layer_num is: 137 , node: 0
info: all-gather input grad collective issued for layer: attention_row_layer, involved dimensions:  1, 0, 0, 0, 0, 0, 0, 0, 0, 0,
***** info: input gradient collective for layer: attention_row_layer is finished************
info: no weight grad collective for layer: attention_row_layer
chunk size is: 20971520 , size is: 20971520 , layer_num is: 136 , node: 0
info: reduce-scatter input grad collective issued for layer: attention_column_layer, involved dimensions:  1, 0, 0, 0, 0, 0, 0, 0, 0, 0,
***** info: input gradient collective for layer: attention_column_layer is finished************
info: no weight grad collective for layer: attention_column_layer
chunk size is: 20971520 , size is: 20971520 , layer_num is: 135 , node: 0
info: all-gather input grad collective issued for layer: mlp_row_layer, involved dimensions:  1, 0, 0, 0, 0, 0, 0, 0, 0, 0,
***** info: input gradient collective for layer: mlp_row_layer is finished************
info: no weight grad collective for layer: mlp_row_layer
chunk size is: 20971520 , size is: 20971520 , layer_num is: 134 , node: 0
info: reduce-scatter input grad collective issued for layer: mlp_column_layer, involved dimensions:  1, 0, 0, 0, 0, 0, 0, 0, 0, 0,
***** info: input gradient collective for layer: mlp_column_layer is finished************
info: no weight grad collective for layer: mlp_column_layer
chunk size is: 20971520 , size is: 20971520 , layer_num is: 133 , node: 0
info: all-gather input grad collective issued for layer: attention_row_layer, involved dimensions:  1, 0, 0, 0, 0, 0, 0, 0, 0, 0,
***** info: input gradient collective for layer: attention_row_layer is finished************
info: no weight grad collective for layer: attention_row_layer
chunk size is: 20971520 , size is: 20971520 , layer_num is: 132 , node: 0
info: reduce-scatter input grad collective issued for layer: attention_column_layer, involved dimensions:  1, 0, 0, 0, 0, 0, 0, 0, 0, 0,
***** info: input gradient collective for layer: attention_column_layer is finished************
info: no weight grad collective for layer: attention_column_layer
chunk size is: 20971520 , size is: 20971520 , layer_num is: 131 , node: 0
info: all-gather input grad collective issued for layer: mlp_row_layer, involved dimensions:  1, 0, 0, 0, 0, 0, 0, 0, 0, 0,
***** info: input gradient collective for layer: mlp_row_layer is finished************
info: no weight grad collective for layer: mlp_row_layer
chunk size is: 20971520 , size is: 20971520 , layer_num is: 130 , node: 0
info: reduce-scatter input grad collective issued for layer: mlp_column_layer, involved dimensions:  1, 0, 0, 0, 0, 0, 0, 0, 0, 0,
***** info: input gradient collective for layer: mlp_column_layer is finished************
info: no weight grad collective for layer: mlp_column_layer
chunk size is: 20971520 , size is: 20971520 , layer_num is: 129 , node: 0
info: all-gather input grad collective issued for layer: attention_row_layer, involved dimensions:  1, 0, 0, 0, 0, 0, 0, 0, 0, 0,
***** info: input gradient collective for layer: attention_row_layer is finished************
info: no weight grad collective for layer: attention_row_layer
chunk size is: 20971520 , size is: 20971520 , layer_num is: 128 , node: 0
info: reduce-scatter input grad collective issued for layer: attention_column_layer, involved dimensions:  1, 0, 0, 0, 0, 0, 0, 0, 0, 0,
***** info: input gradient collective for layer: attention_column_layer is finished************
info: no weight grad collective for layer: attention_column_layer
chunk size is: 20971520 , size is: 20971520 , layer_num is: 127 , node: 0
info: all-gather input grad collective issued for layer: mlp_row_layer, involved dimensions:  1, 0, 0, 0, 0, 0, 0, 0, 0, 0,
***** info: input gradient collective for layer: mlp_row_layer is finished************
info: no weight grad collective for layer: mlp_row_layer
chunk size is: 20971520 , size is: 20971520 , layer_num is: 126 , node: 0
info: reduce-scatter input grad collective issued for layer: mlp_column_layer, involved dimensions:  1, 0, 0, 0, 0, 0, 0, 0, 0, 0,
***** info: input gradient collective for layer: mlp_column_layer is finished************
info: no weight grad collective for layer: mlp_column_layer
chunk size is: 20971520 , size is: 20971520 , layer_num is: 125 , node: 0
info: all-gather input grad collective issued for layer: attention_row_layer, involved dimensions:  1, 0, 0, 0, 0, 0, 0, 0, 0, 0,
***** info: input gradient collective for layer: attention_row_layer is finished************
info: no weight grad collective for layer: attention_row_layer
chunk size is: 20971520 , size is: 20971520 , layer_num is: 124 , node: 0
info: reduce-scatter input grad collective issued for layer: attention_column_layer, involved dimensions:  1, 0, 0, 0, 0, 0, 0, 0, 0, 0,
***** info: input gradient collective for layer: attention_column_layer is finished************
info: no weight grad collective for layer: attention_column_layer
chunk size is: 20971520 , size is: 20971520 , layer_num is: 123 , node: 0
info: all-gather input grad collective issued for layer: mlp_row_layer, involved dimensions:  1, 0, 0, 0, 0, 0, 0, 0, 0, 0,
***** info: input gradient collective for layer: mlp_row_layer is finished************
info: no weight grad collective for layer: mlp_row_layer
chunk size is: 20971520 , size is: 20971520 , layer_num is: 122 , node: 0
info: reduce-scatter input grad collective issued for layer: mlp_column_layer, involved dimensions:  1, 0, 0, 0, 0, 0, 0, 0, 0, 0,
***** info: input gradient collective for layer: mlp_column_layer is finished************
info: no weight grad collective for layer: mlp_column_layer
chunk size is: 20971520 , size is: 20971520 , layer_num is: 121 , node: 0
info: all-gather input grad collective issued for layer: attention_row_layer, involved dimensions:  1, 0, 0, 0, 0, 0, 0, 0, 0, 0,
***** info: input gradient collective for layer: attention_row_layer is finished************
info: no weight grad collective for layer: attention_row_layer
chunk size is: 20971520 , size is: 20971520 , layer_num is: 120 , node: 0
info: reduce-scatter input grad collective issued for layer: attention_column_layer, involved dimensions:  1, 0, 0, 0, 0, 0, 0, 0, 0, 0,
***** info: input gradient collective for layer: attention_column_layer is finished************
info: no weight grad collective for layer: attention_column_layer
chunk size is: 20971520 , size is: 20971520 , layer_num is: 119 , node: 0
info: all-gather input grad collective issued for layer: mlp_row_layer, involved dimensions:  1, 0, 0, 0, 0, 0, 0, 0, 0, 0,
***** info: input gradient collective for layer: mlp_row_layer is finished************
info: no weight grad collective for layer: mlp_row_layer
chunk size is: 20971520 , size is: 20971520 , layer_num is: 118 , node: 0
info: reduce-scatter input grad collective issued for layer: mlp_column_layer, involved dimensions:  1, 0, 0, 0, 0, 0, 0, 0, 0, 0,
***** info: input gradient collective for layer: mlp_column_layer is finished************
info: no weight grad collective for layer: mlp_column_layer
chunk size is: 20971520 , size is: 20971520 , layer_num is: 117 , node: 0
info: all-gather input grad collective issued for layer: attention_row_layer, involved dimensions:  1, 0, 0, 0, 0, 0, 0, 0, 0, 0,
***** info: input gradient collective for layer: attention_row_layer is finished************
info: no weight grad collective for layer: attention_row_layer
chunk size is: 20971520 , size is: 20971520 , layer_num is: 116 , node: 0
info: reduce-scatter input grad collective issued for layer: attention_column_layer, involved dimensions:  1, 0, 0, 0, 0, 0, 0, 0, 0, 0,
***** info: input gradient collective for layer: attention_column_layer is finished************
info: no weight grad collective for layer: attention_column_layer
chunk size is: 20971520 , size is: 20971520 , layer_num is: 115 , node: 0
info: all-gather input grad collective issued for layer: mlp_row_layer, involved dimensions:  1, 0, 0, 0, 0, 0, 0, 0, 0, 0,
***** info: input gradient collective for layer: mlp_row_layer is finished************
info: no weight grad collective for layer: mlp_row_layer
chunk size is: 20971520 , size is: 20971520 , layer_num is: 114 , node: 0
info: reduce-scatter input grad collective issued for layer: mlp_column_layer, involved dimensions:  1, 0, 0, 0, 0, 0, 0, 0, 0, 0,
***** info: input gradient collective for layer: mlp_column_layer is finished************
info: no weight grad collective for layer: mlp_column_layer
chunk size is: 20971520 , size is: 20971520 , layer_num is: 113 , node: 0
info: all-gather input grad collective issued for layer: attention_row_layer, involved dimensions:  1, 0, 0, 0, 0, 0, 0, 0, 0, 0,
***** info: input gradient collective for layer: attention_row_layer is finished************
info: no weight grad collective for layer: attention_row_layer
chunk size is: 20971520 , size is: 20971520 , layer_num is: 112 , node: 0
info: reduce-scatter input grad collective issued for layer: attention_column_layer, involved dimensions:  1, 0, 0, 0, 0, 0, 0, 0, 0, 0,
***** info: input gradient collective for layer: attention_column_layer is finished************
info: no weight grad collective for layer: attention_column_layer
chunk size is: 20971520 , size is: 20971520 , layer_num is: 111 , node: 0
info: all-gather input grad collective issued for layer: mlp_row_layer, involved dimensions:  1, 0, 0, 0, 0, 0, 0, 0, 0, 0,
***** info: input gradient collective for layer: mlp_row_layer is finished************
info: no weight grad collective for layer: mlp_row_layer
chunk size is: 20971520 , size is: 20971520 , layer_num is: 110 , node: 0
info: reduce-scatter input grad collective issued for layer: mlp_column_layer, involved dimensions:  1, 0, 0, 0, 0, 0, 0, 0, 0, 0,
***** info: input gradient collective for layer: mlp_column_layer is finished************
info: no weight grad collective for layer: mlp_column_layer
chunk size is: 20971520 , size is: 20971520 , layer_num is: 109 , node: 0
info: all-gather input grad collective issued for layer: attention_row_layer, involved dimensions:  1, 0, 0, 0, 0, 0, 0, 0, 0, 0,
***** info: input gradient collective for layer: attention_row_layer is finished************
info: no weight grad collective for layer: attention_row_layer
chunk size is: 20971520 , size is: 20971520 , layer_num is: 108 , node: 0
info: reduce-scatter input grad collective issued for layer: attention_column_layer, involved dimensions:  1, 0, 0, 0, 0, 0, 0, 0, 0, 0,
***** info: input gradient collective for layer: attention_column_layer is finished************
info: no weight grad collective for layer: attention_column_layer
chunk size is: 20971520 , size is: 20971520 , layer_num is: 107 , node: 0
info: all-gather input grad collective issued for layer: mlp_row_layer, involved dimensions:  1, 0, 0, 0, 0, 0, 0, 0, 0, 0,
***** info: input gradient collective for layer: mlp_row_layer is finished************
info: no weight grad collective for layer: mlp_row_layer
chunk size is: 20971520 , size is: 20971520 , layer_num is: 106 , node: 0
info: reduce-scatter input grad collective issued for layer: mlp_column_layer, involved dimensions:  1, 0, 0, 0, 0, 0, 0, 0, 0, 0,
***** info: input gradient collective for layer: mlp_column_layer is finished************
info: no weight grad collective for layer: mlp_column_layer
chunk size is: 20971520 , size is: 20971520 , layer_num is: 105 , node: 0
info: all-gather input grad collective issued for layer: attention_row_layer, involved dimensions:  1, 0, 0, 0, 0, 0, 0, 0, 0, 0,
***** info: input gradient collective for layer: attention_row_layer is finished************
info: no weight grad collective for layer: attention_row_layer
chunk size is: 20971520 , size is: 20971520 , layer_num is: 104 , node: 0
info: reduce-scatter input grad collective issued for layer: attention_column_layer, involved dimensions:  1, 0, 0, 0, 0, 0, 0, 0, 0, 0,
***** info: input gradient collective for layer: attention_column_layer is finished************
info: no weight grad collective for layer: attention_column_layer
chunk size is: 20971520 , size is: 20971520 , layer_num is: 103 , node: 0
info: all-gather input grad collective issued for layer: mlp_row_layer, involved dimensions:  1, 0, 0, 0, 0, 0, 0, 0, 0, 0,
***** info: input gradient collective for layer: mlp_row_layer is finished************
info: no weight grad collective for layer: mlp_row_layer
chunk size is: 20971520 , size is: 20971520 , layer_num is: 102 , node: 0
info: reduce-scatter input grad collective issued for layer: mlp_column_layer, involved dimensions:  1, 0, 0, 0, 0, 0, 0, 0, 0, 0,
***** info: input gradient collective for layer: mlp_column_layer is finished************
info: no weight grad collective for layer: mlp_column_layer
chunk size is: 20971520 , size is: 20971520 , layer_num is: 101 , node: 0
info: all-gather input grad collective issued for layer: attention_row_layer, involved dimensions:  1, 0, 0, 0, 0, 0, 0, 0, 0, 0,
***** info: input gradient collective for layer: attention_row_layer is finished************
info: no weight grad collective for layer: attention_row_layer
chunk size is: 20971520 , size is: 20971520 , layer_num is: 100 , node: 0
info: reduce-scatter input grad collective issued for layer: attention_column_layer, involved dimensions:  1, 0, 0, 0, 0, 0, 0, 0, 0, 0,
***** info: input gradient collective for layer: attention_column_layer is finished************
info: no weight grad collective for layer: attention_column_layer
chunk size is: 20971520 , size is: 20971520 , layer_num is: 99 , node: 0
info: all-gather input grad collective issued for layer: mlp_row_layer, involved dimensions:  1, 0, 0, 0, 0, 0, 0, 0, 0, 0,
***** info: input gradient collective for layer: mlp_row_layer is finished************
info: no weight grad collective for layer: mlp_row_layer
chunk size is: 20971520 , size is: 20971520 , layer_num is: 98 , node: 0
info: reduce-scatter input grad collective issued for layer: mlp_column_layer, involved dimensions:  1, 0, 0, 0, 0, 0, 0, 0, 0, 0,
***** info: input gradient collective for layer: mlp_column_layer is finished************
info: no weight grad collective for layer: mlp_column_layer
chunk size is: 20971520 , size is: 20971520 , layer_num is: 97 , node: 0
info: all-gather input grad collective issued for layer: attention_row_layer, involved dimensions:  1, 0, 0, 0, 0, 0, 0, 0, 0, 0,
***** info: input gradient collective for layer: attention_row_layer is finished************
info: no weight grad collective for layer: attention_row_layer
chunk size is: 20971520 , size is: 20971520 , layer_num is: 96 , node: 0
info: reduce-scatter input grad collective issued for layer: attention_column_layer, involved dimensions:  1, 0, 0, 0, 0, 0, 0, 0, 0, 0,
***** info: input gradient collective for layer: attention_column_layer is finished************
info: no weight grad collective for layer: attention_column_layer
chunk size is: 20971520 , size is: 20971520 , layer_num is: 95 , node: 0
info: all-gather input grad collective issued for layer: mlp_row_layer, involved dimensions:  1, 0, 0, 0, 0, 0, 0, 0, 0, 0,
***** info: input gradient collective for layer: mlp_row_layer is finished************
info: no weight grad collective for layer: mlp_row_layer
chunk size is: 20971520 , size is: 20971520 , layer_num is: 94 , node: 0
info: reduce-scatter input grad collective issued for layer: mlp_column_layer, involved dimensions:  1, 0, 0, 0, 0, 0, 0, 0, 0, 0,
***** info: input gradient collective for layer: mlp_column_layer is finished************
info: no weight grad collective for layer: mlp_column_layer
chunk size is: 20971520 , size is: 20971520 , layer_num is: 93 , node: 0
info: all-gather input grad collective issued for layer: attention_row_layer, involved dimensions:  1, 0, 0, 0, 0, 0, 0, 0, 0, 0,
***** info: input gradient collective for layer: attention_row_layer is finished************
info: no weight grad collective for layer: attention_row_layer
chunk size is: 20971520 , size is: 20971520 , layer_num is: 92 , node: 0
info: reduce-scatter input grad collective issued for layer: attention_column_layer, involved dimensions:  1, 0, 0, 0, 0, 0, 0, 0, 0, 0,
***** info: input gradient collective for layer: attention_column_layer is finished************
info: no weight grad collective for layer: attention_column_layer
chunk size is: 20971520 , size is: 20971520 , layer_num is: 91 , node: 0
info: all-gather input grad collective issued for layer: mlp_row_layer, involved dimensions:  1, 0, 0, 0, 0, 0, 0, 0, 0, 0,
***** info: input gradient collective for layer: mlp_row_layer is finished************
info: no weight grad collective for layer: mlp_row_layer
chunk size is: 20971520 , size is: 20971520 , layer_num is: 90 , node: 0
info: reduce-scatter input grad collective issued for layer: mlp_column_layer, involved dimensions:  1, 0, 0, 0, 0, 0, 0, 0, 0, 0,
***** info: input gradient collective for layer: mlp_column_layer is finished************
info: no weight grad collective for layer: mlp_column_layer
chunk size is: 20971520 , size is: 20971520 , layer_num is: 89 , node: 0
info: all-gather input grad collective issued for layer: attention_row_layer, involved dimensions:  1, 0, 0, 0, 0, 0, 0, 0, 0, 0,
***** info: input gradient collective for layer: attention_row_layer is finished************
info: no weight grad collective for layer: attention_row_layer
chunk size is: 20971520 , size is: 20971520 , layer_num is: 88 , node: 0
info: reduce-scatter input grad collective issued for layer: attention_column_layer, involved dimensions:  1, 0, 0, 0, 0, 0, 0, 0, 0, 0,
***** info: input gradient collective for layer: attention_column_layer is finished************
info: no weight grad collective for layer: attention_column_layer
chunk size is: 20971520 , size is: 20971520 , layer_num is: 87 , node: 0
info: all-gather input grad collective issued for layer: mlp_row_layer, involved dimensions:  1, 0, 0, 0, 0, 0, 0, 0, 0, 0,
***** info: input gradient collective for layer: mlp_row_layer is finished************
info: no weight grad collective for layer: mlp_row_layer
chunk size is: 20971520 , size is: 20971520 , layer_num is: 86 , node: 0
info: reduce-scatter input grad collective issued for layer: mlp_column_layer, involved dimensions:  1, 0, 0, 0, 0, 0, 0, 0, 0, 0,
***** info: input gradient collective for layer: mlp_column_layer is finished************
info: no weight grad collective for layer: mlp_column_layer
chunk size is: 20971520 , size is: 20971520 , layer_num is: 85 , node: 0
info: all-gather input grad collective issued for layer: attention_row_layer, involved dimensions:  1, 0, 0, 0, 0, 0, 0, 0, 0, 0,
***** info: input gradient collective for layer: attention_row_layer is finished************
info: no weight grad collective for layer: attention_row_layer
chunk size is: 20971520 , size is: 20971520 , layer_num is: 84 , node: 0
info: reduce-scatter input grad collective issued for layer: attention_column_layer, involved dimensions:  1, 0, 0, 0, 0, 0, 0, 0, 0, 0,
***** info: input gradient collective for layer: attention_column_layer is finished************
info: no weight grad collective for layer: attention_column_layer
chunk size is: 20971520 , size is: 20971520 , layer_num is: 83 , node: 0
info: all-gather input grad collective issued for layer: mlp_row_layer, involved dimensions:  1, 0, 0, 0, 0, 0, 0, 0, 0, 0,
***** info: input gradient collective for layer: mlp_row_layer is finished************
info: no weight grad collective for layer: mlp_row_layer
chunk size is: 20971520 , size is: 20971520 , layer_num is: 82 , node: 0
info: reduce-scatter input grad collective issued for layer: mlp_column_layer, involved dimensions:  1, 0, 0, 0, 0, 0, 0, 0, 0, 0,
***** info: input gradient collective for layer: mlp_column_layer is finished************
info: no weight grad collective for layer: mlp_column_layer
chunk size is: 20971520 , size is: 20971520 , layer_num is: 81 , node: 0
info: all-gather input grad collective issued for layer: attention_row_layer, involved dimensions:  1, 0, 0, 0, 0, 0, 0, 0, 0, 0,
***** info: input gradient collective for layer: attention_row_layer is finished************
info: no weight grad collective for layer: attention_row_layer
chunk size is: 20971520 , size is: 20971520 , layer_num is: 80 , node: 0
info: reduce-scatter input grad collective issued for layer: attention_column_layer, involved dimensions:  1, 0, 0, 0, 0, 0, 0, 0, 0, 0,
***** info: input gradient collective for layer: attention_column_layer is finished************
info: no weight grad collective for layer: attention_column_layer
chunk size is: 20971520 , size is: 20971520 , layer_num is: 79 , node: 0
info: all-gather input grad collective issued for layer: mlp_row_layer, involved dimensions:  1, 0, 0, 0, 0, 0, 0, 0, 0, 0,
***** info: input gradient collective for layer: mlp_row_layer is finished************
info: no weight grad collective for layer: mlp_row_layer
chunk size is: 20971520 , size is: 20971520 , layer_num is: 78 , node: 0
info: reduce-scatter input grad collective issued for layer: mlp_column_layer, involved dimensions:  1, 0, 0, 0, 0, 0, 0, 0, 0, 0,
***** info: input gradient collective for layer: mlp_column_layer is finished************
info: no weight grad collective for layer: mlp_column_layer
chunk size is: 20971520 , size is: 20971520 , layer_num is: 77 , node: 0
info: all-gather input grad collective issued for layer: attention_row_layer, involved dimensions:  1, 0, 0, 0, 0, 0, 0, 0, 0, 0,
***** info: input gradient collective for layer: attention_row_layer is finished************
info: no weight grad collective for layer: attention_row_layer
chunk size is: 20971520 , size is: 20971520 , layer_num is: 76 , node: 0
info: reduce-scatter input grad collective issued for layer: attention_column_layer, involved dimensions:  1, 0, 0, 0, 0, 0, 0, 0, 0, 0,
***** info: input gradient collective for layer: attention_column_layer is finished************
info: no weight grad collective for layer: attention_column_layer
chunk size is: 20971520 , size is: 20971520 , layer_num is: 75 , node: 0
info: all-gather input grad collective issued for layer: mlp_row_layer, involved dimensions:  1, 0, 0, 0, 0, 0, 0, 0, 0, 0,
***** info: input gradient collective for layer: mlp_row_layer is finished************
info: no weight grad collective for layer: mlp_row_layer
chunk size is: 20971520 , size is: 20971520 , layer_num is: 74 , node: 0
info: reduce-scatter input grad collective issued for layer: mlp_column_layer, involved dimensions:  1, 0, 0, 0, 0, 0, 0, 0, 0, 0,
***** info: input gradient collective for layer: mlp_column_layer is finished************
info: no weight grad collective for layer: mlp_column_layer
chunk size is: 20971520 , size is: 20971520 , layer_num is: 73 , node: 0
info: all-gather input grad collective issued for layer: attention_row_layer, involved dimensions:  1, 0, 0, 0, 0, 0, 0, 0, 0, 0,
***** info: input gradient collective for layer: attention_row_layer is finished************
info: no weight grad collective for layer: attention_row_layer
chunk size is: 20971520 , size is: 20971520 , layer_num is: 72 , node: 0
info: reduce-scatter input grad collective issued for layer: attention_column_layer, involved dimensions:  1, 0, 0, 0, 0, 0, 0, 0, 0, 0,
***** info: input gradient collective for layer: attention_column_layer is finished************
info: no weight grad collective for layer: attention_column_layer
chunk size is: 20971520 , size is: 20971520 , layer_num is: 71 , node: 0
info: all-gather input grad collective issued for layer: mlp_row_layer, involved dimensions:  1, 0, 0, 0, 0, 0, 0, 0, 0, 0,
***** info: input gradient collective for layer: mlp_row_layer is finished************
info: no weight grad collective for layer: mlp_row_layer
chunk size is: 20971520 , size is: 20971520 , layer_num is: 70 , node: 0
info: reduce-scatter input grad collective issued for layer: mlp_column_layer, involved dimensions:  1, 0, 0, 0, 0, 0, 0, 0, 0, 0,
***** info: input gradient collective for layer: mlp_column_layer is finished************
info: no weight grad collective for layer: mlp_column_layer
chunk size is: 20971520 , size is: 20971520 , layer_num is: 69 , node: 0
info: all-gather input grad collective issued for layer: attention_row_layer, involved dimensions:  1, 0, 0, 0, 0, 0, 0, 0, 0, 0,
***** info: input gradient collective for layer: attention_row_layer is finished************
info: no weight grad collective for layer: attention_row_layer
chunk size is: 20971520 , size is: 20971520 , layer_num is: 68 , node: 0
info: reduce-scatter input grad collective issued for layer: attention_column_layer, involved dimensions:  1, 0, 0, 0, 0, 0, 0, 0, 0, 0,
***** info: input gradient collective for layer: attention_column_layer is finished************
info: no weight grad collective for layer: attention_column_layer
chunk size is: 20971520 , size is: 20971520 , layer_num is: 67 , node: 0
info: all-gather input grad collective issued for layer: mlp_row_layer, involved dimensions:  1, 0, 0, 0, 0, 0, 0, 0, 0, 0,
***** info: input gradient collective for layer: mlp_row_layer is finished************
info: no weight grad collective for layer: mlp_row_layer
chunk size is: 20971520 , size is: 20971520 , layer_num is: 66 , node: 0
info: reduce-scatter input grad collective issued for layer: mlp_column_layer, involved dimensions:  1, 0, 0, 0, 0, 0, 0, 0, 0, 0,
***** info: input gradient collective for layer: mlp_column_layer is finished************
info: no weight grad collective for layer: mlp_column_layer
chunk size is: 20971520 , size is: 20971520 , layer_num is: 65 , node: 0
info: all-gather input grad collective issued for layer: attention_row_layer, involved dimensions:  1, 0, 0, 0, 0, 0, 0, 0, 0, 0,
***** info: input gradient collective for layer: attention_row_layer is finished************
info: no weight grad collective for layer: attention_row_layer
chunk size is: 20971520 , size is: 20971520 , layer_num is: 64 , node: 0
info: reduce-scatter input grad collective issued for layer: attention_column_layer, involved dimensions:  1, 0, 0, 0, 0, 0, 0, 0, 0, 0,
***** info: input gradient collective for layer: attention_column_layer is finished************
info: no weight grad collective for layer: attention_column_layer
chunk size is: 20971520 , size is: 20971520 , layer_num is: 63 , node: 0
info: all-gather input grad collective issued for layer: mlp_row_layer, involved dimensions:  1, 0, 0, 0, 0, 0, 0, 0, 0, 0,
***** info: input gradient collective for layer: mlp_row_layer is finished************
info: no weight grad collective for layer: mlp_row_layer
chunk size is: 20971520 , size is: 20971520 , layer_num is: 62 , node: 0
info: reduce-scatter input grad collective issued for layer: mlp_column_layer, involved dimensions:  1, 0, 0, 0, 0, 0, 0, 0, 0, 0,
***** info: input gradient collective for layer: mlp_column_layer is finished************
info: no weight grad collective for layer: mlp_column_layer
chunk size is: 20971520 , size is: 20971520 , layer_num is: 61 , node: 0
info: all-gather input grad collective issued for layer: attention_row_layer, involved dimensions:  1, 0, 0, 0, 0, 0, 0, 0, 0, 0,
***** info: input gradient collective for layer: attention_row_layer is finished************
info: no weight grad collective for layer: attention_row_layer
chunk size is: 20971520 , size is: 20971520 , layer_num is: 60 , node: 0
info: reduce-scatter input grad collective issued for layer: attention_column_layer, involved dimensions:  1, 0, 0, 0, 0, 0, 0, 0, 0, 0,
***** info: input gradient collective for layer: attention_column_layer is finished************
info: no weight grad collective for layer: attention_column_layer
chunk size is: 20971520 , size is: 20971520 , layer_num is: 59 , node: 0
info: all-gather input grad collective issued for layer: mlp_row_layer, involved dimensions:  1, 0, 0, 0, 0, 0, 0, 0, 0, 0,
***** info: input gradient collective for layer: mlp_row_layer is finished************
info: no weight grad collective for layer: mlp_row_layer
chunk size is: 20971520 , size is: 20971520 , layer_num is: 58 , node: 0
info: reduce-scatter input grad collective issued for layer: mlp_column_layer, involved dimensions:  1, 0, 0, 0, 0, 0, 0, 0, 0, 0,
***** info: input gradient collective for layer: mlp_column_layer is finished************
info: no weight grad collective for layer: mlp_column_layer
chunk size is: 20971520 , size is: 20971520 , layer_num is: 57 , node: 0
info: all-gather input grad collective issued for layer: attention_row_layer, involved dimensions:  1, 0, 0, 0, 0, 0, 0, 0, 0, 0,
***** info: input gradient collective for layer: attention_row_layer is finished************
info: no weight grad collective for layer: attention_row_layer
chunk size is: 20971520 , size is: 20971520 , layer_num is: 56 , node: 0
info: reduce-scatter input grad collective issued for layer: attention_column_layer, involved dimensions:  1, 0, 0, 0, 0, 0, 0, 0, 0, 0,
***** info: input gradient collective for layer: attention_column_layer is finished************
info: no weight grad collective for layer: attention_column_layer
chunk size is: 20971520 , size is: 20971520 , layer_num is: 55 , node: 0
info: all-gather input grad collective issued for layer: mlp_row_layer, involved dimensions:  1, 0, 0, 0, 0, 0, 0, 0, 0, 0,
***** info: input gradient collective for layer: mlp_row_layer is finished************
info: no weight grad collective for layer: mlp_row_layer
chunk size is: 20971520 , size is: 20971520 , layer_num is: 54 , node: 0
info: reduce-scatter input grad collective issued for layer: mlp_column_layer, involved dimensions:  1, 0, 0, 0, 0, 0, 0, 0, 0, 0,
***** info: input gradient collective for layer: mlp_column_layer is finished************
info: no weight grad collective for layer: mlp_column_layer
chunk size is: 20971520 , size is: 20971520 , layer_num is: 53 , node: 0
info: all-gather input grad collective issued for layer: attention_row_layer, involved dimensions:  1, 0, 0, 0, 0, 0, 0, 0, 0, 0,
***** info: input gradient collective for layer: attention_row_layer is finished************
info: no weight grad collective for layer: attention_row_layer
chunk size is: 20971520 , size is: 20971520 , layer_num is: 52 , node: 0
info: reduce-scatter input grad collective issued for layer: attention_column_layer, involved dimensions:  1, 0, 0, 0, 0, 0, 0, 0, 0, 0,
***** info: input gradient collective for layer: attention_column_layer is finished************
info: no weight grad collective for layer: attention_column_layer
chunk size is: 20971520 , size is: 20971520 , layer_num is: 51 , node: 0
info: all-gather input grad collective issued for layer: mlp_row_layer, involved dimensions:  1, 0, 0, 0, 0, 0, 0, 0, 0, 0,
***** info: input gradient collective for layer: mlp_row_layer is finished************
info: no weight grad collective for layer: mlp_row_layer
chunk size is: 20971520 , size is: 20971520 , layer_num is: 50 , node: 0
info: reduce-scatter input grad collective issued for layer: mlp_column_layer, involved dimensions:  1, 0, 0, 0, 0, 0, 0, 0, 0, 0,
***** info: input gradient collective for layer: mlp_column_layer is finished************
info: no weight grad collective for layer: mlp_column_layer
chunk size is: 20971520 , size is: 20971520 , layer_num is: 49 , node: 0
info: all-gather input grad collective issued for layer: attention_row_layer, involved dimensions:  1, 0, 0, 0, 0, 0, 0, 0, 0, 0,
***** info: input gradient collective for layer: attention_row_layer is finished************
info: no weight grad collective for layer: attention_row_layer
chunk size is: 20971520 , size is: 20971520 , layer_num is: 48 , node: 0
info: reduce-scatter input grad collective issued for layer: attention_column_layer, involved dimensions:  1, 0, 0, 0, 0, 0, 0, 0, 0, 0,
***** info: input gradient collective for layer: attention_column_layer is finished************
info: no weight grad collective for layer: attention_column_layer
chunk size is: 20971520 , size is: 20971520 , layer_num is: 47 , node: 0
info: all-gather input grad collective issued for layer: mlp_row_layer, involved dimensions:  1, 0, 0, 0, 0, 0, 0, 0, 0, 0,
***** info: input gradient collective for layer: mlp_row_layer is finished************
info: no weight grad collective for layer: mlp_row_layer
chunk size is: 20971520 , size is: 20971520 , layer_num is: 46 , node: 0
info: reduce-scatter input grad collective issued for layer: mlp_column_layer, involved dimensions:  1, 0, 0, 0, 0, 0, 0, 0, 0, 0,
***** info: input gradient collective for layer: mlp_column_layer is finished************
info: no weight grad collective for layer: mlp_column_layer
chunk size is: 20971520 , size is: 20971520 , layer_num is: 45 , node: 0
info: all-gather input grad collective issued for layer: attention_row_layer, involved dimensions:  1, 0, 0, 0, 0, 0, 0, 0, 0, 0,
***** info: input gradient collective for layer: attention_row_layer is finished************
info: no weight grad collective for layer: attention_row_layer
chunk size is: 20971520 , size is: 20971520 , layer_num is: 44 , node: 0
info: reduce-scatter input grad collective issued for layer: attention_column_layer, involved dimensions:  1, 0, 0, 0, 0, 0, 0, 0, 0, 0,
***** info: input gradient collective for layer: attention_column_layer is finished************
info: no weight grad collective for layer: attention_column_layer
chunk size is: 20971520 , size is: 20971520 , layer_num is: 43 , node: 0
info: all-gather input grad collective issued for layer: mlp_row_layer, involved dimensions:  1, 0, 0, 0, 0, 0, 0, 0, 0, 0,
***** info: input gradient collective for layer: mlp_row_layer is finished************
info: no weight grad collective for layer: mlp_row_layer
chunk size is: 20971520 , size is: 20971520 , layer_num is: 42 , node: 0
info: reduce-scatter input grad collective issued for layer: mlp_column_layer, involved dimensions:  1, 0, 0, 0, 0, 0, 0, 0, 0, 0,
***** info: input gradient collective for layer: mlp_column_layer is finished************
info: no weight grad collective for layer: mlp_column_layer
chunk size is: 20971520 , size is: 20971520 , layer_num is: 41 , node: 0
info: all-gather input grad collective issued for layer: attention_row_layer, involved dimensions:  1, 0, 0, 0, 0, 0, 0, 0, 0, 0,
***** info: input gradient collective for layer: attention_row_layer is finished************
info: no weight grad collective for layer: attention_row_layer
chunk size is: 20971520 , size is: 20971520 , layer_num is: 40 , node: 0
info: reduce-scatter input grad collective issued for layer: attention_column_layer, involved dimensions:  1, 0, 0, 0, 0, 0, 0, 0, 0, 0,
***** info: input gradient collective for layer: attention_column_layer is finished************
info: no weight grad collective for layer: attention_column_layer
chunk size is: 20971520 , size is: 20971520 , layer_num is: 39 , node: 0
info: all-gather input grad collective issued for layer: mlp_row_layer, involved dimensions:  1, 0, 0, 0, 0, 0, 0, 0, 0, 0,
***** info: input gradient collective for layer: mlp_row_layer is finished************
info: no weight grad collective for layer: mlp_row_layer
chunk size is: 20971520 , size is: 20971520 , layer_num is: 38 , node: 0
info: reduce-scatter input grad collective issued for layer: mlp_column_layer, involved dimensions:  1, 0, 0, 0, 0, 0, 0, 0, 0, 0,
***** info: input gradient collective for layer: mlp_column_layer is finished************
info: no weight grad collective for layer: mlp_column_layer
chunk size is: 20971520 , size is: 20971520 , layer_num is: 37 , node: 0
info: all-gather input grad collective issued for layer: attention_row_layer, involved dimensions:  1, 0, 0, 0, 0, 0, 0, 0, 0, 0,
***** info: input gradient collective for layer: attention_row_layer is finished************
info: no weight grad collective for layer: attention_row_layer
chunk size is: 20971520 , size is: 20971520 , layer_num is: 36 , node: 0
info: reduce-scatter input grad collective issued for layer: attention_column_layer, involved dimensions:  1, 0, 0, 0, 0, 0, 0, 0, 0, 0,
***** info: input gradient collective for layer: attention_column_layer is finished************
info: no weight grad collective for layer: attention_column_layer
chunk size is: 20971520 , size is: 20971520 , layer_num is: 35 , node: 0
info: all-gather input grad collective issued for layer: mlp_row_layer, involved dimensions:  1, 0, 0, 0, 0, 0, 0, 0, 0, 0,
***** info: input gradient collective for layer: mlp_row_layer is finished************
info: no weight grad collective for layer: mlp_row_layer
chunk size is: 20971520 , size is: 20971520 , layer_num is: 34 , node: 0
info: reduce-scatter input grad collective issued for layer: mlp_column_layer, involved dimensions:  1, 0, 0, 0, 0, 0, 0, 0, 0, 0,
***** info: input gradient collective for layer: mlp_column_layer is finished************
info: no weight grad collective for layer: mlp_column_layer
chunk size is: 20971520 , size is: 20971520 , layer_num is: 33 , node: 0
info: all-gather input grad collective issued for layer: attention_row_layer, involved dimensions:  1, 0, 0, 0, 0, 0, 0, 0, 0, 0,
***** info: input gradient collective for layer: attention_row_layer is finished************
info: no weight grad collective for layer: attention_row_layer
chunk size is: 20971520 , size is: 20971520 , layer_num is: 32 , node: 0
info: reduce-scatter input grad collective issued for layer: attention_column_layer, involved dimensions:  1, 0, 0, 0, 0, 0, 0, 0, 0, 0,
***** info: input gradient collective for layer: attention_column_layer is finished************
info: no weight grad collective for layer: attention_column_layer
chunk size is: 20971520 , size is: 20971520 , layer_num is: 31 , node: 0
info: all-gather input grad collective issued for layer: mlp_row_layer, involved dimensions:  1, 0, 0, 0, 0, 0, 0, 0, 0, 0,
***** info: input gradient collective for layer: mlp_row_layer is finished************
info: no weight grad collective for layer: mlp_row_layer
chunk size is: 20971520 , size is: 20971520 , layer_num is: 30 , node: 0
info: reduce-scatter input grad collective issued for layer: mlp_column_layer, involved dimensions:  1, 0, 0, 0, 0, 0, 0, 0, 0, 0,
***** info: input gradient collective for layer: mlp_column_layer is finished************
info: no weight grad collective for layer: mlp_column_layer
chunk size is: 20971520 , size is: 20971520 , layer_num is: 29 , node: 0
info: all-gather input grad collective issued for layer: attention_row_layer, involved dimensions:  1, 0, 0, 0, 0, 0, 0, 0, 0, 0,
***** info: input gradient collective for layer: attention_row_layer is finished************
info: no weight grad collective for layer: attention_row_layer
chunk size is: 20971520 , size is: 20971520 , layer_num is: 28 , node: 0
info: reduce-scatter input grad collective issued for layer: attention_column_layer, involved dimensions:  1, 0, 0, 0, 0, 0, 0, 0, 0, 0,
***** info: input gradient collective for layer: attention_column_layer is finished************
info: no weight grad collective for layer: attention_column_layer
chunk size is: 20971520 , size is: 20971520 , layer_num is: 27 , node: 0
info: all-gather input grad collective issued for layer: mlp_row_layer, involved dimensions:  1, 0, 0, 0, 0, 0, 0, 0, 0, 0,
***** info: input gradient collective for layer: mlp_row_layer is finished************
info: no weight grad collective for layer: mlp_row_layer
chunk size is: 20971520 , size is: 20971520 , layer_num is: 26 , node: 0
info: reduce-scatter input grad collective issued for layer: mlp_column_layer, involved dimensions:  1, 0, 0, 0, 0, 0, 0, 0, 0, 0,
***** info: input gradient collective for layer: mlp_column_layer is finished************
info: no weight grad collective for layer: mlp_column_layer
chunk size is: 20971520 , size is: 20971520 , layer_num is: 25 , node: 0
info: all-gather input grad collective issued for layer: attention_row_layer, involved dimensions:  1, 0, 0, 0, 0, 0, 0, 0, 0, 0,
***** info: input gradient collective for layer: attention_row_layer is finished************
info: no weight grad collective for layer: attention_row_layer
chunk size is: 20971520 , size is: 20971520 , layer_num is: 24 , node: 0
info: reduce-scatter input grad collective issued for layer: attention_column_layer, involved dimensions:  1, 0, 0, 0, 0, 0, 0, 0, 0, 0,
***** info: input gradient collective for layer: attention_column_layer is finished************
info: no weight grad collective for layer: attention_column_layer
chunk size is: 20971520 , size is: 20971520 , layer_num is: 23 , node: 0
info: all-gather input grad collective issued for layer: mlp_row_layer, involved dimensions:  1, 0, 0, 0, 0, 0, 0, 0, 0, 0,
***** info: input gradient collective for layer: mlp_row_layer is finished************
info: no weight grad collective for layer: mlp_row_layer
chunk size is: 20971520 , size is: 20971520 , layer_num is: 22 , node: 0
info: reduce-scatter input grad collective issued for layer: mlp_column_layer, involved dimensions:  1, 0, 0, 0, 0, 0, 0, 0, 0, 0,
***** info: input gradient collective for layer: mlp_column_layer is finished************
info: no weight grad collective for layer: mlp_column_layer
chunk size is: 20971520 , size is: 20971520 , layer_num is: 21 , node: 0
info: all-gather input grad collective issued for layer: attention_row_layer, involved dimensions:  1, 0, 0, 0, 0, 0, 0, 0, 0, 0,
***** info: input gradient collective for layer: attention_row_layer is finished************
info: no weight grad collective for layer: attention_row_layer
chunk size is: 20971520 , size is: 20971520 , layer_num is: 20 , node: 0
info: reduce-scatter input grad collective issued for layer: attention_column_layer, involved dimensions:  1, 0, 0, 0, 0, 0, 0, 0, 0, 0,
***** info: input gradient collective for layer: attention_column_layer is finished************
info: no weight grad collective for layer: attention_column_layer
chunk size is: 20971520 , size is: 20971520 , layer_num is: 19 , node: 0
info: all-gather input grad collective issued for layer: mlp_row_layer, involved dimensions:  1, 0, 0, 0, 0, 0, 0, 0, 0, 0,
***** info: input gradient collective for layer: mlp_row_layer is finished************
info: no weight grad collective for layer: mlp_row_layer
chunk size is: 20971520 , size is: 20971520 , layer_num is: 18 , node: 0
info: reduce-scatter input grad collective issued for layer: mlp_column_layer, involved dimensions:  1, 0, 0, 0, 0, 0, 0, 0, 0, 0,
***** info: input gradient collective for layer: mlp_column_layer is finished************
info: no weight grad collective for layer: mlp_column_layer
chunk size is: 20971520 , size is: 20971520 , layer_num is: 17 , node: 0
info: all-gather input grad collective issued for layer: attention_row_layer, involved dimensions:  1, 0, 0, 0, 0, 0, 0, 0, 0, 0,
***** info: input gradient collective for layer: attention_row_layer is finished************
info: no weight grad collective for layer: attention_row_layer
chunk size is: 20971520 , size is: 20971520 , layer_num is: 16 , node: 0
info: reduce-scatter input grad collective issued for layer: attention_column_layer, involved dimensions:  1, 0, 0, 0, 0, 0, 0, 0, 0, 0,
***** info: input gradient collective for layer: attention_column_layer is finished************
info: no weight grad collective for layer: attention_column_layer
chunk size is: 20971520 , size is: 20971520 , layer_num is: 15 , node: 0
info: all-gather input grad collective issued for layer: mlp_row_layer, involved dimensions:  1, 0, 0, 0, 0, 0, 0, 0, 0, 0,
***** info: input gradient collective for layer: mlp_row_layer is finished************
info: no weight grad collective for layer: mlp_row_layer
chunk size is: 20971520 , size is: 20971520 , layer_num is: 14 , node: 0
info: reduce-scatter input grad collective issued for layer: mlp_column_layer, involved dimensions:  1, 0, 0, 0, 0, 0, 0, 0, 0, 0,
***** info: input gradient collective for layer: mlp_column_layer is finished************
info: no weight grad collective for layer: mlp_column_layer
chunk size is: 20971520 , size is: 20971520 , layer_num is: 13 , node: 0
info: all-gather input grad collective issued for layer: attention_row_layer, involved dimensions:  1, 0, 0, 0, 0, 0, 0, 0, 0, 0,
***** info: input gradient collective for layer: attention_row_layer is finished************
info: no weight grad collective for layer: attention_row_layer
chunk size is: 20971520 , size is: 20971520 , layer_num is: 12 , node: 0
info: reduce-scatter input grad collective issued for layer: attention_column_layer, involved dimensions:  1, 0, 0, 0, 0, 0, 0, 0, 0, 0,
***** info: input gradient collective for layer: attention_column_layer is finished************
info: no weight grad collective for layer: attention_column_layer
chunk size is: 20971520 , size is: 20971520 , layer_num is: 11 , node: 0
info: all-gather input grad collective issued for layer: mlp_row_layer, involved dimensions:  1, 0, 0, 0, 0, 0, 0, 0, 0, 0,
***** info: input gradient collective for layer: mlp_row_layer is finished************
info: no weight grad collective for layer: mlp_row_layer
chunk size is: 20971520 , size is: 20971520 , layer_num is: 10 , node: 0
info: reduce-scatter input grad collective issued for layer: mlp_column_layer, involved dimensions:  1, 0, 0, 0, 0, 0, 0, 0, 0, 0,
***** info: input gradient collective for layer: mlp_column_layer is finished************
info: no weight grad collective for layer: mlp_column_layer
chunk size is: 20971520 , size is: 20971520 , layer_num is: 9 , node: 0
info: all-gather input grad collective issued for layer: attention_row_layer, involved dimensions:  1, 0, 0, 0, 0, 0, 0, 0, 0, 0,
***** info: input gradient collective for layer: attention_row_layer is finished************
info: no weight grad collective for layer: attention_row_layer
chunk size is: 20971520 , size is: 20971520 , layer_num is: 8 , node: 0
info: reduce-scatter input grad collective issued for layer: attention_column_layer, involved dimensions:  1, 0, 0, 0, 0, 0, 0, 0, 0, 0,
***** info: input gradient collective for layer: attention_column_layer is finished************
info: no weight grad collective for layer: attention_column_layer
chunk size is: 20971520 , size is: 20971520 , layer_num is: 7 , node: 0
info: all-gather input grad collective issued for layer: mlp_row_layer, involved dimensions:  1, 0, 0, 0, 0, 0, 0, 0, 0, 0,
***** info: input gradient collective for layer: mlp_row_layer is finished************
info: no weight grad collective for layer: mlp_row_layer
chunk size is: 20971520 , size is: 20971520 , layer_num is: 6 , node: 0
info: reduce-scatter input grad collective issued for layer: mlp_column_layer, involved dimensions:  1, 0, 0, 0, 0, 0, 0, 0, 0, 0,
***** info: input gradient collective for layer: mlp_column_layer is finished************
info: no weight grad collective for layer: mlp_column_layer
chunk size is: 20971520 , size is: 20971520 , layer_num is: 5 , node: 0
info: all-gather input grad collective issued for layer: attention_row_layer, involved dimensions:  1, 0, 0, 0, 0, 0, 0, 0, 0, 0,
***** info: input gradient collective for layer: attention_row_layer is finished************
info: no weight grad collective for layer: attention_row_layer
chunk size is: 20971520 , size is: 20971520 , layer_num is: 4 , node: 0
info: reduce-scatter input grad collective issued for layer: attention_column_layer, involved dimensions:  1, 0, 0, 0, 0, 0, 0, 0, 0, 0,
***** info: input gradient collective for layer: attention_column_layer is finished************
info: no weight grad collective for layer: attention_column_layer
chunk size is: 20971520 , size is: 20971520 , layer_num is: 3 , node: 0
info: all-reduce input grad collective issued for layer: embedding_layer, involved dimensions:  1, 0, 0, 0, 0, 0, 0, 0, 0, 0,
***** info: input gradient collective for layer: embedding_layer is finished************
info: no weight grad collective for layer: embedding_layer
chunk size is: 3248619520 , size is: 3248619520 , layer_num is: 2 , node: 0
info: all-reduce input grad collective issued for layer: layernorm, involved dimensions:  1, 0, 0, 0, 0, 0, 0, 0, 0, 0,
***** info: input gradient collective for layer: layernorm is finished************
info: no weight grad collective for layer: layernorm
info: no input grad collective for layer: grad_norm
chunk size is: 6497239040 , size is: 6497239040 , layer_num is: 1 , node: 0
info: reduce-scatter weight grad collective issued for layer: grad_norm, involved dimensions:  0, 1, 1, 1, 1, 1, 1, 1, 1, 1,
info: no input grad collective for layer: norm
info: no weight grad collective for layer: norm
pass: 0 finished at time: 388141731
***** info: weight gradient collective for layer: grad_norm is finished************
workload stats for the job scheduled at NPU offset: 0
*******************
Layer id: norm
Total collectives issued for this layer: 0
*************************  Workload stats  ************************* norm
id: norm ,Total cycles spent on fwd pass compute: 0
id: norm ,Total cycles spent on weight grad compute: 1
id: norm ,Total cycles spent on input grad compute: 1
id: norm ,Total cycles spent idle waiting for fwd finish: 0
id: norm ,Total cycles spent idle waiting for weight grad finish: 0
id: norm ,Total cycles spent idle waiting for input grad finish: 0
id: norm ,Total cycles spent on fwd pass comm: 0
id: norm ,Total cycles spent on weight grad comm: 0
id: norm ,Total cycles spent on input grad comm: 0
*******************
Layer id: grad_norm
Total collectives issued for this layer: 2
*************************  Workload stats  ************************* grad_norm
id: grad_norm ,Total cycles spent on fwd pass compute: 14565000
id: grad_norm ,Total cycles spent on weight grad compute: 1
id: grad_norm ,Total cycles spent on input grad compute: 13391000
id: grad_norm ,Total cycles spent idle waiting for fwd finish: 4513205
id: grad_norm ,Total cycles spent idle waiting for weight grad finish: 0
id: grad_norm ,Total cycles spent idle waiting for input grad finish: 0
id: grad_norm ,Total cycles spent on fwd pass comm: 4513205
id: grad_norm ,Total cycles spent on weight grad comm: 270771339
id: grad_norm ,Total cycles spent on input grad comm: 0
*******************
Layer id: layernorm
Total collectives issued for this layer: 1
*************************  Workload stats  ************************* layernorm
id: layernorm ,Total cycles spent on fwd pass compute: 1
id: layernorm ,Total cycles spent on weight grad compute: 1
id: layernorm ,Total cycles spent on input grad compute: 1
id: layernorm ,Total cycles spent idle waiting for fwd finish: 0
id: layernorm ,Total cycles spent idle waiting for weight grad finish: 0
id: layernorm ,Total cycles spent idle waiting for input grad finish: 9026300
id: layernorm ,Total cycles spent on fwd pass comm: 0
id: layernorm ,Total cycles spent on weight grad comm: 0
id: layernorm ,Total cycles spent on input grad comm: 9026300
*******************
Layer id: embedding_layer
Total collectives issued for this layer: 2
*************************  Workload stats  ************************* embedding_layer
id: embedding_layer ,Total cycles spent on fwd pass compute: 1
id: embedding_layer ,Total cycles spent on weight grad compute: 1
id: embedding_layer ,Total cycles spent on input grad compute: 1
id: embedding_layer ,Total cycles spent idle waiting for fwd finish: 60609
id: embedding_layer ,Total cycles spent idle waiting for weight grad finish: 0
id: embedding_layer ,Total cycles spent idle waiting for input grad finish: 60609
id: embedding_layer ,Total cycles spent on fwd pass comm: 60609
id: embedding_layer ,Total cycles spent on weight grad comm: 0
id: embedding_layer ,Total cycles spent on input grad comm: 60609
*******************
Layer id: attention_column_layer
Total collectives issued for this layer: 2
*************************  Workload stats  ************************* attention_column_layer
id: attention_column_layer ,Total cycles spent on fwd pass compute: 375000
id: attention_column_layer ,Total cycles spent on weight grad compute: 375000
id: attention_column_layer ,Total cycles spent on input grad compute: 375000
id: attention_column_layer ,Total cycles spent idle waiting for fwd finish: 30361
id: attention_column_layer ,Total cycles spent idle waiting for weight grad finish: 0
id: attention_column_layer ,Total cycles spent idle waiting for input grad finish: 30361
id: attention_column_layer ,Total cycles spent on fwd pass comm: 30361
id: attention_column_layer ,Total cycles spent on weight grad comm: 0
id: attention_column_layer ,Total cycles spent on input grad comm: 30361
*******************
Layer id: attention_row_layer
Total collectives issued for this layer: 2
*************************  Workload stats  ************************* attention_row_layer
id: attention_row_layer ,Total cycles spent on fwd pass compute: 376000
id: attention_row_layer ,Total cycles spent on weight grad compute: 376000
id: attention_row_layer ,Total cycles spent on input grad compute: 376000
id: attention_row_layer ,Total cycles spent idle waiting for fwd finish: 30361
id: attention_row_layer ,Total cycles spent idle waiting for weight grad finish: 0
id: attention_row_layer ,Total cycles spent idle waiting for input grad finish: 30361
id: attention_row_layer ,Total cycles spent on fwd pass comm: 30361
id: attention_row_layer ,Total cycles spent on weight grad comm: 0
id: attention_row_layer ,Total cycles spent on input grad comm: 30361
*******************
Layer id: mlp_column_layer
Total collectives issued for this layer: 2
*************************  Workload stats  ************************* mlp_column_layer
id: mlp_column_layer ,Total cycles spent on fwd pass compute: 923000
id: mlp_column_layer ,Total cycles spent on weight grad compute: 923000
id: mlp_column_layer ,Total cycles spent on input grad compute: 923000
id: mlp_column_layer ,Total cycles spent idle waiting for fwd finish: 30361
id: mlp_column_layer ,Total cycles spent idle waiting for weight grad finish: 0
id: mlp_column_layer ,Total cycles spent idle waiting for input grad finish: 30361
id: mlp_column_layer ,Total cycles spent on fwd pass comm: 30361
id: mlp_column_layer ,Total cycles spent on weight grad comm: 0
id: mlp_column_layer ,Total cycles spent on input grad comm: 30361
*******************
Layer id: mlp_row_layer
Total collectives issued for this layer: 2
*************************  Workload stats  ************************* mlp_row_layer
id: mlp_row_layer ,Total cycles spent on fwd pass compute: 1125000
id: mlp_row_layer ,Total cycles spent on weight grad compute: 1125000
id: mlp_row_layer ,Total cycles spent on input grad compute: 1125000
id: mlp_row_layer ,Total cycles spent idle waiting for fwd finish: 30361
id: mlp_row_layer ,Total cycles spent idle waiting for weight grad finish: 0
id: mlp_row_layer ,Total cycles spent idle waiting for input grad finish: 30361
id: mlp_row_layer ,Total cycles spent on fwd pass comm: 30361
id: mlp_row_layer ,Total cycles spent on weight grad comm: 0
id: mlp_row_layer ,Total cycles spent on input grad comm: 30361
*******************
Layer id: attention_column_layer
Total collectives issued for this layer: 2
*************************  Workload stats  ************************* attention_column_layer
id: attention_column_layer ,Total cycles spent on fwd pass compute: 375000
id: attention_column_layer ,Total cycles spent on weight grad compute: 375000
id: attention_column_layer ,Total cycles spent on input grad compute: 375000
id: attention_column_layer ,Total cycles spent idle waiting for fwd finish: 30361
id: attention_column_layer ,Total cycles spent idle waiting for weight grad finish: 0
id: attention_column_layer ,Total cycles spent idle waiting for input grad finish: 30361
id: attention_column_layer ,Total cycles spent on fwd pass comm: 30361
id: attention_column_layer ,Total cycles spent on weight grad comm: 0
id: attention_column_layer ,Total cycles spent on input grad comm: 30361
*******************
Layer id: attention_row_layer
Total collectives issued for this layer: 2
*************************  Workload stats  ************************* attention_row_layer
id: attention_row_layer ,Total cycles spent on fwd pass compute: 376000
id: attention_row_layer ,Total cycles spent on weight grad compute: 376000
id: attention_row_layer ,Total cycles spent on input grad compute: 376000
id: attention_row_layer ,Total cycles spent idle waiting for fwd finish: 30361
id: attention_row_layer ,Total cycles spent idle waiting for weight grad finish: 0
id: attention_row_layer ,Total cycles spent idle waiting for input grad finish: 30361
id: attention_row_layer ,Total cycles spent on fwd pass comm: 30361
id: attention_row_layer ,Total cycles spent on weight grad comm: 0
id: attention_row_layer ,Total cycles spent on input grad comm: 30361
*******************
Layer id: mlp_column_layer
Total collectives issued for this layer: 2
*************************  Workload stats  ************************* mlp_column_layer
id: mlp_column_layer ,Total cycles spent on fwd pass compute: 923000
id: mlp_column_layer ,Total cycles spent on weight grad compute: 923000
id: mlp_column_layer ,Total cycles spent on input grad compute: 923000
id: mlp_column_layer ,Total cycles spent idle waiting for fwd finish: 30361
id: mlp_column_layer ,Total cycles spent idle waiting for weight grad finish: 0
id: mlp_column_layer ,Total cycles spent idle waiting for input grad finish: 30361
id: mlp_column_layer ,Total cycles spent on fwd pass comm: 30361
id: mlp_column_layer ,Total cycles spent on weight grad comm: 0
id: mlp_column_layer ,Total cycles spent on input grad comm: 30361
*******************
Layer id: mlp_row_layer
Total collectives issued for this layer: 2
*************************  Workload stats  ************************* mlp_row_layer
id: mlp_row_layer ,Total cycles spent on fwd pass compute: 1125000
id: mlp_row_layer ,Total cycles spent on weight grad compute: 1125000
id: mlp_row_layer ,Total cycles spent on input grad compute: 1125000
id: mlp_row_layer ,Total cycles spent idle waiting for fwd finish: 30361
id: mlp_row_layer ,Total cycles spent idle waiting for weight grad finish: 0
id: mlp_row_layer ,Total cycles spent idle waiting for input grad finish: 30361
id: mlp_row_layer ,Total cycles spent on fwd pass comm: 30361
id: mlp_row_layer ,Total cycles spent on weight grad comm: 0
id: mlp_row_layer ,Total cycles spent on input grad comm: 30361
*******************
Layer id: attention_column_layer
Total collectives issued for this layer: 2
*************************  Workload stats  ************************* attention_column_layer
id: attention_column_layer ,Total cycles spent on fwd pass compute: 375000
id: attention_column_layer ,Total cycles spent on weight grad compute: 375000
id: attention_column_layer ,Total cycles spent on input grad compute: 375000
id: attention_column_layer ,Total cycles spent idle waiting for fwd finish: 30361
id: attention_column_layer ,Total cycles spent idle waiting for weight grad finish: 0
id: attention_column_layer ,Total cycles spent idle waiting for input grad finish: 30361
id: attention_column_layer ,Total cycles spent on fwd pass comm: 30361
id: attention_column_layer ,Total cycles spent on weight grad comm: 0
id: attention_column_layer ,Total cycles spent on input grad comm: 30361
*******************
Layer id: attention_row_layer
Total collectives issued for this layer: 2
*************************  Workload stats  ************************* attention_row_layer
id: attention_row_layer ,Total cycles spent on fwd pass compute: 376000
id: attention_row_layer ,Total cycles spent on weight grad compute: 376000
id: attention_row_layer ,Total cycles spent on input grad compute: 376000
id: attention_row_layer ,Total cycles spent idle waiting for fwd finish: 30361
id: attention_row_layer ,Total cycles spent idle waiting for weight grad finish: 0
id: attention_row_layer ,Total cycles spent idle waiting for input grad finish: 30361
id: attention_row_layer ,Total cycles spent on fwd pass comm: 30361
id: attention_row_layer ,Total cycles spent on weight grad comm: 0
id: attention_row_layer ,Total cycles spent on input grad comm: 30361
*******************
Layer id: mlp_column_layer
Total collectives issued for this layer: 2
*************************  Workload stats  ************************* mlp_column_layer
id: mlp_column_layer ,Total cycles spent on fwd pass compute: 923000
id: mlp_column_layer ,Total cycles spent on weight grad compute: 923000
id: mlp_column_layer ,Total cycles spent on input grad compute: 923000
id: mlp_column_layer ,Total cycles spent idle waiting for fwd finish: 30361
id: mlp_column_layer ,Total cycles spent idle waiting for weight grad finish: 0
id: mlp_column_layer ,Total cycles spent idle waiting for input grad finish: 30361
id: mlp_column_layer ,Total cycles spent on fwd pass comm: 30361
id: mlp_column_layer ,Total cycles spent on weight grad comm: 0
id: mlp_column_layer ,Total cycles spent on input grad comm: 30361
*******************
Layer id: mlp_row_layer
Total collectives issued for this layer: 2
*************************  Workload stats  ************************* mlp_row_layer
id: mlp_row_layer ,Total cycles spent on fwd pass compute: 1125000
id: mlp_row_layer ,Total cycles spent on weight grad compute: 1125000
id: mlp_row_layer ,Total cycles spent on input grad compute: 1125000
id: mlp_row_layer ,Total cycles spent idle waiting for fwd finish: 30361
id: mlp_row_layer ,Total cycles spent idle waiting for weight grad finish: 0
id: mlp_row_layer ,Total cycles spent idle waiting for input grad finish: 30361
id: mlp_row_layer ,Total cycles spent on fwd pass comm: 30361
id: mlp_row_layer ,Total cycles spent on weight grad comm: 0
id: mlp_row_layer ,Total cycles spent on input grad comm: 30361
*******************
Layer id: attention_column_layer
Total collectives issued for this layer: 2
*************************  Workload stats  ************************* attention_column_layer
id: attention_column_layer ,Total cycles spent on fwd pass compute: 375000
id: attention_column_layer ,Total cycles spent on weight grad compute: 375000
id: attention_column_layer ,Total cycles spent on input grad compute: 375000
id: attention_column_layer ,Total cycles spent idle waiting for fwd finish: 30361
id: attention_column_layer ,Total cycles spent idle waiting for weight grad finish: 0
id: attention_column_layer ,Total cycles spent idle waiting for input grad finish: 30361
id: attention_column_layer ,Total cycles spent on fwd pass comm: 30361
id: attention_column_layer ,Total cycles spent on weight grad comm: 0
id: attention_column_layer ,Total cycles spent on input grad comm: 30361
*******************
Layer id: attention_row_layer
Total collectives issued for this layer: 2
*************************  Workload stats  ************************* attention_row_layer
id: attention_row_layer ,Total cycles spent on fwd pass compute: 376000
id: attention_row_layer ,Total cycles spent on weight grad compute: 376000
id: attention_row_layer ,Total cycles spent on input grad compute: 376000
id: attention_row_layer ,Total cycles spent idle waiting for fwd finish: 30361
id: attention_row_layer ,Total cycles spent idle waiting for weight grad finish: 0
id: attention_row_layer ,Total cycles spent idle waiting for input grad finish: 30361
id: attention_row_layer ,Total cycles spent on fwd pass comm: 30361
id: attention_row_layer ,Total cycles spent on weight grad comm: 0
id: attention_row_layer ,Total cycles spent on input grad comm: 30361
*******************
Layer id: mlp_column_layer
Total collectives issued for this layer: 2
*************************  Workload stats  ************************* mlp_column_layer
id: mlp_column_layer ,Total cycles spent on fwd pass compute: 923000
id: mlp_column_layer ,Total cycles spent on weight grad compute: 923000
id: mlp_column_layer ,Total cycles spent on input grad compute: 923000
id: mlp_column_layer ,Total cycles spent idle waiting for fwd finish: 30361
id: mlp_column_layer ,Total cycles spent idle waiting for weight grad finish: 0
id: mlp_column_layer ,Total cycles spent idle waiting for input grad finish: 30361
id: mlp_column_layer ,Total cycles spent on fwd pass comm: 30361
id: mlp_column_layer ,Total cycles spent on weight grad comm: 0
id: mlp_column_layer ,Total cycles spent on input grad comm: 30361
*******************
Layer id: mlp_row_layer
Total collectives issued for this layer: 2
*************************  Workload stats  ************************* mlp_row_layer
id: mlp_row_layer ,Total cycles spent on fwd pass compute: 1125000
id: mlp_row_layer ,Total cycles spent on weight grad compute: 1125000
id: mlp_row_layer ,Total cycles spent on input grad compute: 1125000
id: mlp_row_layer ,Total cycles spent idle waiting for fwd finish: 30361
id: mlp_row_layer ,Total cycles spent idle waiting for weight grad finish: 0
id: mlp_row_layer ,Total cycles spent idle waiting for input grad finish: 30361
id: mlp_row_layer ,Total cycles spent on fwd pass comm: 30361
id: mlp_row_layer ,Total cycles spent on weight grad comm: 0
id: mlp_row_layer ,Total cycles spent on input grad comm: 30361
*******************
Layer id: attention_column_layer
Total collectives issued for this layer: 2
*************************  Workload stats  ************************* attention_column_layer
id: attention_column_layer ,Total cycles spent on fwd pass compute: 375000
id: attention_column_layer ,Total cycles spent on weight grad compute: 375000
id: attention_column_layer ,Total cycles spent on input grad compute: 375000
id: attention_column_layer ,Total cycles spent idle waiting for fwd finish: 30361
id: attention_column_layer ,Total cycles spent idle waiting for weight grad finish: 0
id: attention_column_layer ,Total cycles spent idle waiting for input grad finish: 30361
id: attention_column_layer ,Total cycles spent on fwd pass comm: 30361
id: attention_column_layer ,Total cycles spent on weight grad comm: 0
id: attention_column_layer ,Total cycles spent on input grad comm: 30361
*******************
Layer id: attention_row_layer
Total collectives issued for this layer: 2
*************************  Workload stats  ************************* attention_row_layer
id: attention_row_layer ,Total cycles spent on fwd pass compute: 376000
id: attention_row_layer ,Total cycles spent on weight grad compute: 376000
id: attention_row_layer ,Total cycles spent on input grad compute: 376000
id: attention_row_layer ,Total cycles spent idle waiting for fwd finish: 30361
id: attention_row_layer ,Total cycles spent idle waiting for weight grad finish: 0
id: attention_row_layer ,Total cycles spent idle waiting for input grad finish: 30361
id: attention_row_layer ,Total cycles spent on fwd pass comm: 30361
id: attention_row_layer ,Total cycles spent on weight grad comm: 0
id: attention_row_layer ,Total cycles spent on input grad comm: 30361
*******************
Layer id: mlp_column_layer
Total collectives issued for this layer: 2
*************************  Workload stats  ************************* mlp_column_layer
id: mlp_column_layer ,Total cycles spent on fwd pass compute: 923000
id: mlp_column_layer ,Total cycles spent on weight grad compute: 923000
id: mlp_column_layer ,Total cycles spent on input grad compute: 923000
id: mlp_column_layer ,Total cycles spent idle waiting for fwd finish: 30361
id: mlp_column_layer ,Total cycles spent idle waiting for weight grad finish: 0
id: mlp_column_layer ,Total cycles spent idle waiting for input grad finish: 30361
id: mlp_column_layer ,Total cycles spent on fwd pass comm: 30361
id: mlp_column_layer ,Total cycles spent on weight grad comm: 0
id: mlp_column_layer ,Total cycles spent on input grad comm: 30361
*******************
Layer id: mlp_row_layer
Total collectives issued for this layer: 2
*************************  Workload stats  ************************* mlp_row_layer
id: mlp_row_layer ,Total cycles spent on fwd pass compute: 1125000
id: mlp_row_layer ,Total cycles spent on weight grad compute: 1125000
id: mlp_row_layer ,Total cycles spent on input grad compute: 1125000
id: mlp_row_layer ,Total cycles spent idle waiting for fwd finish: 30361
id: mlp_row_layer ,Total cycles spent idle waiting for weight grad finish: 0
id: mlp_row_layer ,Total cycles spent idle waiting for input grad finish: 30361
id: mlp_row_layer ,Total cycles spent on fwd pass comm: 30361
id: mlp_row_layer ,Total cycles spent on weight grad comm: 0
id: mlp_row_layer ,Total cycles spent on input grad comm: 30361
*******************
Layer id: attention_column_layer
Total collectives issued for this layer: 2
*************************  Workload stats  ************************* attention_column_layer
id: attention_column_layer ,Total cycles spent on fwd pass compute: 375000
id: attention_column_layer ,Total cycles spent on weight grad compute: 375000
id: attention_column_layer ,Total cycles spent on input grad compute: 375000
id: attention_column_layer ,Total cycles spent idle waiting for fwd finish: 30361
id: attention_column_layer ,Total cycles spent idle waiting for weight grad finish: 0
id: attention_column_layer ,Total cycles spent idle waiting for input grad finish: 30361
id: attention_column_layer ,Total cycles spent on fwd pass comm: 30361
id: attention_column_layer ,Total cycles spent on weight grad comm: 0
id: attention_column_layer ,Total cycles spent on input grad comm: 30361
*******************
Layer id: attention_row_layer
Total collectives issued for this layer: 2
*************************  Workload stats  ************************* attention_row_layer
id: attention_row_layer ,Total cycles spent on fwd pass compute: 376000
id: attention_row_layer ,Total cycles spent on weight grad compute: 376000
id: attention_row_layer ,Total cycles spent on input grad compute: 376000
id: attention_row_layer ,Total cycles spent idle waiting for fwd finish: 30361
id: attention_row_layer ,Total cycles spent idle waiting for weight grad finish: 0
id: attention_row_layer ,Total cycles spent idle waiting for input grad finish: 30361
id: attention_row_layer ,Total cycles spent on fwd pass comm: 30361
id: attention_row_layer ,Total cycles spent on weight grad comm: 0
id: attention_row_layer ,Total cycles spent on input grad comm: 30361
*******************
Layer id: mlp_column_layer
Total collectives issued for this layer: 2
*************************  Workload stats  ************************* mlp_column_layer
id: mlp_column_layer ,Total cycles spent on fwd pass compute: 923000
id: mlp_column_layer ,Total cycles spent on weight grad compute: 923000
id: mlp_column_layer ,Total cycles spent on input grad compute: 923000
id: mlp_column_layer ,Total cycles spent idle waiting for fwd finish: 30361
id: mlp_column_layer ,Total cycles spent idle waiting for weight grad finish: 0
id: mlp_column_layer ,Total cycles spent idle waiting for input grad finish: 30361
id: mlp_column_layer ,Total cycles spent on fwd pass comm: 30361
id: mlp_column_layer ,Total cycles spent on weight grad comm: 0
id: mlp_column_layer ,Total cycles spent on input grad comm: 30361
*******************
Layer id: mlp_row_layer
Total collectives issued for this layer: 2
*************************  Workload stats  ************************* mlp_row_layer
id: mlp_row_layer ,Total cycles spent on fwd pass compute: 1125000
id: mlp_row_layer ,Total cycles spent on weight grad compute: 1125000
id: mlp_row_layer ,Total cycles spent on input grad compute: 1125000
id: mlp_row_layer ,Total cycles spent idle waiting for fwd finish: 30361
id: mlp_row_layer ,Total cycles spent idle waiting for weight grad finish: 0
id: mlp_row_layer ,Total cycles spent idle waiting for input grad finish: 30361
id: mlp_row_layer ,Total cycles spent on fwd pass comm: 30361
id: mlp_row_layer ,Total cycles spent on weight grad comm: 0
id: mlp_row_layer ,Total cycles spent on input grad comm: 30361
*******************
Layer id: attention_column_layer
Total collectives issued for this layer: 2
*************************  Workload stats  ************************* attention_column_layer
id: attention_column_layer ,Total cycles spent on fwd pass compute: 375000
id: attention_column_layer ,Total cycles spent on weight grad compute: 375000
id: attention_column_layer ,Total cycles spent on input grad compute: 375000
id: attention_column_layer ,Total cycles spent idle waiting for fwd finish: 30361
id: attention_column_layer ,Total cycles spent idle waiting for weight grad finish: 0
id: attention_column_layer ,Total cycles spent idle waiting for input grad finish: 30361
id: attention_column_layer ,Total cycles spent on fwd pass comm: 30361
id: attention_column_layer ,Total cycles spent on weight grad comm: 0
id: attention_column_layer ,Total cycles spent on input grad comm: 30361
*******************
Layer id: attention_row_layer
Total collectives issued for this layer: 2
*************************  Workload stats  ************************* attention_row_layer
id: attention_row_layer ,Total cycles spent on fwd pass compute: 376000
id: attention_row_layer ,Total cycles spent on weight grad compute: 376000
id: attention_row_layer ,Total cycles spent on input grad compute: 376000
id: attention_row_layer ,Total cycles spent idle waiting for fwd finish: 30361
id: attention_row_layer ,Total cycles spent idle waiting for weight grad finish: 0
id: attention_row_layer ,Total cycles spent idle waiting for input grad finish: 30361
id: attention_row_layer ,Total cycles spent on fwd pass comm: 30361
id: attention_row_layer ,Total cycles spent on weight grad comm: 0
id: attention_row_layer ,Total cycles spent on input grad comm: 30361
*******************
Layer id: mlp_column_layer
Total collectives issued for this layer: 2
*************************  Workload stats  ************************* mlp_column_layer
id: mlp_column_layer ,Total cycles spent on fwd pass compute: 923000
id: mlp_column_layer ,Total cycles spent on weight grad compute: 923000
id: mlp_column_layer ,Total cycles spent on input grad compute: 923000
id: mlp_column_layer ,Total cycles spent idle waiting for fwd finish: 30361
id: mlp_column_layer ,Total cycles spent idle waiting for weight grad finish: 0
id: mlp_column_layer ,Total cycles spent idle waiting for input grad finish: 30361
id: mlp_column_layer ,Total cycles spent on fwd pass comm: 30361
id: mlp_column_layer ,Total cycles spent on weight grad comm: 0
id: mlp_column_layer ,Total cycles spent on input grad comm: 30361
*******************
Layer id: mlp_row_layer
Total collectives issued for this layer: 2
*************************  Workload stats  ************************* mlp_row_layer
id: mlp_row_layer ,Total cycles spent on fwd pass compute: 1125000
id: mlp_row_layer ,Total cycles spent on weight grad compute: 1125000
id: mlp_row_layer ,Total cycles spent on input grad compute: 1125000
id: mlp_row_layer ,Total cycles spent idle waiting for fwd finish: 30361
id: mlp_row_layer ,Total cycles spent idle waiting for weight grad finish: 0
id: mlp_row_layer ,Total cycles spent idle waiting for input grad finish: 30361
id: mlp_row_layer ,Total cycles spent on fwd pass comm: 30361
id: mlp_row_layer ,Total cycles spent on weight grad comm: 0
id: mlp_row_layer ,Total cycles spent on input grad comm: 30361
*******************
Layer id: attention_column_layer
Total collectives issued for this layer: 2
*************************  Workload stats  ************************* attention_column_layer
id: attention_column_layer ,Total cycles spent on fwd pass compute: 375000
id: attention_column_layer ,Total cycles spent on weight grad compute: 375000
id: attention_column_layer ,Total cycles spent on input grad compute: 375000
id: attention_column_layer ,Total cycles spent idle waiting for fwd finish: 30361
id: attention_column_layer ,Total cycles spent idle waiting for weight grad finish: 0
id: attention_column_layer ,Total cycles spent idle waiting for input grad finish: 30361
id: attention_column_layer ,Total cycles spent on fwd pass comm: 30361
id: attention_column_layer ,Total cycles spent on weight grad comm: 0
id: attention_column_layer ,Total cycles spent on input grad comm: 30361
*******************
Layer id: attention_row_layer
Total collectives issued for this layer: 2
*************************  Workload stats  ************************* attention_row_layer
id: attention_row_layer ,Total cycles spent on fwd pass compute: 376000
id: attention_row_layer ,Total cycles spent on weight grad compute: 376000
id: attention_row_layer ,Total cycles spent on input grad compute: 376000
id: attention_row_layer ,Total cycles spent idle waiting for fwd finish: 30361
id: attention_row_layer ,Total cycles spent idle waiting for weight grad finish: 0
id: attention_row_layer ,Total cycles spent idle waiting for input grad finish: 30361
id: attention_row_layer ,Total cycles spent on fwd pass comm: 30361
id: attention_row_layer ,Total cycles spent on weight grad comm: 0
id: attention_row_layer ,Total cycles spent on input grad comm: 30361
*******************
Layer id: mlp_column_layer
Total collectives issued for this layer: 2
*************************  Workload stats  ************************* mlp_column_layer
id: mlp_column_layer ,Total cycles spent on fwd pass compute: 923000
id: mlp_column_layer ,Total cycles spent on weight grad compute: 923000
id: mlp_column_layer ,Total cycles spent on input grad compute: 923000
id: mlp_column_layer ,Total cycles spent idle waiting for fwd finish: 30361
id: mlp_column_layer ,Total cycles spent idle waiting for weight grad finish: 0
id: mlp_column_layer ,Total cycles spent idle waiting for input grad finish: 30361
id: mlp_column_layer ,Total cycles spent on fwd pass comm: 30361
id: mlp_column_layer ,Total cycles spent on weight grad comm: 0
id: mlp_column_layer ,Total cycles spent on input grad comm: 30361
*******************
Layer id: mlp_row_layer
Total collectives issued for this layer: 2
*************************  Workload stats  ************************* mlp_row_layer
id: mlp_row_layer ,Total cycles spent on fwd pass compute: 1125000
id: mlp_row_layer ,Total cycles spent on weight grad compute: 1125000
id: mlp_row_layer ,Total cycles spent on input grad compute: 1125000
id: mlp_row_layer ,Total cycles spent idle waiting for fwd finish: 30361
id: mlp_row_layer ,Total cycles spent idle waiting for weight grad finish: 0
id: mlp_row_layer ,Total cycles spent idle waiting for input grad finish: 30361
id: mlp_row_layer ,Total cycles spent on fwd pass comm: 30361
id: mlp_row_layer ,Total cycles spent on weight grad comm: 0
id: mlp_row_layer ,Total cycles spent on input grad comm: 30361
*******************
Layer id: attention_column_layer
Total collectives issued for this layer: 2
*************************  Workload stats  ************************* attention_column_layer
id: attention_column_layer ,Total cycles spent on fwd pass compute: 375000
id: attention_column_layer ,Total cycles spent on weight grad compute: 375000
id: attention_column_layer ,Total cycles spent on input grad compute: 375000
id: attention_column_layer ,Total cycles spent idle waiting for fwd finish: 30361
id: attention_column_layer ,Total cycles spent idle waiting for weight grad finish: 0
id: attention_column_layer ,Total cycles spent idle waiting for input grad finish: 30361
id: attention_column_layer ,Total cycles spent on fwd pass comm: 30361
id: attention_column_layer ,Total cycles spent on weight grad comm: 0
id: attention_column_layer ,Total cycles spent on input grad comm: 30361
*******************
Layer id: attention_row_layer
Total collectives issued for this layer: 2
*************************  Workload stats  ************************* attention_row_layer
id: attention_row_layer ,Total cycles spent on fwd pass compute: 376000
id: attention_row_layer ,Total cycles spent on weight grad compute: 376000
id: attention_row_layer ,Total cycles spent on input grad compute: 376000
id: attention_row_layer ,Total cycles spent idle waiting for fwd finish: 30361
id: attention_row_layer ,Total cycles spent idle waiting for weight grad finish: 0
id: attention_row_layer ,Total cycles spent idle waiting for input grad finish: 30361
id: attention_row_layer ,Total cycles spent on fwd pass comm: 30361
id: attention_row_layer ,Total cycles spent on weight grad comm: 0
id: attention_row_layer ,Total cycles spent on input grad comm: 30361
*******************
Layer id: mlp_column_layer
Total collectives issued for this layer: 2
*************************  Workload stats  ************************* mlp_column_layer
id: mlp_column_layer ,Total cycles spent on fwd pass compute: 923000
id: mlp_column_layer ,Total cycles spent on weight grad compute: 923000
id: mlp_column_layer ,Total cycles spent on input grad compute: 923000
id: mlp_column_layer ,Total cycles spent idle waiting for fwd finish: 30361
id: mlp_column_layer ,Total cycles spent idle waiting for weight grad finish: 0
id: mlp_column_layer ,Total cycles spent idle waiting for input grad finish: 30361
id: mlp_column_layer ,Total cycles spent on fwd pass comm: 30361
id: mlp_column_layer ,Total cycles spent on weight grad comm: 0
id: mlp_column_layer ,Total cycles spent on input grad comm: 30361
*******************
Layer id: mlp_row_layer
Total collectives issued for this layer: 2
*************************  Workload stats  ************************* mlp_row_layer
id: mlp_row_layer ,Total cycles spent on fwd pass compute: 1125000
id: mlp_row_layer ,Total cycles spent on weight grad compute: 1125000
id: mlp_row_layer ,Total cycles spent on input grad compute: 1125000
id: mlp_row_layer ,Total cycles spent idle waiting for fwd finish: 30361
id: mlp_row_layer ,Total cycles spent idle waiting for weight grad finish: 0
id: mlp_row_layer ,Total cycles spent idle waiting for input grad finish: 30361
id: mlp_row_layer ,Total cycles spent on fwd pass comm: 30361
id: mlp_row_layer ,Total cycles spent on weight grad comm: 0
id: mlp_row_layer ,Total cycles spent on input grad comm: 30361
*******************
Layer id: attention_column_layer
Total collectives issued for this layer: 2
*************************  Workload stats  ************************* attention_column_layer
id: attention_column_layer ,Total cycles spent on fwd pass compute: 375000
id: attention_column_layer ,Total cycles spent on weight grad compute: 375000
id: attention_column_layer ,Total cycles spent on input grad compute: 375000
id: attention_column_layer ,Total cycles spent idle waiting for fwd finish: 30361
id: attention_column_layer ,Total cycles spent idle waiting for weight grad finish: 0
id: attention_column_layer ,Total cycles spent idle waiting for input grad finish: 30361
id: attention_column_layer ,Total cycles spent on fwd pass comm: 30361
id: attention_column_layer ,Total cycles spent on weight grad comm: 0
id: attention_column_layer ,Total cycles spent on input grad comm: 30361
*******************
Layer id: attention_row_layer
Total collectives issued for this layer: 2
*************************  Workload stats  ************************* attention_row_layer
id: attention_row_layer ,Total cycles spent on fwd pass compute: 376000
id: attention_row_layer ,Total cycles spent on weight grad compute: 376000
id: attention_row_layer ,Total cycles spent on input grad compute: 376000
id: attention_row_layer ,Total cycles spent idle waiting for fwd finish: 30361
id: attention_row_layer ,Total cycles spent idle waiting for weight grad finish: 0
id: attention_row_layer ,Total cycles spent idle waiting for input grad finish: 30361
id: attention_row_layer ,Total cycles spent on fwd pass comm: 30361
id: attention_row_layer ,Total cycles spent on weight grad comm: 0
id: attention_row_layer ,Total cycles spent on input grad comm: 30361
*******************
Layer id: mlp_column_layer
Total collectives issued for this layer: 2
*************************  Workload stats  ************************* mlp_column_layer
id: mlp_column_layer ,Total cycles spent on fwd pass compute: 923000
id: mlp_column_layer ,Total cycles spent on weight grad compute: 923000
id: mlp_column_layer ,Total cycles spent on input grad compute: 923000
id: mlp_column_layer ,Total cycles spent idle waiting for fwd finish: 30361
id: mlp_column_layer ,Total cycles spent idle waiting for weight grad finish: 0
id: mlp_column_layer ,Total cycles spent idle waiting for input grad finish: 30361
id: mlp_column_layer ,Total cycles spent on fwd pass comm: 30361
id: mlp_column_layer ,Total cycles spent on weight grad comm: 0
id: mlp_column_layer ,Total cycles spent on input grad comm: 30361
*******************
Layer id: mlp_row_layer
Total collectives issued for this layer: 2
*************************  Workload stats  ************************* mlp_row_layer
id: mlp_row_layer ,Total cycles spent on fwd pass compute: 1125000
id: mlp_row_layer ,Total cycles spent on weight grad compute: 1125000
id: mlp_row_layer ,Total cycles spent on input grad compute: 1125000
id: mlp_row_layer ,Total cycles spent idle waiting for fwd finish: 30361
id: mlp_row_layer ,Total cycles spent idle waiting for weight grad finish: 0
id: mlp_row_layer ,Total cycles spent idle waiting for input grad finish: 30361
id: mlp_row_layer ,Total cycles spent on fwd pass comm: 30361
id: mlp_row_layer ,Total cycles spent on weight grad comm: 0
id: mlp_row_layer ,Total cycles spent on input grad comm: 30361
*******************
Layer id: attention_column_layer
Total collectives issued for this layer: 2
*************************  Workload stats  ************************* attention_column_layer
id: attention_column_layer ,Total cycles spent on fwd pass compute: 375000
id: attention_column_layer ,Total cycles spent on weight grad compute: 375000
id: attention_column_layer ,Total cycles spent on input grad compute: 375000
id: attention_column_layer ,Total cycles spent idle waiting for fwd finish: 30361
id: attention_column_layer ,Total cycles spent idle waiting for weight grad finish: 0
id: attention_column_layer ,Total cycles spent idle waiting for input grad finish: 30361
id: attention_column_layer ,Total cycles spent on fwd pass comm: 30361
id: attention_column_layer ,Total cycles spent on weight grad comm: 0
id: attention_column_layer ,Total cycles spent on input grad comm: 30361
*******************
Layer id: attention_row_layer
Total collectives issued for this layer: 2
*************************  Workload stats  ************************* attention_row_layer
id: attention_row_layer ,Total cycles spent on fwd pass compute: 376000
id: attention_row_layer ,Total cycles spent on weight grad compute: 376000
id: attention_row_layer ,Total cycles spent on input grad compute: 376000
id: attention_row_layer ,Total cycles spent idle waiting for fwd finish: 30361
id: attention_row_layer ,Total cycles spent idle waiting for weight grad finish: 0
id: attention_row_layer ,Total cycles spent idle waiting for input grad finish: 30361
id: attention_row_layer ,Total cycles spent on fwd pass comm: 30361
id: attention_row_layer ,Total cycles spent on weight grad comm: 0
id: attention_row_layer ,Total cycles spent on input grad comm: 30361
*******************
Layer id: mlp_column_layer
Total collectives issued for this layer: 2
*************************  Workload stats  ************************* mlp_column_layer
id: mlp_column_layer ,Total cycles spent on fwd pass compute: 923000
id: mlp_column_layer ,Total cycles spent on weight grad compute: 923000
id: mlp_column_layer ,Total cycles spent on input grad compute: 923000
id: mlp_column_layer ,Total cycles spent idle waiting for fwd finish: 30361
id: mlp_column_layer ,Total cycles spent idle waiting for weight grad finish: 0
id: mlp_column_layer ,Total cycles spent idle waiting for input grad finish: 30361
id: mlp_column_layer ,Total cycles spent on fwd pass comm: 30361
id: mlp_column_layer ,Total cycles spent on weight grad comm: 0
id: mlp_column_layer ,Total cycles spent on input grad comm: 30361
*******************
Layer id: mlp_row_layer
Total collectives issued for this layer: 2
*************************  Workload stats  ************************* mlp_row_layer
id: mlp_row_layer ,Total cycles spent on fwd pass compute: 1125000
id: mlp_row_layer ,Total cycles spent on weight grad compute: 1125000
id: mlp_row_layer ,Total cycles spent on input grad compute: 1125000
id: mlp_row_layer ,Total cycles spent idle waiting for fwd finish: 30361
id: mlp_row_layer ,Total cycles spent idle waiting for weight grad finish: 0
id: mlp_row_layer ,Total cycles spent idle waiting for input grad finish: 30361
id: mlp_row_layer ,Total cycles spent on fwd pass comm: 30361
id: mlp_row_layer ,Total cycles spent on weight grad comm: 0
id: mlp_row_layer ,Total cycles spent on input grad comm: 30361
*******************
Layer id: attention_column_layer
Total collectives issued for this layer: 2
*************************  Workload stats  ************************* attention_column_layer
id: attention_column_layer ,Total cycles spent on fwd pass compute: 375000
id: attention_column_layer ,Total cycles spent on weight grad compute: 375000
id: attention_column_layer ,Total cycles spent on input grad compute: 375000
id: attention_column_layer ,Total cycles spent idle waiting for fwd finish: 30361
id: attention_column_layer ,Total cycles spent idle waiting for weight grad finish: 0
id: attention_column_layer ,Total cycles spent idle waiting for input grad finish: 30361
id: attention_column_layer ,Total cycles spent on fwd pass comm: 30361
id: attention_column_layer ,Total cycles spent on weight grad comm: 0
id: attention_column_layer ,Total cycles spent on input grad comm: 30361
*******************
Layer id: attention_row_layer
Total collectives issued for this layer: 2
*************************  Workload stats  ************************* attention_row_layer
id: attention_row_layer ,Total cycles spent on fwd pass compute: 376000
id: attention_row_layer ,Total cycles spent on weight grad compute: 376000
id: attention_row_layer ,Total cycles spent on input grad compute: 376000
id: attention_row_layer ,Total cycles spent idle waiting for fwd finish: 30361
id: attention_row_layer ,Total cycles spent idle waiting for weight grad finish: 0
id: attention_row_layer ,Total cycles spent idle waiting for input grad finish: 30361
id: attention_row_layer ,Total cycles spent on fwd pass comm: 30361
id: attention_row_layer ,Total cycles spent on weight grad comm: 0
id: attention_row_layer ,Total cycles spent on input grad comm: 30361
*******************
Layer id: mlp_column_layer
Total collectives issued for this layer: 2
*************************  Workload stats  ************************* mlp_column_layer
id: mlp_column_layer ,Total cycles spent on fwd pass compute: 923000
id: mlp_column_layer ,Total cycles spent on weight grad compute: 923000
id: mlp_column_layer ,Total cycles spent on input grad compute: 923000
id: mlp_column_layer ,Total cycles spent idle waiting for fwd finish: 30361
id: mlp_column_layer ,Total cycles spent idle waiting for weight grad finish: 0
id: mlp_column_layer ,Total cycles spent idle waiting for input grad finish: 30361
id: mlp_column_layer ,Total cycles spent on fwd pass comm: 30361
id: mlp_column_layer ,Total cycles spent on weight grad comm: 0
id: mlp_column_layer ,Total cycles spent on input grad comm: 30361
*******************
Layer id: mlp_row_layer
Total collectives issued for this layer: 2
*************************  Workload stats  ************************* mlp_row_layer
id: mlp_row_layer ,Total cycles spent on fwd pass compute: 1125000
id: mlp_row_layer ,Total cycles spent on weight grad compute: 1125000
id: mlp_row_layer ,Total cycles spent on input grad compute: 1125000
id: mlp_row_layer ,Total cycles spent idle waiting for fwd finish: 30361
id: mlp_row_layer ,Total cycles spent idle waiting for weight grad finish: 0
id: mlp_row_layer ,Total cycles spent idle waiting for input grad finish: 30361
id: mlp_row_layer ,Total cycles spent on fwd pass comm: 30361
id: mlp_row_layer ,Total cycles spent on weight grad comm: 0
id: mlp_row_layer ,Total cycles spent on input grad comm: 30361
*******************
Layer id: attention_column_layer
Total collectives issued for this layer: 2
*************************  Workload stats  ************************* attention_column_layer
id: attention_column_layer ,Total cycles spent on fwd pass compute: 375000
id: attention_column_layer ,Total cycles spent on weight grad compute: 375000
id: attention_column_layer ,Total cycles spent on input grad compute: 375000
id: attention_column_layer ,Total cycles spent idle waiting for fwd finish: 30361
id: attention_column_layer ,Total cycles spent idle waiting for weight grad finish: 0
id: attention_column_layer ,Total cycles spent idle waiting for input grad finish: 30361
id: attention_column_layer ,Total cycles spent on fwd pass comm: 30361
id: attention_column_layer ,Total cycles spent on weight grad comm: 0
id: attention_column_layer ,Total cycles spent on input grad comm: 30361
*******************
Layer id: attention_row_layer
Total collectives issued for this layer: 2
*************************  Workload stats  ************************* attention_row_layer
id: attention_row_layer ,Total cycles spent on fwd pass compute: 376000
id: attention_row_layer ,Total cycles spent on weight grad compute: 376000
id: attention_row_layer ,Total cycles spent on input grad compute: 376000
id: attention_row_layer ,Total cycles spent idle waiting for fwd finish: 30361
id: attention_row_layer ,Total cycles spent idle waiting for weight grad finish: 0
id: attention_row_layer ,Total cycles spent idle waiting for input grad finish: 30361
id: attention_row_layer ,Total cycles spent on fwd pass comm: 30361
id: attention_row_layer ,Total cycles spent on weight grad comm: 0
id: attention_row_layer ,Total cycles spent on input grad comm: 30361
*******************
Layer id: mlp_column_layer
Total collectives issued for this layer: 2
*************************  Workload stats  ************************* mlp_column_layer
id: mlp_column_layer ,Total cycles spent on fwd pass compute: 923000
id: mlp_column_layer ,Total cycles spent on weight grad compute: 923000
id: mlp_column_layer ,Total cycles spent on input grad compute: 923000
id: mlp_column_layer ,Total cycles spent idle waiting for fwd finish: 30361
id: mlp_column_layer ,Total cycles spent idle waiting for weight grad finish: 0
id: mlp_column_layer ,Total cycles spent idle waiting for input grad finish: 30361
id: mlp_column_layer ,Total cycles spent on fwd pass comm: 30361
id: mlp_column_layer ,Total cycles spent on weight grad comm: 0
id: mlp_column_layer ,Total cycles spent on input grad comm: 30361
*******************
Layer id: mlp_row_layer
Total collectives issued for this layer: 2
*************************  Workload stats  ************************* mlp_row_layer
id: mlp_row_layer ,Total cycles spent on fwd pass compute: 1125000
id: mlp_row_layer ,Total cycles spent on weight grad compute: 1125000
id: mlp_row_layer ,Total cycles spent on input grad compute: 1125000
id: mlp_row_layer ,Total cycles spent idle waiting for fwd finish: 30361
id: mlp_row_layer ,Total cycles spent idle waiting for weight grad finish: 0
id: mlp_row_layer ,Total cycles spent idle waiting for input grad finish: 30361
id: mlp_row_layer ,Total cycles spent on fwd pass comm: 30361
id: mlp_row_layer ,Total cycles spent on weight grad comm: 0
id: mlp_row_layer ,Total cycles spent on input grad comm: 30361
*******************
Layer id: attention_column_layer
Total collectives issued for this layer: 2
*************************  Workload stats  ************************* attention_column_layer
id: attention_column_layer ,Total cycles spent on fwd pass compute: 375000
id: attention_column_layer ,Total cycles spent on weight grad compute: 375000
id: attention_column_layer ,Total cycles spent on input grad compute: 375000
id: attention_column_layer ,Total cycles spent idle waiting for fwd finish: 30361
id: attention_column_layer ,Total cycles spent idle waiting for weight grad finish: 0
id: attention_column_layer ,Total cycles spent idle waiting for input grad finish: 30361
id: attention_column_layer ,Total cycles spent on fwd pass comm: 30361
id: attention_column_layer ,Total cycles spent on weight grad comm: 0
id: attention_column_layer ,Total cycles spent on input grad comm: 30361
*******************
Layer id: attention_row_layer
Total collectives issued for this layer: 2
*************************  Workload stats  ************************* attention_row_layer
id: attention_row_layer ,Total cycles spent on fwd pass compute: 376000
id: attention_row_layer ,Total cycles spent on weight grad compute: 376000
id: attention_row_layer ,Total cycles spent on input grad compute: 376000
id: attention_row_layer ,Total cycles spent idle waiting for fwd finish: 30361
id: attention_row_layer ,Total cycles spent idle waiting for weight grad finish: 0
id: attention_row_layer ,Total cycles spent idle waiting for input grad finish: 30361
id: attention_row_layer ,Total cycles spent on fwd pass comm: 30361
id: attention_row_layer ,Total cycles spent on weight grad comm: 0
id: attention_row_layer ,Total cycles spent on input grad comm: 30361
*******************
Layer id: mlp_column_layer
Total collectives issued for this layer: 2
*************************  Workload stats  ************************* mlp_column_layer
id: mlp_column_layer ,Total cycles spent on fwd pass compute: 923000
id: mlp_column_layer ,Total cycles spent on weight grad compute: 923000
id: mlp_column_layer ,Total cycles spent on input grad compute: 923000
id: mlp_column_layer ,Total cycles spent idle waiting for fwd finish: 30361
id: mlp_column_layer ,Total cycles spent idle waiting for weight grad finish: 0
id: mlp_column_layer ,Total cycles spent idle waiting for input grad finish: 30361
id: mlp_column_layer ,Total cycles spent on fwd pass comm: 30361
id: mlp_column_layer ,Total cycles spent on weight grad comm: 0
id: mlp_column_layer ,Total cycles spent on input grad comm: 30361
*******************
Layer id: mlp_row_layer
Total collectives issued for this layer: 2
*************************  Workload stats  ************************* mlp_row_layer
id: mlp_row_layer ,Total cycles spent on fwd pass compute: 1125000
id: mlp_row_layer ,Total cycles spent on weight grad compute: 1125000
id: mlp_row_layer ,Total cycles spent on input grad compute: 1125000
id: mlp_row_layer ,Total cycles spent idle waiting for fwd finish: 30361
id: mlp_row_layer ,Total cycles spent idle waiting for weight grad finish: 0
id: mlp_row_layer ,Total cycles spent idle waiting for input grad finish: 30361
id: mlp_row_layer ,Total cycles spent on fwd pass comm: 30361
id: mlp_row_layer ,Total cycles spent on weight grad comm: 0
id: mlp_row_layer ,Total cycles spent on input grad comm: 30361
*******************
Layer id: attention_column_layer
Total collectives issued for this layer: 2
*************************  Workload stats  ************************* attention_column_layer
id: attention_column_layer ,Total cycles spent on fwd pass compute: 375000
id: attention_column_layer ,Total cycles spent on weight grad compute: 375000
id: attention_column_layer ,Total cycles spent on input grad compute: 375000
id: attention_column_layer ,Total cycles spent idle waiting for fwd finish: 30361
id: attention_column_layer ,Total cycles spent idle waiting for weight grad finish: 0
id: attention_column_layer ,Total cycles spent idle waiting for input grad finish: 30361
id: attention_column_layer ,Total cycles spent on fwd pass comm: 30361
id: attention_column_layer ,Total cycles spent on weight grad comm: 0
id: attention_column_layer ,Total cycles spent on input grad comm: 30361
*******************
Layer id: attention_row_layer
Total collectives issued for this layer: 2
*************************  Workload stats  ************************* attention_row_layer
id: attention_row_layer ,Total cycles spent on fwd pass compute: 376000
id: attention_row_layer ,Total cycles spent on weight grad compute: 376000
id: attention_row_layer ,Total cycles spent on input grad compute: 376000
id: attention_row_layer ,Total cycles spent idle waiting for fwd finish: 30361
id: attention_row_layer ,Total cycles spent idle waiting for weight grad finish: 0
id: attention_row_layer ,Total cycles spent idle waiting for input grad finish: 30361
id: attention_row_layer ,Total cycles spent on fwd pass comm: 30361
id: attention_row_layer ,Total cycles spent on weight grad comm: 0
id: attention_row_layer ,Total cycles spent on input grad comm: 30361
*******************
Layer id: mlp_column_layer
Total collectives issued for this layer: 2
*************************  Workload stats  ************************* mlp_column_layer
id: mlp_column_layer ,Total cycles spent on fwd pass compute: 923000
id: mlp_column_layer ,Total cycles spent on weight grad compute: 923000
id: mlp_column_layer ,Total cycles spent on input grad compute: 923000
id: mlp_column_layer ,Total cycles spent idle waiting for fwd finish: 30361
id: mlp_column_layer ,Total cycles spent idle waiting for weight grad finish: 0
id: mlp_column_layer ,Total cycles spent idle waiting for input grad finish: 30361
id: mlp_column_layer ,Total cycles spent on fwd pass comm: 30361
id: mlp_column_layer ,Total cycles spent on weight grad comm: 0
id: mlp_column_layer ,Total cycles spent on input grad comm: 30361
*******************
Layer id: mlp_row_layer
Total collectives issued for this layer: 2
*************************  Workload stats  ************************* mlp_row_layer
id: mlp_row_layer ,Total cycles spent on fwd pass compute: 1125000
id: mlp_row_layer ,Total cycles spent on weight grad compute: 1125000
id: mlp_row_layer ,Total cycles spent on input grad compute: 1125000
id: mlp_row_layer ,Total cycles spent idle waiting for fwd finish: 30361
id: mlp_row_layer ,Total cycles spent idle waiting for weight grad finish: 0
id: mlp_row_layer ,Total cycles spent idle waiting for input grad finish: 30361
id: mlp_row_layer ,Total cycles spent on fwd pass comm: 30361
id: mlp_row_layer ,Total cycles spent on weight grad comm: 0
id: mlp_row_layer ,Total cycles spent on input grad comm: 30361
*******************
Layer id: attention_column_layer
Total collectives issued for this layer: 2
*************************  Workload stats  ************************* attention_column_layer
id: attention_column_layer ,Total cycles spent on fwd pass compute: 375000
id: attention_column_layer ,Total cycles spent on weight grad compute: 375000
id: attention_column_layer ,Total cycles spent on input grad compute: 375000
id: attention_column_layer ,Total cycles spent idle waiting for fwd finish: 30361
id: attention_column_layer ,Total cycles spent idle waiting for weight grad finish: 0
id: attention_column_layer ,Total cycles spent idle waiting for input grad finish: 30361
id: attention_column_layer ,Total cycles spent on fwd pass comm: 30361
id: attention_column_layer ,Total cycles spent on weight grad comm: 0
id: attention_column_layer ,Total cycles spent on input grad comm: 30361
*******************
Layer id: attention_row_layer
Total collectives issued for this layer: 2
*************************  Workload stats  ************************* attention_row_layer
id: attention_row_layer ,Total cycles spent on fwd pass compute: 376000
id: attention_row_layer ,Total cycles spent on weight grad compute: 376000
id: attention_row_layer ,Total cycles spent on input grad compute: 376000
id: attention_row_layer ,Total cycles spent idle waiting for fwd finish: 30361
id: attention_row_layer ,Total cycles spent idle waiting for weight grad finish: 0
id: attention_row_layer ,Total cycles spent idle waiting for input grad finish: 30361
id: attention_row_layer ,Total cycles spent on fwd pass comm: 30361
id: attention_row_layer ,Total cycles spent on weight grad comm: 0
id: attention_row_layer ,Total cycles spent on input grad comm: 30361
*******************
Layer id: mlp_column_layer
Total collectives issued for this layer: 2
*************************  Workload stats  ************************* mlp_column_layer
id: mlp_column_layer ,Total cycles spent on fwd pass compute: 923000
id: mlp_column_layer ,Total cycles spent on weight grad compute: 923000
id: mlp_column_layer ,Total cycles spent on input grad compute: 923000
id: mlp_column_layer ,Total cycles spent idle waiting for fwd finish: 30361
id: mlp_column_layer ,Total cycles spent idle waiting for weight grad finish: 0
id: mlp_column_layer ,Total cycles spent idle waiting for input grad finish: 30361
id: mlp_column_layer ,Total cycles spent on fwd pass comm: 30361
id: mlp_column_layer ,Total cycles spent on weight grad comm: 0
id: mlp_column_layer ,Total cycles spent on input grad comm: 30361
*******************
Layer id: mlp_row_layer
Total collectives issued for this layer: 2
*************************  Workload stats  ************************* mlp_row_layer
id: mlp_row_layer ,Total cycles spent on fwd pass compute: 1125000
id: mlp_row_layer ,Total cycles spent on weight grad compute: 1125000
id: mlp_row_layer ,Total cycles spent on input grad compute: 1125000
id: mlp_row_layer ,Total cycles spent idle waiting for fwd finish: 30361
id: mlp_row_layer ,Total cycles spent idle waiting for weight grad finish: 0
id: mlp_row_layer ,Total cycles spent idle waiting for input grad finish: 30361
id: mlp_row_layer ,Total cycles spent on fwd pass comm: 30361
id: mlp_row_layer ,Total cycles spent on weight grad comm: 0
id: mlp_row_layer ,Total cycles spent on input grad comm: 30361
*******************
Layer id: attention_column_layer
Total collectives issued for this layer: 2
*************************  Workload stats  ************************* attention_column_layer
id: attention_column_layer ,Total cycles spent on fwd pass compute: 375000
id: attention_column_layer ,Total cycles spent on weight grad compute: 375000
id: attention_column_layer ,Total cycles spent on input grad compute: 375000
id: attention_column_layer ,Total cycles spent idle waiting for fwd finish: 30361
id: attention_column_layer ,Total cycles spent idle waiting for weight grad finish: 0
id: attention_column_layer ,Total cycles spent idle waiting for input grad finish: 30361
id: attention_column_layer ,Total cycles spent on fwd pass comm: 30361
id: attention_column_layer ,Total cycles spent on weight grad comm: 0
id: attention_column_layer ,Total cycles spent on input grad comm: 30361
*******************
Layer id: attention_row_layer
Total collectives issued for this layer: 2
*************************  Workload stats  ************************* attention_row_layer
id: attention_row_layer ,Total cycles spent on fwd pass compute: 376000
id: attention_row_layer ,Total cycles spent on weight grad compute: 376000
id: attention_row_layer ,Total cycles spent on input grad compute: 376000
id: attention_row_layer ,Total cycles spent idle waiting for fwd finish: 30361
id: attention_row_layer ,Total cycles spent idle waiting for weight grad finish: 0
id: attention_row_layer ,Total cycles spent idle waiting for input grad finish: 30361
id: attention_row_layer ,Total cycles spent on fwd pass comm: 30361
id: attention_row_layer ,Total cycles spent on weight grad comm: 0
id: attention_row_layer ,Total cycles spent on input grad comm: 30361
*******************
Layer id: mlp_column_layer
Total collectives issued for this layer: 2
*************************  Workload stats  ************************* mlp_column_layer
id: mlp_column_layer ,Total cycles spent on fwd pass compute: 923000
id: mlp_column_layer ,Total cycles spent on weight grad compute: 923000
id: mlp_column_layer ,Total cycles spent on input grad compute: 923000
id: mlp_column_layer ,Total cycles spent idle waiting for fwd finish: 30361
id: mlp_column_layer ,Total cycles spent idle waiting for weight grad finish: 0
id: mlp_column_layer ,Total cycles spent idle waiting for input grad finish: 30361
id: mlp_column_layer ,Total cycles spent on fwd pass comm: 30361
id: mlp_column_layer ,Total cycles spent on weight grad comm: 0
id: mlp_column_layer ,Total cycles spent on input grad comm: 30361
*******************
Layer id: mlp_row_layer
Total collectives issued for this layer: 2
*************************  Workload stats  ************************* mlp_row_layer
id: mlp_row_layer ,Total cycles spent on fwd pass compute: 1125000
id: mlp_row_layer ,Total cycles spent on weight grad compute: 1125000
id: mlp_row_layer ,Total cycles spent on input grad compute: 1125000
id: mlp_row_layer ,Total cycles spent idle waiting for fwd finish: 30361
id: mlp_row_layer ,Total cycles spent idle waiting for weight grad finish: 0
id: mlp_row_layer ,Total cycles spent idle waiting for input grad finish: 30361
id: mlp_row_layer ,Total cycles spent on fwd pass comm: 30361
id: mlp_row_layer ,Total cycles spent on weight grad comm: 0
id: mlp_row_layer ,Total cycles spent on input grad comm: 30361
*******************
Layer id: attention_column_layer
Total collectives issued for this layer: 2
*************************  Workload stats  ************************* attention_column_layer
id: attention_column_layer ,Total cycles spent on fwd pass compute: 375000
id: attention_column_layer ,Total cycles spent on weight grad compute: 375000
id: attention_column_layer ,Total cycles spent on input grad compute: 375000
id: attention_column_layer ,Total cycles spent idle waiting for fwd finish: 30361
id: attention_column_layer ,Total cycles spent idle waiting for weight grad finish: 0
id: attention_column_layer ,Total cycles spent idle waiting for input grad finish: 30361
id: attention_column_layer ,Total cycles spent on fwd pass comm: 30361
id: attention_column_layer ,Total cycles spent on weight grad comm: 0
id: attention_column_layer ,Total cycles spent on input grad comm: 30361
*******************
Layer id: attention_row_layer
Total collectives issued for this layer: 2
*************************  Workload stats  ************************* attention_row_layer
id: attention_row_layer ,Total cycles spent on fwd pass compute: 376000
id: attention_row_layer ,Total cycles spent on weight grad compute: 376000
id: attention_row_layer ,Total cycles spent on input grad compute: 376000
id: attention_row_layer ,Total cycles spent idle waiting for fwd finish: 30361
id: attention_row_layer ,Total cycles spent idle waiting for weight grad finish: 0
id: attention_row_layer ,Total cycles spent idle waiting for input grad finish: 30361
id: attention_row_layer ,Total cycles spent on fwd pass comm: 30361
id: attention_row_layer ,Total cycles spent on weight grad comm: 0
id: attention_row_layer ,Total cycles spent on input grad comm: 30361
*******************
Layer id: mlp_column_layer
Total collectives issued for this layer: 2
*************************  Workload stats  ************************* mlp_column_layer
id: mlp_column_layer ,Total cycles spent on fwd pass compute: 923000
id: mlp_column_layer ,Total cycles spent on weight grad compute: 923000
id: mlp_column_layer ,Total cycles spent on input grad compute: 923000
id: mlp_column_layer ,Total cycles spent idle waiting for fwd finish: 30361
id: mlp_column_layer ,Total cycles spent idle waiting for weight grad finish: 0
id: mlp_column_layer ,Total cycles spent idle waiting for input grad finish: 30361
id: mlp_column_layer ,Total cycles spent on fwd pass comm: 30361
id: mlp_column_layer ,Total cycles spent on weight grad comm: 0
id: mlp_column_layer ,Total cycles spent on input grad comm: 30361
*******************
Layer id: mlp_row_layer
Total collectives issued for this layer: 2
*************************  Workload stats  ************************* mlp_row_layer
id: mlp_row_layer ,Total cycles spent on fwd pass compute: 1125000
id: mlp_row_layer ,Total cycles spent on weight grad compute: 1125000
id: mlp_row_layer ,Total cycles spent on input grad compute: 1125000
id: mlp_row_layer ,Total cycles spent idle waiting for fwd finish: 30361
id: mlp_row_layer ,Total cycles spent idle waiting for weight grad finish: 0
id: mlp_row_layer ,Total cycles spent idle waiting for input grad finish: 30361
id: mlp_row_layer ,Total cycles spent on fwd pass comm: 30361
id: mlp_row_layer ,Total cycles spent on weight grad comm: 0
id: mlp_row_layer ,Total cycles spent on input grad comm: 30361
*******************
Layer id: attention_column_layer
Total collectives issued for this layer: 2
*************************  Workload stats  ************************* attention_column_layer
id: attention_column_layer ,Total cycles spent on fwd pass compute: 375000
id: attention_column_layer ,Total cycles spent on weight grad compute: 375000
id: attention_column_layer ,Total cycles spent on input grad compute: 375000
id: attention_column_layer ,Total cycles spent idle waiting for fwd finish: 30361
id: attention_column_layer ,Total cycles spent idle waiting for weight grad finish: 0
id: attention_column_layer ,Total cycles spent idle waiting for input grad finish: 30361
id: attention_column_layer ,Total cycles spent on fwd pass comm: 30361
id: attention_column_layer ,Total cycles spent on weight grad comm: 0
id: attention_column_layer ,Total cycles spent on input grad comm: 30361
*******************
Layer id: attention_row_layer
Total collectives issued for this layer: 2
*************************  Workload stats  ************************* attention_row_layer
id: attention_row_layer ,Total cycles spent on fwd pass compute: 376000
id: attention_row_layer ,Total cycles spent on weight grad compute: 376000
id: attention_row_layer ,Total cycles spent on input grad compute: 376000
id: attention_row_layer ,Total cycles spent idle waiting for fwd finish: 30361
id: attention_row_layer ,Total cycles spent idle waiting for weight grad finish: 0
id: attention_row_layer ,Total cycles spent idle waiting for input grad finish: 30361
id: attention_row_layer ,Total cycles spent on fwd pass comm: 30361
id: attention_row_layer ,Total cycles spent on weight grad comm: 0
id: attention_row_layer ,Total cycles spent on input grad comm: 30361
*******************
Layer id: mlp_column_layer
Total collectives issued for this layer: 2
*************************  Workload stats  ************************* mlp_column_layer
id: mlp_column_layer ,Total cycles spent on fwd pass compute: 923000
id: mlp_column_layer ,Total cycles spent on weight grad compute: 923000
id: mlp_column_layer ,Total cycles spent on input grad compute: 923000
id: mlp_column_layer ,Total cycles spent idle waiting for fwd finish: 30361
id: mlp_column_layer ,Total cycles spent idle waiting for weight grad finish: 0
id: mlp_column_layer ,Total cycles spent idle waiting for input grad finish: 30361
id: mlp_column_layer ,Total cycles spent on fwd pass comm: 30361
id: mlp_column_layer ,Total cycles spent on weight grad comm: 0
id: mlp_column_layer ,Total cycles spent on input grad comm: 30361
*******************
Layer id: mlp_row_layer
Total collectives issued for this layer: 2
*************************  Workload stats  ************************* mlp_row_layer
id: mlp_row_layer ,Total cycles spent on fwd pass compute: 1125000
id: mlp_row_layer ,Total cycles spent on weight grad compute: 1125000
id: mlp_row_layer ,Total cycles spent on input grad compute: 1125000
id: mlp_row_layer ,Total cycles spent idle waiting for fwd finish: 30361
id: mlp_row_layer ,Total cycles spent idle waiting for weight grad finish: 0
id: mlp_row_layer ,Total cycles spent idle waiting for input grad finish: 30361
id: mlp_row_layer ,Total cycles spent on fwd pass comm: 30361
id: mlp_row_layer ,Total cycles spent on weight grad comm: 0
id: mlp_row_layer ,Total cycles spent on input grad comm: 30361
*******************
Layer id: attention_column_layer
Total collectives issued for this layer: 2
*************************  Workload stats  ************************* attention_column_layer
id: attention_column_layer ,Total cycles spent on fwd pass compute: 375000
id: attention_column_layer ,Total cycles spent on weight grad compute: 375000
id: attention_column_layer ,Total cycles spent on input grad compute: 375000
id: attention_column_layer ,Total cycles spent idle waiting for fwd finish: 30361
id: attention_column_layer ,Total cycles spent idle waiting for weight grad finish: 0
id: attention_column_layer ,Total cycles spent idle waiting for input grad finish: 30361
id: attention_column_layer ,Total cycles spent on fwd pass comm: 30361
id: attention_column_layer ,Total cycles spent on weight grad comm: 0
id: attention_column_layer ,Total cycles spent on input grad comm: 30361
*******************
Layer id: attention_row_layer
Total collectives issued for this layer: 2
*************************  Workload stats  ************************* attention_row_layer
id: attention_row_layer ,Total cycles spent on fwd pass compute: 376000
id: attention_row_layer ,Total cycles spent on weight grad compute: 376000
id: attention_row_layer ,Total cycles spent on input grad compute: 376000
id: attention_row_layer ,Total cycles spent idle waiting for fwd finish: 30361
id: attention_row_layer ,Total cycles spent idle waiting for weight grad finish: 0
id: attention_row_layer ,Total cycles spent idle waiting for input grad finish: 30361
id: attention_row_layer ,Total cycles spent on fwd pass comm: 30361
id: attention_row_layer ,Total cycles spent on weight grad comm: 0
id: attention_row_layer ,Total cycles spent on input grad comm: 30361
*******************
Layer id: mlp_column_layer
Total collectives issued for this layer: 2
*************************  Workload stats  ************************* mlp_column_layer
id: mlp_column_layer ,Total cycles spent on fwd pass compute: 923000
id: mlp_column_layer ,Total cycles spent on weight grad compute: 923000
id: mlp_column_layer ,Total cycles spent on input grad compute: 923000
id: mlp_column_layer ,Total cycles spent idle waiting for fwd finish: 30361
id: mlp_column_layer ,Total cycles spent idle waiting for weight grad finish: 0
id: mlp_column_layer ,Total cycles spent idle waiting for input grad finish: 30361
id: mlp_column_layer ,Total cycles spent on fwd pass comm: 30361
id: mlp_column_layer ,Total cycles spent on weight grad comm: 0
id: mlp_column_layer ,Total cycles spent on input grad comm: 30361
*******************
Layer id: mlp_row_layer
Total collectives issued for this layer: 2
*************************  Workload stats  ************************* mlp_row_layer
id: mlp_row_layer ,Total cycles spent on fwd pass compute: 1125000
id: mlp_row_layer ,Total cycles spent on weight grad compute: 1125000
id: mlp_row_layer ,Total cycles spent on input grad compute: 1125000
id: mlp_row_layer ,Total cycles spent idle waiting for fwd finish: 30361
id: mlp_row_layer ,Total cycles spent idle waiting for weight grad finish: 0
id: mlp_row_layer ,Total cycles spent idle waiting for input grad finish: 30361
id: mlp_row_layer ,Total cycles spent on fwd pass comm: 30361
id: mlp_row_layer ,Total cycles spent on weight grad comm: 0
id: mlp_row_layer ,Total cycles spent on input grad comm: 30361
*******************
Layer id: attention_column_layer
Total collectives issued for this layer: 2
*************************  Workload stats  ************************* attention_column_layer
id: attention_column_layer ,Total cycles spent on fwd pass compute: 375000
id: attention_column_layer ,Total cycles spent on weight grad compute: 375000
id: attention_column_layer ,Total cycles spent on input grad compute: 375000
id: attention_column_layer ,Total cycles spent idle waiting for fwd finish: 30361
id: attention_column_layer ,Total cycles spent idle waiting for weight grad finish: 0
id: attention_column_layer ,Total cycles spent idle waiting for input grad finish: 30361
id: attention_column_layer ,Total cycles spent on fwd pass comm: 30361
id: attention_column_layer ,Total cycles spent on weight grad comm: 0
id: attention_column_layer ,Total cycles spent on input grad comm: 30361
*******************
Layer id: attention_row_layer
Total collectives issued for this layer: 2
*************************  Workload stats  ************************* attention_row_layer
id: attention_row_layer ,Total cycles spent on fwd pass compute: 376000
id: attention_row_layer ,Total cycles spent on weight grad compute: 376000
id: attention_row_layer ,Total cycles spent on input grad compute: 376000
id: attention_row_layer ,Total cycles spent idle waiting for fwd finish: 30361
id: attention_row_layer ,Total cycles spent idle waiting for weight grad finish: 0
id: attention_row_layer ,Total cycles spent idle waiting for input grad finish: 30361
id: attention_row_layer ,Total cycles spent on fwd pass comm: 30361
id: attention_row_layer ,Total cycles spent on weight grad comm: 0
id: attention_row_layer ,Total cycles spent on input grad comm: 30361
*******************
Layer id: mlp_column_layer
Total collectives issued for this layer: 2
*************************  Workload stats  ************************* mlp_column_layer
id: mlp_column_layer ,Total cycles spent on fwd pass compute: 923000
id: mlp_column_layer ,Total cycles spent on weight grad compute: 923000
id: mlp_column_layer ,Total cycles spent on input grad compute: 923000
id: mlp_column_layer ,Total cycles spent idle waiting for fwd finish: 30361
id: mlp_column_layer ,Total cycles spent idle waiting for weight grad finish: 0
id: mlp_column_layer ,Total cycles spent idle waiting for input grad finish: 30361
id: mlp_column_layer ,Total cycles spent on fwd pass comm: 30361
id: mlp_column_layer ,Total cycles spent on weight grad comm: 0
id: mlp_column_layer ,Total cycles spent on input grad comm: 30361
*******************
Layer id: mlp_row_layer
Total collectives issued for this layer: 2
*************************  Workload stats  ************************* mlp_row_layer
id: mlp_row_layer ,Total cycles spent on fwd pass compute: 1125000
id: mlp_row_layer ,Total cycles spent on weight grad compute: 1125000
id: mlp_row_layer ,Total cycles spent on input grad compute: 1125000
id: mlp_row_layer ,Total cycles spent idle waiting for fwd finish: 30361
id: mlp_row_layer ,Total cycles spent idle waiting for weight grad finish: 0
id: mlp_row_layer ,Total cycles spent idle waiting for input grad finish: 30361
id: mlp_row_layer ,Total cycles spent on fwd pass comm: 30361
id: mlp_row_layer ,Total cycles spent on weight grad comm: 0
id: mlp_row_layer ,Total cycles spent on input grad comm: 30361
*******************
Layer id: attention_column_layer
Total collectives issued for this layer: 2
*************************  Workload stats  ************************* attention_column_layer
id: attention_column_layer ,Total cycles spent on fwd pass compute: 375000
id: attention_column_layer ,Total cycles spent on weight grad compute: 375000
id: attention_column_layer ,Total cycles spent on input grad compute: 375000
id: attention_column_layer ,Total cycles spent idle waiting for fwd finish: 30361
id: attention_column_layer ,Total cycles spent idle waiting for weight grad finish: 0
id: attention_column_layer ,Total cycles spent idle waiting for input grad finish: 30361
id: attention_column_layer ,Total cycles spent on fwd pass comm: 30361
id: attention_column_layer ,Total cycles spent on weight grad comm: 0
id: attention_column_layer ,Total cycles spent on input grad comm: 30361
*******************
Layer id: attention_row_layer
Total collectives issued for this layer: 2
*************************  Workload stats  ************************* attention_row_layer
id: attention_row_layer ,Total cycles spent on fwd pass compute: 376000
id: attention_row_layer ,Total cycles spent on weight grad compute: 376000
id: attention_row_layer ,Total cycles spent on input grad compute: 376000
id: attention_row_layer ,Total cycles spent idle waiting for fwd finish: 30361
id: attention_row_layer ,Total cycles spent idle waiting for weight grad finish: 0
id: attention_row_layer ,Total cycles spent idle waiting for input grad finish: 30361
id: attention_row_layer ,Total cycles spent on fwd pass comm: 30361
id: attention_row_layer ,Total cycles spent on weight grad comm: 0
id: attention_row_layer ,Total cycles spent on input grad comm: 30361
*******************
Layer id: mlp_column_layer
Total collectives issued for this layer: 2
*************************  Workload stats  ************************* mlp_column_layer
id: mlp_column_layer ,Total cycles spent on fwd pass compute: 923000
id: mlp_column_layer ,Total cycles spent on weight grad compute: 923000
id: mlp_column_layer ,Total cycles spent on input grad compute: 923000
id: mlp_column_layer ,Total cycles spent idle waiting for fwd finish: 30361
id: mlp_column_layer ,Total cycles spent idle waiting for weight grad finish: 0
id: mlp_column_layer ,Total cycles spent idle waiting for input grad finish: 30361
id: mlp_column_layer ,Total cycles spent on fwd pass comm: 30361
id: mlp_column_layer ,Total cycles spent on weight grad comm: 0
id: mlp_column_layer ,Total cycles spent on input grad comm: 30361
*******************
Layer id: mlp_row_layer
Total collectives issued for this layer: 2
*************************  Workload stats  ************************* mlp_row_layer
id: mlp_row_layer ,Total cycles spent on fwd pass compute: 1125000
id: mlp_row_layer ,Total cycles spent on weight grad compute: 1125000
id: mlp_row_layer ,Total cycles spent on input grad compute: 1125000
id: mlp_row_layer ,Total cycles spent idle waiting for fwd finish: 30361
id: mlp_row_layer ,Total cycles spent idle waiting for weight grad finish: 0
id: mlp_row_layer ,Total cycles spent idle waiting for input grad finish: 30361
id: mlp_row_layer ,Total cycles spent on fwd pass comm: 30361
id: mlp_row_layer ,Total cycles spent on weight grad comm: 0
id: mlp_row_layer ,Total cycles spent on input grad comm: 30361
*******************
Layer id: attention_column_layer
Total collectives issued for this layer: 2
*************************  Workload stats  ************************* attention_column_layer
id: attention_column_layer ,Total cycles spent on fwd pass compute: 375000
id: attention_column_layer ,Total cycles spent on weight grad compute: 375000
id: attention_column_layer ,Total cycles spent on input grad compute: 375000
id: attention_column_layer ,Total cycles spent idle waiting for fwd finish: 30361
id: attention_column_layer ,Total cycles spent idle waiting for weight grad finish: 0
id: attention_column_layer ,Total cycles spent idle waiting for input grad finish: 30361
id: attention_column_layer ,Total cycles spent on fwd pass comm: 30361
id: attention_column_layer ,Total cycles spent on weight grad comm: 0
id: attention_column_layer ,Total cycles spent on input grad comm: 30361
*******************
Layer id: attention_row_layer
Total collectives issued for this layer: 2
*************************  Workload stats  ************************* attention_row_layer
id: attention_row_layer ,Total cycles spent on fwd pass compute: 376000
id: attention_row_layer ,Total cycles spent on weight grad compute: 376000
id: attention_row_layer ,Total cycles spent on input grad compute: 376000
id: attention_row_layer ,Total cycles spent idle waiting for fwd finish: 30361
id: attention_row_layer ,Total cycles spent idle waiting for weight grad finish: 0
id: attention_row_layer ,Total cycles spent idle waiting for input grad finish: 30361
id: attention_row_layer ,Total cycles spent on fwd pass comm: 30361
id: attention_row_layer ,Total cycles spent on weight grad comm: 0
id: attention_row_layer ,Total cycles spent on input grad comm: 30361
*******************
Layer id: mlp_column_layer
Total collectives issued for this layer: 2
*************************  Workload stats  ************************* mlp_column_layer
id: mlp_column_layer ,Total cycles spent on fwd pass compute: 923000
id: mlp_column_layer ,Total cycles spent on weight grad compute: 923000
id: mlp_column_layer ,Total cycles spent on input grad compute: 923000
id: mlp_column_layer ,Total cycles spent idle waiting for fwd finish: 30361
id: mlp_column_layer ,Total cycles spent idle waiting for weight grad finish: 0
id: mlp_column_layer ,Total cycles spent idle waiting for input grad finish: 30361
id: mlp_column_layer ,Total cycles spent on fwd pass comm: 30361
id: mlp_column_layer ,Total cycles spent on weight grad comm: 0
id: mlp_column_layer ,Total cycles spent on input grad comm: 30361
*******************
Layer id: mlp_row_layer
Total collectives issued for this layer: 2
*************************  Workload stats  ************************* mlp_row_layer
id: mlp_row_layer ,Total cycles spent on fwd pass compute: 1125000
id: mlp_row_layer ,Total cycles spent on weight grad compute: 1125000
id: mlp_row_layer ,Total cycles spent on input grad compute: 1125000
id: mlp_row_layer ,Total cycles spent idle waiting for fwd finish: 30361
id: mlp_row_layer ,Total cycles spent idle waiting for weight grad finish: 0
id: mlp_row_layer ,Total cycles spent idle waiting for input grad finish: 30361
id: mlp_row_layer ,Total cycles spent on fwd pass comm: 30361
id: mlp_row_layer ,Total cycles spent on weight grad comm: 0
id: mlp_row_layer ,Total cycles spent on input grad comm: 30361
*******************
Layer id: attention_column_layer
Total collectives issued for this layer: 2
*************************  Workload stats  ************************* attention_column_layer
id: attention_column_layer ,Total cycles spent on fwd pass compute: 375000
id: attention_column_layer ,Total cycles spent on weight grad compute: 375000
id: attention_column_layer ,Total cycles spent on input grad compute: 375000
id: attention_column_layer ,Total cycles spent idle waiting for fwd finish: 30361
id: attention_column_layer ,Total cycles spent idle waiting for weight grad finish: 0
id: attention_column_layer ,Total cycles spent idle waiting for input grad finish: 30361
id: attention_column_layer ,Total cycles spent on fwd pass comm: 30361
id: attention_column_layer ,Total cycles spent on weight grad comm: 0
id: attention_column_layer ,Total cycles spent on input grad comm: 30361
*******************
Layer id: attention_row_layer
Total collectives issued for this layer: 2
*************************  Workload stats  ************************* attention_row_layer
id: attention_row_layer ,Total cycles spent on fwd pass compute: 376000
id: attention_row_layer ,Total cycles spent on weight grad compute: 376000
id: attention_row_layer ,Total cycles spent on input grad compute: 376000
id: attention_row_layer ,Total cycles spent idle waiting for fwd finish: 30361
id: attention_row_layer ,Total cycles spent idle waiting for weight grad finish: 0
id: attention_row_layer ,Total cycles spent idle waiting for input grad finish: 30361
id: attention_row_layer ,Total cycles spent on fwd pass comm: 30361
id: attention_row_layer ,Total cycles spent on weight grad comm: 0
id: attention_row_layer ,Total cycles spent on input grad comm: 30361
*******************
Layer id: mlp_column_layer
Total collectives issued for this layer: 2
*************************  Workload stats  ************************* mlp_column_layer
id: mlp_column_layer ,Total cycles spent on fwd pass compute: 923000
id: mlp_column_layer ,Total cycles spent on weight grad compute: 923000
id: mlp_column_layer ,Total cycles spent on input grad compute: 923000
id: mlp_column_layer ,Total cycles spent idle waiting for fwd finish: 30361
id: mlp_column_layer ,Total cycles spent idle waiting for weight grad finish: 0
id: mlp_column_layer ,Total cycles spent idle waiting for input grad finish: 30361
id: mlp_column_layer ,Total cycles spent on fwd pass comm: 30361
id: mlp_column_layer ,Total cycles spent on weight grad comm: 0
id: mlp_column_layer ,Total cycles spent on input grad comm: 30361
*******************
Layer id: mlp_row_layer
Total collectives issued for this layer: 2
*************************  Workload stats  ************************* mlp_row_layer
id: mlp_row_layer ,Total cycles spent on fwd pass compute: 1125000
id: mlp_row_layer ,Total cycles spent on weight grad compute: 1125000
id: mlp_row_layer ,Total cycles spent on input grad compute: 1125000
id: mlp_row_layer ,Total cycles spent idle waiting for fwd finish: 30361
id: mlp_row_layer ,Total cycles spent idle waiting for weight grad finish: 0
id: mlp_row_layer ,Total cycles spent idle waiting for input grad finish: 30361
id: mlp_row_layer ,Total cycles spent on fwd pass comm: 30361
id: mlp_row_layer ,Total cycles spent on weight grad comm: 0
id: mlp_row_layer ,Total cycles spent on input grad comm: 30361
*******************
Layer id: attention_column_layer
Total collectives issued for this layer: 2
*************************  Workload stats  ************************* attention_column_layer
id: attention_column_layer ,Total cycles spent on fwd pass compute: 375000
id: attention_column_layer ,Total cycles spent on weight grad compute: 375000
id: attention_column_layer ,Total cycles spent on input grad compute: 375000
id: attention_column_layer ,Total cycles spent idle waiting for fwd finish: 30361
id: attention_column_layer ,Total cycles spent idle waiting for weight grad finish: 0
id: attention_column_layer ,Total cycles spent idle waiting for input grad finish: 30361
id: attention_column_layer ,Total cycles spent on fwd pass comm: 30361
id: attention_column_layer ,Total cycles spent on weight grad comm: 0
id: attention_column_layer ,Total cycles spent on input grad comm: 30361
*******************
Layer id: attention_row_layer
Total collectives issued for this layer: 2
*************************  Workload stats  ************************* attention_row_layer
id: attention_row_layer ,Total cycles spent on fwd pass compute: 376000
id: attention_row_layer ,Total cycles spent on weight grad compute: 376000
id: attention_row_layer ,Total cycles spent on input grad compute: 376000
id: attention_row_layer ,Total cycles spent idle waiting for fwd finish: 30361
id: attention_row_layer ,Total cycles spent idle waiting for weight grad finish: 0
id: attention_row_layer ,Total cycles spent idle waiting for input grad finish: 30361
id: attention_row_layer ,Total cycles spent on fwd pass comm: 30361
id: attention_row_layer ,Total cycles spent on weight grad comm: 0
id: attention_row_layer ,Total cycles spent on input grad comm: 30361
*******************
Layer id: mlp_column_layer
Total collectives issued for this layer: 2
*************************  Workload stats  ************************* mlp_column_layer
id: mlp_column_layer ,Total cycles spent on fwd pass compute: 923000
id: mlp_column_layer ,Total cycles spent on weight grad compute: 923000
id: mlp_column_layer ,Total cycles spent on input grad compute: 923000
id: mlp_column_layer ,Total cycles spent idle waiting for fwd finish: 30361
id: mlp_column_layer ,Total cycles spent idle waiting for weight grad finish: 0
id: mlp_column_layer ,Total cycles spent idle waiting for input grad finish: 30361
id: mlp_column_layer ,Total cycles spent on fwd pass comm: 30361
id: mlp_column_layer ,Total cycles spent on weight grad comm: 0
id: mlp_column_layer ,Total cycles spent on input grad comm: 30361
*******************
Layer id: mlp_row_layer
Total collectives issued for this layer: 2
*************************  Workload stats  ************************* mlp_row_layer
id: mlp_row_layer ,Total cycles spent on fwd pass compute: 1125000
id: mlp_row_layer ,Total cycles spent on weight grad compute: 1125000
id: mlp_row_layer ,Total cycles spent on input grad compute: 1125000
id: mlp_row_layer ,Total cycles spent idle waiting for fwd finish: 30361
id: mlp_row_layer ,Total cycles spent idle waiting for weight grad finish: 0
id: mlp_row_layer ,Total cycles spent idle waiting for input grad finish: 30361
id: mlp_row_layer ,Total cycles spent on fwd pass comm: 30361
id: mlp_row_layer ,Total cycles spent on weight grad comm: 0
id: mlp_row_layer ,Total cycles spent on input grad comm: 30361
*******************
Layer id: attention_column_layer
Total collectives issued for this layer: 2
*************************  Workload stats  ************************* attention_column_layer
id: attention_column_layer ,Total cycles spent on fwd pass compute: 375000
id: attention_column_layer ,Total cycles spent on weight grad compute: 375000
id: attention_column_layer ,Total cycles spent on input grad compute: 375000
id: attention_column_layer ,Total cycles spent idle waiting for fwd finish: 30361
id: attention_column_layer ,Total cycles spent idle waiting for weight grad finish: 0
id: attention_column_layer ,Total cycles spent idle waiting for input grad finish: 30361
id: attention_column_layer ,Total cycles spent on fwd pass comm: 30361
id: attention_column_layer ,Total cycles spent on weight grad comm: 0
id: attention_column_layer ,Total cycles spent on input grad comm: 30361
*******************
Layer id: attention_row_layer
Total collectives issued for this layer: 2
*************************  Workload stats  ************************* attention_row_layer
id: attention_row_layer ,Total cycles spent on fwd pass compute: 376000
id: attention_row_layer ,Total cycles spent on weight grad compute: 376000
id: attention_row_layer ,Total cycles spent on input grad compute: 376000
id: attention_row_layer ,Total cycles spent idle waiting for fwd finish: 30361
id: attention_row_layer ,Total cycles spent idle waiting for weight grad finish: 0
id: attention_row_layer ,Total cycles spent idle waiting for input grad finish: 30361
id: attention_row_layer ,Total cycles spent on fwd pass comm: 30361
id: attention_row_layer ,Total cycles spent on weight grad comm: 0
id: attention_row_layer ,Total cycles spent on input grad comm: 30361
*******************
Layer id: mlp_column_layer
Total collectives issued for this layer: 2
*************************  Workload stats  ************************* mlp_column_layer
id: mlp_column_layer ,Total cycles spent on fwd pass compute: 923000
id: mlp_column_layer ,Total cycles spent on weight grad compute: 923000
id: mlp_column_layer ,Total cycles spent on input grad compute: 923000
id: mlp_column_layer ,Total cycles spent idle waiting for fwd finish: 30361
id: mlp_column_layer ,Total cycles spent idle waiting for weight grad finish: 0
id: mlp_column_layer ,Total cycles spent idle waiting for input grad finish: 30361
id: mlp_column_layer ,Total cycles spent on fwd pass comm: 30361
id: mlp_column_layer ,Total cycles spent on weight grad comm: 0
id: mlp_column_layer ,Total cycles spent on input grad comm: 30361
*******************
Layer id: mlp_row_layer
Total collectives issued for this layer: 2
*************************  Workload stats  ************************* mlp_row_layer
id: mlp_row_layer ,Total cycles spent on fwd pass compute: 1125000
id: mlp_row_layer ,Total cycles spent on weight grad compute: 1125000
id: mlp_row_layer ,Total cycles spent on input grad compute: 1125000
id: mlp_row_layer ,Total cycles spent idle waiting for fwd finish: 30361
id: mlp_row_layer ,Total cycles spent idle waiting for weight grad finish: 0
id: mlp_row_layer ,Total cycles spent idle waiting for input grad finish: 30361
id: mlp_row_layer ,Total cycles spent on fwd pass comm: 30361
id: mlp_row_layer ,Total cycles spent on weight grad comm: 0
id: mlp_row_layer ,Total cycles spent on input grad comm: 30361
*******************
Layer id: attention_column_layer
Total collectives issued for this layer: 2
*************************  Workload stats  ************************* attention_column_layer
id: attention_column_layer ,Total cycles spent on fwd pass compute: 375000
id: attention_column_layer ,Total cycles spent on weight grad compute: 375000
id: attention_column_layer ,Total cycles spent on input grad compute: 375000
id: attention_column_layer ,Total cycles spent idle waiting for fwd finish: 30361
id: attention_column_layer ,Total cycles spent idle waiting for weight grad finish: 0
id: attention_column_layer ,Total cycles spent idle waiting for input grad finish: 30361
id: attention_column_layer ,Total cycles spent on fwd pass comm: 30361
id: attention_column_layer ,Total cycles spent on weight grad comm: 0
id: attention_column_layer ,Total cycles spent on input grad comm: 30361
*******************
Layer id: attention_row_layer
Total collectives issued for this layer: 2
*************************  Workload stats  ************************* attention_row_layer
id: attention_row_layer ,Total cycles spent on fwd pass compute: 376000
id: attention_row_layer ,Total cycles spent on weight grad compute: 376000
id: attention_row_layer ,Total cycles spent on input grad compute: 376000
id: attention_row_layer ,Total cycles spent idle waiting for fwd finish: 30361
id: attention_row_layer ,Total cycles spent idle waiting for weight grad finish: 0
id: attention_row_layer ,Total cycles spent idle waiting for input grad finish: 30361
id: attention_row_layer ,Total cycles spent on fwd pass comm: 30361
id: attention_row_layer ,Total cycles spent on weight grad comm: 0
id: attention_row_layer ,Total cycles spent on input grad comm: 30361
*******************
Layer id: mlp_column_layer
Total collectives issued for this layer: 2
*************************  Workload stats  ************************* mlp_column_layer
id: mlp_column_layer ,Total cycles spent on fwd pass compute: 923000
id: mlp_column_layer ,Total cycles spent on weight grad compute: 923000
id: mlp_column_layer ,Total cycles spent on input grad compute: 923000
id: mlp_column_layer ,Total cycles spent idle waiting for fwd finish: 30361
id: mlp_column_layer ,Total cycles spent idle waiting for weight grad finish: 0
id: mlp_column_layer ,Total cycles spent idle waiting for input grad finish: 30361
id: mlp_column_layer ,Total cycles spent on fwd pass comm: 30361
id: mlp_column_layer ,Total cycles spent on weight grad comm: 0
id: mlp_column_layer ,Total cycles spent on input grad comm: 30361
*******************
Layer id: mlp_row_layer
Total collectives issued for this layer: 2
*************************  Workload stats  ************************* mlp_row_layer
id: mlp_row_layer ,Total cycles spent on fwd pass compute: 1125000
id: mlp_row_layer ,Total cycles spent on weight grad compute: 1125000
id: mlp_row_layer ,Total cycles spent on input grad compute: 1125000
id: mlp_row_layer ,Total cycles spent idle waiting for fwd finish: 30361
id: mlp_row_layer ,Total cycles spent idle waiting for weight grad finish: 0
id: mlp_row_layer ,Total cycles spent idle waiting for input grad finish: 30361
id: mlp_row_layer ,Total cycles spent on fwd pass comm: 30361
id: mlp_row_layer ,Total cycles spent on weight grad comm: 0
id: mlp_row_layer ,Total cycles spent on input grad comm: 30361
*******************
Layer id: attention_column_layer
Total collectives issued for this layer: 2
*************************  Workload stats  ************************* attention_column_layer
id: attention_column_layer ,Total cycles spent on fwd pass compute: 375000
id: attention_column_layer ,Total cycles spent on weight grad compute: 375000
id: attention_column_layer ,Total cycles spent on input grad compute: 375000
id: attention_column_layer ,Total cycles spent idle waiting for fwd finish: 30361
id: attention_column_layer ,Total cycles spent idle waiting for weight grad finish: 0
id: attention_column_layer ,Total cycles spent idle waiting for input grad finish: 30361
id: attention_column_layer ,Total cycles spent on fwd pass comm: 30361
id: attention_column_layer ,Total cycles spent on weight grad comm: 0
id: attention_column_layer ,Total cycles spent on input grad comm: 30361
*******************
Layer id: attention_row_layer
Total collectives issued for this layer: 2
*************************  Workload stats  ************************* attention_row_layer
id: attention_row_layer ,Total cycles spent on fwd pass compute: 376000
id: attention_row_layer ,Total cycles spent on weight grad compute: 376000
id: attention_row_layer ,Total cycles spent on input grad compute: 376000
id: attention_row_layer ,Total cycles spent idle waiting for fwd finish: 30361
id: attention_row_layer ,Total cycles spent idle waiting for weight grad finish: 0
id: attention_row_layer ,Total cycles spent idle waiting for input grad finish: 30361
id: attention_row_layer ,Total cycles spent on fwd pass comm: 30361
id: attention_row_layer ,Total cycles spent on weight grad comm: 0
id: attention_row_layer ,Total cycles spent on input grad comm: 30361
*******************
Layer id: mlp_column_layer
Total collectives issued for this layer: 2
*************************  Workload stats  ************************* mlp_column_layer
id: mlp_column_layer ,Total cycles spent on fwd pass compute: 923000
id: mlp_column_layer ,Total cycles spent on weight grad compute: 923000
id: mlp_column_layer ,Total cycles spent on input grad compute: 923000
id: mlp_column_layer ,Total cycles spent idle waiting for fwd finish: 30361
id: mlp_column_layer ,Total cycles spent idle waiting for weight grad finish: 0
id: mlp_column_layer ,Total cycles spent idle waiting for input grad finish: 30361
id: mlp_column_layer ,Total cycles spent on fwd pass comm: 30361
id: mlp_column_layer ,Total cycles spent on weight grad comm: 0
id: mlp_column_layer ,Total cycles spent on input grad comm: 30361
*******************
Layer id: mlp_row_layer
Total collectives issued for this layer: 2
*************************  Workload stats  ************************* mlp_row_layer
id: mlp_row_layer ,Total cycles spent on fwd pass compute: 1125000
id: mlp_row_layer ,Total cycles spent on weight grad compute: 1125000
id: mlp_row_layer ,Total cycles spent on input grad compute: 1125000
id: mlp_row_layer ,Total cycles spent idle waiting for fwd finish: 30361
id: mlp_row_layer ,Total cycles spent idle waiting for weight grad finish: 0
id: mlp_row_layer ,Total cycles spent idle waiting for input grad finish: 30361
id: mlp_row_layer ,Total cycles spent on fwd pass comm: 30361
id: mlp_row_layer ,Total cycles spent on weight grad comm: 0
id: mlp_row_layer ,Total cycles spent on input grad comm: 30361
*******************
Layer id: attention_column_layer
Total collectives issued for this layer: 2
*************************  Workload stats  ************************* attention_column_layer
id: attention_column_layer ,Total cycles spent on fwd pass compute: 375000
id: attention_column_layer ,Total cycles spent on weight grad compute: 375000
id: attention_column_layer ,Total cycles spent on input grad compute: 375000
id: attention_column_layer ,Total cycles spent idle waiting for fwd finish: 30361
id: attention_column_layer ,Total cycles spent idle waiting for weight grad finish: 0
id: attention_column_layer ,Total cycles spent idle waiting for input grad finish: 30361
id: attention_column_layer ,Total cycles spent on fwd pass comm: 30361
id: attention_column_layer ,Total cycles spent on weight grad comm: 0
id: attention_column_layer ,Total cycles spent on input grad comm: 30361
*******************
Layer id: attention_row_layer
Total collectives issued for this layer: 2
*************************  Workload stats  ************************* attention_row_layer
id: attention_row_layer ,Total cycles spent on fwd pass compute: 376000
id: attention_row_layer ,Total cycles spent on weight grad compute: 376000
id: attention_row_layer ,Total cycles spent on input grad compute: 376000
id: attention_row_layer ,Total cycles spent idle waiting for fwd finish: 30361
id: attention_row_layer ,Total cycles spent idle waiting for weight grad finish: 0
id: attention_row_layer ,Total cycles spent idle waiting for input grad finish: 30361
id: attention_row_layer ,Total cycles spent on fwd pass comm: 30361
id: attention_row_layer ,Total cycles spent on weight grad comm: 0
id: attention_row_layer ,Total cycles spent on input grad comm: 30361
*******************
Layer id: mlp_column_layer
Total collectives issued for this layer: 2
*************************  Workload stats  ************************* mlp_column_layer
id: mlp_column_layer ,Total cycles spent on fwd pass compute: 923000
id: mlp_column_layer ,Total cycles spent on weight grad compute: 923000
id: mlp_column_layer ,Total cycles spent on input grad compute: 923000
id: mlp_column_layer ,Total cycles spent idle waiting for fwd finish: 30361
id: mlp_column_layer ,Total cycles spent idle waiting for weight grad finish: 0
id: mlp_column_layer ,Total cycles spent idle waiting for input grad finish: 30361
id: mlp_column_layer ,Total cycles spent on fwd pass comm: 30361
id: mlp_column_layer ,Total cycles spent on weight grad comm: 0
id: mlp_column_layer ,Total cycles spent on input grad comm: 30361
*******************
Layer id: mlp_row_layer
Total collectives issued for this layer: 2
*************************  Workload stats  ************************* mlp_row_layer
id: mlp_row_layer ,Total cycles spent on fwd pass compute: 1125000
id: mlp_row_layer ,Total cycles spent on weight grad compute: 1125000
id: mlp_row_layer ,Total cycles spent on input grad compute: 1125000
id: mlp_row_layer ,Total cycles spent idle waiting for fwd finish: 30361
id: mlp_row_layer ,Total cycles spent idle waiting for weight grad finish: 0
id: mlp_row_layer ,Total cycles spent idle waiting for input grad finish: 30361
id: mlp_row_layer ,Total cycles spent on fwd pass comm: 30361
id: mlp_row_layer ,Total cycles spent on weight grad comm: 0
id: mlp_row_layer ,Total cycles spent on input grad comm: 30361
*******************
Layer id: attention_column_layer
Total collectives issued for this layer: 2
*************************  Workload stats  ************************* attention_column_layer
id: attention_column_layer ,Total cycles spent on fwd pass compute: 375000
id: attention_column_layer ,Total cycles spent on weight grad compute: 375000
id: attention_column_layer ,Total cycles spent on input grad compute: 375000
id: attention_column_layer ,Total cycles spent idle waiting for fwd finish: 30361
id: attention_column_layer ,Total cycles spent idle waiting for weight grad finish: 0
id: attention_column_layer ,Total cycles spent idle waiting for input grad finish: 30361
id: attention_column_layer ,Total cycles spent on fwd pass comm: 30361
id: attention_column_layer ,Total cycles spent on weight grad comm: 0
id: attention_column_layer ,Total cycles spent on input grad comm: 30361
*******************
Layer id: attention_row_layer
Total collectives issued for this layer: 2
*************************  Workload stats  ************************* attention_row_layer
id: attention_row_layer ,Total cycles spent on fwd pass compute: 376000
id: attention_row_layer ,Total cycles spent on weight grad compute: 376000
id: attention_row_layer ,Total cycles spent on input grad compute: 376000
id: attention_row_layer ,Total cycles spent idle waiting for fwd finish: 30361
id: attention_row_layer ,Total cycles spent idle waiting for weight grad finish: 0
id: attention_row_layer ,Total cycles spent idle waiting for input grad finish: 30361
id: attention_row_layer ,Total cycles spent on fwd pass comm: 30361
id: attention_row_layer ,Total cycles spent on weight grad comm: 0
id: attention_row_layer ,Total cycles spent on input grad comm: 30361
*******************
Layer id: mlp_column_layer
Total collectives issued for this layer: 2
*************************  Workload stats  ************************* mlp_column_layer
id: mlp_column_layer ,Total cycles spent on fwd pass compute: 923000
id: mlp_column_layer ,Total cycles spent on weight grad compute: 923000
id: mlp_column_layer ,Total cycles spent on input grad compute: 923000
id: mlp_column_layer ,Total cycles spent idle waiting for fwd finish: 30361
id: mlp_column_layer ,Total cycles spent idle waiting for weight grad finish: 0
id: mlp_column_layer ,Total cycles spent idle waiting for input grad finish: 30361
id: mlp_column_layer ,Total cycles spent on fwd pass comm: 30361
id: mlp_column_layer ,Total cycles spent on weight grad comm: 0
id: mlp_column_layer ,Total cycles spent on input grad comm: 30361
*******************
Layer id: mlp_row_layer
Total collectives issued for this layer: 2
*************************  Workload stats  ************************* mlp_row_layer
id: mlp_row_layer ,Total cycles spent on fwd pass compute: 1125000
id: mlp_row_layer ,Total cycles spent on weight grad compute: 1125000
id: mlp_row_layer ,Total cycles spent on input grad compute: 1125000
id: mlp_row_layer ,Total cycles spent idle waiting for fwd finish: 30361
id: mlp_row_layer ,Total cycles spent idle waiting for weight grad finish: 0
id: mlp_row_layer ,Total cycles spent idle waiting for input grad finish: 30361
id: mlp_row_layer ,Total cycles spent on fwd pass comm: 30361
id: mlp_row_layer ,Total cycles spent on weight grad comm: 0
id: mlp_row_layer ,Total cycles spent on input grad comm: 30361
*******************
Layer id: attention_column_layer
Total collectives issued for this layer: 2
*************************  Workload stats  ************************* attention_column_layer
id: attention_column_layer ,Total cycles spent on fwd pass compute: 375000
id: attention_column_layer ,Total cycles spent on weight grad compute: 375000
id: attention_column_layer ,Total cycles spent on input grad compute: 375000
id: attention_column_layer ,Total cycles spent idle waiting for fwd finish: 30361
id: attention_column_layer ,Total cycles spent idle waiting for weight grad finish: 0
id: attention_column_layer ,Total cycles spent idle waiting for input grad finish: 30361
id: attention_column_layer ,Total cycles spent on fwd pass comm: 30361
id: attention_column_layer ,Total cycles spent on weight grad comm: 0
id: attention_column_layer ,Total cycles spent on input grad comm: 30361
*******************
Layer id: attention_row_layer
Total collectives issued for this layer: 2
*************************  Workload stats  ************************* attention_row_layer
id: attention_row_layer ,Total cycles spent on fwd pass compute: 376000
id: attention_row_layer ,Total cycles spent on weight grad compute: 376000
id: attention_row_layer ,Total cycles spent on input grad compute: 376000
id: attention_row_layer ,Total cycles spent idle waiting for fwd finish: 30361
id: attention_row_layer ,Total cycles spent idle waiting for weight grad finish: 0
id: attention_row_layer ,Total cycles spent idle waiting for input grad finish: 30361
id: attention_row_layer ,Total cycles spent on fwd pass comm: 30361
id: attention_row_layer ,Total cycles spent on weight grad comm: 0
id: attention_row_layer ,Total cycles spent on input grad comm: 30361
*******************
Layer id: mlp_column_layer
Total collectives issued for this layer: 2
*************************  Workload stats  ************************* mlp_column_layer
id: mlp_column_layer ,Total cycles spent on fwd pass compute: 923000
id: mlp_column_layer ,Total cycles spent on weight grad compute: 923000
id: mlp_column_layer ,Total cycles spent on input grad compute: 923000
id: mlp_column_layer ,Total cycles spent idle waiting for fwd finish: 30361
id: mlp_column_layer ,Total cycles spent idle waiting for weight grad finish: 0
id: mlp_column_layer ,Total cycles spent idle waiting for input grad finish: 30361
id: mlp_column_layer ,Total cycles spent on fwd pass comm: 30361
id: mlp_column_layer ,Total cycles spent on weight grad comm: 0
id: mlp_column_layer ,Total cycles spent on input grad comm: 30361
*******************
Layer id: mlp_row_layer
Total collectives issued for this layer: 2
*************************  Workload stats  ************************* mlp_row_layer
id: mlp_row_layer ,Total cycles spent on fwd pass compute: 1125000
id: mlp_row_layer ,Total cycles spent on weight grad compute: 1125000
id: mlp_row_layer ,Total cycles spent on input grad compute: 1125000
id: mlp_row_layer ,Total cycles spent idle waiting for fwd finish: 30361
id: mlp_row_layer ,Total cycles spent idle waiting for weight grad finish: 0
id: mlp_row_layer ,Total cycles spent idle waiting for input grad finish: 30361
id: mlp_row_layer ,Total cycles spent on fwd pass comm: 30361
id: mlp_row_layer ,Total cycles spent on weight grad comm: 0
id: mlp_row_layer ,Total cycles spent on input grad comm: 30361
*******************
Layer id: attention_column_layer
Total collectives issued for this layer: 2
*************************  Workload stats  ************************* attention_column_layer
id: attention_column_layer ,Total cycles spent on fwd pass compute: 375000
id: attention_column_layer ,Total cycles spent on weight grad compute: 375000
id: attention_column_layer ,Total cycles spent on input grad compute: 375000
id: attention_column_layer ,Total cycles spent idle waiting for fwd finish: 30361
id: attention_column_layer ,Total cycles spent idle waiting for weight grad finish: 0
id: attention_column_layer ,Total cycles spent idle waiting for input grad finish: 30361
id: attention_column_layer ,Total cycles spent on fwd pass comm: 30361
id: attention_column_layer ,Total cycles spent on weight grad comm: 0
id: attention_column_layer ,Total cycles spent on input grad comm: 30361
*******************
Layer id: attention_row_layer
Total collectives issued for this layer: 2
*************************  Workload stats  ************************* attention_row_layer
id: attention_row_layer ,Total cycles spent on fwd pass compute: 376000
id: attention_row_layer ,Total cycles spent on weight grad compute: 376000
id: attention_row_layer ,Total cycles spent on input grad compute: 376000
id: attention_row_layer ,Total cycles spent idle waiting for fwd finish: 30361
id: attention_row_layer ,Total cycles spent idle waiting for weight grad finish: 0
id: attention_row_layer ,Total cycles spent idle waiting for input grad finish: 30361
id: attention_row_layer ,Total cycles spent on fwd pass comm: 30361
id: attention_row_layer ,Total cycles spent on weight grad comm: 0
id: attention_row_layer ,Total cycles spent on input grad comm: 30361
*******************
Layer id: mlp_column_layer
Total collectives issued for this layer: 2
*************************  Workload stats  ************************* mlp_column_layer
id: mlp_column_layer ,Total cycles spent on fwd pass compute: 923000
id: mlp_column_layer ,Total cycles spent on weight grad compute: 923000
id: mlp_column_layer ,Total cycles spent on input grad compute: 923000
id: mlp_column_layer ,Total cycles spent idle waiting for fwd finish: 30361
id: mlp_column_layer ,Total cycles spent idle waiting for weight grad finish: 0
id: mlp_column_layer ,Total cycles spent idle waiting for input grad finish: 30361
id: mlp_column_layer ,Total cycles spent on fwd pass comm: 30361
id: mlp_column_layer ,Total cycles spent on weight grad comm: 0
id: mlp_column_layer ,Total cycles spent on input grad comm: 30361
*******************
Layer id: mlp_row_layer
Total collectives issued for this layer: 2
*************************  Workload stats  ************************* mlp_row_layer
id: mlp_row_layer ,Total cycles spent on fwd pass compute: 1125000
id: mlp_row_layer ,Total cycles spent on weight grad compute: 1125000
id: mlp_row_layer ,Total cycles spent on input grad compute: 1125000
id: mlp_row_layer ,Total cycles spent idle waiting for fwd finish: 30361
id: mlp_row_layer ,Total cycles spent idle waiting for weight grad finish: 0
id: mlp_row_layer ,Total cycles spent idle waiting for input grad finish: 30361
id: mlp_row_layer ,Total cycles spent on fwd pass comm: 30361
id: mlp_row_layer ,Total cycles spent on weight grad comm: 0
id: mlp_row_layer ,Total cycles spent on input grad comm: 30361
*******************
Layer id: attention_column_layer
Total collectives issued for this layer: 2
*************************  Workload stats  ************************* attention_column_layer
id: attention_column_layer ,Total cycles spent on fwd pass compute: 375000
id: attention_column_layer ,Total cycles spent on weight grad compute: 375000
id: attention_column_layer ,Total cycles spent on input grad compute: 375000
id: attention_column_layer ,Total cycles spent idle waiting for fwd finish: 30361
id: attention_column_layer ,Total cycles spent idle waiting for weight grad finish: 0
id: attention_column_layer ,Total cycles spent idle waiting for input grad finish: 30361
id: attention_column_layer ,Total cycles spent on fwd pass comm: 30361
id: attention_column_layer ,Total cycles spent on weight grad comm: 0
id: attention_column_layer ,Total cycles spent on input grad comm: 30361
*******************
Layer id: attention_row_layer
Total collectives issued for this layer: 2
*************************  Workload stats  ************************* attention_row_layer
id: attention_row_layer ,Total cycles spent on fwd pass compute: 376000
id: attention_row_layer ,Total cycles spent on weight grad compute: 376000
id: attention_row_layer ,Total cycles spent on input grad compute: 376000
id: attention_row_layer ,Total cycles spent idle waiting for fwd finish: 30361
id: attention_row_layer ,Total cycles spent idle waiting for weight grad finish: 0
id: attention_row_layer ,Total cycles spent idle waiting for input grad finish: 30361
id: attention_row_layer ,Total cycles spent on fwd pass comm: 30361
id: attention_row_layer ,Total cycles spent on weight grad comm: 0
id: attention_row_layer ,Total cycles spent on input grad comm: 30361
*******************
Layer id: mlp_column_layer
Total collectives issued for this layer: 2
*************************  Workload stats  ************************* mlp_column_layer
id: mlp_column_layer ,Total cycles spent on fwd pass compute: 923000
id: mlp_column_layer ,Total cycles spent on weight grad compute: 923000
id: mlp_column_layer ,Total cycles spent on input grad compute: 923000
id: mlp_column_layer ,Total cycles spent idle waiting for fwd finish: 30361
id: mlp_column_layer ,Total cycles spent idle waiting for weight grad finish: 0
id: mlp_column_layer ,Total cycles spent idle waiting for input grad finish: 30361
id: mlp_column_layer ,Total cycles spent on fwd pass comm: 30361
id: mlp_column_layer ,Total cycles spent on weight grad comm: 0
id: mlp_column_layer ,Total cycles spent on input grad comm: 30361
*******************
Layer id: mlp_row_layer
Total collectives issued for this layer: 2
*************************  Workload stats  ************************* mlp_row_layer
id: mlp_row_layer ,Total cycles spent on fwd pass compute: 1125000
id: mlp_row_layer ,Total cycles spent on weight grad compute: 1125000
id: mlp_row_layer ,Total cycles spent on input grad compute: 1125000
id: mlp_row_layer ,Total cycles spent idle waiting for fwd finish: 30361
id: mlp_row_layer ,Total cycles spent idle waiting for weight grad finish: 0
id: mlp_row_layer ,Total cycles spent idle waiting for input grad finish: 30361
id: mlp_row_layer ,Total cycles spent on fwd pass comm: 30361
id: mlp_row_layer ,Total cycles spent on weight grad comm: 0
id: mlp_row_layer ,Total cycles spent on input grad comm: 30361
*******************
Layer id: attention_column_layer
Total collectives issued for this layer: 2
*************************  Workload stats  ************************* attention_column_layer
id: attention_column_layer ,Total cycles spent on fwd pass compute: 375000
id: attention_column_layer ,Total cycles spent on weight grad compute: 375000
id: attention_column_layer ,Total cycles spent on input grad compute: 375000
id: attention_column_layer ,Total cycles spent idle waiting for fwd finish: 30361
id: attention_column_layer ,Total cycles spent idle waiting for weight grad finish: 0
id: attention_column_layer ,Total cycles spent idle waiting for input grad finish: 30361
id: attention_column_layer ,Total cycles spent on fwd pass comm: 30361
id: attention_column_layer ,Total cycles spent on weight grad comm: 0
id: attention_column_layer ,Total cycles spent on input grad comm: 30361
*******************
Layer id: attention_row_layer
Total collectives issued for this layer: 2
*************************  Workload stats  ************************* attention_row_layer
id: attention_row_layer ,Total cycles spent on fwd pass compute: 376000
id: attention_row_layer ,Total cycles spent on weight grad compute: 376000
id: attention_row_layer ,Total cycles spent on input grad compute: 376000
id: attention_row_layer ,Total cycles spent idle waiting for fwd finish: 30361
id: attention_row_layer ,Total cycles spent idle waiting for weight grad finish: 0
id: attention_row_layer ,Total cycles spent idle waiting for input grad finish: 30361
id: attention_row_layer ,Total cycles spent on fwd pass comm: 30361
id: attention_row_layer ,Total cycles spent on weight grad comm: 0
id: attention_row_layer ,Total cycles spent on input grad comm: 30361
*******************
Layer id: mlp_column_layer
Total collectives issued for this layer: 2
*************************  Workload stats  ************************* mlp_column_layer
id: mlp_column_layer ,Total cycles spent on fwd pass compute: 923000
id: mlp_column_layer ,Total cycles spent on weight grad compute: 923000
id: mlp_column_layer ,Total cycles spent on input grad compute: 923000
id: mlp_column_layer ,Total cycles spent idle waiting for fwd finish: 30361
id: mlp_column_layer ,Total cycles spent idle waiting for weight grad finish: 0
id: mlp_column_layer ,Total cycles spent idle waiting for input grad finish: 30361
id: mlp_column_layer ,Total cycles spent on fwd pass comm: 30361
id: mlp_column_layer ,Total cycles spent on weight grad comm: 0
id: mlp_column_layer ,Total cycles spent on input grad comm: 30361
*******************
Layer id: mlp_row_layer
Total collectives issued for this layer: 2
*************************  Workload stats  ************************* mlp_row_layer
id: mlp_row_layer ,Total cycles spent on fwd pass compute: 1125000
id: mlp_row_layer ,Total cycles spent on weight grad compute: 1125000
id: mlp_row_layer ,Total cycles spent on input grad compute: 1125000
id: mlp_row_layer ,Total cycles spent idle waiting for fwd finish: 30361
id: mlp_row_layer ,Total cycles spent idle waiting for weight grad finish: 0
id: mlp_row_layer ,Total cycles spent idle waiting for input grad finish: 30361
id: mlp_row_layer ,Total cycles spent on fwd pass comm: 30361
id: mlp_row_layer ,Total cycles spent on weight grad comm: 0
id: mlp_row_layer ,Total cycles spent on input grad comm: 30361
*******************
Layer id: attention_column_layer
Total collectives issued for this layer: 2
*************************  Workload stats  ************************* attention_column_layer
id: attention_column_layer ,Total cycles spent on fwd pass compute: 375000
id: attention_column_layer ,Total cycles spent on weight grad compute: 375000
id: attention_column_layer ,Total cycles spent on input grad compute: 375000
id: attention_column_layer ,Total cycles spent idle waiting for fwd finish: 30361
id: attention_column_layer ,Total cycles spent idle waiting for weight grad finish: 0
id: attention_column_layer ,Total cycles spent idle waiting for input grad finish: 30361
id: attention_column_layer ,Total cycles spent on fwd pass comm: 30361
id: attention_column_layer ,Total cycles spent on weight grad comm: 0
id: attention_column_layer ,Total cycles spent on input grad comm: 30361
*******************
Layer id: attention_row_layer
Total collectives issued for this layer: 2
*************************  Workload stats  ************************* attention_row_layer
id: attention_row_layer ,Total cycles spent on fwd pass compute: 376000
id: attention_row_layer ,Total cycles spent on weight grad compute: 376000
id: attention_row_layer ,Total cycles spent on input grad compute: 376000
id: attention_row_layer ,Total cycles spent idle waiting for fwd finish: 30361
id: attention_row_layer ,Total cycles spent idle waiting for weight grad finish: 0
id: attention_row_layer ,Total cycles spent idle waiting for input grad finish: 30361
id: attention_row_layer ,Total cycles spent on fwd pass comm: 30361
id: attention_row_layer ,Total cycles spent on weight grad comm: 0
id: attention_row_layer ,Total cycles spent on input grad comm: 30361
*******************
Layer id: mlp_column_layer
Total collectives issued for this layer: 2
*************************  Workload stats  ************************* mlp_column_layer
id: mlp_column_layer ,Total cycles spent on fwd pass compute: 923000
id: mlp_column_layer ,Total cycles spent on weight grad compute: 923000
id: mlp_column_layer ,Total cycles spent on input grad compute: 923000
id: mlp_column_layer ,Total cycles spent idle waiting for fwd finish: 30361
id: mlp_column_layer ,Total cycles spent idle waiting for weight grad finish: 0
id: mlp_column_layer ,Total cycles spent idle waiting for input grad finish: 30361
id: mlp_column_layer ,Total cycles spent on fwd pass comm: 30361
id: mlp_column_layer ,Total cycles spent on weight grad comm: 0
id: mlp_column_layer ,Total cycles spent on input grad comm: 30361
*******************
Layer id: mlp_row_layer
Total collectives issued for this layer: 2
*************************  Workload stats  ************************* mlp_row_layer
id: mlp_row_layer ,Total cycles spent on fwd pass compute: 1125000
id: mlp_row_layer ,Total cycles spent on weight grad compute: 1125000
id: mlp_row_layer ,Total cycles spent on input grad compute: 1125000
id: mlp_row_layer ,Total cycles spent idle waiting for fwd finish: 30361
id: mlp_row_layer ,Total cycles spent idle waiting for weight grad finish: 0
id: mlp_row_layer ,Total cycles spent idle waiting for input grad finish: 30361
id: mlp_row_layer ,Total cycles spent on fwd pass comm: 30361
id: mlp_row_layer ,Total cycles spent on weight grad comm: 0
id: mlp_row_layer ,Total cycles spent on input grad comm: 30361
*******************
Layer id: attention_column_layer
Total collectives issued for this layer: 2
*************************  Workload stats  ************************* attention_column_layer
id: attention_column_layer ,Total cycles spent on fwd pass compute: 375000
id: attention_column_layer ,Total cycles spent on weight grad compute: 375000
id: attention_column_layer ,Total cycles spent on input grad compute: 375000
id: attention_column_layer ,Total cycles spent idle waiting for fwd finish: 30361
id: attention_column_layer ,Total cycles spent idle waiting for weight grad finish: 0
id: attention_column_layer ,Total cycles spent idle waiting for input grad finish: 30361
id: attention_column_layer ,Total cycles spent on fwd pass comm: 30361
id: attention_column_layer ,Total cycles spent on weight grad comm: 0
id: attention_column_layer ,Total cycles spent on input grad comm: 30361
*******************
Layer id: attention_row_layer
Total collectives issued for this layer: 2
*************************  Workload stats  ************************* attention_row_layer
id: attention_row_layer ,Total cycles spent on fwd pass compute: 376000
id: attention_row_layer ,Total cycles spent on weight grad compute: 376000
id: attention_row_layer ,Total cycles spent on input grad compute: 376000
id: attention_row_layer ,Total cycles spent idle waiting for fwd finish: 30361
id: attention_row_layer ,Total cycles spent idle waiting for weight grad finish: 0
id: attention_row_layer ,Total cycles spent idle waiting for input grad finish: 30361
id: attention_row_layer ,Total cycles spent on fwd pass comm: 30361
id: attention_row_layer ,Total cycles spent on weight grad comm: 0
id: attention_row_layer ,Total cycles spent on input grad comm: 30361
*******************
Layer id: mlp_column_layer
Total collectives issued for this layer: 2
*************************  Workload stats  ************************* mlp_column_layer
id: mlp_column_layer ,Total cycles spent on fwd pass compute: 923000
id: mlp_column_layer ,Total cycles spent on weight grad compute: 923000
id: mlp_column_layer ,Total cycles spent on input grad compute: 923000
id: mlp_column_layer ,Total cycles spent idle waiting for fwd finish: 30361
id: mlp_column_layer ,Total cycles spent idle waiting for weight grad finish: 0
id: mlp_column_layer ,Total cycles spent idle waiting for input grad finish: 30361
id: mlp_column_layer ,Total cycles spent on fwd pass comm: 30361
id: mlp_column_layer ,Total cycles spent on weight grad comm: 0
id: mlp_column_layer ,Total cycles spent on input grad comm: 30361
*******************
Layer id: mlp_row_layer
Total collectives issued for this layer: 2
*************************  Workload stats  ************************* mlp_row_layer
id: mlp_row_layer ,Total cycles spent on fwd pass compute: 1125000
id: mlp_row_layer ,Total cycles spent on weight grad compute: 1125000
id: mlp_row_layer ,Total cycles spent on input grad compute: 1125000
id: mlp_row_layer ,Total cycles spent idle waiting for fwd finish: 30361
id: mlp_row_layer ,Total cycles spent idle waiting for weight grad finish: 0
id: mlp_row_layer ,Total cycles spent idle waiting for input grad finish: 30361
id: mlp_row_layer ,Total cycles spent on fwd pass comm: 30361
id: mlp_row_layer ,Total cycles spent on weight grad comm: 0
id: mlp_row_layer ,Total cycles spent on input grad comm: 30361
*******************
Layer id: attention_column_layer
Total collectives issued for this layer: 2
*************************  Workload stats  ************************* attention_column_layer
id: attention_column_layer ,Total cycles spent on fwd pass compute: 375000
id: attention_column_layer ,Total cycles spent on weight grad compute: 375000
id: attention_column_layer ,Total cycles spent on input grad compute: 375000
id: attention_column_layer ,Total cycles spent idle waiting for fwd finish: 30361
id: attention_column_layer ,Total cycles spent idle waiting for weight grad finish: 0
id: attention_column_layer ,Total cycles spent idle waiting for input grad finish: 30361
id: attention_column_layer ,Total cycles spent on fwd pass comm: 30361
id: attention_column_layer ,Total cycles spent on weight grad comm: 0
id: attention_column_layer ,Total cycles spent on input grad comm: 30361
*******************
Layer id: attention_row_layer
Total collectives issued for this layer: 2
*************************  Workload stats  ************************* attention_row_layer
id: attention_row_layer ,Total cycles spent on fwd pass compute: 376000
id: attention_row_layer ,Total cycles spent on weight grad compute: 376000
id: attention_row_layer ,Total cycles spent on input grad compute: 376000
id: attention_row_layer ,Total cycles spent idle waiting for fwd finish: 30361
id: attention_row_layer ,Total cycles spent idle waiting for weight grad finish: 0
id: attention_row_layer ,Total cycles spent idle waiting for input grad finish: 30361
id: attention_row_layer ,Total cycles spent on fwd pass comm: 30361
id: attention_row_layer ,Total cycles spent on weight grad comm: 0
id: attention_row_layer ,Total cycles spent on input grad comm: 30361
*******************
Layer id: mlp_column_layer
Total collectives issued for this layer: 2
*************************  Workload stats  ************************* mlp_column_layer
id: mlp_column_layer ,Total cycles spent on fwd pass compute: 923000
id: mlp_column_layer ,Total cycles spent on weight grad compute: 923000
id: mlp_column_layer ,Total cycles spent on input grad compute: 923000
id: mlp_column_layer ,Total cycles spent idle waiting for fwd finish: 30361
id: mlp_column_layer ,Total cycles spent idle waiting for weight grad finish: 0
id: mlp_column_layer ,Total cycles spent idle waiting for input grad finish: 30361
id: mlp_column_layer ,Total cycles spent on fwd pass comm: 30361
id: mlp_column_layer ,Total cycles spent on weight grad comm: 0
id: mlp_column_layer ,Total cycles spent on input grad comm: 30361
*******************
Layer id: mlp_row_layer
Total collectives issued for this layer: 2
*************************  Workload stats  ************************* mlp_row_layer
id: mlp_row_layer ,Total cycles spent on fwd pass compute: 1125000
id: mlp_row_layer ,Total cycles spent on weight grad compute: 1125000
id: mlp_row_layer ,Total cycles spent on input grad compute: 1125000
id: mlp_row_layer ,Total cycles spent idle waiting for fwd finish: 30361
id: mlp_row_layer ,Total cycles spent idle waiting for weight grad finish: 0
id: mlp_row_layer ,Total cycles spent idle waiting for input grad finish: 30361
id: mlp_row_layer ,Total cycles spent on fwd pass comm: 30361
id: mlp_row_layer ,Total cycles spent on weight grad comm: 0
id: mlp_row_layer ,Total cycles spent on input grad comm: 30361
*******************
Layer id: attention_column_layer
Total collectives issued for this layer: 2
*************************  Workload stats  ************************* attention_column_layer
id: attention_column_layer ,Total cycles spent on fwd pass compute: 375000
id: attention_column_layer ,Total cycles spent on weight grad compute: 375000
id: attention_column_layer ,Total cycles spent on input grad compute: 375000
id: attention_column_layer ,Total cycles spent idle waiting for fwd finish: 30361
id: attention_column_layer ,Total cycles spent idle waiting for weight grad finish: 0
id: attention_column_layer ,Total cycles spent idle waiting for input grad finish: 30361
id: attention_column_layer ,Total cycles spent on fwd pass comm: 30361
id: attention_column_layer ,Total cycles spent on weight grad comm: 0
id: attention_column_layer ,Total cycles spent on input grad comm: 30361
*******************
Layer id: attention_row_layer
Total collectives issued for this layer: 2
*************************  Workload stats  ************************* attention_row_layer
id: attention_row_layer ,Total cycles spent on fwd pass compute: 376000
id: attention_row_layer ,Total cycles spent on weight grad compute: 376000
id: attention_row_layer ,Total cycles spent on input grad compute: 376000
id: attention_row_layer ,Total cycles spent idle waiting for fwd finish: 30361
id: attention_row_layer ,Total cycles spent idle waiting for weight grad finish: 0
id: attention_row_layer ,Total cycles spent idle waiting for input grad finish: 30361
id: attention_row_layer ,Total cycles spent on fwd pass comm: 30361
id: attention_row_layer ,Total cycles spent on weight grad comm: 0
id: attention_row_layer ,Total cycles spent on input grad comm: 30361
*******************
Layer id: mlp_column_layer
Total collectives issued for this layer: 2
*************************  Workload stats  ************************* mlp_column_layer
id: mlp_column_layer ,Total cycles spent on fwd pass compute: 923000
id: mlp_column_layer ,Total cycles spent on weight grad compute: 923000
id: mlp_column_layer ,Total cycles spent on input grad compute: 923000
id: mlp_column_layer ,Total cycles spent idle waiting for fwd finish: 30361
id: mlp_column_layer ,Total cycles spent idle waiting for weight grad finish: 0
id: mlp_column_layer ,Total cycles spent idle waiting for input grad finish: 30361
id: mlp_column_layer ,Total cycles spent on fwd pass comm: 30361
id: mlp_column_layer ,Total cycles spent on weight grad comm: 0
id: mlp_column_layer ,Total cycles spent on input grad comm: 30361
*******************
Layer id: mlp_row_layer
Total collectives issued for this layer: 2
*************************  Workload stats  ************************* mlp_row_layer
id: mlp_row_layer ,Total cycles spent on fwd pass compute: 1125000
id: mlp_row_layer ,Total cycles spent on weight grad compute: 1125000
id: mlp_row_layer ,Total cycles spent on input grad compute: 1125000
id: mlp_row_layer ,Total cycles spent idle waiting for fwd finish: 30361
id: mlp_row_layer ,Total cycles spent idle waiting for weight grad finish: 0
id: mlp_row_layer ,Total cycles spent idle waiting for input grad finish: 30361
id: mlp_row_layer ,Total cycles spent on fwd pass comm: 30361
id: mlp_row_layer ,Total cycles spent on weight grad comm: 0
id: mlp_row_layer ,Total cycles spent on input grad comm: 30361
*******************
Layer id: attention_column_layer
Total collectives issued for this layer: 2
*************************  Workload stats  ************************* attention_column_layer
id: attention_column_layer ,Total cycles spent on fwd pass compute: 375000
id: attention_column_layer ,Total cycles spent on weight grad compute: 375000
id: attention_column_layer ,Total cycles spent on input grad compute: 375000
id: attention_column_layer ,Total cycles spent idle waiting for fwd finish: 30361
id: attention_column_layer ,Total cycles spent idle waiting for weight grad finish: 0
id: attention_column_layer ,Total cycles spent idle waiting for input grad finish: 30361
id: attention_column_layer ,Total cycles spent on fwd pass comm: 30361
id: attention_column_layer ,Total cycles spent on weight grad comm: 0
id: attention_column_layer ,Total cycles spent on input grad comm: 30361
*******************
Layer id: attention_row_layer
Total collectives issued for this layer: 2
*************************  Workload stats  ************************* attention_row_layer
id: attention_row_layer ,Total cycles spent on fwd pass compute: 376000
id: attention_row_layer ,Total cycles spent on weight grad compute: 376000
id: attention_row_layer ,Total cycles spent on input grad compute: 376000
id: attention_row_layer ,Total cycles spent idle waiting for fwd finish: 30361
id: attention_row_layer ,Total cycles spent idle waiting for weight grad finish: 0
id: attention_row_layer ,Total cycles spent idle waiting for input grad finish: 30361
id: attention_row_layer ,Total cycles spent on fwd pass comm: 30361
id: attention_row_layer ,Total cycles spent on weight grad comm: 0
id: attention_row_layer ,Total cycles spent on input grad comm: 30361
*******************
Layer id: mlp_column_layer
Total collectives issued for this layer: 2
*************************  Workload stats  ************************* mlp_column_layer
id: mlp_column_layer ,Total cycles spent on fwd pass compute: 923000
id: mlp_column_layer ,Total cycles spent on weight grad compute: 923000
id: mlp_column_layer ,Total cycles spent on input grad compute: 923000
id: mlp_column_layer ,Total cycles spent idle waiting for fwd finish: 30361
id: mlp_column_layer ,Total cycles spent idle waiting for weight grad finish: 0
id: mlp_column_layer ,Total cycles spent idle waiting for input grad finish: 30361
id: mlp_column_layer ,Total cycles spent on fwd pass comm: 30361
id: mlp_column_layer ,Total cycles spent on weight grad comm: 0
id: mlp_column_layer ,Total cycles spent on input grad comm: 30361
*******************
Layer id: mlp_row_layer
Total collectives issued for this layer: 2
*************************  Workload stats  ************************* mlp_row_layer
id: mlp_row_layer ,Total cycles spent on fwd pass compute: 1125000
id: mlp_row_layer ,Total cycles spent on weight grad compute: 1125000
id: mlp_row_layer ,Total cycles spent on input grad compute: 1125000
id: mlp_row_layer ,Total cycles spent idle waiting for fwd finish: 30361
id: mlp_row_layer ,Total cycles spent idle waiting for weight grad finish: 0
id: mlp_row_layer ,Total cycles spent idle waiting for input grad finish: 30361
id: mlp_row_layer ,Total cycles spent on fwd pass comm: 30361
id: mlp_row_layer ,Total cycles spent on weight grad comm: 0
id: mlp_row_layer ,Total cycles spent on input grad comm: 30361
*******************
Layer id: attention_column_layer
Total collectives issued for this layer: 2
*************************  Workload stats  ************************* attention_column_layer
id: attention_column_layer ,Total cycles spent on fwd pass compute: 375000
id: attention_column_layer ,Total cycles spent on weight grad compute: 375000
id: attention_column_layer ,Total cycles spent on input grad compute: 375000
id: attention_column_layer ,Total cycles spent idle waiting for fwd finish: 30361
id: attention_column_layer ,Total cycles spent idle waiting for weight grad finish: 0
id: attention_column_layer ,Total cycles spent idle waiting for input grad finish: 30361
id: attention_column_layer ,Total cycles spent on fwd pass comm: 30361
id: attention_column_layer ,Total cycles spent on weight grad comm: 0
id: attention_column_layer ,Total cycles spent on input grad comm: 30361
*******************
Layer id: attention_row_layer
Total collectives issued for this layer: 2
*************************  Workload stats  ************************* attention_row_layer
id: attention_row_layer ,Total cycles spent on fwd pass compute: 376000
id: attention_row_layer ,Total cycles spent on weight grad compute: 376000
id: attention_row_layer ,Total cycles spent on input grad compute: 376000
id: attention_row_layer ,Total cycles spent idle waiting for fwd finish: 30361
id: attention_row_layer ,Total cycles spent idle waiting for weight grad finish: 0
id: attention_row_layer ,Total cycles spent idle waiting for input grad finish: 30361
id: attention_row_layer ,Total cycles spent on fwd pass comm: 30361
id: attention_row_layer ,Total cycles spent on weight grad comm: 0
id: attention_row_layer ,Total cycles spent on input grad comm: 30361
*******************
Layer id: mlp_column_layer
Total collectives issued for this layer: 2
*************************  Workload stats  ************************* mlp_column_layer
id: mlp_column_layer ,Total cycles spent on fwd pass compute: 923000
id: mlp_column_layer ,Total cycles spent on weight grad compute: 923000
id: mlp_column_layer ,Total cycles spent on input grad compute: 923000
id: mlp_column_layer ,Total cycles spent idle waiting for fwd finish: 30361
id: mlp_column_layer ,Total cycles spent idle waiting for weight grad finish: 0
id: mlp_column_layer ,Total cycles spent idle waiting for input grad finish: 30361
id: mlp_column_layer ,Total cycles spent on fwd pass comm: 30361
id: mlp_column_layer ,Total cycles spent on weight grad comm: 0
id: mlp_column_layer ,Total cycles spent on input grad comm: 30361
*******************
Layer id: mlp_row_layer
Total collectives issued for this layer: 2
*************************  Workload stats  ************************* mlp_row_layer
id: mlp_row_layer ,Total cycles spent on fwd pass compute: 1125000
id: mlp_row_layer ,Total cycles spent on weight grad compute: 1125000
id: mlp_row_layer ,Total cycles spent on input grad compute: 1125000
id: mlp_row_layer ,Total cycles spent idle waiting for fwd finish: 30361
id: mlp_row_layer ,Total cycles spent idle waiting for weight grad finish: 0
id: mlp_row_layer ,Total cycles spent idle waiting for input grad finish: 30361
id: mlp_row_layer ,Total cycles spent on fwd pass comm: 30361
id: mlp_row_layer ,Total cycles spent on weight grad comm: 0
id: mlp_row_layer ,Total cycles spent on input grad comm: 30361
*******************
Layer id: embedding_norm
Total collectives issued for this layer: 1
*************************  Workload stats  ************************* embedding_norm
id: embedding_norm ,Total cycles spent on fwd pass compute: 1
id: embedding_norm ,Total cycles spent on weight grad compute: 1
id: embedding_norm ,Total cycles spent on input grad compute: 1
id: embedding_norm ,Total cycles spent idle waiting for fwd finish: 912585
id: embedding_norm ,Total cycles spent idle waiting for weight grad finish: 0
id: embedding_norm ,Total cycles spent idle waiting for input grad finish: 0
id: embedding_norm ,Total cycles spent on fwd pass comm: 912585
id: embedding_norm ,Total cycles spent on weight grad comm: 0
id: embedding_norm ,Total cycles spent on input grad comm: 0
*******************
Layer id: cross_entropy1
Total collectives issued for this layer: 1
*************************  Workload stats  ************************* cross_entropy1
id: cross_entropy1 ,Total cycles spent on fwd pass compute: 1
id: cross_entropy1 ,Total cycles spent on weight grad compute: 1
id: cross_entropy1 ,Total cycles spent on input grad compute: 1
id: cross_entropy1 ,Total cycles spent idle waiting for fwd finish: 2345
id: cross_entropy1 ,Total cycles spent idle waiting for weight grad finish: 0
id: cross_entropy1 ,Total cycles spent idle waiting for input grad finish: 0
id: cross_entropy1 ,Total cycles spent on fwd pass comm: 2345
id: cross_entropy1 ,Total cycles spent on weight grad comm: 0
id: cross_entropy1 ,Total cycles spent on input grad comm: 0
*******************
Layer id: cross_entropy2
Total collectives issued for this layer: 1
*************************  Workload stats  ************************* cross_entropy2
id: cross_entropy2 ,Total cycles spent on fwd pass compute: 1
id: cross_entropy2 ,Total cycles spent on weight grad compute: 1
id: cross_entropy2 ,Total cycles spent on input grad compute: 1
id: cross_entropy2 ,Total cycles spent idle waiting for fwd finish: 2345
id: cross_entropy2 ,Total cycles spent idle waiting for weight grad finish: 0
id: cross_entropy2 ,Total cycles spent idle waiting for input grad finish: 0
id: cross_entropy2 ,Total cycles spent on fwd pass comm: 2345
id: cross_entropy2 ,Total cycles spent on weight grad comm: 0
id: cross_entropy2 ,Total cycles spent on input grad comm: 0
*******************
Layer id: cross_entropy3
Total collectives issued for this layer: 1
*************************  Workload stats  ************************* cross_entropy3
id: cross_entropy3 ,Total cycles spent on fwd pass compute: 1
id: cross_entropy3 ,Total cycles spent on weight grad compute: 1
id: cross_entropy3 ,Total cycles spent on input grad compute: 1
id: cross_entropy3 ,Total cycles spent idle waiting for fwd finish: 2345
id: cross_entropy3 ,Total cycles spent idle waiting for weight grad finish: 0
id: cross_entropy3 ,Total cycles spent idle waiting for input grad finish: 0
id: cross_entropy3 ,Total cycles spent on fwd pass comm: 2345
id: cross_entropy3 ,Total cycles spent on weight grad comm: 0
id: cross_entropy3 ,Total cycles spent on input grad comm: 0
*******************
Layer id: optimizer1
Total collectives issued for this layer: 1
*************************  Workload stats  ************************* optimizer1
id: optimizer1 ,Total cycles spent on fwd pass compute: 1
id: optimizer1 ,Total cycles spent on weight grad compute: 1
id: optimizer1 ,Total cycles spent on input grad compute: 1
id: optimizer1 ,Total cycles spent idle waiting for fwd finish: 2330
id: optimizer1 ,Total cycles spent idle waiting for weight grad finish: 0
id: optimizer1 ,Total cycles spent idle waiting for input grad finish: 0
id: optimizer1 ,Total cycles spent on fwd pass comm: 2330
id: optimizer1 ,Total cycles spent on weight grad comm: 0
id: optimizer1 ,Total cycles spent on input grad comm: 0
*******************
Layer id: optimizer2
Total collectives issued for this layer: 1
*************************  Workload stats  ************************* optimizer2
id: optimizer2 ,Total cycles spent on fwd pass compute: 1
id: optimizer2 ,Total cycles spent on weight grad compute: 1
id: optimizer2 ,Total cycles spent on input grad compute: 1
id: optimizer2 ,Total cycles spent idle waiting for fwd finish: 2330
id: optimizer2 ,Total cycles spent idle waiting for weight grad finish: 0
id: optimizer2 ,Total cycles spent idle waiting for input grad finish: 0
id: optimizer2 ,Total cycles spent on fwd pass comm: 2330
id: optimizer2 ,Total cycles spent on weight grad comm: 0
id: optimizer2 ,Total cycles spent on input grad comm: 0
*******************
Layer id: optimizer3
Total collectives issued for this layer: 1
*************************  Workload stats  ************************* optimizer3
id: optimizer3 ,Total cycles spent on fwd pass compute: 1
id: optimizer3 ,Total cycles spent on weight grad compute: 1
id: optimizer3 ,Total cycles spent on input grad compute: 1
id: optimizer3 ,Total cycles spent idle waiting for fwd finish: 2330
id: optimizer3 ,Total cycles spent idle waiting for weight grad finish: 0
id: optimizer3 ,Total cycles spent idle waiting for input grad finish: 0
id: optimizer3 ,Total cycles spent on fwd pass comm: 2330
id: optimizer3 ,Total cycles spent on weight grad comm: 0
id: optimizer3 ,Total cycles spent on input grad comm: 0
*******************
Layer id: optimizer4
Total collectives issued for this layer: 1
*************************  Workload stats  ************************* optimizer4
id: optimizer4 ,Total cycles spent on fwd pass compute: 1
id: optimizer4 ,Total cycles spent on weight grad compute: 1
id: optimizer4 ,Total cycles spent on input grad compute: 1
id: optimizer4 ,Total cycles spent idle waiting for fwd finish: 2330
id: optimizer4 ,Total cycles spent idle waiting for weight grad finish: 0
id: optimizer4 ,Total cycles spent idle waiting for input grad finish: 0
id: optimizer4 ,Total cycles spent on fwd pass comm: 2330
id: optimizer4 ,Total cycles spent on weight grad comm: 0
id: optimizer4 ,Total cycles spent on input grad comm: 0
*************************
all passes finished at time: 658913066, id of first layer: norm
path to create csvs is: ./ncclFlowModel_
success in openning file
*****
Time to exit: Thu Aug 14 23:33:03 2025
all-reduce Collective implementation: NcclFlowModel
reduce-scatter Collective implementation: NcclFlowModel
all-gather Collective implementation: NcclFlowModel
all-to-all Collective implementation: NcclFlowModel
Collective optimization: baseline
Total sim duration: 0:37 hours
Total streams injected: 333
Total streams finished: 333
Percentage of finished streams: 100 %
*****
sim_finish on sent,  Thread id: 140736075699776
All data sent from node 0 is 14993756160
sim_finish on received,  Thread id: 140736075699776
All data received by node 0 is 14993756160
sim_finish on sent,  Thread id: 140736075699776
All data sent from node 1 is 14993756160
sim_finish on received,  Thread id: 140736075699776
All data received by node 1 is 14993756160
sim_finish on sent,  Thread id: 140736075699776
All data sent from node 2 is 14993756160
sim_finish on received,  Thread id: 140736075699776
All data received by node 2 is 14993756160
sim_finish on sent,  Thread id: 140736075699776
All data sent from node 3 is 14993756160
sim_finish on received,  Thread id: 140736075699776
All data received by node 3 is 14993756160
sim_finish on sent,  Thread id: 140736075699776
All data sent from node 4 is 14993756160
sim_finish on received,  Thread id: 140736075699776
All data received by node 4 is 14993756160
sim_finish on sent,  Thread id: 140736075699776
All data sent from node 5 is 14993756160
sim_finish on received,  Thread id: 140736075699776
All data received by node 5 is 14993756160
sim_finish on sent,  Thread id: 140736075699776
All data sent from node 6 is 14993756160
sim_finish on received,  Thread id: 140736075699776
All data received by node 6 is 14993756160
sim_finish on sent,  Thread id: 140736075699776
All data sent from node 7 is 14993756160
sim_finish on received,  Thread id: 140736075699776
All data received by node 7 is 14993756160
sim_finish on sent,  Thread id: 140736075699776
All data sent from node 8 is 14993756160
sim_finish on received,  Thread id: 140736075699776
All data received by node 8 is 14993756160
sim_finish on sent,  Thread id: 140736075699776
All data sent from node 9 is 14993756160
sim_finish on received,  Thread id: 140736075699776
All data received by node 9 is 14993756160
sim_finish on sent,  Thread id: 140736075699776
All data sent from node 10 is 14993756160
sim_finish on received,  Thread id: 140736075699776
All data received by node 10 is 14993756160
sim_finish on sent,  Thread id: 140736075699776
All data sent from node 11 is 14993756160
sim_finish on received,  Thread id: 140736075699776
All data received by node 11 is 14993756160
sim_finish on sent,  Thread id: 140736075699776
All data sent from node 12 is 14993756160
sim_finish on received,  Thread id: 140736075699776
All data received by node 12 is 14993756160
sim_finish on sent,  Thread id: 140736075699776
All data sent from node 13 is 14993756160
sim_finish on received,  Thread id: 140736075699776
All data received by node 13 is 14993756160
sim_finish on sent,  Thread id: 140736075699776
All data sent from node 14 is 14993756160
sim_finish on received,  Thread id: 140736075699776
All data received by node 14 is 14993756160
sim_finish on sent,  Thread id: 140736075699776
All data sent from node 15 is 14993756160
sim_finish on received,  Thread id: 140736075699776
All data received by node 15 is 14993756160
sim_finish on sent,  Thread id: 140736075699776
All data sent from node 16 is 14993756160
sim_finish on received,  Thread id: 140736075699776
All data received by node 16 is 14993756160
sim_finish on sent,  Thread id: 140736075699776
All data sent from node 17 is 14993756160
sim_finish on received,  Thread id: 140736075699776
All data received by node 17 is 14993756160
sim_finish on sent,  Thread id: 140736075699776
All data sent from node 18 is 14993756160
sim_finish on received,  Thread id: 140736075699776
All data received by node 18 is 14993756160
sim_finish on sent,  Thread id: 140736075699776
All data sent from node 19 is 14993756160
sim_finish on received,  Thread id: 140736075699776
All data received by node 19 is 14993756160
sim_finish on sent,  Thread id: 140736075699776
All data sent from node 20 is 14993756160
sim_finish on received,  Thread id: 140736075699776
All data received by node 20 is 14993756160
sim_finish on sent,  Thread id: 140736075699776
All data sent from node 21 is 14993756160
sim_finish on received,  Thread id: 140736075699776
All data received by node 21 is 14993756160
sim_finish on sent,  Thread id: 140736075699776
All data sent from node 22 is 14993756160
sim_finish on received,  Thread id: 140736075699776
All data received by node 22 is 14993756160
sim_finish on sent,  Thread id: 140736075699776
All data sent from node 23 is 14993756160
sim_finish on received,  Thread id: 140736075699776
All data received by node 23 is 14993756160
sim_finish on sent,  Thread id: 140736075699776
All data sent from node 24 is 14993756160
sim_finish on received,  Thread id: 140736075699776
All data received by node 24 is 14993756160
sim_finish on sent,  Thread id: 140736075699776
All data sent from node 25 is 14993756160
sim_finish on received,  Thread id: 140736075699776
All data received by node 25 is 14993756160
sim_finish on sent,  Thread id: 140736075699776
All data sent from node 26 is 14993756160
sim_finish on received,  Thread id: 140736075699776
All data received by node 26 is 14993756160
sim_finish on sent,  Thread id: 140736075699776
All data sent from node 27 is 14993756160
sim_finish on received,  Thread id: 140736075699776
All data received by node 27 is 14993756160
sim_finish on sent,  Thread id: 140736075699776
All data sent from node 28 is 14993756160
sim_finish on received,  Thread id: 140736075699776
All data received by node 28 is 14993756160
sim_finish on sent,  Thread id: 140736075699776
All data sent from node 29 is 14993756160
sim_finish on received,  Thread id: 140736075699776
All data received by node 29 is 14993756160
sim_finish on sent,  Thread id: 140736075699776
All data sent from node 30 is 14993756160
sim_finish on received,  Thread id: 140736075699776
All data received by node 30 is 14993756160
sim_finish on sent,  Thread id: 140736075699776
All data sent from node 31 is 14993756160
sim_finish on received,  Thread id: 140736075699776
All data received by node 31 is 14993756160
sim_finish on sent,  Thread id: 140736075699776
All data sent from node 32 is 14993756160
sim_finish on received,  Thread id: 140736075699776
All data received by node 32 is 14993756160
sim_finish on sent,  Thread id: 140736075699776
All data sent from node 33 is 14993756160
sim_finish on received,  Thread id: 140736075699776
All data received by node 33 is 14993756160
sim_finish on sent,  Thread id: 140736075699776
All data sent from node 34 is 14993756160
sim_finish on received,  Thread id: 140736075699776
All data received by node 34 is 14993756160
sim_finish on sent,  Thread id: 140736075699776
All data sent from node 35 is 14993756160
sim_finish on received,  Thread id: 140736075699776
All data received by node 35 is 14993756160
sim_finish on sent,  Thread id: 140736075699776
All data sent from node 36 is 14993756160
sim_finish on received,  Thread id: 140736075699776
All data received by node 36 is 14993756160
sim_finish on sent,  Thread id: 140736075699776
All data sent from node 37 is 14993756160
sim_finish on received,  Thread id: 140736075699776
All data received by node 37 is 14993756160
sim_finish on sent,  Thread id: 140736075699776
All data sent from node 38 is 14993756160
sim_finish on received,  Thread id: 140736075699776
All data received by node 38 is 14993756160
sim_finish on sent,  Thread id: 140736075699776
All data sent from node 39 is 14993756160
sim_finish on received,  Thread id: 140736075699776
All data received by node 39 is 14993756160
sim_finish on sent,  Thread id: 140736075699776
All data sent from node 40 is 14993756160
sim_finish on received,  Thread id: 140736075699776
All data received by node 40 is 14993756160
sim_finish on sent,  Thread id: 140736075699776
All data sent from node 41 is 14993756160
sim_finish on received,  Thread id: 140736075699776
All data received by node 41 is 14993756160
sim_finish on sent,  Thread id: 140736075699776
All data sent from node 42 is 14993756160
sim_finish on received,  Thread id: 140736075699776
All data received by node 42 is 14993756160
sim_finish on sent,  Thread id: 140736075699776
All data sent from node 43 is 14993756160
sim_finish on received,  Thread id: 140736075699776
All data received by node 43 is 14993756160
sim_finish on sent,  Thread id: 140736075699776
All data sent from node 44 is 14993756160
sim_finish on received,  Thread id: 140736075699776
All data received by node 44 is 14993756160
sim_finish on sent,  Thread id: 140736075699776
All data sent from node 45 is 14993756160
sim_finish on received,  Thread id: 140736075699776
All data received by node 45 is 14993756160
sim_finish on sent,  Thread id: 140736075699776
All data sent from node 46 is 14993756160
sim_finish on received,  Thread id: 140736075699776
All data received by node 46 is 14993756160
sim_finish on sent,  Thread id: 140736075699776
All data sent from node 47 is 14993756160
sim_finish on received,  Thread id: 140736075699776
All data received by node 47 is 14993756160
sim_finish on sent,  Thread id: 140736075699776
All data sent from node 48 is 14993756160
sim_finish on received,  Thread id: 140736075699776
All data received by node 48 is 14993756160
sim_finish on sent,  Thread id: 140736075699776
All data sent from node 49 is 14993756160
sim_finish on received,  Thread id: 140736075699776
All data received by node 49 is 14993756160
sim_finish on sent,  Thread id: 140736075699776
All data sent from node 50 is 14993756160
sim_finish on received,  Thread id: 140736075699776
All data received by node 50 is 14993756160
sim_finish on sent,  Thread id: 140736075699776
All data sent from node 51 is 14993756160
sim_finish on received,  Thread id: 140736075699776
All data received by node 51 is 14993756160
sim_finish on sent,  Thread id: 140736075699776
All data sent from node 52 is 14993756160
sim_finish on received,  Thread id: 140736075699776
All data received by node 52 is 14993756160
sim_finish on sent,  Thread id: 140736075699776
All data sent from node 53 is 14993756160
sim_finish on received,  Thread id: 140736075699776
All data received by node 53 is 14993756160
sim_finish on sent,  Thread id: 140736075699776
All data sent from node 54 is 14993756160
sim_finish on received,  Thread id: 140736075699776
All data received by node 54 is 14993756160
sim_finish on sent,  Thread id: 140736075699776
All data sent from node 55 is 14993756160
sim_finish on received,  Thread id: 140736075699776
All data received by node 55 is 14993756160
sim_finish on sent,  Thread id: 140736075699776
All data sent from node 56 is 14993756160
sim_finish on received,  Thread id: 140736075699776
All data received by node 56 is 14993756160
sim_finish on sent,  Thread id: 140736075699776
All data sent from node 57 is 14993756160
sim_finish on received,  Thread id: 140736075699776
All data received by node 57 is 14993756160
sim_finish on sent,  Thread id: 140736075699776
All data sent from node 58 is 14993756160
sim_finish on received,  Thread id: 140736075699776
All data received by node 58 is 14993756160
sim_finish on sent,  Thread id: 140736075699776
All data sent from node 59 is 14993756160
sim_finish on received,  Thread id: 140736075699776
All data received by node 59 is 14993756160
sim_finish on sent,  Thread id: 140736075699776
All data sent from node 60 is 14993756160
sim_finish on received,  Thread id: 140736075699776
All data received by node 60 is 14993756160
sim_finish on sent,  Thread id: 140736075699776
All data sent from node 61 is 14993756160
sim_finish on received,  Thread id: 140736075699776
All data received by node 61 is 14993756160
sim_finish on sent,  Thread id: 140736075699776
All data sent from node 62 is 14993756160
sim_finish on received,  Thread id: 140736075699776
All data received by node 62 is 14993756160
sim_finish on sent,  Thread id: 140736075699776
All data sent from node 63 is 14993756160
sim_finish on received,  Thread id: 140736075699776
All data received by node 63 is 14993756160
sim_finish on sent,  Thread id: 140736075699776
All data sent from node 64 is 14993756160
sim_finish on received,  Thread id: 140736075699776
All data received by node 64 is 14993756160
sim_finish on sent,  Thread id: 140736075699776
All data sent from node 65 is 14993756160
sim_finish on received,  Thread id: 140736075699776
All data received by node 65 is 14993756160
sim_finish on sent,  Thread id: 140736075699776
All data sent from node 66 is 14993756160
sim_finish on received,  Thread id: 140736075699776
All data received by node 66 is 14993756160
sim_finish on sent,  Thread id: 140736075699776
All data sent from node 67 is 14993756160
sim_finish on received,  Thread id: 140736075699776
All data received by node 67 is 14993756160
sim_finish on sent,  Thread id: 140736075699776
All data sent from node 68 is 14993756160
sim_finish on received,  Thread id: 140736075699776
All data received by node 68 is 14993756160
sim_finish on sent,  Thread id: 140736075699776
All data sent from node 69 is 14993756160
sim_finish on received,  Thread id: 140736075699776
All data received by node 69 is 14993756160
sim_finish on sent,  Thread id: 140736075699776
All data sent from node 70 is 14993756160
sim_finish on received,  Thread id: 140736075699776
All data received by node 70 is 14993756160
sim_finish on sent,  Thread id: 140736075699776
All data sent from node 71 is 14993756160
sim_finish on received,  Thread id: 140736075699776
All data received by node 71 is 14993756160
sim_finish on sent,  Thread id: 140736075699776
All data sent from node 72 is 14993756160
sim_finish on received,  Thread id: 140736075699776
All data received by node 72 is 14993756160
sim_finish on sent,  Thread id: 140736075699776
All data sent from node 73 is 14993756160
sim_finish on received,  Thread id: 140736075699776
All data received by node 73 is 14993756160
sim_finish on sent,  Thread id: 140736075699776
All data sent from node 74 is 14993756160
sim_finish on received,  Thread id: 140736075699776
All data received by node 74 is 14993756160
sim_finish on sent,  Thread id: 140736075699776
All data sent from node 75 is 14993756160
sim_finish on received,  Thread id: 140736075699776
All data received by node 75 is 14993756160
sim_finish on sent,  Thread id: 140736075699776
All data sent from node 76 is 14993756160
sim_finish on received,  Thread id: 140736075699776
All data received by node 76 is 14993756160
sim_finish on sent,  Thread id: 140736075699776
All data sent from node 77 is 14993756160
sim_finish on received,  Thread id: 140736075699776
All data received by node 77 is 14993756160
sim_finish on sent,  Thread id: 140736075699776
All data sent from node 78 is 14993756160
sim_finish on received,  Thread id: 140736075699776
All data received by node 78 is 14993756160
sim_finish on sent,  Thread id: 140736075699776
All data sent from node 79 is 14993756160
sim_finish on received,  Thread id: 140736075699776
All data received by node 79 is 14993756160
sim_finish on sent,  Thread id: 140736075699776
All data sent from node 80 is 14993756160
sim_finish on received,  Thread id: 140736075699776
All data received by node 80 is 14993756160
sim_finish on sent,  Thread id: 140736075699776
All data sent from node 81 is 14993756160
sim_finish on received,  Thread id: 140736075699776
All data received by node 81 is 14993756160
sim_finish on sent,  Thread id: 140736075699776
All data sent from node 82 is 14993756160
sim_finish on received,  Thread id: 140736075699776
All data received by node 82 is 14993756160
sim_finish on sent,  Thread id: 140736075699776
All data sent from node 83 is 14993756160
sim_finish on received,  Thread id: 140736075699776
All data received by node 83 is 14993756160
sim_finish on sent,  Thread id: 140736075699776
All data sent from node 84 is 14993756160
sim_finish on received,  Thread id: 140736075699776
All data received by node 84 is 14993756160
sim_finish on sent,  Thread id: 140736075699776
All data sent from node 85 is 14993756160
sim_finish on received,  Thread id: 140736075699776
All data received by node 85 is 14993756160
sim_finish on sent,  Thread id: 140736075699776
All data sent from node 86 is 14993756160
sim_finish on received,  Thread id: 140736075699776
All data received by node 86 is 14993756160
sim_finish on sent,  Thread id: 140736075699776
All data sent from node 87 is 14993756160
sim_finish on received,  Thread id: 140736075699776
All data received by node 87 is 14993756160
sim_finish on sent,  Thread id: 140736075699776
All data sent from node 88 is 14993756160
sim_finish on received,  Thread id: 140736075699776
All data received by node 88 is 14993756160
sim_finish on sent,  Thread id: 140736075699776
All data sent from node 89 is 14993756160
sim_finish on received,  Thread id: 140736075699776
All data received by node 89 is 14993756160
sim_finish on sent,  Thread id: 140736075699776
All data sent from node 90 is 14993756160
sim_finish on received,  Thread id: 140736075699776
All data received by node 90 is 14993756160
sim_finish on sent,  Thread id: 140736075699776
All data sent from node 91 is 14993756160
sim_finish on received,  Thread id: 140736075699776
All data received by node 91 is 14993756160
sim_finish on sent,  Thread id: 140736075699776
All data sent from node 92 is 14993756160
sim_finish on received,  Thread id: 140736075699776
All data received by node 92 is 14993756160
sim_finish on sent,  Thread id: 140736075699776
All data sent from node 93 is 14993756160
sim_finish on received,  Thread id: 140736075699776
All data received by node 93 is 14993756160
sim_finish on sent,  Thread id: 140736075699776
All data sent from node 94 is 14993756160
sim_finish on received,  Thread id: 140736075699776
All data received by node 94 is 14993756160
sim_finish on sent,  Thread id: 140736075699776
All data sent from node 95 is 14993756160
sim_finish on received,  Thread id: 140736075699776
All data received by node 95 is 14993756160
sim_finish on sent,  Thread id: 140736075699776
All data sent from node 96 is 14993756160
sim_finish on received,  Thread id: 140736075699776
All data received by node 96 is 14993756160
sim_finish on sent,  Thread id: 140736075699776
All data sent from node 97 is 14993756160
sim_finish on received,  Thread id: 140736075699776
All data received by node 97 is 14993756160
sim_finish on sent,  Thread id: 140736075699776
All data sent from node 98 is 14993756160
sim_finish on received,  Thread id: 140736075699776
All data received by node 98 is 14993756160
sim_finish on sent,  Thread id: 140736075699776
All data sent from node 99 is 14993756160
sim_finish on received,  Thread id: 140736075699776
All data received by node 99 is 14993756160
sim_finish on sent,  Thread id: 140736075699776
All data sent from node 100 is 14993756160
sim_finish on received,  Thread id: 140736075699776
All data received by node 100 is 14993756160
sim_finish on sent,  Thread id: 140736075699776
All data sent from node 101 is 14993756160
sim_finish on received,  Thread id: 140736075699776
All data received by node 101 is 14993756160
sim_finish on sent,  Thread id: 140736075699776
All data sent from node 102 is 14993756160
sim_finish on received,  Thread id: 140736075699776
All data received by node 102 is 14993756160
sim_finish on sent,  Thread id: 140736075699776
All data sent from node 103 is 14993756160
sim_finish on received,  Thread id: 140736075699776
All data received by node 103 is 14993756160
sim_finish on sent,  Thread id: 140736075699776
All data sent from node 104 is 14993756160
sim_finish on received,  Thread id: 140736075699776
All data received by node 104 is 14993756160
sim_finish on sent,  Thread id: 140736075699776
All data sent from node 105 is 14993756160
sim_finish on received,  Thread id: 140736075699776
All data received by node 105 is 14993756160
sim_finish on sent,  Thread id: 140736075699776
All data sent from node 106 is 14993756160
sim_finish on received,  Thread id: 140736075699776
All data received by node 106 is 14993756160
sim_finish on sent,  Thread id: 140736075699776
All data sent from node 107 is 14993756160
sim_finish on received,  Thread id: 140736075699776
All data received by node 107 is 14993756160
sim_finish on sent,  Thread id: 140736075699776
All data sent from node 108 is 14993756160
sim_finish on received,  Thread id: 140736075699776
All data received by node 108 is 14993756160
sim_finish on sent,  Thread id: 140736075699776
All data sent from node 109 is 14993756160
sim_finish on received,  Thread id: 140736075699776
All data received by node 109 is 14993756160
sim_finish on sent,  Thread id: 140736075699776
All data sent from node 110 is 14993756160
sim_finish on received,  Thread id: 140736075699776
All data received by node 110 is 14993756160
sim_finish on sent,  Thread id: 140736075699776
All data sent from node 111 is 14993756160
sim_finish on received,  Thread id: 140736075699776
All data received by node 111 is 14993756160
sim_finish on sent,  Thread id: 140736075699776
All data sent from node 112 is 14993756160
sim_finish on received,  Thread id: 140736075699776
All data received by node 112 is 14993756160
sim_finish on sent,  Thread id: 140736075699776
All data sent from node 113 is 14993756160
sim_finish on received,  Thread id: 140736075699776
All data received by node 113 is 14993756160
sim_finish on sent,  Thread id: 140736075699776
All data sent from node 114 is 14993756160
sim_finish on received,  Thread id: 140736075699776
All data received by node 114 is 14993756160
sim_finish on sent,  Thread id: 140736075699776
All data sent from node 115 is 14993756160
sim_finish on received,  Thread id: 140736075699776
All data received by node 115 is 14993756160
sim_finish on sent,  Thread id: 140736075699776
All data sent from node 116 is 14993756160
sim_finish on received,  Thread id: 140736075699776
All data received by node 116 is 14993756160
sim_finish on sent,  Thread id: 140736075699776
All data sent from node 117 is 14993756160
sim_finish on received,  Thread id: 140736075699776
All data received by node 117 is 14993756160
sim_finish on sent,  Thread id: 140736075699776
All data sent from node 118 is 14993756160
sim_finish on received,  Thread id: 140736075699776
All data received by node 118 is 14993756160
sim_finish on sent,  Thread id: 140736075699776
All data sent from node 119 is 14993756160
sim_finish on received,  Thread id: 140736075699776
All data received by node 119 is 14993756160
sim_finish on sent,  Thread id: 140736075699776
All data sent from node 120 is 14993756160
sim_finish on received,  Thread id: 140736075699776
All data received by node 120 is 14993756160
sim_finish on sent,  Thread id: 140736075699776
All data sent from node 121 is 14993756160
sim_finish on received,  Thread id: 140736075699776
All data received by node 121 is 14993756160
sim_finish on sent,  Thread id: 140736075699776
All data sent from node 122 is 14993756160
sim_finish on received,  Thread id: 140736075699776
All data received by node 122 is 14993756160
sim_finish on sent,  Thread id: 140736075699776
All data sent from node 123 is 14993756160
sim_finish on received,  Thread id: 140736075699776
All data received by node 123 is 14993756160
sim_finish on sent,  Thread id: 140736075699776
All data sent from node 124 is 14993756160
sim_finish on received,  Thread id: 140736075699776
All data received by node 124 is 14993756160
sim_finish on sent,  Thread id: 140736075699776
All data sent from node 125 is 14993756160
sim_finish on received,  Thread id: 140736075699776
All data received by node 125 is 14993756160
sim_finish on sent,  Thread id: 140736075699776
All data sent from node 126 is 14993756160
sim_finish on received,  Thread id: 140736075699776
All data received by node 126 is 14993756160
sim_finish on sent,  Thread id: 140736075699776
All data sent from node 127 is 14993756160
sim_finish on received,  Thread id: 140736075699776
All data received by node 127 is 14993756160
[Thread 0x7fffa64be640 (LWP 232462) exited]
[Thread 0x7fffa6cbf640 (LWP 232461) exited]
[Thread 0x7fffa74c0640 (LWP 232460) exited]
[Thread 0x7fffa7cc1640 (LWP 232459) exited]
[Thread 0x7fffa84c2640 (LWP 232458) exited]
[Thread 0x7fffa8cc3640 (LWP 232457) exited]
[Thread 0x7fffa94c4640 (LWP 232456) exited]
[Thread 0x7fffa9cc5640 (LWP 232455) exited]
[Thread 0x7fffaa4c6640 (LWP 232454) exited]
[Thread 0x7fffaacc7640 (LWP 232453) exited]
[Thread 0x7fffab4c8640 (LWP 232452) exited]
[Thread 0x7fffabcc9640 (LWP 232451) exited]
[Thread 0x7fffac4ca640 (LWP 232450) exited]
[Thread 0x7fffacccb640 (LWP 232449) exited]
[Thread 0x7fffad4cc640 (LWP 232448) exited]
[Inferior 1 (process 232409) exited normally]
No stack.
