maxRtt=4140 maxBdp=828000
Running Simulation.
The final active chunks per dimension 1 after allocating to queues is: 1
ring of node 0, id: 0 dimension: local total nodes in ring: 36 index in ring: 0 offset: 1total nodes in ring: 36
ring of node 0, id: 0 dimension: local total nodes in ring: 36 index in ring: 0 offset: 1total nodes in ring: 36
ring of node 0, id: 0 dimension: local total nodes in ring: 36 index in ring: 0 offset: 1total nodes in ring: 36
ring of node 0, id: 0 dimension: local total nodes in ring: 36 index in ring: 0 offset: 1total nodes in ring: 36
total nodes: 36
Success in opening workload file
model_parallel_NPU_group is 2
checkpoints layers are: 
layers initiating fwd_in_bckwd are: 
ring of node 0, id: 0 dimension: local total nodes in ring: 2 index in ring: 0 offset: 1total nodes in ring: 2
ring of node 0, id: 0 dimension: local total nodes in ring: 18 index in ring: 0 offset: 2total nodes in ring: 18
ring of node 0, id: 0 dimension: local total nodes in ring: 2 index in ring: 0 offset: 1total nodes in ring: 2
ring of node 0, id: 0 dimension: local total nodes in ring: 18 index in ring: 0 offset: 2total nodes in ring: 18
ring of node 0, id: 0 dimension: local total nodes in ring: 2 index in ring: 0 offset: 1total nodes in ring: 2
ring of node 0, id: 0 dimension: local total nodes in ring: 18 index in ring: 0 offset: 2total nodes in ring: 18
ring of node 0, id: 0 dimension: local total nodes in ring: 2 index in ring: 0 offset: 1total nodes in ring: 2
ring of node 0, id: 0 dimension: local total nodes in ring: 18 index in ring: 0 offset: 2total nodes in ring: 18
pp_commize:0
id: grad_norm , depen: -1 , wg_comp_time: 1
id: embedding_layer , depen: -1 , wg_comp_time: 1
id: attention_column , depen: -1 , wg_comp_time: 1
id: attention_row , depen: -1 , wg_comp_time: 1
id: mlp_moelayer , depen: -1 , wg_comp_time: 1
id: mlp_moelayer , depen: -1 , wg_comp_time: 1
id: mlp_moelayer , depen: -1 , wg_comp_time: 1
id: mlp_moelayer , depen: -1 , wg_comp_time: 1
id: mlp_moelayer , depen: -1 , wg_comp_time: 1
id: mlp_moelayer , depen: -1 , wg_comp_time: 1
id: mlp_moelayer , depen: -1 , wg_comp_time: 1
id: attention_column , depen: -1 , wg_comp_time: 1
id: attention_row , depen: -1 , wg_comp_time: 1
id: mlp_moelayer , depen: -1 , wg_comp_time: 1
id: mlp_moelayer , depen: -1 , wg_comp_time: 1
id: mlp_moelayer , depen: -1 , wg_comp_time: 1
id: mlp_moelayer , depen: -1 , wg_comp_time: 1
id: mlp_moelayer , depen: -1 , wg_comp_time: 1
id: mlp_moelayer , depen: -1 , wg_comp_time: 1
id: mlp_moelayer , depen: -1 , wg_comp_time: 1
id: attention_column , depen: -1 , wg_comp_time: 1
id: attention_row , depen: -1 , wg_comp_time: 1
id: mlp_moelayer , depen: -1 , wg_comp_time: 1
id: mlp_moelayer , depen: -1 , wg_comp_time: 1
id: mlp_moelayer , depen: -1 , wg_comp_time: 1
id: mlp_moelayer , depen: -1 , wg_comp_time: 1
id: mlp_moelayer , depen: -1 , wg_comp_time: 1
id: mlp_moelayer , depen: -1 , wg_comp_time: 1
id: mlp_moelayer , depen: -1 , wg_comp_time: 1
id: attention_column , depen: -1 , wg_comp_time: 1
id: attention_row , depen: -1 , wg_comp_time: 1
id: mlp_moelayer , depen: -1 , wg_comp_time: 1
id: mlp_moelayer , depen: -1 , wg_comp_time: 1
id: mlp_moelayer , depen: -1 , wg_comp_time: 1
id: mlp_moelayer , depen: -1 , wg_comp_time: 1
id: mlp_moelayer , depen: -1 , wg_comp_time: 1
id: mlp_moelayer , depen: -1 , wg_comp_time: 1
id: mlp_moelayer , depen: -1 , wg_comp_time: 1
id: attention_column , depen: -1 , wg_comp_time: 1
id: attention_row , depen: -1 , wg_comp_time: 1
id: mlp_moelayer , depen: -1 , wg_comp_time: 1
id: mlp_moelayer , depen: -1 , wg_comp_time: 1
id: mlp_moelayer , depen: -1 , wg_comp_time: 1
id: mlp_moelayer , depen: -1 , wg_comp_time: 1
id: mlp_moelayer , depen: -1 , wg_comp_time: 1
id: mlp_moelayer , depen: -1 , wg_comp_time: 1
id: mlp_moelayer , depen: -1 , wg_comp_time: 1
id: attention_column , depen: -1 , wg_comp_time: 1
id: attention_row , depen: -1 , wg_comp_time: 1
id: mlp_moelayer , depen: -1 , wg_comp_time: 1
id: mlp_moelayer , depen: -1 , wg_comp_time: 1
id: mlp_moelayer , depen: -1 , wg_comp_time: 1
id: mlp_moelayer , depen: -1 , wg_comp_time: 1
id: mlp_moelayer , depen: -1 , wg_comp_time: 1
id: mlp_moelayer , depen: -1 , wg_comp_time: 1
id: mlp_moelayer , depen: -1 , wg_comp_time: 1
id: attention_column , depen: -1 , wg_comp_time: 1
id: attention_row , depen: -1 , wg_comp_time: 1
id: mlp_moelayer , depen: -1 , wg_comp_time: 1
id: mlp_moelayer , depen: -1 , wg_comp_time: 1
id: mlp_moelayer , depen: -1 , wg_comp_time: 1
id: mlp_moelayer , depen: -1 , wg_comp_time: 1
id: mlp_moelayer , depen: -1 , wg_comp_time: 1
id: mlp_moelayer , depen: -1 , wg_comp_time: 1
id: mlp_moelayer , depen: -1 , wg_comp_time: 1
id: attention_column , depen: -1 , wg_comp_time: 1
id: attention_row , depen: -1 , wg_comp_time: 1
id: mlp_moelayer , depen: -1 , wg_comp_time: 1
id: mlp_moelayer , depen: -1 , wg_comp_time: 1
id: mlp_moelayer , depen: -1 , wg_comp_time: 1
id: mlp_moelayer , depen: -1 , wg_comp_time: 1
id: mlp_moelayer , depen: -1 , wg_comp_time: 1
id: mlp_moelayer , depen: -1 , wg_comp_time: 1
id: mlp_moelayer , depen: -1 , wg_comp_time: 1
id: final_column , depen: -1 , wg_comp_time: 1
id: embedding_norm , depen: -1 , wg_comp_time: 1
id: embedding_layer , depen: -1 , wg_comp_time: 1
id: attention_column , depen: -1 , wg_comp_time: 1
id: attention_row , depen: -1 , wg_comp_time: 1
id: mlp_moelayer , depen: -1 , wg_comp_time: 1
id: mlp_moelayer , depen: -1 , wg_comp_time: 1
id: mlp_moelayer , depen: -1 , wg_comp_time: 1
id: mlp_moelayer , depen: -1 , wg_comp_time: 1
id: mlp_moelayer , depen: -1 , wg_comp_time: 1
id: mlp_moelayer , depen: -1 , wg_comp_time: 1
id: mlp_moelayer , depen: -1 , wg_comp_time: 1
id: attention_column , depen: -1 , wg_comp_time: 1
id: attention_row , depen: -1 , wg_comp_time: 1
id: mlp_moelayer , depen: -1 , wg_comp_time: 1
id: mlp_moelayer , depen: -1 , wg_comp_time: 1
id: mlp_moelayer , depen: -1 , wg_comp_time: 1
id: mlp_moelayer , depen: -1 , wg_comp_time: 1
id: mlp_moelayer , depen: -1 , wg_comp_time: 1
id: mlp_moelayer , depen: -1 , wg_comp_time: 1
id: mlp_moelayer , depen: -1 , wg_comp_time: 1
id: attention_column , depen: -1 , wg_comp_time: 1
id: attention_row , depen: -1 , wg_comp_time: 1
id: mlp_moelayer , depen: -1 , wg_comp_time: 1
id: mlp_moelayer , depen: -1 , wg_comp_time: 1
id: mlp_moelayer , depen: -1 , wg_comp_time: 1
id: mlp_moelayer , depen: -1 , wg_comp_time: 1
id: mlp_moelayer , depen: -1 , wg_comp_time: 1
id: mlp_moelayer , depen: -1 , wg_comp_time: 1
id: mlp_moelayer , depen: -1 , wg_comp_time: 1
id: attention_column , depen: -1 , wg_comp_time: 1
id: attention_row , depen: -1 , wg_comp_time: 1
id: mlp_moelayer , depen: -1 , wg_comp_time: 1
id: mlp_moelayer , depen: -1 , wg_comp_time: 1
id: mlp_moelayer , depen: -1 , wg_comp_time: 1
id: mlp_moelayer , depen: -1 , wg_comp_time: 1
id: mlp_moelayer , depen: -1 , wg_comp_time: 1
id: mlp_moelayer , depen: -1 , wg_comp_time: 1
id: mlp_moelayer , depen: -1 , wg_comp_time: 1
id: attention_column , depen: -1 , wg_comp_time: 1
id: attention_row , depen: -1 , wg_comp_time: 1
id: mlp_moelayer , depen: -1 , wg_comp_time: 1
id: mlp_moelayer , depen: -1 , wg_comp_time: 1
id: mlp_moelayer , depen: -1 , wg_comp_time: 1
id: mlp_moelayer , depen: -1 , wg_comp_time: 1
id: mlp_moelayer , depen: -1 , wg_comp_time: 1
id: mlp_moelayer , depen: -1 , wg_comp_time: 1
id: mlp_moelayer , depen: -1 , wg_comp_time: 1
id: attention_column , depen: -1 , wg_comp_time: 1
id: attention_row , depen: -1 , wg_comp_time: 1
id: mlp_moelayer , depen: -1 , wg_comp_time: 1
id: mlp_moelayer , depen: -1 , wg_comp_time: 1
id: mlp_moelayer , depen: -1 , wg_comp_time: 1
id: mlp_moelayer , depen: -1 , wg_comp_time: 1
id: mlp_moelayer , depen: -1 , wg_comp_time: 1
id: mlp_moelayer , depen: -1 , wg_comp_time: 1
id: mlp_moelayer , depen: -1 , wg_comp_time: 1
id: attention_column , depen: -1 , wg_comp_time: 1
id: attention_row , depen: -1 , wg_comp_time: 1
id: mlp_moelayer , depen: -1 , wg_comp_time: 1
id: mlp_moelayer , depen: -1 , wg_comp_time: 1
id: mlp_moelayer , depen: -1 , wg_comp_time: 1
id: mlp_moelayer , depen: -1 , wg_comp_time: 1
id: mlp_moelayer , depen: -1 , wg_comp_time: 1
id: mlp_moelayer , depen: -1 , wg_comp_time: 1
id: mlp_moelayer , depen: -1 , wg_comp_time: 1
id: attention_column , depen: -1 , wg_comp_time: 1
id: attention_row , depen: -1 , wg_comp_time: 1
id: mlp_moelayer , depen: -1 , wg_comp_time: 1
id: mlp_moelayer , depen: -1 , wg_comp_time: 1
id: mlp_moelayer , depen: -1 , wg_comp_time: 1
id: mlp_moelayer , depen: -1 , wg_comp_time: 1
id: mlp_moelayer , depen: -1 , wg_comp_time: 1
id: mlp_moelayer , depen: -1 , wg_comp_time: 1
id: mlp_moelayer , depen: -1 , wg_comp_time: 1
id: final_column , depen: -1 , wg_comp_time: 1
id: embedding_norm , depen: -1 , wg_comp_time: 1
id: embedding_layer , depen: -1 , wg_comp_time: 1
id: attention_column , depen: -1 , wg_comp_time: 1
id: attention_row , depen: -1 , wg_comp_time: 1
id: mlp_moelayer , depen: -1 , wg_comp_time: 1
id: mlp_moelayer , depen: -1 , wg_comp_time: 1
id: mlp_moelayer , depen: -1 , wg_comp_time: 1
id: mlp_moelayer , depen: -1 , wg_comp_time: 1
id: mlp_moelayer , depen: -1 , wg_comp_time: 1
id: mlp_moelayer , depen: -1 , wg_comp_time: 1
id: mlp_moelayer , depen: -1 , wg_comp_time: 1
id: attention_column , depen: -1 , wg_comp_time: 1
id: attention_row , depen: -1 , wg_comp_time: 1
id: mlp_moelayer , depen: -1 , wg_comp_time: 1
id: mlp_moelayer , depen: -1 , wg_comp_time: 1
id: mlp_moelayer , depen: -1 , wg_comp_time: 1
id: mlp_moelayer , depen: -1 , wg_comp_time: 1
id: mlp_moelayer , depen: -1 , wg_comp_time: 1
id: mlp_moelayer , depen: -1 , wg_comp_time: 1
id: mlp_moelayer , depen: -1 , wg_comp_time: 1
id: attention_column , depen: -1 , wg_comp_time: 1
id: attention_row , depen: -1 , wg_comp_time: 1
id: mlp_moelayer , depen: -1 , wg_comp_time: 1
id: mlp_moelayer , depen: -1 , wg_comp_time: 1
id: mlp_moelayer , depen: -1 , wg_comp_time: 1
id: mlp_moelayer , depen: -1 , wg_comp_time: 1
id: mlp_moelayer , depen: -1 , wg_comp_time: 1
id: mlp_moelayer , depen: -1 , wg_comp_time: 1
id: mlp_moelayer , depen: -1 , wg_comp_time: 1
id: attention_column , depen: -1 , wg_comp_time: 1
id: attention_row , depen: -1 , wg_comp_time: 1
id: mlp_moelayer , depen: -1 , wg_comp_time: 1
id: mlp_moelayer , depen: -1 , wg_comp_time: 1
id: mlp_moelayer , depen: -1 , wg_comp_time: 1
id: mlp_moelayer , depen: -1 , wg_comp_time: 1
id: mlp_moelayer , depen: -1 , wg_comp_time: 1
id: mlp_moelayer , depen: -1 , wg_comp_time: 1
id: mlp_moelayer , depen: -1 , wg_comp_time: 1
id: attention_column , depen: -1 , wg_comp_time: 1
id: attention_row , depen: -1 , wg_comp_time: 1
id: mlp_moelayer , depen: -1 , wg_comp_time: 1
id: mlp_moelayer , depen: -1 , wg_comp_time: 1
id: mlp_moelayer , depen: -1 , wg_comp_time: 1
id: mlp_moelayer , depen: -1 , wg_comp_time: 1
id: mlp_moelayer , depen: -1 , wg_comp_time: 1
id: mlp_moelayer , depen: -1 , wg_comp_time: 1
id: mlp_moelayer , depen: -1 , wg_comp_time: 1
id: attention_column , depen: -1 , wg_comp_time: 1
id: attention_row , depen: -1 , wg_comp_time: 1
id: mlp_moelayer , depen: -1 , wg_comp_time: 1
id: mlp_moelayer , depen: -1 , wg_comp_time: 1
id: mlp_moelayer , depen: -1 , wg_comp_time: 1
id: mlp_moelayer , depen: -1 , wg_comp_time: 1
id: mlp_moelayer , depen: -1 , wg_comp_time: 1
id: mlp_moelayer , depen: -1 , wg_comp_time: 1
id: mlp_moelayer , depen: -1 , wg_comp_time: 1
id: attention_column , depen: -1 , wg_comp_time: 1
id: attention_row , depen: -1 , wg_comp_time: 1
id: mlp_moelayer , depen: -1 , wg_comp_time: 1
id: mlp_moelayer , depen: -1 , wg_comp_time: 1
id: mlp_moelayer , depen: -1 , wg_comp_time: 1
id: mlp_moelayer , depen: -1 , wg_comp_time: 1
id: mlp_moelayer , depen: -1 , wg_comp_time: 1
id: mlp_moelayer , depen: -1 , wg_comp_time: 1
id: mlp_moelayer , depen: -1 , wg_comp_time: 1
id: attention_column , depen: -1 , wg_comp_time: 1
id: attention_row , depen: -1 , wg_comp_time: 1
id: mlp_moelayer , depen: -1 , wg_comp_time: 1
id: mlp_moelayer , depen: -1 , wg_comp_time: 1
id: mlp_moelayer , depen: -1 , wg_comp_time: 1
id: mlp_moelayer , depen: -1 , wg_comp_time: 1
id: mlp_moelayer , depen: -1 , wg_comp_time: 1
id: mlp_moelayer , depen: -1 , wg_comp_time: 1
id: mlp_moelayer , depen: -1 , wg_comp_time: 1
id: final_column , depen: -1 , wg_comp_time: 1
id: embedding_norm , depen: -1 , wg_comp_time: 1
id: embedding_layer , depen: -1 , wg_comp_time: 1
id: attention_column , depen: -1 , wg_comp_time: 1
id: attention_row , depen: -1 , wg_comp_time: 1
id: mlp_moelayer , depen: -1 , wg_comp_time: 1
id: mlp_moelayer , depen: -1 , wg_comp_time: 1
id: mlp_moelayer , depen: -1 , wg_comp_time: 1
id: mlp_moelayer , depen: -1 , wg_comp_time: 1
id: mlp_moelayer , depen: -1 , wg_comp_time: 1
id: mlp_moelayer , depen: -1 , wg_comp_time: 1
id: mlp_moelayer , depen: -1 , wg_comp_time: 1
id: attention_column , depen: -1 , wg_comp_time: 1
id: attention_row , depen: -1 , wg_comp_time: 1
id: mlp_moelayer , depen: -1 , wg_comp_time: 1
id: mlp_moelayer , depen: -1 , wg_comp_time: 1
id: mlp_moelayer , depen: -1 , wg_comp_time: 1
id: mlp_moelayer , depen: -1 , wg_comp_time: 1
id: mlp_moelayer , depen: -1 , wg_comp_time: 1
id: mlp_moelayer , depen: -1 , wg_comp_time: 1
id: mlp_moelayer , depen: -1 , wg_comp_time: 1
id: attention_column , depen: -1 , wg_comp_time: 1
id: attention_row , depen: -1 , wg_comp_time: 1
id: mlp_moelayer , depen: -1 , wg_comp_time: 1
id: mlp_moelayer , depen: -1 , wg_comp_time: 1
id: mlp_moelayer , depen: -1 , wg_comp_time: 1
id: mlp_moelayer , depen: -1 , wg_comp_time: 1
id: mlp_moelayer , depen: -1 , wg_comp_time: 1
id: mlp_moelayer , depen: -1 , wg_comp_time: 1
id: mlp_moelayer , depen: -1 , wg_comp_time: 1
id: attention_column , depen: -1 , wg_comp_time: 1
id: attention_row , depen: -1 , wg_comp_time: 1
id: mlp_moelayer , depen: -1 , wg_comp_time: 1
id: mlp_moelayer , depen: -1 , wg_comp_time: 1
id: mlp_moelayer , depen: -1 , wg_comp_time: 1
id: mlp_moelayer , depen: -1 , wg_comp_time: 1
id: mlp_moelayer , depen: -1 , wg_comp_time: 1
id: mlp_moelayer , depen: -1 , wg_comp_time: 1
id: mlp_moelayer , depen: -1 , wg_comp_time: 1
id: attention_column , depen: -1 , wg_comp_time: 1
id: attention_row , depen: -1 , wg_comp_time: 1
id: mlp_moelayer , depen: -1 , wg_comp_time: 1
id: mlp_moelayer , depen: -1 , wg_comp_time: 1
id: mlp_moelayer , depen: -1 , wg_comp_time: 1
id: mlp_moelayer , depen: -1 , wg_comp_time: 1
id: mlp_moelayer , depen: -1 , wg_comp_time: 1
id: mlp_moelayer , depen: -1 , wg_comp_time: 1
id: mlp_moelayer , depen: -1 , wg_comp_time: 1
id: attention_column , depen: -1 , wg_comp_time: 1
id: attention_row , depen: -1 , wg_comp_time: 1
id: mlp_moelayer , depen: -1 , wg_comp_time: 1
id: mlp_moelayer , depen: -1 , wg_comp_time: 1
id: mlp_moelayer , depen: -1 , wg_comp_time: 1
id: mlp_moelayer , depen: -1 , wg_comp_time: 1
id: mlp_moelayer , depen: -1 , wg_comp_time: 1
id: mlp_moelayer , depen: -1 , wg_comp_time: 1
id: mlp_moelayer , depen: -1 , wg_comp_time: 1
id: attention_column , depen: -1 , wg_comp_time: 1
id: attention_row , depen: -1 , wg_comp_time: 1
id: mlp_moelayer , depen: -1 , wg_comp_time: 1
id: mlp_moelayer , depen: -1 , wg_comp_time: 1
id: mlp_moelayer , depen: -1 , wg_comp_time: 1
id: mlp_moelayer , depen: -1 , wg_comp_time: 1
id: mlp_moelayer , depen: -1 , wg_comp_time: 1
id: mlp_moelayer , depen: -1 , wg_comp_time: 1
id: mlp_moelayer , depen: -1 , wg_comp_time: 1
id: attention_column , depen: -1 , wg_comp_time: 1
id: attention_row , depen: -1 , wg_comp_time: 1
id: mlp_moelayer , depen: -1 , wg_comp_time: 1
id: mlp_moelayer , depen: -1 , wg_comp_time: 1
id: mlp_moelayer , depen: -1 , wg_comp_time: 1
id: mlp_moelayer , depen: -1 , wg_comp_time: 1
id: mlp_moelayer , depen: -1 , wg_comp_time: 1
id: mlp_moelayer , depen: -1 , wg_comp_time: 1
id: mlp_moelayer , depen: -1 , wg_comp_time: 1
id: final_column , depen: -1 , wg_comp_time: 1
id: embedding_norm , depen: -1 , wg_comp_time: 1
id: cross_entropy1 , depen: -1 , wg_comp_time: 0
id: cross_entropy2 , depen: -1 , wg_comp_time: 0
id: cross_entropy3 , depen: -1 , wg_comp_time: 0
id: optimizer1 , depen: -1 , wg_comp_time: 0
id: optimizer2 , depen: -1 , wg_comp_time: 0
id: optimizer3 , depen: -1 , wg_comp_time: 0
id: optimizer4 , depen: -1 , wg_comp_time: 0
type: HYBRID_TRANSFORMER_FWD_IN_BCKWD ,num passes: 1 ,lines: 308 compute scale: 1 ,comm scale: 1
stat path: ./ncclFlowModel_ ,total rows: 1 ,stat row: 0
CSV path and filename: ./ncclFlowModel_detailed_36.csv
CSV path and filename: ./ncclFlowModel_EndToEnd.csv
simulator run 
chunk size is: 3039723520 , size is: 3039723520 , layer_num is: 0 , node: 0
info: all-gather forward pass collective issued for layer: grad_norm, involved dimensions:  1, 0, 0, 0, 0, 0, 0, 0, 0, 0,
***** info: fwd pass comm collective for layer: grad_norm is finished************
info: no forward pass collective for layer: embedding_layer
chunk size is: 41943040 , size is: 41943040 , layer_num is: 2 , node: 0
info: all-gather forward pass collective issued for layer: attention_column, involved dimensions:  1, 0, 0, 0, 0, 0, 0, 0, 0, 0,
***** info: fwd pass comm collective for layer: attention_column is finished************
chunk size is: 41943040 , size is: 41943040 , layer_num is: 3 , node: 0
info: reduce-scatter forward pass collective issued for layer: attention_row, involved dimensions:  1, 0, 0, 0, 0, 0, 0, 0, 0, 0,
***** info: fwd pass comm collective for layer: attention_row is finished************
chunk size is: 131072 , size is: 131072 , layer_num is: 4 , node: 0
info: all-gather forward pass collective issued for layer: mlp_moelayer, involved dimensions:  1, 0, 0, 0, 0, 0, 0, 0, 0, 0,
***** info: fwd pass comm collective for layer: mlp_moelayer is finished************
chunk size is: 20971520 , size is: 20971520 , layer_num is: 5 , node: 0
info: all-to-all forward pass collective issued for layer: mlp_moelayer, involved dimensions:  1, 0, 0, 0, 0, 0, 0, 0, 0, 0,
***** info: fwd pass comm collective for layer: mlp_moelayer is finished************
chunk size is: 83886080 , size is: 83886080 , layer_num is: 6 , node: 0
info: all-to-all forward pass collective issued for layer: mlp_moelayer, involved dimensions:  1, 0, 0, 0, 0, 0, 0, 0, 0, 0,
***** info: fwd pass comm collective for layer: mlp_moelayer is finished************
chunk size is: 83886080 , size is: 83886080 , layer_num is: 7 , node: 0
info: all-gather forward pass collective issued for layer: mlp_moelayer, involved dimensions:  1, 0, 0, 0, 0, 0, 0, 0, 0, 0,
***** info: fwd pass comm collective for layer: mlp_moelayer is finished************
chunk size is: 83886080 , size is: 83886080 , layer_num is: 8 , node: 0
info: reduce-scatter forward pass collective issued for layer: mlp_moelayer, involved dimensions:  1, 0, 0, 0, 0, 0, 0, 0, 0, 0,
***** info: fwd pass comm collective for layer: mlp_moelayer is finished************
chunk size is: 83886080 , size is: 83886080 , layer_num is: 9 , node: 0
info: all-to-all forward pass collective issued for layer: mlp_moelayer, involved dimensions:  1, 0, 0, 0, 0, 0, 0, 0, 0, 0,
***** info: fwd pass comm collective for layer: mlp_moelayer is finished************
chunk size is: 20971520 , size is: 20971520 , layer_num is: 10 , node: 0
info: all-to-all forward pass collective issued for layer: mlp_moelayer, involved dimensions:  1, 0, 0, 0, 0, 0, 0, 0, 0, 0,
***** info: fwd pass comm collective for layer: mlp_moelayer is finished************
chunk size is: 41943040 , size is: 41943040 , layer_num is: 11 , node: 0
info: all-gather forward pass collective issued for layer: attention_column, involved dimensions:  1, 0, 0, 0, 0, 0, 0, 0, 0, 0,
***** info: fwd pass comm collective for layer: attention_column is finished************
chunk size is: 41943040 , size is: 41943040 , layer_num is: 12 , node: 0
info: reduce-scatter forward pass collective issued for layer: attention_row, involved dimensions:  1, 0, 0, 0, 0, 0, 0, 0, 0, 0,
***** info: fwd pass comm collective for layer: attention_row is finished************
chunk size is: 131072 , size is: 131072 , layer_num is: 13 , node: 0
info: all-gather forward pass collective issued for layer: mlp_moelayer, involved dimensions:  1, 0, 0, 0, 0, 0, 0, 0, 0, 0,
***** info: fwd pass comm collective for layer: mlp_moelayer is finished************
chunk size is: 20971520 , size is: 20971520 , layer_num is: 14 , node: 0
info: all-to-all forward pass collective issued for layer: mlp_moelayer, involved dimensions:  1, 0, 0, 0, 0, 0, 0, 0, 0, 0,
***** info: fwd pass comm collective for layer: mlp_moelayer is finished************
chunk size is: 83886080 , size is: 83886080 , layer_num is: 15 , node: 0
info: all-to-all forward pass collective issued for layer: mlp_moelayer, involved dimensions:  1, 0, 0, 0, 0, 0, 0, 0, 0, 0,
***** info: fwd pass comm collective for layer: mlp_moelayer is finished************
chunk size is: 83886080 , size is: 83886080 , layer_num is: 16 , node: 0
info: all-gather forward pass collective issued for layer: mlp_moelayer, involved dimensions:  1, 0, 0, 0, 0, 0, 0, 0, 0, 0,
***** info: fwd pass comm collective for layer: mlp_moelayer is finished************
chunk size is: 83886080 , size is: 83886080 , layer_num is: 17 , node: 0
info: reduce-scatter forward pass collective issued for layer: mlp_moelayer, involved dimensions:  1, 0, 0, 0, 0, 0, 0, 0, 0, 0,
***** info: fwd pass comm collective for layer: mlp_moelayer is finished************
chunk size is: 83886080 , size is: 83886080 , layer_num is: 18 , node: 0
info: all-to-all forward pass collective issued for layer: mlp_moelayer, involved dimensions:  1, 0, 0, 0, 0, 0, 0, 0, 0, 0,
***** info: fwd pass comm collective for layer: mlp_moelayer is finished************
chunk size is: 20971520 , size is: 20971520 , layer_num is: 19 , node: 0
info: all-to-all forward pass collective issued for layer: mlp_moelayer, involved dimensions:  1, 0, 0, 0, 0, 0, 0, 0, 0, 0,
***** info: fwd pass comm collective for layer: mlp_moelayer is finished************
chunk size is: 41943040 , size is: 41943040 , layer_num is: 20 , node: 0
info: all-gather forward pass collective issued for layer: attention_column, involved dimensions:  1, 0, 0, 0, 0, 0, 0, 0, 0, 0,
***** info: fwd pass comm collective for layer: attention_column is finished************
chunk size is: 41943040 , size is: 41943040 , layer_num is: 21 , node: 0
info: reduce-scatter forward pass collective issued for layer: attention_row, involved dimensions:  1, 0, 0, 0, 0, 0, 0, 0, 0, 0,
***** info: fwd pass comm collective for layer: attention_row is finished************
chunk size is: 131072 , size is: 131072 , layer_num is: 22 , node: 0
info: all-gather forward pass collective issued for layer: mlp_moelayer, involved dimensions:  1, 0, 0, 0, 0, 0, 0, 0, 0, 0,
***** info: fwd pass comm collective for layer: mlp_moelayer is finished************
chunk size is: 20971520 , size is: 20971520 , layer_num is: 23 , node: 0
info: all-to-all forward pass collective issued for layer: mlp_moelayer, involved dimensions:  1, 0, 0, 0, 0, 0, 0, 0, 0, 0,
***** info: fwd pass comm collective for layer: mlp_moelayer is finished************
chunk size is: 83886080 , size is: 83886080 , layer_num is: 24 , node: 0
info: all-to-all forward pass collective issued for layer: mlp_moelayer, involved dimensions:  1, 0, 0, 0, 0, 0, 0, 0, 0, 0,
***** info: fwd pass comm collective for layer: mlp_moelayer is finished************
chunk size is: 83886080 , size is: 83886080 , layer_num is: 25 , node: 0
info: all-gather forward pass collective issued for layer: mlp_moelayer, involved dimensions:  1, 0, 0, 0, 0, 0, 0, 0, 0, 0,
***** info: fwd pass comm collective for layer: mlp_moelayer is finished************
chunk size is: 83886080 , size is: 83886080 , layer_num is: 26 , node: 0
info: reduce-scatter forward pass collective issued for layer: mlp_moelayer, involved dimensions:  1, 0, 0, 0, 0, 0, 0, 0, 0, 0,
***** info: fwd pass comm collective for layer: mlp_moelayer is finished************
chunk size is: 83886080 , size is: 83886080 , layer_num is: 27 , node: 0
info: all-to-all forward pass collective issued for layer: mlp_moelayer, involved dimensions:  1, 0, 0, 0, 0, 0, 0, 0, 0, 0,
***** info: fwd pass comm collective for layer: mlp_moelayer is finished************
chunk size is: 20971520 , size is: 20971520 , layer_num is: 28 , node: 0
info: all-to-all forward pass collective issued for layer: mlp_moelayer, involved dimensions:  1, 0, 0, 0, 0, 0, 0, 0, 0, 0,
***** info: fwd pass comm collective for layer: mlp_moelayer is finished************
chunk size is: 41943040 , size is: 41943040 , layer_num is: 29 , node: 0
info: all-gather forward pass collective issued for layer: attention_column, involved dimensions:  1, 0, 0, 0, 0, 0, 0, 0, 0, 0,
***** info: fwd pass comm collective for layer: attention_column is finished************
chunk size is: 41943040 , size is: 41943040 , layer_num is: 30 , node: 0
info: reduce-scatter forward pass collective issued for layer: attention_row, involved dimensions:  1, 0, 0, 0, 0, 0, 0, 0, 0, 0,
***** info: fwd pass comm collective for layer: attention_row is finished************
chunk size is: 131072 , size is: 131072 , layer_num is: 31 , node: 0
info: all-gather forward pass collective issued for layer: mlp_moelayer, involved dimensions:  1, 0, 0, 0, 0, 0, 0, 0, 0, 0,
***** info: fwd pass comm collective for layer: mlp_moelayer is finished************
chunk size is: 20971520 , size is: 20971520 , layer_num is: 32 , node: 0
info: all-to-all forward pass collective issued for layer: mlp_moelayer, involved dimensions:  1, 0, 0, 0, 0, 0, 0, 0, 0, 0,
***** info: fwd pass comm collective for layer: mlp_moelayer is finished************
chunk size is: 83886080 , size is: 83886080 , layer_num is: 33 , node: 0
info: all-to-all forward pass collective issued for layer: mlp_moelayer, involved dimensions:  1, 0, 0, 0, 0, 0, 0, 0, 0, 0,
***** info: fwd pass comm collective for layer: mlp_moelayer is finished************
chunk size is: 83886080 , size is: 83886080 , layer_num is: 34 , node: 0
info: all-gather forward pass collective issued for layer: mlp_moelayer, involved dimensions:  1, 0, 0, 0, 0, 0, 0, 0, 0, 0,
***** info: fwd pass comm collective for layer: mlp_moelayer is finished************
chunk size is: 83886080 , size is: 83886080 , layer_num is: 35 , node: 0
info: reduce-scatter forward pass collective issued for layer: mlp_moelayer, involved dimensions:  1, 0, 0, 0, 0, 0, 0, 0, 0, 0,
***** info: fwd pass comm collective for layer: mlp_moelayer is finished************
chunk size is: 83886080 , size is: 83886080 , layer_num is: 36 , node: 0
info: all-to-all forward pass collective issued for layer: mlp_moelayer, involved dimensions:  1, 0, 0, 0, 0, 0, 0, 0, 0, 0,
***** info: fwd pass comm collective for layer: mlp_moelayer is finished************
chunk size is: 20971520 , size is: 20971520 , layer_num is: 37 , node: 0
info: all-to-all forward pass collective issued for layer: mlp_moelayer, involved dimensions:  1, 0, 0, 0, 0, 0, 0, 0, 0, 0,
***** info: fwd pass comm collective for layer: mlp_moelayer is finished************
chunk size is: 41943040 , size is: 41943040 , layer_num is: 38 , node: 0
info: all-gather forward pass collective issued for layer: attention_column, involved dimensions:  1, 0, 0, 0, 0, 0, 0, 0, 0, 0,
***** info: fwd pass comm collective for layer: attention_column is finished************
chunk size is: 41943040 , size is: 41943040 , layer_num is: 39 , node: 0
info: reduce-scatter forward pass collective issued for layer: attention_row, involved dimensions:  1, 0, 0, 0, 0, 0, 0, 0, 0, 0,
***** info: fwd pass comm collective for layer: attention_row is finished************
chunk size is: 131072 , size is: 131072 , layer_num is: 40 , node: 0
info: all-gather forward pass collective issued for layer: mlp_moelayer, involved dimensions:  1, 0, 0, 0, 0, 0, 0, 0, 0, 0,
***** info: fwd pass comm collective for layer: mlp_moelayer is finished************
chunk size is: 20971520 , size is: 20971520 , layer_num is: 41 , node: 0
info: all-to-all forward pass collective issued for layer: mlp_moelayer, involved dimensions:  1, 0, 0, 0, 0, 0, 0, 0, 0, 0,
***** info: fwd pass comm collective for layer: mlp_moelayer is finished************
chunk size is: 83886080 , size is: 83886080 , layer_num is: 42 , node: 0
info: all-to-all forward pass collective issued for layer: mlp_moelayer, involved dimensions:  1, 0, 0, 0, 0, 0, 0, 0, 0, 0,
***** info: fwd pass comm collective for layer: mlp_moelayer is finished************
chunk size is: 83886080 , size is: 83886080 , layer_num is: 43 , node: 0
info: all-gather forward pass collective issued for layer: mlp_moelayer, involved dimensions:  1, 0, 0, 0, 0, 0, 0, 0, 0, 0,
***** info: fwd pass comm collective for layer: mlp_moelayer is finished************
chunk size is: 83886080 , size is: 83886080 , layer_num is: 44 , node: 0
info: reduce-scatter forward pass collective issued for layer: mlp_moelayer, involved dimensions:  1, 0, 0, 0, 0, 0, 0, 0, 0, 0,
***** info: fwd pass comm collective for layer: mlp_moelayer is finished************
chunk size is: 83886080 , size is: 83886080 , layer_num is: 45 , node: 0
info: all-to-all forward pass collective issued for layer: mlp_moelayer, involved dimensions:  1, 0, 0, 0, 0, 0, 0, 0, 0, 0,
***** info: fwd pass comm collective for layer: mlp_moelayer is finished************
chunk size is: 20971520 , size is: 20971520 , layer_num is: 46 , node: 0
info: all-to-all forward pass collective issued for layer: mlp_moelayer, involved dimensions:  1, 0, 0, 0, 0, 0, 0, 0, 0, 0,
***** info: fwd pass comm collective for layer: mlp_moelayer is finished************
chunk size is: 41943040 , size is: 41943040 , layer_num is: 47 , node: 0
info: all-gather forward pass collective issued for layer: attention_column, involved dimensions:  1, 0, 0, 0, 0, 0, 0, 0, 0, 0,
***** info: fwd pass comm collective for layer: attention_column is finished************
chunk size is: 41943040 , size is: 41943040 , layer_num is: 48 , node: 0
info: reduce-scatter forward pass collective issued for layer: attention_row, involved dimensions:  1, 0, 0, 0, 0, 0, 0, 0, 0, 0,
***** info: fwd pass comm collective for layer: attention_row is finished************
chunk size is: 131072 , size is: 131072 , layer_num is: 49 , node: 0
info: all-gather forward pass collective issued for layer: mlp_moelayer, involved dimensions:  1, 0, 0, 0, 0, 0, 0, 0, 0, 0,
***** info: fwd pass comm collective for layer: mlp_moelayer is finished************
chunk size is: 20971520 , size is: 20971520 , layer_num is: 50 , node: 0
info: all-to-all forward pass collective issued for layer: mlp_moelayer, involved dimensions:  1, 0, 0, 0, 0, 0, 0, 0, 0, 0,
***** info: fwd pass comm collective for layer: mlp_moelayer is finished************
chunk size is: 83886080 , size is: 83886080 , layer_num is: 51 , node: 0
info: all-to-all forward pass collective issued for layer: mlp_moelayer, involved dimensions:  1, 0, 0, 0, 0, 0, 0, 0, 0, 0,
***** info: fwd pass comm collective for layer: mlp_moelayer is finished************
chunk size is: 83886080 , size is: 83886080 , layer_num is: 52 , node: 0
info: all-gather forward pass collective issued for layer: mlp_moelayer, involved dimensions:  1, 0, 0, 0, 0, 0, 0, 0, 0, 0,
***** info: fwd pass comm collective for layer: mlp_moelayer is finished************
chunk size is: 83886080 , size is: 83886080 , layer_num is: 53 , node: 0
info: reduce-scatter forward pass collective issued for layer: mlp_moelayer, involved dimensions:  1, 0, 0, 0, 0, 0, 0, 0, 0, 0,
***** info: fwd pass comm collective for layer: mlp_moelayer is finished************
chunk size is: 83886080 , size is: 83886080 , layer_num is: 54 , node: 0
info: all-to-all forward pass collective issued for layer: mlp_moelayer, involved dimensions:  1, 0, 0, 0, 0, 0, 0, 0, 0, 0,
***** info: fwd pass comm collective for layer: mlp_moelayer is finished************
chunk size is: 20971520 , size is: 20971520 , layer_num is: 55 , node: 0
info: all-to-all forward pass collective issued for layer: mlp_moelayer, involved dimensions:  1, 0, 0, 0, 0, 0, 0, 0, 0, 0,
***** info: fwd pass comm collective for layer: mlp_moelayer is finished************
chunk size is: 41943040 , size is: 41943040 , layer_num is: 56 , node: 0
info: all-gather forward pass collective issued for layer: attention_column, involved dimensions:  1, 0, 0, 0, 0, 0, 0, 0, 0, 0,
***** info: fwd pass comm collective for layer: attention_column is finished************
chunk size is: 41943040 , size is: 41943040 , layer_num is: 57 , node: 0
info: reduce-scatter forward pass collective issued for layer: attention_row, involved dimensions:  1, 0, 0, 0, 0, 0, 0, 0, 0, 0,
***** info: fwd pass comm collective for layer: attention_row is finished************
chunk size is: 131072 , size is: 131072 , layer_num is: 58 , node: 0
info: all-gather forward pass collective issued for layer: mlp_moelayer, involved dimensions:  1, 0, 0, 0, 0, 0, 0, 0, 0, 0,
***** info: fwd pass comm collective for layer: mlp_moelayer is finished************
chunk size is: 20971520 , size is: 20971520 , layer_num is: 59 , node: 0
info: all-to-all forward pass collective issued for layer: mlp_moelayer, involved dimensions:  1, 0, 0, 0, 0, 0, 0, 0, 0, 0,
***** info: fwd pass comm collective for layer: mlp_moelayer is finished************
chunk size is: 83886080 , size is: 83886080 , layer_num is: 60 , node: 0
info: all-to-all forward pass collective issued for layer: mlp_moelayer, involved dimensions:  1, 0, 0, 0, 0, 0, 0, 0, 0, 0,
***** info: fwd pass comm collective for layer: mlp_moelayer is finished************
chunk size is: 83886080 , size is: 83886080 , layer_num is: 61 , node: 0
info: all-gather forward pass collective issued for layer: mlp_moelayer, involved dimensions:  1, 0, 0, 0, 0, 0, 0, 0, 0, 0,
***** info: fwd pass comm collective for layer: mlp_moelayer is finished************
chunk size is: 83886080 , size is: 83886080 , layer_num is: 62 , node: 0
info: reduce-scatter forward pass collective issued for layer: mlp_moelayer, involved dimensions:  1, 0, 0, 0, 0, 0, 0, 0, 0, 0,
***** info: fwd pass comm collective for layer: mlp_moelayer is finished************
chunk size is: 83886080 , size is: 83886080 , layer_num is: 63 , node: 0
info: all-to-all forward pass collective issued for layer: mlp_moelayer, involved dimensions:  1, 0, 0, 0, 0, 0, 0, 0, 0, 0,
***** info: fwd pass comm collective for layer: mlp_moelayer is finished************
chunk size is: 20971520 , size is: 20971520 , layer_num is: 64 , node: 0
info: all-to-all forward pass collective issued for layer: mlp_moelayer, involved dimensions:  1, 0, 0, 0, 0, 0, 0, 0, 0, 0,
***** info: fwd pass comm collective for layer: mlp_moelayer is finished************
chunk size is: 41943040 , size is: 41943040 , layer_num is: 65 , node: 0
info: all-gather forward pass collective issued for layer: attention_column, involved dimensions:  1, 0, 0, 0, 0, 0, 0, 0, 0, 0,
***** info: fwd pass comm collective for layer: attention_column is finished************
chunk size is: 41943040 , size is: 41943040 , layer_num is: 66 , node: 0
info: reduce-scatter forward pass collective issued for layer: attention_row, involved dimensions:  1, 0, 0, 0, 0, 0, 0, 0, 0, 0,
***** info: fwd pass comm collective for layer: attention_row is finished************
chunk size is: 131072 , size is: 131072 , layer_num is: 67 , node: 0
info: all-gather forward pass collective issued for layer: mlp_moelayer, involved dimensions:  1, 0, 0, 0, 0, 0, 0, 0, 0, 0,
***** info: fwd pass comm collective for layer: mlp_moelayer is finished************
chunk size is: 20971520 , size is: 20971520 , layer_num is: 68 , node: 0
info: all-to-all forward pass collective issued for layer: mlp_moelayer, involved dimensions:  1, 0, 0, 0, 0, 0, 0, 0, 0, 0,
***** info: fwd pass comm collective for layer: mlp_moelayer is finished************
chunk size is: 83886080 , size is: 83886080 , layer_num is: 69 , node: 0
info: all-to-all forward pass collective issued for layer: mlp_moelayer, involved dimensions:  1, 0, 0, 0, 0, 0, 0, 0, 0, 0,
***** info: fwd pass comm collective for layer: mlp_moelayer is finished************
chunk size is: 83886080 , size is: 83886080 , layer_num is: 70 , node: 0
info: all-gather forward pass collective issued for layer: mlp_moelayer, involved dimensions:  1, 0, 0, 0, 0, 0, 0, 0, 0, 0,
***** info: fwd pass comm collective for layer: mlp_moelayer is finished************
chunk size is: 83886080 , size is: 83886080 , layer_num is: 71 , node: 0
info: reduce-scatter forward pass collective issued for layer: mlp_moelayer, involved dimensions:  1, 0, 0, 0, 0, 0, 0, 0, 0, 0,
***** info: fwd pass comm collective for layer: mlp_moelayer is finished************
chunk size is: 83886080 , size is: 83886080 , layer_num is: 72 , node: 0
info: all-to-all forward pass collective issued for layer: mlp_moelayer, involved dimensions:  1, 0, 0, 0, 0, 0, 0, 0, 0, 0,
***** info: fwd pass comm collective for layer: mlp_moelayer is finished************
chunk size is: 20971520 , size is: 20971520 , layer_num is: 73 , node: 0
info: all-to-all forward pass collective issued for layer: mlp_moelayer, involved dimensions:  1, 0, 0, 0, 0, 0, 0, 0, 0, 0,
***** info: fwd pass comm collective for layer: mlp_moelayer is finished************
chunk size is: 41943040 , size is: 41943040 , layer_num is: 74 , node: 0
info: all-gather forward pass collective issued for layer: final_column, involved dimensions:  1, 0, 0, 0, 0, 0, 0, 0, 0, 0,
***** info: fwd pass comm collective for layer: final_column is finished************
chunk size is: 327680000 , size is: 327680000 , layer_num is: 75 , node: 0
info: all-reduce forward pass collective issued for layer: embedding_norm, involved dimensions:  1, 0, 0, 0, 0, 0, 0, 0, 0, 0,
***** info: fwd pass comm collective for layer: embedding_norm is finished************
info: no forward pass collective for layer: embedding_layer
chunk size is: 41943040 , size is: 41943040 , layer_num is: 77 , node: 0
info: all-gather forward pass collective issued for layer: attention_column, involved dimensions:  1, 0, 0, 0, 0, 0, 0, 0, 0, 0,
***** info: fwd pass comm collective for layer: attention_column is finished************
chunk size is: 41943040 , size is: 41943040 , layer_num is: 78 , node: 0
info: reduce-scatter forward pass collective issued for layer: attention_row, involved dimensions:  1, 0, 0, 0, 0, 0, 0, 0, 0, 0,
***** info: fwd pass comm collective for layer: attention_row is finished************
chunk size is: 131072 , size is: 131072 , layer_num is: 79 , node: 0
info: all-gather forward pass collective issued for layer: mlp_moelayer, involved dimensions:  1, 0, 0, 0, 0, 0, 0, 0, 0, 0,
***** info: fwd pass comm collective for layer: mlp_moelayer is finished************
chunk size is: 20971520 , size is: 20971520 , layer_num is: 80 , node: 0
info: all-to-all forward pass collective issued for layer: mlp_moelayer, involved dimensions:  1, 0, 0, 0, 0, 0, 0, 0, 0, 0,
***** info: fwd pass comm collective for layer: mlp_moelayer is finished************
chunk size is: 83886080 , size is: 83886080 , layer_num is: 81 , node: 0
info: all-to-all forward pass collective issued for layer: mlp_moelayer, involved dimensions:  1, 0, 0, 0, 0, 0, 0, 0, 0, 0,
***** info: fwd pass comm collective for layer: mlp_moelayer is finished************
chunk size is: 83886080 , size is: 83886080 , layer_num is: 82 , node: 0
info: all-gather forward pass collective issued for layer: mlp_moelayer, involved dimensions:  1, 0, 0, 0, 0, 0, 0, 0, 0, 0,
***** info: fwd pass comm collective for layer: mlp_moelayer is finished************
chunk size is: 83886080 , size is: 83886080 , layer_num is: 83 , node: 0
info: reduce-scatter forward pass collective issued for layer: mlp_moelayer, involved dimensions:  1, 0, 0, 0, 0, 0, 0, 0, 0, 0,
***** info: fwd pass comm collective for layer: mlp_moelayer is finished************
chunk size is: 83886080 , size is: 83886080 , layer_num is: 84 , node: 0
info: all-to-all forward pass collective issued for layer: mlp_moelayer, involved dimensions:  1, 0, 0, 0, 0, 0, 0, 0, 0, 0,
***** info: fwd pass comm collective for layer: mlp_moelayer is finished************
chunk size is: 20971520 , size is: 20971520 , layer_num is: 85 , node: 0
info: all-to-all forward pass collective issued for layer: mlp_moelayer, involved dimensions:  1, 0, 0, 0, 0, 0, 0, 0, 0, 0,
***** info: fwd pass comm collective for layer: mlp_moelayer is finished************
chunk size is: 41943040 , size is: 41943040 , layer_num is: 86 , node: 0
info: all-gather forward pass collective issued for layer: attention_column, involved dimensions:  1, 0, 0, 0, 0, 0, 0, 0, 0, 0,
***** info: fwd pass comm collective for layer: attention_column is finished************
chunk size is: 41943040 , size is: 41943040 , layer_num is: 87 , node: 0
info: reduce-scatter forward pass collective issued for layer: attention_row, involved dimensions:  1, 0, 0, 0, 0, 0, 0, 0, 0, 0,
***** info: fwd pass comm collective for layer: attention_row is finished************
chunk size is: 131072 , size is: 131072 , layer_num is: 88 , node: 0
info: all-gather forward pass collective issued for layer: mlp_moelayer, involved dimensions:  1, 0, 0, 0, 0, 0, 0, 0, 0, 0,
***** info: fwd pass comm collective for layer: mlp_moelayer is finished************
chunk size is: 20971520 , size is: 20971520 , layer_num is: 89 , node: 0
info: all-to-all forward pass collective issued for layer: mlp_moelayer, involved dimensions:  1, 0, 0, 0, 0, 0, 0, 0, 0, 0,
***** info: fwd pass comm collective for layer: mlp_moelayer is finished************
chunk size is: 83886080 , size is: 83886080 , layer_num is: 90 , node: 0
info: all-to-all forward pass collective issued for layer: mlp_moelayer, involved dimensions:  1, 0, 0, 0, 0, 0, 0, 0, 0, 0,
***** info: fwd pass comm collective for layer: mlp_moelayer is finished************
chunk size is: 83886080 , size is: 83886080 , layer_num is: 91 , node: 0
info: all-gather forward pass collective issued for layer: mlp_moelayer, involved dimensions:  1, 0, 0, 0, 0, 0, 0, 0, 0, 0,
***** info: fwd pass comm collective for layer: mlp_moelayer is finished************
chunk size is: 83886080 , size is: 83886080 , layer_num is: 92 , node: 0
info: reduce-scatter forward pass collective issued for layer: mlp_moelayer, involved dimensions:  1, 0, 0, 0, 0, 0, 0, 0, 0, 0,
***** info: fwd pass comm collective for layer: mlp_moelayer is finished************
chunk size is: 83886080 , size is: 83886080 , layer_num is: 93 , node: 0
info: all-to-all forward pass collective issued for layer: mlp_moelayer, involved dimensions:  1, 0, 0, 0, 0, 0, 0, 0, 0, 0,
***** info: fwd pass comm collective for layer: mlp_moelayer is finished************
chunk size is: 20971520 , size is: 20971520 , layer_num is: 94 , node: 0
info: all-to-all forward pass collective issued for layer: mlp_moelayer, involved dimensions:  1, 0, 0, 0, 0, 0, 0, 0, 0, 0,
***** info: fwd pass comm collective for layer: mlp_moelayer is finished************
chunk size is: 41943040 , size is: 41943040 , layer_num is: 95 , node: 0
info: all-gather forward pass collective issued for layer: attention_column, involved dimensions:  1, 0, 0, 0, 0, 0, 0, 0, 0, 0,
***** info: fwd pass comm collective for layer: attention_column is finished************
chunk size is: 41943040 , size is: 41943040 , layer_num is: 96 , node: 0
info: reduce-scatter forward pass collective issued for layer: attention_row, involved dimensions:  1, 0, 0, 0, 0, 0, 0, 0, 0, 0,
***** info: fwd pass comm collective for layer: attention_row is finished************
chunk size is: 131072 , size is: 131072 , layer_num is: 97 , node: 0
info: all-gather forward pass collective issued for layer: mlp_moelayer, involved dimensions:  1, 0, 0, 0, 0, 0, 0, 0, 0, 0,
***** info: fwd pass comm collective for layer: mlp_moelayer is finished************
chunk size is: 20971520 , size is: 20971520 , layer_num is: 98 , node: 0
info: all-to-all forward pass collective issued for layer: mlp_moelayer, involved dimensions:  1, 0, 0, 0, 0, 0, 0, 0, 0, 0,
***** info: fwd pass comm collective for layer: mlp_moelayer is finished************
chunk size is: 83886080 , size is: 83886080 , layer_num is: 99 , node: 0
info: all-to-all forward pass collective issued for layer: mlp_moelayer, involved dimensions:  1, 0, 0, 0, 0, 0, 0, 0, 0, 0,
***** info: fwd pass comm collective for layer: mlp_moelayer is finished************
chunk size is: 83886080 , size is: 83886080 , layer_num is: 100 , node: 0
info: all-gather forward pass collective issued for layer: mlp_moelayer, involved dimensions:  1, 0, 0, 0, 0, 0, 0, 0, 0, 0,
***** info: fwd pass comm collective for layer: mlp_moelayer is finished************
chunk size is: 83886080 , size is: 83886080 , layer_num is: 101 , node: 0
info: reduce-scatter forward pass collective issued for layer: mlp_moelayer, involved dimensions:  1, 0, 0, 0, 0, 0, 0, 0, 0, 0,
***** info: fwd pass comm collective for layer: mlp_moelayer is finished************
chunk size is: 83886080 , size is: 83886080 , layer_num is: 102 , node: 0
info: all-to-all forward pass collective issued for layer: mlp_moelayer, involved dimensions:  1, 0, 0, 0, 0, 0, 0, 0, 0, 0,
***** info: fwd pass comm collective for layer: mlp_moelayer is finished************
chunk size is: 20971520 , size is: 20971520 , layer_num is: 103 , node: 0
info: all-to-all forward pass collective issued for layer: mlp_moelayer, involved dimensions:  1, 0, 0, 0, 0, 0, 0, 0, 0, 0,
***** info: fwd pass comm collective for layer: mlp_moelayer is finished************
chunk size is: 41943040 , size is: 41943040 , layer_num is: 104 , node: 0
info: all-gather forward pass collective issued for layer: attention_column, involved dimensions:  1, 0, 0, 0, 0, 0, 0, 0, 0, 0,
***** info: fwd pass comm collective for layer: attention_column is finished************
chunk size is: 41943040 , size is: 41943040 , layer_num is: 105 , node: 0
info: reduce-scatter forward pass collective issued for layer: attention_row, involved dimensions:  1, 0, 0, 0, 0, 0, 0, 0, 0, 0,
***** info: fwd pass comm collective for layer: attention_row is finished************
chunk size is: 131072 , size is: 131072 , layer_num is: 106 , node: 0
info: all-gather forward pass collective issued for layer: mlp_moelayer, involved dimensions:  1, 0, 0, 0, 0, 0, 0, 0, 0, 0,
***** info: fwd pass comm collective for layer: mlp_moelayer is finished************
chunk size is: 20971520 , size is: 20971520 , layer_num is: 107 , node: 0
info: all-to-all forward pass collective issued for layer: mlp_moelayer, involved dimensions:  1, 0, 0, 0, 0, 0, 0, 0, 0, 0,
***** info: fwd pass comm collective for layer: mlp_moelayer is finished************
chunk size is: 83886080 , size is: 83886080 , layer_num is: 108 , node: 0
info: all-to-all forward pass collective issued for layer: mlp_moelayer, involved dimensions:  1, 0, 0, 0, 0, 0, 0, 0, 0, 0,
***** info: fwd pass comm collective for layer: mlp_moelayer is finished************
chunk size is: 83886080 , size is: 83886080 , layer_num is: 109 , node: 0
info: all-gather forward pass collective issued for layer: mlp_moelayer, involved dimensions:  1, 0, 0, 0, 0, 0, 0, 0, 0, 0,
***** info: fwd pass comm collective for layer: mlp_moelayer is finished************
chunk size is: 83886080 , size is: 83886080 , layer_num is: 110 , node: 0
info: reduce-scatter forward pass collective issued for layer: mlp_moelayer, involved dimensions:  1, 0, 0, 0, 0, 0, 0, 0, 0, 0,
***** info: fwd pass comm collective for layer: mlp_moelayer is finished************
chunk size is: 83886080 , size is: 83886080 , layer_num is: 111 , node: 0
info: all-to-all forward pass collective issued for layer: mlp_moelayer, involved dimensions:  1, 0, 0, 0, 0, 0, 0, 0, 0, 0,
***** info: fwd pass comm collective for layer: mlp_moelayer is finished************
chunk size is: 20971520 , size is: 20971520 , layer_num is: 112 , node: 0
info: all-to-all forward pass collective issued for layer: mlp_moelayer, involved dimensions:  1, 0, 0, 0, 0, 0, 0, 0, 0, 0,
***** info: fwd pass comm collective for layer: mlp_moelayer is finished************
chunk size is: 41943040 , size is: 41943040 , layer_num is: 113 , node: 0
info: all-gather forward pass collective issued for layer: attention_column, involved dimensions:  1, 0, 0, 0, 0, 0, 0, 0, 0, 0,
***** info: fwd pass comm collective for layer: attention_column is finished************
chunk size is: 41943040 , size is: 41943040 , layer_num is: 114 , node: 0
info: reduce-scatter forward pass collective issued for layer: attention_row, involved dimensions:  1, 0, 0, 0, 0, 0, 0, 0, 0, 0,
***** info: fwd pass comm collective for layer: attention_row is finished************
chunk size is: 131072 , size is: 131072 , layer_num is: 115 , node: 0
info: all-gather forward pass collective issued for layer: mlp_moelayer, involved dimensions:  1, 0, 0, 0, 0, 0, 0, 0, 0, 0,
***** info: fwd pass comm collective for layer: mlp_moelayer is finished************
chunk size is: 20971520 , size is: 20971520 , layer_num is: 116 , node: 0
info: all-to-all forward pass collective issued for layer: mlp_moelayer, involved dimensions:  1, 0, 0, 0, 0, 0, 0, 0, 0, 0,
***** info: fwd pass comm collective for layer: mlp_moelayer is finished************
chunk size is: 83886080 , size is: 83886080 , layer_num is: 117 , node: 0
info: all-to-all forward pass collective issued for layer: mlp_moelayer, involved dimensions:  1, 0, 0, 0, 0, 0, 0, 0, 0, 0,
***** info: fwd pass comm collective for layer: mlp_moelayer is finished************
chunk size is: 83886080 , size is: 83886080 , layer_num is: 118 , node: 0
info: all-gather forward pass collective issued for layer: mlp_moelayer, involved dimensions:  1, 0, 0, 0, 0, 0, 0, 0, 0, 0,
***** info: fwd pass comm collective for layer: mlp_moelayer is finished************
chunk size is: 83886080 , size is: 83886080 , layer_num is: 119 , node: 0
info: reduce-scatter forward pass collective issued for layer: mlp_moelayer, involved dimensions:  1, 0, 0, 0, 0, 0, 0, 0, 0, 0,
***** info: fwd pass comm collective for layer: mlp_moelayer is finished************
chunk size is: 83886080 , size is: 83886080 , layer_num is: 120 , node: 0
info: all-to-all forward pass collective issued for layer: mlp_moelayer, involved dimensions:  1, 0, 0, 0, 0, 0, 0, 0, 0, 0,
***** info: fwd pass comm collective for layer: mlp_moelayer is finished************
chunk size is: 20971520 , size is: 20971520 , layer_num is: 121 , node: 0
info: all-to-all forward pass collective issued for layer: mlp_moelayer, involved dimensions:  1, 0, 0, 0, 0, 0, 0, 0, 0, 0,
***** info: fwd pass comm collective for layer: mlp_moelayer is finished************
chunk size is: 41943040 , size is: 41943040 , layer_num is: 122 , node: 0
info: all-gather forward pass collective issued for layer: attention_column, involved dimensions:  1, 0, 0, 0, 0, 0, 0, 0, 0, 0,
***** info: fwd pass comm collective for layer: attention_column is finished************
chunk size is: 41943040 , size is: 41943040 , layer_num is: 123 , node: 0
info: reduce-scatter forward pass collective issued for layer: attention_row, involved dimensions:  1, 0, 0, 0, 0, 0, 0, 0, 0, 0,
***** info: fwd pass comm collective for layer: attention_row is finished************
chunk size is: 131072 , size is: 131072 , layer_num is: 124 , node: 0
info: all-gather forward pass collective issued for layer: mlp_moelayer, involved dimensions:  1, 0, 0, 0, 0, 0, 0, 0, 0, 0,
***** info: fwd pass comm collective for layer: mlp_moelayer is finished************
chunk size is: 20971520 , size is: 20971520 , layer_num is: 125 , node: 0
info: all-to-all forward pass collective issued for layer: mlp_moelayer, involved dimensions:  1, 0, 0, 0, 0, 0, 0, 0, 0, 0,
***** info: fwd pass comm collective for layer: mlp_moelayer is finished************
chunk size is: 83886080 , size is: 83886080 , layer_num is: 126 , node: 0
info: all-to-all forward pass collective issued for layer: mlp_moelayer, involved dimensions:  1, 0, 0, 0, 0, 0, 0, 0, 0, 0,
***** info: fwd pass comm collective for layer: mlp_moelayer is finished************
chunk size is: 83886080 , size is: 83886080 , layer_num is: 127 , node: 0
info: all-gather forward pass collective issued for layer: mlp_moelayer, involved dimensions:  1, 0, 0, 0, 0, 0, 0, 0, 0, 0,
***** info: fwd pass comm collective for layer: mlp_moelayer is finished************
chunk size is: 83886080 , size is: 83886080 , layer_num is: 128 , node: 0
info: reduce-scatter forward pass collective issued for layer: mlp_moelayer, involved dimensions:  1, 0, 0, 0, 0, 0, 0, 0, 0, 0,
***** info: fwd pass comm collective for layer: mlp_moelayer is finished************
chunk size is: 83886080 , size is: 83886080 , layer_num is: 129 , node: 0
info: all-to-all forward pass collective issued for layer: mlp_moelayer, involved dimensions:  1, 0, 0, 0, 0, 0, 0, 0, 0, 0,
***** info: fwd pass comm collective for layer: mlp_moelayer is finished************
chunk size is: 20971520 , size is: 20971520 , layer_num is: 130 , node: 0
info: all-to-all forward pass collective issued for layer: mlp_moelayer, involved dimensions:  1, 0, 0, 0, 0, 0, 0, 0, 0, 0,
***** info: fwd pass comm collective for layer: mlp_moelayer is finished************
chunk size is: 41943040 , size is: 41943040 , layer_num is: 131 , node: 0
info: all-gather forward pass collective issued for layer: attention_column, involved dimensions:  1, 0, 0, 0, 0, 0, 0, 0, 0, 0,
***** info: fwd pass comm collective for layer: attention_column is finished************
chunk size is: 41943040 , size is: 41943040 , layer_num is: 132 , node: 0
info: reduce-scatter forward pass collective issued for layer: attention_row, involved dimensions:  1, 0, 0, 0, 0, 0, 0, 0, 0, 0,
***** info: fwd pass comm collective for layer: attention_row is finished************
chunk size is: 131072 , size is: 131072 , layer_num is: 133 , node: 0
info: all-gather forward pass collective issued for layer: mlp_moelayer, involved dimensions:  1, 0, 0, 0, 0, 0, 0, 0, 0, 0,
***** info: fwd pass comm collective for layer: mlp_moelayer is finished************
chunk size is: 20971520 , size is: 20971520 , layer_num is: 134 , node: 0
info: all-to-all forward pass collective issued for layer: mlp_moelayer, involved dimensions:  1, 0, 0, 0, 0, 0, 0, 0, 0, 0,
***** info: fwd pass comm collective for layer: mlp_moelayer is finished************
chunk size is: 83886080 , size is: 83886080 , layer_num is: 135 , node: 0
info: all-to-all forward pass collective issued for layer: mlp_moelayer, involved dimensions:  1, 0, 0, 0, 0, 0, 0, 0, 0, 0,
***** info: fwd pass comm collective for layer: mlp_moelayer is finished************
chunk size is: 83886080 , size is: 83886080 , layer_num is: 136 , node: 0
info: all-gather forward pass collective issued for layer: mlp_moelayer, involved dimensions:  1, 0, 0, 0, 0, 0, 0, 0, 0, 0,
***** info: fwd pass comm collective for layer: mlp_moelayer is finished************
chunk size is: 83886080 , size is: 83886080 , layer_num is: 137 , node: 0
info: reduce-scatter forward pass collective issued for layer: mlp_moelayer, involved dimensions:  1, 0, 0, 0, 0, 0, 0, 0, 0, 0,
***** info: fwd pass comm collective for layer: mlp_moelayer is finished************
chunk size is: 83886080 , size is: 83886080 , layer_num is: 138 , node: 0
info: all-to-all forward pass collective issued for layer: mlp_moelayer, involved dimensions:  1, 0, 0, 0, 0, 0, 0, 0, 0, 0,
***** info: fwd pass comm collective for layer: mlp_moelayer is finished************
chunk size is: 20971520 , size is: 20971520 , layer_num is: 139 , node: 0
info: all-to-all forward pass collective issued for layer: mlp_moelayer, involved dimensions:  1, 0, 0, 0, 0, 0, 0, 0, 0, 0,
***** info: fwd pass comm collective for layer: mlp_moelayer is finished************
chunk size is: 41943040 , size is: 41943040 , layer_num is: 140 , node: 0
info: all-gather forward pass collective issued for layer: attention_column, involved dimensions:  1, 0, 0, 0, 0, 0, 0, 0, 0, 0,
***** info: fwd pass comm collective for layer: attention_column is finished************
chunk size is: 41943040 , size is: 41943040 , layer_num is: 141 , node: 0
info: reduce-scatter forward pass collective issued for layer: attention_row, involved dimensions:  1, 0, 0, 0, 0, 0, 0, 0, 0, 0,
***** info: fwd pass comm collective for layer: attention_row is finished************
chunk size is: 131072 , size is: 131072 , layer_num is: 142 , node: 0
info: all-gather forward pass collective issued for layer: mlp_moelayer, involved dimensions:  1, 0, 0, 0, 0, 0, 0, 0, 0, 0,
***** info: fwd pass comm collective for layer: mlp_moelayer is finished************
chunk size is: 20971520 , size is: 20971520 , layer_num is: 143 , node: 0
info: all-to-all forward pass collective issued for layer: mlp_moelayer, involved dimensions:  1, 0, 0, 0, 0, 0, 0, 0, 0, 0,
***** info: fwd pass comm collective for layer: mlp_moelayer is finished************
chunk size is: 83886080 , size is: 83886080 , layer_num is: 144 , node: 0
info: all-to-all forward pass collective issued for layer: mlp_moelayer, involved dimensions:  1, 0, 0, 0, 0, 0, 0, 0, 0, 0,
***** info: fwd pass comm collective for layer: mlp_moelayer is finished************
chunk size is: 83886080 , size is: 83886080 , layer_num is: 145 , node: 0
info: all-gather forward pass collective issued for layer: mlp_moelayer, involved dimensions:  1, 0, 0, 0, 0, 0, 0, 0, 0, 0,
***** info: fwd pass comm collective for layer: mlp_moelayer is finished************
chunk size is: 83886080 , size is: 83886080 , layer_num is: 146 , node: 0
info: reduce-scatter forward pass collective issued for layer: mlp_moelayer, involved dimensions:  1, 0, 0, 0, 0, 0, 0, 0, 0, 0,
***** info: fwd pass comm collective for layer: mlp_moelayer is finished************
chunk size is: 83886080 , size is: 83886080 , layer_num is: 147 , node: 0
info: all-to-all forward pass collective issued for layer: mlp_moelayer, involved dimensions:  1, 0, 0, 0, 0, 0, 0, 0, 0, 0,
***** info: fwd pass comm collective for layer: mlp_moelayer is finished************
chunk size is: 20971520 , size is: 20971520 , layer_num is: 148 , node: 0
info: all-to-all forward pass collective issued for layer: mlp_moelayer, involved dimensions:  1, 0, 0, 0, 0, 0, 0, 0, 0, 0,
***** info: fwd pass comm collective for layer: mlp_moelayer is finished************
chunk size is: 41943040 , size is: 41943040 , layer_num is: 149 , node: 0
info: all-gather forward pass collective issued for layer: final_column, involved dimensions:  1, 0, 0, 0, 0, 0, 0, 0, 0, 0,
***** info: fwd pass comm collective for layer: final_column is finished************
chunk size is: 327680000 , size is: 327680000 , layer_num is: 150 , node: 0
info: all-reduce forward pass collective issued for layer: embedding_norm, involved dimensions:  1, 0, 0, 0, 0, 0, 0, 0, 0, 0,
***** info: fwd pass comm collective for layer: embedding_norm is finished************
info: no forward pass collective for layer: embedding_layer
chunk size is: 41943040 , size is: 41943040 , layer_num is: 152 , node: 0
info: all-gather forward pass collective issued for layer: attention_column, involved dimensions:  1, 0, 0, 0, 0, 0, 0, 0, 0, 0,
***** info: fwd pass comm collective for layer: attention_column is finished************
chunk size is: 41943040 , size is: 41943040 , layer_num is: 153 , node: 0
info: reduce-scatter forward pass collective issued for layer: attention_row, involved dimensions:  1, 0, 0, 0, 0, 0, 0, 0, 0, 0,
***** info: fwd pass comm collective for layer: attention_row is finished************
chunk size is: 131072 , size is: 131072 , layer_num is: 154 , node: 0
info: all-gather forward pass collective issued for layer: mlp_moelayer, involved dimensions:  1, 0, 0, 0, 0, 0, 0, 0, 0, 0,
***** info: fwd pass comm collective for layer: mlp_moelayer is finished************
chunk size is: 20971520 , size is: 20971520 , layer_num is: 155 , node: 0
info: all-to-all forward pass collective issued for layer: mlp_moelayer, involved dimensions:  1, 0, 0, 0, 0, 0, 0, 0, 0, 0,
***** info: fwd pass comm collective for layer: mlp_moelayer is finished************
chunk size is: 83886080 , size is: 83886080 , layer_num is: 156 , node: 0
info: all-to-all forward pass collective issued for layer: mlp_moelayer, involved dimensions:  1, 0, 0, 0, 0, 0, 0, 0, 0, 0,
***** info: fwd pass comm collective for layer: mlp_moelayer is finished************
chunk size is: 83886080 , size is: 83886080 , layer_num is: 157 , node: 0
info: all-gather forward pass collective issued for layer: mlp_moelayer, involved dimensions:  1, 0, 0, 0, 0, 0, 0, 0, 0, 0,
***** info: fwd pass comm collective for layer: mlp_moelayer is finished************
chunk size is: 83886080 , size is: 83886080 , layer_num is: 158 , node: 0
info: reduce-scatter forward pass collective issued for layer: mlp_moelayer, involved dimensions:  1, 0, 0, 0, 0, 0, 0, 0, 0, 0,
***** info: fwd pass comm collective for layer: mlp_moelayer is finished************
chunk size is: 83886080 , size is: 83886080 , layer_num is: 159 , node: 0
info: all-to-all forward pass collective issued for layer: mlp_moelayer, involved dimensions:  1, 0, 0, 0, 0, 0, 0, 0, 0, 0,
***** info: fwd pass comm collective for layer: mlp_moelayer is finished************
chunk size is: 20971520 , size is: 20971520 , layer_num is: 160 , node: 0
info: all-to-all forward pass collective issued for layer: mlp_moelayer, involved dimensions:  1, 0, 0, 0, 0, 0, 0, 0, 0, 0,
***** info: fwd pass comm collective for layer: mlp_moelayer is finished************
chunk size is: 41943040 , size is: 41943040 , layer_num is: 161 , node: 0
info: all-gather forward pass collective issued for layer: attention_column, involved dimensions:  1, 0, 0, 0, 0, 0, 0, 0, 0, 0,
***** info: fwd pass comm collective for layer: attention_column is finished************
chunk size is: 41943040 , size is: 41943040 , layer_num is: 162 , node: 0
info: reduce-scatter forward pass collective issued for layer: attention_row, involved dimensions:  1, 0, 0, 0, 0, 0, 0, 0, 0, 0,
***** info: fwd pass comm collective for layer: attention_row is finished************
chunk size is: 131072 , size is: 131072 , layer_num is: 163 , node: 0
info: all-gather forward pass collective issued for layer: mlp_moelayer, involved dimensions:  1, 0, 0, 0, 0, 0, 0, 0, 0, 0,
***** info: fwd pass comm collective for layer: mlp_moelayer is finished************
chunk size is: 20971520 , size is: 20971520 , layer_num is: 164 , node: 0
info: all-to-all forward pass collective issued for layer: mlp_moelayer, involved dimensions:  1, 0, 0, 0, 0, 0, 0, 0, 0, 0,
***** info: fwd pass comm collective for layer: mlp_moelayer is finished************
chunk size is: 83886080 , size is: 83886080 , layer_num is: 165 , node: 0
info: all-to-all forward pass collective issued for layer: mlp_moelayer, involved dimensions:  1, 0, 0, 0, 0, 0, 0, 0, 0, 0,
***** info: fwd pass comm collective for layer: mlp_moelayer is finished************
chunk size is: 83886080 , size is: 83886080 , layer_num is: 166 , node: 0
info: all-gather forward pass collective issued for layer: mlp_moelayer, involved dimensions:  1, 0, 0, 0, 0, 0, 0, 0, 0, 0,
***** info: fwd pass comm collective for layer: mlp_moelayer is finished************
chunk size is: 83886080 , size is: 83886080 , layer_num is: 167 , node: 0
info: reduce-scatter forward pass collective issued for layer: mlp_moelayer, involved dimensions:  1, 0, 0, 0, 0, 0, 0, 0, 0, 0,
***** info: fwd pass comm collective for layer: mlp_moelayer is finished************
chunk size is: 83886080 , size is: 83886080 , layer_num is: 168 , node: 0
info: all-to-all forward pass collective issued for layer: mlp_moelayer, involved dimensions:  1, 0, 0, 0, 0, 0, 0, 0, 0, 0,
***** info: fwd pass comm collective for layer: mlp_moelayer is finished************
chunk size is: 20971520 , size is: 20971520 , layer_num is: 169 , node: 0
info: all-to-all forward pass collective issued for layer: mlp_moelayer, involved dimensions:  1, 0, 0, 0, 0, 0, 0, 0, 0, 0,
***** info: fwd pass comm collective for layer: mlp_moelayer is finished************
chunk size is: 41943040 , size is: 41943040 , layer_num is: 170 , node: 0
info: all-gather forward pass collective issued for layer: attention_column, involved dimensions:  1, 0, 0, 0, 0, 0, 0, 0, 0, 0,
***** info: fwd pass comm collective for layer: attention_column is finished************
chunk size is: 41943040 , size is: 41943040 , layer_num is: 171 , node: 0
info: reduce-scatter forward pass collective issued for layer: attention_row, involved dimensions:  1, 0, 0, 0, 0, 0, 0, 0, 0, 0,
***** info: fwd pass comm collective for layer: attention_row is finished************
chunk size is: 131072 , size is: 131072 , layer_num is: 172 , node: 0
info: all-gather forward pass collective issued for layer: mlp_moelayer, involved dimensions:  1, 0, 0, 0, 0, 0, 0, 0, 0, 0,
***** info: fwd pass comm collective for layer: mlp_moelayer is finished************
chunk size is: 20971520 , size is: 20971520 , layer_num is: 173 , node: 0
info: all-to-all forward pass collective issued for layer: mlp_moelayer, involved dimensions:  1, 0, 0, 0, 0, 0, 0, 0, 0, 0,
***** info: fwd pass comm collective for layer: mlp_moelayer is finished************
chunk size is: 83886080 , size is: 83886080 , layer_num is: 174 , node: 0
info: all-to-all forward pass collective issued for layer: mlp_moelayer, involved dimensions:  1, 0, 0, 0, 0, 0, 0, 0, 0, 0,
***** info: fwd pass comm collective for layer: mlp_moelayer is finished************
chunk size is: 83886080 , size is: 83886080 , layer_num is: 175 , node: 0
info: all-gather forward pass collective issued for layer: mlp_moelayer, involved dimensions:  1, 0, 0, 0, 0, 0, 0, 0, 0, 0,
***** info: fwd pass comm collective for layer: mlp_moelayer is finished************
chunk size is: 83886080 , size is: 83886080 , layer_num is: 176 , node: 0
info: reduce-scatter forward pass collective issued for layer: mlp_moelayer, involved dimensions:  1, 0, 0, 0, 0, 0, 0, 0, 0, 0,
***** info: fwd pass comm collective for layer: mlp_moelayer is finished************
chunk size is: 83886080 , size is: 83886080 , layer_num is: 177 , node: 0
info: all-to-all forward pass collective issued for layer: mlp_moelayer, involved dimensions:  1, 0, 0, 0, 0, 0, 0, 0, 0, 0,
***** info: fwd pass comm collective for layer: mlp_moelayer is finished************
chunk size is: 20971520 , size is: 20971520 , layer_num is: 178 , node: 0
info: all-to-all forward pass collective issued for layer: mlp_moelayer, involved dimensions:  1, 0, 0, 0, 0, 0, 0, 0, 0, 0,
***** info: fwd pass comm collective for layer: mlp_moelayer is finished************
chunk size is: 41943040 , size is: 41943040 , layer_num is: 179 , node: 0
info: all-gather forward pass collective issued for layer: attention_column, involved dimensions:  1, 0, 0, 0, 0, 0, 0, 0, 0, 0,
***** info: fwd pass comm collective for layer: attention_column is finished************
chunk size is: 41943040 , size is: 41943040 , layer_num is: 180 , node: 0
info: reduce-scatter forward pass collective issued for layer: attention_row, involved dimensions:  1, 0, 0, 0, 0, 0, 0, 0, 0, 0,
***** info: fwd pass comm collective for layer: attention_row is finished************
chunk size is: 131072 , size is: 131072 , layer_num is: 181 , node: 0
info: all-gather forward pass collective issued for layer: mlp_moelayer, involved dimensions:  1, 0, 0, 0, 0, 0, 0, 0, 0, 0,
***** info: fwd pass comm collective for layer: mlp_moelayer is finished************
chunk size is: 20971520 , size is: 20971520 , layer_num is: 182 , node: 0
info: all-to-all forward pass collective issued for layer: mlp_moelayer, involved dimensions:  1, 0, 0, 0, 0, 0, 0, 0, 0, 0,
***** info: fwd pass comm collective for layer: mlp_moelayer is finished************
chunk size is: 83886080 , size is: 83886080 , layer_num is: 183 , node: 0
info: all-to-all forward pass collective issued for layer: mlp_moelayer, involved dimensions:  1, 0, 0, 0, 0, 0, 0, 0, 0, 0,
***** info: fwd pass comm collective for layer: mlp_moelayer is finished************
chunk size is: 83886080 , size is: 83886080 , layer_num is: 184 , node: 0
info: all-gather forward pass collective issued for layer: mlp_moelayer, involved dimensions:  1, 0, 0, 0, 0, 0, 0, 0, 0, 0,
***** info: fwd pass comm collective for layer: mlp_moelayer is finished************
chunk size is: 83886080 , size is: 83886080 , layer_num is: 185 , node: 0
info: reduce-scatter forward pass collective issued for layer: mlp_moelayer, involved dimensions:  1, 0, 0, 0, 0, 0, 0, 0, 0, 0,
***** info: fwd pass comm collective for layer: mlp_moelayer is finished************
chunk size is: 83886080 , size is: 83886080 , layer_num is: 186 , node: 0
info: all-to-all forward pass collective issued for layer: mlp_moelayer, involved dimensions:  1, 0, 0, 0, 0, 0, 0, 0, 0, 0,
***** info: fwd pass comm collective for layer: mlp_moelayer is finished************
chunk size is: 20971520 , size is: 20971520 , layer_num is: 187 , node: 0
info: all-to-all forward pass collective issued for layer: mlp_moelayer, involved dimensions:  1, 0, 0, 0, 0, 0, 0, 0, 0, 0,
***** info: fwd pass comm collective for layer: mlp_moelayer is finished************
chunk size is: 41943040 , size is: 41943040 , layer_num is: 188 , node: 0
info: all-gather forward pass collective issued for layer: attention_column, involved dimensions:  1, 0, 0, 0, 0, 0, 0, 0, 0, 0,
***** info: fwd pass comm collective for layer: attention_column is finished************
chunk size is: 41943040 , size is: 41943040 , layer_num is: 189 , node: 0
info: reduce-scatter forward pass collective issued for layer: attention_row, involved dimensions:  1, 0, 0, 0, 0, 0, 0, 0, 0, 0,
***** info: fwd pass comm collective for layer: attention_row is finished************
chunk size is: 131072 , size is: 131072 , layer_num is: 190 , node: 0
info: all-gather forward pass collective issued for layer: mlp_moelayer, involved dimensions:  1, 0, 0, 0, 0, 0, 0, 0, 0, 0,
***** info: fwd pass comm collective for layer: mlp_moelayer is finished************
chunk size is: 20971520 , size is: 20971520 , layer_num is: 191 , node: 0
info: all-to-all forward pass collective issued for layer: mlp_moelayer, involved dimensions:  1, 0, 0, 0, 0, 0, 0, 0, 0, 0,
***** info: fwd pass comm collective for layer: mlp_moelayer is finished************
chunk size is: 83886080 , size is: 83886080 , layer_num is: 192 , node: 0
info: all-to-all forward pass collective issued for layer: mlp_moelayer, involved dimensions:  1, 0, 0, 0, 0, 0, 0, 0, 0, 0,
***** info: fwd pass comm collective for layer: mlp_moelayer is finished************
chunk size is: 83886080 , size is: 83886080 , layer_num is: 193 , node: 0
info: all-gather forward pass collective issued for layer: mlp_moelayer, involved dimensions:  1, 0, 0, 0, 0, 0, 0, 0, 0, 0,
***** info: fwd pass comm collective for layer: mlp_moelayer is finished************
chunk size is: 83886080 , size is: 83886080 , layer_num is: 194 , node: 0
info: reduce-scatter forward pass collective issued for layer: mlp_moelayer, involved dimensions:  1, 0, 0, 0, 0, 0, 0, 0, 0, 0,
***** info: fwd pass comm collective for layer: mlp_moelayer is finished************
chunk size is: 83886080 , size is: 83886080 , layer_num is: 195 , node: 0
info: all-to-all forward pass collective issued for layer: mlp_moelayer, involved dimensions:  1, 0, 0, 0, 0, 0, 0, 0, 0, 0,
***** info: fwd pass comm collective for layer: mlp_moelayer is finished************
chunk size is: 20971520 , size is: 20971520 , layer_num is: 196 , node: 0
info: all-to-all forward pass collective issued for layer: mlp_moelayer, involved dimensions:  1, 0, 0, 0, 0, 0, 0, 0, 0, 0,
***** info: fwd pass comm collective for layer: mlp_moelayer is finished************
chunk size is: 41943040 , size is: 41943040 , layer_num is: 197 , node: 0
info: all-gather forward pass collective issued for layer: attention_column, involved dimensions:  1, 0, 0, 0, 0, 0, 0, 0, 0, 0,
***** info: fwd pass comm collective for layer: attention_column is finished************
chunk size is: 41943040 , size is: 41943040 , layer_num is: 198 , node: 0
info: reduce-scatter forward pass collective issued for layer: attention_row, involved dimensions:  1, 0, 0, 0, 0, 0, 0, 0, 0, 0,
***** info: fwd pass comm collective for layer: attention_row is finished************
chunk size is: 131072 , size is: 131072 , layer_num is: 199 , node: 0
info: all-gather forward pass collective issued for layer: mlp_moelayer, involved dimensions:  1, 0, 0, 0, 0, 0, 0, 0, 0, 0,
***** info: fwd pass comm collective for layer: mlp_moelayer is finished************
chunk size is: 20971520 , size is: 20971520 , layer_num is: 200 , node: 0
info: all-to-all forward pass collective issued for layer: mlp_moelayer, involved dimensions:  1, 0, 0, 0, 0, 0, 0, 0, 0, 0,
***** info: fwd pass comm collective for layer: mlp_moelayer is finished************
chunk size is: 83886080 , size is: 83886080 , layer_num is: 201 , node: 0
info: all-to-all forward pass collective issued for layer: mlp_moelayer, involved dimensions:  1, 0, 0, 0, 0, 0, 0, 0, 0, 0,
***** info: fwd pass comm collective for layer: mlp_moelayer is finished************
chunk size is: 83886080 , size is: 83886080 , layer_num is: 202 , node: 0
info: all-gather forward pass collective issued for layer: mlp_moelayer, involved dimensions:  1, 0, 0, 0, 0, 0, 0, 0, 0, 0,
***** info: fwd pass comm collective for layer: mlp_moelayer is finished************
chunk size is: 83886080 , size is: 83886080 , layer_num is: 203 , node: 0
info: reduce-scatter forward pass collective issued for layer: mlp_moelayer, involved dimensions:  1, 0, 0, 0, 0, 0, 0, 0, 0, 0,
***** info: fwd pass comm collective for layer: mlp_moelayer is finished************
chunk size is: 83886080 , size is: 83886080 , layer_num is: 204 , node: 0
info: all-to-all forward pass collective issued for layer: mlp_moelayer, involved dimensions:  1, 0, 0, 0, 0, 0, 0, 0, 0, 0,
***** info: fwd pass comm collective for layer: mlp_moelayer is finished************
chunk size is: 20971520 , size is: 20971520 , layer_num is: 205 , node: 0
info: all-to-all forward pass collective issued for layer: mlp_moelayer, involved dimensions:  1, 0, 0, 0, 0, 0, 0, 0, 0, 0,
***** info: fwd pass comm collective for layer: mlp_moelayer is finished************
chunk size is: 41943040 , size is: 41943040 , layer_num is: 206 , node: 0
info: all-gather forward pass collective issued for layer: attention_column, involved dimensions:  1, 0, 0, 0, 0, 0, 0, 0, 0, 0,
***** info: fwd pass comm collective for layer: attention_column is finished************
chunk size is: 41943040 , size is: 41943040 , layer_num is: 207 , node: 0
info: reduce-scatter forward pass collective issued for layer: attention_row, involved dimensions:  1, 0, 0, 0, 0, 0, 0, 0, 0, 0,
***** info: fwd pass comm collective for layer: attention_row is finished************
chunk size is: 131072 , size is: 131072 , layer_num is: 208 , node: 0
info: all-gather forward pass collective issued for layer: mlp_moelayer, involved dimensions:  1, 0, 0, 0, 0, 0, 0, 0, 0, 0,
***** info: fwd pass comm collective for layer: mlp_moelayer is finished************
chunk size is: 20971520 , size is: 20971520 , layer_num is: 209 , node: 0
info: all-to-all forward pass collective issued for layer: mlp_moelayer, involved dimensions:  1, 0, 0, 0, 0, 0, 0, 0, 0, 0,
***** info: fwd pass comm collective for layer: mlp_moelayer is finished************
chunk size is: 83886080 , size is: 83886080 , layer_num is: 210 , node: 0
info: all-to-all forward pass collective issued for layer: mlp_moelayer, involved dimensions:  1, 0, 0, 0, 0, 0, 0, 0, 0, 0,
***** info: fwd pass comm collective for layer: mlp_moelayer is finished************
chunk size is: 83886080 , size is: 83886080 , layer_num is: 211 , node: 0
info: all-gather forward pass collective issued for layer: mlp_moelayer, involved dimensions:  1, 0, 0, 0, 0, 0, 0, 0, 0, 0,
***** info: fwd pass comm collective for layer: mlp_moelayer is finished************
chunk size is: 83886080 , size is: 83886080 , layer_num is: 212 , node: 0
info: reduce-scatter forward pass collective issued for layer: mlp_moelayer, involved dimensions:  1, 0, 0, 0, 0, 0, 0, 0, 0, 0,
***** info: fwd pass comm collective for layer: mlp_moelayer is finished************
chunk size is: 83886080 , size is: 83886080 , layer_num is: 213 , node: 0
info: all-to-all forward pass collective issued for layer: mlp_moelayer, involved dimensions:  1, 0, 0, 0, 0, 0, 0, 0, 0, 0,
***** info: fwd pass comm collective for layer: mlp_moelayer is finished************
chunk size is: 20971520 , size is: 20971520 , layer_num is: 214 , node: 0
info: all-to-all forward pass collective issued for layer: mlp_moelayer, involved dimensions:  1, 0, 0, 0, 0, 0, 0, 0, 0, 0,
***** info: fwd pass comm collective for layer: mlp_moelayer is finished************
chunk size is: 41943040 , size is: 41943040 , layer_num is: 215 , node: 0
info: all-gather forward pass collective issued for layer: attention_column, involved dimensions:  1, 0, 0, 0, 0, 0, 0, 0, 0, 0,
***** info: fwd pass comm collective for layer: attention_column is finished************
chunk size is: 41943040 , size is: 41943040 , layer_num is: 216 , node: 0
info: reduce-scatter forward pass collective issued for layer: attention_row, involved dimensions:  1, 0, 0, 0, 0, 0, 0, 0, 0, 0,
***** info: fwd pass comm collective for layer: attention_row is finished************
chunk size is: 131072 , size is: 131072 , layer_num is: 217 , node: 0
info: all-gather forward pass collective issued for layer: mlp_moelayer, involved dimensions:  1, 0, 0, 0, 0, 0, 0, 0, 0, 0,
***** info: fwd pass comm collective for layer: mlp_moelayer is finished************
chunk size is: 20971520 , size is: 20971520 , layer_num is: 218 , node: 0
info: all-to-all forward pass collective issued for layer: mlp_moelayer, involved dimensions:  1, 0, 0, 0, 0, 0, 0, 0, 0, 0,
***** info: fwd pass comm collective for layer: mlp_moelayer is finished************
chunk size is: 83886080 , size is: 83886080 , layer_num is: 219 , node: 0
info: all-to-all forward pass collective issued for layer: mlp_moelayer, involved dimensions:  1, 0, 0, 0, 0, 0, 0, 0, 0, 0,
***** info: fwd pass comm collective for layer: mlp_moelayer is finished************
chunk size is: 83886080 , size is: 83886080 , layer_num is: 220 , node: 0
info: all-gather forward pass collective issued for layer: mlp_moelayer, involved dimensions:  1, 0, 0, 0, 0, 0, 0, 0, 0, 0,
***** info: fwd pass comm collective for layer: mlp_moelayer is finished************
chunk size is: 83886080 , size is: 83886080 , layer_num is: 221 , node: 0
info: reduce-scatter forward pass collective issued for layer: mlp_moelayer, involved dimensions:  1, 0, 0, 0, 0, 0, 0, 0, 0, 0,
***** info: fwd pass comm collective for layer: mlp_moelayer is finished************
chunk size is: 83886080 , size is: 83886080 , layer_num is: 222 , node: 0
info: all-to-all forward pass collective issued for layer: mlp_moelayer, involved dimensions:  1, 0, 0, 0, 0, 0, 0, 0, 0, 0,
***** info: fwd pass comm collective for layer: mlp_moelayer is finished************
chunk size is: 20971520 , size is: 20971520 , layer_num is: 223 , node: 0
info: all-to-all forward pass collective issued for layer: mlp_moelayer, involved dimensions:  1, 0, 0, 0, 0, 0, 0, 0, 0, 0,
***** info: fwd pass comm collective for layer: mlp_moelayer is finished************
chunk size is: 41943040 , size is: 41943040 , layer_num is: 224 , node: 0
info: all-gather forward pass collective issued for layer: final_column, involved dimensions:  1, 0, 0, 0, 0, 0, 0, 0, 0, 0,
***** info: fwd pass comm collective for layer: final_column is finished************
chunk size is: 327680000 , size is: 327680000 , layer_num is: 225 , node: 0
info: all-reduce forward pass collective issued for layer: embedding_norm, involved dimensions:  1, 0, 0, 0, 0, 0, 0, 0, 0, 0,
***** info: fwd pass comm collective for layer: embedding_norm is finished************
info: no forward pass collective for layer: embedding_layer
chunk size is: 41943040 , size is: 41943040 , layer_num is: 227 , node: 0
info: all-gather forward pass collective issued for layer: attention_column, involved dimensions:  1, 0, 0, 0, 0, 0, 0, 0, 0, 0,
***** info: fwd pass comm collective for layer: attention_column is finished************
chunk size is: 41943040 , size is: 41943040 , layer_num is: 228 , node: 0
info: reduce-scatter forward pass collective issued for layer: attention_row, involved dimensions:  1, 0, 0, 0, 0, 0, 0, 0, 0, 0,
***** info: fwd pass comm collective for layer: attention_row is finished************
chunk size is: 131072 , size is: 131072 , layer_num is: 229 , node: 0
info: all-gather forward pass collective issued for layer: mlp_moelayer, involved dimensions:  1, 0, 0, 0, 0, 0, 0, 0, 0, 0,
***** info: fwd pass comm collective for layer: mlp_moelayer is finished************
chunk size is: 20971520 , size is: 20971520 , layer_num is: 230 , node: 0
info: all-to-all forward pass collective issued for layer: mlp_moelayer, involved dimensions:  1, 0, 0, 0, 0, 0, 0, 0, 0, 0,
***** info: fwd pass comm collective for layer: mlp_moelayer is finished************
chunk size is: 83886080 , size is: 83886080 , layer_num is: 231 , node: 0
info: all-to-all forward pass collective issued for layer: mlp_moelayer, involved dimensions:  1, 0, 0, 0, 0, 0, 0, 0, 0, 0,
***** info: fwd pass comm collective for layer: mlp_moelayer is finished************
chunk size is: 83886080 , size is: 83886080 , layer_num is: 232 , node: 0
info: all-gather forward pass collective issued for layer: mlp_moelayer, involved dimensions:  1, 0, 0, 0, 0, 0, 0, 0, 0, 0,
***** info: fwd pass comm collective for layer: mlp_moelayer is finished************
chunk size is: 83886080 , size is: 83886080 , layer_num is: 233 , node: 0
info: reduce-scatter forward pass collective issued for layer: mlp_moelayer, involved dimensions:  1, 0, 0, 0, 0, 0, 0, 0, 0, 0,
***** info: fwd pass comm collective for layer: mlp_moelayer is finished************
chunk size is: 83886080 , size is: 83886080 , layer_num is: 234 , node: 0
info: all-to-all forward pass collective issued for layer: mlp_moelayer, involved dimensions:  1, 0, 0, 0, 0, 0, 0, 0, 0, 0,
***** info: fwd pass comm collective for layer: mlp_moelayer is finished************
chunk size is: 20971520 , size is: 20971520 , layer_num is: 235 , node: 0
info: all-to-all forward pass collective issued for layer: mlp_moelayer, involved dimensions:  1, 0, 0, 0, 0, 0, 0, 0, 0, 0,
***** info: fwd pass comm collective for layer: mlp_moelayer is finished************
chunk size is: 41943040 , size is: 41943040 , layer_num is: 236 , node: 0
info: all-gather forward pass collective issued for layer: attention_column, involved dimensions:  1, 0, 0, 0, 0, 0, 0, 0, 0, 0,
***** info: fwd pass comm collective for layer: attention_column is finished************
chunk size is: 41943040 , size is: 41943040 , layer_num is: 237 , node: 0
info: reduce-scatter forward pass collective issued for layer: attention_row, involved dimensions:  1, 0, 0, 0, 0, 0, 0, 0, 0, 0,
***** info: fwd pass comm collective for layer: attention_row is finished************
chunk size is: 131072 , size is: 131072 , layer_num is: 238 , node: 0
info: all-gather forward pass collective issued for layer: mlp_moelayer, involved dimensions:  1, 0, 0, 0, 0, 0, 0, 0, 0, 0,
***** info: fwd pass comm collective for layer: mlp_moelayer is finished************
chunk size is: 20971520 , size is: 20971520 , layer_num is: 239 , node: 0
info: all-to-all forward pass collective issued for layer: mlp_moelayer, involved dimensions:  1, 0, 0, 0, 0, 0, 0, 0, 0, 0,
***** info: fwd pass comm collective for layer: mlp_moelayer is finished************
chunk size is: 83886080 , size is: 83886080 , layer_num is: 240 , node: 0
info: all-to-all forward pass collective issued for layer: mlp_moelayer, involved dimensions:  1, 0, 0, 0, 0, 0, 0, 0, 0, 0,
***** info: fwd pass comm collective for layer: mlp_moelayer is finished************
chunk size is: 83886080 , size is: 83886080 , layer_num is: 241 , node: 0
info: all-gather forward pass collective issued for layer: mlp_moelayer, involved dimensions:  1, 0, 0, 0, 0, 0, 0, 0, 0, 0,
***** info: fwd pass comm collective for layer: mlp_moelayer is finished************
chunk size is: 83886080 , size is: 83886080 , layer_num is: 242 , node: 0
info: reduce-scatter forward pass collective issued for layer: mlp_moelayer, involved dimensions:  1, 0, 0, 0, 0, 0, 0, 0, 0, 0,
***** info: fwd pass comm collective for layer: mlp_moelayer is finished************
chunk size is: 83886080 , size is: 83886080 , layer_num is: 243 , node: 0
info: all-to-all forward pass collective issued for layer: mlp_moelayer, involved dimensions:  1, 0, 0, 0, 0, 0, 0, 0, 0, 0,
***** info: fwd pass comm collective for layer: mlp_moelayer is finished************
chunk size is: 20971520 , size is: 20971520 , layer_num is: 244 , node: 0
info: all-to-all forward pass collective issued for layer: mlp_moelayer, involved dimensions:  1, 0, 0, 0, 0, 0, 0, 0, 0, 0,
***** info: fwd pass comm collective for layer: mlp_moelayer is finished************
chunk size is: 41943040 , size is: 41943040 , layer_num is: 245 , node: 0
info: all-gather forward pass collective issued for layer: attention_column, involved dimensions:  1, 0, 0, 0, 0, 0, 0, 0, 0, 0,
***** info: fwd pass comm collective for layer: attention_column is finished************
chunk size is: 41943040 , size is: 41943040 , layer_num is: 246 , node: 0
info: reduce-scatter forward pass collective issued for layer: attention_row, involved dimensions:  1, 0, 0, 0, 0, 0, 0, 0, 0, 0,
***** info: fwd pass comm collective for layer: attention_row is finished************
chunk size is: 131072 , size is: 131072 , layer_num is: 247 , node: 0
info: all-gather forward pass collective issued for layer: mlp_moelayer, involved dimensions:  1, 0, 0, 0, 0, 0, 0, 0, 0, 0,
***** info: fwd pass comm collective for layer: mlp_moelayer is finished************
chunk size is: 20971520 , size is: 20971520 , layer_num is: 248 , node: 0
info: all-to-all forward pass collective issued for layer: mlp_moelayer, involved dimensions:  1, 0, 0, 0, 0, 0, 0, 0, 0, 0,
***** info: fwd pass comm collective for layer: mlp_moelayer is finished************
chunk size is: 83886080 , size is: 83886080 , layer_num is: 249 , node: 0
info: all-to-all forward pass collective issued for layer: mlp_moelayer, involved dimensions:  1, 0, 0, 0, 0, 0, 0, 0, 0, 0,
***** info: fwd pass comm collective for layer: mlp_moelayer is finished************
chunk size is: 83886080 , size is: 83886080 , layer_num is: 250 , node: 0
info: all-gather forward pass collective issued for layer: mlp_moelayer, involved dimensions:  1, 0, 0, 0, 0, 0, 0, 0, 0, 0,
***** info: fwd pass comm collective for layer: mlp_moelayer is finished************
chunk size is: 83886080 , size is: 83886080 , layer_num is: 251 , node: 0
info: reduce-scatter forward pass collective issued for layer: mlp_moelayer, involved dimensions:  1, 0, 0, 0, 0, 0, 0, 0, 0, 0,
***** info: fwd pass comm collective for layer: mlp_moelayer is finished************
chunk size is: 83886080 , size is: 83886080 , layer_num is: 252 , node: 0
info: all-to-all forward pass collective issued for layer: mlp_moelayer, involved dimensions:  1, 0, 0, 0, 0, 0, 0, 0, 0, 0,
***** info: fwd pass comm collective for layer: mlp_moelayer is finished************
chunk size is: 20971520 , size is: 20971520 , layer_num is: 253 , node: 0
info: all-to-all forward pass collective issued for layer: mlp_moelayer, involved dimensions:  1, 0, 0, 0, 0, 0, 0, 0, 0, 0,
***** info: fwd pass comm collective for layer: mlp_moelayer is finished************
chunk size is: 41943040 , size is: 41943040 , layer_num is: 254 , node: 0
info: all-gather forward pass collective issued for layer: attention_column, involved dimensions:  1, 0, 0, 0, 0, 0, 0, 0, 0, 0,
***** info: fwd pass comm collective for layer: attention_column is finished************
chunk size is: 41943040 , size is: 41943040 , layer_num is: 255 , node: 0
info: reduce-scatter forward pass collective issued for layer: attention_row, involved dimensions:  1, 0, 0, 0, 0, 0, 0, 0, 0, 0,
***** info: fwd pass comm collective for layer: attention_row is finished************
chunk size is: 131072 , size is: 131072 , layer_num is: 256 , node: 0
info: all-gather forward pass collective issued for layer: mlp_moelayer, involved dimensions:  1, 0, 0, 0, 0, 0, 0, 0, 0, 0,
***** info: fwd pass comm collective for layer: mlp_moelayer is finished************
chunk size is: 20971520 , size is: 20971520 , layer_num is: 257 , node: 0
info: all-to-all forward pass collective issued for layer: mlp_moelayer, involved dimensions:  1, 0, 0, 0, 0, 0, 0, 0, 0, 0,
***** info: fwd pass comm collective for layer: mlp_moelayer is finished************
chunk size is: 83886080 , size is: 83886080 , layer_num is: 258 , node: 0
info: all-to-all forward pass collective issued for layer: mlp_moelayer, involved dimensions:  1, 0, 0, 0, 0, 0, 0, 0, 0, 0,
***** info: fwd pass comm collective for layer: mlp_moelayer is finished************
chunk size is: 83886080 , size is: 83886080 , layer_num is: 259 , node: 0
info: all-gather forward pass collective issued for layer: mlp_moelayer, involved dimensions:  1, 0, 0, 0, 0, 0, 0, 0, 0, 0,
***** info: fwd pass comm collective for layer: mlp_moelayer is finished************
chunk size is: 83886080 , size is: 83886080 , layer_num is: 260 , node: 0
info: reduce-scatter forward pass collective issued for layer: mlp_moelayer, involved dimensions:  1, 0, 0, 0, 0, 0, 0, 0, 0, 0,
***** info: fwd pass comm collective for layer: mlp_moelayer is finished************
chunk size is: 83886080 , size is: 83886080 , layer_num is: 261 , node: 0
info: all-to-all forward pass collective issued for layer: mlp_moelayer, involved dimensions:  1, 0, 0, 0, 0, 0, 0, 0, 0, 0,
***** info: fwd pass comm collective for layer: mlp_moelayer is finished************
chunk size is: 20971520 , size is: 20971520 , layer_num is: 262 , node: 0
info: all-to-all forward pass collective issued for layer: mlp_moelayer, involved dimensions:  1, 0, 0, 0, 0, 0, 0, 0, 0, 0,
***** info: fwd pass comm collective for layer: mlp_moelayer is finished************
chunk size is: 41943040 , size is: 41943040 , layer_num is: 263 , node: 0
info: all-gather forward pass collective issued for layer: attention_column, involved dimensions:  1, 0, 0, 0, 0, 0, 0, 0, 0, 0,
***** info: fwd pass comm collective for layer: attention_column is finished************
chunk size is: 41943040 , size is: 41943040 , layer_num is: 264 , node: 0
info: reduce-scatter forward pass collective issued for layer: attention_row, involved dimensions:  1, 0, 0, 0, 0, 0, 0, 0, 0, 0,
***** info: fwd pass comm collective for layer: attention_row is finished************
chunk size is: 131072 , size is: 131072 , layer_num is: 265 , node: 0
info: all-gather forward pass collective issued for layer: mlp_moelayer, involved dimensions:  1, 0, 0, 0, 0, 0, 0, 0, 0, 0,
***** info: fwd pass comm collective for layer: mlp_moelayer is finished************
chunk size is: 20971520 , size is: 20971520 , layer_num is: 266 , node: 0
info: all-to-all forward pass collective issued for layer: mlp_moelayer, involved dimensions:  1, 0, 0, 0, 0, 0, 0, 0, 0, 0,
***** info: fwd pass comm collective for layer: mlp_moelayer is finished************
chunk size is: 83886080 , size is: 83886080 , layer_num is: 267 , node: 0
info: all-to-all forward pass collective issued for layer: mlp_moelayer, involved dimensions:  1, 0, 0, 0, 0, 0, 0, 0, 0, 0,
***** info: fwd pass comm collective for layer: mlp_moelayer is finished************
chunk size is: 83886080 , size is: 83886080 , layer_num is: 268 , node: 0
info: all-gather forward pass collective issued for layer: mlp_moelayer, involved dimensions:  1, 0, 0, 0, 0, 0, 0, 0, 0, 0,
***** info: fwd pass comm collective for layer: mlp_moelayer is finished************
chunk size is: 83886080 , size is: 83886080 , layer_num is: 269 , node: 0
info: reduce-scatter forward pass collective issued for layer: mlp_moelayer, involved dimensions:  1, 0, 0, 0, 0, 0, 0, 0, 0, 0,
***** info: fwd pass comm collective for layer: mlp_moelayer is finished************
chunk size is: 83886080 , size is: 83886080 , layer_num is: 270 , node: 0
info: all-to-all forward pass collective issued for layer: mlp_moelayer, involved dimensions:  1, 0, 0, 0, 0, 0, 0, 0, 0, 0,
***** info: fwd pass comm collective for layer: mlp_moelayer is finished************
chunk size is: 20971520 , size is: 20971520 , layer_num is: 271 , node: 0
info: all-to-all forward pass collective issued for layer: mlp_moelayer, involved dimensions:  1, 0, 0, 0, 0, 0, 0, 0, 0, 0,
***** info: fwd pass comm collective for layer: mlp_moelayer is finished************
chunk size is: 41943040 , size is: 41943040 , layer_num is: 272 , node: 0
info: all-gather forward pass collective issued for layer: attention_column, involved dimensions:  1, 0, 0, 0, 0, 0, 0, 0, 0, 0,
***** info: fwd pass comm collective for layer: attention_column is finished************
chunk size is: 41943040 , size is: 41943040 , layer_num is: 273 , node: 0
info: reduce-scatter forward pass collective issued for layer: attention_row, involved dimensions:  1, 0, 0, 0, 0, 0, 0, 0, 0, 0,
***** info: fwd pass comm collective for layer: attention_row is finished************
chunk size is: 131072 , size is: 131072 , layer_num is: 274 , node: 0
info: all-gather forward pass collective issued for layer: mlp_moelayer, involved dimensions:  1, 0, 0, 0, 0, 0, 0, 0, 0, 0,
***** info: fwd pass comm collective for layer: mlp_moelayer is finished************
chunk size is: 20971520 , size is: 20971520 , layer_num is: 275 , node: 0
info: all-to-all forward pass collective issued for layer: mlp_moelayer, involved dimensions:  1, 0, 0, 0, 0, 0, 0, 0, 0, 0,
***** info: fwd pass comm collective for layer: mlp_moelayer is finished************
chunk size is: 83886080 , size is: 83886080 , layer_num is: 276 , node: 0
info: all-to-all forward pass collective issued for layer: mlp_moelayer, involved dimensions:  1, 0, 0, 0, 0, 0, 0, 0, 0, 0,
***** info: fwd pass comm collective for layer: mlp_moelayer is finished************
chunk size is: 83886080 , size is: 83886080 , layer_num is: 277 , node: 0
info: all-gather forward pass collective issued for layer: mlp_moelayer, involved dimensions:  1, 0, 0, 0, 0, 0, 0, 0, 0, 0,
***** info: fwd pass comm collective for layer: mlp_moelayer is finished************
chunk size is: 83886080 , size is: 83886080 , layer_num is: 278 , node: 0
info: reduce-scatter forward pass collective issued for layer: mlp_moelayer, involved dimensions:  1, 0, 0, 0, 0, 0, 0, 0, 0, 0,
***** info: fwd pass comm collective for layer: mlp_moelayer is finished************
chunk size is: 83886080 , size is: 83886080 , layer_num is: 279 , node: 0
info: all-to-all forward pass collective issued for layer: mlp_moelayer, involved dimensions:  1, 0, 0, 0, 0, 0, 0, 0, 0, 0,
***** info: fwd pass comm collective for layer: mlp_moelayer is finished************
chunk size is: 20971520 , size is: 20971520 , layer_num is: 280 , node: 0
info: all-to-all forward pass collective issued for layer: mlp_moelayer, involved dimensions:  1, 0, 0, 0, 0, 0, 0, 0, 0, 0,
***** info: fwd pass comm collective for layer: mlp_moelayer is finished************
chunk size is: 41943040 , size is: 41943040 , layer_num is: 281 , node: 0
info: all-gather forward pass collective issued for layer: attention_column, involved dimensions:  1, 0, 0, 0, 0, 0, 0, 0, 0, 0,
***** info: fwd pass comm collective for layer: attention_column is finished************
chunk size is: 41943040 , size is: 41943040 , layer_num is: 282 , node: 0
info: reduce-scatter forward pass collective issued for layer: attention_row, involved dimensions:  1, 0, 0, 0, 0, 0, 0, 0, 0, 0,
***** info: fwd pass comm collective for layer: attention_row is finished************
chunk size is: 131072 , size is: 131072 , layer_num is: 283 , node: 0
info: all-gather forward pass collective issued for layer: mlp_moelayer, involved dimensions:  1, 0, 0, 0, 0, 0, 0, 0, 0, 0,
***** info: fwd pass comm collective for layer: mlp_moelayer is finished************
chunk size is: 20971520 , size is: 20971520 , layer_num is: 284 , node: 0
info: all-to-all forward pass collective issued for layer: mlp_moelayer, involved dimensions:  1, 0, 0, 0, 0, 0, 0, 0, 0, 0,
***** info: fwd pass comm collective for layer: mlp_moelayer is finished************
chunk size is: 83886080 , size is: 83886080 , layer_num is: 285 , node: 0
info: all-to-all forward pass collective issued for layer: mlp_moelayer, involved dimensions:  1, 0, 0, 0, 0, 0, 0, 0, 0, 0,
***** info: fwd pass comm collective for layer: mlp_moelayer is finished************
chunk size is: 83886080 , size is: 83886080 , layer_num is: 286 , node: 0
info: all-gather forward pass collective issued for layer: mlp_moelayer, involved dimensions:  1, 0, 0, 0, 0, 0, 0, 0, 0, 0,
***** info: fwd pass comm collective for layer: mlp_moelayer is finished************
chunk size is: 83886080 , size is: 83886080 , layer_num is: 287 , node: 0
info: reduce-scatter forward pass collective issued for layer: mlp_moelayer, involved dimensions:  1, 0, 0, 0, 0, 0, 0, 0, 0, 0,
***** info: fwd pass comm collective for layer: mlp_moelayer is finished************
chunk size is: 83886080 , size is: 83886080 , layer_num is: 288 , node: 0
info: all-to-all forward pass collective issued for layer: mlp_moelayer, involved dimensions:  1, 0, 0, 0, 0, 0, 0, 0, 0, 0,
***** info: fwd pass comm collective for layer: mlp_moelayer is finished************
chunk size is: 20971520 , size is: 20971520 , layer_num is: 289 , node: 0
info: all-to-all forward pass collective issued for layer: mlp_moelayer, involved dimensions:  1, 0, 0, 0, 0, 0, 0, 0, 0, 0,
***** info: fwd pass comm collective for layer: mlp_moelayer is finished************
chunk size is: 41943040 , size is: 41943040 , layer_num is: 290 , node: 0
info: all-gather forward pass collective issued for layer: attention_column, involved dimensions:  1, 0, 0, 0, 0, 0, 0, 0, 0, 0,
***** info: fwd pass comm collective for layer: attention_column is finished************
chunk size is: 41943040 , size is: 41943040 , layer_num is: 291 , node: 0
info: reduce-scatter forward pass collective issued for layer: attention_row, involved dimensions:  1, 0, 0, 0, 0, 0, 0, 0, 0, 0,
***** info: fwd pass comm collective for layer: attention_row is finished************
chunk size is: 131072 , size is: 131072 , layer_num is: 292 , node: 0
info: all-gather forward pass collective issued for layer: mlp_moelayer, involved dimensions:  1, 0, 0, 0, 0, 0, 0, 0, 0, 0,
***** info: fwd pass comm collective for layer: mlp_moelayer is finished************
chunk size is: 20971520 , size is: 20971520 , layer_num is: 293 , node: 0
info: all-to-all forward pass collective issued for layer: mlp_moelayer, involved dimensions:  1, 0, 0, 0, 0, 0, 0, 0, 0, 0,
***** info: fwd pass comm collective for layer: mlp_moelayer is finished************
chunk size is: 83886080 , size is: 83886080 , layer_num is: 294 , node: 0
info: all-to-all forward pass collective issued for layer: mlp_moelayer, involved dimensions:  1, 0, 0, 0, 0, 0, 0, 0, 0, 0,
***** info: fwd pass comm collective for layer: mlp_moelayer is finished************
chunk size is: 83886080 , size is: 83886080 , layer_num is: 295 , node: 0
info: all-gather forward pass collective issued for layer: mlp_moelayer, involved dimensions:  1, 0, 0, 0, 0, 0, 0, 0, 0, 0,
***** info: fwd pass comm collective for layer: mlp_moelayer is finished************
chunk size is: 83886080 , size is: 83886080 , layer_num is: 296 , node: 0
info: reduce-scatter forward pass collective issued for layer: mlp_moelayer, involved dimensions:  1, 0, 0, 0, 0, 0, 0, 0, 0, 0,
***** info: fwd pass comm collective for layer: mlp_moelayer is finished************
chunk size is: 83886080 , size is: 83886080 , layer_num is: 297 , node: 0
info: all-to-all forward pass collective issued for layer: mlp_moelayer, involved dimensions:  1, 0, 0, 0, 0, 0, 0, 0, 0, 0,
***** info: fwd pass comm collective for layer: mlp_moelayer is finished************
chunk size is: 20971520 , size is: 20971520 , layer_num is: 298 , node: 0
info: all-to-all forward pass collective issued for layer: mlp_moelayer, involved dimensions:  1, 0, 0, 0, 0, 0, 0, 0, 0, 0,
***** info: fwd pass comm collective for layer: mlp_moelayer is finished************
chunk size is: 41943040 , size is: 41943040 , layer_num is: 299 , node: 0
info: all-gather forward pass collective issued for layer: final_column, involved dimensions:  1, 0, 0, 0, 0, 0, 0, 0, 0, 0,
***** info: fwd pass comm collective for layer: final_column is finished************
chunk size is: 327680000 , size is: 327680000 , layer_num is: 300 , node: 0
info: all-reduce forward pass collective issued for layer: embedding_norm, involved dimensions:  1, 0, 0, 0, 0, 0, 0, 0, 0, 0,
***** info: fwd pass comm collective for layer: embedding_norm is finished************
chunk size is: 16384 , size is: 16384 , layer_num is: 301 , node: 0
info: all-reduce forward pass collective issued for layer: cross_entropy1, involved dimensions:  1, 0, 0, 0, 0, 0, 0, 0, 0, 0,
***** info: fwd pass comm collective for layer: cross_entropy1 is finished************
chunk size is: 16384 , size is: 16384 , layer_num is: 302 , node: 0
info: all-reduce forward pass collective issued for layer: cross_entropy2, involved dimensions:  1, 0, 0, 0, 0, 0, 0, 0, 0, 0,
***** info: fwd pass comm collective for layer: cross_entropy2 is finished************
chunk size is: 16384 , size is: 16384 , layer_num is: 303 , node: 0
info: all-reduce forward pass collective issued for layer: cross_entropy3, involved dimensions:  1, 0, 0, 0, 0, 0, 0, 0, 0, 0,
***** info: fwd pass comm collective for layer: cross_entropy3 is finished************
chunk size is: 4096 , size is: 4096 , layer_num is: 304 , node: 0
info: all-reduce forward pass collective issued for layer: optimizer1, involved dimensions:  1, 0, 0, 0, 0, 0, 0, 0, 0, 0,
***** info: fwd pass comm collective for layer: optimizer1 is finished************
chunk size is: 4096 , size is: 4096 , layer_num is: 305 , node: 0
info: all-reduce forward pass collective issued for layer: optimizer2, involved dimensions:  1, 0, 0, 0, 0, 0, 0, 0, 0, 0,
***** info: fwd pass comm collective for layer: optimizer2 is finished************
chunk size is: 4096 , size is: 4096 , layer_num is: 306 , node: 0
info: all-reduce forward pass collective issued for layer: optimizer3, involved dimensions:  1, 0, 0, 0, 0, 0, 0, 0, 0, 0,
***** info: fwd pass comm collective for layer: optimizer3 is finished************
chunk size is: 4096 , size is: 4096 , layer_num is: 307 , node: 0
info: all-reduce forward pass collective issued for layer: optimizer4, involved dimensions:  1, 0, 0, 0, 0, 0, 0, 0, 0, 0,
***** info: fwd pass comm collective for layer: optimizer4 is finished************
info: no input grad collective for layer: optimizer4
info: no weight grad collective for layer: optimizer4
info: no input grad collective for layer: optimizer3
info: no weight grad collective for layer: optimizer3
info: no input grad collective for layer: optimizer2
info: no weight grad collective for layer: optimizer2
info: no input grad collective for layer: optimizer1
info: no weight grad collective for layer: optimizer1
info: no input grad collective for layer: cross_entropy3
info: no weight grad collective for layer: cross_entropy3
info: no input grad collective for layer: cross_entropy2
info: no weight grad collective for layer: cross_entropy2
info: no input grad collective for layer: cross_entropy1
info: no weight grad collective for layer: cross_entropy1
info: no input grad collective for layer: embedding_norm
info: no weight grad collective for layer: embedding_norm
info: no input grad collective for layer: final_column
info: no weight grad collective for layer: final_column
chunk size is: 20971520 , size is: 20971520 , layer_num is: 298 , node: 0
info: all-to-all input grad collective issued for layer: mlp_moelayer, involved dimensions:  1, 0, 0, 0, 0, 0, 0, 0, 0, 0,
***** info: input gradient collective for layer: mlp_moelayer is finished************
info: no weight grad collective for layer: mlp_moelayer
chunk size is: 83886080 , size is: 83886080 , layer_num is: 297 , node: 0
info: all-to-all input grad collective issued for layer: mlp_moelayer, involved dimensions:  1, 0, 0, 0, 0, 0, 0, 0, 0, 0,
***** info: input gradient collective for layer: mlp_moelayer is finished************
info: no weight grad collective for layer: mlp_moelayer
chunk size is: 83886080 , size is: 83886080 , layer_num is: 296 , node: 0
info: all-gather input grad collective issued for layer: mlp_moelayer, involved dimensions:  1, 0, 0, 0, 0, 0, 0, 0, 0, 0,
***** info: input gradient collective for layer: mlp_moelayer is finished************
info: no weight grad collective for layer: mlp_moelayer
chunk size is: 167772160 , size is: 167772160 , layer_num is: 295 , node: 0
info: all-gather input grad collective issued for layer: mlp_moelayer, involved dimensions:  1, 0, 0, 0, 0, 0, 0, 0, 0, 0,
***** info: input gradient collective for layer: mlp_moelayer is finished************
info: no weight grad collective for layer: mlp_moelayer
chunk size is: 83886080 , size is: 83886080 , layer_num is: 294 , node: 0
info: all-to-all input grad collective issued for layer: mlp_moelayer, involved dimensions:  1, 0, 0, 0, 0, 0, 0, 0, 0, 0,
***** info: input gradient collective for layer: mlp_moelayer is finished************
info: no weight grad collective for layer: mlp_moelayer
chunk size is: 20971520 , size is: 20971520 , layer_num is: 293 , node: 0
info: all-to-all input grad collective issued for layer: mlp_moelayer, involved dimensions:  1, 0, 0, 0, 0, 0, 0, 0, 0, 0,
***** info: input gradient collective for layer: mlp_moelayer is finished************
info: no weight grad collective for layer: mlp_moelayer
chunk size is: 131072 , size is: 131072 , layer_num is: 292 , node: 0
info: all-gather input grad collective issued for layer: mlp_moelayer, involved dimensions:  1, 0, 0, 0, 0, 0, 0, 0, 0, 0,
***** info: input gradient collective for layer: mlp_moelayer is finished************
info: no weight grad collective for layer: mlp_moelayer
info: no input grad collective for layer: attention_row
info: no weight grad collective for layer: attention_row
info: no input grad collective for layer: attention_column
info: no weight grad collective for layer: attention_column
chunk size is: 20971520 , size is: 20971520 , layer_num is: 289 , node: 0
info: all-to-all input grad collective issued for layer: mlp_moelayer, involved dimensions:  1, 0, 0, 0, 0, 0, 0, 0, 0, 0,
***** info: input gradient collective for layer: mlp_moelayer is finished************
info: no weight grad collective for layer: mlp_moelayer
chunk size is: 83886080 , size is: 83886080 , layer_num is: 288 , node: 0
info: all-to-all input grad collective issued for layer: mlp_moelayer, involved dimensions:  1, 0, 0, 0, 0, 0, 0, 0, 0, 0,
***** info: input gradient collective for layer: mlp_moelayer is finished************
info: no weight grad collective for layer: mlp_moelayer
chunk size is: 83886080 , size is: 83886080 , layer_num is: 287 , node: 0
info: all-gather input grad collective issued for layer: mlp_moelayer, involved dimensions:  1, 0, 0, 0, 0, 0, 0, 0, 0, 0,
***** info: input gradient collective for layer: mlp_moelayer is finished************
info: no weight grad collective for layer: mlp_moelayer
chunk size is: 167772160 , size is: 167772160 , layer_num is: 286 , node: 0
info: all-gather input grad collective issued for layer: mlp_moelayer, involved dimensions:  1, 0, 0, 0, 0, 0, 0, 0, 0, 0,
***** info: input gradient collective for layer: mlp_moelayer is finished************
info: no weight grad collective for layer: mlp_moelayer
chunk size is: 83886080 , size is: 83886080 , layer_num is: 285 , node: 0
info: all-to-all input grad collective issued for layer: mlp_moelayer, involved dimensions:  1, 0, 0, 0, 0, 0, 0, 0, 0, 0,
***** info: input gradient collective for layer: mlp_moelayer is finished************
info: no weight grad collective for layer: mlp_moelayer
chunk size is: 20971520 , size is: 20971520 , layer_num is: 284 , node: 0
info: all-to-all input grad collective issued for layer: mlp_moelayer, involved dimensions:  1, 0, 0, 0, 0, 0, 0, 0, 0, 0,
***** info: input gradient collective for layer: mlp_moelayer is finished************
info: no weight grad collective for layer: mlp_moelayer
chunk size is: 131072 , size is: 131072 , layer_num is: 283 , node: 0
info: all-gather input grad collective issued for layer: mlp_moelayer, involved dimensions:  1, 0, 0, 0, 0, 0, 0, 0, 0, 0,
***** info: input gradient collective for layer: mlp_moelayer is finished************
info: no weight grad collective for layer: mlp_moelayer
info: no input grad collective for layer: attention_row
info: no weight grad collective for layer: attention_row
info: no input grad collective for layer: attention_column
info: no weight grad collective for layer: attention_column
chunk size is: 20971520 , size is: 20971520 , layer_num is: 280 , node: 0
info: all-to-all input grad collective issued for layer: mlp_moelayer, involved dimensions:  1, 0, 0, 0, 0, 0, 0, 0, 0, 0,
***** info: input gradient collective for layer: mlp_moelayer is finished************
info: no weight grad collective for layer: mlp_moelayer
chunk size is: 83886080 , size is: 83886080 , layer_num is: 279 , node: 0
info: all-to-all input grad collective issued for layer: mlp_moelayer, involved dimensions:  1, 0, 0, 0, 0, 0, 0, 0, 0, 0,
***** info: input gradient collective for layer: mlp_moelayer is finished************
info: no weight grad collective for layer: mlp_moelayer
chunk size is: 83886080 , size is: 83886080 , layer_num is: 278 , node: 0
info: all-gather input grad collective issued for layer: mlp_moelayer, involved dimensions:  1, 0, 0, 0, 0, 0, 0, 0, 0, 0,
***** info: input gradient collective for layer: mlp_moelayer is finished************
info: no weight grad collective for layer: mlp_moelayer
chunk size is: 167772160 , size is: 167772160 , layer_num is: 277 , node: 0
info: all-gather input grad collective issued for layer: mlp_moelayer, involved dimensions:  1, 0, 0, 0, 0, 0, 0, 0, 0, 0,
***** info: input gradient collective for layer: mlp_moelayer is finished************
info: no weight grad collective for layer: mlp_moelayer
chunk size is: 83886080 , size is: 83886080 , layer_num is: 276 , node: 0
info: all-to-all input grad collective issued for layer: mlp_moelayer, involved dimensions:  1, 0, 0, 0, 0, 0, 0, 0, 0, 0,
***** info: input gradient collective for layer: mlp_moelayer is finished************
info: no weight grad collective for layer: mlp_moelayer
chunk size is: 20971520 , size is: 20971520 , layer_num is: 275 , node: 0
info: all-to-all input grad collective issued for layer: mlp_moelayer, involved dimensions:  1, 0, 0, 0, 0, 0, 0, 0, 0, 0,
***** info: input gradient collective for layer: mlp_moelayer is finished************
info: no weight grad collective for layer: mlp_moelayer
chunk size is: 131072 , size is: 131072 , layer_num is: 274 , node: 0
info: all-gather input grad collective issued for layer: mlp_moelayer, involved dimensions:  1, 0, 0, 0, 0, 0, 0, 0, 0, 0,
***** info: input gradient collective for layer: mlp_moelayer is finished************
info: no weight grad collective for layer: mlp_moelayer
info: no input grad collective for layer: attention_row
info: no weight grad collective for layer: attention_row
info: no input grad collective for layer: attention_column
info: no weight grad collective for layer: attention_column
chunk size is: 20971520 , size is: 20971520 , layer_num is: 271 , node: 0
info: all-to-all input grad collective issued for layer: mlp_moelayer, involved dimensions:  1, 0, 0, 0, 0, 0, 0, 0, 0, 0,
***** info: input gradient collective for layer: mlp_moelayer is finished************
info: no weight grad collective for layer: mlp_moelayer
chunk size is: 83886080 , size is: 83886080 , layer_num is: 270 , node: 0
info: all-to-all input grad collective issued for layer: mlp_moelayer, involved dimensions:  1, 0, 0, 0, 0, 0, 0, 0, 0, 0,
***** info: input gradient collective for layer: mlp_moelayer is finished************
info: no weight grad collective for layer: mlp_moelayer
chunk size is: 83886080 , size is: 83886080 , layer_num is: 269 , node: 0
info: all-gather input grad collective issued for layer: mlp_moelayer, involved dimensions:  1, 0, 0, 0, 0, 0, 0, 0, 0, 0,
***** info: input gradient collective for layer: mlp_moelayer is finished************
info: no weight grad collective for layer: mlp_moelayer
chunk size is: 167772160 , size is: 167772160 , layer_num is: 268 , node: 0
info: all-gather input grad collective issued for layer: mlp_moelayer, involved dimensions:  1, 0, 0, 0, 0, 0, 0, 0, 0, 0,
***** info: input gradient collective for layer: mlp_moelayer is finished************
info: no weight grad collective for layer: mlp_moelayer
chunk size is: 83886080 , size is: 83886080 , layer_num is: 267 , node: 0
info: all-to-all input grad collective issued for layer: mlp_moelayer, involved dimensions:  1, 0, 0, 0, 0, 0, 0, 0, 0, 0,
***** info: input gradient collective for layer: mlp_moelayer is finished************
info: no weight grad collective for layer: mlp_moelayer
chunk size is: 20971520 , size is: 20971520 , layer_num is: 266 , node: 0
info: all-to-all input grad collective issued for layer: mlp_moelayer, involved dimensions:  1, 0, 0, 0, 0, 0, 0, 0, 0, 0,
***** info: input gradient collective for layer: mlp_moelayer is finished************
info: no weight grad collective for layer: mlp_moelayer
chunk size is: 131072 , size is: 131072 , layer_num is: 265 , node: 0
info: all-gather input grad collective issued for layer: mlp_moelayer, involved dimensions:  1, 0, 0, 0, 0, 0, 0, 0, 0, 0,
***** info: input gradient collective for layer: mlp_moelayer is finished************
info: no weight grad collective for layer: mlp_moelayer
info: no input grad collective for layer: attention_row
info: no weight grad collective for layer: attention_row
info: no input grad collective for layer: attention_column
info: no weight grad collective for layer: attention_column
chunk size is: 20971520 , size is: 20971520 , layer_num is: 262 , node: 0
info: all-to-all input grad collective issued for layer: mlp_moelayer, involved dimensions:  1, 0, 0, 0, 0, 0, 0, 0, 0, 0,
***** info: input gradient collective for layer: mlp_moelayer is finished************
info: no weight grad collective for layer: mlp_moelayer
chunk size is: 83886080 , size is: 83886080 , layer_num is: 261 , node: 0
info: all-to-all input grad collective issued for layer: mlp_moelayer, involved dimensions:  1, 0, 0, 0, 0, 0, 0, 0, 0, 0,
***** info: input gradient collective for layer: mlp_moelayer is finished************
info: no weight grad collective for layer: mlp_moelayer
chunk size is: 83886080 , size is: 83886080 , layer_num is: 260 , node: 0
info: all-gather input grad collective issued for layer: mlp_moelayer, involved dimensions:  1, 0, 0, 0, 0, 0, 0, 0, 0, 0,
***** info: input gradient collective for layer: mlp_moelayer is finished************
info: no weight grad collective for layer: mlp_moelayer
chunk size is: 167772160 , size is: 167772160 , layer_num is: 259 , node: 0
info: all-gather input grad collective issued for layer: mlp_moelayer, involved dimensions:  1, 0, 0, 0, 0, 0, 0, 0, 0, 0,
***** info: input gradient collective for layer: mlp_moelayer is finished************
info: no weight grad collective for layer: mlp_moelayer
chunk size is: 83886080 , size is: 83886080 , layer_num is: 258 , node: 0
info: all-to-all input grad collective issued for layer: mlp_moelayer, involved dimensions:  1, 0, 0, 0, 0, 0, 0, 0, 0, 0,
***** info: input gradient collective for layer: mlp_moelayer is finished************
info: no weight grad collective for layer: mlp_moelayer
chunk size is: 20971520 , size is: 20971520 , layer_num is: 257 , node: 0
info: all-to-all input grad collective issued for layer: mlp_moelayer, involved dimensions:  1, 0, 0, 0, 0, 0, 0, 0, 0, 0,
***** info: input gradient collective for layer: mlp_moelayer is finished************
info: no weight grad collective for layer: mlp_moelayer
chunk size is: 131072 , size is: 131072 , layer_num is: 256 , node: 0
info: all-gather input grad collective issued for layer: mlp_moelayer, involved dimensions:  1, 0, 0, 0, 0, 0, 0, 0, 0, 0,
***** info: input gradient collective for layer: mlp_moelayer is finished************
info: no weight grad collective for layer: mlp_moelayer
info: no input grad collective for layer: attention_row
info: no weight grad collective for layer: attention_row
info: no input grad collective for layer: attention_column
info: no weight grad collective for layer: attention_column
chunk size is: 20971520 , size is: 20971520 , layer_num is: 253 , node: 0
info: all-to-all input grad collective issued for layer: mlp_moelayer, involved dimensions:  1, 0, 0, 0, 0, 0, 0, 0, 0, 0,
***** info: input gradient collective for layer: mlp_moelayer is finished************
info: no weight grad collective for layer: mlp_moelayer
chunk size is: 83886080 , size is: 83886080 , layer_num is: 252 , node: 0
info: all-to-all input grad collective issued for layer: mlp_moelayer, involved dimensions:  1, 0, 0, 0, 0, 0, 0, 0, 0, 0,
***** info: input gradient collective for layer: mlp_moelayer is finished************
info: no weight grad collective for layer: mlp_moelayer
chunk size is: 83886080 , size is: 83886080 , layer_num is: 251 , node: 0
info: all-gather input grad collective issued for layer: mlp_moelayer, involved dimensions:  1, 0, 0, 0, 0, 0, 0, 0, 0, 0,
***** info: input gradient collective for layer: mlp_moelayer is finished************
info: no weight grad collective for layer: mlp_moelayer
chunk size is: 167772160 , size is: 167772160 , layer_num is: 250 , node: 0
info: all-gather input grad collective issued for layer: mlp_moelayer, involved dimensions:  1, 0, 0, 0, 0, 0, 0, 0, 0, 0,
***** info: input gradient collective for layer: mlp_moelayer is finished************
info: no weight grad collective for layer: mlp_moelayer
chunk size is: 83886080 , size is: 83886080 , layer_num is: 249 , node: 0
info: all-to-all input grad collective issued for layer: mlp_moelayer, involved dimensions:  1, 0, 0, 0, 0, 0, 0, 0, 0, 0,
***** info: input gradient collective for layer: mlp_moelayer is finished************
info: no weight grad collective for layer: mlp_moelayer
chunk size is: 20971520 , size is: 20971520 , layer_num is: 248 , node: 0
info: all-to-all input grad collective issued for layer: mlp_moelayer, involved dimensions:  1, 0, 0, 0, 0, 0, 0, 0, 0, 0,
***** info: input gradient collective for layer: mlp_moelayer is finished************
info: no weight grad collective for layer: mlp_moelayer
chunk size is: 131072 , size is: 131072 , layer_num is: 247 , node: 0
info: all-gather input grad collective issued for layer: mlp_moelayer, involved dimensions:  1, 0, 0, 0, 0, 0, 0, 0, 0, 0,
***** info: input gradient collective for layer: mlp_moelayer is finished************
info: no weight grad collective for layer: mlp_moelayer
info: no input grad collective for layer: attention_row
info: no weight grad collective for layer: attention_row
info: no input grad collective for layer: attention_column
info: no weight grad collective for layer: attention_column
chunk size is: 20971520 , size is: 20971520 , layer_num is: 244 , node: 0
info: all-to-all input grad collective issued for layer: mlp_moelayer, involved dimensions:  1, 0, 0, 0, 0, 0, 0, 0, 0, 0,
***** info: input gradient collective for layer: mlp_moelayer is finished************
info: no weight grad collective for layer: mlp_moelayer
chunk size is: 83886080 , size is: 83886080 , layer_num is: 243 , node: 0
info: all-to-all input grad collective issued for layer: mlp_moelayer, involved dimensions:  1, 0, 0, 0, 0, 0, 0, 0, 0, 0,
***** info: input gradient collective for layer: mlp_moelayer is finished************
info: no weight grad collective for layer: mlp_moelayer
chunk size is: 83886080 , size is: 83886080 , layer_num is: 242 , node: 0
info: all-gather input grad collective issued for layer: mlp_moelayer, involved dimensions:  1, 0, 0, 0, 0, 0, 0, 0, 0, 0,
***** info: input gradient collective for layer: mlp_moelayer is finished************
info: no weight grad collective for layer: mlp_moelayer
chunk size is: 167772160 , size is: 167772160 , layer_num is: 241 , node: 0
info: all-gather input grad collective issued for layer: mlp_moelayer, involved dimensions:  1, 0, 0, 0, 0, 0, 0, 0, 0, 0,
***** info: input gradient collective for layer: mlp_moelayer is finished************
info: no weight grad collective for layer: mlp_moelayer
chunk size is: 83886080 , size is: 83886080 , layer_num is: 240 , node: 0
info: all-to-all input grad collective issued for layer: mlp_moelayer, involved dimensions:  1, 0, 0, 0, 0, 0, 0, 0, 0, 0,
***** info: input gradient collective for layer: mlp_moelayer is finished************
info: no weight grad collective for layer: mlp_moelayer
chunk size is: 20971520 , size is: 20971520 , layer_num is: 239 , node: 0
info: all-to-all input grad collective issued for layer: mlp_moelayer, involved dimensions:  1, 0, 0, 0, 0, 0, 0, 0, 0, 0,
***** info: input gradient collective for layer: mlp_moelayer is finished************
info: no weight grad collective for layer: mlp_moelayer
chunk size is: 131072 , size is: 131072 , layer_num is: 238 , node: 0
info: all-gather input grad collective issued for layer: mlp_moelayer, involved dimensions:  1, 0, 0, 0, 0, 0, 0, 0, 0, 0,
***** info: input gradient collective for layer: mlp_moelayer is finished************
info: no weight grad collective for layer: mlp_moelayer
info: no input grad collective for layer: attention_row
info: no weight grad collective for layer: attention_row
info: no input grad collective for layer: attention_column
info: no weight grad collective for layer: attention_column
chunk size is: 20971520 , size is: 20971520 , layer_num is: 235 , node: 0
info: all-to-all input grad collective issued for layer: mlp_moelayer, involved dimensions:  1, 0, 0, 0, 0, 0, 0, 0, 0, 0,
***** info: input gradient collective for layer: mlp_moelayer is finished************
info: no weight grad collective for layer: mlp_moelayer
chunk size is: 83886080 , size is: 83886080 , layer_num is: 234 , node: 0
info: all-to-all input grad collective issued for layer: mlp_moelayer, involved dimensions:  1, 0, 0, 0, 0, 0, 0, 0, 0, 0,
***** info: input gradient collective for layer: mlp_moelayer is finished************
info: no weight grad collective for layer: mlp_moelayer
chunk size is: 83886080 , size is: 83886080 , layer_num is: 233 , node: 0
info: all-gather input grad collective issued for layer: mlp_moelayer, involved dimensions:  1, 0, 0, 0, 0, 0, 0, 0, 0, 0,
***** info: input gradient collective for layer: mlp_moelayer is finished************
info: no weight grad collective for layer: mlp_moelayer
chunk size is: 167772160 , size is: 167772160 , layer_num is: 232 , node: 0
info: all-gather input grad collective issued for layer: mlp_moelayer, involved dimensions:  1, 0, 0, 0, 0, 0, 0, 0, 0, 0,
***** info: input gradient collective for layer: mlp_moelayer is finished************
info: no weight grad collective for layer: mlp_moelayer
chunk size is: 83886080 , size is: 83886080 , layer_num is: 231 , node: 0
info: all-to-all input grad collective issued for layer: mlp_moelayer, involved dimensions:  1, 0, 0, 0, 0, 0, 0, 0, 0, 0,
***** info: input gradient collective for layer: mlp_moelayer is finished************
info: no weight grad collective for layer: mlp_moelayer
chunk size is: 20971520 , size is: 20971520 , layer_num is: 230 , node: 0
info: all-to-all input grad collective issued for layer: mlp_moelayer, involved dimensions:  1, 0, 0, 0, 0, 0, 0, 0, 0, 0,
***** info: input gradient collective for layer: mlp_moelayer is finished************
info: no weight grad collective for layer: mlp_moelayer
chunk size is: 131072 , size is: 131072 , layer_num is: 229 , node: 0
info: all-gather input grad collective issued for layer: mlp_moelayer, involved dimensions:  1, 0, 0, 0, 0, 0, 0, 0, 0, 0,
***** info: input gradient collective for layer: mlp_moelayer is finished************
info: no weight grad collective for layer: mlp_moelayer
info: no input grad collective for layer: attention_row
info: no weight grad collective for layer: attention_row
info: no input grad collective for layer: attention_column
info: no weight grad collective for layer: attention_column
info: no input grad collective for layer: embedding_layer
info: no weight grad collective for layer: embedding_layer
info: no input grad collective for layer: embedding_norm
info: no weight grad collective for layer: embedding_norm
info: no input grad collective for layer: final_column
info: no weight grad collective for layer: final_column
chunk size is: 20971520 , size is: 20971520 , layer_num is: 223 , node: 0
info: all-to-all input grad collective issued for layer: mlp_moelayer, involved dimensions:  1, 0, 0, 0, 0, 0, 0, 0, 0, 0,
***** info: input gradient collective for layer: mlp_moelayer is finished************
info: no weight grad collective for layer: mlp_moelayer
chunk size is: 83886080 , size is: 83886080 , layer_num is: 222 , node: 0
info: all-to-all input grad collective issued for layer: mlp_moelayer, involved dimensions:  1, 0, 0, 0, 0, 0, 0, 0, 0, 0,
***** info: input gradient collective for layer: mlp_moelayer is finished************
info: no weight grad collective for layer: mlp_moelayer
chunk size is: 83886080 , size is: 83886080 , layer_num is: 221 , node: 0
info: all-gather input grad collective issued for layer: mlp_moelayer, involved dimensions:  1, 0, 0, 0, 0, 0, 0, 0, 0, 0,
***** info: input gradient collective for layer: mlp_moelayer is finished************
info: no weight grad collective for layer: mlp_moelayer
chunk size is: 167772160 , size is: 167772160 , layer_num is: 220 , node: 0
info: all-gather input grad collective issued for layer: mlp_moelayer, involved dimensions:  1, 0, 0, 0, 0, 0, 0, 0, 0, 0,
***** info: input gradient collective for layer: mlp_moelayer is finished************
info: no weight grad collective for layer: mlp_moelayer
chunk size is: 83886080 , size is: 83886080 , layer_num is: 219 , node: 0
info: all-to-all input grad collective issued for layer: mlp_moelayer, involved dimensions:  1, 0, 0, 0, 0, 0, 0, 0, 0, 0,
***** info: input gradient collective for layer: mlp_moelayer is finished************
info: no weight grad collective for layer: mlp_moelayer
chunk size is: 20971520 , size is: 20971520 , layer_num is: 218 , node: 0
info: all-to-all input grad collective issued for layer: mlp_moelayer, involved dimensions:  1, 0, 0, 0, 0, 0, 0, 0, 0, 0,
***** info: input gradient collective for layer: mlp_moelayer is finished************
info: no weight grad collective for layer: mlp_moelayer
chunk size is: 131072 , size is: 131072 , layer_num is: 217 , node: 0
info: all-gather input grad collective issued for layer: mlp_moelayer, involved dimensions:  1, 0, 0, 0, 0, 0, 0, 0, 0, 0,
***** info: input gradient collective for layer: mlp_moelayer is finished************
info: no weight grad collective for layer: mlp_moelayer
info: no input grad collective for layer: attention_row
info: no weight grad collective for layer: attention_row
info: no input grad collective for layer: attention_column
info: no weight grad collective for layer: attention_column
chunk size is: 20971520 , size is: 20971520 , layer_num is: 214 , node: 0
info: all-to-all input grad collective issued for layer: mlp_moelayer, involved dimensions:  1, 0, 0, 0, 0, 0, 0, 0, 0, 0,
***** info: input gradient collective for layer: mlp_moelayer is finished************
info: no weight grad collective for layer: mlp_moelayer
chunk size is: 83886080 , size is: 83886080 , layer_num is: 213 , node: 0
info: all-to-all input grad collective issued for layer: mlp_moelayer, involved dimensions:  1, 0, 0, 0, 0, 0, 0, 0, 0, 0,
***** info: input gradient collective for layer: mlp_moelayer is finished************
info: no weight grad collective for layer: mlp_moelayer
chunk size is: 83886080 , size is: 83886080 , layer_num is: 212 , node: 0
info: all-gather input grad collective issued for layer: mlp_moelayer, involved dimensions:  1, 0, 0, 0, 0, 0, 0, 0, 0, 0,
***** info: input gradient collective for layer: mlp_moelayer is finished************
info: no weight grad collective for layer: mlp_moelayer
chunk size is: 167772160 , size is: 167772160 , layer_num is: 211 , node: 0
info: all-gather input grad collective issued for layer: mlp_moelayer, involved dimensions:  1, 0, 0, 0, 0, 0, 0, 0, 0, 0,
***** info: input gradient collective for layer: mlp_moelayer is finished************
info: no weight grad collective for layer: mlp_moelayer
chunk size is: 83886080 , size is: 83886080 , layer_num is: 210 , node: 0
info: all-to-all input grad collective issued for layer: mlp_moelayer, involved dimensions:  1, 0, 0, 0, 0, 0, 0, 0, 0, 0,
***** info: input gradient collective for layer: mlp_moelayer is finished************
info: no weight grad collective for layer: mlp_moelayer
chunk size is: 20971520 , size is: 20971520 , layer_num is: 209 , node: 0
info: all-to-all input grad collective issued for layer: mlp_moelayer, involved dimensions:  1, 0, 0, 0, 0, 0, 0, 0, 0, 0,
***** info: input gradient collective for layer: mlp_moelayer is finished************
info: no weight grad collective for layer: mlp_moelayer
chunk size is: 131072 , size is: 131072 , layer_num is: 208 , node: 0
info: all-gather input grad collective issued for layer: mlp_moelayer, involved dimensions:  1, 0, 0, 0, 0, 0, 0, 0, 0, 0,
***** info: input gradient collective for layer: mlp_moelayer is finished************
info: no weight grad collective for layer: mlp_moelayer
info: no input grad collective for layer: attention_row
info: no weight grad collective for layer: attention_row
info: no input grad collective for layer: attention_column
info: no weight grad collective for layer: attention_column
chunk size is: 20971520 , size is: 20971520 , layer_num is: 205 , node: 0
info: all-to-all input grad collective issued for layer: mlp_moelayer, involved dimensions:  1, 0, 0, 0, 0, 0, 0, 0, 0, 0,
***** info: input gradient collective for layer: mlp_moelayer is finished************
info: no weight grad collective for layer: mlp_moelayer
chunk size is: 83886080 , size is: 83886080 , layer_num is: 204 , node: 0
info: all-to-all input grad collective issued for layer: mlp_moelayer, involved dimensions:  1, 0, 0, 0, 0, 0, 0, 0, 0, 0,
***** info: input gradient collective for layer: mlp_moelayer is finished************
info: no weight grad collective for layer: mlp_moelayer
chunk size is: 83886080 , size is: 83886080 , layer_num is: 203 , node: 0
info: all-gather input grad collective issued for layer: mlp_moelayer, involved dimensions:  1, 0, 0, 0, 0, 0, 0, 0, 0, 0,
***** info: input gradient collective for layer: mlp_moelayer is finished************
info: no weight grad collective for layer: mlp_moelayer
chunk size is: 167772160 , size is: 167772160 , layer_num is: 202 , node: 0
info: all-gather input grad collective issued for layer: mlp_moelayer, involved dimensions:  1, 0, 0, 0, 0, 0, 0, 0, 0, 0,
***** info: input gradient collective for layer: mlp_moelayer is finished************
info: no weight grad collective for layer: mlp_moelayer
chunk size is: 83886080 , size is: 83886080 , layer_num is: 201 , node: 0
info: all-to-all input grad collective issued for layer: mlp_moelayer, involved dimensions:  1, 0, 0, 0, 0, 0, 0, 0, 0, 0,
***** info: input gradient collective for layer: mlp_moelayer is finished************
info: no weight grad collective for layer: mlp_moelayer
chunk size is: 20971520 , size is: 20971520 , layer_num is: 200 , node: 0
info: all-to-all input grad collective issued for layer: mlp_moelayer, involved dimensions:  1, 0, 0, 0, 0, 0, 0, 0, 0, 0,
***** info: input gradient collective for layer: mlp_moelayer is finished************
info: no weight grad collective for layer: mlp_moelayer
chunk size is: 131072 , size is: 131072 , layer_num is: 199 , node: 0
info: all-gather input grad collective issued for layer: mlp_moelayer, involved dimensions:  1, 0, 0, 0, 0, 0, 0, 0, 0, 0,
***** info: input gradient collective for layer: mlp_moelayer is finished************
info: no weight grad collective for layer: mlp_moelayer
info: no input grad collective for layer: attention_row
info: no weight grad collective for layer: attention_row
info: no input grad collective for layer: attention_column
info: no weight grad collective for layer: attention_column
chunk size is: 20971520 , size is: 20971520 , layer_num is: 196 , node: 0
info: all-to-all input grad collective issued for layer: mlp_moelayer, involved dimensions:  1, 0, 0, 0, 0, 0, 0, 0, 0, 0,
***** info: input gradient collective for layer: mlp_moelayer is finished************
info: no weight grad collective for layer: mlp_moelayer
chunk size is: 83886080 , size is: 83886080 , layer_num is: 195 , node: 0
info: all-to-all input grad collective issued for layer: mlp_moelayer, involved dimensions:  1, 0, 0, 0, 0, 0, 0, 0, 0, 0,
***** info: input gradient collective for layer: mlp_moelayer is finished************
info: no weight grad collective for layer: mlp_moelayer
chunk size is: 83886080 , size is: 83886080 , layer_num is: 194 , node: 0
info: all-gather input grad collective issued for layer: mlp_moelayer, involved dimensions:  1, 0, 0, 0, 0, 0, 0, 0, 0, 0,
***** info: input gradient collective for layer: mlp_moelayer is finished************
info: no weight grad collective for layer: mlp_moelayer
chunk size is: 167772160 , size is: 167772160 , layer_num is: 193 , node: 0
info: all-gather input grad collective issued for layer: mlp_moelayer, involved dimensions:  1, 0, 0, 0, 0, 0, 0, 0, 0, 0,
***** info: input gradient collective for layer: mlp_moelayer is finished************
info: no weight grad collective for layer: mlp_moelayer
chunk size is: 83886080 , size is: 83886080 , layer_num is: 192 , node: 0
info: all-to-all input grad collective issued for layer: mlp_moelayer, involved dimensions:  1, 0, 0, 0, 0, 0, 0, 0, 0, 0,
***** info: input gradient collective for layer: mlp_moelayer is finished************
info: no weight grad collective for layer: mlp_moelayer
chunk size is: 20971520 , size is: 20971520 , layer_num is: 191 , node: 0
info: all-to-all input grad collective issued for layer: mlp_moelayer, involved dimensions:  1, 0, 0, 0, 0, 0, 0, 0, 0, 0,
***** info: input gradient collective for layer: mlp_moelayer is finished************
info: no weight grad collective for layer: mlp_moelayer
chunk size is: 131072 , size is: 131072 , layer_num is: 190 , node: 0
info: all-gather input grad collective issued for layer: mlp_moelayer, involved dimensions:  1, 0, 0, 0, 0, 0, 0, 0, 0, 0,
***** info: input gradient collective for layer: mlp_moelayer is finished************
info: no weight grad collective for layer: mlp_moelayer
info: no input grad collective for layer: attention_row
info: no weight grad collective for layer: attention_row
info: no input grad collective for layer: attention_column
info: no weight grad collective for layer: attention_column
chunk size is: 20971520 , size is: 20971520 , layer_num is: 187 , node: 0
info: all-to-all input grad collective issued for layer: mlp_moelayer, involved dimensions:  1, 0, 0, 0, 0, 0, 0, 0, 0, 0,
***** info: input gradient collective for layer: mlp_moelayer is finished************
info: no weight grad collective for layer: mlp_moelayer
chunk size is: 83886080 , size is: 83886080 , layer_num is: 186 , node: 0
info: all-to-all input grad collective issued for layer: mlp_moelayer, involved dimensions:  1, 0, 0, 0, 0, 0, 0, 0, 0, 0,
***** info: input gradient collective for layer: mlp_moelayer is finished************
info: no weight grad collective for layer: mlp_moelayer
chunk size is: 83886080 , size is: 83886080 , layer_num is: 185 , node: 0
info: all-gather input grad collective issued for layer: mlp_moelayer, involved dimensions:  1, 0, 0, 0, 0, 0, 0, 0, 0, 0,
***** info: input gradient collective for layer: mlp_moelayer is finished************
info: no weight grad collective for layer: mlp_moelayer
chunk size is: 167772160 , size is: 167772160 , layer_num is: 184 , node: 0
info: all-gather input grad collective issued for layer: mlp_moelayer, involved dimensions:  1, 0, 0, 0, 0, 0, 0, 0, 0, 0,
***** info: input gradient collective for layer: mlp_moelayer is finished************
info: no weight grad collective for layer: mlp_moelayer
chunk size is: 83886080 , size is: 83886080 , layer_num is: 183 , node: 0
info: all-to-all input grad collective issued for layer: mlp_moelayer, involved dimensions:  1, 0, 0, 0, 0, 0, 0, 0, 0, 0,
***** info: input gradient collective for layer: mlp_moelayer is finished************
info: no weight grad collective for layer: mlp_moelayer
chunk size is: 20971520 , size is: 20971520 , layer_num is: 182 , node: 0
info: all-to-all input grad collective issued for layer: mlp_moelayer, involved dimensions:  1, 0, 0, 0, 0, 0, 0, 0, 0, 0,
***** info: input gradient collective for layer: mlp_moelayer is finished************
info: no weight grad collective for layer: mlp_moelayer
chunk size is: 131072 , size is: 131072 , layer_num is: 181 , node: 0
info: all-gather input grad collective issued for layer: mlp_moelayer, involved dimensions:  1, 0, 0, 0, 0, 0, 0, 0, 0, 0,
***** info: input gradient collective for layer: mlp_moelayer is finished************
info: no weight grad collective for layer: mlp_moelayer
info: no input grad collective for layer: attention_row
info: no weight grad collective for layer: attention_row
info: no input grad collective for layer: attention_column
info: no weight grad collective for layer: attention_column
chunk size is: 20971520 , size is: 20971520 , layer_num is: 178 , node: 0
info: all-to-all input grad collective issued for layer: mlp_moelayer, involved dimensions:  1, 0, 0, 0, 0, 0, 0, 0, 0, 0,
***** info: input gradient collective for layer: mlp_moelayer is finished************
info: no weight grad collective for layer: mlp_moelayer
chunk size is: 83886080 , size is: 83886080 , layer_num is: 177 , node: 0
info: all-to-all input grad collective issued for layer: mlp_moelayer, involved dimensions:  1, 0, 0, 0, 0, 0, 0, 0, 0, 0,
***** info: input gradient collective for layer: mlp_moelayer is finished************
info: no weight grad collective for layer: mlp_moelayer
chunk size is: 83886080 , size is: 83886080 , layer_num is: 176 , node: 0
info: all-gather input grad collective issued for layer: mlp_moelayer, involved dimensions:  1, 0, 0, 0, 0, 0, 0, 0, 0, 0,
***** info: input gradient collective for layer: mlp_moelayer is finished************
info: no weight grad collective for layer: mlp_moelayer
chunk size is: 167772160 , size is: 167772160 , layer_num is: 175 , node: 0
info: all-gather input grad collective issued for layer: mlp_moelayer, involved dimensions:  1, 0, 0, 0, 0, 0, 0, 0, 0, 0,
***** info: input gradient collective for layer: mlp_moelayer is finished************
info: no weight grad collective for layer: mlp_moelayer
chunk size is: 83886080 , size is: 83886080 , layer_num is: 174 , node: 0
info: all-to-all input grad collective issued for layer: mlp_moelayer, involved dimensions:  1, 0, 0, 0, 0, 0, 0, 0, 0, 0,
***** info: input gradient collective for layer: mlp_moelayer is finished************
info: no weight grad collective for layer: mlp_moelayer
chunk size is: 20971520 , size is: 20971520 , layer_num is: 173 , node: 0
info: all-to-all input grad collective issued for layer: mlp_moelayer, involved dimensions:  1, 0, 0, 0, 0, 0, 0, 0, 0, 0,
***** info: input gradient collective for layer: mlp_moelayer is finished************
info: no weight grad collective for layer: mlp_moelayer
chunk size is: 131072 , size is: 131072 , layer_num is: 172 , node: 0
info: all-gather input grad collective issued for layer: mlp_moelayer, involved dimensions:  1, 0, 0, 0, 0, 0, 0, 0, 0, 0,
***** info: input gradient collective for layer: mlp_moelayer is finished************
info: no weight grad collective for layer: mlp_moelayer
info: no input grad collective for layer: attention_row
info: no weight grad collective for layer: attention_row
info: no input grad collective for layer: attention_column
info: no weight grad collective for layer: attention_column
chunk size is: 20971520 , size is: 20971520 , layer_num is: 169 , node: 0
info: all-to-all input grad collective issued for layer: mlp_moelayer, involved dimensions:  1, 0, 0, 0, 0, 0, 0, 0, 0, 0,
***** info: input gradient collective for layer: mlp_moelayer is finished************
info: no weight grad collective for layer: mlp_moelayer
chunk size is: 83886080 , size is: 83886080 , layer_num is: 168 , node: 0
info: all-to-all input grad collective issued for layer: mlp_moelayer, involved dimensions:  1, 0, 0, 0, 0, 0, 0, 0, 0, 0,
***** info: input gradient collective for layer: mlp_moelayer is finished************
info: no weight grad collective for layer: mlp_moelayer
chunk size is: 83886080 , size is: 83886080 , layer_num is: 167 , node: 0
info: all-gather input grad collective issued for layer: mlp_moelayer, involved dimensions:  1, 0, 0, 0, 0, 0, 0, 0, 0, 0,
***** info: input gradient collective for layer: mlp_moelayer is finished************
info: no weight grad collective for layer: mlp_moelayer
chunk size is: 167772160 , size is: 167772160 , layer_num is: 166 , node: 0
info: all-gather input grad collective issued for layer: mlp_moelayer, involved dimensions:  1, 0, 0, 0, 0, 0, 0, 0, 0, 0,
***** info: input gradient collective for layer: mlp_moelayer is finished************
info: no weight grad collective for layer: mlp_moelayer
chunk size is: 83886080 , size is: 83886080 , layer_num is: 165 , node: 0
info: all-to-all input grad collective issued for layer: mlp_moelayer, involved dimensions:  1, 0, 0, 0, 0, 0, 0, 0, 0, 0,
***** info: input gradient collective for layer: mlp_moelayer is finished************
info: no weight grad collective for layer: mlp_moelayer
chunk size is: 20971520 , size is: 20971520 , layer_num is: 164 , node: 0
info: all-to-all input grad collective issued for layer: mlp_moelayer, involved dimensions:  1, 0, 0, 0, 0, 0, 0, 0, 0, 0,
***** info: input gradient collective for layer: mlp_moelayer is finished************
info: no weight grad collective for layer: mlp_moelayer
chunk size is: 131072 , size is: 131072 , layer_num is: 163 , node: 0
info: all-gather input grad collective issued for layer: mlp_moelayer, involved dimensions:  1, 0, 0, 0, 0, 0, 0, 0, 0, 0,
***** info: input gradient collective for layer: mlp_moelayer is finished************
info: no weight grad collective for layer: mlp_moelayer
info: no input grad collective for layer: attention_row
info: no weight grad collective for layer: attention_row
info: no input grad collective for layer: attention_column
info: no weight grad collective for layer: attention_column
chunk size is: 20971520 , size is: 20971520 , layer_num is: 160 , node: 0
info: all-to-all input grad collective issued for layer: mlp_moelayer, involved dimensions:  1, 0, 0, 0, 0, 0, 0, 0, 0, 0,
***** info: input gradient collective for layer: mlp_moelayer is finished************
info: no weight grad collective for layer: mlp_moelayer
chunk size is: 83886080 , size is: 83886080 , layer_num is: 159 , node: 0
info: all-to-all input grad collective issued for layer: mlp_moelayer, involved dimensions:  1, 0, 0, 0, 0, 0, 0, 0, 0, 0,
***** info: input gradient collective for layer: mlp_moelayer is finished************
info: no weight grad collective for layer: mlp_moelayer
chunk size is: 83886080 , size is: 83886080 , layer_num is: 158 , node: 0
info: all-gather input grad collective issued for layer: mlp_moelayer, involved dimensions:  1, 0, 0, 0, 0, 0, 0, 0, 0, 0,
***** info: input gradient collective for layer: mlp_moelayer is finished************
info: no weight grad collective for layer: mlp_moelayer
chunk size is: 167772160 , size is: 167772160 , layer_num is: 157 , node: 0
info: all-gather input grad collective issued for layer: mlp_moelayer, involved dimensions:  1, 0, 0, 0, 0, 0, 0, 0, 0, 0,
***** info: input gradient collective for layer: mlp_moelayer is finished************
info: no weight grad collective for layer: mlp_moelayer
chunk size is: 83886080 , size is: 83886080 , layer_num is: 156 , node: 0
info: all-to-all input grad collective issued for layer: mlp_moelayer, involved dimensions:  1, 0, 0, 0, 0, 0, 0, 0, 0, 0,
***** info: input gradient collective for layer: mlp_moelayer is finished************
info: no weight grad collective for layer: mlp_moelayer
chunk size is: 20971520 , size is: 20971520 , layer_num is: 155 , node: 0
info: all-to-all input grad collective issued for layer: mlp_moelayer, involved dimensions:  1, 0, 0, 0, 0, 0, 0, 0, 0, 0,
***** info: input gradient collective for layer: mlp_moelayer is finished************
info: no weight grad collective for layer: mlp_moelayer
chunk size is: 131072 , size is: 131072 , layer_num is: 154 , node: 0
info: all-gather input grad collective issued for layer: mlp_moelayer, involved dimensions:  1, 0, 0, 0, 0, 0, 0, 0, 0, 0,
***** info: input gradient collective for layer: mlp_moelayer is finished************
info: no weight grad collective for layer: mlp_moelayer
info: no input grad collective for layer: attention_row
info: no weight grad collective for layer: attention_row
info: no input grad collective for layer: attention_column
info: no weight grad collective for layer: attention_column
info: no input grad collective for layer: embedding_layer
info: no weight grad collective for layer: embedding_layer
info: no input grad collective for layer: embedding_norm
info: no weight grad collective for layer: embedding_norm
info: no input grad collective for layer: final_column
info: no weight grad collective for layer: final_column
chunk size is: 20971520 , size is: 20971520 , layer_num is: 148 , node: 0
info: all-to-all input grad collective issued for layer: mlp_moelayer, involved dimensions:  1, 0, 0, 0, 0, 0, 0, 0, 0, 0,
***** info: input gradient collective for layer: mlp_moelayer is finished************
info: no weight grad collective for layer: mlp_moelayer
chunk size is: 83886080 , size is: 83886080 , layer_num is: 147 , node: 0
info: all-to-all input grad collective issued for layer: mlp_moelayer, involved dimensions:  1, 0, 0, 0, 0, 0, 0, 0, 0, 0,
***** info: input gradient collective for layer: mlp_moelayer is finished************
info: no weight grad collective for layer: mlp_moelayer
chunk size is: 83886080 , size is: 83886080 , layer_num is: 146 , node: 0
info: all-gather input grad collective issued for layer: mlp_moelayer, involved dimensions:  1, 0, 0, 0, 0, 0, 0, 0, 0, 0,
***** info: input gradient collective for layer: mlp_moelayer is finished************
info: no weight grad collective for layer: mlp_moelayer
chunk size is: 167772160 , size is: 167772160 , layer_num is: 145 , node: 0
info: all-gather input grad collective issued for layer: mlp_moelayer, involved dimensions:  1, 0, 0, 0, 0, 0, 0, 0, 0, 0,
***** info: input gradient collective for layer: mlp_moelayer is finished************
info: no weight grad collective for layer: mlp_moelayer
chunk size is: 83886080 , size is: 83886080 , layer_num is: 144 , node: 0
info: all-to-all input grad collective issued for layer: mlp_moelayer, involved dimensions:  1, 0, 0, 0, 0, 0, 0, 0, 0, 0,
***** info: input gradient collective for layer: mlp_moelayer is finished************
info: no weight grad collective for layer: mlp_moelayer
chunk size is: 20971520 , size is: 20971520 , layer_num is: 143 , node: 0
info: all-to-all input grad collective issued for layer: mlp_moelayer, involved dimensions:  1, 0, 0, 0, 0, 0, 0, 0, 0, 0,
***** info: input gradient collective for layer: mlp_moelayer is finished************
info: no weight grad collective for layer: mlp_moelayer
chunk size is: 131072 , size is: 131072 , layer_num is: 142 , node: 0
info: all-gather input grad collective issued for layer: mlp_moelayer, involved dimensions:  1, 0, 0, 0, 0, 0, 0, 0, 0, 0,
***** info: input gradient collective for layer: mlp_moelayer is finished************
info: no weight grad collective for layer: mlp_moelayer
info: no input grad collective for layer: attention_row
info: no weight grad collective for layer: attention_row
info: no input grad collective for layer: attention_column
info: no weight grad collective for layer: attention_column
chunk size is: 20971520 , size is: 20971520 , layer_num is: 139 , node: 0
info: all-to-all input grad collective issued for layer: mlp_moelayer, involved dimensions:  1, 0, 0, 0, 0, 0, 0, 0, 0, 0,
***** info: input gradient collective for layer: mlp_moelayer is finished************
info: no weight grad collective for layer: mlp_moelayer
chunk size is: 83886080 , size is: 83886080 , layer_num is: 138 , node: 0
info: all-to-all input grad collective issued for layer: mlp_moelayer, involved dimensions:  1, 0, 0, 0, 0, 0, 0, 0, 0, 0,
***** info: input gradient collective for layer: mlp_moelayer is finished************
info: no weight grad collective for layer: mlp_moelayer
chunk size is: 83886080 , size is: 83886080 , layer_num is: 137 , node: 0
info: all-gather input grad collective issued for layer: mlp_moelayer, involved dimensions:  1, 0, 0, 0, 0, 0, 0, 0, 0, 0,
***** info: input gradient collective for layer: mlp_moelayer is finished************
info: no weight grad collective for layer: mlp_moelayer
chunk size is: 167772160 , size is: 167772160 , layer_num is: 136 , node: 0
info: all-gather input grad collective issued for layer: mlp_moelayer, involved dimensions:  1, 0, 0, 0, 0, 0, 0, 0, 0, 0,
***** info: input gradient collective for layer: mlp_moelayer is finished************
info: no weight grad collective for layer: mlp_moelayer
chunk size is: 83886080 , size is: 83886080 , layer_num is: 135 , node: 0
info: all-to-all input grad collective issued for layer: mlp_moelayer, involved dimensions:  1, 0, 0, 0, 0, 0, 0, 0, 0, 0,
***** info: input gradient collective for layer: mlp_moelayer is finished************
info: no weight grad collective for layer: mlp_moelayer
chunk size is: 20971520 , size is: 20971520 , layer_num is: 134 , node: 0
info: all-to-all input grad collective issued for layer: mlp_moelayer, involved dimensions:  1, 0, 0, 0, 0, 0, 0, 0, 0, 0,
***** info: input gradient collective for layer: mlp_moelayer is finished************
info: no weight grad collective for layer: mlp_moelayer
chunk size is: 131072 , size is: 131072 , layer_num is: 133 , node: 0
info: all-gather input grad collective issued for layer: mlp_moelayer, involved dimensions:  1, 0, 0, 0, 0, 0, 0, 0, 0, 0,
***** info: input gradient collective for layer: mlp_moelayer is finished************
info: no weight grad collective for layer: mlp_moelayer
info: no input grad collective for layer: attention_row
info: no weight grad collective for layer: attention_row
info: no input grad collective for layer: attention_column
info: no weight grad collective for layer: attention_column
chunk size is: 20971520 , size is: 20971520 , layer_num is: 130 , node: 0
info: all-to-all input grad collective issued for layer: mlp_moelayer, involved dimensions:  1, 0, 0, 0, 0, 0, 0, 0, 0, 0,
***** info: input gradient collective for layer: mlp_moelayer is finished************
info: no weight grad collective for layer: mlp_moelayer
chunk size is: 83886080 , size is: 83886080 , layer_num is: 129 , node: 0
info: all-to-all input grad collective issued for layer: mlp_moelayer, involved dimensions:  1, 0, 0, 0, 0, 0, 0, 0, 0, 0,
***** info: input gradient collective for layer: mlp_moelayer is finished************
info: no weight grad collective for layer: mlp_moelayer
chunk size is: 83886080 , size is: 83886080 , layer_num is: 128 , node: 0
info: all-gather input grad collective issued for layer: mlp_moelayer, involved dimensions:  1, 0, 0, 0, 0, 0, 0, 0, 0, 0,
***** info: input gradient collective for layer: mlp_moelayer is finished************
info: no weight grad collective for layer: mlp_moelayer
chunk size is: 167772160 , size is: 167772160 , layer_num is: 127 , node: 0
info: all-gather input grad collective issued for layer: mlp_moelayer, involved dimensions:  1, 0, 0, 0, 0, 0, 0, 0, 0, 0,
***** info: input gradient collective for layer: mlp_moelayer is finished************
info: no weight grad collective for layer: mlp_moelayer
chunk size is: 83886080 , size is: 83886080 , layer_num is: 126 , node: 0
info: all-to-all input grad collective issued for layer: mlp_moelayer, involved dimensions:  1, 0, 0, 0, 0, 0, 0, 0, 0, 0,
***** info: input gradient collective for layer: mlp_moelayer is finished************
info: no weight grad collective for layer: mlp_moelayer
chunk size is: 20971520 , size is: 20971520 , layer_num is: 125 , node: 0
info: all-to-all input grad collective issued for layer: mlp_moelayer, involved dimensions:  1, 0, 0, 0, 0, 0, 0, 0, 0, 0,
***** info: input gradient collective for layer: mlp_moelayer is finished************
info: no weight grad collective for layer: mlp_moelayer
chunk size is: 131072 , size is: 131072 , layer_num is: 124 , node: 0
info: all-gather input grad collective issued for layer: mlp_moelayer, involved dimensions:  1, 0, 0, 0, 0, 0, 0, 0, 0, 0,
***** info: input gradient collective for layer: mlp_moelayer is finished************
info: no weight grad collective for layer: mlp_moelayer
info: no input grad collective for layer: attention_row
info: no weight grad collective for layer: attention_row
info: no input grad collective for layer: attention_column
info: no weight grad collective for layer: attention_column
chunk size is: 20971520 , size is: 20971520 , layer_num is: 121 , node: 0
info: all-to-all input grad collective issued for layer: mlp_moelayer, involved dimensions:  1, 0, 0, 0, 0, 0, 0, 0, 0, 0,
***** info: input gradient collective for layer: mlp_moelayer is finished************
info: no weight grad collective for layer: mlp_moelayer
chunk size is: 83886080 , size is: 83886080 , layer_num is: 120 , node: 0
info: all-to-all input grad collective issued for layer: mlp_moelayer, involved dimensions:  1, 0, 0, 0, 0, 0, 0, 0, 0, 0,
***** info: input gradient collective for layer: mlp_moelayer is finished************
info: no weight grad collective for layer: mlp_moelayer
chunk size is: 83886080 , size is: 83886080 , layer_num is: 119 , node: 0
info: all-gather input grad collective issued for layer: mlp_moelayer, involved dimensions:  1, 0, 0, 0, 0, 0, 0, 0, 0, 0,
***** info: input gradient collective for layer: mlp_moelayer is finished************
info: no weight grad collective for layer: mlp_moelayer
chunk size is: 167772160 , size is: 167772160 , layer_num is: 118 , node: 0
info: all-gather input grad collective issued for layer: mlp_moelayer, involved dimensions:  1, 0, 0, 0, 0, 0, 0, 0, 0, 0,
***** info: input gradient collective for layer: mlp_moelayer is finished************
info: no weight grad collective for layer: mlp_moelayer
chunk size is: 83886080 , size is: 83886080 , layer_num is: 117 , node: 0
info: all-to-all input grad collective issued for layer: mlp_moelayer, involved dimensions:  1, 0, 0, 0, 0, 0, 0, 0, 0, 0,
***** info: input gradient collective for layer: mlp_moelayer is finished************
info: no weight grad collective for layer: mlp_moelayer
chunk size is: 20971520 , size is: 20971520 , layer_num is: 116 , node: 0
info: all-to-all input grad collective issued for layer: mlp_moelayer, involved dimensions:  1, 0, 0, 0, 0, 0, 0, 0, 0, 0,
***** info: input gradient collective for layer: mlp_moelayer is finished************
info: no weight grad collective for layer: mlp_moelayer
chunk size is: 131072 , size is: 131072 , layer_num is: 115 , node: 0
info: all-gather input grad collective issued for layer: mlp_moelayer, involved dimensions:  1, 0, 0, 0, 0, 0, 0, 0, 0, 0,
***** info: input gradient collective for layer: mlp_moelayer is finished************
info: no weight grad collective for layer: mlp_moelayer
info: no input grad collective for layer: attention_row
info: no weight grad collective for layer: attention_row
info: no input grad collective for layer: attention_column
info: no weight grad collective for layer: attention_column
chunk size is: 20971520 , size is: 20971520 , layer_num is: 112 , node: 0
info: all-to-all input grad collective issued for layer: mlp_moelayer, involved dimensions:  1, 0, 0, 0, 0, 0, 0, 0, 0, 0,
***** info: input gradient collective for layer: mlp_moelayer is finished************
info: no weight grad collective for layer: mlp_moelayer
chunk size is: 83886080 , size is: 83886080 , layer_num is: 111 , node: 0
info: all-to-all input grad collective issued for layer: mlp_moelayer, involved dimensions:  1, 0, 0, 0, 0, 0, 0, 0, 0, 0,
***** info: input gradient collective for layer: mlp_moelayer is finished************
info: no weight grad collective for layer: mlp_moelayer
chunk size is: 83886080 , size is: 83886080 , layer_num is: 110 , node: 0
info: all-gather input grad collective issued for layer: mlp_moelayer, involved dimensions:  1, 0, 0, 0, 0, 0, 0, 0, 0, 0,
***** info: input gradient collective for layer: mlp_moelayer is finished************
info: no weight grad collective for layer: mlp_moelayer
chunk size is: 167772160 , size is: 167772160 , layer_num is: 109 , node: 0
info: all-gather input grad collective issued for layer: mlp_moelayer, involved dimensions:  1, 0, 0, 0, 0, 0, 0, 0, 0, 0,
***** info: input gradient collective for layer: mlp_moelayer is finished************
info: no weight grad collective for layer: mlp_moelayer
chunk size is: 83886080 , size is: 83886080 , layer_num is: 108 , node: 0
info: all-to-all input grad collective issued for layer: mlp_moelayer, involved dimensions:  1, 0, 0, 0, 0, 0, 0, 0, 0, 0,
***** info: input gradient collective for layer: mlp_moelayer is finished************
info: no weight grad collective for layer: mlp_moelayer
chunk size is: 20971520 , size is: 20971520 , layer_num is: 107 , node: 0
info: all-to-all input grad collective issued for layer: mlp_moelayer, involved dimensions:  1, 0, 0, 0, 0, 0, 0, 0, 0, 0,
***** info: input gradient collective for layer: mlp_moelayer is finished************
info: no weight grad collective for layer: mlp_moelayer
chunk size is: 131072 , size is: 131072 , layer_num is: 106 , node: 0
info: all-gather input grad collective issued for layer: mlp_moelayer, involved dimensions:  1, 0, 0, 0, 0, 0, 0, 0, 0, 0,
***** info: input gradient collective for layer: mlp_moelayer is finished************
info: no weight grad collective for layer: mlp_moelayer
info: no input grad collective for layer: attention_row
info: no weight grad collective for layer: attention_row
info: no input grad collective for layer: attention_column
info: no weight grad collective for layer: attention_column
chunk size is: 20971520 , size is: 20971520 , layer_num is: 103 , node: 0
info: all-to-all input grad collective issued for layer: mlp_moelayer, involved dimensions:  1, 0, 0, 0, 0, 0, 0, 0, 0, 0,
***** info: input gradient collective for layer: mlp_moelayer is finished************
info: no weight grad collective for layer: mlp_moelayer
chunk size is: 83886080 , size is: 83886080 , layer_num is: 102 , node: 0
info: all-to-all input grad collective issued for layer: mlp_moelayer, involved dimensions:  1, 0, 0, 0, 0, 0, 0, 0, 0, 0,
***** info: input gradient collective for layer: mlp_moelayer is finished************
info: no weight grad collective for layer: mlp_moelayer
chunk size is: 83886080 , size is: 83886080 , layer_num is: 101 , node: 0
info: all-gather input grad collective issued for layer: mlp_moelayer, involved dimensions:  1, 0, 0, 0, 0, 0, 0, 0, 0, 0,
***** info: input gradient collective for layer: mlp_moelayer is finished************
info: no weight grad collective for layer: mlp_moelayer
chunk size is: 167772160 , size is: 167772160 , layer_num is: 100 , node: 0
info: all-gather input grad collective issued for layer: mlp_moelayer, involved dimensions:  1, 0, 0, 0, 0, 0, 0, 0, 0, 0,
***** info: input gradient collective for layer: mlp_moelayer is finished************
info: no weight grad collective for layer: mlp_moelayer
chunk size is: 83886080 , size is: 83886080 , layer_num is: 99 , node: 0
info: all-to-all input grad collective issued for layer: mlp_moelayer, involved dimensions:  1, 0, 0, 0, 0, 0, 0, 0, 0, 0,
***** info: input gradient collective for layer: mlp_moelayer is finished************
info: no weight grad collective for layer: mlp_moelayer
chunk size is: 20971520 , size is: 20971520 , layer_num is: 98 , node: 0
info: all-to-all input grad collective issued for layer: mlp_moelayer, involved dimensions:  1, 0, 0, 0, 0, 0, 0, 0, 0, 0,
***** info: input gradient collective for layer: mlp_moelayer is finished************
info: no weight grad collective for layer: mlp_moelayer
chunk size is: 131072 , size is: 131072 , layer_num is: 97 , node: 0
info: all-gather input grad collective issued for layer: mlp_moelayer, involved dimensions:  1, 0, 0, 0, 0, 0, 0, 0, 0, 0,
***** info: input gradient collective for layer: mlp_moelayer is finished************
info: no weight grad collective for layer: mlp_moelayer
info: no input grad collective for layer: attention_row
info: no weight grad collective for layer: attention_row
info: no input grad collective for layer: attention_column
info: no weight grad collective for layer: attention_column
chunk size is: 20971520 , size is: 20971520 , layer_num is: 94 , node: 0
info: all-to-all input grad collective issued for layer: mlp_moelayer, involved dimensions:  1, 0, 0, 0, 0, 0, 0, 0, 0, 0,
***** info: input gradient collective for layer: mlp_moelayer is finished************
info: no weight grad collective for layer: mlp_moelayer
chunk size is: 83886080 , size is: 83886080 , layer_num is: 93 , node: 0
info: all-to-all input grad collective issued for layer: mlp_moelayer, involved dimensions:  1, 0, 0, 0, 0, 0, 0, 0, 0, 0,
***** info: input gradient collective for layer: mlp_moelayer is finished************
info: no weight grad collective for layer: mlp_moelayer
chunk size is: 83886080 , size is: 83886080 , layer_num is: 92 , node: 0
info: all-gather input grad collective issued for layer: mlp_moelayer, involved dimensions:  1, 0, 0, 0, 0, 0, 0, 0, 0, 0,
***** info: input gradient collective for layer: mlp_moelayer is finished************
info: no weight grad collective for layer: mlp_moelayer
chunk size is: 167772160 , size is: 167772160 , layer_num is: 91 , node: 0
info: all-gather input grad collective issued for layer: mlp_moelayer, involved dimensions:  1, 0, 0, 0, 0, 0, 0, 0, 0, 0,
***** info: input gradient collective for layer: mlp_moelayer is finished************
info: no weight grad collective for layer: mlp_moelayer
chunk size is: 83886080 , size is: 83886080 , layer_num is: 90 , node: 0
info: all-to-all input grad collective issued for layer: mlp_moelayer, involved dimensions:  1, 0, 0, 0, 0, 0, 0, 0, 0, 0,
***** info: input gradient collective for layer: mlp_moelayer is finished************
info: no weight grad collective for layer: mlp_moelayer
chunk size is: 20971520 , size is: 20971520 , layer_num is: 89 , node: 0
info: all-to-all input grad collective issued for layer: mlp_moelayer, involved dimensions:  1, 0, 0, 0, 0, 0, 0, 0, 0, 0,
***** info: input gradient collective for layer: mlp_moelayer is finished************
info: no weight grad collective for layer: mlp_moelayer
chunk size is: 131072 , size is: 131072 , layer_num is: 88 , node: 0
info: all-gather input grad collective issued for layer: mlp_moelayer, involved dimensions:  1, 0, 0, 0, 0, 0, 0, 0, 0, 0,
***** info: input gradient collective for layer: mlp_moelayer is finished************
info: no weight grad collective for layer: mlp_moelayer
info: no input grad collective for layer: attention_row
info: no weight grad collective for layer: attention_row
info: no input grad collective for layer: attention_column
info: no weight grad collective for layer: attention_column
chunk size is: 20971520 , size is: 20971520 , layer_num is: 85 , node: 0
info: all-to-all input grad collective issued for layer: mlp_moelayer, involved dimensions:  1, 0, 0, 0, 0, 0, 0, 0, 0, 0,
***** info: input gradient collective for layer: mlp_moelayer is finished************
info: no weight grad collective for layer: mlp_moelayer
chunk size is: 83886080 , size is: 83886080 , layer_num is: 84 , node: 0
info: all-to-all input grad collective issued for layer: mlp_moelayer, involved dimensions:  1, 0, 0, 0, 0, 0, 0, 0, 0, 0,
***** info: input gradient collective for layer: mlp_moelayer is finished************
info: no weight grad collective for layer: mlp_moelayer
chunk size is: 83886080 , size is: 83886080 , layer_num is: 83 , node: 0
info: all-gather input grad collective issued for layer: mlp_moelayer, involved dimensions:  1, 0, 0, 0, 0, 0, 0, 0, 0, 0,
***** info: input gradient collective for layer: mlp_moelayer is finished************
info: no weight grad collective for layer: mlp_moelayer
chunk size is: 167772160 , size is: 167772160 , layer_num is: 82 , node: 0
info: all-gather input grad collective issued for layer: mlp_moelayer, involved dimensions:  1, 0, 0, 0, 0, 0, 0, 0, 0, 0,
***** info: input gradient collective for layer: mlp_moelayer is finished************
info: no weight grad collective for layer: mlp_moelayer
chunk size is: 83886080 , size is: 83886080 , layer_num is: 81 , node: 0
info: all-to-all input grad collective issued for layer: mlp_moelayer, involved dimensions:  1, 0, 0, 0, 0, 0, 0, 0, 0, 0,
***** info: input gradient collective for layer: mlp_moelayer is finished************
info: no weight grad collective for layer: mlp_moelayer
chunk size is: 20971520 , size is: 20971520 , layer_num is: 80 , node: 0
info: all-to-all input grad collective issued for layer: mlp_moelayer, involved dimensions:  1, 0, 0, 0, 0, 0, 0, 0, 0, 0,
***** info: input gradient collective for layer: mlp_moelayer is finished************
info: no weight grad collective for layer: mlp_moelayer
chunk size is: 131072 , size is: 131072 , layer_num is: 79 , node: 0
info: all-gather input grad collective issued for layer: mlp_moelayer, involved dimensions:  1, 0, 0, 0, 0, 0, 0, 0, 0, 0,
***** info: input gradient collective for layer: mlp_moelayer is finished************
info: no weight grad collective for layer: mlp_moelayer
info: no input grad collective for layer: attention_row
info: no weight grad collective for layer: attention_row
info: no input grad collective for layer: attention_column
info: no weight grad collective for layer: attention_column
info: no input grad collective for layer: embedding_layer
info: no weight grad collective for layer: embedding_layer
info: no input grad collective for layer: embedding_norm
info: no weight grad collective for layer: embedding_norm
info: no input grad collective for layer: final_column
info: no weight grad collective for layer: final_column
chunk size is: 20971520 , size is: 20971520 , layer_num is: 73 , node: 0
info: all-to-all input grad collective issued for layer: mlp_moelayer, involved dimensions:  1, 0, 0, 0, 0, 0, 0, 0, 0, 0,
***** info: input gradient collective for layer: mlp_moelayer is finished************
info: no weight grad collective for layer: mlp_moelayer
chunk size is: 83886080 , size is: 83886080 , layer_num is: 72 , node: 0
info: all-to-all input grad collective issued for layer: mlp_moelayer, involved dimensions:  1, 0, 0, 0, 0, 0, 0, 0, 0, 0,
***** info: input gradient collective for layer: mlp_moelayer is finished************
info: no weight grad collective for layer: mlp_moelayer
chunk size is: 83886080 , size is: 83886080 , layer_num is: 71 , node: 0
info: all-gather input grad collective issued for layer: mlp_moelayer, involved dimensions:  1, 0, 0, 0, 0, 0, 0, 0, 0, 0,
***** info: input gradient collective for layer: mlp_moelayer is finished************
info: no weight grad collective for layer: mlp_moelayer
chunk size is: 167772160 , size is: 167772160 , layer_num is: 70 , node: 0
info: all-gather input grad collective issued for layer: mlp_moelayer, involved dimensions:  1, 0, 0, 0, 0, 0, 0, 0, 0, 0,
***** info: input gradient collective for layer: mlp_moelayer is finished************
info: no weight grad collective for layer: mlp_moelayer
chunk size is: 83886080 , size is: 83886080 , layer_num is: 69 , node: 0
info: all-to-all input grad collective issued for layer: mlp_moelayer, involved dimensions:  1, 0, 0, 0, 0, 0, 0, 0, 0, 0,
***** info: input gradient collective for layer: mlp_moelayer is finished************
info: no weight grad collective for layer: mlp_moelayer
chunk size is: 20971520 , size is: 20971520 , layer_num is: 68 , node: 0
info: all-to-all input grad collective issued for layer: mlp_moelayer, involved dimensions:  1, 0, 0, 0, 0, 0, 0, 0, 0, 0,
***** info: input gradient collective for layer: mlp_moelayer is finished************
info: no weight grad collective for layer: mlp_moelayer
chunk size is: 131072 , size is: 131072 , layer_num is: 67 , node: 0
info: all-gather input grad collective issued for layer: mlp_moelayer, involved dimensions:  1, 0, 0, 0, 0, 0, 0, 0, 0, 0,
***** info: input gradient collective for layer: mlp_moelayer is finished************
info: no weight grad collective for layer: mlp_moelayer
info: no input grad collective for layer: attention_row
info: no weight grad collective for layer: attention_row
info: no input grad collective for layer: attention_column
info: no weight grad collective for layer: attention_column
chunk size is: 20971520 , size is: 20971520 , layer_num is: 64 , node: 0
info: all-to-all input grad collective issued for layer: mlp_moelayer, involved dimensions:  1, 0, 0, 0, 0, 0, 0, 0, 0, 0,
***** info: input gradient collective for layer: mlp_moelayer is finished************
info: no weight grad collective for layer: mlp_moelayer
chunk size is: 83886080 , size is: 83886080 , layer_num is: 63 , node: 0
info: all-to-all input grad collective issued for layer: mlp_moelayer, involved dimensions:  1, 0, 0, 0, 0, 0, 0, 0, 0, 0,
***** info: input gradient collective for layer: mlp_moelayer is finished************
info: no weight grad collective for layer: mlp_moelayer
chunk size is: 83886080 , size is: 83886080 , layer_num is: 62 , node: 0
info: all-gather input grad collective issued for layer: mlp_moelayer, involved dimensions:  1, 0, 0, 0, 0, 0, 0, 0, 0, 0,
***** info: input gradient collective for layer: mlp_moelayer is finished************
info: no weight grad collective for layer: mlp_moelayer
chunk size is: 167772160 , size is: 167772160 , layer_num is: 61 , node: 0
info: all-gather input grad collective issued for layer: mlp_moelayer, involved dimensions:  1, 0, 0, 0, 0, 0, 0, 0, 0, 0,
***** info: input gradient collective for layer: mlp_moelayer is finished************
info: no weight grad collective for layer: mlp_moelayer
chunk size is: 83886080 , size is: 83886080 , layer_num is: 60 , node: 0
info: all-to-all input grad collective issued for layer: mlp_moelayer, involved dimensions:  1, 0, 0, 0, 0, 0, 0, 0, 0, 0,
***** info: input gradient collective for layer: mlp_moelayer is finished************
info: no weight grad collective for layer: mlp_moelayer
chunk size is: 20971520 , size is: 20971520 , layer_num is: 59 , node: 0
info: all-to-all input grad collective issued for layer: mlp_moelayer, involved dimensions:  1, 0, 0, 0, 0, 0, 0, 0, 0, 0,
***** info: input gradient collective for layer: mlp_moelayer is finished************
info: no weight grad collective for layer: mlp_moelayer
chunk size is: 131072 , size is: 131072 , layer_num is: 58 , node: 0
info: all-gather input grad collective issued for layer: mlp_moelayer, involved dimensions:  1, 0, 0, 0, 0, 0, 0, 0, 0, 0,
***** info: input gradient collective for layer: mlp_moelayer is finished************
info: no weight grad collective for layer: mlp_moelayer
info: no input grad collective for layer: attention_row
info: no weight grad collective for layer: attention_row
info: no input grad collective for layer: attention_column
info: no weight grad collective for layer: attention_column
chunk size is: 20971520 , size is: 20971520 , layer_num is: 55 , node: 0
info: all-to-all input grad collective issued for layer: mlp_moelayer, involved dimensions:  1, 0, 0, 0, 0, 0, 0, 0, 0, 0,
***** info: input gradient collective for layer: mlp_moelayer is finished************
info: no weight grad collective for layer: mlp_moelayer
chunk size is: 83886080 , size is: 83886080 , layer_num is: 54 , node: 0
info: all-to-all input grad collective issued for layer: mlp_moelayer, involved dimensions:  1, 0, 0, 0, 0, 0, 0, 0, 0, 0,
***** info: input gradient collective for layer: mlp_moelayer is finished************
info: no weight grad collective for layer: mlp_moelayer
chunk size is: 83886080 , size is: 83886080 , layer_num is: 53 , node: 0
info: all-gather input grad collective issued for layer: mlp_moelayer, involved dimensions:  1, 0, 0, 0, 0, 0, 0, 0, 0, 0,
***** info: input gradient collective for layer: mlp_moelayer is finished************
info: no weight grad collective for layer: mlp_moelayer
chunk size is: 167772160 , size is: 167772160 , layer_num is: 52 , node: 0
info: all-gather input grad collective issued for layer: mlp_moelayer, involved dimensions:  1, 0, 0, 0, 0, 0, 0, 0, 0, 0,
***** info: input gradient collective for layer: mlp_moelayer is finished************
info: no weight grad collective for layer: mlp_moelayer
chunk size is: 83886080 , size is: 83886080 , layer_num is: 51 , node: 0
info: all-to-all input grad collective issued for layer: mlp_moelayer, involved dimensions:  1, 0, 0, 0, 0, 0, 0, 0, 0, 0,
***** info: input gradient collective for layer: mlp_moelayer is finished************
info: no weight grad collective for layer: mlp_moelayer
chunk size is: 20971520 , size is: 20971520 , layer_num is: 50 , node: 0
info: all-to-all input grad collective issued for layer: mlp_moelayer, involved dimensions:  1, 0, 0, 0, 0, 0, 0, 0, 0, 0,
***** info: input gradient collective for layer: mlp_moelayer is finished************
info: no weight grad collective for layer: mlp_moelayer
chunk size is: 131072 , size is: 131072 , layer_num is: 49 , node: 0
info: all-gather input grad collective issued for layer: mlp_moelayer, involved dimensions:  1, 0, 0, 0, 0, 0, 0, 0, 0, 0,
***** info: input gradient collective for layer: mlp_moelayer is finished************
info: no weight grad collective for layer: mlp_moelayer
info: no input grad collective for layer: attention_row
info: no weight grad collective for layer: attention_row
info: no input grad collective for layer: attention_column
info: no weight grad collective for layer: attention_column
chunk size is: 20971520 , size is: 20971520 , layer_num is: 46 , node: 0
info: all-to-all input grad collective issued for layer: mlp_moelayer, involved dimensions:  1, 0, 0, 0, 0, 0, 0, 0, 0, 0,
***** info: input gradient collective for layer: mlp_moelayer is finished************
info: no weight grad collective for layer: mlp_moelayer
chunk size is: 83886080 , size is: 83886080 , layer_num is: 45 , node: 0
info: all-to-all input grad collective issued for layer: mlp_moelayer, involved dimensions:  1, 0, 0, 0, 0, 0, 0, 0, 0, 0,
***** info: input gradient collective for layer: mlp_moelayer is finished************
info: no weight grad collective for layer: mlp_moelayer
chunk size is: 83886080 , size is: 83886080 , layer_num is: 44 , node: 0
info: all-gather input grad collective issued for layer: mlp_moelayer, involved dimensions:  1, 0, 0, 0, 0, 0, 0, 0, 0, 0,
***** info: input gradient collective for layer: mlp_moelayer is finished************
info: no weight grad collective for layer: mlp_moelayer
chunk size is: 167772160 , size is: 167772160 , layer_num is: 43 , node: 0
info: all-gather input grad collective issued for layer: mlp_moelayer, involved dimensions:  1, 0, 0, 0, 0, 0, 0, 0, 0, 0,
***** info: input gradient collective for layer: mlp_moelayer is finished************
info: no weight grad collective for layer: mlp_moelayer
chunk size is: 83886080 , size is: 83886080 , layer_num is: 42 , node: 0
info: all-to-all input grad collective issued for layer: mlp_moelayer, involved dimensions:  1, 0, 0, 0, 0, 0, 0, 0, 0, 0,
***** info: input gradient collective for layer: mlp_moelayer is finished************
info: no weight grad collective for layer: mlp_moelayer
chunk size is: 20971520 , size is: 20971520 , layer_num is: 41 , node: 0
info: all-to-all input grad collective issued for layer: mlp_moelayer, involved dimensions:  1, 0, 0, 0, 0, 0, 0, 0, 0, 0,
***** info: input gradient collective for layer: mlp_moelayer is finished************
info: no weight grad collective for layer: mlp_moelayer
chunk size is: 131072 , size is: 131072 , layer_num is: 40 , node: 0
info: all-gather input grad collective issued for layer: mlp_moelayer, involved dimensions:  1, 0, 0, 0, 0, 0, 0, 0, 0, 0,
***** info: input gradient collective for layer: mlp_moelayer is finished************
info: no weight grad collective for layer: mlp_moelayer
info: no input grad collective for layer: attention_row
info: no weight grad collective for layer: attention_row
info: no input grad collective for layer: attention_column
info: no weight grad collective for layer: attention_column
chunk size is: 20971520 , size is: 20971520 , layer_num is: 37 , node: 0
info: all-to-all input grad collective issued for layer: mlp_moelayer, involved dimensions:  1, 0, 0, 0, 0, 0, 0, 0, 0, 0,
***** info: input gradient collective for layer: mlp_moelayer is finished************
info: no weight grad collective for layer: mlp_moelayer
chunk size is: 83886080 , size is: 83886080 , layer_num is: 36 , node: 0
info: all-to-all input grad collective issued for layer: mlp_moelayer, involved dimensions:  1, 0, 0, 0, 0, 0, 0, 0, 0, 0,
***** info: input gradient collective for layer: mlp_moelayer is finished************
info: no weight grad collective for layer: mlp_moelayer
chunk size is: 83886080 , size is: 83886080 , layer_num is: 35 , node: 0
info: all-gather input grad collective issued for layer: mlp_moelayer, involved dimensions:  1, 0, 0, 0, 0, 0, 0, 0, 0, 0,
***** info: input gradient collective for layer: mlp_moelayer is finished************
info: no weight grad collective for layer: mlp_moelayer
chunk size is: 167772160 , size is: 167772160 , layer_num is: 34 , node: 0
info: all-gather input grad collective issued for layer: mlp_moelayer, involved dimensions:  1, 0, 0, 0, 0, 0, 0, 0, 0, 0,
***** info: input gradient collective for layer: mlp_moelayer is finished************
info: no weight grad collective for layer: mlp_moelayer
chunk size is: 83886080 , size is: 83886080 , layer_num is: 33 , node: 0
info: all-to-all input grad collective issued for layer: mlp_moelayer, involved dimensions:  1, 0, 0, 0, 0, 0, 0, 0, 0, 0,
***** info: input gradient collective for layer: mlp_moelayer is finished************
info: no weight grad collective for layer: mlp_moelayer
chunk size is: 20971520 , size is: 20971520 , layer_num is: 32 , node: 0
info: all-to-all input grad collective issued for layer: mlp_moelayer, involved dimensions:  1, 0, 0, 0, 0, 0, 0, 0, 0, 0,
***** info: input gradient collective for layer: mlp_moelayer is finished************
info: no weight grad collective for layer: mlp_moelayer
chunk size is: 131072 , size is: 131072 , layer_num is: 31 , node: 0
info: all-gather input grad collective issued for layer: mlp_moelayer, involved dimensions:  1, 0, 0, 0, 0, 0, 0, 0, 0, 0,
***** info: input gradient collective for layer: mlp_moelayer is finished************
info: no weight grad collective for layer: mlp_moelayer
info: no input grad collective for layer: attention_row
info: no weight grad collective for layer: attention_row
info: no input grad collective for layer: attention_column
info: no weight grad collective for layer: attention_column
chunk size is: 20971520 , size is: 20971520 , layer_num is: 28 , node: 0
info: all-to-all input grad collective issued for layer: mlp_moelayer, involved dimensions:  1, 0, 0, 0, 0, 0, 0, 0, 0, 0,
***** info: input gradient collective for layer: mlp_moelayer is finished************
info: no weight grad collective for layer: mlp_moelayer
chunk size is: 83886080 , size is: 83886080 , layer_num is: 27 , node: 0
info: all-to-all input grad collective issued for layer: mlp_moelayer, involved dimensions:  1, 0, 0, 0, 0, 0, 0, 0, 0, 0,
***** info: input gradient collective for layer: mlp_moelayer is finished************
info: no weight grad collective for layer: mlp_moelayer
chunk size is: 83886080 , size is: 83886080 , layer_num is: 26 , node: 0
info: all-gather input grad collective issued for layer: mlp_moelayer, involved dimensions:  1, 0, 0, 0, 0, 0, 0, 0, 0, 0,
***** info: input gradient collective for layer: mlp_moelayer is finished************
info: no weight grad collective for layer: mlp_moelayer
chunk size is: 167772160 , size is: 167772160 , layer_num is: 25 , node: 0
info: all-gather input grad collective issued for layer: mlp_moelayer, involved dimensions:  1, 0, 0, 0, 0, 0, 0, 0, 0, 0,
***** info: input gradient collective for layer: mlp_moelayer is finished************
info: no weight grad collective for layer: mlp_moelayer
chunk size is: 83886080 , size is: 83886080 , layer_num is: 24 , node: 0
info: all-to-all input grad collective issued for layer: mlp_moelayer, involved dimensions:  1, 0, 0, 0, 0, 0, 0, 0, 0, 0,
***** info: input gradient collective for layer: mlp_moelayer is finished************
info: no weight grad collective for layer: mlp_moelayer
chunk size is: 20971520 , size is: 20971520 , layer_num is: 23 , node: 0
info: all-to-all input grad collective issued for layer: mlp_moelayer, involved dimensions:  1, 0, 0, 0, 0, 0, 0, 0, 0, 0,
***** info: input gradient collective for layer: mlp_moelayer is finished************
info: no weight grad collective for layer: mlp_moelayer
chunk size is: 131072 , size is: 131072 , layer_num is: 22 , node: 0
info: all-gather input grad collective issued for layer: mlp_moelayer, involved dimensions:  1, 0, 0, 0, 0, 0, 0, 0, 0, 0,
***** info: input gradient collective for layer: mlp_moelayer is finished************
info: no weight grad collective for layer: mlp_moelayer
info: no input grad collective for layer: attention_row
info: no weight grad collective for layer: attention_row
info: no input grad collective for layer: attention_column
info: no weight grad collective for layer: attention_column
chunk size is: 20971520 , size is: 20971520 , layer_num is: 19 , node: 0
info: all-to-all input grad collective issued for layer: mlp_moelayer, involved dimensions:  1, 0, 0, 0, 0, 0, 0, 0, 0, 0,
***** info: input gradient collective for layer: mlp_moelayer is finished************
info: no weight grad collective for layer: mlp_moelayer
chunk size is: 83886080 , size is: 83886080 , layer_num is: 18 , node: 0
info: all-to-all input grad collective issued for layer: mlp_moelayer, involved dimensions:  1, 0, 0, 0, 0, 0, 0, 0, 0, 0,
***** info: input gradient collective for layer: mlp_moelayer is finished************
info: no weight grad collective for layer: mlp_moelayer
chunk size is: 83886080 , size is: 83886080 , layer_num is: 17 , node: 0
info: all-gather input grad collective issued for layer: mlp_moelayer, involved dimensions:  1, 0, 0, 0, 0, 0, 0, 0, 0, 0,
***** info: input gradient collective for layer: mlp_moelayer is finished************
info: no weight grad collective for layer: mlp_moelayer
chunk size is: 167772160 , size is: 167772160 , layer_num is: 16 , node: 0
info: all-gather input grad collective issued for layer: mlp_moelayer, involved dimensions:  1, 0, 0, 0, 0, 0, 0, 0, 0, 0,
***** info: input gradient collective for layer: mlp_moelayer is finished************
info: no weight grad collective for layer: mlp_moelayer
chunk size is: 83886080 , size is: 83886080 , layer_num is: 15 , node: 0
info: all-to-all input grad collective issued for layer: mlp_moelayer, involved dimensions:  1, 0, 0, 0, 0, 0, 0, 0, 0, 0,
***** info: input gradient collective for layer: mlp_moelayer is finished************
info: no weight grad collective for layer: mlp_moelayer
chunk size is: 20971520 , size is: 20971520 , layer_num is: 14 , node: 0
info: all-to-all input grad collective issued for layer: mlp_moelayer, involved dimensions:  1, 0, 0, 0, 0, 0, 0, 0, 0, 0,
***** info: input gradient collective for layer: mlp_moelayer is finished************
info: no weight grad collective for layer: mlp_moelayer
chunk size is: 131072 , size is: 131072 , layer_num is: 13 , node: 0
info: all-gather input grad collective issued for layer: mlp_moelayer, involved dimensions:  1, 0, 0, 0, 0, 0, 0, 0, 0, 0,
***** info: input gradient collective for layer: mlp_moelayer is finished************
info: no weight grad collective for layer: mlp_moelayer
info: no input grad collective for layer: attention_row
info: no weight grad collective for layer: attention_row
info: no input grad collective for layer: attention_column
info: no weight grad collective for layer: attention_column
chunk size is: 20971520 , size is: 20971520 , layer_num is: 10 , node: 0
info: all-to-all input grad collective issued for layer: mlp_moelayer, involved dimensions:  1, 0, 0, 0, 0, 0, 0, 0, 0, 0,
***** info: input gradient collective for layer: mlp_moelayer is finished************
info: no weight grad collective for layer: mlp_moelayer
chunk size is: 83886080 , size is: 83886080 , layer_num is: 9 , node: 0
info: all-to-all input grad collective issued for layer: mlp_moelayer, involved dimensions:  1, 0, 0, 0, 0, 0, 0, 0, 0, 0,
***** info: input gradient collective for layer: mlp_moelayer is finished************
info: no weight grad collective for layer: mlp_moelayer
chunk size is: 83886080 , size is: 83886080 , layer_num is: 8 , node: 0
info: all-gather input grad collective issued for layer: mlp_moelayer, involved dimensions:  1, 0, 0, 0, 0, 0, 0, 0, 0, 0,
***** info: input gradient collective for layer: mlp_moelayer is finished************
info: no weight grad collective for layer: mlp_moelayer
chunk size is: 167772160 , size is: 167772160 , layer_num is: 7 , node: 0
info: all-gather input grad collective issued for layer: mlp_moelayer, involved dimensions:  1, 0, 0, 0, 0, 0, 0, 0, 0, 0,
***** info: input gradient collective for layer: mlp_moelayer is finished************
info: no weight grad collective for layer: mlp_moelayer
chunk size is: 83886080 , size is: 83886080 , layer_num is: 6 , node: 0
info: all-to-all input grad collective issued for layer: mlp_moelayer, involved dimensions:  1, 0, 0, 0, 0, 0, 0, 0, 0, 0,
***** info: input gradient collective for layer: mlp_moelayer is finished************
info: no weight grad collective for layer: mlp_moelayer
chunk size is: 20971520 , size is: 20971520 , layer_num is: 5 , node: 0
info: all-to-all input grad collective issued for layer: mlp_moelayer, involved dimensions:  1, 0, 0, 0, 0, 0, 0, 0, 0, 0,
***** info: input gradient collective for layer: mlp_moelayer is finished************
info: no weight grad collective for layer: mlp_moelayer
chunk size is: 131072 , size is: 131072 , layer_num is: 4 , node: 0
info: all-gather input grad collective issued for layer: mlp_moelayer, involved dimensions:  1, 0, 0, 0, 0, 0, 0, 0, 0, 0,
***** info: input gradient collective for layer: mlp_moelayer is finished************
info: no weight grad collective for layer: mlp_moelayer
info: no input grad collective for layer: attention_row
info: no weight grad collective for layer: attention_row
info: no input grad collective for layer: attention_column
info: no weight grad collective for layer: attention_column
info: no input grad collective for layer: embedding_layer
info: no weight grad collective for layer: embedding_layer
info: no input grad collective for layer: grad_norm
chunk size is: 6079447040 , size is: 6079447040 , layer_num is: 0 , node: 0
info: reduce-scatter weight grad collective issued for layer: grad_norm, involved dimensions:  0, 1, 1, 1, 1, 1, 1, 1, 1, 1,
pass: 0 finished at time: 162857802
***** info: weight gradient collective for layer: grad_norm is finished************
workload stats for the job scheduled at NPU offset: 0
*******************
Layer id: grad_norm
Total collectives issued for this layer: 2
*************************  Workload stats  ************************* grad_norm
id: grad_norm ,Total cycles spent on fwd pass compute: 1
id: grad_norm ,Total cycles spent on weight grad compute: 1
id: grad_norm ,Total cycles spent on input grad compute: 1
id: grad_norm ,Total cycles spent idle waiting for fwd finish: 1689954
id: grad_norm ,Total cycles spent idle waiting for weight grad finish: 18387163
id: grad_norm ,Total cycles spent idle waiting for input grad finish: 0
id: grad_norm ,Total cycles spent on fwd pass comm: 1689954
id: grad_norm ,Total cycles spent on weight grad comm: 18387164
id: grad_norm ,Total cycles spent on input grad comm: 0
*******************
Layer id: embedding_layer
Total collectives issued for this layer: 0
*************************  Workload stats  ************************* embedding_layer
id: embedding_layer ,Total cycles spent on fwd pass compute: 1
id: embedding_layer ,Total cycles spent on weight grad compute: 1
id: embedding_layer ,Total cycles spent on input grad compute: 1
id: embedding_layer ,Total cycles spent idle waiting for fwd finish: 0
id: embedding_layer ,Total cycles spent idle waiting for weight grad finish: 0
id: embedding_layer ,Total cycles spent idle waiting for input grad finish: 0
id: embedding_layer ,Total cycles spent on fwd pass comm: 0
id: embedding_layer ,Total cycles spent on weight grad comm: 0
id: embedding_layer ,Total cycles spent on input grad comm: 0
*******************
Layer id: attention_column
Total collectives issued for this layer: 1
*************************  Workload stats  ************************* attention_column
id: attention_column ,Total cycles spent on fwd pass compute: 1
id: attention_column ,Total cycles spent on weight grad compute: 1
id: attention_column ,Total cycles spent on input grad compute: 1
id: attention_column ,Total cycles spent idle waiting for fwd finish: 24520
id: attention_column ,Total cycles spent idle waiting for weight grad finish: 0
id: attention_column ,Total cycles spent idle waiting for input grad finish: 0
id: attention_column ,Total cycles spent on fwd pass comm: 24520
id: attention_column ,Total cycles spent on weight grad comm: 0
id: attention_column ,Total cycles spent on input grad comm: 0
*******************
Layer id: attention_row
Total collectives issued for this layer: 1
*************************  Workload stats  ************************* attention_row
id: attention_row ,Total cycles spent on fwd pass compute: 1
id: attention_row ,Total cycles spent on weight grad compute: 1
id: attention_row ,Total cycles spent on input grad compute: 1
id: attention_row ,Total cycles spent idle waiting for fwd finish: 24520
id: attention_row ,Total cycles spent idle waiting for weight grad finish: 0
id: attention_row ,Total cycles spent idle waiting for input grad finish: 0
id: attention_row ,Total cycles spent on fwd pass comm: 24520
id: attention_row ,Total cycles spent on weight grad comm: 0
id: attention_row ,Total cycles spent on input grad comm: 0
*******************
Layer id: mlp_moelayer
Total collectives issued for this layer: 2
*************************  Workload stats  ************************* mlp_moelayer
id: mlp_moelayer ,Total cycles spent on fwd pass compute: 1
id: mlp_moelayer ,Total cycles spent on weight grad compute: 1
id: mlp_moelayer ,Total cycles spent on input grad compute: 1
id: mlp_moelayer ,Total cycles spent idle waiting for fwd finish: 1292
id: mlp_moelayer ,Total cycles spent idle waiting for weight grad finish: 0
id: mlp_moelayer ,Total cycles spent idle waiting for input grad finish: 1200
id: mlp_moelayer ,Total cycles spent on fwd pass comm: 1292
id: mlp_moelayer ,Total cycles spent on weight grad comm: 0
id: mlp_moelayer ,Total cycles spent on input grad comm: 1200
*******************
Layer id: mlp_moelayer
Total collectives issued for this layer: 2
*************************  Workload stats  ************************* mlp_moelayer
id: mlp_moelayer ,Total cycles spent on fwd pass compute: 1
id: mlp_moelayer ,Total cycles spent on weight grad compute: 1
id: mlp_moelayer ,Total cycles spent on input grad compute: 1
id: mlp_moelayer ,Total cycles spent idle waiting for fwd finish: 12870
id: mlp_moelayer ,Total cycles spent idle waiting for weight grad finish: 0
id: mlp_moelayer ,Total cycles spent idle waiting for input grad finish: 38037
id: mlp_moelayer ,Total cycles spent on fwd pass comm: 12870
id: mlp_moelayer ,Total cycles spent on weight grad comm: 0
id: mlp_moelayer ,Total cycles spent on input grad comm: 38037
*******************
Layer id: mlp_moelayer
Total collectives issued for this layer: 2
*************************  Workload stats  ************************* mlp_moelayer
id: mlp_moelayer ,Total cycles spent on fwd pass compute: 1
id: mlp_moelayer ,Total cycles spent on weight grad compute: 1
id: mlp_moelayer ,Total cycles spent on input grad compute: 1
id: mlp_moelayer ,Total cycles spent idle waiting for fwd finish: 1299468
id: mlp_moelayer ,Total cycles spent idle waiting for weight grad finish: 0
id: mlp_moelayer ,Total cycles spent idle waiting for input grad finish: 1206526
id: mlp_moelayer ,Total cycles spent on fwd pass comm: 1299468
id: mlp_moelayer ,Total cycles spent on weight grad comm: 0
id: mlp_moelayer ,Total cycles spent on input grad comm: 1206526
*******************
Layer id: mlp_moelayer
Total collectives issued for this layer: 2
*************************  Workload stats  ************************* mlp_moelayer
id: mlp_moelayer ,Total cycles spent on fwd pass compute: 1
id: mlp_moelayer ,Total cycles spent on weight grad compute: 1
id: mlp_moelayer ,Total cycles spent on input grad compute: 1
id: mlp_moelayer ,Total cycles spent idle waiting for fwd finish: 96409
id: mlp_moelayer ,Total cycles spent idle waiting for weight grad finish: 0
id: mlp_moelayer ,Total cycles spent idle waiting for input grad finish: 102261
id: mlp_moelayer ,Total cycles spent on fwd pass comm: 96409
id: mlp_moelayer ,Total cycles spent on weight grad comm: 0
id: mlp_moelayer ,Total cycles spent on input grad comm: 102261
*******************
Layer id: mlp_moelayer
Total collectives issued for this layer: 2
*************************  Workload stats  ************************* mlp_moelayer
id: mlp_moelayer ,Total cycles spent on fwd pass compute: 1
id: mlp_moelayer ,Total cycles spent on weight grad compute: 1
id: mlp_moelayer ,Total cycles spent on input grad compute: 1
id: mlp_moelayer ,Total cycles spent idle waiting for fwd finish: 53597
id: mlp_moelayer ,Total cycles spent idle waiting for weight grad finish: 0
id: mlp_moelayer ,Total cycles spent idle waiting for input grad finish: 47712
id: mlp_moelayer ,Total cycles spent on fwd pass comm: 53597
id: mlp_moelayer ,Total cycles spent on weight grad comm: 0
id: mlp_moelayer ,Total cycles spent on input grad comm: 47712
*******************
Layer id: mlp_moelayer
Total collectives issued for this layer: 2
*************************  Workload stats  ************************* mlp_moelayer
id: mlp_moelayer ,Total cycles spent on fwd pass compute: 1
id: mlp_moelayer ,Total cycles spent on weight grad compute: 1
id: mlp_moelayer ,Total cycles spent on input grad compute: 1
id: mlp_moelayer ,Total cycles spent idle waiting for fwd finish: 1010582
id: mlp_moelayer ,Total cycles spent idle waiting for weight grad finish: 0
id: mlp_moelayer ,Total cycles spent idle waiting for input grad finish: 1013818
id: mlp_moelayer ,Total cycles spent on fwd pass comm: 1010582
id: mlp_moelayer ,Total cycles spent on weight grad comm: 0
id: mlp_moelayer ,Total cycles spent on input grad comm: 1013818
*******************
Layer id: mlp_moelayer
Total collectives issued for this layer: 2
*************************  Workload stats  ************************* mlp_moelayer
id: mlp_moelayer ,Total cycles spent on fwd pass compute: 1
id: mlp_moelayer ,Total cycles spent on weight grad compute: 1
id: mlp_moelayer ,Total cycles spent on input grad compute: 1
id: mlp_moelayer ,Total cycles spent idle waiting for fwd finish: 228634
id: mlp_moelayer ,Total cycles spent idle waiting for weight grad finish: 0
id: mlp_moelayer ,Total cycles spent idle waiting for input grad finish: 12770
id: mlp_moelayer ,Total cycles spent on fwd pass comm: 228634
id: mlp_moelayer ,Total cycles spent on weight grad comm: 0
id: mlp_moelayer ,Total cycles spent on input grad comm: 12770
*******************
Layer id: attention_column
Total collectives issued for this layer: 1
*************************  Workload stats  ************************* attention_column
id: attention_column ,Total cycles spent on fwd pass compute: 1
id: attention_column ,Total cycles spent on weight grad compute: 1
id: attention_column ,Total cycles spent on input grad compute: 1
id: attention_column ,Total cycles spent idle waiting for fwd finish: 24420
id: attention_column ,Total cycles spent idle waiting for weight grad finish: 0
id: attention_column ,Total cycles spent idle waiting for input grad finish: 0
id: attention_column ,Total cycles spent on fwd pass comm: 24420
id: attention_column ,Total cycles spent on weight grad comm: 0
id: attention_column ,Total cycles spent on input grad comm: 0
*******************
Layer id: attention_row
Total collectives issued for this layer: 1
*************************  Workload stats  ************************* attention_row
id: attention_row ,Total cycles spent on fwd pass compute: 1
id: attention_row ,Total cycles spent on weight grad compute: 1
id: attention_row ,Total cycles spent on input grad compute: 1
id: attention_row ,Total cycles spent idle waiting for fwd finish: 24620
id: attention_row ,Total cycles spent idle waiting for weight grad finish: 0
id: attention_row ,Total cycles spent idle waiting for input grad finish: 0
id: attention_row ,Total cycles spent on fwd pass comm: 24620
id: attention_row ,Total cycles spent on weight grad comm: 0
id: attention_row ,Total cycles spent on input grad comm: 0
*******************
Layer id: mlp_moelayer
Total collectives issued for this layer: 2
*************************  Workload stats  ************************* mlp_moelayer
id: mlp_moelayer ,Total cycles spent on fwd pass compute: 1
id: mlp_moelayer ,Total cycles spent on weight grad compute: 1
id: mlp_moelayer ,Total cycles spent on input grad compute: 1
id: mlp_moelayer ,Total cycles spent idle waiting for fwd finish: 1220
id: mlp_moelayer ,Total cycles spent idle waiting for weight grad finish: 0
id: mlp_moelayer ,Total cycles spent idle waiting for input grad finish: 1420
id: mlp_moelayer ,Total cycles spent on fwd pass comm: 1220
id: mlp_moelayer ,Total cycles spent on weight grad comm: 0
id: mlp_moelayer ,Total cycles spent on input grad comm: 1420
*******************
Layer id: mlp_moelayer
Total collectives issued for this layer: 2
*************************  Workload stats  ************************* mlp_moelayer
id: mlp_moelayer ,Total cycles spent on fwd pass compute: 1
id: mlp_moelayer ,Total cycles spent on weight grad compute: 1
id: mlp_moelayer ,Total cycles spent on input grad compute: 1
id: mlp_moelayer ,Total cycles spent idle waiting for fwd finish: 17620
id: mlp_moelayer ,Total cycles spent idle waiting for weight grad finish: 0
id: mlp_moelayer ,Total cycles spent idle waiting for input grad finish: 12760
id: mlp_moelayer ,Total cycles spent on fwd pass comm: 17620
id: mlp_moelayer ,Total cycles spent on weight grad comm: 0
id: mlp_moelayer ,Total cycles spent on input grad comm: 12760
*******************
Layer id: mlp_moelayer
Total collectives issued for this layer: 2
*************************  Workload stats  ************************* mlp_moelayer
id: mlp_moelayer ,Total cycles spent on fwd pass compute: 1
id: mlp_moelayer ,Total cycles spent on weight grad compute: 1
id: mlp_moelayer ,Total cycles spent on input grad compute: 1
id: mlp_moelayer ,Total cycles spent idle waiting for fwd finish: 1051594
id: mlp_moelayer ,Total cycles spent idle waiting for weight grad finish: 0
id: mlp_moelayer ,Total cycles spent idle waiting for input grad finish: 1253166
id: mlp_moelayer ,Total cycles spent on fwd pass comm: 1051594
id: mlp_moelayer ,Total cycles spent on weight grad comm: 0
id: mlp_moelayer ,Total cycles spent on input grad comm: 1253166
*******************
Layer id: mlp_moelayer
Total collectives issued for this layer: 2
*************************  Workload stats  ************************* mlp_moelayer
id: mlp_moelayer ,Total cycles spent on fwd pass compute: 1
id: mlp_moelayer ,Total cycles spent on weight grad compute: 1
id: mlp_moelayer ,Total cycles spent on input grad compute: 1
id: mlp_moelayer ,Total cycles spent idle waiting for fwd finish: 304718
id: mlp_moelayer ,Total cycles spent idle waiting for weight grad finish: 0
id: mlp_moelayer ,Total cycles spent idle waiting for input grad finish: 107146
id: mlp_moelayer ,Total cycles spent on fwd pass comm: 304718
id: mlp_moelayer ,Total cycles spent on weight grad comm: 0
id: mlp_moelayer ,Total cycles spent on input grad comm: 107146
*******************
Layer id: mlp_moelayer
Total collectives issued for this layer: 2
*************************  Workload stats  ************************* mlp_moelayer
id: mlp_moelayer ,Total cycles spent on fwd pass compute: 1
id: mlp_moelayer ,Total cycles spent on weight grad compute: 1
id: mlp_moelayer ,Total cycles spent on input grad compute: 1
id: mlp_moelayer ,Total cycles spent idle waiting for fwd finish: 47730
id: mlp_moelayer ,Total cycles spent idle waiting for weight grad finish: 0
id: mlp_moelayer ,Total cycles spent idle waiting for input grad finish: 95541
id: mlp_moelayer ,Total cycles spent on fwd pass comm: 47730
id: mlp_moelayer ,Total cycles spent on weight grad comm: 0
id: mlp_moelayer ,Total cycles spent on input grad comm: 95541
*******************
Layer id: mlp_moelayer
Total collectives issued for this layer: 2
*************************  Workload stats  ************************* mlp_moelayer
id: mlp_moelayer ,Total cycles spent on fwd pass compute: 1
id: mlp_moelayer ,Total cycles spent on weight grad compute: 1
id: mlp_moelayer ,Total cycles spent on input grad compute: 1
id: mlp_moelayer ,Total cycles spent idle waiting for fwd finish: 589642
id: mlp_moelayer ,Total cycles spent idle waiting for weight grad finish: 0
id: mlp_moelayer ,Total cycles spent idle waiting for input grad finish: 1185307
id: mlp_moelayer ,Total cycles spent on fwd pass comm: 589642
id: mlp_moelayer ,Total cycles spent on weight grad comm: 0
id: mlp_moelayer ,Total cycles spent on input grad comm: 1185307
*******************
Layer id: mlp_moelayer
Total collectives issued for this layer: 2
*************************  Workload stats  ************************* mlp_moelayer
id: mlp_moelayer ,Total cycles spent on fwd pass compute: 1
id: mlp_moelayer ,Total cycles spent on weight grad compute: 1
id: mlp_moelayer ,Total cycles spent on input grad compute: 1
id: mlp_moelayer ,Total cycles spent idle waiting for fwd finish: 553459
id: mlp_moelayer ,Total cycles spent idle waiting for weight grad finish: 0
id: mlp_moelayer ,Total cycles spent idle waiting for input grad finish: 20847
id: mlp_moelayer ,Total cycles spent on fwd pass comm: 553459
id: mlp_moelayer ,Total cycles spent on weight grad comm: 0
id: mlp_moelayer ,Total cycles spent on input grad comm: 20847
*******************
Layer id: attention_column
Total collectives issued for this layer: 1
*************************  Workload stats  ************************* attention_column
id: attention_column ,Total cycles spent on fwd pass compute: 1
id: attention_column ,Total cycles spent on weight grad compute: 1
id: attention_column ,Total cycles spent on input grad compute: 1
id: attention_column ,Total cycles spent idle waiting for fwd finish: 24420
id: attention_column ,Total cycles spent idle waiting for weight grad finish: 0
id: attention_column ,Total cycles spent idle waiting for input grad finish: 0
id: attention_column ,Total cycles spent on fwd pass comm: 24420
id: attention_column ,Total cycles spent on weight grad comm: 0
id: attention_column ,Total cycles spent on input grad comm: 0
*******************
Layer id: attention_row
Total collectives issued for this layer: 1
*************************  Workload stats  ************************* attention_row
id: attention_row ,Total cycles spent on fwd pass compute: 1
id: attention_row ,Total cycles spent on weight grad compute: 1
id: attention_row ,Total cycles spent on input grad compute: 1
id: attention_row ,Total cycles spent idle waiting for fwd finish: 24620
id: attention_row ,Total cycles spent idle waiting for weight grad finish: 0
id: attention_row ,Total cycles spent idle waiting for input grad finish: 0
id: attention_row ,Total cycles spent on fwd pass comm: 24620
id: attention_row ,Total cycles spent on weight grad comm: 0
id: attention_row ,Total cycles spent on input grad comm: 0
*******************
Layer id: mlp_moelayer
Total collectives issued for this layer: 2
*************************  Workload stats  ************************* mlp_moelayer
id: mlp_moelayer ,Total cycles spent on fwd pass compute: 1
id: mlp_moelayer ,Total cycles spent on weight grad compute: 1
id: mlp_moelayer ,Total cycles spent on input grad compute: 1
id: mlp_moelayer ,Total cycles spent idle waiting for fwd finish: 1220
id: mlp_moelayer ,Total cycles spent idle waiting for weight grad finish: 0
id: mlp_moelayer ,Total cycles spent idle waiting for input grad finish: 1182
id: mlp_moelayer ,Total cycles spent on fwd pass comm: 1220
id: mlp_moelayer ,Total cycles spent on weight grad comm: 0
id: mlp_moelayer ,Total cycles spent on input grad comm: 1182
*******************
Layer id: mlp_moelayer
Total collectives issued for this layer: 2
*************************  Workload stats  ************************* mlp_moelayer
id: mlp_moelayer ,Total cycles spent on fwd pass compute: 1
id: mlp_moelayer ,Total cycles spent on weight grad compute: 1
id: mlp_moelayer ,Total cycles spent on input grad compute: 1
id: mlp_moelayer ,Total cycles spent idle waiting for fwd finish: 12942
id: mlp_moelayer ,Total cycles spent idle waiting for weight grad finish: 0
id: mlp_moelayer ,Total cycles spent idle waiting for input grad finish: 702437
id: mlp_moelayer ,Total cycles spent on fwd pass comm: 12942
id: mlp_moelayer ,Total cycles spent on weight grad comm: 0
id: mlp_moelayer ,Total cycles spent on input grad comm: 702437
*******************
Layer id: mlp_moelayer
Total collectives issued for this layer: 2
*************************  Workload stats  ************************* mlp_moelayer
id: mlp_moelayer ,Total cycles spent on fwd pass compute: 1
id: mlp_moelayer ,Total cycles spent on weight grad compute: 1
id: mlp_moelayer ,Total cycles spent on input grad compute: 1
id: mlp_moelayer ,Total cycles spent idle waiting for fwd finish: 798434
id: mlp_moelayer ,Total cycles spent idle waiting for weight grad finish: 0
id: mlp_moelayer ,Total cycles spent idle waiting for input grad finish: 894558
id: mlp_moelayer ,Total cycles spent on fwd pass comm: 798434
id: mlp_moelayer ,Total cycles spent on weight grad comm: 0
id: mlp_moelayer ,Total cycles spent on input grad comm: 894558
*******************
Layer id: mlp_moelayer
Total collectives issued for this layer: 2
*************************  Workload stats  ************************* mlp_moelayer
id: mlp_moelayer ,Total cycles spent on fwd pass compute: 1
id: mlp_moelayer ,Total cycles spent on weight grad compute: 1
id: mlp_moelayer ,Total cycles spent on input grad compute: 1
id: mlp_moelayer ,Total cycles spent idle waiting for fwd finish: 391079
id: mlp_moelayer ,Total cycles spent idle waiting for weight grad finish: 0
id: mlp_moelayer ,Total cycles spent idle waiting for input grad finish: 94330
id: mlp_moelayer ,Total cycles spent on fwd pass comm: 391079
id: mlp_moelayer ,Total cycles spent on weight grad comm: 0
id: mlp_moelayer ,Total cycles spent on input grad comm: 94330
*******************
Layer id: mlp_moelayer
Total collectives issued for this layer: 2
*************************  Workload stats  ************************* mlp_moelayer
id: mlp_moelayer ,Total cycles spent on fwd pass compute: 1
id: mlp_moelayer ,Total cycles spent on weight grad compute: 1
id: mlp_moelayer ,Total cycles spent on input grad compute: 1
id: mlp_moelayer ,Total cycles spent idle waiting for fwd finish: 53693
id: mlp_moelayer ,Total cycles spent idle waiting for weight grad finish: 0
id: mlp_moelayer ,Total cycles spent idle waiting for input grad finish: 247934
id: mlp_moelayer ,Total cycles spent on fwd pass comm: 53693
id: mlp_moelayer ,Total cycles spent on weight grad comm: 0
id: mlp_moelayer ,Total cycles spent on input grad comm: 247934
*******************
Layer id: mlp_moelayer
Total collectives issued for this layer: 2
*************************  Workload stats  ************************* mlp_moelayer
id: mlp_moelayer ,Total cycles spent on fwd pass compute: 1
id: mlp_moelayer ,Total cycles spent on weight grad compute: 1
id: mlp_moelayer ,Total cycles spent on input grad compute: 1
id: mlp_moelayer ,Total cycles spent idle waiting for fwd finish: 1046671
id: mlp_moelayer ,Total cycles spent idle waiting for weight grad finish: 0
id: mlp_moelayer ,Total cycles spent idle waiting for input grad finish: 564844
id: mlp_moelayer ,Total cycles spent on fwd pass comm: 1046671
id: mlp_moelayer ,Total cycles spent on weight grad comm: 0
id: mlp_moelayer ,Total cycles spent on input grad comm: 564844
*******************
Layer id: mlp_moelayer
Total collectives issued for this layer: 2
*************************  Workload stats  ************************* mlp_moelayer
id: mlp_moelayer ,Total cycles spent on fwd pass compute: 1
id: mlp_moelayer ,Total cycles spent on weight grad compute: 1
id: mlp_moelayer ,Total cycles spent on input grad compute: 1
id: mlp_moelayer ,Total cycles spent idle waiting for fwd finish: 163794
id: mlp_moelayer ,Total cycles spent idle waiting for weight grad finish: 0
id: mlp_moelayer ,Total cycles spent idle waiting for input grad finish: 18135
id: mlp_moelayer ,Total cycles spent on fwd pass comm: 163794
id: mlp_moelayer ,Total cycles spent on weight grad comm: 0
id: mlp_moelayer ,Total cycles spent on input grad comm: 18135
*******************
Layer id: attention_column
Total collectives issued for this layer: 1
*************************  Workload stats  ************************* attention_column
id: attention_column ,Total cycles spent on fwd pass compute: 1
id: attention_column ,Total cycles spent on weight grad compute: 1
id: attention_column ,Total cycles spent on input grad compute: 1
id: attention_column ,Total cycles spent idle waiting for fwd finish: 24420
id: attention_column ,Total cycles spent idle waiting for weight grad finish: 0
id: attention_column ,Total cycles spent idle waiting for input grad finish: 0
id: attention_column ,Total cycles spent on fwd pass comm: 24420
id: attention_column ,Total cycles spent on weight grad comm: 0
id: attention_column ,Total cycles spent on input grad comm: 0
*******************
Layer id: attention_row
Total collectives issued for this layer: 1
*************************  Workload stats  ************************* attention_row
id: attention_row ,Total cycles spent on fwd pass compute: 1
id: attention_row ,Total cycles spent on weight grad compute: 1
id: attention_row ,Total cycles spent on input grad compute: 1
id: attention_row ,Total cycles spent idle waiting for fwd finish: 24620
id: attention_row ,Total cycles spent idle waiting for weight grad finish: 0
id: attention_row ,Total cycles spent idle waiting for input grad finish: 0
id: attention_row ,Total cycles spent on fwd pass comm: 24620
id: attention_row ,Total cycles spent on weight grad comm: 0
id: attention_row ,Total cycles spent on input grad comm: 0
*******************
Layer id: mlp_moelayer
Total collectives issued for this layer: 2
*************************  Workload stats  ************************* mlp_moelayer
id: mlp_moelayer ,Total cycles spent on fwd pass compute: 1
id: mlp_moelayer ,Total cycles spent on weight grad compute: 1
id: mlp_moelayer ,Total cycles spent on input grad compute: 1
id: mlp_moelayer ,Total cycles spent idle waiting for fwd finish: 1220
id: mlp_moelayer ,Total cycles spent idle waiting for weight grad finish: 0
id: mlp_moelayer ,Total cycles spent idle waiting for input grad finish: 1230
id: mlp_moelayer ,Total cycles spent on fwd pass comm: 1220
id: mlp_moelayer ,Total cycles spent on weight grad comm: 0
id: mlp_moelayer ,Total cycles spent on input grad comm: 1230
*******************
Layer id: mlp_moelayer
Total collectives issued for this layer: 2
*************************  Workload stats  ************************* mlp_moelayer
id: mlp_moelayer ,Total cycles spent on fwd pass compute: 1
id: mlp_moelayer ,Total cycles spent on weight grad compute: 1
id: mlp_moelayer ,Total cycles spent on input grad compute: 1
id: mlp_moelayer ,Total cycles spent idle waiting for fwd finish: 16930
id: mlp_moelayer ,Total cycles spent idle waiting for weight grad finish: 0
id: mlp_moelayer ,Total cycles spent idle waiting for input grad finish: 805729
id: mlp_moelayer ,Total cycles spent on fwd pass comm: 16930
id: mlp_moelayer ,Total cycles spent on weight grad comm: 0
id: mlp_moelayer ,Total cycles spent on input grad comm: 805729
*******************
Layer id: mlp_moelayer
Total collectives issued for this layer: 2
*************************  Workload stats  ************************* mlp_moelayer
id: mlp_moelayer ,Total cycles spent on fwd pass compute: 1
id: mlp_moelayer ,Total cycles spent on weight grad compute: 1
id: mlp_moelayer ,Total cycles spent on input grad compute: 1
id: mlp_moelayer ,Total cycles spent idle waiting for fwd finish: 1109565
id: mlp_moelayer ,Total cycles spent idle waiting for weight grad finish: 0
id: mlp_moelayer ,Total cycles spent idle waiting for input grad finish: 494108
id: mlp_moelayer ,Total cycles spent on fwd pass comm: 1109565
id: mlp_moelayer ,Total cycles spent on weight grad comm: 0
id: mlp_moelayer ,Total cycles spent on input grad comm: 494108
*******************
Layer id: mlp_moelayer
Total collectives issued for this layer: 2
*************************  Workload stats  ************************* mlp_moelayer
id: mlp_moelayer ,Total cycles spent on fwd pass compute: 1
id: mlp_moelayer ,Total cycles spent on weight grad compute: 1
id: mlp_moelayer ,Total cycles spent on input grad compute: 1
id: mlp_moelayer ,Total cycles spent idle waiting for fwd finish: 184862
id: mlp_moelayer ,Total cycles spent idle waiting for weight grad finish: 0
id: mlp_moelayer ,Total cycles spent idle waiting for input grad finish: 94316
id: mlp_moelayer ,Total cycles spent on fwd pass comm: 184862
id: mlp_moelayer ,Total cycles spent on weight grad comm: 0
id: mlp_moelayer ,Total cycles spent on input grad comm: 94316
*******************
Layer id: mlp_moelayer
Total collectives issued for this layer: 2
*************************  Workload stats  ************************* mlp_moelayer
id: mlp_moelayer ,Total cycles spent on fwd pass compute: 1
id: mlp_moelayer ,Total cycles spent on weight grad compute: 1
id: mlp_moelayer ,Total cycles spent on input grad compute: 1
id: mlp_moelayer ,Total cycles spent idle waiting for fwd finish: 53597
id: mlp_moelayer ,Total cycles spent idle waiting for weight grad finish: 0
id: mlp_moelayer ,Total cycles spent idle waiting for input grad finish: 234658
id: mlp_moelayer ,Total cycles spent on fwd pass comm: 53597
id: mlp_moelayer ,Total cycles spent on weight grad comm: 0
id: mlp_moelayer ,Total cycles spent on input grad comm: 234658
*******************
Layer id: mlp_moelayer
Total collectives issued for this layer: 2
*************************  Workload stats  ************************* mlp_moelayer
id: mlp_moelayer ,Total cycles spent on fwd pass compute: 1
id: mlp_moelayer ,Total cycles spent on weight grad compute: 1
id: mlp_moelayer ,Total cycles spent on input grad compute: 1
id: mlp_moelayer ,Total cycles spent idle waiting for fwd finish: 1067699
id: mlp_moelayer ,Total cycles spent idle waiting for weight grad finish: 0
id: mlp_moelayer ,Total cycles spent idle waiting for input grad finish: 1059411
id: mlp_moelayer ,Total cycles spent on fwd pass comm: 1067699
id: mlp_moelayer ,Total cycles spent on weight grad comm: 0
id: mlp_moelayer ,Total cycles spent on input grad comm: 1059411
*******************
Layer id: mlp_moelayer
Total collectives issued for this layer: 2
*************************  Workload stats  ************************* mlp_moelayer
id: mlp_moelayer ,Total cycles spent on fwd pass compute: 1
id: mlp_moelayer ,Total cycles spent on weight grad compute: 1
id: mlp_moelayer ,Total cycles spent on input grad compute: 1
id: mlp_moelayer ,Total cycles spent idle waiting for fwd finish: 72740
id: mlp_moelayer ,Total cycles spent idle waiting for weight grad finish: 0
id: mlp_moelayer ,Total cycles spent idle waiting for input grad finish: 16855
id: mlp_moelayer ,Total cycles spent on fwd pass comm: 72740
id: mlp_moelayer ,Total cycles spent on weight grad comm: 0
id: mlp_moelayer ,Total cycles spent on input grad comm: 16855
*******************
Layer id: attention_column
Total collectives issued for this layer: 1
*************************  Workload stats  ************************* attention_column
id: attention_column ,Total cycles spent on fwd pass compute: 1
id: attention_column ,Total cycles spent on weight grad compute: 1
id: attention_column ,Total cycles spent on input grad compute: 1
id: attention_column ,Total cycles spent idle waiting for fwd finish: 24420
id: attention_column ,Total cycles spent idle waiting for weight grad finish: 0
id: attention_column ,Total cycles spent idle waiting for input grad finish: 0
id: attention_column ,Total cycles spent on fwd pass comm: 24420
id: attention_column ,Total cycles spent on weight grad comm: 0
id: attention_column ,Total cycles spent on input grad comm: 0
*******************
Layer id: attention_row
Total collectives issued for this layer: 1
*************************  Workload stats  ************************* attention_row
id: attention_row ,Total cycles spent on fwd pass compute: 1
id: attention_row ,Total cycles spent on weight grad compute: 1
id: attention_row ,Total cycles spent on input grad compute: 1
id: attention_row ,Total cycles spent idle waiting for fwd finish: 24620
id: attention_row ,Total cycles spent idle waiting for weight grad finish: 0
id: attention_row ,Total cycles spent idle waiting for input grad finish: 0
id: attention_row ,Total cycles spent on fwd pass comm: 24620
id: attention_row ,Total cycles spent on weight grad comm: 0
id: attention_row ,Total cycles spent on input grad comm: 0
*******************
Layer id: mlp_moelayer
Total collectives issued for this layer: 2
*************************  Workload stats  ************************* mlp_moelayer
id: mlp_moelayer ,Total cycles spent on fwd pass compute: 1
id: mlp_moelayer ,Total cycles spent on weight grad compute: 1
id: mlp_moelayer ,Total cycles spent on input grad compute: 1
id: mlp_moelayer ,Total cycles spent idle waiting for fwd finish: 1220
id: mlp_moelayer ,Total cycles spent idle waiting for weight grad finish: 0
id: mlp_moelayer ,Total cycles spent idle waiting for input grad finish: 1182
id: mlp_moelayer ,Total cycles spent on fwd pass comm: 1220
id: mlp_moelayer ,Total cycles spent on weight grad comm: 0
id: mlp_moelayer ,Total cycles spent on input grad comm: 1182
*******************
Layer id: mlp_moelayer
Total collectives issued for this layer: 2
*************************  Workload stats  ************************* mlp_moelayer
id: mlp_moelayer ,Total cycles spent on fwd pass compute: 1
id: mlp_moelayer ,Total cycles spent on weight grad compute: 1
id: mlp_moelayer ,Total cycles spent on input grad compute: 1
id: mlp_moelayer ,Total cycles spent idle waiting for fwd finish: 12942
id: mlp_moelayer ,Total cycles spent idle waiting for weight grad finish: 0
id: mlp_moelayer ,Total cycles spent idle waiting for input grad finish: 605286
id: mlp_moelayer ,Total cycles spent on fwd pass comm: 12942
id: mlp_moelayer ,Total cycles spent on weight grad comm: 0
id: mlp_moelayer ,Total cycles spent on input grad comm: 605286
*******************
Layer id: mlp_moelayer
Total collectives issued for this layer: 2
*************************  Workload stats  ************************* mlp_moelayer
id: mlp_moelayer ,Total cycles spent on fwd pass compute: 1
id: mlp_moelayer ,Total cycles spent on weight grad compute: 1
id: mlp_moelayer ,Total cycles spent on input grad compute: 1
id: mlp_moelayer ,Total cycles spent idle waiting for fwd finish: 551110
id: mlp_moelayer ,Total cycles spent idle waiting for weight grad finish: 0
id: mlp_moelayer ,Total cycles spent idle waiting for input grad finish: 540842
id: mlp_moelayer ,Total cycles spent on fwd pass comm: 551110
id: mlp_moelayer ,Total cycles spent on weight grad comm: 0
id: mlp_moelayer ,Total cycles spent on input grad comm: 540842
*******************
Layer id: mlp_moelayer
Total collectives issued for this layer: 2
*************************  Workload stats  ************************* mlp_moelayer
id: mlp_moelayer ,Total cycles spent on fwd pass compute: 1
id: mlp_moelayer ,Total cycles spent on weight grad compute: 1
id: mlp_moelayer ,Total cycles spent on input grad compute: 1
id: mlp_moelayer ,Total cycles spent idle waiting for fwd finish: 813668
id: mlp_moelayer ,Total cycles spent idle waiting for weight grad finish: 0
id: mlp_moelayer ,Total cycles spent idle waiting for input grad finish: 94330
id: mlp_moelayer ,Total cycles spent on fwd pass comm: 813668
id: mlp_moelayer ,Total cycles spent on weight grad comm: 0
id: mlp_moelayer ,Total cycles spent on input grad comm: 94330
*******************
Layer id: mlp_moelayer
Total collectives issued for this layer: 2
*************************  Workload stats  ************************* mlp_moelayer
id: mlp_moelayer ,Total cycles spent on fwd pass compute: 1
id: mlp_moelayer ,Total cycles spent on weight grad compute: 1
id: mlp_moelayer ,Total cycles spent on input grad compute: 1
id: mlp_moelayer ,Total cycles spent idle waiting for fwd finish: 49905
id: mlp_moelayer ,Total cycles spent idle waiting for weight grad finish: 0
id: mlp_moelayer ,Total cycles spent idle waiting for input grad finish: 250599
id: mlp_moelayer ,Total cycles spent on fwd pass comm: 49905
id: mlp_moelayer ,Total cycles spent on weight grad comm: 0
id: mlp_moelayer ,Total cycles spent on input grad comm: 250599
*******************
Layer id: mlp_moelayer
Total collectives issued for this layer: 2
*************************  Workload stats  ************************* mlp_moelayer
id: mlp_moelayer ,Total cycles spent on fwd pass compute: 1
id: mlp_moelayer ,Total cycles spent on weight grad compute: 1
id: mlp_moelayer ,Total cycles spent on input grad compute: 1
id: mlp_moelayer ,Total cycles spent idle waiting for fwd finish: 1026749
id: mlp_moelayer ,Total cycles spent idle waiting for weight grad finish: 0
id: mlp_moelayer ,Total cycles spent idle waiting for input grad finish: 989903
id: mlp_moelayer ,Total cycles spent on fwd pass comm: 1026749
id: mlp_moelayer ,Total cycles spent on weight grad comm: 0
id: mlp_moelayer ,Total cycles spent on input grad comm: 989903
*******************
Layer id: mlp_moelayer
Total collectives issued for this layer: 2
*************************  Workload stats  ************************* mlp_moelayer
id: mlp_moelayer ,Total cycles spent on fwd pass compute: 1
id: mlp_moelayer ,Total cycles spent on weight grad compute: 1
id: mlp_moelayer ,Total cycles spent on input grad compute: 1
id: mlp_moelayer ,Total cycles spent idle waiting for fwd finish: 298531
id: mlp_moelayer ,Total cycles spent idle waiting for weight grad finish: 0
id: mlp_moelayer ,Total cycles spent idle waiting for input grad finish: 12962
id: mlp_moelayer ,Total cycles spent on fwd pass comm: 298531
id: mlp_moelayer ,Total cycles spent on weight grad comm: 0
id: mlp_moelayer ,Total cycles spent on input grad comm: 12962
*******************
Layer id: attention_column
Total collectives issued for this layer: 1
*************************  Workload stats  ************************* attention_column
id: attention_column ,Total cycles spent on fwd pass compute: 1
id: attention_column ,Total cycles spent on weight grad compute: 1
id: attention_column ,Total cycles spent on input grad compute: 1
id: attention_column ,Total cycles spent idle waiting for fwd finish: 24420
id: attention_column ,Total cycles spent idle waiting for weight grad finish: 0
id: attention_column ,Total cycles spent idle waiting for input grad finish: 0
id: attention_column ,Total cycles spent on fwd pass comm: 24420
id: attention_column ,Total cycles spent on weight grad comm: 0
id: attention_column ,Total cycles spent on input grad comm: 0
*******************
Layer id: attention_row
Total collectives issued for this layer: 1
*************************  Workload stats  ************************* attention_row
id: attention_row ,Total cycles spent on fwd pass compute: 1
id: attention_row ,Total cycles spent on weight grad compute: 1
id: attention_row ,Total cycles spent on input grad compute: 1
id: attention_row ,Total cycles spent idle waiting for fwd finish: 30375
id: attention_row ,Total cycles spent idle waiting for weight grad finish: 0
id: attention_row ,Total cycles spent idle waiting for input grad finish: 0
id: attention_row ,Total cycles spent on fwd pass comm: 30375
id: attention_row ,Total cycles spent on weight grad comm: 0
id: attention_row ,Total cycles spent on input grad comm: 0
*******************
Layer id: mlp_moelayer
Total collectives issued for this layer: 2
*************************  Workload stats  ************************* mlp_moelayer
id: mlp_moelayer ,Total cycles spent on fwd pass compute: 1
id: mlp_moelayer ,Total cycles spent on weight grad compute: 1
id: mlp_moelayer ,Total cycles spent on input grad compute: 1
id: mlp_moelayer ,Total cycles spent idle waiting for fwd finish: 1469
id: mlp_moelayer ,Total cycles spent idle waiting for weight grad finish: 0
id: mlp_moelayer ,Total cycles spent idle waiting for input grad finish: 1200
id: mlp_moelayer ,Total cycles spent on fwd pass comm: 1469
id: mlp_moelayer ,Total cycles spent on weight grad comm: 0
id: mlp_moelayer ,Total cycles spent on input grad comm: 1200
*******************
Layer id: mlp_moelayer
Total collectives issued for this layer: 2
*************************  Workload stats  ************************* mlp_moelayer
id: mlp_moelayer ,Total cycles spent on fwd pass compute: 1
id: mlp_moelayer ,Total cycles spent on weight grad compute: 1
id: mlp_moelayer ,Total cycles spent on input grad compute: 1
id: mlp_moelayer ,Total cycles spent idle waiting for fwd finish: 19112
id: mlp_moelayer ,Total cycles spent idle waiting for weight grad finish: 0
id: mlp_moelayer ,Total cycles spent idle waiting for input grad finish: 191105
id: mlp_moelayer ,Total cycles spent on fwd pass comm: 19112
id: mlp_moelayer ,Total cycles spent on weight grad comm: 0
id: mlp_moelayer ,Total cycles spent on input grad comm: 191105
*******************
Layer id: mlp_moelayer
Total collectives issued for this layer: 2
*************************  Workload stats  ************************* mlp_moelayer
id: mlp_moelayer ,Total cycles spent on fwd pass compute: 1
id: mlp_moelayer ,Total cycles spent on weight grad compute: 1
id: mlp_moelayer ,Total cycles spent on input grad compute: 1
id: mlp_moelayer ,Total cycles spent idle waiting for fwd finish: 996507
id: mlp_moelayer ,Total cycles spent idle waiting for weight grad finish: 0
id: mlp_moelayer ,Total cycles spent idle waiting for input grad finish: 1104634
id: mlp_moelayer ,Total cycles spent on fwd pass comm: 996507
id: mlp_moelayer ,Total cycles spent on weight grad comm: 0
id: mlp_moelayer ,Total cycles spent on input grad comm: 1104634
*******************
Layer id: mlp_moelayer
Total collectives issued for this layer: 2
*************************  Workload stats  ************************* mlp_moelayer
id: mlp_moelayer ,Total cycles spent on fwd pass compute: 1
id: mlp_moelayer ,Total cycles spent on weight grad compute: 1
id: mlp_moelayer ,Total cycles spent on input grad compute: 1
id: mlp_moelayer ,Total cycles spent idle waiting for fwd finish: 143591
id: mlp_moelayer ,Total cycles spent idle waiting for weight grad finish: 0
id: mlp_moelayer ,Total cycles spent idle waiting for input grad finish: 99226
id: mlp_moelayer ,Total cycles spent on fwd pass comm: 143591
id: mlp_moelayer ,Total cycles spent on weight grad comm: 0
id: mlp_moelayer ,Total cycles spent on input grad comm: 99226
*******************
Layer id: mlp_moelayer
Total collectives issued for this layer: 2
*************************  Workload stats  ************************* mlp_moelayer
id: mlp_moelayer ,Total cycles spent on fwd pass compute: 1
id: mlp_moelayer ,Total cycles spent on weight grad compute: 1
id: mlp_moelayer ,Total cycles spent on input grad compute: 1
id: mlp_moelayer ,Total cycles spent idle waiting for fwd finish: 47730
id: mlp_moelayer ,Total cycles spent idle waiting for weight grad finish: 0
id: mlp_moelayer ,Total cycles spent idle waiting for input grad finish: 92348
id: mlp_moelayer ,Total cycles spent on fwd pass comm: 47730
id: mlp_moelayer ,Total cycles spent on weight grad comm: 0
id: mlp_moelayer ,Total cycles spent on input grad comm: 92348
*******************
Layer id: mlp_moelayer
Total collectives issued for this layer: 2
*************************  Workload stats  ************************* mlp_moelayer
id: mlp_moelayer ,Total cycles spent on fwd pass compute: 1
id: mlp_moelayer ,Total cycles spent on weight grad compute: 1
id: mlp_moelayer ,Total cycles spent on input grad compute: 1
id: mlp_moelayer ,Total cycles spent idle waiting for fwd finish: 1144168
id: mlp_moelayer ,Total cycles spent idle waiting for weight grad finish: 0
id: mlp_moelayer ,Total cycles spent idle waiting for input grad finish: 1003986
id: mlp_moelayer ,Total cycles spent on fwd pass comm: 1144168
id: mlp_moelayer ,Total cycles spent on weight grad comm: 0
id: mlp_moelayer ,Total cycles spent on input grad comm: 1003986
*******************
Layer id: mlp_moelayer
Total collectives issued for this layer: 2
*************************  Workload stats  ************************* mlp_moelayer
id: mlp_moelayer ,Total cycles spent on fwd pass compute: 1
id: mlp_moelayer ,Total cycles spent on weight grad compute: 1
id: mlp_moelayer ,Total cycles spent on input grad compute: 1
id: mlp_moelayer ,Total cycles spent idle waiting for fwd finish: 148262
id: mlp_moelayer ,Total cycles spent idle waiting for weight grad finish: 0
id: mlp_moelayer ,Total cycles spent idle waiting for input grad finish: 16350
id: mlp_moelayer ,Total cycles spent on fwd pass comm: 148262
id: mlp_moelayer ,Total cycles spent on weight grad comm: 0
id: mlp_moelayer ,Total cycles spent on input grad comm: 16350
*******************
Layer id: attention_column
Total collectives issued for this layer: 1
*************************  Workload stats  ************************* attention_column
id: attention_column ,Total cycles spent on fwd pass compute: 1
id: attention_column ,Total cycles spent on weight grad compute: 1
id: attention_column ,Total cycles spent on input grad compute: 1
id: attention_column ,Total cycles spent idle waiting for fwd finish: 24420
id: attention_column ,Total cycles spent idle waiting for weight grad finish: 0
id: attention_column ,Total cycles spent idle waiting for input grad finish: 0
id: attention_column ,Total cycles spent on fwd pass comm: 24420
id: attention_column ,Total cycles spent on weight grad comm: 0
id: attention_column ,Total cycles spent on input grad comm: 0
*******************
Layer id: attention_row
Total collectives issued for this layer: 1
*************************  Workload stats  ************************* attention_row
id: attention_row ,Total cycles spent on fwd pass compute: 1
id: attention_row ,Total cycles spent on weight grad compute: 1
id: attention_row ,Total cycles spent on input grad compute: 1
id: attention_row ,Total cycles spent idle waiting for fwd finish: 24620
id: attention_row ,Total cycles spent idle waiting for weight grad finish: 0
id: attention_row ,Total cycles spent idle waiting for input grad finish: 0
id: attention_row ,Total cycles spent on fwd pass comm: 24620
id: attention_row ,Total cycles spent on weight grad comm: 0
id: attention_row ,Total cycles spent on input grad comm: 0
*******************
Layer id: mlp_moelayer
Total collectives issued for this layer: 2
*************************  Workload stats  ************************* mlp_moelayer
id: mlp_moelayer ,Total cycles spent on fwd pass compute: 1
id: mlp_moelayer ,Total cycles spent on weight grad compute: 1
id: mlp_moelayer ,Total cycles spent on input grad compute: 1
id: mlp_moelayer ,Total cycles spent idle waiting for fwd finish: 1220
id: mlp_moelayer ,Total cycles spent idle waiting for weight grad finish: 0
id: mlp_moelayer ,Total cycles spent idle waiting for input grad finish: 1182
id: mlp_moelayer ,Total cycles spent on fwd pass comm: 1220
id: mlp_moelayer ,Total cycles spent on weight grad comm: 0
id: mlp_moelayer ,Total cycles spent on input grad comm: 1182
*******************
Layer id: mlp_moelayer
Total collectives issued for this layer: 2
*************************  Workload stats  ************************* mlp_moelayer
id: mlp_moelayer ,Total cycles spent on fwd pass compute: 1
id: mlp_moelayer ,Total cycles spent on weight grad compute: 1
id: mlp_moelayer ,Total cycles spent on input grad compute: 1
id: mlp_moelayer ,Total cycles spent idle waiting for fwd finish: 12942
id: mlp_moelayer ,Total cycles spent idle waiting for weight grad finish: 0
id: mlp_moelayer ,Total cycles spent idle waiting for input grad finish: 268403
id: mlp_moelayer ,Total cycles spent on fwd pass comm: 12942
id: mlp_moelayer ,Total cycles spent on weight grad comm: 0
id: mlp_moelayer ,Total cycles spent on input grad comm: 268403
*******************
Layer id: mlp_moelayer
Total collectives issued for this layer: 2
*************************  Workload stats  ************************* mlp_moelayer
id: mlp_moelayer ,Total cycles spent on fwd pass compute: 1
id: mlp_moelayer ,Total cycles spent on weight grad compute: 1
id: mlp_moelayer ,Total cycles spent on input grad compute: 1
id: mlp_moelayer ,Total cycles spent idle waiting for fwd finish: 1131067
id: mlp_moelayer ,Total cycles spent idle waiting for weight grad finish: 0
id: mlp_moelayer ,Total cycles spent idle waiting for input grad finish: 1070375
id: mlp_moelayer ,Total cycles spent on fwd pass comm: 1131067
id: mlp_moelayer ,Total cycles spent on weight grad comm: 0
id: mlp_moelayer ,Total cycles spent on input grad comm: 1070375
*******************
Layer id: mlp_moelayer
Total collectives issued for this layer: 2
*************************  Workload stats  ************************* mlp_moelayer
id: mlp_moelayer ,Total cycles spent on fwd pass compute: 1
id: mlp_moelayer ,Total cycles spent on weight grad compute: 1
id: mlp_moelayer ,Total cycles spent on input grad compute: 1
id: mlp_moelayer ,Total cycles spent idle waiting for fwd finish: 86553
id: mlp_moelayer ,Total cycles spent idle waiting for weight grad finish: 0
id: mlp_moelayer ,Total cycles spent idle waiting for input grad finish: 94330
id: mlp_moelayer ,Total cycles spent on fwd pass comm: 86553
id: mlp_moelayer ,Total cycles spent on weight grad comm: 0
id: mlp_moelayer ,Total cycles spent on input grad comm: 94330
*******************
Layer id: mlp_moelayer
Total collectives issued for this layer: 2
*************************  Workload stats  ************************* mlp_moelayer
id: mlp_moelayer ,Total cycles spent on fwd pass compute: 1
id: mlp_moelayer ,Total cycles spent on weight grad compute: 1
id: mlp_moelayer ,Total cycles spent on input grad compute: 1
id: mlp_moelayer ,Total cycles spent idle waiting for fwd finish: 53597
id: mlp_moelayer ,Total cycles spent idle waiting for weight grad finish: 0
id: mlp_moelayer ,Total cycles spent idle waiting for input grad finish: 115257
id: mlp_moelayer ,Total cycles spent on fwd pass comm: 53597
id: mlp_moelayer ,Total cycles spent on weight grad comm: 0
id: mlp_moelayer ,Total cycles spent on input grad comm: 115257
*******************
Layer id: mlp_moelayer
Total collectives issued for this layer: 2
*************************  Workload stats  ************************* mlp_moelayer
id: mlp_moelayer ,Total cycles spent on fwd pass compute: 1
id: mlp_moelayer ,Total cycles spent on weight grad compute: 1
id: mlp_moelayer ,Total cycles spent on input grad compute: 1
id: mlp_moelayer ,Total cycles spent idle waiting for fwd finish: 625396
id: mlp_moelayer ,Total cycles spent idle waiting for weight grad finish: 0
id: mlp_moelayer ,Total cycles spent idle waiting for input grad finish: 1017421
id: mlp_moelayer ,Total cycles spent on fwd pass comm: 625396
id: mlp_moelayer ,Total cycles spent on weight grad comm: 0
id: mlp_moelayer ,Total cycles spent on input grad comm: 1017421
*******************
Layer id: mlp_moelayer
Total collectives issued for this layer: 2
*************************  Workload stats  ************************* mlp_moelayer
id: mlp_moelayer ,Total cycles spent on fwd pass compute: 1
id: mlp_moelayer ,Total cycles spent on weight grad compute: 1
id: mlp_moelayer ,Total cycles spent on input grad compute: 1
id: mlp_moelayer ,Total cycles spent idle waiting for fwd finish: 12989
id: mlp_moelayer ,Total cycles spent idle waiting for weight grad finish: 0
id: mlp_moelayer ,Total cycles spent idle waiting for input grad finish: 12980
id: mlp_moelayer ,Total cycles spent on fwd pass comm: 12989
id: mlp_moelayer ,Total cycles spent on weight grad comm: 0
id: mlp_moelayer ,Total cycles spent on input grad comm: 12980
*******************
Layer id: attention_column
Total collectives issued for this layer: 1
*************************  Workload stats  ************************* attention_column
id: attention_column ,Total cycles spent on fwd pass compute: 1
id: attention_column ,Total cycles spent on weight grad compute: 1
id: attention_column ,Total cycles spent on input grad compute: 1
id: attention_column ,Total cycles spent idle waiting for fwd finish: 24430
id: attention_column ,Total cycles spent idle waiting for weight grad finish: 0
id: attention_column ,Total cycles spent idle waiting for input grad finish: 0
id: attention_column ,Total cycles spent on fwd pass comm: 24430
id: attention_column ,Total cycles spent on weight grad comm: 0
id: attention_column ,Total cycles spent on input grad comm: 0
*******************
Layer id: attention_row
Total collectives issued for this layer: 1
*************************  Workload stats  ************************* attention_row
id: attention_row ,Total cycles spent on fwd pass compute: 1
id: attention_row ,Total cycles spent on weight grad compute: 1
id: attention_row ,Total cycles spent on input grad compute: 1
id: attention_row ,Total cycles spent idle waiting for fwd finish: 24610
id: attention_row ,Total cycles spent idle waiting for weight grad finish: 0
id: attention_row ,Total cycles spent idle waiting for input grad finish: 0
id: attention_row ,Total cycles spent on fwd pass comm: 24610
id: attention_row ,Total cycles spent on weight grad comm: 0
id: attention_row ,Total cycles spent on input grad comm: 0
*******************
Layer id: mlp_moelayer
Total collectives issued for this layer: 2
*************************  Workload stats  ************************* mlp_moelayer
id: mlp_moelayer ,Total cycles spent on fwd pass compute: 1
id: mlp_moelayer ,Total cycles spent on weight grad compute: 1
id: mlp_moelayer ,Total cycles spent on input grad compute: 1
id: mlp_moelayer ,Total cycles spent idle waiting for fwd finish: 1230
id: mlp_moelayer ,Total cycles spent idle waiting for weight grad finish: 0
id: mlp_moelayer ,Total cycles spent idle waiting for input grad finish: 1182
id: mlp_moelayer ,Total cycles spent on fwd pass comm: 1230
id: mlp_moelayer ,Total cycles spent on weight grad comm: 0
id: mlp_moelayer ,Total cycles spent on input grad comm: 1182
*******************
Layer id: mlp_moelayer
Total collectives issued for this layer: 2
*************************  Workload stats  ************************* mlp_moelayer
id: mlp_moelayer ,Total cycles spent on fwd pass compute: 1
id: mlp_moelayer ,Total cycles spent on weight grad compute: 1
id: mlp_moelayer ,Total cycles spent on input grad compute: 1
id: mlp_moelayer ,Total cycles spent idle waiting for fwd finish: 13520
id: mlp_moelayer ,Total cycles spent idle waiting for weight grad finish: 0
id: mlp_moelayer ,Total cycles spent idle waiting for input grad finish: 110680
id: mlp_moelayer ,Total cycles spent on fwd pass comm: 13520
id: mlp_moelayer ,Total cycles spent on weight grad comm: 0
id: mlp_moelayer ,Total cycles spent on input grad comm: 110680
*******************
Layer id: mlp_moelayer
Total collectives issued for this layer: 2
*************************  Workload stats  ************************* mlp_moelayer
id: mlp_moelayer ,Total cycles spent on fwd pass compute: 1
id: mlp_moelayer ,Total cycles spent on weight grad compute: 1
id: mlp_moelayer ,Total cycles spent on input grad compute: 1
id: mlp_moelayer ,Total cycles spent idle waiting for fwd finish: 1368769
id: mlp_moelayer ,Total cycles spent idle waiting for weight grad finish: 0
id: mlp_moelayer ,Total cycles spent idle waiting for input grad finish: 1207477
id: mlp_moelayer ,Total cycles spent on fwd pass comm: 1368769
id: mlp_moelayer ,Total cycles spent on weight grad comm: 0
id: mlp_moelayer ,Total cycles spent on input grad comm: 1207477
*******************
Layer id: mlp_moelayer
Total collectives issued for this layer: 2
*************************  Workload stats  ************************* mlp_moelayer
id: mlp_moelayer ,Total cycles spent on fwd pass compute: 1
id: mlp_moelayer ,Total cycles spent on weight grad compute: 1
id: mlp_moelayer ,Total cycles spent on input grad compute: 1
id: mlp_moelayer ,Total cycles spent idle waiting for fwd finish: 47712
id: mlp_moelayer ,Total cycles spent idle waiting for weight grad finish: 0
id: mlp_moelayer ,Total cycles spent idle waiting for input grad finish: 94330
id: mlp_moelayer ,Total cycles spent on fwd pass comm: 47712
id: mlp_moelayer ,Total cycles spent on weight grad comm: 0
id: mlp_moelayer ,Total cycles spent on input grad comm: 94330
*******************
Layer id: mlp_moelayer
Total collectives issued for this layer: 2
*************************  Workload stats  ************************* mlp_moelayer
id: mlp_moelayer ,Total cycles spent on fwd pass compute: 1
id: mlp_moelayer ,Total cycles spent on weight grad compute: 1
id: mlp_moelayer ,Total cycles spent on input grad compute: 1
id: mlp_moelayer ,Total cycles spent idle waiting for fwd finish: 47932
id: mlp_moelayer ,Total cycles spent idle waiting for weight grad finish: 0
id: mlp_moelayer ,Total cycles spent idle waiting for input grad finish: 81161
id: mlp_moelayer ,Total cycles spent on fwd pass comm: 47932
id: mlp_moelayer ,Total cycles spent on weight grad comm: 0
id: mlp_moelayer ,Total cycles spent on input grad comm: 81161
*******************
Layer id: mlp_moelayer
Total collectives issued for this layer: 2
*************************  Workload stats  ************************* mlp_moelayer
id: mlp_moelayer ,Total cycles spent on fwd pass compute: 1
id: mlp_moelayer ,Total cycles spent on weight grad compute: 1
id: mlp_moelayer ,Total cycles spent on input grad compute: 1
id: mlp_moelayer ,Total cycles spent idle waiting for fwd finish: 1182556
id: mlp_moelayer ,Total cycles spent idle waiting for weight grad finish: 0
id: mlp_moelayer ,Total cycles spent idle waiting for input grad finish: 1001141
id: mlp_moelayer ,Total cycles spent on fwd pass comm: 1182556
id: mlp_moelayer ,Total cycles spent on weight grad comm: 0
id: mlp_moelayer ,Total cycles spent on input grad comm: 1001141
*******************
Layer id: mlp_moelayer
Total collectives issued for this layer: 2
*************************  Workload stats  ************************* mlp_moelayer
id: mlp_moelayer ,Total cycles spent on fwd pass compute: 1
id: mlp_moelayer ,Total cycles spent on weight grad compute: 1
id: mlp_moelayer ,Total cycles spent on input grad compute: 1
id: mlp_moelayer ,Total cycles spent idle waiting for fwd finish: 12760
id: mlp_moelayer ,Total cycles spent idle waiting for weight grad finish: 0
id: mlp_moelayer ,Total cycles spent idle waiting for input grad finish: 19115
id: mlp_moelayer ,Total cycles spent on fwd pass comm: 12760
id: mlp_moelayer ,Total cycles spent on weight grad comm: 0
id: mlp_moelayer ,Total cycles spent on input grad comm: 19115
*******************
Layer id: final_column
Total collectives issued for this layer: 1
*************************  Workload stats  ************************* final_column
id: final_column ,Total cycles spent on fwd pass compute: 1
id: final_column ,Total cycles spent on weight grad compute: 1
id: final_column ,Total cycles spent on input grad compute: 1
id: final_column ,Total cycles spent idle waiting for fwd finish: 24630
id: final_column ,Total cycles spent idle waiting for weight grad finish: 0
id: final_column ,Total cycles spent idle waiting for input grad finish: 0
id: final_column ,Total cycles spent on fwd pass comm: 24630
id: final_column ,Total cycles spent on weight grad comm: 0
id: final_column ,Total cycles spent on input grad comm: 0
*******************
Layer id: embedding_norm
Total collectives issued for this layer: 1
*************************  Workload stats  ************************* embedding_norm
id: embedding_norm ,Total cycles spent on fwd pass compute: 1
id: embedding_norm ,Total cycles spent on weight grad compute: 1
id: embedding_norm ,Total cycles spent on input grad compute: 1
id: embedding_norm ,Total cycles spent idle waiting for fwd finish: 382216
id: embedding_norm ,Total cycles spent idle waiting for weight grad finish: 0
id: embedding_norm ,Total cycles spent idle waiting for input grad finish: 0
id: embedding_norm ,Total cycles spent on fwd pass comm: 382216
id: embedding_norm ,Total cycles spent on weight grad comm: 0
id: embedding_norm ,Total cycles spent on input grad comm: 0
*******************
Layer id: embedding_layer
Total collectives issued for this layer: 0
*************************  Workload stats  ************************* embedding_layer
id: embedding_layer ,Total cycles spent on fwd pass compute: 1
id: embedding_layer ,Total cycles spent on weight grad compute: 1
id: embedding_layer ,Total cycles spent on input grad compute: 1
id: embedding_layer ,Total cycles spent idle waiting for fwd finish: 0
id: embedding_layer ,Total cycles spent idle waiting for weight grad finish: 0
id: embedding_layer ,Total cycles spent idle waiting for input grad finish: 0
id: embedding_layer ,Total cycles spent on fwd pass comm: 0
id: embedding_layer ,Total cycles spent on weight grad comm: 0
id: embedding_layer ,Total cycles spent on input grad comm: 0
*******************
Layer id: attention_column
Total collectives issued for this layer: 1
*************************  Workload stats  ************************* attention_column
id: attention_column ,Total cycles spent on fwd pass compute: 1
id: attention_column ,Total cycles spent on weight grad compute: 1
id: attention_column ,Total cycles spent on input grad compute: 1
id: attention_column ,Total cycles spent idle waiting for fwd finish: 24470
id: attention_column ,Total cycles spent idle waiting for weight grad finish: 0
id: attention_column ,Total cycles spent idle waiting for input grad finish: 0
id: attention_column ,Total cycles spent on fwd pass comm: 24470
id: attention_column ,Total cycles spent on weight grad comm: 0
id: attention_column ,Total cycles spent on input grad comm: 0
*******************
Layer id: attention_row
Total collectives issued for this layer: 1
*************************  Workload stats  ************************* attention_row
id: attention_row ,Total cycles spent on fwd pass compute: 1
id: attention_row ,Total cycles spent on weight grad compute: 1
id: attention_row ,Total cycles spent on input grad compute: 1
id: attention_row ,Total cycles spent idle waiting for fwd finish: 24570
id: attention_row ,Total cycles spent idle waiting for weight grad finish: 0
id: attention_row ,Total cycles spent idle waiting for input grad finish: 0
id: attention_row ,Total cycles spent on fwd pass comm: 24570
id: attention_row ,Total cycles spent on weight grad comm: 0
id: attention_row ,Total cycles spent on input grad comm: 0
*******************
Layer id: mlp_moelayer
Total collectives issued for this layer: 2
*************************  Workload stats  ************************* mlp_moelayer
id: mlp_moelayer ,Total cycles spent on fwd pass compute: 1
id: mlp_moelayer ,Total cycles spent on weight grad compute: 1
id: mlp_moelayer ,Total cycles spent on input grad compute: 1
id: mlp_moelayer ,Total cycles spent idle waiting for fwd finish: 1242
id: mlp_moelayer ,Total cycles spent idle waiting for weight grad finish: 0
id: mlp_moelayer ,Total cycles spent idle waiting for input grad finish: 1182
id: mlp_moelayer ,Total cycles spent on fwd pass comm: 1242
id: mlp_moelayer ,Total cycles spent on weight grad comm: 0
id: mlp_moelayer ,Total cycles spent on input grad comm: 1182
*******************
Layer id: mlp_moelayer
Total collectives issued for this layer: 2
*************************  Workload stats  ************************* mlp_moelayer
id: mlp_moelayer ,Total cycles spent on fwd pass compute: 1
id: mlp_moelayer ,Total cycles spent on weight grad compute: 1
id: mlp_moelayer ,Total cycles spent on input grad compute: 1
id: mlp_moelayer ,Total cycles spent idle waiting for fwd finish: 18377
id: mlp_moelayer ,Total cycles spent idle waiting for weight grad finish: 0
id: mlp_moelayer ,Total cycles spent idle waiting for input grad finish: 463745
id: mlp_moelayer ,Total cycles spent on fwd pass comm: 18377
id: mlp_moelayer ,Total cycles spent on weight grad comm: 0
id: mlp_moelayer ,Total cycles spent on input grad comm: 463745
*******************
Layer id: mlp_moelayer
Total collectives issued for this layer: 2
*************************  Workload stats  ************************* mlp_moelayer
id: mlp_moelayer ,Total cycles spent on fwd pass compute: 1
id: mlp_moelayer ,Total cycles spent on weight grad compute: 1
id: mlp_moelayer ,Total cycles spent on input grad compute: 1
id: mlp_moelayer ,Total cycles spent idle waiting for fwd finish: 1308329
id: mlp_moelayer ,Total cycles spent idle waiting for weight grad finish: 0
id: mlp_moelayer ,Total cycles spent idle waiting for input grad finish: 291011
id: mlp_moelayer ,Total cycles spent on fwd pass comm: 1308329
id: mlp_moelayer ,Total cycles spent on weight grad comm: 0
id: mlp_moelayer ,Total cycles spent on input grad comm: 291011
*******************
Layer id: mlp_moelayer
Total collectives issued for this layer: 2
*************************  Workload stats  ************************* mlp_moelayer
id: mlp_moelayer ,Total cycles spent on fwd pass compute: 1
id: mlp_moelayer ,Total cycles spent on weight grad compute: 1
id: mlp_moelayer ,Total cycles spent on input grad compute: 1
id: mlp_moelayer ,Total cycles spent idle waiting for fwd finish: 47712
id: mlp_moelayer ,Total cycles spent idle waiting for weight grad finish: 0
id: mlp_moelayer ,Total cycles spent idle waiting for input grad finish: 94536
id: mlp_moelayer ,Total cycles spent on fwd pass comm: 47712
id: mlp_moelayer ,Total cycles spent on weight grad comm: 0
id: mlp_moelayer ,Total cycles spent on input grad comm: 94536
*******************
Layer id: mlp_moelayer
Total collectives issued for this layer: 2
*************************  Workload stats  ************************* mlp_moelayer
id: mlp_moelayer ,Total cycles spent on fwd pass compute: 1
id: mlp_moelayer ,Total cycles spent on weight grad compute: 1
id: mlp_moelayer ,Total cycles spent on input grad compute: 1
id: mlp_moelayer ,Total cycles spent idle waiting for fwd finish: 48012
id: mlp_moelayer ,Total cycles spent idle waiting for weight grad finish: 0
id: mlp_moelayer ,Total cycles spent idle waiting for input grad finish: 47712
id: mlp_moelayer ,Total cycles spent on fwd pass comm: 48012
id: mlp_moelayer ,Total cycles spent on weight grad comm: 0
id: mlp_moelayer ,Total cycles spent on input grad comm: 47712
*******************
Layer id: mlp_moelayer
Total collectives issued for this layer: 2
*************************  Workload stats  ************************* mlp_moelayer
id: mlp_moelayer ,Total cycles spent on fwd pass compute: 1
id: mlp_moelayer ,Total cycles spent on weight grad compute: 1
id: mlp_moelayer ,Total cycles spent on input grad compute: 1
id: mlp_moelayer ,Total cycles spent idle waiting for fwd finish: 1270260
id: mlp_moelayer ,Total cycles spent idle waiting for weight grad finish: 0
id: mlp_moelayer ,Total cycles spent idle waiting for input grad finish: 1490282
id: mlp_moelayer ,Total cycles spent on fwd pass comm: 1270260
id: mlp_moelayer ,Total cycles spent on weight grad comm: 0
id: mlp_moelayer ,Total cycles spent on input grad comm: 1490282
*******************
Layer id: mlp_moelayer
Total collectives issued for this layer: 2
*************************  Workload stats  ************************* mlp_moelayer
id: mlp_moelayer ,Total cycles spent on fwd pass compute: 1
id: mlp_moelayer ,Total cycles spent on weight grad compute: 1
id: mlp_moelayer ,Total cycles spent on input grad compute: 1
id: mlp_moelayer ,Total cycles spent idle waiting for fwd finish: 12760
id: mlp_moelayer ,Total cycles spent idle waiting for weight grad finish: 0
id: mlp_moelayer ,Total cycles spent idle waiting for input grad finish: 18930
id: mlp_moelayer ,Total cycles spent on fwd pass comm: 12760
id: mlp_moelayer ,Total cycles spent on weight grad comm: 0
id: mlp_moelayer ,Total cycles spent on input grad comm: 18930
*******************
Layer id: attention_column
Total collectives issued for this layer: 1
*************************  Workload stats  ************************* attention_column
id: attention_column ,Total cycles spent on fwd pass compute: 1
id: attention_column ,Total cycles spent on weight grad compute: 1
id: attention_column ,Total cycles spent on input grad compute: 1
id: attention_column ,Total cycles spent idle waiting for fwd finish: 24630
id: attention_column ,Total cycles spent idle waiting for weight grad finish: 0
id: attention_column ,Total cycles spent idle waiting for input grad finish: 0
id: attention_column ,Total cycles spent on fwd pass comm: 24630
id: attention_column ,Total cycles spent on weight grad comm: 0
id: attention_column ,Total cycles spent on input grad comm: 0
*******************
Layer id: attention_row
Total collectives issued for this layer: 1
*************************  Workload stats  ************************* attention_row
id: attention_row ,Total cycles spent on fwd pass compute: 1
id: attention_row ,Total cycles spent on weight grad compute: 1
id: attention_row ,Total cycles spent on input grad compute: 1
id: attention_row ,Total cycles spent idle waiting for fwd finish: 24430
id: attention_row ,Total cycles spent idle waiting for weight grad finish: 0
id: attention_row ,Total cycles spent idle waiting for input grad finish: 0
id: attention_row ,Total cycles spent on fwd pass comm: 24430
id: attention_row ,Total cycles spent on weight grad comm: 0
id: attention_row ,Total cycles spent on input grad comm: 0
*******************
Layer id: mlp_moelayer
Total collectives issued for this layer: 2
*************************  Workload stats  ************************* mlp_moelayer
id: mlp_moelayer ,Total cycles spent on fwd pass compute: 1
id: mlp_moelayer ,Total cycles spent on weight grad compute: 1
id: mlp_moelayer ,Total cycles spent on input grad compute: 1
id: mlp_moelayer ,Total cycles spent idle waiting for fwd finish: 1382
id: mlp_moelayer ,Total cycles spent idle waiting for weight grad finish: 0
id: mlp_moelayer ,Total cycles spent idle waiting for input grad finish: 1182
id: mlp_moelayer ,Total cycles spent on fwd pass comm: 1382
id: mlp_moelayer ,Total cycles spent on weight grad comm: 0
id: mlp_moelayer ,Total cycles spent on input grad comm: 1182
*******************
Layer id: mlp_moelayer
Total collectives issued for this layer: 2
*************************  Workload stats  ************************* mlp_moelayer
id: mlp_moelayer ,Total cycles spent on fwd pass compute: 1
id: mlp_moelayer ,Total cycles spent on weight grad compute: 1
id: mlp_moelayer ,Total cycles spent on input grad compute: 1
id: mlp_moelayer ,Total cycles spent idle waiting for fwd finish: 16220
id: mlp_moelayer ,Total cycles spent idle waiting for weight grad finish: 0
id: mlp_moelayer ,Total cycles spent idle waiting for input grad finish: 24985
id: mlp_moelayer ,Total cycles spent on fwd pass comm: 16220
id: mlp_moelayer ,Total cycles spent on weight grad comm: 0
id: mlp_moelayer ,Total cycles spent on input grad comm: 24985
*******************
Layer id: mlp_moelayer
Total collectives issued for this layer: 2
*************************  Workload stats  ************************* mlp_moelayer
id: mlp_moelayer ,Total cycles spent on fwd pass compute: 1
id: mlp_moelayer ,Total cycles spent on weight grad compute: 1
id: mlp_moelayer ,Total cycles spent on input grad compute: 1
id: mlp_moelayer ,Total cycles spent idle waiting for fwd finish: 1131149
id: mlp_moelayer ,Total cycles spent idle waiting for weight grad finish: 0
id: mlp_moelayer ,Total cycles spent idle waiting for input grad finish: 1192634
id: mlp_moelayer ,Total cycles spent on fwd pass comm: 1131149
id: mlp_moelayer ,Total cycles spent on weight grad comm: 0
id: mlp_moelayer ,Total cycles spent on input grad comm: 1192634
*******************
Layer id: mlp_moelayer
Total collectives issued for this layer: 2
*************************  Workload stats  ************************* mlp_moelayer
id: mlp_moelayer ,Total cycles spent on fwd pass compute: 1
id: mlp_moelayer ,Total cycles spent on weight grad compute: 1
id: mlp_moelayer ,Total cycles spent on input grad compute: 1
id: mlp_moelayer ,Total cycles spent idle waiting for fwd finish: 53442
id: mlp_moelayer ,Total cycles spent idle waiting for weight grad finish: 0
id: mlp_moelayer ,Total cycles spent idle waiting for input grad finish: 104771
id: mlp_moelayer ,Total cycles spent on fwd pass comm: 53442
id: mlp_moelayer ,Total cycles spent on weight grad comm: 0
id: mlp_moelayer ,Total cycles spent on input grad comm: 104771
*******************
Layer id: mlp_moelayer
Total collectives issued for this layer: 2
*************************  Workload stats  ************************* mlp_moelayer
id: mlp_moelayer ,Total cycles spent on fwd pass compute: 1
id: mlp_moelayer ,Total cycles spent on weight grad compute: 1
id: mlp_moelayer ,Total cycles spent on input grad compute: 1
id: mlp_moelayer ,Total cycles spent idle waiting for fwd finish: 48577
id: mlp_moelayer ,Total cycles spent idle waiting for weight grad finish: 0
id: mlp_moelayer ,Total cycles spent idle waiting for input grad finish: 47712
id: mlp_moelayer ,Total cycles spent on fwd pass comm: 48577
id: mlp_moelayer ,Total cycles spent on weight grad comm: 0
id: mlp_moelayer ,Total cycles spent on input grad comm: 47712
*******************
Layer id: mlp_moelayer
Total collectives issued for this layer: 2
*************************  Workload stats  ************************* mlp_moelayer
id: mlp_moelayer ,Total cycles spent on fwd pass compute: 1
id: mlp_moelayer ,Total cycles spent on weight grad compute: 1
id: mlp_moelayer ,Total cycles spent on input grad compute: 1
id: mlp_moelayer ,Total cycles spent idle waiting for fwd finish: 1263760
id: mlp_moelayer ,Total cycles spent idle waiting for weight grad finish: 0
id: mlp_moelayer ,Total cycles spent idle waiting for input grad finish: 1004298
id: mlp_moelayer ,Total cycles spent on fwd pass comm: 1263760
id: mlp_moelayer ,Total cycles spent on weight grad comm: 0
id: mlp_moelayer ,Total cycles spent on input grad comm: 1004298
*******************
Layer id: mlp_moelayer
Total collectives issued for this layer: 2
*************************  Workload stats  ************************* mlp_moelayer
id: mlp_moelayer ,Total cycles spent on fwd pass compute: 1
id: mlp_moelayer ,Total cycles spent on weight grad compute: 1
id: mlp_moelayer ,Total cycles spent on input grad compute: 1
id: mlp_moelayer ,Total cycles spent idle waiting for fwd finish: 12760
id: mlp_moelayer ,Total cycles spent idle waiting for weight grad finish: 0
id: mlp_moelayer ,Total cycles spent idle waiting for input grad finish: 12962
id: mlp_moelayer ,Total cycles spent on fwd pass comm: 12760
id: mlp_moelayer ,Total cycles spent on weight grad comm: 0
id: mlp_moelayer ,Total cycles spent on input grad comm: 12962
*******************
Layer id: attention_column
Total collectives issued for this layer: 1
*************************  Workload stats  ************************* attention_column
id: attention_column ,Total cycles spent on fwd pass compute: 1
id: attention_column ,Total cycles spent on weight grad compute: 1
id: attention_column ,Total cycles spent on input grad compute: 1
id: attention_column ,Total cycles spent idle waiting for fwd finish: 24630
id: attention_column ,Total cycles spent idle waiting for weight grad finish: 0
id: attention_column ,Total cycles spent idle waiting for input grad finish: 0
id: attention_column ,Total cycles spent on fwd pass comm: 24630
id: attention_column ,Total cycles spent on weight grad comm: 0
id: attention_column ,Total cycles spent on input grad comm: 0
*******************
Layer id: attention_row
Total collectives issued for this layer: 1
*************************  Workload stats  ************************* attention_row
id: attention_row ,Total cycles spent on fwd pass compute: 1
id: attention_row ,Total cycles spent on weight grad compute: 1
id: attention_row ,Total cycles spent on input grad compute: 1
id: attention_row ,Total cycles spent idle waiting for fwd finish: 24430
id: attention_row ,Total cycles spent idle waiting for weight grad finish: 0
id: attention_row ,Total cycles spent idle waiting for input grad finish: 0
id: attention_row ,Total cycles spent on fwd pass comm: 24430
id: attention_row ,Total cycles spent on weight grad comm: 0
id: attention_row ,Total cycles spent on input grad comm: 0
*******************
Layer id: mlp_moelayer
Total collectives issued for this layer: 2
*************************  Workload stats  ************************* mlp_moelayer
id: mlp_moelayer ,Total cycles spent on fwd pass compute: 1
id: mlp_moelayer ,Total cycles spent on weight grad compute: 1
id: mlp_moelayer ,Total cycles spent on input grad compute: 1
id: mlp_moelayer ,Total cycles spent idle waiting for fwd finish: 1402
id: mlp_moelayer ,Total cycles spent idle waiting for weight grad finish: 0
id: mlp_moelayer ,Total cycles spent idle waiting for input grad finish: 1200
id: mlp_moelayer ,Total cycles spent on fwd pass comm: 1402
id: mlp_moelayer ,Total cycles spent on weight grad comm: 0
id: mlp_moelayer ,Total cycles spent on input grad comm: 1200
*******************
Layer id: mlp_moelayer
Total collectives issued for this layer: 2
*************************  Workload stats  ************************* mlp_moelayer
id: mlp_moelayer ,Total cycles spent on fwd pass compute: 1
id: mlp_moelayer ,Total cycles spent on weight grad compute: 1
id: mlp_moelayer ,Total cycles spent on input grad compute: 1
id: mlp_moelayer ,Total cycles spent idle waiting for fwd finish: 18125
id: mlp_moelayer ,Total cycles spent idle waiting for weight grad finish: 0
id: mlp_moelayer ,Total cycles spent idle waiting for input grad finish: 902696
id: mlp_moelayer ,Total cycles spent on fwd pass comm: 18125
id: mlp_moelayer ,Total cycles spent on weight grad comm: 0
id: mlp_moelayer ,Total cycles spent on input grad comm: 902696
*******************
Layer id: mlp_moelayer
Total collectives issued for this layer: 2
*************************  Workload stats  ************************* mlp_moelayer
id: mlp_moelayer ,Total cycles spent on fwd pass compute: 1
id: mlp_moelayer ,Total cycles spent on weight grad compute: 1
id: mlp_moelayer ,Total cycles spent on input grad compute: 1
id: mlp_moelayer ,Total cycles spent idle waiting for fwd finish: 1178335
id: mlp_moelayer ,Total cycles spent idle waiting for weight grad finish: 0
id: mlp_moelayer ,Total cycles spent idle waiting for input grad finish: 382830
id: mlp_moelayer ,Total cycles spent on fwd pass comm: 1178335
id: mlp_moelayer ,Total cycles spent on weight grad comm: 0
id: mlp_moelayer ,Total cycles spent on input grad comm: 382830
*******************
Layer id: mlp_moelayer
Total collectives issued for this layer: 2
*************************  Workload stats  ************************* mlp_moelayer
id: mlp_moelayer ,Total cycles spent on fwd pass compute: 1
id: mlp_moelayer ,Total cycles spent on weight grad compute: 1
id: mlp_moelayer ,Total cycles spent on input grad compute: 1
id: mlp_moelayer ,Total cycles spent idle waiting for fwd finish: 47712
id: mlp_moelayer ,Total cycles spent idle waiting for weight grad finish: 0
id: mlp_moelayer ,Total cycles spent idle waiting for input grad finish: 94330
id: mlp_moelayer ,Total cycles spent on fwd pass comm: 47712
id: mlp_moelayer ,Total cycles spent on weight grad comm: 0
id: mlp_moelayer ,Total cycles spent on input grad comm: 94330
*******************
Layer id: mlp_moelayer
Total collectives issued for this layer: 2
*************************  Workload stats  ************************* mlp_moelayer
id: mlp_moelayer ,Total cycles spent on fwd pass compute: 1
id: mlp_moelayer ,Total cycles spent on weight grad compute: 1
id: mlp_moelayer ,Total cycles spent on input grad compute: 1
id: mlp_moelayer ,Total cycles spent idle waiting for fwd finish: 47932
id: mlp_moelayer ,Total cycles spent idle waiting for weight grad finish: 0
id: mlp_moelayer ,Total cycles spent idle waiting for input grad finish: 76848
id: mlp_moelayer ,Total cycles spent on fwd pass comm: 47932
id: mlp_moelayer ,Total cycles spent on weight grad comm: 0
id: mlp_moelayer ,Total cycles spent on input grad comm: 76848
*******************
Layer id: mlp_moelayer
Total collectives issued for this layer: 2
*************************  Workload stats  ************************* mlp_moelayer
id: mlp_moelayer ,Total cycles spent on fwd pass compute: 1
id: mlp_moelayer ,Total cycles spent on weight grad compute: 1
id: mlp_moelayer ,Total cycles spent on input grad compute: 1
id: mlp_moelayer ,Total cycles spent idle waiting for fwd finish: 1024923
id: mlp_moelayer ,Total cycles spent idle waiting for weight grad finish: 0
id: mlp_moelayer ,Total cycles spent idle waiting for input grad finish: 1002152
id: mlp_moelayer ,Total cycles spent on fwd pass comm: 1024923
id: mlp_moelayer ,Total cycles spent on weight grad comm: 0
id: mlp_moelayer ,Total cycles spent on input grad comm: 1002152
*******************
Layer id: mlp_moelayer
Total collectives issued for this layer: 2
*************************  Workload stats  ************************* mlp_moelayer
id: mlp_moelayer ,Total cycles spent on fwd pass compute: 1
id: mlp_moelayer ,Total cycles spent on weight grad compute: 1
id: mlp_moelayer ,Total cycles spent on input grad compute: 1
id: mlp_moelayer ,Total cycles spent idle waiting for fwd finish: 12760
id: mlp_moelayer ,Total cycles spent idle waiting for weight grad finish: 0
id: mlp_moelayer ,Total cycles spent idle waiting for input grad finish: 12980
id: mlp_moelayer ,Total cycles spent on fwd pass comm: 12760
id: mlp_moelayer ,Total cycles spent on weight grad comm: 0
id: mlp_moelayer ,Total cycles spent on input grad comm: 12980
*******************
Layer id: attention_column
Total collectives issued for this layer: 1
*************************  Workload stats  ************************* attention_column
id: attention_column ,Total cycles spent on fwd pass compute: 1
id: attention_column ,Total cycles spent on weight grad compute: 1
id: attention_column ,Total cycles spent on input grad compute: 1
id: attention_column ,Total cycles spent idle waiting for fwd finish: 24630
id: attention_column ,Total cycles spent idle waiting for weight grad finish: 0
id: attention_column ,Total cycles spent idle waiting for input grad finish: 0
id: attention_column ,Total cycles spent on fwd pass comm: 24630
id: attention_column ,Total cycles spent on weight grad comm: 0
id: attention_column ,Total cycles spent on input grad comm: 0
*******************
Layer id: attention_row
Total collectives issued for this layer: 1
*************************  Workload stats  ************************* attention_row
id: attention_row ,Total cycles spent on fwd pass compute: 1
id: attention_row ,Total cycles spent on weight grad compute: 1
id: attention_row ,Total cycles spent on input grad compute: 1
id: attention_row ,Total cycles spent idle waiting for fwd finish: 24430
id: attention_row ,Total cycles spent idle waiting for weight grad finish: 0
id: attention_row ,Total cycles spent idle waiting for input grad finish: 0
id: attention_row ,Total cycles spent on fwd pass comm: 24430
id: attention_row ,Total cycles spent on weight grad comm: 0
id: attention_row ,Total cycles spent on input grad comm: 0
*******************
Layer id: mlp_moelayer
Total collectives issued for this layer: 2
*************************  Workload stats  ************************* mlp_moelayer
id: mlp_moelayer ,Total cycles spent on fwd pass compute: 1
id: mlp_moelayer ,Total cycles spent on weight grad compute: 1
id: mlp_moelayer ,Total cycles spent on input grad compute: 1
id: mlp_moelayer ,Total cycles spent idle waiting for fwd finish: 1382
id: mlp_moelayer ,Total cycles spent idle waiting for weight grad finish: 0
id: mlp_moelayer ,Total cycles spent idle waiting for input grad finish: 1182
id: mlp_moelayer ,Total cycles spent on fwd pass comm: 1382
id: mlp_moelayer ,Total cycles spent on weight grad comm: 0
id: mlp_moelayer ,Total cycles spent on input grad comm: 1182
*******************
Layer id: mlp_moelayer
Total collectives issued for this layer: 2
*************************  Workload stats  ************************* mlp_moelayer
id: mlp_moelayer ,Total cycles spent on fwd pass compute: 1
id: mlp_moelayer ,Total cycles spent on weight grad compute: 1
id: mlp_moelayer ,Total cycles spent on input grad compute: 1
id: mlp_moelayer ,Total cycles spent idle waiting for fwd finish: 12810
id: mlp_moelayer ,Total cycles spent idle waiting for weight grad finish: 0
id: mlp_moelayer ,Total cycles spent idle waiting for input grad finish: 234437
id: mlp_moelayer ,Total cycles spent on fwd pass comm: 12810
id: mlp_moelayer ,Total cycles spent on weight grad comm: 0
id: mlp_moelayer ,Total cycles spent on input grad comm: 234437
*******************
Layer id: mlp_moelayer
Total collectives issued for this layer: 2
*************************  Workload stats  ************************* mlp_moelayer
id: mlp_moelayer ,Total cycles spent on fwd pass compute: 1
id: mlp_moelayer ,Total cycles spent on weight grad compute: 1
id: mlp_moelayer ,Total cycles spent on input grad compute: 1
id: mlp_moelayer ,Total cycles spent idle waiting for fwd finish: 1152961
id: mlp_moelayer ,Total cycles spent idle waiting for weight grad finish: 0
id: mlp_moelayer ,Total cycles spent idle waiting for input grad finish: 1013160
id: mlp_moelayer ,Total cycles spent on fwd pass comm: 1152961
id: mlp_moelayer ,Total cycles spent on weight grad comm: 0
id: mlp_moelayer ,Total cycles spent on input grad comm: 1013160
*******************
Layer id: mlp_moelayer
Total collectives issued for this layer: 2
*************************  Workload stats  ************************* mlp_moelayer
id: mlp_moelayer ,Total cycles spent on fwd pass compute: 1
id: mlp_moelayer ,Total cycles spent on weight grad compute: 1
id: mlp_moelayer ,Total cycles spent on input grad compute: 1
id: mlp_moelayer ,Total cycles spent idle waiting for fwd finish: 47712
id: mlp_moelayer ,Total cycles spent idle waiting for weight grad finish: 0
id: mlp_moelayer ,Total cycles spent idle waiting for input grad finish: 103740
id: mlp_moelayer ,Total cycles spent on fwd pass comm: 47712
id: mlp_moelayer ,Total cycles spent on weight grad comm: 0
id: mlp_moelayer ,Total cycles spent on input grad comm: 103740
*******************
Layer id: mlp_moelayer
Total collectives issued for this layer: 2
*************************  Workload stats  ************************* mlp_moelayer
id: mlp_moelayer ,Total cycles spent on fwd pass compute: 1
id: mlp_moelayer ,Total cycles spent on weight grad compute: 1
id: mlp_moelayer ,Total cycles spent on input grad compute: 1
id: mlp_moelayer ,Total cycles spent idle waiting for fwd finish: 47932
id: mlp_moelayer ,Total cycles spent idle waiting for weight grad finish: 0
id: mlp_moelayer ,Total cycles spent idle waiting for input grad finish: 259096
id: mlp_moelayer ,Total cycles spent on fwd pass comm: 47932
id: mlp_moelayer ,Total cycles spent on weight grad comm: 0
id: mlp_moelayer ,Total cycles spent on input grad comm: 259096
*******************
Layer id: mlp_moelayer
Total collectives issued for this layer: 2
*************************  Workload stats  ************************* mlp_moelayer
id: mlp_moelayer ,Total cycles spent on fwd pass compute: 1
id: mlp_moelayer ,Total cycles spent on weight grad compute: 1
id: mlp_moelayer ,Total cycles spent on input grad compute: 1
id: mlp_moelayer ,Total cycles spent idle waiting for fwd finish: 1172282
id: mlp_moelayer ,Total cycles spent idle waiting for weight grad finish: 0
id: mlp_moelayer ,Total cycles spent idle waiting for input grad finish: 958127
id: mlp_moelayer ,Total cycles spent on fwd pass comm: 1172282
id: mlp_moelayer ,Total cycles spent on weight grad comm: 0
id: mlp_moelayer ,Total cycles spent on input grad comm: 958127
*******************
Layer id: mlp_moelayer
Total collectives issued for this layer: 2
*************************  Workload stats  ************************* mlp_moelayer
id: mlp_moelayer ,Total cycles spent on fwd pass compute: 1
id: mlp_moelayer ,Total cycles spent on weight grad compute: 1
id: mlp_moelayer ,Total cycles spent on input grad compute: 1
id: mlp_moelayer ,Total cycles spent idle waiting for fwd finish: 12760
id: mlp_moelayer ,Total cycles spent idle waiting for weight grad finish: 0
id: mlp_moelayer ,Total cycles spent idle waiting for input grad finish: 16520
id: mlp_moelayer ,Total cycles spent on fwd pass comm: 12760
id: mlp_moelayer ,Total cycles spent on weight grad comm: 0
id: mlp_moelayer ,Total cycles spent on input grad comm: 16520
*******************
Layer id: attention_column
Total collectives issued for this layer: 1
*************************  Workload stats  ************************* attention_column
id: attention_column ,Total cycles spent on fwd pass compute: 1
id: attention_column ,Total cycles spent on weight grad compute: 1
id: attention_column ,Total cycles spent on input grad compute: 1
id: attention_column ,Total cycles spent idle waiting for fwd finish: 24630
id: attention_column ,Total cycles spent idle waiting for weight grad finish: 0
id: attention_column ,Total cycles spent idle waiting for input grad finish: 0
id: attention_column ,Total cycles spent on fwd pass comm: 24630
id: attention_column ,Total cycles spent on weight grad comm: 0
id: attention_column ,Total cycles spent on input grad comm: 0
*******************
Layer id: attention_row
Total collectives issued for this layer: 1
*************************  Workload stats  ************************* attention_row
id: attention_row ,Total cycles spent on fwd pass compute: 1
id: attention_row ,Total cycles spent on weight grad compute: 1
id: attention_row ,Total cycles spent on input grad compute: 1
id: attention_row ,Total cycles spent idle waiting for fwd finish: 24430
id: attention_row ,Total cycles spent idle waiting for weight grad finish: 0
id: attention_row ,Total cycles spent idle waiting for input grad finish: 0
id: attention_row ,Total cycles spent on fwd pass comm: 24430
id: attention_row ,Total cycles spent on weight grad comm: 0
id: attention_row ,Total cycles spent on input grad comm: 0
*******************
Layer id: mlp_moelayer
Total collectives issued for this layer: 2
*************************  Workload stats  ************************* mlp_moelayer
id: mlp_moelayer ,Total cycles spent on fwd pass compute: 1
id: mlp_moelayer ,Total cycles spent on weight grad compute: 1
id: mlp_moelayer ,Total cycles spent on input grad compute: 1
id: mlp_moelayer ,Total cycles spent idle waiting for fwd finish: 1382
id: mlp_moelayer ,Total cycles spent idle waiting for weight grad finish: 0
id: mlp_moelayer ,Total cycles spent idle waiting for input grad finish: 1200
id: mlp_moelayer ,Total cycles spent on fwd pass comm: 1382
id: mlp_moelayer ,Total cycles spent on weight grad comm: 0
id: mlp_moelayer ,Total cycles spent on input grad comm: 1200
*******************
Layer id: mlp_moelayer
Total collectives issued for this layer: 2
*************************  Workload stats  ************************* mlp_moelayer
id: mlp_moelayer ,Total cycles spent on fwd pass compute: 1
id: mlp_moelayer ,Total cycles spent on weight grad compute: 1
id: mlp_moelayer ,Total cycles spent on input grad compute: 1
id: mlp_moelayer ,Total cycles spent idle waiting for fwd finish: 12810
id: mlp_moelayer ,Total cycles spent idle waiting for weight grad finish: 0
id: mlp_moelayer ,Total cycles spent idle waiting for input grad finish: 140721
id: mlp_moelayer ,Total cycles spent on fwd pass comm: 12810
id: mlp_moelayer ,Total cycles spent on weight grad comm: 0
id: mlp_moelayer ,Total cycles spent on input grad comm: 140721
*******************
Layer id: mlp_moelayer
Total collectives issued for this layer: 2
*************************  Workload stats  ************************* mlp_moelayer
id: mlp_moelayer ,Total cycles spent on fwd pass compute: 1
id: mlp_moelayer ,Total cycles spent on weight grad compute: 1
id: mlp_moelayer ,Total cycles spent on input grad compute: 1
id: mlp_moelayer ,Total cycles spent idle waiting for fwd finish: 1235572
id: mlp_moelayer ,Total cycles spent idle waiting for weight grad finish: 0
id: mlp_moelayer ,Total cycles spent idle waiting for input grad finish: 1014147
id: mlp_moelayer ,Total cycles spent on fwd pass comm: 1235572
id: mlp_moelayer ,Total cycles spent on weight grad comm: 0
id: mlp_moelayer ,Total cycles spent on input grad comm: 1014147
*******************
Layer id: mlp_moelayer
Total collectives issued for this layer: 2
*************************  Workload stats  ************************* mlp_moelayer
id: mlp_moelayer ,Total cycles spent on fwd pass compute: 1
id: mlp_moelayer ,Total cycles spent on weight grad compute: 1
id: mlp_moelayer ,Total cycles spent on input grad compute: 1
id: mlp_moelayer ,Total cycles spent idle waiting for fwd finish: 47712
id: mlp_moelayer ,Total cycles spent idle waiting for weight grad finish: 0
id: mlp_moelayer ,Total cycles spent idle waiting for input grad finish: 101761
id: mlp_moelayer ,Total cycles spent on fwd pass comm: 47712
id: mlp_moelayer ,Total cycles spent on weight grad comm: 0
id: mlp_moelayer ,Total cycles spent on input grad comm: 101761
*******************
Layer id: mlp_moelayer
Total collectives issued for this layer: 2
*************************  Workload stats  ************************* mlp_moelayer
id: mlp_moelayer ,Total cycles spent on fwd pass compute: 1
id: mlp_moelayer ,Total cycles spent on weight grad compute: 1
id: mlp_moelayer ,Total cycles spent on input grad compute: 1
id: mlp_moelayer ,Total cycles spent idle waiting for fwd finish: 53757
id: mlp_moelayer ,Total cycles spent idle waiting for weight grad finish: 0
id: mlp_moelayer ,Total cycles spent idle waiting for input grad finish: 299852
id: mlp_moelayer ,Total cycles spent on fwd pass comm: 53757
id: mlp_moelayer ,Total cycles spent on weight grad comm: 0
id: mlp_moelayer ,Total cycles spent on input grad comm: 299852
*******************
Layer id: mlp_moelayer
Total collectives issued for this layer: 2
*************************  Workload stats  ************************* mlp_moelayer
id: mlp_moelayer ,Total cycles spent on fwd pass compute: 1
id: mlp_moelayer ,Total cycles spent on weight grad compute: 1
id: mlp_moelayer ,Total cycles spent on input grad compute: 1
id: mlp_moelayer ,Total cycles spent idle waiting for fwd finish: 1173639
id: mlp_moelayer ,Total cycles spent idle waiting for weight grad finish: 0
id: mlp_moelayer ,Total cycles spent idle waiting for input grad finish: 833485
id: mlp_moelayer ,Total cycles spent on fwd pass comm: 1173639
id: mlp_moelayer ,Total cycles spent on weight grad comm: 0
id: mlp_moelayer ,Total cycles spent on input grad comm: 833485
*******************
Layer id: mlp_moelayer
Total collectives issued for this layer: 2
*************************  Workload stats  ************************* mlp_moelayer
id: mlp_moelayer ,Total cycles spent on fwd pass compute: 1
id: mlp_moelayer ,Total cycles spent on weight grad compute: 1
id: mlp_moelayer ,Total cycles spent on input grad compute: 1
id: mlp_moelayer ,Total cycles spent idle waiting for fwd finish: 12760
id: mlp_moelayer ,Total cycles spent idle waiting for weight grad finish: 0
id: mlp_moelayer ,Total cycles spent idle waiting for input grad finish: 17200
id: mlp_moelayer ,Total cycles spent on fwd pass comm: 12760
id: mlp_moelayer ,Total cycles spent on weight grad comm: 0
id: mlp_moelayer ,Total cycles spent on input grad comm: 17200
*******************
Layer id: attention_column
Total collectives issued for this layer: 1
*************************  Workload stats  ************************* attention_column
id: attention_column ,Total cycles spent on fwd pass compute: 1
id: attention_column ,Total cycles spent on weight grad compute: 1
id: attention_column ,Total cycles spent on input grad compute: 1
id: attention_column ,Total cycles spent idle waiting for fwd finish: 24630
id: attention_column ,Total cycles spent idle waiting for weight grad finish: 0
id: attention_column ,Total cycles spent idle waiting for input grad finish: 0
id: attention_column ,Total cycles spent on fwd pass comm: 24630
id: attention_column ,Total cycles spent on weight grad comm: 0
id: attention_column ,Total cycles spent on input grad comm: 0
*******************
Layer id: attention_row
Total collectives issued for this layer: 1
*************************  Workload stats  ************************* attention_row
id: attention_row ,Total cycles spent on fwd pass compute: 1
id: attention_row ,Total cycles spent on weight grad compute: 1
id: attention_row ,Total cycles spent on input grad compute: 1
id: attention_row ,Total cycles spent idle waiting for fwd finish: 24430
id: attention_row ,Total cycles spent idle waiting for weight grad finish: 0
id: attention_row ,Total cycles spent idle waiting for input grad finish: 0
id: attention_row ,Total cycles spent on fwd pass comm: 24430
id: attention_row ,Total cycles spent on weight grad comm: 0
id: attention_row ,Total cycles spent on input grad comm: 0
*******************
Layer id: mlp_moelayer
Total collectives issued for this layer: 2
*************************  Workload stats  ************************* mlp_moelayer
id: mlp_moelayer ,Total cycles spent on fwd pass compute: 1
id: mlp_moelayer ,Total cycles spent on weight grad compute: 1
id: mlp_moelayer ,Total cycles spent on input grad compute: 1
id: mlp_moelayer ,Total cycles spent idle waiting for fwd finish: 1382
id: mlp_moelayer ,Total cycles spent idle waiting for weight grad finish: 0
id: mlp_moelayer ,Total cycles spent idle waiting for input grad finish: 1200
id: mlp_moelayer ,Total cycles spent on fwd pass comm: 1382
id: mlp_moelayer ,Total cycles spent on weight grad comm: 0
id: mlp_moelayer ,Total cycles spent on input grad comm: 1200
*******************
Layer id: mlp_moelayer
Total collectives issued for this layer: 2
*************************  Workload stats  ************************* mlp_moelayer
id: mlp_moelayer ,Total cycles spent on fwd pass compute: 1
id: mlp_moelayer ,Total cycles spent on weight grad compute: 1
id: mlp_moelayer ,Total cycles spent on input grad compute: 1
id: mlp_moelayer ,Total cycles spent idle waiting for fwd finish: 12810
id: mlp_moelayer ,Total cycles spent idle waiting for weight grad finish: 0
id: mlp_moelayer ,Total cycles spent idle waiting for input grad finish: 165330
id: mlp_moelayer ,Total cycles spent on fwd pass comm: 12810
id: mlp_moelayer ,Total cycles spent on weight grad comm: 0
id: mlp_moelayer ,Total cycles spent on input grad comm: 165330
*******************
Layer id: mlp_moelayer
Total collectives issued for this layer: 2
*************************  Workload stats  ************************* mlp_moelayer
id: mlp_moelayer ,Total cycles spent on fwd pass compute: 1
id: mlp_moelayer ,Total cycles spent on weight grad compute: 1
id: mlp_moelayer ,Total cycles spent on input grad compute: 1
id: mlp_moelayer ,Total cycles spent idle waiting for fwd finish: 510596
id: mlp_moelayer ,Total cycles spent idle waiting for weight grad finish: 0
id: mlp_moelayer ,Total cycles spent idle waiting for input grad finish: 1036252
id: mlp_moelayer ,Total cycles spent on fwd pass comm: 510596
id: mlp_moelayer ,Total cycles spent on weight grad comm: 0
id: mlp_moelayer ,Total cycles spent on input grad comm: 1036252
*******************
Layer id: mlp_moelayer
Total collectives issued for this layer: 2
*************************  Workload stats  ************************* mlp_moelayer
id: mlp_moelayer ,Total cycles spent on fwd pass compute: 1
id: mlp_moelayer ,Total cycles spent on weight grad compute: 1
id: mlp_moelayer ,Total cycles spent on input grad compute: 1
id: mlp_moelayer ,Total cycles spent idle waiting for fwd finish: 47712
id: mlp_moelayer ,Total cycles spent idle waiting for weight grad finish: 0
id: mlp_moelayer ,Total cycles spent idle waiting for input grad finish: 112396
id: mlp_moelayer ,Total cycles spent on fwd pass comm: 47712
id: mlp_moelayer ,Total cycles spent on weight grad comm: 0
id: mlp_moelayer ,Total cycles spent on input grad comm: 112396
*******************
Layer id: mlp_moelayer
Total collectives issued for this layer: 2
*************************  Workload stats  ************************* mlp_moelayer
id: mlp_moelayer ,Total cycles spent on fwd pass compute: 1
id: mlp_moelayer ,Total cycles spent on weight grad compute: 1
id: mlp_moelayer ,Total cycles spent on input grad compute: 1
id: mlp_moelayer ,Total cycles spent idle waiting for fwd finish: 47932
id: mlp_moelayer ,Total cycles spent idle waiting for weight grad finish: 0
id: mlp_moelayer ,Total cycles spent idle waiting for input grad finish: 219642
id: mlp_moelayer ,Total cycles spent on fwd pass comm: 47932
id: mlp_moelayer ,Total cycles spent on weight grad comm: 0
id: mlp_moelayer ,Total cycles spent on input grad comm: 219642
*******************
Layer id: mlp_moelayer
Total collectives issued for this layer: 2
*************************  Workload stats  ************************* mlp_moelayer
id: mlp_moelayer ,Total cycles spent on fwd pass compute: 1
id: mlp_moelayer ,Total cycles spent on weight grad compute: 1
id: mlp_moelayer ,Total cycles spent on input grad compute: 1
id: mlp_moelayer ,Total cycles spent idle waiting for fwd finish: 1169922
id: mlp_moelayer ,Total cycles spent idle waiting for weight grad finish: 0
id: mlp_moelayer ,Total cycles spent idle waiting for input grad finish: 967510
id: mlp_moelayer ,Total cycles spent on fwd pass comm: 1169922
id: mlp_moelayer ,Total cycles spent on weight grad comm: 0
id: mlp_moelayer ,Total cycles spent on input grad comm: 967510
*******************
Layer id: mlp_moelayer
Total collectives issued for this layer: 2
*************************  Workload stats  ************************* mlp_moelayer
id: mlp_moelayer ,Total cycles spent on fwd pass compute: 1
id: mlp_moelayer ,Total cycles spent on weight grad compute: 1
id: mlp_moelayer ,Total cycles spent on input grad compute: 1
id: mlp_moelayer ,Total cycles spent idle waiting for fwd finish: 12760
id: mlp_moelayer ,Total cycles spent idle waiting for weight grad finish: 0
id: mlp_moelayer ,Total cycles spent idle waiting for input grad finish: 16605
id: mlp_moelayer ,Total cycles spent on fwd pass comm: 12760
id: mlp_moelayer ,Total cycles spent on weight grad comm: 0
id: mlp_moelayer ,Total cycles spent on input grad comm: 16605
*******************
Layer id: attention_column
Total collectives issued for this layer: 1
*************************  Workload stats  ************************* attention_column
id: attention_column ,Total cycles spent on fwd pass compute: 1
id: attention_column ,Total cycles spent on weight grad compute: 1
id: attention_column ,Total cycles spent on input grad compute: 1
id: attention_column ,Total cycles spent idle waiting for fwd finish: 30455
id: attention_column ,Total cycles spent idle waiting for weight grad finish: 0
id: attention_column ,Total cycles spent idle waiting for input grad finish: 0
id: attention_column ,Total cycles spent on fwd pass comm: 30455
id: attention_column ,Total cycles spent on weight grad comm: 0
id: attention_column ,Total cycles spent on input grad comm: 0
*******************
Layer id: attention_row
Total collectives issued for this layer: 1
*************************  Workload stats  ************************* attention_row
id: attention_row ,Total cycles spent on fwd pass compute: 1
id: attention_row ,Total cycles spent on weight grad compute: 1
id: attention_row ,Total cycles spent on input grad compute: 1
id: attention_row ,Total cycles spent idle waiting for fwd finish: 24470
id: attention_row ,Total cycles spent idle waiting for weight grad finish: 0
id: attention_row ,Total cycles spent idle waiting for input grad finish: 0
id: attention_row ,Total cycles spent on fwd pass comm: 24470
id: attention_row ,Total cycles spent on weight grad comm: 0
id: attention_row ,Total cycles spent on input grad comm: 0
*******************
Layer id: mlp_moelayer
Total collectives issued for this layer: 2
*************************  Workload stats  ************************* mlp_moelayer
id: mlp_moelayer ,Total cycles spent on fwd pass compute: 1
id: mlp_moelayer ,Total cycles spent on weight grad compute: 1
id: mlp_moelayer ,Total cycles spent on input grad compute: 1
id: mlp_moelayer ,Total cycles spent idle waiting for fwd finish: 1342
id: mlp_moelayer ,Total cycles spent idle waiting for weight grad finish: 0
id: mlp_moelayer ,Total cycles spent idle waiting for input grad finish: 1182
id: mlp_moelayer ,Total cycles spent on fwd pass comm: 1342
id: mlp_moelayer ,Total cycles spent on weight grad comm: 0
id: mlp_moelayer ,Total cycles spent on input grad comm: 1182
*******************
Layer id: mlp_moelayer
Total collectives issued for this layer: 2
*************************  Workload stats  ************************* mlp_moelayer
id: mlp_moelayer ,Total cycles spent on fwd pass compute: 1
id: mlp_moelayer ,Total cycles spent on weight grad compute: 1
id: mlp_moelayer ,Total cycles spent on input grad compute: 1
id: mlp_moelayer ,Total cycles spent idle waiting for fwd finish: 12820
id: mlp_moelayer ,Total cycles spent idle waiting for weight grad finish: 0
id: mlp_moelayer ,Total cycles spent idle waiting for input grad finish: 979288
id: mlp_moelayer ,Total cycles spent on fwd pass comm: 12820
id: mlp_moelayer ,Total cycles spent on weight grad comm: 0
id: mlp_moelayer ,Total cycles spent on input grad comm: 979288
*******************
Layer id: mlp_moelayer
Total collectives issued for this layer: 2
*************************  Workload stats  ************************* mlp_moelayer
id: mlp_moelayer ,Total cycles spent on fwd pass compute: 1
id: mlp_moelayer ,Total cycles spent on weight grad compute: 1
id: mlp_moelayer ,Total cycles spent on input grad compute: 1
id: mlp_moelayer ,Total cycles spent idle waiting for fwd finish: 1194021
id: mlp_moelayer ,Total cycles spent idle waiting for weight grad finish: 0
id: mlp_moelayer ,Total cycles spent idle waiting for input grad finish: 487581
id: mlp_moelayer ,Total cycles spent on fwd pass comm: 1194021
id: mlp_moelayer ,Total cycles spent on weight grad comm: 0
id: mlp_moelayer ,Total cycles spent on input grad comm: 487581
*******************
Layer id: mlp_moelayer
Total collectives issued for this layer: 2
*************************  Workload stats  ************************* mlp_moelayer
id: mlp_moelayer ,Total cycles spent on fwd pass compute: 1
id: mlp_moelayer ,Total cycles spent on weight grad compute: 1
id: mlp_moelayer ,Total cycles spent on input grad compute: 1
id: mlp_moelayer ,Total cycles spent idle waiting for fwd finish: 51826
id: mlp_moelayer ,Total cycles spent idle waiting for weight grad finish: 0
id: mlp_moelayer ,Total cycles spent idle waiting for input grad finish: 94330
id: mlp_moelayer ,Total cycles spent on fwd pass comm: 51826
id: mlp_moelayer ,Total cycles spent on weight grad comm: 0
id: mlp_moelayer ,Total cycles spent on input grad comm: 94330
*******************
Layer id: mlp_moelayer
Total collectives issued for this layer: 2
*************************  Workload stats  ************************* mlp_moelayer
id: mlp_moelayer ,Total cycles spent on fwd pass compute: 1
id: mlp_moelayer ,Total cycles spent on weight grad compute: 1
id: mlp_moelayer ,Total cycles spent on input grad compute: 1
id: mlp_moelayer ,Total cycles spent idle waiting for fwd finish: 49643
id: mlp_moelayer ,Total cycles spent idle waiting for weight grad finish: 0
id: mlp_moelayer ,Total cycles spent idle waiting for input grad finish: 471318
id: mlp_moelayer ,Total cycles spent on fwd pass comm: 49643
id: mlp_moelayer ,Total cycles spent on weight grad comm: 0
id: mlp_moelayer ,Total cycles spent on input grad comm: 471318
*******************
Layer id: mlp_moelayer
Total collectives issued for this layer: 2
*************************  Workload stats  ************************* mlp_moelayer
id: mlp_moelayer ,Total cycles spent on fwd pass compute: 1
id: mlp_moelayer ,Total cycles spent on weight grad compute: 1
id: mlp_moelayer ,Total cycles spent on input grad compute: 1
id: mlp_moelayer ,Total cycles spent idle waiting for fwd finish: 1195438
id: mlp_moelayer ,Total cycles spent idle waiting for weight grad finish: 0
id: mlp_moelayer ,Total cycles spent idle waiting for input grad finish: 292747
id: mlp_moelayer ,Total cycles spent on fwd pass comm: 1195438
id: mlp_moelayer ,Total cycles spent on weight grad comm: 0
id: mlp_moelayer ,Total cycles spent on input grad comm: 292747
*******************
Layer id: mlp_moelayer
Total collectives issued for this layer: 2
*************************  Workload stats  ************************* mlp_moelayer
id: mlp_moelayer ,Total cycles spent on fwd pass compute: 1
id: mlp_moelayer ,Total cycles spent on weight grad compute: 1
id: mlp_moelayer ,Total cycles spent on input grad compute: 1
id: mlp_moelayer ,Total cycles spent idle waiting for fwd finish: 14270
id: mlp_moelayer ,Total cycles spent idle waiting for weight grad finish: 0
id: mlp_moelayer ,Total cycles spent idle waiting for input grad finish: 13835
id: mlp_moelayer ,Total cycles spent on fwd pass comm: 14270
id: mlp_moelayer ,Total cycles spent on weight grad comm: 0
id: mlp_moelayer ,Total cycles spent on input grad comm: 13835
*******************
Layer id: attention_column
Total collectives issued for this layer: 1
*************************  Workload stats  ************************* attention_column
id: attention_column ,Total cycles spent on fwd pass compute: 1
id: attention_column ,Total cycles spent on weight grad compute: 1
id: attention_column ,Total cycles spent on input grad compute: 1
id: attention_column ,Total cycles spent idle waiting for fwd finish: 28101
id: attention_column ,Total cycles spent idle waiting for weight grad finish: 0
id: attention_column ,Total cycles spent idle waiting for input grad finish: 0
id: attention_column ,Total cycles spent on fwd pass comm: 28101
id: attention_column ,Total cycles spent on weight grad comm: 0
id: attention_column ,Total cycles spent on input grad comm: 0
*******************
Layer id: attention_row
Total collectives issued for this layer: 1
*************************  Workload stats  ************************* attention_row
id: attention_row ,Total cycles spent on fwd pass compute: 1
id: attention_row ,Total cycles spent on weight grad compute: 1
id: attention_row ,Total cycles spent on input grad compute: 1
id: attention_row ,Total cycles spent idle waiting for fwd finish: 24410
id: attention_row ,Total cycles spent idle waiting for weight grad finish: 0
id: attention_row ,Total cycles spent idle waiting for input grad finish: 0
id: attention_row ,Total cycles spent on fwd pass comm: 24410
id: attention_row ,Total cycles spent on weight grad comm: 0
id: attention_row ,Total cycles spent on input grad comm: 0
*******************
Layer id: mlp_moelayer
Total collectives issued for this layer: 2
*************************  Workload stats  ************************* mlp_moelayer
id: mlp_moelayer ,Total cycles spent on fwd pass compute: 1
id: mlp_moelayer ,Total cycles spent on weight grad compute: 1
id: mlp_moelayer ,Total cycles spent on input grad compute: 1
id: mlp_moelayer ,Total cycles spent idle waiting for fwd finish: 1402
id: mlp_moelayer ,Total cycles spent idle waiting for weight grad finish: 0
id: mlp_moelayer ,Total cycles spent idle waiting for input grad finish: 1182
id: mlp_moelayer ,Total cycles spent on fwd pass comm: 1402
id: mlp_moelayer ,Total cycles spent on weight grad comm: 0
id: mlp_moelayer ,Total cycles spent on input grad comm: 1182
*******************
Layer id: mlp_moelayer
Total collectives issued for this layer: 2
*************************  Workload stats  ************************* mlp_moelayer
id: mlp_moelayer ,Total cycles spent on fwd pass compute: 1
id: mlp_moelayer ,Total cycles spent on weight grad compute: 1
id: mlp_moelayer ,Total cycles spent on input grad compute: 1
id: mlp_moelayer ,Total cycles spent idle waiting for fwd finish: 12790
id: mlp_moelayer ,Total cycles spent idle waiting for weight grad finish: 0
id: mlp_moelayer ,Total cycles spent idle waiting for input grad finish: 285420
id: mlp_moelayer ,Total cycles spent on fwd pass comm: 12790
id: mlp_moelayer ,Total cycles spent on weight grad comm: 0
id: mlp_moelayer ,Total cycles spent on input grad comm: 285420
*******************
Layer id: mlp_moelayer
Total collectives issued for this layer: 2
*************************  Workload stats  ************************* mlp_moelayer
id: mlp_moelayer ,Total cycles spent on fwd pass compute: 1
id: mlp_moelayer ,Total cycles spent on weight grad compute: 1
id: mlp_moelayer ,Total cycles spent on input grad compute: 1
id: mlp_moelayer ,Total cycles spent idle waiting for fwd finish: 1083215
id: mlp_moelayer ,Total cycles spent idle waiting for weight grad finish: 0
id: mlp_moelayer ,Total cycles spent idle waiting for input grad finish: 996969
id: mlp_moelayer ,Total cycles spent on fwd pass comm: 1083215
id: mlp_moelayer ,Total cycles spent on weight grad comm: 0
id: mlp_moelayer ,Total cycles spent on input grad comm: 996969
*******************
Layer id: mlp_moelayer
Total collectives issued for this layer: 2
*************************  Workload stats  ************************* mlp_moelayer
id: mlp_moelayer ,Total cycles spent on fwd pass compute: 1
id: mlp_moelayer ,Total cycles spent on weight grad compute: 1
id: mlp_moelayer ,Total cycles spent on input grad compute: 1
id: mlp_moelayer ,Total cycles spent idle waiting for fwd finish: 47712
id: mlp_moelayer ,Total cycles spent idle waiting for weight grad finish: 0
id: mlp_moelayer ,Total cycles spent idle waiting for input grad finish: 94330
id: mlp_moelayer ,Total cycles spent on fwd pass comm: 47712
id: mlp_moelayer ,Total cycles spent on weight grad comm: 0
id: mlp_moelayer ,Total cycles spent on input grad comm: 94330
*******************
Layer id: mlp_moelayer
Total collectives issued for this layer: 2
*************************  Workload stats  ************************* mlp_moelayer
id: mlp_moelayer ,Total cycles spent on fwd pass compute: 1
id: mlp_moelayer ,Total cycles spent on weight grad compute: 1
id: mlp_moelayer ,Total cycles spent on input grad compute: 1
id: mlp_moelayer ,Total cycles spent idle waiting for fwd finish: 53757
id: mlp_moelayer ,Total cycles spent idle waiting for weight grad finish: 0
id: mlp_moelayer ,Total cycles spent idle waiting for input grad finish: 760283
id: mlp_moelayer ,Total cycles spent on fwd pass comm: 53757
id: mlp_moelayer ,Total cycles spent on weight grad comm: 0
id: mlp_moelayer ,Total cycles spent on input grad comm: 760283
*******************
Layer id: mlp_moelayer
Total collectives issued for this layer: 2
*************************  Workload stats  ************************* mlp_moelayer
id: mlp_moelayer ,Total cycles spent on fwd pass compute: 1
id: mlp_moelayer ,Total cycles spent on weight grad compute: 1
id: mlp_moelayer ,Total cycles spent on input grad compute: 1
id: mlp_moelayer ,Total cycles spent idle waiting for fwd finish: 1320226
id: mlp_moelayer ,Total cycles spent idle waiting for weight grad finish: 0
id: mlp_moelayer ,Total cycles spent idle waiting for input grad finish: 382190
id: mlp_moelayer ,Total cycles spent on fwd pass comm: 1320226
id: mlp_moelayer ,Total cycles spent on weight grad comm: 0
id: mlp_moelayer ,Total cycles spent on input grad comm: 382190
*******************
Layer id: mlp_moelayer
Total collectives issued for this layer: 2
*************************  Workload stats  ************************* mlp_moelayer
id: mlp_moelayer ,Total cycles spent on fwd pass compute: 1
id: mlp_moelayer ,Total cycles spent on weight grad compute: 1
id: mlp_moelayer ,Total cycles spent on input grad compute: 1
id: mlp_moelayer ,Total cycles spent idle waiting for fwd finish: 12760
id: mlp_moelayer ,Total cycles spent idle waiting for weight grad finish: 0
id: mlp_moelayer ,Total cycles spent idle waiting for input grad finish: 12962
id: mlp_moelayer ,Total cycles spent on fwd pass comm: 12760
id: mlp_moelayer ,Total cycles spent on weight grad comm: 0
id: mlp_moelayer ,Total cycles spent on input grad comm: 12962
*******************
Layer id: final_column
Total collectives issued for this layer: 1
*************************  Workload stats  ************************* final_column
id: final_column ,Total cycles spent on fwd pass compute: 1
id: final_column ,Total cycles spent on weight grad compute: 1
id: final_column ,Total cycles spent on input grad compute: 1
id: final_column ,Total cycles spent idle waiting for fwd finish: 24630
id: final_column ,Total cycles spent idle waiting for weight grad finish: 0
id: final_column ,Total cycles spent idle waiting for input grad finish: 0
id: final_column ,Total cycles spent on fwd pass comm: 24630
id: final_column ,Total cycles spent on weight grad comm: 0
id: final_column ,Total cycles spent on input grad comm: 0
*******************
Layer id: embedding_norm
Total collectives issued for this layer: 1
*************************  Workload stats  ************************* embedding_norm
id: embedding_norm ,Total cycles spent on fwd pass compute: 1
id: embedding_norm ,Total cycles spent on weight grad compute: 1
id: embedding_norm ,Total cycles spent on input grad compute: 1
id: embedding_norm ,Total cycles spent idle waiting for fwd finish: 373953
id: embedding_norm ,Total cycles spent idle waiting for weight grad finish: 0
id: embedding_norm ,Total cycles spent idle waiting for input grad finish: 0
id: embedding_norm ,Total cycles spent on fwd pass comm: 373953
id: embedding_norm ,Total cycles spent on weight grad comm: 0
id: embedding_norm ,Total cycles spent on input grad comm: 0
*******************
Layer id: embedding_layer
Total collectives issued for this layer: 0
*************************  Workload stats  ************************* embedding_layer
id: embedding_layer ,Total cycles spent on fwd pass compute: 1
id: embedding_layer ,Total cycles spent on weight grad compute: 1
id: embedding_layer ,Total cycles spent on input grad compute: 1
id: embedding_layer ,Total cycles spent idle waiting for fwd finish: 0
id: embedding_layer ,Total cycles spent idle waiting for weight grad finish: 0
id: embedding_layer ,Total cycles spent idle waiting for input grad finish: 0
id: embedding_layer ,Total cycles spent on fwd pass comm: 0
id: embedding_layer ,Total cycles spent on weight grad comm: 0
id: embedding_layer ,Total cycles spent on input grad comm: 0
*******************
Layer id: attention_column
Total collectives issued for this layer: 1
*************************  Workload stats  ************************* attention_column
id: attention_column ,Total cycles spent on fwd pass compute: 1
id: attention_column ,Total cycles spent on weight grad compute: 1
id: attention_column ,Total cycles spent on input grad compute: 1
id: attention_column ,Total cycles spent idle waiting for fwd finish: 24568
id: attention_column ,Total cycles spent idle waiting for weight grad finish: 0
id: attention_column ,Total cycles spent idle waiting for input grad finish: 0
id: attention_column ,Total cycles spent on fwd pass comm: 24568
id: attention_column ,Total cycles spent on weight grad comm: 0
id: attention_column ,Total cycles spent on input grad comm: 0
*******************
Layer id: attention_row
Total collectives issued for this layer: 1
*************************  Workload stats  ************************* attention_row
id: attention_row ,Total cycles spent on fwd pass compute: 1
id: attention_row ,Total cycles spent on weight grad compute: 1
id: attention_row ,Total cycles spent on input grad compute: 1
id: attention_row ,Total cycles spent idle waiting for fwd finish: 25450
id: attention_row ,Total cycles spent idle waiting for weight grad finish: 0
id: attention_row ,Total cycles spent idle waiting for input grad finish: 0
id: attention_row ,Total cycles spent on fwd pass comm: 25450
id: attention_row ,Total cycles spent on weight grad comm: 0
id: attention_row ,Total cycles spent on input grad comm: 0
*******************
Layer id: mlp_moelayer
Total collectives issued for this layer: 2
*************************  Workload stats  ************************* mlp_moelayer
id: mlp_moelayer ,Total cycles spent on fwd pass compute: 1
id: mlp_moelayer ,Total cycles spent on weight grad compute: 1
id: mlp_moelayer ,Total cycles spent on input grad compute: 1
id: mlp_moelayer ,Total cycles spent idle waiting for fwd finish: 1294
id: mlp_moelayer ,Total cycles spent idle waiting for weight grad finish: 0
id: mlp_moelayer ,Total cycles spent idle waiting for input grad finish: 1200
id: mlp_moelayer ,Total cycles spent on fwd pass comm: 1294
id: mlp_moelayer ,Total cycles spent on weight grad comm: 0
id: mlp_moelayer ,Total cycles spent on input grad comm: 1200
*******************
Layer id: mlp_moelayer
Total collectives issued for this layer: 2
*************************  Workload stats  ************************* mlp_moelayer
id: mlp_moelayer ,Total cycles spent on fwd pass compute: 1
id: mlp_moelayer ,Total cycles spent on weight grad compute: 1
id: mlp_moelayer ,Total cycles spent on input grad compute: 1
id: mlp_moelayer ,Total cycles spent idle waiting for fwd finish: 16813
id: mlp_moelayer ,Total cycles spent idle waiting for weight grad finish: 0
id: mlp_moelayer ,Total cycles spent idle waiting for input grad finish: 42592
id: mlp_moelayer ,Total cycles spent on fwd pass comm: 16813
id: mlp_moelayer ,Total cycles spent on weight grad comm: 0
id: mlp_moelayer ,Total cycles spent on input grad comm: 42592
*******************
Layer id: mlp_moelayer
Total collectives issued for this layer: 2
*************************  Workload stats  ************************* mlp_moelayer
id: mlp_moelayer ,Total cycles spent on fwd pass compute: 1
id: mlp_moelayer ,Total cycles spent on weight grad compute: 1
id: mlp_moelayer ,Total cycles spent on input grad compute: 1
id: mlp_moelayer ,Total cycles spent idle waiting for fwd finish: 1227351
id: mlp_moelayer ,Total cycles spent idle waiting for weight grad finish: 0
id: mlp_moelayer ,Total cycles spent idle waiting for input grad finish: 1124447
id: mlp_moelayer ,Total cycles spent on fwd pass comm: 1227351
id: mlp_moelayer ,Total cycles spent on weight grad comm: 0
id: mlp_moelayer ,Total cycles spent on input grad comm: 1124447
*******************
Layer id: mlp_moelayer
Total collectives issued for this layer: 2
*************************  Workload stats  ************************* mlp_moelayer
id: mlp_moelayer ,Total cycles spent on fwd pass compute: 1
id: mlp_moelayer ,Total cycles spent on weight grad compute: 1
id: mlp_moelayer ,Total cycles spent on input grad compute: 1
id: mlp_moelayer ,Total cycles spent idle waiting for fwd finish: 51826
id: mlp_moelayer ,Total cycles spent idle waiting for weight grad finish: 0
id: mlp_moelayer ,Total cycles spent idle waiting for input grad finish: 103286
id: mlp_moelayer ,Total cycles spent on fwd pass comm: 51826
id: mlp_moelayer ,Total cycles spent on weight grad comm: 0
id: mlp_moelayer ,Total cycles spent on input grad comm: 103286
*******************
Layer id: mlp_moelayer
Total collectives issued for this layer: 2
*************************  Workload stats  ************************* mlp_moelayer
id: mlp_moelayer ,Total cycles spent on fwd pass compute: 1
id: mlp_moelayer ,Total cycles spent on weight grad compute: 1
id: mlp_moelayer ,Total cycles spent on input grad compute: 1
id: mlp_moelayer ,Total cycles spent idle waiting for fwd finish: 49643
id: mlp_moelayer ,Total cycles spent idle waiting for weight grad finish: 0
id: mlp_moelayer ,Total cycles spent idle waiting for input grad finish: 180768
id: mlp_moelayer ,Total cycles spent on fwd pass comm: 49643
id: mlp_moelayer ,Total cycles spent on weight grad comm: 0
id: mlp_moelayer ,Total cycles spent on input grad comm: 180768
*******************
Layer id: mlp_moelayer
Total collectives issued for this layer: 2
*************************  Workload stats  ************************* mlp_moelayer
id: mlp_moelayer ,Total cycles spent on fwd pass compute: 1
id: mlp_moelayer ,Total cycles spent on weight grad compute: 1
id: mlp_moelayer ,Total cycles spent on input grad compute: 1
id: mlp_moelayer ,Total cycles spent idle waiting for fwd finish: 1013647
id: mlp_moelayer ,Total cycles spent idle waiting for weight grad finish: 0
id: mlp_moelayer ,Total cycles spent idle waiting for input grad finish: 1082683
id: mlp_moelayer ,Total cycles spent on fwd pass comm: 1013647
id: mlp_moelayer ,Total cycles spent on weight grad comm: 0
id: mlp_moelayer ,Total cycles spent on input grad comm: 1082683
*******************
Layer id: mlp_moelayer
Total collectives issued for this layer: 2
*************************  Workload stats  ************************* mlp_moelayer
id: mlp_moelayer ,Total cycles spent on fwd pass compute: 1
id: mlp_moelayer ,Total cycles spent on weight grad compute: 1
id: mlp_moelayer ,Total cycles spent on input grad compute: 1
id: mlp_moelayer ,Total cycles spent idle waiting for fwd finish: 12760
id: mlp_moelayer ,Total cycles spent idle waiting for weight grad finish: 0
id: mlp_moelayer ,Total cycles spent idle waiting for input grad finish: 12962
id: mlp_moelayer ,Total cycles spent on fwd pass comm: 12760
id: mlp_moelayer ,Total cycles spent on weight grad comm: 0
id: mlp_moelayer ,Total cycles spent on input grad comm: 12962
*******************
Layer id: attention_column
Total collectives issued for this layer: 1
*************************  Workload stats  ************************* attention_column
id: attention_column ,Total cycles spent on fwd pass compute: 1
id: attention_column ,Total cycles spent on weight grad compute: 1
id: attention_column ,Total cycles spent on input grad compute: 1
id: attention_column ,Total cycles spent idle waiting for fwd finish: 24630
id: attention_column ,Total cycles spent idle waiting for weight grad finish: 0
id: attention_column ,Total cycles spent idle waiting for input grad finish: 0
id: attention_column ,Total cycles spent on fwd pass comm: 24630
id: attention_column ,Total cycles spent on weight grad comm: 0
id: attention_column ,Total cycles spent on input grad comm: 0
*******************
Layer id: attention_row
Total collectives issued for this layer: 1
*************************  Workload stats  ************************* attention_row
id: attention_row ,Total cycles spent on fwd pass compute: 1
id: attention_row ,Total cycles spent on weight grad compute: 1
id: attention_row ,Total cycles spent on input grad compute: 1
id: attention_row ,Total cycles spent idle waiting for fwd finish: 29988
id: attention_row ,Total cycles spent idle waiting for weight grad finish: 0
id: attention_row ,Total cycles spent idle waiting for input grad finish: 0
id: attention_row ,Total cycles spent on fwd pass comm: 29988
id: attention_row ,Total cycles spent on weight grad comm: 0
id: attention_row ,Total cycles spent on input grad comm: 0
*******************
Layer id: mlp_moelayer
Total collectives issued for this layer: 2
*************************  Workload stats  ************************* mlp_moelayer
id: mlp_moelayer ,Total cycles spent on fwd pass compute: 1
id: mlp_moelayer ,Total cycles spent on weight grad compute: 1
id: mlp_moelayer ,Total cycles spent on input grad compute: 1
id: mlp_moelayer ,Total cycles spent idle waiting for fwd finish: 1342
id: mlp_moelayer ,Total cycles spent idle waiting for weight grad finish: 0
id: mlp_moelayer ,Total cycles spent idle waiting for input grad finish: 1200
id: mlp_moelayer ,Total cycles spent on fwd pass comm: 1342
id: mlp_moelayer ,Total cycles spent on weight grad comm: 0
id: mlp_moelayer ,Total cycles spent on input grad comm: 1200
*******************
Layer id: mlp_moelayer
Total collectives issued for this layer: 2
*************************  Workload stats  ************************* mlp_moelayer
id: mlp_moelayer ,Total cycles spent on fwd pass compute: 1
id: mlp_moelayer ,Total cycles spent on weight grad compute: 1
id: mlp_moelayer ,Total cycles spent on input grad compute: 1
id: mlp_moelayer ,Total cycles spent idle waiting for fwd finish: 12820
id: mlp_moelayer ,Total cycles spent idle waiting for weight grad finish: 0
id: mlp_moelayer ,Total cycles spent idle waiting for input grad finish: 160592
id: mlp_moelayer ,Total cycles spent on fwd pass comm: 12820
id: mlp_moelayer ,Total cycles spent on weight grad comm: 0
id: mlp_moelayer ,Total cycles spent on input grad comm: 160592
*******************
Layer id: mlp_moelayer
Total collectives issued for this layer: 2
*************************  Workload stats  ************************* mlp_moelayer
id: mlp_moelayer ,Total cycles spent on fwd pass compute: 1
id: mlp_moelayer ,Total cycles spent on weight grad compute: 1
id: mlp_moelayer ,Total cycles spent on input grad compute: 1
id: mlp_moelayer ,Total cycles spent idle waiting for fwd finish: 1242161
id: mlp_moelayer ,Total cycles spent idle waiting for weight grad finish: 0
id: mlp_moelayer ,Total cycles spent idle waiting for input grad finish: 1081969
id: mlp_moelayer ,Total cycles spent on fwd pass comm: 1242161
id: mlp_moelayer ,Total cycles spent on weight grad comm: 0
id: mlp_moelayer ,Total cycles spent on input grad comm: 1081969
*******************
Layer id: mlp_moelayer
Total collectives issued for this layer: 2
*************************  Workload stats  ************************* mlp_moelayer
id: mlp_moelayer ,Total cycles spent on fwd pass compute: 1
id: mlp_moelayer ,Total cycles spent on weight grad compute: 1
id: mlp_moelayer ,Total cycles spent on input grad compute: 1
id: mlp_moelayer ,Total cycles spent idle waiting for fwd finish: 47712
id: mlp_moelayer ,Total cycles spent idle waiting for weight grad finish: 0
id: mlp_moelayer ,Total cycles spent idle waiting for input grad finish: 101628
id: mlp_moelayer ,Total cycles spent on fwd pass comm: 47712
id: mlp_moelayer ,Total cycles spent on weight grad comm: 0
id: mlp_moelayer ,Total cycles spent on input grad comm: 101628
*******************
Layer id: mlp_moelayer
Total collectives issued for this layer: 2
*************************  Workload stats  ************************* mlp_moelayer
id: mlp_moelayer ,Total cycles spent on fwd pass compute: 1
id: mlp_moelayer ,Total cycles spent on weight grad compute: 1
id: mlp_moelayer ,Total cycles spent on input grad compute: 1
id: mlp_moelayer ,Total cycles spent idle waiting for fwd finish: 47932
id: mlp_moelayer ,Total cycles spent idle waiting for weight grad finish: 0
id: mlp_moelayer ,Total cycles spent idle waiting for input grad finish: 159840
id: mlp_moelayer ,Total cycles spent on fwd pass comm: 47932
id: mlp_moelayer ,Total cycles spent on weight grad comm: 0
id: mlp_moelayer ,Total cycles spent on input grad comm: 159840
*******************
Layer id: mlp_moelayer
Total collectives issued for this layer: 2
*************************  Workload stats  ************************* mlp_moelayer
id: mlp_moelayer ,Total cycles spent on fwd pass compute: 1
id: mlp_moelayer ,Total cycles spent on weight grad compute: 1
id: mlp_moelayer ,Total cycles spent on input grad compute: 1
id: mlp_moelayer ,Total cycles spent idle waiting for fwd finish: 1142239
id: mlp_moelayer ,Total cycles spent idle waiting for weight grad finish: 0
id: mlp_moelayer ,Total cycles spent idle waiting for input grad finish: 995687
id: mlp_moelayer ,Total cycles spent on fwd pass comm: 1142239
id: mlp_moelayer ,Total cycles spent on weight grad comm: 0
id: mlp_moelayer ,Total cycles spent on input grad comm: 995687
*******************
Layer id: mlp_moelayer
Total collectives issued for this layer: 2
*************************  Workload stats  ************************* mlp_moelayer
id: mlp_moelayer ,Total cycles spent on fwd pass compute: 1
id: mlp_moelayer ,Total cycles spent on weight grad compute: 1
id: mlp_moelayer ,Total cycles spent on input grad compute: 1
id: mlp_moelayer ,Total cycles spent idle waiting for fwd finish: 12760
id: mlp_moelayer ,Total cycles spent idle waiting for weight grad finish: 0
id: mlp_moelayer ,Total cycles spent idle waiting for input grad finish: 12962
id: mlp_moelayer ,Total cycles spent on fwd pass comm: 12760
id: mlp_moelayer ,Total cycles spent on weight grad comm: 0
id: mlp_moelayer ,Total cycles spent on input grad comm: 12962
*******************
Layer id: attention_column
Total collectives issued for this layer: 1
*************************  Workload stats  ************************* attention_column
id: attention_column ,Total cycles spent on fwd pass compute: 1
id: attention_column ,Total cycles spent on weight grad compute: 1
id: attention_column ,Total cycles spent on input grad compute: 1
id: attention_column ,Total cycles spent idle waiting for fwd finish: 30847
id: attention_column ,Total cycles spent idle waiting for weight grad finish: 0
id: attention_column ,Total cycles spent idle waiting for input grad finish: 0
id: attention_column ,Total cycles spent on fwd pass comm: 30847
id: attention_column ,Total cycles spent on weight grad comm: 0
id: attention_column ,Total cycles spent on input grad comm: 0
*******************
Layer id: attention_row
Total collectives issued for this layer: 1
*************************  Workload stats  ************************* attention_row
id: attention_row ,Total cycles spent on fwd pass compute: 1
id: attention_row ,Total cycles spent on weight grad compute: 1
id: attention_row ,Total cycles spent on input grad compute: 1
id: attention_row ,Total cycles spent idle waiting for fwd finish: 28380
id: attention_row ,Total cycles spent idle waiting for weight grad finish: 0
id: attention_row ,Total cycles spent idle waiting for input grad finish: 0
id: attention_row ,Total cycles spent on fwd pass comm: 28380
id: attention_row ,Total cycles spent on weight grad comm: 0
id: attention_row ,Total cycles spent on input grad comm: 0
*******************
Layer id: mlp_moelayer
Total collectives issued for this layer: 2
*************************  Workload stats  ************************* mlp_moelayer
id: mlp_moelayer ,Total cycles spent on fwd pass compute: 1
id: mlp_moelayer ,Total cycles spent on weight grad compute: 1
id: mlp_moelayer ,Total cycles spent on input grad compute: 1
id: mlp_moelayer ,Total cycles spent idle waiting for fwd finish: 1488
id: mlp_moelayer ,Total cycles spent idle waiting for weight grad finish: 0
id: mlp_moelayer ,Total cycles spent idle waiting for input grad finish: 1200
id: mlp_moelayer ,Total cycles spent on fwd pass comm: 1488
id: mlp_moelayer ,Total cycles spent on weight grad comm: 0
id: mlp_moelayer ,Total cycles spent on input grad comm: 1200
*******************
Layer id: mlp_moelayer
Total collectives issued for this layer: 2
*************************  Workload stats  ************************* mlp_moelayer
id: mlp_moelayer ,Total cycles spent on fwd pass compute: 1
id: mlp_moelayer ,Total cycles spent on weight grad compute: 1
id: mlp_moelayer ,Total cycles spent on input grad compute: 1
id: mlp_moelayer ,Total cycles spent idle waiting for fwd finish: 19886
id: mlp_moelayer ,Total cycles spent idle waiting for weight grad finish: 0
id: mlp_moelayer ,Total cycles spent idle waiting for input grad finish: 201151
id: mlp_moelayer ,Total cycles spent on fwd pass comm: 19886
id: mlp_moelayer ,Total cycles spent on weight grad comm: 0
id: mlp_moelayer ,Total cycles spent on input grad comm: 201151
*******************
Layer id: mlp_moelayer
Total collectives issued for this layer: 2
*************************  Workload stats  ************************* mlp_moelayer
id: mlp_moelayer ,Total cycles spent on fwd pass compute: 1
id: mlp_moelayer ,Total cycles spent on weight grad compute: 1
id: mlp_moelayer ,Total cycles spent on input grad compute: 1
id: mlp_moelayer ,Total cycles spent idle waiting for fwd finish: 1183546
id: mlp_moelayer ,Total cycles spent idle waiting for weight grad finish: 0
id: mlp_moelayer ,Total cycles spent idle waiting for input grad finish: 720332
id: mlp_moelayer ,Total cycles spent on fwd pass comm: 1183546
id: mlp_moelayer ,Total cycles spent on weight grad comm: 0
id: mlp_moelayer ,Total cycles spent on input grad comm: 720332
*******************
Layer id: mlp_moelayer
Total collectives issued for this layer: 2
*************************  Workload stats  ************************* mlp_moelayer
id: mlp_moelayer ,Total cycles spent on fwd pass compute: 1
id: mlp_moelayer ,Total cycles spent on weight grad compute: 1
id: mlp_moelayer ,Total cycles spent on input grad compute: 1
id: mlp_moelayer ,Total cycles spent idle waiting for fwd finish: 109528
id: mlp_moelayer ,Total cycles spent idle waiting for weight grad finish: 0
id: mlp_moelayer ,Total cycles spent idle waiting for input grad finish: 94536
id: mlp_moelayer ,Total cycles spent on fwd pass comm: 109528
id: mlp_moelayer ,Total cycles spent on weight grad comm: 0
id: mlp_moelayer ,Total cycles spent on input grad comm: 94536
*******************
Layer id: mlp_moelayer
Total collectives issued for this layer: 2
*************************  Workload stats  ************************* mlp_moelayer
id: mlp_moelayer ,Total cycles spent on fwd pass compute: 1
id: mlp_moelayer ,Total cycles spent on weight grad compute: 1
id: mlp_moelayer ,Total cycles spent on input grad compute: 1
id: mlp_moelayer ,Total cycles spent idle waiting for fwd finish: 51295
id: mlp_moelayer ,Total cycles spent idle waiting for weight grad finish: 0
id: mlp_moelayer ,Total cycles spent idle waiting for input grad finish: 47712
id: mlp_moelayer ,Total cycles spent on fwd pass comm: 51295
id: mlp_moelayer ,Total cycles spent on weight grad comm: 0
id: mlp_moelayer ,Total cycles spent on input grad comm: 47712
*******************
Layer id: mlp_moelayer
Total collectives issued for this layer: 2
*************************  Workload stats  ************************* mlp_moelayer
id: mlp_moelayer ,Total cycles spent on fwd pass compute: 1
id: mlp_moelayer ,Total cycles spent on weight grad compute: 1
id: mlp_moelayer ,Total cycles spent on input grad compute: 1
id: mlp_moelayer ,Total cycles spent idle waiting for fwd finish: 1188819
id: mlp_moelayer ,Total cycles spent idle waiting for weight grad finish: 0
id: mlp_moelayer ,Total cycles spent idle waiting for input grad finish: 1309316
id: mlp_moelayer ,Total cycles spent on fwd pass comm: 1188819
id: mlp_moelayer ,Total cycles spent on weight grad comm: 0
id: mlp_moelayer ,Total cycles spent on input grad comm: 1309316
*******************
Layer id: mlp_moelayer
Total collectives issued for this layer: 2
*************************  Workload stats  ************************* mlp_moelayer
id: mlp_moelayer ,Total cycles spent on fwd pass compute: 1
id: mlp_moelayer ,Total cycles spent on weight grad compute: 1
id: mlp_moelayer ,Total cycles spent on input grad compute: 1
id: mlp_moelayer ,Total cycles spent idle waiting for fwd finish: 33063
id: mlp_moelayer ,Total cycles spent idle waiting for weight grad finish: 0
id: mlp_moelayer ,Total cycles spent idle waiting for input grad finish: 12962
id: mlp_moelayer ,Total cycles spent on fwd pass comm: 33063
id: mlp_moelayer ,Total cycles spent on weight grad comm: 0
id: mlp_moelayer ,Total cycles spent on input grad comm: 12962
*******************
Layer id: attention_column
Total collectives issued for this layer: 1
*************************  Workload stats  ************************* attention_column
id: attention_column ,Total cycles spent on fwd pass compute: 1
id: attention_column ,Total cycles spent on weight grad compute: 1
id: attention_column ,Total cycles spent on input grad compute: 1
id: attention_column ,Total cycles spent idle waiting for fwd finish: 24420
id: attention_column ,Total cycles spent idle waiting for weight grad finish: 0
id: attention_column ,Total cycles spent idle waiting for input grad finish: 0
id: attention_column ,Total cycles spent on fwd pass comm: 24420
id: attention_column ,Total cycles spent on weight grad comm: 0
id: attention_column ,Total cycles spent on input grad comm: 0
*******************
Layer id: attention_row
Total collectives issued for this layer: 1
*************************  Workload stats  ************************* attention_row
id: attention_row ,Total cycles spent on fwd pass compute: 1
id: attention_row ,Total cycles spent on weight grad compute: 1
id: attention_row ,Total cycles spent on input grad compute: 1
id: attention_row ,Total cycles spent idle waiting for fwd finish: 36120
id: attention_row ,Total cycles spent idle waiting for weight grad finish: 0
id: attention_row ,Total cycles spent idle waiting for input grad finish: 0
id: attention_row ,Total cycles spent on fwd pass comm: 36120
id: attention_row ,Total cycles spent on weight grad comm: 0
id: attention_row ,Total cycles spent on input grad comm: 0
*******************
Layer id: mlp_moelayer
Total collectives issued for this layer: 2
*************************  Workload stats  ************************* mlp_moelayer
id: mlp_moelayer ,Total cycles spent on fwd pass compute: 1
id: mlp_moelayer ,Total cycles spent on weight grad compute: 1
id: mlp_moelayer ,Total cycles spent on input grad compute: 1
id: mlp_moelayer ,Total cycles spent idle waiting for fwd finish: 1362
id: mlp_moelayer ,Total cycles spent idle waiting for weight grad finish: 0
id: mlp_moelayer ,Total cycles spent idle waiting for input grad finish: 1200
id: mlp_moelayer ,Total cycles spent on fwd pass comm: 1362
id: mlp_moelayer ,Total cycles spent on weight grad comm: 0
id: mlp_moelayer ,Total cycles spent on input grad comm: 1200
*******************
Layer id: mlp_moelayer
Total collectives issued for this layer: 2
*************************  Workload stats  ************************* mlp_moelayer
id: mlp_moelayer ,Total cycles spent on fwd pass compute: 1
id: mlp_moelayer ,Total cycles spent on weight grad compute: 1
id: mlp_moelayer ,Total cycles spent on input grad compute: 1
id: mlp_moelayer ,Total cycles spent idle waiting for fwd finish: 14215
id: mlp_moelayer ,Total cycles spent idle waiting for weight grad finish: 0
id: mlp_moelayer ,Total cycles spent idle waiting for input grad finish: 16632
id: mlp_moelayer ,Total cycles spent on fwd pass comm: 14215
id: mlp_moelayer ,Total cycles spent on weight grad comm: 0
id: mlp_moelayer ,Total cycles spent on input grad comm: 16632
*******************
Layer id: mlp_moelayer
Total collectives issued for this layer: 2
*************************  Workload stats  ************************* mlp_moelayer
id: mlp_moelayer ,Total cycles spent on fwd pass compute: 1
id: mlp_moelayer ,Total cycles spent on weight grad compute: 1
id: mlp_moelayer ,Total cycles spent on input grad compute: 1
id: mlp_moelayer ,Total cycles spent idle waiting for fwd finish: 1132661
id: mlp_moelayer ,Total cycles spent idle waiting for weight grad finish: 0
id: mlp_moelayer ,Total cycles spent idle waiting for input grad finish: 1173889
id: mlp_moelayer ,Total cycles spent on fwd pass comm: 1132661
id: mlp_moelayer ,Total cycles spent on weight grad comm: 0
id: mlp_moelayer ,Total cycles spent on input grad comm: 1173889
*******************
Layer id: mlp_moelayer
Total collectives issued for this layer: 2
*************************  Workload stats  ************************* mlp_moelayer
id: mlp_moelayer ,Total cycles spent on fwd pass compute: 1
id: mlp_moelayer ,Total cycles spent on weight grad compute: 1
id: mlp_moelayer ,Total cycles spent on input grad compute: 1
id: mlp_moelayer ,Total cycles spent idle waiting for fwd finish: 94202
id: mlp_moelayer ,Total cycles spent idle waiting for weight grad finish: 0
id: mlp_moelayer ,Total cycles spent idle waiting for input grad finish: 95256
id: mlp_moelayer ,Total cycles spent on fwd pass comm: 94202
id: mlp_moelayer ,Total cycles spent on weight grad comm: 0
id: mlp_moelayer ,Total cycles spent on input grad comm: 95256
*******************
Layer id: mlp_moelayer
Total collectives issued for this layer: 2
*************************  Workload stats  ************************* mlp_moelayer
id: mlp_moelayer ,Total cycles spent on fwd pass compute: 1
id: mlp_moelayer ,Total cycles spent on weight grad compute: 1
id: mlp_moelayer ,Total cycles spent on input grad compute: 1
id: mlp_moelayer ,Total cycles spent idle waiting for fwd finish: 61063
id: mlp_moelayer ,Total cycles spent idle waiting for weight grad finish: 0
id: mlp_moelayer ,Total cycles spent idle waiting for input grad finish: 47712
id: mlp_moelayer ,Total cycles spent on fwd pass comm: 61063
id: mlp_moelayer ,Total cycles spent on weight grad comm: 0
id: mlp_moelayer ,Total cycles spent on input grad comm: 47712
*******************
Layer id: mlp_moelayer
Total collectives issued for this layer: 2
*************************  Workload stats  ************************* mlp_moelayer
id: mlp_moelayer ,Total cycles spent on fwd pass compute: 1
id: mlp_moelayer ,Total cycles spent on weight grad compute: 1
id: mlp_moelayer ,Total cycles spent on input grad compute: 1
id: mlp_moelayer ,Total cycles spent idle waiting for fwd finish: 1302509
id: mlp_moelayer ,Total cycles spent idle waiting for weight grad finish: 0
id: mlp_moelayer ,Total cycles spent idle waiting for input grad finish: 1241999
id: mlp_moelayer ,Total cycles spent on fwd pass comm: 1302509
id: mlp_moelayer ,Total cycles spent on weight grad comm: 0
id: mlp_moelayer ,Total cycles spent on input grad comm: 1241999
*******************
Layer id: mlp_moelayer
Total collectives issued for this layer: 2
*************************  Workload stats  ************************* mlp_moelayer
id: mlp_moelayer ,Total cycles spent on fwd pass compute: 1
id: mlp_moelayer ,Total cycles spent on weight grad compute: 1
id: mlp_moelayer ,Total cycles spent on input grad compute: 1
id: mlp_moelayer ,Total cycles spent idle waiting for fwd finish: 12760
id: mlp_moelayer ,Total cycles spent idle waiting for weight grad finish: 0
id: mlp_moelayer ,Total cycles spent idle waiting for input grad finish: 12790
id: mlp_moelayer ,Total cycles spent on fwd pass comm: 12760
id: mlp_moelayer ,Total cycles spent on weight grad comm: 0
id: mlp_moelayer ,Total cycles spent on input grad comm: 12790
*******************
Layer id: attention_column
Total collectives issued for this layer: 1
*************************  Workload stats  ************************* attention_column
id: attention_column ,Total cycles spent on fwd pass compute: 1
id: attention_column ,Total cycles spent on weight grad compute: 1
id: attention_column ,Total cycles spent on input grad compute: 1
id: attention_column ,Total cycles spent idle waiting for fwd finish: 24630
id: attention_column ,Total cycles spent idle waiting for weight grad finish: 0
id: attention_column ,Total cycles spent idle waiting for input grad finish: 0
id: attention_column ,Total cycles spent on fwd pass comm: 24630
id: attention_column ,Total cycles spent on weight grad comm: 0
id: attention_column ,Total cycles spent on input grad comm: 0
*******************
Layer id: attention_row
Total collectives issued for this layer: 1
*************************  Workload stats  ************************* attention_row
id: attention_row ,Total cycles spent on fwd pass compute: 1
id: attention_row ,Total cycles spent on weight grad compute: 1
id: attention_row ,Total cycles spent on input grad compute: 1
id: attention_row ,Total cycles spent idle waiting for fwd finish: 24430
id: attention_row ,Total cycles spent idle waiting for weight grad finish: 0
id: attention_row ,Total cycles spent idle waiting for input grad finish: 0
id: attention_row ,Total cycles spent on fwd pass comm: 24430
id: attention_row ,Total cycles spent on weight grad comm: 0
id: attention_row ,Total cycles spent on input grad comm: 0
*******************
Layer id: mlp_moelayer
Total collectives issued for this layer: 2
*************************  Workload stats  ************************* mlp_moelayer
id: mlp_moelayer ,Total cycles spent on fwd pass compute: 1
id: mlp_moelayer ,Total cycles spent on weight grad compute: 1
id: mlp_moelayer ,Total cycles spent on input grad compute: 1
id: mlp_moelayer ,Total cycles spent idle waiting for fwd finish: 1382
id: mlp_moelayer ,Total cycles spent idle waiting for weight grad finish: 0
id: mlp_moelayer ,Total cycles spent idle waiting for input grad finish: 1402
id: mlp_moelayer ,Total cycles spent on fwd pass comm: 1382
id: mlp_moelayer ,Total cycles spent on weight grad comm: 0
id: mlp_moelayer ,Total cycles spent on input grad comm: 1402
*******************
Layer id: mlp_moelayer
Total collectives issued for this layer: 2
*************************  Workload stats  ************************* mlp_moelayer
id: mlp_moelayer ,Total cycles spent on fwd pass compute: 1
id: mlp_moelayer ,Total cycles spent on weight grad compute: 1
id: mlp_moelayer ,Total cycles spent on input grad compute: 1
id: mlp_moelayer ,Total cycles spent idle waiting for fwd finish: 12810
id: mlp_moelayer ,Total cycles spent idle waiting for weight grad finish: 0
id: mlp_moelayer ,Total cycles spent idle waiting for input grad finish: 12760
id: mlp_moelayer ,Total cycles spent on fwd pass comm: 12810
id: mlp_moelayer ,Total cycles spent on weight grad comm: 0
id: mlp_moelayer ,Total cycles spent on input grad comm: 12760
*******************
Layer id: mlp_moelayer
Total collectives issued for this layer: 2
*************************  Workload stats  ************************* mlp_moelayer
id: mlp_moelayer ,Total cycles spent on fwd pass compute: 1
id: mlp_moelayer ,Total cycles spent on weight grad compute: 1
id: mlp_moelayer ,Total cycles spent on input grad compute: 1
id: mlp_moelayer ,Total cycles spent idle waiting for fwd finish: 1276549
id: mlp_moelayer ,Total cycles spent idle waiting for weight grad finish: 0
id: mlp_moelayer ,Total cycles spent idle waiting for input grad finish: 1051572
id: mlp_moelayer ,Total cycles spent on fwd pass comm: 1276549
id: mlp_moelayer ,Total cycles spent on weight grad comm: 0
id: mlp_moelayer ,Total cycles spent on input grad comm: 1051572
*******************
Layer id: mlp_moelayer
Total collectives issued for this layer: 2
*************************  Workload stats  ************************* mlp_moelayer
id: mlp_moelayer ,Total cycles spent on fwd pass compute: 1
id: mlp_moelayer ,Total cycles spent on weight grad compute: 1
id: mlp_moelayer ,Total cycles spent on input grad compute: 1
id: mlp_moelayer ,Total cycles spent idle waiting for fwd finish: 47712
id: mlp_moelayer ,Total cycles spent idle waiting for weight grad finish: 0
id: mlp_moelayer ,Total cycles spent idle waiting for input grad finish: 94536
id: mlp_moelayer ,Total cycles spent on fwd pass comm: 47712
id: mlp_moelayer ,Total cycles spent on weight grad comm: 0
id: mlp_moelayer ,Total cycles spent on input grad comm: 94536
*******************
Layer id: mlp_moelayer
Total collectives issued for this layer: 2
*************************  Workload stats  ************************* mlp_moelayer
id: mlp_moelayer ,Total cycles spent on fwd pass compute: 1
id: mlp_moelayer ,Total cycles spent on weight grad compute: 1
id: mlp_moelayer ,Total cycles spent on input grad compute: 1
id: mlp_moelayer ,Total cycles spent idle waiting for fwd finish: 52472
id: mlp_moelayer ,Total cycles spent idle waiting for weight grad finish: 0
id: mlp_moelayer ,Total cycles spent idle waiting for input grad finish: 47712
id: mlp_moelayer ,Total cycles spent on fwd pass comm: 52472
id: mlp_moelayer ,Total cycles spent on weight grad comm: 0
id: mlp_moelayer ,Total cycles spent on input grad comm: 47712
*******************
Layer id: mlp_moelayer
Total collectives issued for this layer: 2
*************************  Workload stats  ************************* mlp_moelayer
id: mlp_moelayer ,Total cycles spent on fwd pass compute: 1
id: mlp_moelayer ,Total cycles spent on weight grad compute: 1
id: mlp_moelayer ,Total cycles spent on input grad compute: 1
id: mlp_moelayer ,Total cycles spent idle waiting for fwd finish: 1204827
id: mlp_moelayer ,Total cycles spent idle waiting for weight grad finish: 0
id: mlp_moelayer ,Total cycles spent idle waiting for input grad finish: 875444
id: mlp_moelayer ,Total cycles spent on fwd pass comm: 1204827
id: mlp_moelayer ,Total cycles spent on weight grad comm: 0
id: mlp_moelayer ,Total cycles spent on input grad comm: 875444
*******************
Layer id: mlp_moelayer
Total collectives issued for this layer: 2
*************************  Workload stats  ************************* mlp_moelayer
id: mlp_moelayer ,Total cycles spent on fwd pass compute: 1
id: mlp_moelayer ,Total cycles spent on weight grad compute: 1
id: mlp_moelayer ,Total cycles spent on input grad compute: 1
id: mlp_moelayer ,Total cycles spent idle waiting for fwd finish: 12760
id: mlp_moelayer ,Total cycles spent idle waiting for weight grad finish: 0
id: mlp_moelayer ,Total cycles spent idle waiting for input grad finish: 12790
id: mlp_moelayer ,Total cycles spent on fwd pass comm: 12760
id: mlp_moelayer ,Total cycles spent on weight grad comm: 0
id: mlp_moelayer ,Total cycles spent on input grad comm: 12790
*******************
Layer id: attention_column
Total collectives issued for this layer: 1
*************************  Workload stats  ************************* attention_column
id: attention_column ,Total cycles spent on fwd pass compute: 1
id: attention_column ,Total cycles spent on weight grad compute: 1
id: attention_column ,Total cycles spent on input grad compute: 1
id: attention_column ,Total cycles spent idle waiting for fwd finish: 30600
id: attention_column ,Total cycles spent idle waiting for weight grad finish: 0
id: attention_column ,Total cycles spent idle waiting for input grad finish: 0
id: attention_column ,Total cycles spent on fwd pass comm: 30600
id: attention_column ,Total cycles spent on weight grad comm: 0
id: attention_column ,Total cycles spent on input grad comm: 0
*******************
Layer id: attention_row
Total collectives issued for this layer: 1
*************************  Workload stats  ************************* attention_row
id: attention_row ,Total cycles spent on fwd pass compute: 1
id: attention_row ,Total cycles spent on weight grad compute: 1
id: attention_row ,Total cycles spent on input grad compute: 1
id: attention_row ,Total cycles spent idle waiting for fwd finish: 31610
id: attention_row ,Total cycles spent idle waiting for weight grad finish: 0
id: attention_row ,Total cycles spent idle waiting for input grad finish: 0
id: attention_row ,Total cycles spent on fwd pass comm: 31610
id: attention_row ,Total cycles spent on weight grad comm: 0
id: attention_row ,Total cycles spent on input grad comm: 0
*******************
Layer id: mlp_moelayer
Total collectives issued for this layer: 2
*************************  Workload stats  ************************* mlp_moelayer
id: mlp_moelayer ,Total cycles spent on fwd pass compute: 1
id: mlp_moelayer ,Total cycles spent on weight grad compute: 1
id: mlp_moelayer ,Total cycles spent on input grad compute: 1
id: mlp_moelayer ,Total cycles spent idle waiting for fwd finish: 1242
id: mlp_moelayer ,Total cycles spent idle waiting for weight grad finish: 0
id: mlp_moelayer ,Total cycles spent idle waiting for input grad finish: 1402
id: mlp_moelayer ,Total cycles spent on fwd pass comm: 1242
id: mlp_moelayer ,Total cycles spent on weight grad comm: 0
id: mlp_moelayer ,Total cycles spent on input grad comm: 1402
*******************
Layer id: mlp_moelayer
Total collectives issued for this layer: 2
*************************  Workload stats  ************************* mlp_moelayer
id: mlp_moelayer ,Total cycles spent on fwd pass compute: 1
id: mlp_moelayer ,Total cycles spent on weight grad compute: 1
id: mlp_moelayer ,Total cycles spent on input grad compute: 1
id: mlp_moelayer ,Total cycles spent idle waiting for fwd finish: 12920
id: mlp_moelayer ,Total cycles spent idle waiting for weight grad finish: 0
id: mlp_moelayer ,Total cycles spent idle waiting for input grad finish: 12760
id: mlp_moelayer ,Total cycles spent on fwd pass comm: 12920
id: mlp_moelayer ,Total cycles spent on weight grad comm: 0
id: mlp_moelayer ,Total cycles spent on input grad comm: 12760
*******************
Layer id: mlp_moelayer
Total collectives issued for this layer: 2
*************************  Workload stats  ************************* mlp_moelayer
id: mlp_moelayer ,Total cycles spent on fwd pass compute: 1
id: mlp_moelayer ,Total cycles spent on weight grad compute: 1
id: mlp_moelayer ,Total cycles spent on input grad compute: 1
id: mlp_moelayer ,Total cycles spent idle waiting for fwd finish: 1140792
id: mlp_moelayer ,Total cycles spent idle waiting for weight grad finish: 0
id: mlp_moelayer ,Total cycles spent idle waiting for input grad finish: 1464423
id: mlp_moelayer ,Total cycles spent on fwd pass comm: 1140792
id: mlp_moelayer ,Total cycles spent on weight grad comm: 0
id: mlp_moelayer ,Total cycles spent on input grad comm: 1464423
*******************
Layer id: mlp_moelayer
Total collectives issued for this layer: 2
*************************  Workload stats  ************************* mlp_moelayer
id: mlp_moelayer ,Total cycles spent on fwd pass compute: 1
id: mlp_moelayer ,Total cycles spent on weight grad compute: 1
id: mlp_moelayer ,Total cycles spent on input grad compute: 1
id: mlp_moelayer ,Total cycles spent idle waiting for fwd finish: 103594
id: mlp_moelayer ,Total cycles spent idle waiting for weight grad finish: 0
id: mlp_moelayer ,Total cycles spent idle waiting for input grad finish: 100361
id: mlp_moelayer ,Total cycles spent on fwd pass comm: 103594
id: mlp_moelayer ,Total cycles spent on weight grad comm: 0
id: mlp_moelayer ,Total cycles spent on input grad comm: 100361
*******************
Layer id: mlp_moelayer
Total collectives issued for this layer: 2
*************************  Workload stats  ************************* mlp_moelayer
id: mlp_moelayer ,Total cycles spent on fwd pass compute: 1
id: mlp_moelayer ,Total cycles spent on weight grad compute: 1
id: mlp_moelayer ,Total cycles spent on input grad compute: 1
id: mlp_moelayer ,Total cycles spent idle waiting for fwd finish: 50215
id: mlp_moelayer ,Total cycles spent idle waiting for weight grad finish: 0
id: mlp_moelayer ,Total cycles spent idle waiting for input grad finish: 47712
id: mlp_moelayer ,Total cycles spent on fwd pass comm: 50215
id: mlp_moelayer ,Total cycles spent on weight grad comm: 0
id: mlp_moelayer ,Total cycles spent on input grad comm: 47712
*******************
Layer id: mlp_moelayer
Total collectives issued for this layer: 2
*************************  Workload stats  ************************* mlp_moelayer
id: mlp_moelayer ,Total cycles spent on fwd pass compute: 1
id: mlp_moelayer ,Total cycles spent on weight grad compute: 1
id: mlp_moelayer ,Total cycles spent on input grad compute: 1
id: mlp_moelayer ,Total cycles spent idle waiting for fwd finish: 1125788
id: mlp_moelayer ,Total cycles spent idle waiting for weight grad finish: 0
id: mlp_moelayer ,Total cycles spent idle waiting for input grad finish: 1341439
id: mlp_moelayer ,Total cycles spent on fwd pass comm: 1125788
id: mlp_moelayer ,Total cycles spent on weight grad comm: 0
id: mlp_moelayer ,Total cycles spent on input grad comm: 1341439
*******************
Layer id: mlp_moelayer
Total collectives issued for this layer: 2
*************************  Workload stats  ************************* mlp_moelayer
id: mlp_moelayer ,Total cycles spent on fwd pass compute: 1
id: mlp_moelayer ,Total cycles spent on weight grad compute: 1
id: mlp_moelayer ,Total cycles spent on input grad compute: 1
id: mlp_moelayer ,Total cycles spent idle waiting for fwd finish: 123677
id: mlp_moelayer ,Total cycles spent idle waiting for weight grad finish: 0
id: mlp_moelayer ,Total cycles spent idle waiting for input grad finish: 12790
id: mlp_moelayer ,Total cycles spent on fwd pass comm: 123677
id: mlp_moelayer ,Total cycles spent on weight grad comm: 0
id: mlp_moelayer ,Total cycles spent on input grad comm: 12790
*******************
Layer id: attention_column
Total collectives issued for this layer: 1
*************************  Workload stats  ************************* attention_column
id: attention_column ,Total cycles spent on fwd pass compute: 1
id: attention_column ,Total cycles spent on weight grad compute: 1
id: attention_column ,Total cycles spent on input grad compute: 1
id: attention_column ,Total cycles spent idle waiting for fwd finish: 39149
id: attention_column ,Total cycles spent idle waiting for weight grad finish: 0
id: attention_column ,Total cycles spent idle waiting for input grad finish: 0
id: attention_column ,Total cycles spent on fwd pass comm: 39149
id: attention_column ,Total cycles spent on weight grad comm: 0
id: attention_column ,Total cycles spent on input grad comm: 0
*******************
Layer id: attention_row
Total collectives issued for this layer: 1
*************************  Workload stats  ************************* attention_row
id: attention_row ,Total cycles spent on fwd pass compute: 1
id: attention_row ,Total cycles spent on weight grad compute: 1
id: attention_row ,Total cycles spent on input grad compute: 1
id: attention_row ,Total cycles spent idle waiting for fwd finish: 24855
id: attention_row ,Total cycles spent idle waiting for weight grad finish: 0
id: attention_row ,Total cycles spent idle waiting for input grad finish: 0
id: attention_row ,Total cycles spent on fwd pass comm: 24855
id: attention_row ,Total cycles spent on weight grad comm: 0
id: attention_row ,Total cycles spent on input grad comm: 0
*******************
Layer id: mlp_moelayer
Total collectives issued for this layer: 2
*************************  Workload stats  ************************* mlp_moelayer
id: mlp_moelayer ,Total cycles spent on fwd pass compute: 1
id: mlp_moelayer ,Total cycles spent on weight grad compute: 1
id: mlp_moelayer ,Total cycles spent on input grad compute: 1
id: mlp_moelayer ,Total cycles spent idle waiting for fwd finish: 1200
id: mlp_moelayer ,Total cycles spent idle waiting for weight grad finish: 0
id: mlp_moelayer ,Total cycles spent idle waiting for input grad finish: 1402
id: mlp_moelayer ,Total cycles spent on fwd pass comm: 1200
id: mlp_moelayer ,Total cycles spent on weight grad comm: 0
id: mlp_moelayer ,Total cycles spent on input grad comm: 1402
*******************
Layer id: mlp_moelayer
Total collectives issued for this layer: 2
*************************  Workload stats  ************************* mlp_moelayer
id: mlp_moelayer ,Total cycles spent on fwd pass compute: 1
id: mlp_moelayer ,Total cycles spent on weight grad compute: 1
id: mlp_moelayer ,Total cycles spent on input grad compute: 1
id: mlp_moelayer ,Total cycles spent idle waiting for fwd finish: 12962
id: mlp_moelayer ,Total cycles spent idle waiting for weight grad finish: 0
id: mlp_moelayer ,Total cycles spent idle waiting for input grad finish: 12760
id: mlp_moelayer ,Total cycles spent on fwd pass comm: 12962
id: mlp_moelayer ,Total cycles spent on weight grad comm: 0
id: mlp_moelayer ,Total cycles spent on input grad comm: 12760
*******************
Layer id: mlp_moelayer
Total collectives issued for this layer: 2
*************************  Workload stats  ************************* mlp_moelayer
id: mlp_moelayer ,Total cycles spent on fwd pass compute: 1
id: mlp_moelayer ,Total cycles spent on weight grad compute: 1
id: mlp_moelayer ,Total cycles spent on input grad compute: 1
id: mlp_moelayer ,Total cycles spent idle waiting for fwd finish: 1234496
id: mlp_moelayer ,Total cycles spent idle waiting for weight grad finish: 0
id: mlp_moelayer ,Total cycles spent idle waiting for input grad finish: 1278321
id: mlp_moelayer ,Total cycles spent on fwd pass comm: 1234496
id: mlp_moelayer ,Total cycles spent on weight grad comm: 0
id: mlp_moelayer ,Total cycles spent on input grad comm: 1278321
*******************
Layer id: mlp_moelayer
Total collectives issued for this layer: 2
*************************  Workload stats  ************************* mlp_moelayer
id: mlp_moelayer ,Total cycles spent on fwd pass compute: 1
id: mlp_moelayer ,Total cycles spent on weight grad compute: 1
id: mlp_moelayer ,Total cycles spent on input grad compute: 1
id: mlp_moelayer ,Total cycles spent idle waiting for fwd finish: 50526
id: mlp_moelayer ,Total cycles spent idle waiting for weight grad finish: 0
id: mlp_moelayer ,Total cycles spent idle waiting for input grad finish: 94536
id: mlp_moelayer ,Total cycles spent on fwd pass comm: 50526
id: mlp_moelayer ,Total cycles spent on weight grad comm: 0
id: mlp_moelayer ,Total cycles spent on input grad comm: 94536
*******************
Layer id: mlp_moelayer
Total collectives issued for this layer: 2
*************************  Workload stats  ************************* mlp_moelayer
id: mlp_moelayer ,Total cycles spent on fwd pass compute: 1
id: mlp_moelayer ,Total cycles spent on weight grad compute: 1
id: mlp_moelayer ,Total cycles spent on input grad compute: 1
id: mlp_moelayer ,Total cycles spent idle waiting for fwd finish: 55468
id: mlp_moelayer ,Total cycles spent idle waiting for weight grad finish: 0
id: mlp_moelayer ,Total cycles spent idle waiting for input grad finish: 47712
id: mlp_moelayer ,Total cycles spent on fwd pass comm: 55468
id: mlp_moelayer ,Total cycles spent on weight grad comm: 0
id: mlp_moelayer ,Total cycles spent on input grad comm: 47712
*******************
Layer id: mlp_moelayer
Total collectives issued for this layer: 2
*************************  Workload stats  ************************* mlp_moelayer
id: mlp_moelayer ,Total cycles spent on fwd pass compute: 1
id: mlp_moelayer ,Total cycles spent on weight grad compute: 1
id: mlp_moelayer ,Total cycles spent on input grad compute: 1
id: mlp_moelayer ,Total cycles spent idle waiting for fwd finish: 1016634
id: mlp_moelayer ,Total cycles spent idle waiting for weight grad finish: 0
id: mlp_moelayer ,Total cycles spent idle waiting for input grad finish: 1074866
id: mlp_moelayer ,Total cycles spent on fwd pass comm: 1016634
id: mlp_moelayer ,Total cycles spent on weight grad comm: 0
id: mlp_moelayer ,Total cycles spent on input grad comm: 1074866
*******************
Layer id: mlp_moelayer
Total collectives issued for this layer: 2
*************************  Workload stats  ************************* mlp_moelayer
id: mlp_moelayer ,Total cycles spent on fwd pass compute: 1
id: mlp_moelayer ,Total cycles spent on weight grad compute: 1
id: mlp_moelayer ,Total cycles spent on input grad compute: 1
id: mlp_moelayer ,Total cycles spent idle waiting for fwd finish: 12960
id: mlp_moelayer ,Total cycles spent idle waiting for weight grad finish: 0
id: mlp_moelayer ,Total cycles spent idle waiting for input grad finish: 12790
id: mlp_moelayer ,Total cycles spent on fwd pass comm: 12960
id: mlp_moelayer ,Total cycles spent on weight grad comm: 0
id: mlp_moelayer ,Total cycles spent on input grad comm: 12790
*******************
Layer id: attention_column
Total collectives issued for this layer: 1
*************************  Workload stats  ************************* attention_column
id: attention_column ,Total cycles spent on fwd pass compute: 1
id: attention_column ,Total cycles spent on weight grad compute: 1
id: attention_column ,Total cycles spent on input grad compute: 1
id: attention_column ,Total cycles spent idle waiting for fwd finish: 31578
id: attention_column ,Total cycles spent idle waiting for weight grad finish: 0
id: attention_column ,Total cycles spent idle waiting for input grad finish: 0
id: attention_column ,Total cycles spent on fwd pass comm: 31578
id: attention_column ,Total cycles spent on weight grad comm: 0
id: attention_column ,Total cycles spent on input grad comm: 0
*******************
Layer id: attention_row
Total collectives issued for this layer: 1
*************************  Workload stats  ************************* attention_row
id: attention_row ,Total cycles spent on fwd pass compute: 1
id: attention_row ,Total cycles spent on weight grad compute: 1
id: attention_row ,Total cycles spent on input grad compute: 1
id: attention_row ,Total cycles spent idle waiting for fwd finish: 30360
id: attention_row ,Total cycles spent idle waiting for weight grad finish: 0
id: attention_row ,Total cycles spent idle waiting for input grad finish: 0
id: attention_row ,Total cycles spent on fwd pass comm: 30360
id: attention_row ,Total cycles spent on weight grad comm: 0
id: attention_row ,Total cycles spent on input grad comm: 0
*******************
Layer id: mlp_moelayer
Total collectives issued for this layer: 2
*************************  Workload stats  ************************* mlp_moelayer
id: mlp_moelayer ,Total cycles spent on fwd pass compute: 1
id: mlp_moelayer ,Total cycles spent on weight grad compute: 1
id: mlp_moelayer ,Total cycles spent on input grad compute: 1
id: mlp_moelayer ,Total cycles spent idle waiting for fwd finish: 1277
id: mlp_moelayer ,Total cycles spent idle waiting for weight grad finish: 0
id: mlp_moelayer ,Total cycles spent idle waiting for input grad finish: 1402
id: mlp_moelayer ,Total cycles spent on fwd pass comm: 1277
id: mlp_moelayer ,Total cycles spent on weight grad comm: 0
id: mlp_moelayer ,Total cycles spent on input grad comm: 1402
*******************
Layer id: mlp_moelayer
Total collectives issued for this layer: 2
*************************  Workload stats  ************************* mlp_moelayer
id: mlp_moelayer ,Total cycles spent on fwd pass compute: 1
id: mlp_moelayer ,Total cycles spent on weight grad compute: 1
id: mlp_moelayer ,Total cycles spent on input grad compute: 1
id: mlp_moelayer ,Total cycles spent idle waiting for fwd finish: 12885
id: mlp_moelayer ,Total cycles spent idle waiting for weight grad finish: 0
id: mlp_moelayer ,Total cycles spent idle waiting for input grad finish: 12760
id: mlp_moelayer ,Total cycles spent on fwd pass comm: 12885
id: mlp_moelayer ,Total cycles spent on weight grad comm: 0
id: mlp_moelayer ,Total cycles spent on input grad comm: 12760
*******************
Layer id: mlp_moelayer
Total collectives issued for this layer: 2
*************************  Workload stats  ************************* mlp_moelayer
id: mlp_moelayer ,Total cycles spent on fwd pass compute: 1
id: mlp_moelayer ,Total cycles spent on weight grad compute: 1
id: mlp_moelayer ,Total cycles spent on input grad compute: 1
id: mlp_moelayer ,Total cycles spent idle waiting for fwd finish: 1162405
id: mlp_moelayer ,Total cycles spent idle waiting for weight grad finish: 0
id: mlp_moelayer ,Total cycles spent idle waiting for input grad finish: 1278337
id: mlp_moelayer ,Total cycles spent on fwd pass comm: 1162405
id: mlp_moelayer ,Total cycles spent on weight grad comm: 0
id: mlp_moelayer ,Total cycles spent on input grad comm: 1278337
*******************
Layer id: mlp_moelayer
Total collectives issued for this layer: 2
*************************  Workload stats  ************************* mlp_moelayer
id: mlp_moelayer ,Total cycles spent on fwd pass compute: 1
id: mlp_moelayer ,Total cycles spent on weight grad compute: 1
id: mlp_moelayer ,Total cycles spent on input grad compute: 1
id: mlp_moelayer ,Total cycles spent idle waiting for fwd finish: 47712
id: mlp_moelayer ,Total cycles spent idle waiting for weight grad finish: 0
id: mlp_moelayer ,Total cycles spent idle waiting for input grad finish: 94536
id: mlp_moelayer ,Total cycles spent on fwd pass comm: 47712
id: mlp_moelayer ,Total cycles spent on weight grad comm: 0
id: mlp_moelayer ,Total cycles spent on input grad comm: 94536
*******************
Layer id: mlp_moelayer
Total collectives issued for this layer: 2
*************************  Workload stats  ************************* mlp_moelayer
id: mlp_moelayer ,Total cycles spent on fwd pass compute: 1
id: mlp_moelayer ,Total cycles spent on weight grad compute: 1
id: mlp_moelayer ,Total cycles spent on input grad compute: 1
id: mlp_moelayer ,Total cycles spent idle waiting for fwd finish: 47932
id: mlp_moelayer ,Total cycles spent idle waiting for weight grad finish: 0
id: mlp_moelayer ,Total cycles spent idle waiting for input grad finish: 47712
id: mlp_moelayer ,Total cycles spent on fwd pass comm: 47932
id: mlp_moelayer ,Total cycles spent on weight grad comm: 0
id: mlp_moelayer ,Total cycles spent on input grad comm: 47712
*******************
Layer id: mlp_moelayer
Total collectives issued for this layer: 2
*************************  Workload stats  ************************* mlp_moelayer
id: mlp_moelayer ,Total cycles spent on fwd pass compute: 1
id: mlp_moelayer ,Total cycles spent on weight grad compute: 1
id: mlp_moelayer ,Total cycles spent on input grad compute: 1
id: mlp_moelayer ,Total cycles spent idle waiting for fwd finish: 1185346
id: mlp_moelayer ,Total cycles spent idle waiting for weight grad finish: 0
id: mlp_moelayer ,Total cycles spent idle waiting for input grad finish: 1240509
id: mlp_moelayer ,Total cycles spent on fwd pass comm: 1185346
id: mlp_moelayer ,Total cycles spent on weight grad comm: 0
id: mlp_moelayer ,Total cycles spent on input grad comm: 1240509
*******************
Layer id: mlp_moelayer
Total collectives issued for this layer: 2
*************************  Workload stats  ************************* mlp_moelayer
id: mlp_moelayer ,Total cycles spent on fwd pass compute: 1
id: mlp_moelayer ,Total cycles spent on weight grad compute: 1
id: mlp_moelayer ,Total cycles spent on input grad compute: 1
id: mlp_moelayer ,Total cycles spent idle waiting for fwd finish: 136868
id: mlp_moelayer ,Total cycles spent idle waiting for weight grad finish: 0
id: mlp_moelayer ,Total cycles spent idle waiting for input grad finish: 12790
id: mlp_moelayer ,Total cycles spent on fwd pass comm: 136868
id: mlp_moelayer ,Total cycles spent on weight grad comm: 0
id: mlp_moelayer ,Total cycles spent on input grad comm: 12790
*******************
Layer id: final_column
Total collectives issued for this layer: 1
*************************  Workload stats  ************************* final_column
id: final_column ,Total cycles spent on fwd pass compute: 1
id: final_column ,Total cycles spent on weight grad compute: 1
id: final_column ,Total cycles spent on input grad compute: 1
id: final_column ,Total cycles spent idle waiting for fwd finish: 24420
id: final_column ,Total cycles spent idle waiting for weight grad finish: 0
id: final_column ,Total cycles spent idle waiting for input grad finish: 0
id: final_column ,Total cycles spent on fwd pass comm: 24420
id: final_column ,Total cycles spent on weight grad comm: 0
id: final_column ,Total cycles spent on input grad comm: 0
*******************
Layer id: embedding_norm
Total collectives issued for this layer: 1
*************************  Workload stats  ************************* embedding_norm
id: embedding_norm ,Total cycles spent on fwd pass compute: 1
id: embedding_norm ,Total cycles spent on weight grad compute: 1
id: embedding_norm ,Total cycles spent on input grad compute: 1
id: embedding_norm ,Total cycles spent idle waiting for fwd finish: 382419
id: embedding_norm ,Total cycles spent idle waiting for weight grad finish: 0
id: embedding_norm ,Total cycles spent idle waiting for input grad finish: 0
id: embedding_norm ,Total cycles spent on fwd pass comm: 382419
id: embedding_norm ,Total cycles spent on weight grad comm: 0
id: embedding_norm ,Total cycles spent on input grad comm: 0
*******************
Layer id: embedding_layer
Total collectives issued for this layer: 0
*************************  Workload stats  ************************* embedding_layer
id: embedding_layer ,Total cycles spent on fwd pass compute: 1
id: embedding_layer ,Total cycles spent on weight grad compute: 1
id: embedding_layer ,Total cycles spent on input grad compute: 1
id: embedding_layer ,Total cycles spent idle waiting for fwd finish: 0
id: embedding_layer ,Total cycles spent idle waiting for weight grad finish: 0
id: embedding_layer ,Total cycles spent idle waiting for input grad finish: 0
id: embedding_layer ,Total cycles spent on fwd pass comm: 0
id: embedding_layer ,Total cycles spent on weight grad comm: 0
id: embedding_layer ,Total cycles spent on input grad comm: 0
*******************
Layer id: attention_column
Total collectives issued for this layer: 1
*************************  Workload stats  ************************* attention_column
id: attention_column ,Total cycles spent on fwd pass compute: 1
id: attention_column ,Total cycles spent on weight grad compute: 1
id: attention_column ,Total cycles spent on input grad compute: 1
id: attention_column ,Total cycles spent idle waiting for fwd finish: 24470
id: attention_column ,Total cycles spent idle waiting for weight grad finish: 0
id: attention_column ,Total cycles spent idle waiting for input grad finish: 0
id: attention_column ,Total cycles spent on fwd pass comm: 24470
id: attention_column ,Total cycles spent on weight grad comm: 0
id: attention_column ,Total cycles spent on input grad comm: 0
*******************
Layer id: attention_row
Total collectives issued for this layer: 1
*************************  Workload stats  ************************* attention_row
id: attention_row ,Total cycles spent on fwd pass compute: 1
id: attention_row ,Total cycles spent on weight grad compute: 1
id: attention_row ,Total cycles spent on input grad compute: 1
id: attention_row ,Total cycles spent idle waiting for fwd finish: 24570
id: attention_row ,Total cycles spent idle waiting for weight grad finish: 0
id: attention_row ,Total cycles spent idle waiting for input grad finish: 0
id: attention_row ,Total cycles spent on fwd pass comm: 24570
id: attention_row ,Total cycles spent on weight grad comm: 0
id: attention_row ,Total cycles spent on input grad comm: 0
*******************
Layer id: mlp_moelayer
Total collectives issued for this layer: 2
*************************  Workload stats  ************************* mlp_moelayer
id: mlp_moelayer ,Total cycles spent on fwd pass compute: 1
id: mlp_moelayer ,Total cycles spent on weight grad compute: 1
id: mlp_moelayer ,Total cycles spent on input grad compute: 1
id: mlp_moelayer ,Total cycles spent idle waiting for fwd finish: 1242
id: mlp_moelayer ,Total cycles spent idle waiting for weight grad finish: 0
id: mlp_moelayer ,Total cycles spent idle waiting for input grad finish: 1402
id: mlp_moelayer ,Total cycles spent on fwd pass comm: 1242
id: mlp_moelayer ,Total cycles spent on weight grad comm: 0
id: mlp_moelayer ,Total cycles spent on input grad comm: 1402
*******************
Layer id: mlp_moelayer
Total collectives issued for this layer: 2
*************************  Workload stats  ************************* mlp_moelayer
id: mlp_moelayer ,Total cycles spent on fwd pass compute: 1
id: mlp_moelayer ,Total cycles spent on weight grad compute: 1
id: mlp_moelayer ,Total cycles spent on input grad compute: 1
id: mlp_moelayer ,Total cycles spent idle waiting for fwd finish: 12920
id: mlp_moelayer ,Total cycles spent idle waiting for weight grad finish: 0
id: mlp_moelayer ,Total cycles spent idle waiting for input grad finish: 12760
id: mlp_moelayer ,Total cycles spent on fwd pass comm: 12920
id: mlp_moelayer ,Total cycles spent on weight grad comm: 0
id: mlp_moelayer ,Total cycles spent on input grad comm: 12760
*******************
Layer id: mlp_moelayer
Total collectives issued for this layer: 2
*************************  Workload stats  ************************* mlp_moelayer
id: mlp_moelayer ,Total cycles spent on fwd pass compute: 1
id: mlp_moelayer ,Total cycles spent on weight grad compute: 1
id: mlp_moelayer ,Total cycles spent on input grad compute: 1
id: mlp_moelayer ,Total cycles spent idle waiting for fwd finish: 462981
id: mlp_moelayer ,Total cycles spent idle waiting for weight grad finish: 0
id: mlp_moelayer ,Total cycles spent idle waiting for input grad finish: 1036657
id: mlp_moelayer ,Total cycles spent on fwd pass comm: 462981
id: mlp_moelayer ,Total cycles spent on weight grad comm: 0
id: mlp_moelayer ,Total cycles spent on input grad comm: 1036657
*******************
Layer id: mlp_moelayer
Total collectives issued for this layer: 2
*************************  Workload stats  ************************* mlp_moelayer
id: mlp_moelayer ,Total cycles spent on fwd pass compute: 1
id: mlp_moelayer ,Total cycles spent on weight grad compute: 1
id: mlp_moelayer ,Total cycles spent on input grad compute: 1
id: mlp_moelayer ,Total cycles spent idle waiting for fwd finish: 595691
id: mlp_moelayer ,Total cycles spent idle waiting for weight grad finish: 0
id: mlp_moelayer ,Total cycles spent idle waiting for input grad finish: 102496
id: mlp_moelayer ,Total cycles spent on fwd pass comm: 595691
id: mlp_moelayer ,Total cycles spent on weight grad comm: 0
id: mlp_moelayer ,Total cycles spent on input grad comm: 102496
*******************
Layer id: mlp_moelayer
Total collectives issued for this layer: 2
*************************  Workload stats  ************************* mlp_moelayer
id: mlp_moelayer ,Total cycles spent on fwd pass compute: 1
id: mlp_moelayer ,Total cycles spent on weight grad compute: 1
id: mlp_moelayer ,Total cycles spent on input grad compute: 1
id: mlp_moelayer ,Total cycles spent idle waiting for fwd finish: 47730
id: mlp_moelayer ,Total cycles spent idle waiting for weight grad finish: 0
id: mlp_moelayer ,Total cycles spent idle waiting for input grad finish: 47712
id: mlp_moelayer ,Total cycles spent on fwd pass comm: 47730
id: mlp_moelayer ,Total cycles spent on weight grad comm: 0
id: mlp_moelayer ,Total cycles spent on input grad comm: 47712
*******************
Layer id: mlp_moelayer
Total collectives issued for this layer: 2
*************************  Workload stats  ************************* mlp_moelayer
id: mlp_moelayer ,Total cycles spent on fwd pass compute: 1
id: mlp_moelayer ,Total cycles spent on weight grad compute: 1
id: mlp_moelayer ,Total cycles spent on input grad compute: 1
id: mlp_moelayer ,Total cycles spent idle waiting for fwd finish: 622788
id: mlp_moelayer ,Total cycles spent idle waiting for weight grad finish: 0
id: mlp_moelayer ,Total cycles spent idle waiting for input grad finish: 1169207
id: mlp_moelayer ,Total cycles spent on fwd pass comm: 622788
id: mlp_moelayer ,Total cycles spent on weight grad comm: 0
id: mlp_moelayer ,Total cycles spent on input grad comm: 1169207
*******************
Layer id: mlp_moelayer
Total collectives issued for this layer: 2
*************************  Workload stats  ************************* mlp_moelayer
id: mlp_moelayer ,Total cycles spent on fwd pass compute: 1
id: mlp_moelayer ,Total cycles spent on weight grad compute: 1
id: mlp_moelayer ,Total cycles spent on input grad compute: 1
id: mlp_moelayer ,Total cycles spent idle waiting for fwd finish: 356958
id: mlp_moelayer ,Total cycles spent idle waiting for weight grad finish: 0
id: mlp_moelayer ,Total cycles spent idle waiting for input grad finish: 23634
id: mlp_moelayer ,Total cycles spent on fwd pass comm: 356958
id: mlp_moelayer ,Total cycles spent on weight grad comm: 0
id: mlp_moelayer ,Total cycles spent on input grad comm: 23634
*******************
Layer id: attention_column
Total collectives issued for this layer: 1
*************************  Workload stats  ************************* attention_column
id: attention_column ,Total cycles spent on fwd pass compute: 1
id: attention_column ,Total cycles spent on weight grad compute: 1
id: attention_column ,Total cycles spent on input grad compute: 1
id: attention_column ,Total cycles spent idle waiting for fwd finish: 24420
id: attention_column ,Total cycles spent idle waiting for weight grad finish: 0
id: attention_column ,Total cycles spent idle waiting for input grad finish: 0
id: attention_column ,Total cycles spent on fwd pass comm: 24420
id: attention_column ,Total cycles spent on weight grad comm: 0
id: attention_column ,Total cycles spent on input grad comm: 0
*******************
Layer id: attention_row
Total collectives issued for this layer: 1
*************************  Workload stats  ************************* attention_row
id: attention_row ,Total cycles spent on fwd pass compute: 1
id: attention_row ,Total cycles spent on weight grad compute: 1
id: attention_row ,Total cycles spent on input grad compute: 1
id: attention_row ,Total cycles spent idle waiting for fwd finish: 24620
id: attention_row ,Total cycles spent idle waiting for weight grad finish: 0
id: attention_row ,Total cycles spent idle waiting for input grad finish: 0
id: attention_row ,Total cycles spent on fwd pass comm: 24620
id: attention_row ,Total cycles spent on weight grad comm: 0
id: attention_row ,Total cycles spent on input grad comm: 0
*******************
Layer id: mlp_moelayer
Total collectives issued for this layer: 2
*************************  Workload stats  ************************* mlp_moelayer
id: mlp_moelayer ,Total cycles spent on fwd pass compute: 1
id: mlp_moelayer ,Total cycles spent on weight grad compute: 1
id: mlp_moelayer ,Total cycles spent on input grad compute: 1
id: mlp_moelayer ,Total cycles spent idle waiting for fwd finish: 1220
id: mlp_moelayer ,Total cycles spent idle waiting for weight grad finish: 0
id: mlp_moelayer ,Total cycles spent idle waiting for input grad finish: 1210
id: mlp_moelayer ,Total cycles spent on fwd pass comm: 1220
id: mlp_moelayer ,Total cycles spent on weight grad comm: 0
id: mlp_moelayer ,Total cycles spent on input grad comm: 1210
*******************
Layer id: mlp_moelayer
Total collectives issued for this layer: 2
*************************  Workload stats  ************************* mlp_moelayer
id: mlp_moelayer ,Total cycles spent on fwd pass compute: 1
id: mlp_moelayer ,Total cycles spent on weight grad compute: 1
id: mlp_moelayer ,Total cycles spent on input grad compute: 1
id: mlp_moelayer ,Total cycles spent idle waiting for fwd finish: 12942
id: mlp_moelayer ,Total cycles spent idle waiting for weight grad finish: 0
id: mlp_moelayer ,Total cycles spent idle waiting for input grad finish: 279546
id: mlp_moelayer ,Total cycles spent on fwd pass comm: 12942
id: mlp_moelayer ,Total cycles spent on weight grad comm: 0
id: mlp_moelayer ,Total cycles spent on input grad comm: 279546
*******************
Layer id: mlp_moelayer
Total collectives issued for this layer: 2
*************************  Workload stats  ************************* mlp_moelayer
id: mlp_moelayer ,Total cycles spent on fwd pass compute: 1
id: mlp_moelayer ,Total cycles spent on weight grad compute: 1
id: mlp_moelayer ,Total cycles spent on input grad compute: 1
id: mlp_moelayer ,Total cycles spent idle waiting for fwd finish: 1067575
id: mlp_moelayer ,Total cycles spent idle waiting for weight grad finish: 0
id: mlp_moelayer ,Total cycles spent idle waiting for input grad finish: 183911
id: mlp_moelayer ,Total cycles spent on fwd pass comm: 1067575
id: mlp_moelayer ,Total cycles spent on weight grad comm: 0
id: mlp_moelayer ,Total cycles spent on input grad comm: 183911
*******************
Layer id: mlp_moelayer
Total collectives issued for this layer: 2
*************************  Workload stats  ************************* mlp_moelayer
id: mlp_moelayer ,Total cycles spent on fwd pass compute: 1
id: mlp_moelayer ,Total cycles spent on weight grad compute: 1
id: mlp_moelayer ,Total cycles spent on input grad compute: 1
id: mlp_moelayer ,Total cycles spent idle waiting for fwd finish: 67213
id: mlp_moelayer ,Total cycles spent idle waiting for weight grad finish: 0
id: mlp_moelayer ,Total cycles spent idle waiting for input grad finish: 94536
id: mlp_moelayer ,Total cycles spent on fwd pass comm: 67213
id: mlp_moelayer ,Total cycles spent on weight grad comm: 0
id: mlp_moelayer ,Total cycles spent on input grad comm: 94536
*******************
Layer id: mlp_moelayer
Total collectives issued for this layer: 2
*************************  Workload stats  ************************* mlp_moelayer
id: mlp_moelayer ,Total cycles spent on fwd pass compute: 1
id: mlp_moelayer ,Total cycles spent on weight grad compute: 1
id: mlp_moelayer ,Total cycles spent on input grad compute: 1
id: mlp_moelayer ,Total cycles spent idle waiting for fwd finish: 47730
id: mlp_moelayer ,Total cycles spent idle waiting for weight grad finish: 0
id: mlp_moelayer ,Total cycles spent idle waiting for input grad finish: 47712
id: mlp_moelayer ,Total cycles spent on fwd pass comm: 47730
id: mlp_moelayer ,Total cycles spent on weight grad comm: 0
id: mlp_moelayer ,Total cycles spent on input grad comm: 47712
*******************
Layer id: mlp_moelayer
Total collectives issued for this layer: 2
*************************  Workload stats  ************************* mlp_moelayer
id: mlp_moelayer ,Total cycles spent on fwd pass compute: 1
id: mlp_moelayer ,Total cycles spent on weight grad compute: 1
id: mlp_moelayer ,Total cycles spent on input grad compute: 1
id: mlp_moelayer ,Total cycles spent idle waiting for fwd finish: 1274853
id: mlp_moelayer ,Total cycles spent idle waiting for weight grad finish: 0
id: mlp_moelayer ,Total cycles spent idle waiting for input grad finish: 965213
id: mlp_moelayer ,Total cycles spent on fwd pass comm: 1274853
id: mlp_moelayer ,Total cycles spent on weight grad comm: 0
id: mlp_moelayer ,Total cycles spent on input grad comm: 965213
*******************
Layer id: mlp_moelayer
Total collectives issued for this layer: 2
*************************  Workload stats  ************************* mlp_moelayer
id: mlp_moelayer ,Total cycles spent on fwd pass compute: 1
id: mlp_moelayer ,Total cycles spent on weight grad compute: 1
id: mlp_moelayer ,Total cycles spent on input grad compute: 1
id: mlp_moelayer ,Total cycles spent idle waiting for fwd finish: 12760
id: mlp_moelayer ,Total cycles spent idle waiting for weight grad finish: 0
id: mlp_moelayer ,Total cycles spent idle waiting for input grad finish: 12790
id: mlp_moelayer ,Total cycles spent on fwd pass comm: 12760
id: mlp_moelayer ,Total cycles spent on weight grad comm: 0
id: mlp_moelayer ,Total cycles spent on input grad comm: 12790
*******************
Layer id: attention_column
Total collectives issued for this layer: 1
*************************  Workload stats  ************************* attention_column
id: attention_column ,Total cycles spent on fwd pass compute: 1
id: attention_column ,Total cycles spent on weight grad compute: 1
id: attention_column ,Total cycles spent on input grad compute: 1
id: attention_column ,Total cycles spent idle waiting for fwd finish: 25720
id: attention_column ,Total cycles spent idle waiting for weight grad finish: 0
id: attention_column ,Total cycles spent idle waiting for input grad finish: 0
id: attention_column ,Total cycles spent on fwd pass comm: 25720
id: attention_column ,Total cycles spent on weight grad comm: 0
id: attention_column ,Total cycles spent on input grad comm: 0
*******************
Layer id: attention_row
Total collectives issued for this layer: 1
*************************  Workload stats  ************************* attention_row
id: attention_row ,Total cycles spent on fwd pass compute: 1
id: attention_row ,Total cycles spent on weight grad compute: 1
id: attention_row ,Total cycles spent on input grad compute: 1
id: attention_row ,Total cycles spent idle waiting for fwd finish: 29605
id: attention_row ,Total cycles spent idle waiting for weight grad finish: 0
id: attention_row ,Total cycles spent idle waiting for input grad finish: 0
id: attention_row ,Total cycles spent on fwd pass comm: 29605
id: attention_row ,Total cycles spent on weight grad comm: 0
id: attention_row ,Total cycles spent on input grad comm: 0
*******************
Layer id: mlp_moelayer
Total collectives issued for this layer: 2
*************************  Workload stats  ************************* mlp_moelayer
id: mlp_moelayer ,Total cycles spent on fwd pass compute: 1
id: mlp_moelayer ,Total cycles spent on weight grad compute: 1
id: mlp_moelayer ,Total cycles spent on input grad compute: 1
id: mlp_moelayer ,Total cycles spent idle waiting for fwd finish: 1522
id: mlp_moelayer ,Total cycles spent idle waiting for weight grad finish: 0
id: mlp_moelayer ,Total cycles spent idle waiting for input grad finish: 1402
id: mlp_moelayer ,Total cycles spent on fwd pass comm: 1522
id: mlp_moelayer ,Total cycles spent on weight grad comm: 0
id: mlp_moelayer ,Total cycles spent on input grad comm: 1402
*******************
Layer id: mlp_moelayer
Total collectives issued for this layer: 2
*************************  Workload stats  ************************* mlp_moelayer
id: mlp_moelayer ,Total cycles spent on fwd pass compute: 1
id: mlp_moelayer ,Total cycles spent on weight grad compute: 1
id: mlp_moelayer ,Total cycles spent on input grad compute: 1
id: mlp_moelayer ,Total cycles spent idle waiting for fwd finish: 17335
id: mlp_moelayer ,Total cycles spent idle waiting for weight grad finish: 0
id: mlp_moelayer ,Total cycles spent idle waiting for input grad finish: 12760
id: mlp_moelayer ,Total cycles spent on fwd pass comm: 17335
id: mlp_moelayer ,Total cycles spent on weight grad comm: 0
id: mlp_moelayer ,Total cycles spent on input grad comm: 12760
*******************
Layer id: mlp_moelayer
Total collectives issued for this layer: 2
*************************  Workload stats  ************************* mlp_moelayer
id: mlp_moelayer ,Total cycles spent on fwd pass compute: 1
id: mlp_moelayer ,Total cycles spent on weight grad compute: 1
id: mlp_moelayer ,Total cycles spent on input grad compute: 1
id: mlp_moelayer ,Total cycles spent idle waiting for fwd finish: 1281893
id: mlp_moelayer ,Total cycles spent idle waiting for weight grad finish: 0
id: mlp_moelayer ,Total cycles spent idle waiting for input grad finish: 1193083
id: mlp_moelayer ,Total cycles spent on fwd pass comm: 1281893
id: mlp_moelayer ,Total cycles spent on weight grad comm: 0
id: mlp_moelayer ,Total cycles spent on input grad comm: 1193083
*******************
Layer id: mlp_moelayer
Total collectives issued for this layer: 2
*************************  Workload stats  ************************* mlp_moelayer
id: mlp_moelayer ,Total cycles spent on fwd pass compute: 1
id: mlp_moelayer ,Total cycles spent on weight grad compute: 1
id: mlp_moelayer ,Total cycles spent on input grad compute: 1
id: mlp_moelayer ,Total cycles spent idle waiting for fwd finish: 68651
id: mlp_moelayer ,Total cycles spent idle waiting for weight grad finish: 0
id: mlp_moelayer ,Total cycles spent idle waiting for input grad finish: 94316
id: mlp_moelayer ,Total cycles spent on fwd pass comm: 68651
id: mlp_moelayer ,Total cycles spent on weight grad comm: 0
id: mlp_moelayer ,Total cycles spent on input grad comm: 94316
*******************
Layer id: mlp_moelayer
Total collectives issued for this layer: 2
*************************  Workload stats  ************************* mlp_moelayer
id: mlp_moelayer ,Total cycles spent on fwd pass compute: 1
id: mlp_moelayer ,Total cycles spent on weight grad compute: 1
id: mlp_moelayer ,Total cycles spent on input grad compute: 1
id: mlp_moelayer ,Total cycles spent idle waiting for fwd finish: 53597
id: mlp_moelayer ,Total cycles spent idle waiting for weight grad finish: 0
id: mlp_moelayer ,Total cycles spent idle waiting for input grad finish: 170723
id: mlp_moelayer ,Total cycles spent on fwd pass comm: 53597
id: mlp_moelayer ,Total cycles spent on weight grad comm: 0
id: mlp_moelayer ,Total cycles spent on input grad comm: 170723
*******************
Layer id: mlp_moelayer
Total collectives issued for this layer: 2
*************************  Workload stats  ************************* mlp_moelayer
id: mlp_moelayer ,Total cycles spent on fwd pass compute: 1
id: mlp_moelayer ,Total cycles spent on weight grad compute: 1
id: mlp_moelayer ,Total cycles spent on input grad compute: 1
id: mlp_moelayer ,Total cycles spent idle waiting for fwd finish: 1003833
id: mlp_moelayer ,Total cycles spent idle waiting for weight grad finish: 0
id: mlp_moelayer ,Total cycles spent idle waiting for input grad finish: 322106
id: mlp_moelayer ,Total cycles spent on fwd pass comm: 1003833
id: mlp_moelayer ,Total cycles spent on weight grad comm: 0
id: mlp_moelayer ,Total cycles spent on input grad comm: 322106
*******************
Layer id: mlp_moelayer
Total collectives issued for this layer: 2
*************************  Workload stats  ************************* mlp_moelayer
id: mlp_moelayer ,Total cycles spent on fwd pass compute: 1
id: mlp_moelayer ,Total cycles spent on weight grad compute: 1
id: mlp_moelayer ,Total cycles spent on input grad compute: 1
id: mlp_moelayer ,Total cycles spent idle waiting for fwd finish: 12760
id: mlp_moelayer ,Total cycles spent idle waiting for weight grad finish: 0
id: mlp_moelayer ,Total cycles spent idle waiting for input grad finish: 12962
id: mlp_moelayer ,Total cycles spent on fwd pass comm: 12760
id: mlp_moelayer ,Total cycles spent on weight grad comm: 0
id: mlp_moelayer ,Total cycles spent on input grad comm: 12962
*******************
Layer id: attention_column
Total collectives issued for this layer: 1
*************************  Workload stats  ************************* attention_column
id: attention_column ,Total cycles spent on fwd pass compute: 1
id: attention_column ,Total cycles spent on weight grad compute: 1
id: attention_column ,Total cycles spent on input grad compute: 1
id: attention_column ,Total cycles spent idle waiting for fwd finish: 24630
id: attention_column ,Total cycles spent idle waiting for weight grad finish: 0
id: attention_column ,Total cycles spent idle waiting for input grad finish: 0
id: attention_column ,Total cycles spent on fwd pass comm: 24630
id: attention_column ,Total cycles spent on weight grad comm: 0
id: attention_column ,Total cycles spent on input grad comm: 0
*******************
Layer id: attention_row
Total collectives issued for this layer: 1
*************************  Workload stats  ************************* attention_row
id: attention_row ,Total cycles spent on fwd pass compute: 1
id: attention_row ,Total cycles spent on weight grad compute: 1
id: attention_row ,Total cycles spent on input grad compute: 1
id: attention_row ,Total cycles spent idle waiting for fwd finish: 24430
id: attention_row ,Total cycles spent idle waiting for weight grad finish: 0
id: attention_row ,Total cycles spent idle waiting for input grad finish: 0
id: attention_row ,Total cycles spent on fwd pass comm: 24430
id: attention_row ,Total cycles spent on weight grad comm: 0
id: attention_row ,Total cycles spent on input grad comm: 0
*******************
Layer id: mlp_moelayer
Total collectives issued for this layer: 2
*************************  Workload stats  ************************* mlp_moelayer
id: mlp_moelayer ,Total cycles spent on fwd pass compute: 1
id: mlp_moelayer ,Total cycles spent on weight grad compute: 1
id: mlp_moelayer ,Total cycles spent on input grad compute: 1
id: mlp_moelayer ,Total cycles spent idle waiting for fwd finish: 1382
id: mlp_moelayer ,Total cycles spent idle waiting for weight grad finish: 0
id: mlp_moelayer ,Total cycles spent idle waiting for input grad finish: 1200
id: mlp_moelayer ,Total cycles spent on fwd pass comm: 1382
id: mlp_moelayer ,Total cycles spent on weight grad comm: 0
id: mlp_moelayer ,Total cycles spent on input grad comm: 1200
*******************
Layer id: mlp_moelayer
Total collectives issued for this layer: 2
*************************  Workload stats  ************************* mlp_moelayer
id: mlp_moelayer ,Total cycles spent on fwd pass compute: 1
id: mlp_moelayer ,Total cycles spent on weight grad compute: 1
id: mlp_moelayer ,Total cycles spent on input grad compute: 1
id: mlp_moelayer ,Total cycles spent idle waiting for fwd finish: 14250
id: mlp_moelayer ,Total cycles spent idle waiting for weight grad finish: 0
id: mlp_moelayer ,Total cycles spent idle waiting for input grad finish: 627601
id: mlp_moelayer ,Total cycles spent on fwd pass comm: 14250
id: mlp_moelayer ,Total cycles spent on weight grad comm: 0
id: mlp_moelayer ,Total cycles spent on input grad comm: 627601
*******************
Layer id: mlp_moelayer
Total collectives issued for this layer: 2
*************************  Workload stats  ************************* mlp_moelayer
id: mlp_moelayer ,Total cycles spent on fwd pass compute: 1
id: mlp_moelayer ,Total cycles spent on weight grad compute: 1
id: mlp_moelayer ,Total cycles spent on input grad compute: 1
id: mlp_moelayer ,Total cycles spent idle waiting for fwd finish: 955211
id: mlp_moelayer ,Total cycles spent idle waiting for weight grad finish: 0
id: mlp_moelayer ,Total cycles spent idle waiting for input grad finish: 428083
id: mlp_moelayer ,Total cycles spent on fwd pass comm: 955211
id: mlp_moelayer ,Total cycles spent on weight grad comm: 0
id: mlp_moelayer ,Total cycles spent on input grad comm: 428083
*******************
Layer id: mlp_moelayer
Total collectives issued for this layer: 2
*************************  Workload stats  ************************* mlp_moelayer
id: mlp_moelayer ,Total cycles spent on fwd pass compute: 1
id: mlp_moelayer ,Total cycles spent on weight grad compute: 1
id: mlp_moelayer ,Total cycles spent on input grad compute: 1
id: mlp_moelayer ,Total cycles spent idle waiting for fwd finish: 206752
id: mlp_moelayer ,Total cycles spent idle waiting for weight grad finish: 0
id: mlp_moelayer ,Total cycles spent idle waiting for input grad finish: 100201
id: mlp_moelayer ,Total cycles spent on fwd pass comm: 206752
id: mlp_moelayer ,Total cycles spent on weight grad comm: 0
id: mlp_moelayer ,Total cycles spent on input grad comm: 100201
*******************
Layer id: mlp_moelayer
Total collectives issued for this layer: 2
*************************  Workload stats  ************************* mlp_moelayer
id: mlp_moelayer ,Total cycles spent on fwd pass compute: 1
id: mlp_moelayer ,Total cycles spent on weight grad compute: 1
id: mlp_moelayer ,Total cycles spent on input grad compute: 1
id: mlp_moelayer ,Total cycles spent idle waiting for fwd finish: 51082
id: mlp_moelayer ,Total cycles spent idle waiting for weight grad finish: 0
id: mlp_moelayer ,Total cycles spent idle waiting for input grad finish: 64649
id: mlp_moelayer ,Total cycles spent on fwd pass comm: 51082
id: mlp_moelayer ,Total cycles spent on weight grad comm: 0
id: mlp_moelayer ,Total cycles spent on input grad comm: 64649
*******************
Layer id: mlp_moelayer
Total collectives issued for this layer: 2
*************************  Workload stats  ************************* mlp_moelayer
id: mlp_moelayer ,Total cycles spent on fwd pass compute: 1
id: mlp_moelayer ,Total cycles spent on weight grad compute: 1
id: mlp_moelayer ,Total cycles spent on input grad compute: 1
id: mlp_moelayer ,Total cycles spent idle waiting for fwd finish: 964326
id: mlp_moelayer ,Total cycles spent idle waiting for weight grad finish: 0
id: mlp_moelayer ,Total cycles spent idle waiting for input grad finish: 1003609
id: mlp_moelayer ,Total cycles spent on fwd pass comm: 964326
id: mlp_moelayer ,Total cycles spent on weight grad comm: 0
id: mlp_moelayer ,Total cycles spent on input grad comm: 1003609
*******************
Layer id: mlp_moelayer
Total collectives issued for this layer: 2
*************************  Workload stats  ************************* mlp_moelayer
id: mlp_moelayer ,Total cycles spent on fwd pass compute: 1
id: mlp_moelayer ,Total cycles spent on weight grad compute: 1
id: mlp_moelayer ,Total cycles spent on input grad compute: 1
id: mlp_moelayer ,Total cycles spent idle waiting for fwd finish: 248983
id: mlp_moelayer ,Total cycles spent idle waiting for weight grad finish: 0
id: mlp_moelayer ,Total cycles spent idle waiting for input grad finish: 17580
id: mlp_moelayer ,Total cycles spent on fwd pass comm: 248983
id: mlp_moelayer ,Total cycles spent on weight grad comm: 0
id: mlp_moelayer ,Total cycles spent on input grad comm: 17580
*******************
Layer id: attention_column
Total collectives issued for this layer: 1
*************************  Workload stats  ************************* attention_column
id: attention_column ,Total cycles spent on fwd pass compute: 1
id: attention_column ,Total cycles spent on weight grad compute: 1
id: attention_column ,Total cycles spent on input grad compute: 1
id: attention_column ,Total cycles spent idle waiting for fwd finish: 28355
id: attention_column ,Total cycles spent idle waiting for weight grad finish: 0
id: attention_column ,Total cycles spent idle waiting for input grad finish: 0
id: attention_column ,Total cycles spent on fwd pass comm: 28355
id: attention_column ,Total cycles spent on weight grad comm: 0
id: attention_column ,Total cycles spent on input grad comm: 0
*******************
Layer id: attention_row
Total collectives issued for this layer: 1
*************************  Workload stats  ************************* attention_row
id: attention_row ,Total cycles spent on fwd pass compute: 1
id: attention_row ,Total cycles spent on weight grad compute: 1
id: attention_row ,Total cycles spent on input grad compute: 1
id: attention_row ,Total cycles spent idle waiting for fwd finish: 33885
id: attention_row ,Total cycles spent idle waiting for weight grad finish: 0
id: attention_row ,Total cycles spent idle waiting for input grad finish: 0
id: attention_row ,Total cycles spent on fwd pass comm: 33885
id: attention_row ,Total cycles spent on weight grad comm: 0
id: attention_row ,Total cycles spent on input grad comm: 0
*******************
Layer id: mlp_moelayer
Total collectives issued for this layer: 2
*************************  Workload stats  ************************* mlp_moelayer
id: mlp_moelayer ,Total cycles spent on fwd pass compute: 1
id: mlp_moelayer ,Total cycles spent on weight grad compute: 1
id: mlp_moelayer ,Total cycles spent on input grad compute: 1
id: mlp_moelayer ,Total cycles spent idle waiting for fwd finish: 1182
id: mlp_moelayer ,Total cycles spent idle waiting for weight grad finish: 0
id: mlp_moelayer ,Total cycles spent idle waiting for input grad finish: 1402
id: mlp_moelayer ,Total cycles spent on fwd pass comm: 1182
id: mlp_moelayer ,Total cycles spent on weight grad comm: 0
id: mlp_moelayer ,Total cycles spent on input grad comm: 1402
*******************
Layer id: mlp_moelayer
Total collectives issued for this layer: 2
*************************  Workload stats  ************************* mlp_moelayer
id: mlp_moelayer ,Total cycles spent on fwd pass compute: 1
id: mlp_moelayer ,Total cycles spent on weight grad compute: 1
id: mlp_moelayer ,Total cycles spent on input grad compute: 1
id: mlp_moelayer ,Total cycles spent idle waiting for fwd finish: 15415
id: mlp_moelayer ,Total cycles spent idle waiting for weight grad finish: 0
id: mlp_moelayer ,Total cycles spent idle waiting for input grad finish: 12760
id: mlp_moelayer ,Total cycles spent on fwd pass comm: 15415
id: mlp_moelayer ,Total cycles spent on weight grad comm: 0
id: mlp_moelayer ,Total cycles spent on input grad comm: 12760
*******************
Layer id: mlp_moelayer
Total collectives issued for this layer: 2
*************************  Workload stats  ************************* mlp_moelayer
id: mlp_moelayer ,Total cycles spent on fwd pass compute: 1
id: mlp_moelayer ,Total cycles spent on weight grad compute: 1
id: mlp_moelayer ,Total cycles spent on input grad compute: 1
id: mlp_moelayer ,Total cycles spent idle waiting for fwd finish: 986319
id: mlp_moelayer ,Total cycles spent idle waiting for weight grad finish: 0
id: mlp_moelayer ,Total cycles spent idle waiting for input grad finish: 1365821
id: mlp_moelayer ,Total cycles spent on fwd pass comm: 986319
id: mlp_moelayer ,Total cycles spent on weight grad comm: 0
id: mlp_moelayer ,Total cycles spent on input grad comm: 1365821
*******************
Layer id: mlp_moelayer
Total collectives issued for this layer: 2
*************************  Workload stats  ************************* mlp_moelayer
id: mlp_moelayer ,Total cycles spent on fwd pass compute: 1
id: mlp_moelayer ,Total cycles spent on weight grad compute: 1
id: mlp_moelayer ,Total cycles spent on input grad compute: 1
id: mlp_moelayer ,Total cycles spent idle waiting for fwd finish: 184216
id: mlp_moelayer ,Total cycles spent idle waiting for weight grad finish: 0
id: mlp_moelayer ,Total cycles spent idle waiting for input grad finish: 94330
id: mlp_moelayer ,Total cycles spent on fwd pass comm: 184216
id: mlp_moelayer ,Total cycles spent on weight grad comm: 0
id: mlp_moelayer ,Total cycles spent on input grad comm: 94330
*******************
Layer id: mlp_moelayer
Total collectives issued for this layer: 2
*************************  Workload stats  ************************* mlp_moelayer
id: mlp_moelayer ,Total cycles spent on fwd pass compute: 1
id: mlp_moelayer ,Total cycles spent on weight grad compute: 1
id: mlp_moelayer ,Total cycles spent on input grad compute: 1
id: mlp_moelayer ,Total cycles spent idle waiting for fwd finish: 47730
id: mlp_moelayer ,Total cycles spent idle waiting for weight grad finish: 0
id: mlp_moelayer ,Total cycles spent idle waiting for input grad finish: 119026
id: mlp_moelayer ,Total cycles spent on fwd pass comm: 47730
id: mlp_moelayer ,Total cycles spent on weight grad comm: 0
id: mlp_moelayer ,Total cycles spent on input grad comm: 119026
*******************
Layer id: mlp_moelayer
Total collectives issued for this layer: 2
*************************  Workload stats  ************************* mlp_moelayer
id: mlp_moelayer ,Total cycles spent on fwd pass compute: 1
id: mlp_moelayer ,Total cycles spent on weight grad compute: 1
id: mlp_moelayer ,Total cycles spent on input grad compute: 1
id: mlp_moelayer ,Total cycles spent idle waiting for fwd finish: 1099095
id: mlp_moelayer ,Total cycles spent idle waiting for weight grad finish: 0
id: mlp_moelayer ,Total cycles spent idle waiting for input grad finish: 1020859
id: mlp_moelayer ,Total cycles spent on fwd pass comm: 1099095
id: mlp_moelayer ,Total cycles spent on weight grad comm: 0
id: mlp_moelayer ,Total cycles spent on input grad comm: 1020859
*******************
Layer id: mlp_moelayer
Total collectives issued for this layer: 2
*************************  Workload stats  ************************* mlp_moelayer
id: mlp_moelayer ,Total cycles spent on fwd pass compute: 1
id: mlp_moelayer ,Total cycles spent on weight grad compute: 1
id: mlp_moelayer ,Total cycles spent on input grad compute: 1
id: mlp_moelayer ,Total cycles spent idle waiting for fwd finish: 179600
id: mlp_moelayer ,Total cycles spent idle waiting for weight grad finish: 0
id: mlp_moelayer ,Total cycles spent idle waiting for input grad finish: 17405
id: mlp_moelayer ,Total cycles spent on fwd pass comm: 179600
id: mlp_moelayer ,Total cycles spent on weight grad comm: 0
id: mlp_moelayer ,Total cycles spent on input grad comm: 17405
*******************
Layer id: attention_column
Total collectives issued for this layer: 1
*************************  Workload stats  ************************* attention_column
id: attention_column ,Total cycles spent on fwd pass compute: 1
id: attention_column ,Total cycles spent on weight grad compute: 1
id: attention_column ,Total cycles spent on input grad compute: 1
id: attention_column ,Total cycles spent idle waiting for fwd finish: 24420
id: attention_column ,Total cycles spent idle waiting for weight grad finish: 0
id: attention_column ,Total cycles spent idle waiting for input grad finish: 0
id: attention_column ,Total cycles spent on fwd pass comm: 24420
id: attention_column ,Total cycles spent on weight grad comm: 0
id: attention_column ,Total cycles spent on input grad comm: 0
*******************
Layer id: attention_row
Total collectives issued for this layer: 1
*************************  Workload stats  ************************* attention_row
id: attention_row ,Total cycles spent on fwd pass compute: 1
id: attention_row ,Total cycles spent on weight grad compute: 1
id: attention_row ,Total cycles spent on input grad compute: 1
id: attention_row ,Total cycles spent idle waiting for fwd finish: 24620
id: attention_row ,Total cycles spent idle waiting for weight grad finish: 0
id: attention_row ,Total cycles spent idle waiting for input grad finish: 0
id: attention_row ,Total cycles spent on fwd pass comm: 24620
id: attention_row ,Total cycles spent on weight grad comm: 0
id: attention_row ,Total cycles spent on input grad comm: 0
*******************
Layer id: mlp_moelayer
Total collectives issued for this layer: 2
*************************  Workload stats  ************************* mlp_moelayer
id: mlp_moelayer ,Total cycles spent on fwd pass compute: 1
id: mlp_moelayer ,Total cycles spent on weight grad compute: 1
id: mlp_moelayer ,Total cycles spent on input grad compute: 1
id: mlp_moelayer ,Total cycles spent idle waiting for fwd finish: 1220
id: mlp_moelayer ,Total cycles spent idle waiting for weight grad finish: 0
id: mlp_moelayer ,Total cycles spent idle waiting for input grad finish: 2304
id: mlp_moelayer ,Total cycles spent on fwd pass comm: 1220
id: mlp_moelayer ,Total cycles spent on weight grad comm: 0
id: mlp_moelayer ,Total cycles spent on input grad comm: 2304
*******************
Layer id: mlp_moelayer
Total collectives issued for this layer: 2
*************************  Workload stats  ************************* mlp_moelayer
id: mlp_moelayer ,Total cycles spent on fwd pass compute: 1
id: mlp_moelayer ,Total cycles spent on weight grad compute: 1
id: mlp_moelayer ,Total cycles spent on input grad compute: 1
id: mlp_moelayer ,Total cycles spent idle waiting for fwd finish: 12942
id: mlp_moelayer ,Total cycles spent idle waiting for weight grad finish: 0
id: mlp_moelayer ,Total cycles spent idle waiting for input grad finish: 15319
id: mlp_moelayer ,Total cycles spent on fwd pass comm: 12942
id: mlp_moelayer ,Total cycles spent on weight grad comm: 0
id: mlp_moelayer ,Total cycles spent on input grad comm: 15319
*******************
Layer id: mlp_moelayer
Total collectives issued for this layer: 2
*************************  Workload stats  ************************* mlp_moelayer
id: mlp_moelayer ,Total cycles spent on fwd pass compute: 1
id: mlp_moelayer ,Total cycles spent on weight grad compute: 1
id: mlp_moelayer ,Total cycles spent on input grad compute: 1
id: mlp_moelayer ,Total cycles spent idle waiting for fwd finish: 1038796
id: mlp_moelayer ,Total cycles spent idle waiting for weight grad finish: 0
id: mlp_moelayer ,Total cycles spent idle waiting for input grad finish: 1277273
id: mlp_moelayer ,Total cycles spent on fwd pass comm: 1038796
id: mlp_moelayer ,Total cycles spent on weight grad comm: 0
id: mlp_moelayer ,Total cycles spent on input grad comm: 1277273
*******************
Layer id: mlp_moelayer
Total collectives issued for this layer: 2
*************************  Workload stats  ************************* mlp_moelayer
id: mlp_moelayer ,Total cycles spent on fwd pass compute: 1
id: mlp_moelayer ,Total cycles spent on weight grad compute: 1
id: mlp_moelayer ,Total cycles spent on input grad compute: 1
id: mlp_moelayer ,Total cycles spent idle waiting for fwd finish: 251119
id: mlp_moelayer ,Total cycles spent idle waiting for weight grad finish: 0
id: mlp_moelayer ,Total cycles spent idle waiting for input grad finish: 102496
id: mlp_moelayer ,Total cycles spent on fwd pass comm: 251119
id: mlp_moelayer ,Total cycles spent on weight grad comm: 0
id: mlp_moelayer ,Total cycles spent on input grad comm: 102496
*******************
Layer id: mlp_moelayer
Total collectives issued for this layer: 2
*************************  Workload stats  ************************* mlp_moelayer
id: mlp_moelayer ,Total cycles spent on fwd pass compute: 1
id: mlp_moelayer ,Total cycles spent on weight grad compute: 1
id: mlp_moelayer ,Total cycles spent on input grad compute: 1
id: mlp_moelayer ,Total cycles spent idle waiting for fwd finish: 65247
id: mlp_moelayer ,Total cycles spent idle waiting for weight grad finish: 0
id: mlp_moelayer ,Total cycles spent idle waiting for input grad finish: 47712
id: mlp_moelayer ,Total cycles spent on fwd pass comm: 65247
id: mlp_moelayer ,Total cycles spent on weight grad comm: 0
id: mlp_moelayer ,Total cycles spent on input grad comm: 47712
*******************
Layer id: mlp_moelayer
Total collectives issued for this layer: 2
*************************  Workload stats  ************************* mlp_moelayer
id: mlp_moelayer ,Total cycles spent on fwd pass compute: 1
id: mlp_moelayer ,Total cycles spent on weight grad compute: 1
id: mlp_moelayer ,Total cycles spent on input grad compute: 1
id: mlp_moelayer ,Total cycles spent idle waiting for fwd finish: 1088302
id: mlp_moelayer ,Total cycles spent idle waiting for weight grad finish: 0
id: mlp_moelayer ,Total cycles spent idle waiting for input grad finish: 1129198
id: mlp_moelayer ,Total cycles spent on fwd pass comm: 1088302
id: mlp_moelayer ,Total cycles spent on weight grad comm: 0
id: mlp_moelayer ,Total cycles spent on input grad comm: 1129198
*******************
Layer id: mlp_moelayer
Total collectives issued for this layer: 2
*************************  Workload stats  ************************* mlp_moelayer
id: mlp_moelayer ,Total cycles spent on fwd pass compute: 1
id: mlp_moelayer ,Total cycles spent on weight grad compute: 1
id: mlp_moelayer ,Total cycles spent on input grad compute: 1
id: mlp_moelayer ,Total cycles spent idle waiting for fwd finish: 225972
id: mlp_moelayer ,Total cycles spent idle waiting for weight grad finish: 0
id: mlp_moelayer ,Total cycles spent idle waiting for input grad finish: 12790
id: mlp_moelayer ,Total cycles spent on fwd pass comm: 225972
id: mlp_moelayer ,Total cycles spent on weight grad comm: 0
id: mlp_moelayer ,Total cycles spent on input grad comm: 12790
*******************
Layer id: attention_column
Total collectives issued for this layer: 1
*************************  Workload stats  ************************* attention_column
id: attention_column ,Total cycles spent on fwd pass compute: 1
id: attention_column ,Total cycles spent on weight grad compute: 1
id: attention_column ,Total cycles spent on input grad compute: 1
id: attention_column ,Total cycles spent idle waiting for fwd finish: 24420
id: attention_column ,Total cycles spent idle waiting for weight grad finish: 0
id: attention_column ,Total cycles spent idle waiting for input grad finish: 0
id: attention_column ,Total cycles spent on fwd pass comm: 24420
id: attention_column ,Total cycles spent on weight grad comm: 0
id: attention_column ,Total cycles spent on input grad comm: 0
*******************
Layer id: attention_row
Total collectives issued for this layer: 1
*************************  Workload stats  ************************* attention_row
id: attention_row ,Total cycles spent on fwd pass compute: 1
id: attention_row ,Total cycles spent on weight grad compute: 1
id: attention_row ,Total cycles spent on input grad compute: 1
id: attention_row ,Total cycles spent idle waiting for fwd finish: 24620
id: attention_row ,Total cycles spent idle waiting for weight grad finish: 0
id: attention_row ,Total cycles spent idle waiting for input grad finish: 0
id: attention_row ,Total cycles spent on fwd pass comm: 24620
id: attention_row ,Total cycles spent on weight grad comm: 0
id: attention_row ,Total cycles spent on input grad comm: 0
*******************
Layer id: mlp_moelayer
Total collectives issued for this layer: 2
*************************  Workload stats  ************************* mlp_moelayer
id: mlp_moelayer ,Total cycles spent on fwd pass compute: 1
id: mlp_moelayer ,Total cycles spent on weight grad compute: 1
id: mlp_moelayer ,Total cycles spent on input grad compute: 1
id: mlp_moelayer ,Total cycles spent idle waiting for fwd finish: 1220
id: mlp_moelayer ,Total cycles spent idle waiting for weight grad finish: 0
id: mlp_moelayer ,Total cycles spent idle waiting for input grad finish: 1402
id: mlp_moelayer ,Total cycles spent on fwd pass comm: 1220
id: mlp_moelayer ,Total cycles spent on weight grad comm: 0
id: mlp_moelayer ,Total cycles spent on input grad comm: 1402
*******************
Layer id: mlp_moelayer
Total collectives issued for this layer: 2
*************************  Workload stats  ************************* mlp_moelayer
id: mlp_moelayer ,Total cycles spent on fwd pass compute: 1
id: mlp_moelayer ,Total cycles spent on weight grad compute: 1
id: mlp_moelayer ,Total cycles spent on input grad compute: 1
id: mlp_moelayer ,Total cycles spent idle waiting for fwd finish: 12942
id: mlp_moelayer ,Total cycles spent idle waiting for weight grad finish: 0
id: mlp_moelayer ,Total cycles spent idle waiting for input grad finish: 12760
id: mlp_moelayer ,Total cycles spent on fwd pass comm: 12942
id: mlp_moelayer ,Total cycles spent on weight grad comm: 0
id: mlp_moelayer ,Total cycles spent on input grad comm: 12760
*******************
Layer id: mlp_moelayer
Total collectives issued for this layer: 2
*************************  Workload stats  ************************* mlp_moelayer
id: mlp_moelayer ,Total cycles spent on fwd pass compute: 1
id: mlp_moelayer ,Total cycles spent on weight grad compute: 1
id: mlp_moelayer ,Total cycles spent on input grad compute: 1
id: mlp_moelayer ,Total cycles spent idle waiting for fwd finish: 254751
id: mlp_moelayer ,Total cycles spent idle waiting for weight grad finish: 0
id: mlp_moelayer ,Total cycles spent idle waiting for input grad finish: 1243943
id: mlp_moelayer ,Total cycles spent on fwd pass comm: 254751
id: mlp_moelayer ,Total cycles spent on weight grad comm: 0
id: mlp_moelayer ,Total cycles spent on input grad comm: 1243943
*******************
Layer id: mlp_moelayer
Total collectives issued for this layer: 2
*************************  Workload stats  ************************* mlp_moelayer
id: mlp_moelayer ,Total cycles spent on fwd pass compute: 1
id: mlp_moelayer ,Total cycles spent on weight grad compute: 1
id: mlp_moelayer ,Total cycles spent on input grad compute: 1
id: mlp_moelayer ,Total cycles spent idle waiting for fwd finish: 613954
id: mlp_moelayer ,Total cycles spent idle waiting for weight grad finish: 0
id: mlp_moelayer ,Total cycles spent idle waiting for input grad finish: 107256
id: mlp_moelayer ,Total cycles spent on fwd pass comm: 613954
id: mlp_moelayer ,Total cycles spent on weight grad comm: 0
id: mlp_moelayer ,Total cycles spent on input grad comm: 107256
*******************
Layer id: mlp_moelayer
Total collectives issued for this layer: 2
*************************  Workload stats  ************************* mlp_moelayer
id: mlp_moelayer ,Total cycles spent on fwd pass compute: 1
id: mlp_moelayer ,Total cycles spent on weight grad compute: 1
id: mlp_moelayer ,Total cycles spent on input grad compute: 1
id: mlp_moelayer ,Total cycles spent idle waiting for fwd finish: 47730
id: mlp_moelayer ,Total cycles spent idle waiting for weight grad finish: 0
id: mlp_moelayer ,Total cycles spent idle waiting for input grad finish: 47712
id: mlp_moelayer ,Total cycles spent on fwd pass comm: 47730
id: mlp_moelayer ,Total cycles spent on weight grad comm: 0
id: mlp_moelayer ,Total cycles spent on input grad comm: 47712
*******************
Layer id: mlp_moelayer
Total collectives issued for this layer: 2
*************************  Workload stats  ************************* mlp_moelayer
id: mlp_moelayer ,Total cycles spent on fwd pass compute: 1
id: mlp_moelayer ,Total cycles spent on weight grad compute: 1
id: mlp_moelayer ,Total cycles spent on input grad compute: 1
id: mlp_moelayer ,Total cycles spent idle waiting for fwd finish: 660303
id: mlp_moelayer ,Total cycles spent idle waiting for weight grad finish: 0
id: mlp_moelayer ,Total cycles spent idle waiting for input grad finish: 1218724
id: mlp_moelayer ,Total cycles spent on fwd pass comm: 660303
id: mlp_moelayer ,Total cycles spent on weight grad comm: 0
id: mlp_moelayer ,Total cycles spent on input grad comm: 1218724
*******************
Layer id: mlp_moelayer
Total collectives issued for this layer: 2
*************************  Workload stats  ************************* mlp_moelayer
id: mlp_moelayer ,Total cycles spent on fwd pass compute: 1
id: mlp_moelayer ,Total cycles spent on weight grad compute: 1
id: mlp_moelayer ,Total cycles spent on input grad compute: 1
id: mlp_moelayer ,Total cycles spent idle waiting for fwd finish: 567255
id: mlp_moelayer ,Total cycles spent idle waiting for weight grad finish: 0
id: mlp_moelayer ,Total cycles spent idle waiting for input grad finish: 13010
id: mlp_moelayer ,Total cycles spent on fwd pass comm: 567255
id: mlp_moelayer ,Total cycles spent on weight grad comm: 0
id: mlp_moelayer ,Total cycles spent on input grad comm: 13010
*******************
Layer id: attention_column
Total collectives issued for this layer: 1
*************************  Workload stats  ************************* attention_column
id: attention_column ,Total cycles spent on fwd pass compute: 1
id: attention_column ,Total cycles spent on weight grad compute: 1
id: attention_column ,Total cycles spent on input grad compute: 1
id: attention_column ,Total cycles spent idle waiting for fwd finish: 30295
id: attention_column ,Total cycles spent idle waiting for weight grad finish: 0
id: attention_column ,Total cycles spent idle waiting for input grad finish: 0
id: attention_column ,Total cycles spent on fwd pass comm: 30295
id: attention_column ,Total cycles spent on weight grad comm: 0
id: attention_column ,Total cycles spent on input grad comm: 0
*******************
Layer id: attention_row
Total collectives issued for this layer: 1
*************************  Workload stats  ************************* attention_row
id: attention_row ,Total cycles spent on fwd pass compute: 1
id: attention_row ,Total cycles spent on weight grad compute: 1
id: attention_row ,Total cycles spent on input grad compute: 1
id: attention_row ,Total cycles spent idle waiting for fwd finish: 24570
id: attention_row ,Total cycles spent idle waiting for weight grad finish: 0
id: attention_row ,Total cycles spent idle waiting for input grad finish: 0
id: attention_row ,Total cycles spent on fwd pass comm: 24570
id: attention_row ,Total cycles spent on weight grad comm: 0
id: attention_row ,Total cycles spent on input grad comm: 0
*******************
Layer id: mlp_moelayer
Total collectives issued for this layer: 2
*************************  Workload stats  ************************* mlp_moelayer
id: mlp_moelayer ,Total cycles spent on fwd pass compute: 1
id: mlp_moelayer ,Total cycles spent on weight grad compute: 1
id: mlp_moelayer ,Total cycles spent on input grad compute: 1
id: mlp_moelayer ,Total cycles spent idle waiting for fwd finish: 1242
id: mlp_moelayer ,Total cycles spent idle waiting for weight grad finish: 0
id: mlp_moelayer ,Total cycles spent idle waiting for input grad finish: 1182
id: mlp_moelayer ,Total cycles spent on fwd pass comm: 1242
id: mlp_moelayer ,Total cycles spent on weight grad comm: 0
id: mlp_moelayer ,Total cycles spent on input grad comm: 1182
*******************
Layer id: mlp_moelayer
Total collectives issued for this layer: 2
*************************  Workload stats  ************************* mlp_moelayer
id: mlp_moelayer ,Total cycles spent on fwd pass compute: 1
id: mlp_moelayer ,Total cycles spent on weight grad compute: 1
id: mlp_moelayer ,Total cycles spent on input grad compute: 1
id: mlp_moelayer ,Total cycles spent idle waiting for fwd finish: 12920
id: mlp_moelayer ,Total cycles spent idle waiting for weight grad finish: 0
id: mlp_moelayer ,Total cycles spent idle waiting for input grad finish: 564177
id: mlp_moelayer ,Total cycles spent on fwd pass comm: 12920
id: mlp_moelayer ,Total cycles spent on weight grad comm: 0
id: mlp_moelayer ,Total cycles spent on input grad comm: 564177
*******************
Layer id: mlp_moelayer
Total collectives issued for this layer: 2
*************************  Workload stats  ************************* mlp_moelayer
id: mlp_moelayer ,Total cycles spent on fwd pass compute: 1
id: mlp_moelayer ,Total cycles spent on weight grad compute: 1
id: mlp_moelayer ,Total cycles spent on input grad compute: 1
id: mlp_moelayer ,Total cycles spent idle waiting for fwd finish: 964498
id: mlp_moelayer ,Total cycles spent idle waiting for weight grad finish: 0
id: mlp_moelayer ,Total cycles spent idle waiting for input grad finish: 699274
id: mlp_moelayer ,Total cycles spent on fwd pass comm: 964498
id: mlp_moelayer ,Total cycles spent on weight grad comm: 0
id: mlp_moelayer ,Total cycles spent on input grad comm: 699274
*******************
Layer id: mlp_moelayer
Total collectives issued for this layer: 2
*************************  Workload stats  ************************* mlp_moelayer
id: mlp_moelayer ,Total cycles spent on fwd pass compute: 1
id: mlp_moelayer ,Total cycles spent on weight grad compute: 1
id: mlp_moelayer ,Total cycles spent on input grad compute: 1
id: mlp_moelayer ,Total cycles spent idle waiting for fwd finish: 216181
id: mlp_moelayer ,Total cycles spent idle waiting for weight grad finish: 0
id: mlp_moelayer ,Total cycles spent idle waiting for input grad finish: 94330
id: mlp_moelayer ,Total cycles spent on fwd pass comm: 216181
id: mlp_moelayer ,Total cycles spent on weight grad comm: 0
id: mlp_moelayer ,Total cycles spent on input grad comm: 94330
*******************
Layer id: mlp_moelayer
Total collectives issued for this layer: 2
*************************  Workload stats  ************************* mlp_moelayer
id: mlp_moelayer ,Total cycles spent on fwd pass compute: 1
id: mlp_moelayer ,Total cycles spent on weight grad compute: 1
id: mlp_moelayer ,Total cycles spent on input grad compute: 1
id: mlp_moelayer ,Total cycles spent idle waiting for fwd finish: 50545
id: mlp_moelayer ,Total cycles spent idle waiting for weight grad finish: 0
id: mlp_moelayer ,Total cycles spent idle waiting for input grad finish: 217627
id: mlp_moelayer ,Total cycles spent on fwd pass comm: 50545
id: mlp_moelayer ,Total cycles spent on weight grad comm: 0
id: mlp_moelayer ,Total cycles spent on input grad comm: 217627
*******************
Layer id: mlp_moelayer
Total collectives issued for this layer: 2
*************************  Workload stats  ************************* mlp_moelayer
id: mlp_moelayer ,Total cycles spent on fwd pass compute: 1
id: mlp_moelayer ,Total cycles spent on weight grad compute: 1
id: mlp_moelayer ,Total cycles spent on input grad compute: 1
id: mlp_moelayer ,Total cycles spent idle waiting for fwd finish: 1030687
id: mlp_moelayer ,Total cycles spent idle waiting for weight grad finish: 0
id: mlp_moelayer ,Total cycles spent idle waiting for input grad finish: 1006824
id: mlp_moelayer ,Total cycles spent on fwd pass comm: 1030687
id: mlp_moelayer ,Total cycles spent on weight grad comm: 0
id: mlp_moelayer ,Total cycles spent on input grad comm: 1006824
*******************
Layer id: mlp_moelayer
Total collectives issued for this layer: 2
*************************  Workload stats  ************************* mlp_moelayer
id: mlp_moelayer ,Total cycles spent on fwd pass compute: 1
id: mlp_moelayer ,Total cycles spent on weight grad compute: 1
id: mlp_moelayer ,Total cycles spent on input grad compute: 1
id: mlp_moelayer ,Total cycles spent idle waiting for fwd finish: 125330
id: mlp_moelayer ,Total cycles spent idle waiting for weight grad finish: 0
id: mlp_moelayer ,Total cycles spent idle waiting for input grad finish: 17580
id: mlp_moelayer ,Total cycles spent on fwd pass comm: 125330
id: mlp_moelayer ,Total cycles spent on weight grad comm: 0
id: mlp_moelayer ,Total cycles spent on input grad comm: 17580
*******************
Layer id: final_column
Total collectives issued for this layer: 1
*************************  Workload stats  ************************* final_column
id: final_column ,Total cycles spent on fwd pass compute: 1
id: final_column ,Total cycles spent on weight grad compute: 1
id: final_column ,Total cycles spent on input grad compute: 1
id: final_column ,Total cycles spent idle waiting for fwd finish: 24420
id: final_column ,Total cycles spent idle waiting for weight grad finish: 0
id: final_column ,Total cycles spent idle waiting for input grad finish: 0
id: final_column ,Total cycles spent on fwd pass comm: 24420
id: final_column ,Total cycles spent on weight grad comm: 0
id: final_column ,Total cycles spent on input grad comm: 0
*******************
Layer id: embedding_norm
Total collectives issued for this layer: 1
*************************  Workload stats  ************************* embedding_norm
id: embedding_norm ,Total cycles spent on fwd pass compute: 1
id: embedding_norm ,Total cycles spent on weight grad compute: 1
id: embedding_norm ,Total cycles spent on input grad compute: 1
id: embedding_norm ,Total cycles spent idle waiting for fwd finish: 374450
id: embedding_norm ,Total cycles spent idle waiting for weight grad finish: 0
id: embedding_norm ,Total cycles spent idle waiting for input grad finish: 0
id: embedding_norm ,Total cycles spent on fwd pass comm: 374450
id: embedding_norm ,Total cycles spent on weight grad comm: 0
id: embedding_norm ,Total cycles spent on input grad comm: 0
*******************
Layer id: cross_entropy1
Total collectives issued for this layer: 1
*************************  Workload stats  ************************* cross_entropy1
id: cross_entropy1 ,Total cycles spent on fwd pass compute: 0
id: cross_entropy1 ,Total cycles spent on weight grad compute: 0
id: cross_entropy1 ,Total cycles spent on input grad compute: 0
id: cross_entropy1 ,Total cycles spent idle waiting for fwd finish: 2342
id: cross_entropy1 ,Total cycles spent idle waiting for weight grad finish: 0
id: cross_entropy1 ,Total cycles spent idle waiting for input grad finish: 0
id: cross_entropy1 ,Total cycles spent on fwd pass comm: 2342
id: cross_entropy1 ,Total cycles spent on weight grad comm: 0
id: cross_entropy1 ,Total cycles spent on input grad comm: 0
*******************
Layer id: cross_entropy2
Total collectives issued for this layer: 1
*************************  Workload stats  ************************* cross_entropy2
id: cross_entropy2 ,Total cycles spent on fwd pass compute: 0
id: cross_entropy2 ,Total cycles spent on weight grad compute: 0
id: cross_entropy2 ,Total cycles spent on input grad compute: 0
id: cross_entropy2 ,Total cycles spent idle waiting for fwd finish: 2340
id: cross_entropy2 ,Total cycles spent idle waiting for weight grad finish: 0
id: cross_entropy2 ,Total cycles spent idle waiting for input grad finish: 0
id: cross_entropy2 ,Total cycles spent on fwd pass comm: 2340
id: cross_entropy2 ,Total cycles spent on weight grad comm: 0
id: cross_entropy2 ,Total cycles spent on input grad comm: 0
*******************
Layer id: cross_entropy3
Total collectives issued for this layer: 1
*************************  Workload stats  ************************* cross_entropy3
id: cross_entropy3 ,Total cycles spent on fwd pass compute: 0
id: cross_entropy3 ,Total cycles spent on weight grad compute: 0
id: cross_entropy3 ,Total cycles spent on input grad compute: 0
id: cross_entropy3 ,Total cycles spent idle waiting for fwd finish: 2340
id: cross_entropy3 ,Total cycles spent idle waiting for weight grad finish: 0
id: cross_entropy3 ,Total cycles spent idle waiting for input grad finish: 0
id: cross_entropy3 ,Total cycles spent on fwd pass comm: 2340
id: cross_entropy3 ,Total cycles spent on weight grad comm: 0
id: cross_entropy3 ,Total cycles spent on input grad comm: 0
*******************
Layer id: optimizer1
Total collectives issued for this layer: 1
*************************  Workload stats  ************************* optimizer1
id: optimizer1 ,Total cycles spent on fwd pass compute: 0
id: optimizer1 ,Total cycles spent on weight grad compute: 0
id: optimizer1 ,Total cycles spent on input grad compute: 0
id: optimizer1 ,Total cycles spent idle waiting for fwd finish: 2325
id: optimizer1 ,Total cycles spent idle waiting for weight grad finish: 0
id: optimizer1 ,Total cycles spent idle waiting for input grad finish: 0
id: optimizer1 ,Total cycles spent on fwd pass comm: 2325
id: optimizer1 ,Total cycles spent on weight grad comm: 0
id: optimizer1 ,Total cycles spent on input grad comm: 0
*******************
Layer id: optimizer2
Total collectives issued for this layer: 1
*************************  Workload stats  ************************* optimizer2
id: optimizer2 ,Total cycles spent on fwd pass compute: 0
id: optimizer2 ,Total cycles spent on weight grad compute: 0
id: optimizer2 ,Total cycles spent on input grad compute: 0
id: optimizer2 ,Total cycles spent idle waiting for fwd finish: 2325
id: optimizer2 ,Total cycles spent idle waiting for weight grad finish: 0
id: optimizer2 ,Total cycles spent idle waiting for input grad finish: 0
id: optimizer2 ,Total cycles spent on fwd pass comm: 2325
id: optimizer2 ,Total cycles spent on weight grad comm: 0
id: optimizer2 ,Total cycles spent on input grad comm: 0
*******************
Layer id: optimizer3
Total collectives issued for this layer: 1
*************************  Workload stats  ************************* optimizer3
id: optimizer3 ,Total cycles spent on fwd pass compute: 0
id: optimizer3 ,Total cycles spent on weight grad compute: 0
id: optimizer3 ,Total cycles spent on input grad compute: 0
id: optimizer3 ,Total cycles spent idle waiting for fwd finish: 2325
id: optimizer3 ,Total cycles spent idle waiting for weight grad finish: 0
id: optimizer3 ,Total cycles spent idle waiting for input grad finish: 0
id: optimizer3 ,Total cycles spent on fwd pass comm: 2325
id: optimizer3 ,Total cycles spent on weight grad comm: 0
id: optimizer3 ,Total cycles spent on input grad comm: 0
*******************
Layer id: optimizer4
Total collectives issued for this layer: 1
*************************  Workload stats  ************************* optimizer4
id: optimizer4 ,Total cycles spent on fwd pass compute: 0
id: optimizer4 ,Total cycles spent on weight grad compute: 0
id: optimizer4 ,Total cycles spent on input grad compute: 0
id: optimizer4 ,Total cycles spent idle waiting for fwd finish: 2325
id: optimizer4 ,Total cycles spent idle waiting for weight grad finish: 0
id: optimizer4 ,Total cycles spent idle waiting for input grad finish: 0
id: optimizer4 ,Total cycles spent on fwd pass comm: 2325
id: optimizer4 ,Total cycles spent on weight grad comm: 0
id: optimizer4 ,Total cycles spent on input grad comm: 0
*************************
all passes finished at time: 181244966, id of first layer: grad_norm
path to create csvs is: ./ncclFlowModel_
success in openning file
*****
Time to exit: Sun Aug 17 01:52:32 2025
all-reduce Collective implementation: NcclFlowModel
reduce-scatter Collective implementation: NcclFlowModel
all-gather Collective implementation: NcclFlowModel
all-to-all Collective implementation: NcclFlowModel
Collective optimization: baseline
Total sim duration: 0:32 hours
Total streams injected: 529
Total streams finished: 529
Percentage of finished streams: 100 %
*****
sim_finish on sent,  Thread id: 134470194497088
All data sent from node 0 is 28079779840
sim_finish on received,  Thread id: 134470194497088
All data received by node 0 is 28079779840
sim_finish on sent,  Thread id: 134470194497088
All data sent from node 1 is 28079779840
sim_finish on received,  Thread id: 134470194497088
All data received by node 1 is 28079779840
sim_finish on sent,  Thread id: 134470194497088
All data sent from node 2 is 28079779840
sim_finish on received,  Thread id: 134470194497088
All data received by node 2 is 28079779840
sim_finish on sent,  Thread id: 134470194497088
All data sent from node 3 is 28079779840
sim_finish on received,  Thread id: 134470194497088
All data received by node 3 is 28079779840
sim_finish on sent,  Thread id: 134470194497088
All data sent from node 4 is 28079779840
sim_finish on received,  Thread id: 134470194497088
All data received by node 4 is 28079779840
sim_finish on sent,  Thread id: 134470194497088
All data sent from node 5 is 28079779840
sim_finish on received,  Thread id: 134470194497088
All data received by node 5 is 28079779840
sim_finish on sent,  Thread id: 134470194497088
All data sent from node 6 is 28079779840
sim_finish on received,  Thread id: 134470194497088
All data received by node 6 is 28079779840
sim_finish on sent,  Thread id: 134470194497088
All data sent from node 7 is 28079779840
sim_finish on received,  Thread id: 134470194497088
All data received by node 7 is 28079779840
sim_finish on sent,  Thread id: 134470194497088
All data sent from node 8 is 28079779840
sim_finish on received,  Thread id: 134470194497088
All data received by node 8 is 28079779840
sim_finish on sent,  Thread id: 134470194497088
All data sent from node 9 is 28079779840
sim_finish on received,  Thread id: 134470194497088
All data received by node 9 is 28079779840
sim_finish on sent,  Thread id: 134470194497088
All data sent from node 10 is 28079779840
sim_finish on received,  Thread id: 134470194497088
All data received by node 10 is 28079779840
sim_finish on sent,  Thread id: 134470194497088
All data sent from node 11 is 28079779840
sim_finish on received,  Thread id: 134470194497088
All data received by node 11 is 28079779840
sim_finish on sent,  Thread id: 134470194497088
All data sent from node 12 is 28079779840
sim_finish on received,  Thread id: 134470194497088
All data received by node 12 is 28079779840
sim_finish on sent,  Thread id: 134470194497088
All data sent from node 13 is 28079779840
sim_finish on received,  Thread id: 134470194497088
All data received by node 13 is 28079779840
sim_finish on sent,  Thread id: 134470194497088
All data sent from node 14 is 28079779840
sim_finish on received,  Thread id: 134470194497088
All data received by node 14 is 28079779840
sim_finish on sent,  Thread id: 134470194497088
All data sent from node 15 is 28079779840
sim_finish on received,  Thread id: 134470194497088
All data received by node 15 is 28079779840
sim_finish on sent,  Thread id: 134470194497088
All data sent from node 16 is 28079779840
sim_finish on received,  Thread id: 134470194497088
All data received by node 16 is 28079779840
sim_finish on sent,  Thread id: 134470194497088
All data sent from node 17 is 28079779840
sim_finish on received,  Thread id: 134470194497088
All data received by node 17 is 28079779840
sim_finish on sent,  Thread id: 134470194497088
All data sent from node 18 is 28079779840
sim_finish on received,  Thread id: 134470194497088
All data received by node 18 is 28079779840
sim_finish on sent,  Thread id: 134470194497088
All data sent from node 19 is 28079779840
sim_finish on received,  Thread id: 134470194497088
All data received by node 19 is 28079779840
sim_finish on sent,  Thread id: 134470194497088
All data sent from node 20 is 28079779840
sim_finish on received,  Thread id: 134470194497088
All data received by node 20 is 28079779840
sim_finish on sent,  Thread id: 134470194497088
All data sent from node 21 is 28079779840
sim_finish on received,  Thread id: 134470194497088
All data received by node 21 is 28079779840
sim_finish on sent,  Thread id: 134470194497088
All data sent from node 22 is 28079779840
sim_finish on received,  Thread id: 134470194497088
All data received by node 22 is 28079779840
sim_finish on sent,  Thread id: 134470194497088
All data sent from node 23 is 28079779840
sim_finish on received,  Thread id: 134470194497088
All data received by node 23 is 28079779840
sim_finish on sent,  Thread id: 134470194497088
All data sent from node 24 is 28079779840
sim_finish on received,  Thread id: 134470194497088
All data received by node 24 is 28079779840
sim_finish on sent,  Thread id: 134470194497088
All data sent from node 25 is 28079779840
sim_finish on received,  Thread id: 134470194497088
All data received by node 25 is 28079779840
sim_finish on sent,  Thread id: 134470194497088
All data sent from node 26 is 28079779840
sim_finish on received,  Thread id: 134470194497088
All data received by node 26 is 28079779840
sim_finish on sent,  Thread id: 134470194497088
All data sent from node 27 is 28079779840
sim_finish on received,  Thread id: 134470194497088
All data received by node 27 is 28079779840
sim_finish on sent,  Thread id: 134470194497088
All data sent from node 28 is 28079779840
sim_finish on received,  Thread id: 134470194497088
All data received by node 28 is 28079779840
sim_finish on sent,  Thread id: 134470194497088
All data sent from node 29 is 28079779840
sim_finish on received,  Thread id: 134470194497088
All data received by node 29 is 28079779840
sim_finish on sent,  Thread id: 134470194497088
All data sent from node 30 is 28079779840
sim_finish on received,  Thread id: 134470194497088
All data received by node 30 is 28079779840
sim_finish on sent,  Thread id: 134470194497088
All data sent from node 31 is 28079779840
sim_finish on received,  Thread id: 134470194497088
All data received by node 31 is 28079779840
