[TOPOLOGY_DEBUG] Setting up network topology:
[TOPOLOGY_DEBUG]   node_num=32 gpus_per_server=8
[TOPOLOGY_DEBUG]   nvswitch_num=0 switch_num=0
[TOPOLOGY_DEBUG]   link_num=160 enable_ub_mesh=0
[UB_MESH_DEBUG] Detected UB mesh topology with 0 inter-rack switches and 160 mesh links
[ROUTING_DEBUG] Using standard BFS routing for fair comparison

[PATH_DEBUG] ========== ROUTING PATHS ==========
[PATH_DEBUG] Host 19 -> Host 20 (hops: 1) Path: 19 -> 20
[PATH_DEBUG] Host 19 -> Host 21 (hops: 1) Path: 19 -> 21
[PATH_DEBUG] Host 19 -> Host 22 (hops: 1) Path: 19 -> 22
[PATH_DEBUG] Host 19 -> Host 23 (hops: 1) Path: 19 -> 23
[PATH_DEBUG] Host 19 -> Host 27 (hops: 1) Path: 19 -> 27
[PATH_DEBUG] Host 20 -> Host 21 (hops: 1) Path: 20 -> 21
[PATH_DEBUG] Host 20 -> Host 22 (hops: 1) Path: 20 -> 22
[PATH_DEBUG] Host 20 -> Host 23 (hops: 1) Path: 20 -> 23
[PATH_DEBUG] Host 20 -> Host 28 (hops: 1) Path: 20 -> 28
[PATH_DEBUG] Host 21 -> Host 22 (hops: 1) Path: 21 -> 22
[PATH_DEBUG] Host 21 -> Host 23 (hops: 1) Path: 21 -> 23
[PATH_DEBUG] Host 21 -> Host 29 (hops: 1) Path: 21 -> 29
[PATH_DEBUG] Host 22 -> Host 23 (hops: 1) Path: 22 -> 23
[PATH_DEBUG] Host 22 -> Host 30 (hops: 1) Path: 22 -> 30
[PATH_DEBUG] Host 23 -> Host 31 (hops: 1) Path: 23 -> 31
[PATH_DEBUG] Host 24 -> Host 25 (hops: 1) Path: 24 -> 25
[PATH_DEBUG] Host 24 -> Host 26 (hops: 1) Path: 24 -> 26
[PATH_DEBUG] Host 24 -> Host 27 (hops: 1) Path: 24 -> 27
[PATH_DEBUG] Host 24 -> Host 28 (hops: 1) Path: 24 -> 28
[PATH_DEBUG] Host 24 -> Host 29 (hops: 1) Path: 24 -> 29
[PATH_DEBUG] Host 24 -> Host 30 (hops: 1) Path: 24 -> 30
[PATH_DEBUG] Host 24 -> Host 31 (hops: 1) Path: 24 -> 31
[PATH_DEBUG] Host 25 -> Host 26 (hops: 1) Path: 25 -> 26
[PATH_DEBUG] Host 25 -> Host 27 (hops: 1) Path: 25 -> 27
[PATH_DEBUG] Host 25 -> Host 28 (hops: 1) Path: 25 -> 28
[PATH_DEBUG] Host 25 -> Host 29 (hops: 1) Path: 25 -> 29
[PATH_DEBUG] Host 25 -> Host 30 (hops: 1) Path: 25 -> 30
[PATH_DEBUG] Host 25 -> Host 31 (hops: 1) Path: 25 -> 31
[PATH_DEBUG] Host 26 -> Host 27 (hops: 1) Path: 26 -> 27
[PATH_DEBUG] Host 26 -> Host 28 (hops: 1) Path: 26 -> 28
[PATH_DEBUG] Host 26 -> Host 29 (hops: 1) Path: 26 -> 29
[PATH_DEBUG] Host 26 -> Host 30 (hops: 1) Path: 26 -> 30
[PATH_DEBUG] Host 26 -> Host 31 (hops: 1) Path: 26 -> 31
[PATH_DEBUG] Host 27 -> Host 28 (hops: 1) Path: 27 -> 28
[PATH_DEBUG] Host 27 -> Host 29 (hops: 1) Path: 27 -> 29
[PATH_DEBUG] Host 27 -> Host 30 (hops: 1) Path: 27 -> 30
[PATH_DEBUG] Host 27 -> Host 31 (hops: 1) Path: 27 -> 31
[PATH_DEBUG] Host 28 -> Host 29 (hops: 1) Path: 28 -> 29
[PATH_DEBUG] Host 28 -> Host 30 (hops: 1) Path: 28 -> 30
[PATH_DEBUG] Host 28 -> Host 31 (hops: 1) Path: 28 -> 31
[PATH_DEBUG] Host 29 -> Host 30 (hops: 1) Path: 29 -> 30
[PATH_DEBUG] Host 29 -> Host 31 (hops: 1) Path: 29 -> 31
[PATH_DEBUG] Host 30 -> Host 31 (hops: 1) Path: 30 -> 31
[PATH_DEBUG] Host 0 -> Host 24 (hops: 1) Path: 0 -> 24
[PATH_DEBUG] Host 0 -> Host 1 (hops: 1) Path: 0 -> 1
[PATH_DEBUG] Host 0 -> Host 2 (hops: 1) Path: 0 -> 2
[PATH_DEBUG] Host 0 -> Host 3 (hops: 1) Path: 0 -> 3
[PATH_DEBUG] Host 0 -> Host 4 (hops: 1) Path: 0 -> 4
[PATH_DEBUG] Host 0 -> Host 5 (hops: 1) Path: 0 -> 5
[PATH_DEBUG] Host 0 -> Host 6 (hops: 1) Path: 0 -> 6
[PATH_DEBUG] Host 0 -> Host 7 (hops: 1) Path: 0 -> 7
[PATH_DEBUG] Host 0 -> Host 8 (hops: 1) Path: 0 -> 8
[PATH_DEBUG] Host 0 -> Host 16 (hops: 1) Path: 0 -> 16
[PATH_DEBUG] Host 1 -> Host 25 (hops: 1) Path: 1 -> 25
[PATH_DEBUG] Host 1 -> Host 2 (hops: 1) Path: 1 -> 2
[PATH_DEBUG] Host 1 -> Host 3 (hops: 1) Path: 1 -> 3
[PATH_DEBUG] Host 1 -> Host 4 (hops: 1) Path: 1 -> 4
[PATH_DEBUG] Host 1 -> Host 5 (hops: 1) Path: 1 -> 5
[PATH_DEBUG] Host 1 -> Host 6 (hops: 1) Path: 1 -> 6
[PATH_DEBUG] Host 1 -> Host 7 (hops: 1) Path: 1 -> 7
[PATH_DEBUG] Host 1 -> Host 17 (hops: 1) Path: 1 -> 17
[PATH_DEBUG] Host 1 -> Host 9 (hops: 1) Path: 1 -> 9
[PATH_DEBUG] Host 2 -> Host 26 (hops: 1) Path: 2 -> 26
[PATH_DEBUG] Host 2 -> Host 3 (hops: 1) Path: 2 -> 3
[PATH_DEBUG] Host 2 -> Host 4 (hops: 1) Path: 2 -> 4
[PATH_DEBUG] Host 2 -> Host 5 (hops: 1) Path: 2 -> 5
[PATH_DEBUG] Host 2 -> Host 6 (hops: 1) Path: 2 -> 6
[PATH_DEBUG] Host 2 -> Host 7 (hops: 1) Path: 2 -> 7
[PATH_DEBUG] Host 2 -> Host 18 (hops: 1) Path: 2 -> 18
[PATH_DEBUG] Host 2 -> Host 10 (hops: 1) Path: 2 -> 10
[PATH_DEBUG] Host 3 -> Host 19 (hops: 1) Path: 3 -> 19
[PATH_DEBUG] Host 3 -> Host 27 (hops: 1) Path: 3 -> 27
[PATH_DEBUG] Host 3 -> Host 4 (hops: 1) Path: 3 -> 4
[PATH_DEBUG] Host 3 -> Host 5 (hops: 1) Path: 3 -> 5
[PATH_DEBUG] Host 3 -> Host 6 (hops: 1) Path: 3 -> 6
[PATH_DEBUG] Host 3 -> Host 7 (hops: 1) Path: 3 -> 7
[PATH_DEBUG] Host 3 -> Host 11 (hops: 1) Path: 3 -> 11
[PATH_DEBUG] Host 4 -> Host 20 (hops: 1) Path: 4 -> 20
[PATH_DEBUG] Host 4 -> Host 28 (hops: 1) Path: 4 -> 28
[PATH_DEBUG] Host 4 -> Host 5 (hops: 1) Path: 4 -> 5
[PATH_DEBUG] Host 4 -> Host 6 (hops: 1) Path: 4 -> 6
[PATH_DEBUG] Host 4 -> Host 7 (hops: 1) Path: 4 -> 7
[PATH_DEBUG] Host 4 -> Host 12 (hops: 1) Path: 4 -> 12
[PATH_DEBUG] Host 5 -> Host 21 (hops: 1) Path: 5 -> 21
[PATH_DEBUG] Host 5 -> Host 29 (hops: 1) Path: 5 -> 29
[PATH_DEBUG] Host 5 -> Host 6 (hops: 1) Path: 5 -> 6
[PATH_DEBUG] Host 5 -> Host 7 (hops: 1) Path: 5 -> 7
[PATH_DEBUG] Host 5 -> Host 13 (hops: 1) Path: 5 -> 13
[PATH_DEBUG] Host 6 -> Host 22 (hops: 1) Path: 6 -> 22
[PATH_DEBUG] Host 6 -> Host 30 (hops: 1) Path: 6 -> 30
[PATH_DEBUG] Host 6 -> Host 7 (hops: 1) Path: 6 -> 7
[PATH_DEBUG] Host 6 -> Host 14 (hops: 1) Path: 6 -> 14
[PATH_DEBUG] Host 7 -> Host 23 (hops: 1) Path: 7 -> 23
[PATH_DEBUG] Host 7 -> Host 31 (hops: 1) Path: 7 -> 31
[PATH_DEBUG] Host 7 -> Host 15 (hops: 1) Path: 7 -> 15
[PATH_DEBUG] Host 8 -> Host 24 (hops: 1) Path: 8 -> 24
[PATH_DEBUG] Host 8 -> Host 9 (hops: 1) Path: 8 -> 9
[PATH_DEBUG] Host 8 -> Host 10 (hops: 1) Path: 8 -> 10
[PATH_DEBUG] Host 8 -> Host 11 (hops: 1) Path: 8 -> 11
[PATH_DEBUG] Host 8 -> Host 12 (hops: 1) Path: 8 -> 12
[PATH_DEBUG] Host 8 -> Host 13 (hops: 1) Path: 8 -> 13
[PATH_DEBUG] Host 8 -> Host 14 (hops: 1) Path: 8 -> 14
[PATH_DEBUG] Host 8 -> Host 15 (hops: 1) Path: 8 -> 15
[PATH_DEBUG] Host 8 -> Host 16 (hops: 1) Path: 8 -> 16
[PATH_DEBUG] Host 18 -> Host 19 (hops: 1) Path: 18 -> 19
[PATH_DEBUG] Host 18 -> Host 20 (hops: 1) Path: 18 -> 20
[PATH_DEBUG] Host 18 -> Host 21 (hops: 1) Path: 18 -> 21
[PATH_DEBUG] Host 18 -> Host 22 (hops: 1) Path: 18 -> 22
[PATH_DEBUG] Host 18 -> Host 23 (hops: 1) Path: 18 -> 23
[PATH_DEBUG] Host 18 -> Host 26 (hops: 1) Path: 18 -> 26
[PATH_DEBUG] Host 17 -> Host 19 (hops: 1) Path: 17 -> 19
[PATH_DEBUG] Host 17 -> Host 20 (hops: 1) Path: 17 -> 20
[PATH_DEBUG] Host 17 -> Host 21 (hops: 1) Path: 17 -> 21
[PATH_DEBUG] Host 17 -> Host 22 (hops: 1) Path: 17 -> 22
[PATH_DEBUG] Host 17 -> Host 23 (hops: 1) Path: 17 -> 23
[PATH_DEBUG] Host 17 -> Host 25 (hops: 1) Path: 17 -> 25
[PATH_DEBUG] Host 17 -> Host 18 (hops: 1) Path: 17 -> 18
[PATH_DEBUG] Host 9 -> Host 25 (hops: 1) Path: 9 -> 25
[PATH_DEBUG] Host 9 -> Host 17 (hops: 1) Path: 9 -> 17
[PATH_DEBUG] Host 9 -> Host 10 (hops: 1) Path: 9 -> 10
[PATH_DEBUG] Host 9 -> Host 11 (hops: 1) Path: 9 -> 11
[PATH_DEBUG] Host 9 -> Host 12 (hops: 1) Path: 9 -> 12
[PATH_DEBUG] Host 9 -> Host 13 (hops: 1) Path: 9 -> 13
[PATH_DEBUG] Host 9 -> Host 14 (hops: 1) Path: 9 -> 14
[PATH_DEBUG] Host 9 -> Host 15 (hops: 1) Path: 9 -> 15
[PATH_DEBUG] Host 10 -> Host 26 (hops: 1) Path: 10 -> 26
[PATH_DEBUG] Host 10 -> Host 18 (hops: 1) Path: 10 -> 18
[PATH_DEBUG] Host 10 -> Host 11 (hops: 1) Path: 10 -> 11
[PATH_DEBUG] Host 10 -> Host 12 (hops: 1) Path: 10 -> 12
[PATH_DEBUG] Host 10 -> Host 13 (hops: 1) Path: 10 -> 13
[PATH_DEBUG] Host 10 -> Host 14 (hops: 1) Path: 10 -> 14
[PATH_DEBUG] Host 10 -> Host 15 (hops: 1) Path: 10 -> 15
[PATH_DEBUG] Host 11 -> Host 19 (hops: 1) Path: 11 -> 19
[PATH_DEBUG] Host 11 -> Host 27 (hops: 1) Path: 11 -> 27
[PATH_DEBUG] Host 11 -> Host 12 (hops: 1) Path: 11 -> 12
[PATH_DEBUG] Host 11 -> Host 13 (hops: 1) Path: 11 -> 13
[PATH_DEBUG] Host 11 -> Host 14 (hops: 1) Path: 11 -> 14
[PATH_DEBUG] Host 11 -> Host 15 (hops: 1) Path: 11 -> 15
[PATH_DEBUG] Host 12 -> Host 20 (hops: 1) Path: 12 -> 20
[PATH_DEBUG] Host 12 -> Host 28 (hops: 1) Path: 12 -> 28
[PATH_DEBUG] Host 12 -> Host 13 (hops: 1) Path: 12 -> 13
[PATH_DEBUG] Host 12 -> Host 14 (hops: 1) Path: 12 -> 14
[PATH_DEBUG] Host 12 -> Host 15 (hops: 1) Path: 12 -> 15
[PATH_DEBUG] Host 13 -> Host 21 (hops: 1) Path: 13 -> 21
[PATH_DEBUG] Host 13 -> Host 29 (hops: 1) Path: 13 -> 29
[PATH_DEBUG] Host 13 -> Host 14 (hops: 1) Path: 13 -> 14
[PATH_DEBUG] Host 13 -> Host 15 (hops: 1) Path: 13 -> 15
[PATH_DEBUG] Host 14 -> Host 22 (hops: 1) Path: 14 -> 22
[PATH_DEBUG] Host 14 -> Host 30 (hops: 1) Path: 14 -> 30
[PATH_DEBUG] Host 14 -> Host 15 (hops: 1) Path: 14 -> 15
[PATH_DEBUG] Host 15 -> Host 23 (hops: 1) Path: 15 -> 23
[PATH_DEBUG] Host 15 -> Host 31 (hops: 1) Path: 15 -> 31
[PATH_DEBUG] Host 16 -> Host 19 (hops: 1) Path: 16 -> 19
[PATH_DEBUG] Host 16 -> Host 20 (hops: 1) Path: 16 -> 20
[PATH_DEBUG] Host 16 -> Host 21 (hops: 1) Path: 16 -> 21
[PATH_DEBUG] Host 16 -> Host 22 (hops: 1) Path: 16 -> 22
[PATH_DEBUG] Host 16 -> Host 23 (hops: 1) Path: 16 -> 23
[PATH_DEBUG] Host 16 -> Host 24 (hops: 1) Path: 16 -> 24
[PATH_DEBUG] Host 16 -> Host 18 (hops: 1) Path: 16 -> 18
[PATH_DEBUG] Host 16 -> Host 17 (hops: 1) Path: 16 -> 17
[PATH_DEBUG] ========== END PATHS ==========

maxRtt=1205 maxBdp=52718
Running Simulation.
DEBUG: Detected configuration:
  Total nodes from topology: 32
  Switch nodes: 0
  GPU nodes: 32
  TP size: 2
DEBUG_SYS: Loading system input file: /home/parozario/newSimAI/Comp_499B-/UB_mesh_system_input.txt
Success in opening system file
Var is: all-reduce-implementation: ,val is: NcclFlowModel
Var is: reduce-scatter-implementation: ,val is: NcclFlowModel
Var is: all-gather-implementation: ,val is: NcclFlowModel
Var is: all-to-all-implementation: ,val is: NcclFlowModel
Var is: scheduling-policy: ,val is: LIFO
Var is: collective-optimization: ,val is: baseline
Var is:  ,val is: baseline
The final active chunks per dimension 1 after allocating to queues is: 1
ring of node 0, id: 0 dimension: local total nodes in ring: 32 index in ring: 0 offset: 1total nodes in ring: 32
ring of node 0, id: 0 dimension: local total nodes in ring: 32 index in ring: 0 offset: 1total nodes in ring: 32
ring of node 0, id: 0 dimension: local total nodes in ring: 32 index in ring: 0 offset: 1total nodes in ring: 32
ring of node 0, id: 0 dimension: local total nodes in ring: 32 index in ring: 0 offset: 1total nodes in ring: 32
total nodes: 32
Success in opening workload file
model_parallel_NPU_group is 2
checkpoints layers are: 
layers initiating fwd_in_bckwd are: 
ring of node 0, id: 0 dimension: local total nodes in ring: 2 index in ring: 0 offset: 1total nodes in ring: 2
ring of node 0, id: 0 dimension: local total nodes in ring: 16 index in ring: 0 offset: 2total nodes in ring: 16
ring of node 0, id: 0 dimension: local total nodes in ring: 2 index in ring: 0 offset: 1total nodes in ring: 2
ring of node 0, id: 0 dimension: local total nodes in ring: 16 index in ring: 0 offset: 2total nodes in ring: 16
ring of node 0, id: 0 dimension: local total nodes in ring: 2 index in ring: 0 offset: 1total nodes in ring: 2
ring of node 0, id: 0 dimension: local total nodes in ring: 16 index in ring: 0 offset: 2total nodes in ring: 16
ring of node 0, id: 0 dimension: local total nodes in ring: 2 index in ring: 0 offset: 1total nodes in ring: 2
ring of node 0, id: 0 dimension: local total nodes in ring: 16 index in ring: 0 offset: 2total nodes in ring: 16
DEBUG_POLICY: TransformerFwdInBckwd, model_parallel_npu_group=2, model_parallel_boundary=0
DEBUG_POLICY: model dimensions: 1 0 0 0 0 0 0 0 0 0 
pp_commize:0
id: grad_norm , depen: -1 , wg_comp_time: 1
id: embedding_layer , depen: -1 , wg_comp_time: 1
id: attention_column , depen: -1 , wg_comp_time: 1
id: attention_row , depen: -1 , wg_comp_time: 1
id: mlp_moelayer , depen: -1 , wg_comp_time: 1
id: mlp_moelayer , depen: -1 , wg_comp_time: 1
id: mlp_moelayer , depen: -1 , wg_comp_time: 1
id: mlp_moelayer , depen: -1 , wg_comp_time: 1
id: mlp_moelayer , depen: -1 , wg_comp_time: 1
id: mlp_moelayer , depen: -1 , wg_comp_time: 1
id: mlp_moelayer , depen: -1 , wg_comp_time: 1
id: attention_column , depen: -1 , wg_comp_time: 1
id: attention_row , depen: -1 , wg_comp_time: 1
id: mlp_moelayer , depen: -1 , wg_comp_time: 1
id: mlp_moelayer , depen: -1 , wg_comp_time: 1
id: mlp_moelayer , depen: -1 , wg_comp_time: 1
id: mlp_moelayer , depen: -1 , wg_comp_time: 1
id: mlp_moelayer , depen: -1 , wg_comp_time: 1
id: mlp_moelayer , depen: -1 , wg_comp_time: 1
id: mlp_moelayer , depen: -1 , wg_comp_time: 1
id: attention_column , depen: -1 , wg_comp_time: 1
id: attention_row , depen: -1 , wg_comp_time: 1
id: mlp_moelayer , depen: -1 , wg_comp_time: 1
id: mlp_moelayer , depen: -1 , wg_comp_time: 1
id: mlp_moelayer , depen: -1 , wg_comp_time: 1
id: mlp_moelayer , depen: -1 , wg_comp_time: 1
id: mlp_moelayer , depen: -1 , wg_comp_time: 1
id: mlp_moelayer , depen: -1 , wg_comp_time: 1
id: mlp_moelayer , depen: -1 , wg_comp_time: 1
id: attention_column , depen: -1 , wg_comp_time: 1
id: attention_row , depen: -1 , wg_comp_time: 1
id: mlp_moelayer , depen: -1 , wg_comp_time: 1
id: mlp_moelayer , depen: -1 , wg_comp_time: 1
id: mlp_moelayer , depen: -1 , wg_comp_time: 1
id: mlp_moelayer , depen: -1 , wg_comp_time: 1
id: mlp_moelayer , depen: -1 , wg_comp_time: 1
id: mlp_moelayer , depen: -1 , wg_comp_time: 1
id: mlp_moelayer , depen: -1 , wg_comp_time: 1
id: attention_column , depen: -1 , wg_comp_time: 1
id: attention_row , depen: -1 , wg_comp_time: 1
id: mlp_moelayer , depen: -1 , wg_comp_time: 1
id: mlp_moelayer , depen: -1 , wg_comp_time: 1
id: mlp_moelayer , depen: -1 , wg_comp_time: 1
id: mlp_moelayer , depen: -1 , wg_comp_time: 1
id: mlp_moelayer , depen: -1 , wg_comp_time: 1
id: mlp_moelayer , depen: -1 , wg_comp_time: 1
id: mlp_moelayer , depen: -1 , wg_comp_time: 1
id: attention_column , depen: -1 , wg_comp_time: 1
id: attention_row , depen: -1 , wg_comp_time: 1
id: mlp_moelayer , depen: -1 , wg_comp_time: 1
id: mlp_moelayer , depen: -1 , wg_comp_time: 1
id: mlp_moelayer , depen: -1 , wg_comp_time: 1
id: mlp_moelayer , depen: -1 , wg_comp_time: 1
id: mlp_moelayer , depen: -1 , wg_comp_time: 1
id: mlp_moelayer , depen: -1 , wg_comp_time: 1
id: mlp_moelayer , depen: -1 , wg_comp_time: 1
id: attention_column , depen: -1 , wg_comp_time: 1
id: attention_row , depen: -1 , wg_comp_time: 1
id: mlp_moelayer , depen: -1 , wg_comp_time: 1
id: mlp_moelayer , depen: -1 , wg_comp_time: 1
id: mlp_moelayer , depen: -1 , wg_comp_time: 1
id: mlp_moelayer , depen: -1 , wg_comp_time: 1
id: mlp_moelayer , depen: -1 , wg_comp_time: 1
id: mlp_moelayer , depen: -1 , wg_comp_time: 1
id: mlp_moelayer , depen: -1 , wg_comp_time: 1
id: attention_column , depen: -1 , wg_comp_time: 1
id: attention_row , depen: -1 , wg_comp_time: 1
id: mlp_moelayer , depen: -1 , wg_comp_time: 1
id: mlp_moelayer , depen: -1 , wg_comp_time: 1
id: mlp_moelayer , depen: -1 , wg_comp_time: 1
id: mlp_moelayer , depen: -1 , wg_comp_time: 1
id: mlp_moelayer , depen: -1 , wg_comp_time: 1
id: mlp_moelayer , depen: -1 , wg_comp_time: 1
id: mlp_moelayer , depen: -1 , wg_comp_time: 1
id: final_column , depen: -1 , wg_comp_time: 1
id: embedding_norm , depen: -1 , wg_comp_time: 1
id: embedding_layer , depen: -1 , wg_comp_time: 1
id: attention_column , depen: -1 , wg_comp_time: 1
id: attention_row , depen: -1 , wg_comp_time: 1
id: mlp_moelayer , depen: -1 , wg_comp_time: 1
id: mlp_moelayer , depen: -1 , wg_comp_time: 1
id: mlp_moelayer , depen: -1 , wg_comp_time: 1
id: mlp_moelayer , depen: -1 , wg_comp_time: 1
id: mlp_moelayer , depen: -1 , wg_comp_time: 1
id: mlp_moelayer , depen: -1 , wg_comp_time: 1
id: mlp_moelayer , depen: -1 , wg_comp_time: 1
id: attention_column , depen: -1 , wg_comp_time: 1
id: attention_row , depen: -1 , wg_comp_time: 1
id: mlp_moelayer , depen: -1 , wg_comp_time: 1
id: mlp_moelayer , depen: -1 , wg_comp_time: 1
id: mlp_moelayer , depen: -1 , wg_comp_time: 1
id: mlp_moelayer , depen: -1 , wg_comp_time: 1
id: mlp_moelayer , depen: -1 , wg_comp_time: 1
id: mlp_moelayer , depen: -1 , wg_comp_time: 1
id: mlp_moelayer , depen: -1 , wg_comp_time: 1
id: attention_column , depen: -1 , wg_comp_time: 1
id: attention_row , depen: -1 , wg_comp_time: 1
id: mlp_moelayer , depen: -1 , wg_comp_time: 1
id: mlp_moelayer , depen: -1 , wg_comp_time: 1
id: mlp_moelayer , depen: -1 , wg_comp_time: 1
id: mlp_moelayer , depen: -1 , wg_comp_time: 1
id: mlp_moelayer , depen: -1 , wg_comp_time: 1
id: mlp_moelayer , depen: -1 , wg_comp_time: 1
id: mlp_moelayer , depen: -1 , wg_comp_time: 1
id: attention_column , depen: -1 , wg_comp_time: 1
id: attention_row , depen: -1 , wg_comp_time: 1
id: mlp_moelayer , depen: -1 , wg_comp_time: 1
id: mlp_moelayer , depen: -1 , wg_comp_time: 1
id: mlp_moelayer , depen: -1 , wg_comp_time: 1
id: mlp_moelayer , depen: -1 , wg_comp_time: 1
id: mlp_moelayer , depen: -1 , wg_comp_time: 1
id: mlp_moelayer , depen: -1 , wg_comp_time: 1
id: mlp_moelayer , depen: -1 , wg_comp_time: 1
id: attention_column , depen: -1 , wg_comp_time: 1
id: attention_row , depen: -1 , wg_comp_time: 1
id: mlp_moelayer , depen: -1 , wg_comp_time: 1
id: mlp_moelayer , depen: -1 , wg_comp_time: 1
id: mlp_moelayer , depen: -1 , wg_comp_time: 1
id: mlp_moelayer , depen: -1 , wg_comp_time: 1
id: mlp_moelayer , depen: -1 , wg_comp_time: 1
id: mlp_moelayer , depen: -1 , wg_comp_time: 1
id: mlp_moelayer , depen: -1 , wg_comp_time: 1
id: attention_column , depen: -1 , wg_comp_time: 1
id: attention_row , depen: -1 , wg_comp_time: 1
id: mlp_moelayer , depen: -1 , wg_comp_time: 1
id: mlp_moelayer , depen: -1 , wg_comp_time: 1
id: mlp_moelayer , depen: -1 , wg_comp_time: 1
id: mlp_moelayer , depen: -1 , wg_comp_time: 1
id: mlp_moelayer , depen: -1 , wg_comp_time: 1
id: mlp_moelayer , depen: -1 , wg_comp_time: 1
id: mlp_moelayer , depen: -1 , wg_comp_time: 1
id: attention_column , depen: -1 , wg_comp_time: 1
id: attention_row , depen: -1 , wg_comp_time: 1
id: mlp_moelayer , depen: -1 , wg_comp_time: 1
id: mlp_moelayer , depen: -1 , wg_comp_time: 1
id: mlp_moelayer , depen: -1 , wg_comp_time: 1
id: mlp_moelayer , depen: -1 , wg_comp_time: 1
id: mlp_moelayer , depen: -1 , wg_comp_time: 1
id: mlp_moelayer , depen: -1 , wg_comp_time: 1
id: mlp_moelayer , depen: -1 , wg_comp_time: 1
id: attention_column , depen: -1 , wg_comp_time: 1
id: attention_row , depen: -1 , wg_comp_time: 1
id: mlp_moelayer , depen: -1 , wg_comp_time: 1
id: mlp_moelayer , depen: -1 , wg_comp_time: 1
id: mlp_moelayer , depen: -1 , wg_comp_time: 1
id: mlp_moelayer , depen: -1 , wg_comp_time: 1
id: mlp_moelayer , depen: -1 , wg_comp_time: 1
id: mlp_moelayer , depen: -1 , wg_comp_time: 1
id: mlp_moelayer , depen: -1 , wg_comp_time: 1
id: final_column , depen: -1 , wg_comp_time: 1
id: embedding_norm , depen: -1 , wg_comp_time: 1
id: embedding_layer , depen: -1 , wg_comp_time: 1
id: attention_column , depen: -1 , wg_comp_time: 1
id: attention_row , depen: -1 , wg_comp_time: 1
id: mlp_moelayer , depen: -1 , wg_comp_time: 1
id: mlp_moelayer , depen: -1 , wg_comp_time: 1
id: mlp_moelayer , depen: -1 , wg_comp_time: 1
id: mlp_moelayer , depen: -1 , wg_comp_time: 1
id: mlp_moelayer , depen: -1 , wg_comp_time: 1
id: mlp_moelayer , depen: -1 , wg_comp_time: 1
id: mlp_moelayer , depen: -1 , wg_comp_time: 1
id: attention_column , depen: -1 , wg_comp_time: 1
id: attention_row , depen: -1 , wg_comp_time: 1
id: mlp_moelayer , depen: -1 , wg_comp_time: 1
id: mlp_moelayer , depen: -1 , wg_comp_time: 1
id: mlp_moelayer , depen: -1 , wg_comp_time: 1
id: mlp_moelayer , depen: -1 , wg_comp_time: 1
id: mlp_moelayer , depen: -1 , wg_comp_time: 1
id: mlp_moelayer , depen: -1 , wg_comp_time: 1
id: mlp_moelayer , depen: -1 , wg_comp_time: 1
id: attention_column , depen: -1 , wg_comp_time: 1
id: attention_row , depen: -1 , wg_comp_time: 1
id: mlp_moelayer , depen: -1 , wg_comp_time: 1
id: mlp_moelayer , depen: -1 , wg_comp_time: 1
id: mlp_moelayer , depen: -1 , wg_comp_time: 1
id: mlp_moelayer , depen: -1 , wg_comp_time: 1
id: mlp_moelayer , depen: -1 , wg_comp_time: 1
id: mlp_moelayer , depen: -1 , wg_comp_time: 1
id: mlp_moelayer , depen: -1 , wg_comp_time: 1
id: attention_column , depen: -1 , wg_comp_time: 1
id: attention_row , depen: -1 , wg_comp_time: 1
id: mlp_moelayer , depen: -1 , wg_comp_time: 1
id: mlp_moelayer , depen: -1 , wg_comp_time: 1
id: mlp_moelayer , depen: -1 , wg_comp_time: 1
id: mlp_moelayer , depen: -1 , wg_comp_time: 1
id: mlp_moelayer , depen: -1 , wg_comp_time: 1
id: mlp_moelayer , depen: -1 , wg_comp_time: 1
id: mlp_moelayer , depen: -1 , wg_comp_time: 1
id: attention_column , depen: -1 , wg_comp_time: 1
id: attention_row , depen: -1 , wg_comp_time: 1
id: mlp_moelayer , depen: -1 , wg_comp_time: 1
id: mlp_moelayer , depen: -1 , wg_comp_time: 1
id: mlp_moelayer , depen: -1 , wg_comp_time: 1
id: mlp_moelayer , depen: -1 , wg_comp_time: 1
id: mlp_moelayer , depen: -1 , wg_comp_time: 1
id: mlp_moelayer , depen: -1 , wg_comp_time: 1
id: mlp_moelayer , depen: -1 , wg_comp_time: 1
id: attention_column , depen: -1 , wg_comp_time: 1
id: attention_row , depen: -1 , wg_comp_time: 1
id: mlp_moelayer , depen: -1 , wg_comp_time: 1
id: mlp_moelayer , depen: -1 , wg_comp_time: 1
id: mlp_moelayer , depen: -1 , wg_comp_time: 1
id: mlp_moelayer , depen: -1 , wg_comp_time: 1
id: mlp_moelayer , depen: -1 , wg_comp_time: 1
id: mlp_moelayer , depen: -1 , wg_comp_time: 1
id: mlp_moelayer , depen: -1 , wg_comp_time: 1
id: attention_column , depen: -1 , wg_comp_time: 1
id: attention_row , depen: -1 , wg_comp_time: 1
id: mlp_moelayer , depen: -1 , wg_comp_time: 1
id: mlp_moelayer , depen: -1 , wg_comp_time: 1
id: mlp_moelayer , depen: -1 , wg_comp_time: 1
id: mlp_moelayer , depen: -1 , wg_comp_time: 1
id: mlp_moelayer , depen: -1 , wg_comp_time: 1
id: mlp_moelayer , depen: -1 , wg_comp_time: 1
id: mlp_moelayer , depen: -1 , wg_comp_time: 1
id: attention_column , depen: -1 , wg_comp_time: 1
id: attention_row , depen: -1 , wg_comp_time: 1
id: mlp_moelayer , depen: -1 , wg_comp_time: 1
id: mlp_moelayer , depen: -1 , wg_comp_time: 1
id: mlp_moelayer , depen: -1 , wg_comp_time: 1
id: mlp_moelayer , depen: -1 , wg_comp_time: 1
id: mlp_moelayer , depen: -1 , wg_comp_time: 1
id: mlp_moelayer , depen: -1 , wg_comp_time: 1
id: mlp_moelayer , depen: -1 , wg_comp_time: 1
id: final_column , depen: -1 , wg_comp_time: 1
id: embedding_norm , depen: -1 , wg_comp_time: 1
id: embedding_layer , depen: -1 , wg_comp_time: 1
id: attention_column , depen: -1 , wg_comp_time: 1
id: attention_row , depen: -1 , wg_comp_time: 1
id: mlp_moelayer , depen: -1 , wg_comp_time: 1
id: mlp_moelayer , depen: -1 , wg_comp_time: 1
id: mlp_moelayer , depen: -1 , wg_comp_time: 1
id: mlp_moelayer , depen: -1 , wg_comp_time: 1
id: mlp_moelayer , depen: -1 , wg_comp_time: 1
id: mlp_moelayer , depen: -1 , wg_comp_time: 1
id: mlp_moelayer , depen: -1 , wg_comp_time: 1
id: attention_column , depen: -1 , wg_comp_time: 1
id: attention_row , depen: -1 , wg_comp_time: 1
id: mlp_moelayer , depen: -1 , wg_comp_time: 1
id: mlp_moelayer , depen: -1 , wg_comp_time: 1
id: mlp_moelayer , depen: -1 , wg_comp_time: 1
id: mlp_moelayer , depen: -1 , wg_comp_time: 1
id: mlp_moelayer , depen: -1 , wg_comp_time: 1
id: mlp_moelayer , depen: -1 , wg_comp_time: 1
id: mlp_moelayer , depen: -1 , wg_comp_time: 1
id: attention_column , depen: -1 , wg_comp_time: 1
id: attention_row , depen: -1 , wg_comp_time: 1
id: mlp_moelayer , depen: -1 , wg_comp_time: 1
id: mlp_moelayer , depen: -1 , wg_comp_time: 1
id: mlp_moelayer , depen: -1 , wg_comp_time: 1
id: mlp_moelayer , depen: -1 , wg_comp_time: 1
id: mlp_moelayer , depen: -1 , wg_comp_time: 1
id: mlp_moelayer , depen: -1 , wg_comp_time: 1
id: mlp_moelayer , depen: -1 , wg_comp_time: 1
id: attention_column , depen: -1 , wg_comp_time: 1
id: attention_row , depen: -1 , wg_comp_time: 1
id: mlp_moelayer , depen: -1 , wg_comp_time: 1
id: mlp_moelayer , depen: -1 , wg_comp_time: 1
id: mlp_moelayer , depen: -1 , wg_comp_time: 1
id: mlp_moelayer , depen: -1 , wg_comp_time: 1
id: mlp_moelayer , depen: -1 , wg_comp_time: 1
id: mlp_moelayer , depen: -1 , wg_comp_time: 1
id: mlp_moelayer , depen: -1 , wg_comp_time: 1
id: attention_column , depen: -1 , wg_comp_time: 1
id: attention_row , depen: -1 , wg_comp_time: 1
id: mlp_moelayer , depen: -1 , wg_comp_time: 1
id: mlp_moelayer , depen: -1 , wg_comp_time: 1
id: mlp_moelayer , depen: -1 , wg_comp_time: 1
id: mlp_moelayer , depen: -1 , wg_comp_time: 1
id: mlp_moelayer , depen: -1 , wg_comp_time: 1
id: mlp_moelayer , depen: -1 , wg_comp_time: 1
id: mlp_moelayer , depen: -1 , wg_comp_time: 1
id: attention_column , depen: -1 , wg_comp_time: 1
id: attention_row , depen: -1 , wg_comp_time: 1
id: mlp_moelayer , depen: -1 , wg_comp_time: 1
id: mlp_moelayer , depen: -1 , wg_comp_time: 1
id: mlp_moelayer , depen: -1 , wg_comp_time: 1
id: mlp_moelayer , depen: -1 , wg_comp_time: 1
id: mlp_moelayer , depen: -1 , wg_comp_time: 1
id: mlp_moelayer , depen: -1 , wg_comp_time: 1
id: mlp_moelayer , depen: -1 , wg_comp_time: 1
id: attention_column , depen: -1 , wg_comp_time: 1
id: attention_row , depen: -1 , wg_comp_time: 1
id: mlp_moelayer , depen: -1 , wg_comp_time: 1
id: mlp_moelayer , depen: -1 , wg_comp_time: 1
id: mlp_moelayer , depen: -1 , wg_comp_time: 1
id: mlp_moelayer , depen: -1 , wg_comp_time: 1
id: mlp_moelayer , depen: -1 , wg_comp_time: 1
id: mlp_moelayer , depen: -1 , wg_comp_time: 1
id: mlp_moelayer , depen: -1 , wg_comp_time: 1
id: attention_column , depen: -1 , wg_comp_time: 1
id: attention_row , depen: -1 , wg_comp_time: 1
id: mlp_moelayer , depen: -1 , wg_comp_time: 1
id: mlp_moelayer , depen: -1 , wg_comp_time: 1
id: mlp_moelayer , depen: -1 , wg_comp_time: 1
id: mlp_moelayer , depen: -1 , wg_comp_time: 1
id: mlp_moelayer , depen: -1 , wg_comp_time: 1
id: mlp_moelayer , depen: -1 , wg_comp_time: 1
id: mlp_moelayer , depen: -1 , wg_comp_time: 1
id: final_column , depen: -1 , wg_comp_time: 1
id: embedding_norm , depen: -1 , wg_comp_time: 1
id: cross_entropy1 , depen: -1 , wg_comp_time: 0
id: cross_entropy2 , depen: -1 , wg_comp_time: 0
id: cross_entropy3 , depen: -1 , wg_comp_time: 0
id: optimizer1 , depen: -1 , wg_comp_time: 0
id: optimizer2 , depen: -1 , wg_comp_time: 0
id: optimizer3 , depen: -1 , wg_comp_time: 0
id: optimizer4 , depen: -1 , wg_comp_time: 0
type: HYBRID_TRANSFORMER_FWD_IN_BCKWD ,num passes: 1 ,lines: 308 compute scale: 1 ,comm scale: 1
stat path: ./ncclFlowModel_ ,total rows: 1 ,stat row: 0
CSV path and filename: ./ncclFlowModel_detailed_32.csv
CSV path and filename: ./ncclFlowModel_EndToEnd.csv
Debug: Before firing workloads
Debug: All workloads fired, starting simulator
DEBUG_CHUNK_SIZE: size=3039723520, preferred_dataset_splits=1, resulting chunk_size=3039723520
DEBUG_COLLECTIVE_TYPE: layer=0, event=UNKNOWN (raw=0), size=3039723520, chunk_size=3039723520
DEBUG_STREAM_COUNT: chunk size is: 3039723520 , size is: 3039723520 , layer_num is: 0 , node: 0
DEBUG_STREAM_CREATE: Creating stream #0 for dataset id: 0 (total_streams=1)
DEBUG_STREAM_COUNT: Generated 1 streams for layer 0 (UNKNOWN), total injected: 1
info: all-gather forward pass collective issued for layer: grad_norm, involved dimensions:  1, 0, 0, 0, 0, 0, 0, 0, 0, 0,
DEBUG_SIM_END: Node 0 checking finish condition: finished_workloads=0, event_queue.size()=1, pending_sends.size()=0, initialized=1
[FLOW_DEBUG] Initiating flow from node=0 to node=1 maxPacketCount=759930880 tag=0 flow_id=0 at time=11
[FLOW_DEBUG] Initiating flow from node=0 to node=1 maxPacketCount=759930880 tag=1 flow_id=2 at time=11
[FLOW_DEBUG] Initiating flow from node=1 to node=0 maxPacketCount=759930880 tag=0 flow_id=1 at time=11
[FLOW_DEBUG] Initiating flow from node=1 to node=0 maxPacketCount=759930880 tag=1 flow_id=3 at time=11
[FLOW_DEBUG] Initiating flow from node=2 to node=3 maxPacketCount=759930880 tag=0 flow_id=4 at time=11
[FLOW_DEBUG] Initiating flow from node=2 to node=3 maxPacketCount=759930880 tag=1 flow_id=6 at time=11
[FLOW_DEBUG] Initiating flow from node=3 to node=2 maxPacketCount=759930880 tag=0 flow_id=5 at time=11
[FLOW_DEBUG] Initiating flow from node=3 to node=2 maxPacketCount=759930880 tag=1 flow_id=7 at time=11
[FLOW_DEBUG] Initiating flow from node=4 to node=5 maxPacketCount=759930880 tag=0 flow_id=8 at time=11
[FLOW_DEBUG] Initiating flow from node=4 to node=5 maxPacketCount=759930880 tag=1 flow_id=10 at time=11
[FLOW_DEBUG] Initiating flow from node=5 to node=4 maxPacketCount=759930880 tag=0 flow_id=9 at time=11
[FLOW_DEBUG] Initiating flow from node=5 to node=4 maxPacketCount=759930880 tag=1 flow_id=11 at time=11
[FLOW_DEBUG] Initiating flow from node=6 to node=7 maxPacketCount=759930880 tag=0 flow_id=12 at time=11
[FLOW_DEBUG] Initiating flow from node=6 to node=7 maxPacketCount=759930880 tag=1 flow_id=14 at time=11
[FLOW_DEBUG] Initiating flow from node=7 to node=6 maxPacketCount=759930880 tag=0 flow_id=13 at time=11
[FLOW_DEBUG] Initiating flow from node=7 to node=6 maxPacketCount=759930880 tag=1 flow_id=15 at time=11
[FLOW_DEBUG] Initiating flow from node=8 to node=9 maxPacketCount=759930880 tag=0 flow_id=16 at time=11
[FLOW_DEBUG] Initiating flow from node=8 to node=9 maxPacketCount=759930880 tag=1 flow_id=18 at time=11
[FLOW_DEBUG] Initiating flow from node=9 to node=8 maxPacketCount=759930880 tag=0 flow_id=17 at time=11
[FLOW_DEBUG] Initiating flow from node=9 to node=8 maxPacketCount=759930880 tag=1 flow_id=19 at time=11
[FLOW_DEBUG] Initiating flow from node=10 to node=11 maxPacketCount=759930880 tag=0 flow_id=20 at time=11
[FLOW_DEBUG] Initiating flow from node=10 to node=11 maxPacketCount=759930880 tag=1 flow_id=22 at time=11
[FLOW_DEBUG] Initiating flow from node=11 to node=10 maxPacketCount=759930880 tag=0 flow_id=21 at time=11
[FLOW_DEBUG] Initiating flow from node=11 to node=10 maxPacketCount=759930880 tag=1 flow_id=23 at time=11
[FLOW_DEBUG] Initiating flow from node=12 to node=13 maxPacketCount=759930880 tag=0 flow_id=24 at time=11
[FLOW_DEBUG] Initiating flow from node=12 to node=13 maxPacketCount=759930880 tag=1 flow_id=26 at time=11
[FLOW_DEBUG] Initiating flow from node=13 to node=12 maxPacketCount=759930880 tag=0 flow_id=25 at time=11
[FLOW_DEBUG] Initiating flow from node=13 to node=12 maxPacketCount=759930880 tag=1 flow_id=27 at time=11
[FLOW_DEBUG] Initiating flow from node=14 to node=15 maxPacketCount=759930880 tag=0 flow_id=28 at time=11
[FLOW_DEBUG] Initiating flow from node=14 to node=15 maxPacketCount=759930880 tag=1 flow_id=30 at time=11
[FLOW_DEBUG] Initiating flow from node=15 to node=14 maxPacketCount=759930880 tag=0 flow_id=29 at time=11
[FLOW_DEBUG] Initiating flow from node=15 to node=14 maxPacketCount=759930880 tag=1 flow_id=31 at time=11
[FLOW_DEBUG] Initiating flow from node=16 to node=17 maxPacketCount=759930880 tag=0 flow_id=32 at time=11
[FLOW_DEBUG] Initiating flow from node=16 to node=17 maxPacketCount=759930880 tag=1 flow_id=34 at time=11
[FLOW_DEBUG] Initiating flow from node=17 to node=16 maxPacketCount=759930880 tag=0 flow_id=33 at time=11
[FLOW_DEBUG] Initiating flow from node=17 to node=16 maxPacketCount=759930880 tag=1 flow_id=35 at time=11
[FLOW_DEBUG] Initiating flow from node=18 to node=19 maxPacketCount=759930880 tag=0 flow_id=36 at time=11
[FLOW_DEBUG] Initiating flow from node=18 to node=19 maxPacketCount=759930880 tag=1 flow_id=38 at time=11
[FLOW_DEBUG] Initiating flow from node=19 to node=18 maxPacketCount=759930880 tag=0 flow_id=37 at time=11
[FLOW_DEBUG] Initiating flow from node=19 to node=18 maxPacketCount=759930880 tag=1 flow_id=39 at time=11
[FLOW_DEBUG] Initiating flow from node=20 to node=21 maxPacketCount=759930880 tag=0 flow_id=40 at time=11
[FLOW_DEBUG] Initiating flow from node=20 to node=21 maxPacketCount=759930880 tag=1 flow_id=42 at time=11
[FLOW_DEBUG] Initiating flow from node=21 to node=20 maxPacketCount=759930880 tag=0 flow_id=41 at time=11
[FLOW_DEBUG] Initiating flow from node=21 to node=20 maxPacketCount=759930880 tag=1 flow_id=43 at time=11
[FLOW_DEBUG] Initiating flow from node=22 to node=23 maxPacketCount=759930880 tag=0 flow_id=44 at time=11
[FLOW_DEBUG] Initiating flow from node=22 to node=23 maxPacketCount=759930880 tag=1 flow_id=46 at time=11
[FLOW_DEBUG] Initiating flow from node=23 to node=22 maxPacketCount=759930880 tag=0 flow_id=45 at time=11
[FLOW_DEBUG] Initiating flow from node=23 to node=22 maxPacketCount=759930880 tag=1 flow_id=47 at time=11
[FLOW_DEBUG] Initiating flow from node=24 to node=25 maxPacketCount=759930880 tag=0 flow_id=48 at time=11
[FLOW_DEBUG] Initiating flow from node=24 to node=25 maxPacketCount=759930880 tag=1 flow_id=50 at time=11
[FLOW_DEBUG] Initiating flow from node=25 to node=24 maxPacketCount=759930880 tag=0 flow_id=49 at time=11
[FLOW_DEBUG] Initiating flow from node=25 to node=24 maxPacketCount=759930880 tag=1 flow_id=51 at time=11
[FLOW_DEBUG] Initiating flow from node=26 to node=27 maxPacketCount=759930880 tag=0 flow_id=52 at time=11
[FLOW_DEBUG] Initiating flow from node=26 to node=27 maxPacketCount=759930880 tag=1 flow_id=54 at time=11
[FLOW_DEBUG] Initiating flow from node=27 to node=26 maxPacketCount=759930880 tag=0 flow_id=53 at time=11
[FLOW_DEBUG] Initiating flow from node=27 to node=26 maxPacketCount=759930880 tag=1 flow_id=55 at time=11
[FLOW_DEBUG] Initiating flow from node=28 to node=29 maxPacketCount=759930880 tag=0 flow_id=56 at time=11
[FLOW_DEBUG] Initiating flow from node=28 to node=29 maxPacketCount=759930880 tag=1 flow_id=58 at time=11
[FLOW_DEBUG] Initiating flow from node=29 to node=28 maxPacketCount=759930880 tag=0 flow_id=57 at time=11
[FLOW_DEBUG] Initiating flow from node=29 to node=28 maxPacketCount=759930880 tag=1 flow_id=59 at time=11
[FLOW_DEBUG] Initiating flow from node=30 to node=31 maxPacketCount=759930880 tag=0 flow_id=60 at time=11
[FLOW_DEBUG] Initiating flow from node=30 to node=31 maxPacketCount=759930880 tag=1 flow_id=62 at time=11
[FLOW_DEBUG] Initiating flow from node=31 to node=30 maxPacketCount=759930880 tag=0 flow_id=61 at time=11
[FLOW_DEBUG] Initiating flow from node=31 to node=30 maxPacketCount=759930880 tag=1 flow_id=63 at time=11
***** info: fwd pass comm collective for layer: grad_norm is finished************
[FLOW_DEBUG] Initiating flow from node=[FLOW_DEBUG] Initiating flow from node=75 to node= to node=4 maxPacketCount=6 maxPacketCount=1048576010485760 tag=4 flow_id= tag=734 at time= flow_id=69 at time=1351105713511057

[FLOW_DEBUG] Initiating flow from node=7 to node=6 maxPacketCount=10485760 tag=5 flow_id=71 at time=13511057
[FLOW_DEBUG] Initiating flow from node=25 to node=24 maxPacketCount=10485760 tag=4 flow_id=65 at time=13511057
[FLOW_DEBUG] Initiating flow from node=5 to node=4 maxPacketCount=10485760 tag=5 flow_id=75 at time=13511057
[FLOW_DEBUG] Initiating flow from node=25 to node=24 maxPacketCount=10485760 tag=5 flow_id=67 at time=13511057
[FLOW_DEBUG] Initiating flow from node=info: no forward pass collective for layer: 1embedding_layer to node=0 maxPacketCount=10485760 tag=4 flow_id=77
 at time=[FLOW_DEBUG] Initiating flow from node=[FLOW_DEBUG] Initiating flow from node=631 to node= to node=730 maxPacketCount= maxPacketCount=10485760 tag=104857604 flow_id=81 tag= at time=4 flow_id=68 at time=1351105713511057

13511057
[FLOW_DEBUG] Initiating flow from node=12 to node=13 maxPacketCount=10485760 tag=4 flow_id=96 at time=[FLOW_DEBUG] Initiating flow from node=1351105731 to node=
30[FLOW_DEBUG] Initiating flow from node=16 to node=17 maxPacketCount=10485760 tag=4 flow_id=84 at time=13511057
[FLOW_DEBUG] Initiating flow from node=21 to node=20 maxPacketCount=10485760 tag=4 flow_id=93 at time=13511057
 maxPacketCount=[FLOW_DEBUG] Initiating flow from node=8 to node=9 maxPacketCount=10485760 tag=4 flow_id=88 at time=13511057
10485760 tag=5 flow_id=83 at time=13511057
DEBUG_CHUNK_SIZE: size=41943040, preferred_dataset_splits=1, resulting chunk_size=41943040
DEBUG_COLLECTIVE_TYPE: layer=2, event=UNKNOWN (raw=0), size=41943040, chunk_size=41943040
DEBUG_STREAM_COUNT: chunk size is: 41943040 , size is: 41943040 , layer_num is: 2 , node: 0
[FLOW_DEBUG] Initiating flow from node=12 to node=13 maxPacketCount=10485760 tag=5 flow_id=98 at time=13511057
[FLOW_DEBUG] Initiating flow from node=[FLOW_DEBUG] Initiating flow from node=DEBUG_STREAM_CREATE: Creating stream #21 to node=120 for dataset id: 47 maxPacketCount= (total_streams=10485760 tag=1)54 to node=5 maxPacketCount=10485760 tag=4 flow_id=72 at time= flow_id=95 at time=1351105713511057


[FLOW_DEBUG] Initiating flow from node=[FLOW_DEBUG] Initiating flow from node=61 to node= to node=70 maxPacketCount= maxPacketCount=1048576010485760 tag=5 flow_id=79 at time= tag=5 flow_id=70 at time=1351105713511057

[FLOW_DEBUG] Initiating flow from node=DEBUG_STREAM_COUNT: Generated 1 streams for layer 2 (UNKNOWN), total injected: 2
9info: all-gather forward pass collective issued for layer:  to node=attention_column8 maxPacketCount=10485760 tag=4 flow_id=89 at time=[FLOW_DEBUG] Initiating flow from node=8 to node=9 maxPacketCount=1048576013511057 tag=5 flow_id=90 at time=
13511057
[FLOW_DEBUG] Initiating flow from node=16 to node=17 maxPacketCount=10485760 tag=5 flow_id=86 at time=13511057
, involved dimensions:  1, 0, 0, 0, 0, 0, 0, 0, 0, 0,
[FLOW_DEBUG] Initiating flow from node=28 to node=29 maxPacketCount=10485760 tag=4 flow_id=104 at time=13511057
[FLOW_DEBUG] Initiating flow from node=19 to node=18 maxPacketCount=10485760 tag=4 flow_id=117 at time=13511057
[FLOW_DEBUG] Initiating flow from node=3 to node=2 maxPacketCount=10485760 tag=4 flow_id=109 at time=13511057
[FLOW_DEBUG] Initiating flow from node=22 to node=23 maxPacketCount=10485760 tag=4 flow_id=100 at time=13511057
[FLOW_DEBUG] Initiating flow from node=4 to node=5 maxPacketCount=10485760 tag=5 flow_id=74 at time=13511057
[FLOW_DEBUG] Initiating flow from node=29 to node=28 maxPacketCount=10485760 tag=4 flow_id=105 at time=13511057
[FLOW_DEBUG] Initiating flow from node=0 to node=1 maxPacketCount=10485760 tag=4 flow_id=76 at time=13511057
[FLOW_DEBUG] Initiating flow from node=24 to node=25 maxPacketCount=10485760 tag=4 flow_id=64 at time=13511057
[FLOW_DEBUG] Initiating flow from node=28 to node=29 maxPacketCount=10485760 tag=5 flow_id=106 at time=13511057
[FLOW_DEBUG] Initiating flow from node=30 to node=31 maxPacketCount=10485760 tag=4 flow_id=80 at time=13511057
[FLOW_DEBUG] Initiating flow from node=17 to node=16 maxPacketCount=10485760 tag=4 flow_id=85 at time=13511057
[FLOW_DEBUG] Initiating flow from node=19 to node=18 maxPacketCount=10485760 tag=5 flow_id=119 at time=13511057
[FLOW_DEBUG] Initiating flow from node=10 to node=11 maxPacketCount=10485760 tag=4 flow_id=[FLOW_DEBUG] Initiating flow from node=112 at time=[FLOW_DEBUG] Initiating flow from node=11 to node=10 maxPacketCount=10485760 tag=4 flow_id=113 at time=1351105723
 to node=22 maxPacketCount=10485760 tag=4 flow_id=101 at time=13511057
[FLOW_DEBUG] Initiating flow from node=29 to node=28 maxPacketCount=10485760 tag=5 flow_id=107 at time=13511057
13511057
[FLOW_DEBUG] Initiating flow from node=9 to node=8 maxPacketCount=10485760 tag=5 flow_id=91 at time=13511057
[FLOW_DEBUG] Initiating flow from node=3 to node=2 maxPacketCount=10485760 tag=5 flow_id=111 at time=13511057
[FLOW_DEBUG] Initiating flow from node=20 to node=21 maxPacketCount=10485760 tag=4 flow_id=92 at time=13511057
[FLOW_DEBUG] Initiating flow from node=30 to node=[FLOW_DEBUG] Initiating flow from node=[FLOW_DEBUG] Initiating flow from node=24 to node=2515 maxPacketCount=31 maxPacketCount=10485760 tag=5 flow_id=82 at time=[FLOW_DEBUG] Initiating flow from node=10485760 tag=175 to node= flow_id=16 maxPacketCount=10485760 tag=5 flow_id=87 at time=[FLOW_DEBUG] Initiating flow from node=2613511057
 to node= to node=14 maxPacketCount=10485760 tag=4 flow_id=27121 at time= maxPacketCount=13511057
1048576066 tag= at time=13511057
[FLOW_DEBUG] Initiating flow from node=10 to node=11 maxPacketCount=10485760 tag=5 flow_id=114 at time=13511057
4 flow_id=124 at time=13511057
[FLOW_DEBUG] Initiating flow from node=22 to node=23 maxPacketCount=10485760 tag=5 flow_id=102 at time=13511057
[FLOW_DEBUG] Initiating flow from node=18 to node=19 maxPacketCount=10485760 tag=4 flow_id=116 at time=13511057
[FLOW_DEBUG] Initiating flow from node=14 to node=15 maxPacketCount=10485760 tag=4 flow_id=120 at time=13511057
13511057
[FLOW_DEBUG] Initiating flow from node=2 to node=3 maxPacketCount=10485760 tag=4 flow_id=108 at time=13511057
[FLOW_DEBUG] Initiating flow from node=20 to node=21 maxPacketCount=10485760 tag=5 flow_id=94 at time=13511057
[FLOW_DEBUG] Initiating flow from node=27 to node=26 maxPacketCount=10485760 tag=4 flow_id=125 at time=13511057[FLOW_DEBUG] Initiating flow from node=
11 to node=10 maxPacketCount=10485760 tag=5 flow_id=115 at time=13511057
[FLOW_DEBUG] Initiating flow from node=0 to node=1 maxPacketCount=10485760 tag=5 flow_id=78 at time=13511057
[FLOW_DEBUG] Initiating flow from node=23[FLOW_DEBUG] Initiating flow from node= to node=14 to node=15 maxPacketCount=10485760 tag=5 flow_id=22 maxPacketCount=10485760 tag=5 flow_id=122103 at time= at time=13511057
13511057
[FLOW_DEBUG] Initiating flow from node=18 to node=19 maxPacketCount=10485760 tag=5 flow_id=118 at time=13511057
[FLOW_DEBUG] Initiating flow from node=15 to node=14 maxPacketCount=10485760 tag=5 flow_id=123 at time=13511057
[FLOW_DEBUG] Initiating flow from node=[FLOW_DEBUG] Initiating flow from node=13 to node=12 maxPacketCount=10485760 tag=4 flow_id=97 at time=13511057
26 to node=27 maxPacketCount=10485760 tag=5 flow_id=126 at time=13511057
[FLOW_DEBUG] Initiating flow from node=27 to node=26 maxPacketCount=10485760 tag=5 flow_id=127 at time=13511057
[FLOW_DEBUG] Initiating flow from node=2 to node=3 maxPacketCount=10485760 tag=5 flow_id=110 at time=13511057
[FLOW_DEBUG] Initiating flow from node=13 to node=12 maxPacketCount=10485760 tag=5 flow_id=99 at time=13511057
***** info: fwd pass comm collective for layer: attention_column is finished************
[FLOW_DEBUG] Initiating flow from node=21 to node=20 maxPacketCount=10485760 tag=6 flow_id=129 at time=13698633
DEBUG_CHUNK_SIZE: size=41943040, preferred_dataset_splits=1, resulting chunk_size=41943040
DEBUG_COLLECTIVE_TYPE: layer=3, event=UNKNOWN (raw=0), size=41943040, chunk_size=41943040
DEBUG_STREAM_COUNT: chunk size is: 41943040 , size is: 41943040 , layer_num is: 3 , node: 0
[FLOW_DEBUG] Initiating flow from node=21 to node=20 maxPacketCount=10485760 tag=7 flow_id=131 at time=13698633
[FLOW_DEBUG] Initiating flow from node=22 to node=23 maxPacketCount=10485760 tag=6 flow_id=140 at time=13698633
[FLOW_DEBUG] Initiating flow from node=14 to node=15 maxPacketCount=10485760 tag=6 flow_id=136 at time=13698633
[FLOW_DEBUG] Initiating flow from node=24 to node=25 maxPacketCount=10485760 tag=6 flow_id=152 at time=13698633
[FLOW_DEBUG] Initiating flow from node=22 to node=23 maxPacketCount=10485760 tag=7 flow_id=142 at time=13698633
[FLOW_DEBUG] Initiating flow from node=10 to node=11 maxPacketCount=10485760 tag=6 flow_id=144 at time=13698633
DEBUG_STREAM_CREATE: Creating stream #2 for dataset id: 72 (total_streams=1)
DEBUG_STREAM_COUNT: Generated 1 streams for layer 3 (UNKNOWN), total injected: 3
info: reduce-scatter forward pass collective issued for layer: attention_row, involved dimensions:  1, 0, 0, 0, 0, 0, 0, 0, 0, 0,
[FLOW_DEBUG] Initiating flow from node=16[FLOW_DEBUG] Initiating flow from node= to node=[FLOW_DEBUG] Initiating flow from node=1 to node=0 maxPacketCount=[FLOW_DEBUG] Initiating flow from node=10485760 tag=56 to node= flow_id=1494 maxPacketCount=14 at time= to node=1048576013698633 tag=615
 flow_id=161[FLOW_DEBUG] Initiating flow from node= at time=24 to node=25 maxPacketCount=1369863310485760
 tag=7 flow_id=154 at time=13698633
17 maxPacketCount=10485760 tag=6 flow_id=132 at time=13698633
 maxPacketCount=10485760 tag=7 flow_id=138 at time=13698633
[FLOW_DEBUG] Initiating flow from node=10 to node=11 maxPacketCount=10485760 tag=7 flow_id=146 at time=13698633
[FLOW_DEBUG] Initiating flow from node=[FLOW_DEBUG] Initiating flow from node=318 to node= to node=219 maxPacketCount= maxPacketCount=1048576010485760 tag=6 tag= flow_id=6 flow_id=169164 at time= at time=1369863313698633

[FLOW_DEBUG] Initiating flow from node=15 to node=14 maxPacketCount=10485760 tag=6 flow_id=137 at time=13698633
[FLOW_DEBUG] Initiating flow from node=27 to node=26[FLOW_DEBUG] Initiating flow from node=29 to node=28 maxPacketCount=10485760 tag=6 flow_id= maxPacketCount=157 at time=10485760 tag=613698633 flow_id=[FLOW_DEBUG] Initiating flow from node=9 to node=8 maxPacketCount=10485760 tag=6177 flow_id=173
 at time= at time=13698633
[FLOW_DEBUG] Initiating flow from node=28 to node=29 maxPacketCount=10485760 tag=6 flow_id=156 at time=[FLOW_DEBUG] Initiating flow from node=1 to node=0 maxPacketCount=1369863310485760 tag=7 flow_id=[FLOW_DEBUG] Initiating flow from node=
[FLOW_DEBUG] Initiating flow from node=26 to node=27 maxPacketCount=10485760 tag=6 flow_id=176 at time=13698633
[FLOW_DEBUG] Initiating flow from node=[FLOW_DEBUG] Initiating flow from node=0[FLOW_DEBUG] Initiating flow from node=6 to node= to node=71[FLOW_DEBUG] Initiating flow from node= maxPacketCount=[FLOW_DEBUG] Initiating flow from node=1048576011 tag= to node=106 flow_id= maxPacketCount=148 at time=1048576018 tag=6 to node= flow_id=145 at time=19 maxPacketCount=136986331369863310485760
 tag=151
 at time=4 to node= maxPacketCount=510485760 maxPacketCount= tag=[FLOW_DEBUG] Initiating flow from node=13698633
610485760[FLOW_DEBUG] Initiating flow from node=[FLOW_DEBUG] Initiating flow from node=3 to node=2 maxPacketCount=10485760 tag=7 flow_id=171 at time=13698633
7 flow_id=166[FLOW_DEBUG] Initiating flow from node=1615 at time= to node=13698633
 tag=6 flow_id=160 at time=14 maxPacketCount=10485760 tag=7 flow_id=139 at time=13698633
136986335 flow_id=180 at time=13698633 to node=
 to node=417 maxPacketCount=10485760 tag=7 flow_id=134 at time=13698633
13698633
23 to node=22 maxPacketCount=10485760 tag=6 flow_id=141 at time=13698633

 maxPacketCount=10485760 tag=7 flow_id=163 at time=13698633
[FLOW_DEBUG] Initiating flow from node=6 to node=7 maxPacketCount=10485760 tag=7 flow_id=182 at time=13698633
[FLOW_DEBUG] Initiating flow from node=29 to node=28 maxPacketCount=10485760 tag=7 flow_id=159 at time=13698633
[FLOW_DEBUG] Initiating flow from node=26 to node=27 maxPacketCount=10485760 tag=7 flow_id=178 at time=13698633
[FLOW_DEBUG] Initiating flow from node=17 to node=16 maxPacketCount=10485760 tag=6 flow_id=133 at time=13698633
[FLOW_DEBUG] Initiating flow from node=19 to node=18 maxPacketCount=10485760 tag=6 flow_id=165 at time=13698633
[FLOW_DEBUG] Initiating flow from node=28 to node=29 maxPacketCount=10485760 tag=7 flow_id=158 at time=[FLOW_DEBUG] Initiating flow from node=13698633
9 to node=8 maxPacketCount=10485760 tag=7 flow_id=175 at time=13698633
[FLOW_DEBUG] Initiating flow from node=25 to node=24 maxPacketCount=10485760 tag=6 flow_id=153 at time=13698633
[FLOW_DEBUG] Initiating flow from node=0 to node=1 maxPacketCount=10485760 tag=7 flow_id=150 at time=13698633
[FLOW_DEBUG] Initiating flow from node=11 to node=10 maxPacketCount=[FLOW_DEBUG] Initiating flow from node=27 to node=26 maxPacketCount=10485760 tag=104857607 flow_id= tag=1797 at time= flow_id=147 at time=13698633
13698633
[FLOW_DEBUG] Initiating flow from node=17 to node=16 maxPacketCount=10485760 tag=7 flow_id=135 at time=13698633
[FLOW_DEBUG] Initiating flow from node=7 to node=6 maxPacketCount=10485760 tag=6 flow_id=181 at time=13698633
[FLOW_DEBUG] Initiating flow from node=[FLOW_DEBUG] Initiating flow from node=[FLOW_DEBUG] Initiating flow from node=[FLOW_DEBUG] Initiating flow from node=25[FLOW_DEBUG] Initiating flow from node=2 to node=3 maxPacketCount=10485760 tag=6 flow_id=168 at time=13698633
12 to node=13 maxPacketCount=10485760 tag=6 flow_id=184 at time=13698633
[FLOW_DEBUG] Initiating flow from node=1319 to node=18 maxPacketCount=10485760 tag=7 flow_id=167 at time=13698633
 to node= to node=12 maxPacketCount=10485760 tag=6 flow_id=185 at time=13698633
[FLOW_DEBUG] Initiating flow from node=[FLOW_DEBUG] Initiating flow from node=4 to node=5 maxPacketCount=10485760 tag=7 flow_id=162 at time=13698633
23 to node=22 maxPacketCount=10485760 tag=7 flow_id=143 at time=13698633
8 to node=9 maxPacketCount=10485760 tag=6 flow_id=172 at time=13698633
24 maxPacketCount=10485760 tag=7 flow_id=155 at time=13698633
[FLOW_DEBUG] Initiating flow from node=31 to node=30 maxPacketCount=10485760 tag=6 flow_id=189 at time=13698633
[FLOW_DEBUG] Initiating flow from node=2 to node=3 maxPacketCount=10485760 tag=7 flow_id=170 at time=13698633
[FLOW_DEBUG] Initiating flow from node=30 to node=31 maxPacketCount=10485760 tag=6 flow_id=188 at time=[FLOW_DEBUG] Initiating flow from node=20 to node=21 maxPacketCount=10485760 tag=6 flow_id=128 at time=13698633
13698633
[FLOW_DEBUG] Initiating flow from node=7 to node=6 maxPacketCount=10485760 tag=7 flow_id=183 at time=13698633
[FLOW_DEBUG] Initiating flow from node=31 to node=30 maxPacketCount=10485760 tag=7 flow_id=191 at time=13698633
[FLOW_DEBUG] Initiating flow from node=8 to node=9 maxPacketCount=10485760 tag=7 flow_id=174 at time=13698633
[FLOW_DEBUG] Initiating flow from node=20 to node=21 maxPacketCount=10485760 tag=7 flow_id=130 at time=13698633
[FLOW_DEBUG] Initiating flow from node=30 to node=31 maxPacketCount=10485760 tag=7 flow_id=190 at time=13698633
[FLOW_DEBUG] Initiating flow from node=12 to node=13 maxPacketCount=10485760 tag=7 flow_id=186 at time=13698633
[FLOW_DEBUG] Initiating flow from node=13 to node=12 maxPacketCount=10485760 tag=7 flow_id=187 at time=13698633
[FLOW_DEBUG] Initiating flow from node=24 to node=25 maxPacketCount=32768 tag=8 flow_id=200 at time=13886209
[FLOW_DEBUG] Initiating flow from node=6 to node=7 maxPacketCount=32768 tag=8 flow_id=204 at time=13886209
[FLOW_DEBUG] Initiating flow from node=20 to node=21 maxPacketCount=32768 tag=8 flow_id=208 at time=13886209
[FLOW_DEBUG] Initiating flow from node=24 to node=25 maxPacketCount=32768 tag=9 flow_id=202 at time=13886209
[FLOW_DEBUG] Initiating flow from node=4 to node=5 maxPacketCount=32768 tag=8 flow_id=212 at time=[FLOW_DEBUG] Initiating flow from node=13886209[FLOW_DEBUG] Initiating flow from node=17 to node=16 maxPacketCount=32768 tag=8 flow_id=[FLOW_DEBUG] Initiating flow from node=221 at time=1913886209 to node=[FLOW_DEBUG] Initiating flow from node=18 maxPacketCount=
[FLOW_DEBUG] Initiating flow from node=[FLOW_DEBUG] Initiating flow from node=31 to node=30 maxPacketCount=32768 tag=8 flow_id=197 at time=13886209
932768 to node=8 maxPacketCount=32768 tag=8 flow_id=225 at time=13886209
[FLOW_DEBUG] Initiating flow from node=2018 to node=21 maxPacketCount=32768 tag=9 flow_id=210 at time=13886209
[FLOW_DEBUG] Initiating flow from node=[FLOW_DEBUG] Initiating flow from node=16 to node=17 maxPacketCount=32768 tag=8 flow_id=220 at time= to node=1388620919
 maxPacketCount=[FLOW_DEBUG] Initiating flow from node=25 to node=24 maxPacketCount=32768 tag=8 flow_id=201 at time=10 to node=11 maxPacketCount=32768 tag=8 flow_id=192 at time=13886209
 tag=8 flow_id=229 at time=13886209
32768 tag=8 flow_id=228 at time=13886209

[FLOW_DEBUG] Initiating flow from node=13886209
[FLOW_DEBUG] Initiating flow from node=1[FLOW_DEBUG] Initiating flow from node=28 to node=29 maxPacketCount=32768 tag=8 flow_id=232 at time=13886209
8 to node=9 maxPacketCount=32768 tag=8 flow_id=224 at time=13886209
 to node=60 maxPacketCount=32768 tag=8 flow_id=217 at time=13886209
 to node=7 maxPacketCount=32768 tag=9 flow_id=206 at time=[FLOW_DEBUG] Initiating flow from node=1388620917
 to node=16 maxPacketCount=32768 tag=9 flow_id=223 at time=[FLOW_DEBUG] Initiating flow from node=7 to node=6 maxPacketCount=32768 tag=8 flow_id=205 at time=13886209
13886209
[FLOW_DEBUG] Initiating flow from node=9 to node=8 maxPacketCount=32768 tag=9 flow_id=227 at time=13886209
[FLOW_DEBUG] Initiating flow from node=5 to node=4 maxPacketCount=32768 tag=8 flow_id=213 at time=13886209
[FLOW_DEBUG] Initiating flow from node=28 to node=29 maxPacketCount=32768 tag=9 flow_id=234 at time=13886209
[FLOW_DEBUG] Initiating flow from node=8 to node=9 maxPacketCount=32768 tag=9 flow_id=226 at time=13886209
[FLOW_DEBUG] Initiating flow from node=10 to node=11 maxPacketCount=32768 tag=9 flow_id=194 at time=13886209
[FLOW_DEBUG] Initiating flow from node=19 to node=18 maxPacketCount=32768 tag=9 flow_id=231 at time=13886209
[FLOW_DEBUG] Initiating flow from node=4 to node=5 maxPacketCount=32768 tag=9 flow_id=214 at time=13886209
[FLOW_DEBUG] Initiating flow from node=18 to node=19 maxPacketCount=32768 tag=9 flow_id=230 at time=13886209
***** info: fwd pass comm collective for layer: attention_row is finished************
[FLOW_DEBUG] Initiating flow from node=25 to node=24 maxPacketCount=32768 tag=9 flow_id=203 at time=13886209
[FLOW_DEBUG] Initiating flow from node=31 to node=30 maxPacketCount=32768 tag=9 flow_id=199 at time=13886209
[FLOW_DEBUG] Initiating flow from node=29[FLOW_DEBUG] Initiating flow from node=7 to node=6 maxPacketCount=32768 tag= to node=289 maxPacketCount= flow_id=20732768 at time= tag=8 flow_id=13886209233
 at time=13886209
DEBUG_CHUNK_SIZE: size=131072, preferred_dataset_splits=1, resulting chunk_size=131072
DEBUG_COLLECTIVE_TYPE: layer=4, event=UNKNOWN (raw=0), size=131072, chunk_size=131072
DEBUG_STREAM_COUNT: chunk size is: 131072 , size is: 131072 , layer_num is: 4 , node: 0
DEBUG_STREAM_CREATE: Creating stream #3 for dataset id: 114 (total_streams=1)
DEBUG_STREAM_COUNT: Generated 1 streams for layer 4 (UNKNOWN), total injected: 4
info: all-gather forward pass collective issued for layer: mlp_moelayer, involved dimensions:  1, 0, 0, 0, 0, 0, 0, 0, 0, 0,
[FLOW_DEBUG] Initiating flow from node=14 to node=15 maxPacketCount=32768 tag=8 flow_id=240 at time=13886209
[FLOW_DEBUG] Initiating flow from node=3 to node=2 maxPacketCount=32768 tag=8 flow_id=245 at time=13886209
[FLOW_DEBUG] Initiating flow from node=30 to node=31 maxPacketCount=32768 tag=8 flow_id=196 at time=[FLOW_DEBUG] Initiating flow from node=13886209
[FLOW_DEBUG] Initiating flow from node=[FLOW_DEBUG] Initiating flow from node=25 to node=4 maxPacketCount=32768 tag=9 flow_id=215 at time=13886209
 to node=3 maxPacketCount=32768 tag=8 flow_id=244 at time=13886209
0[FLOW_DEBUG] Initiating flow from node=[FLOW_DEBUG] Initiating flow from node=22 to node=23 maxPacketCount=32768 tag=8 flow_id=248 at time=13886209
 to node=1 maxPacketCount=32768 tag=8 flow_id=216 at time=13886209
[FLOW_DEBUG] Initiating flow from node=[FLOW_DEBUG] Initiating flow from node=27 to node=26 maxPacketCount=32768 tag=8 flow_id=237 at time=13886209
13 to node=12 maxPacketCount=32768 tag=8 flow_id=253 at time=13886209
[FLOW_DEBUG] Initiating flow from node=2321 to node= to node=2022 maxPacketCount= maxPacketCount=32768 tag=327688 tag= flow_id=8209 flow_id= at time=249 at time=13886209
13886209
[FLOW_DEBUG] Initiating flow from node=12 to node=13 maxPacketCount=32768 tag=8 flow_id=252 at time=13886209
[FLOW_DEBUG] Initiating flow from node=14 to node=15 maxPacketCount=32768 tag=9 flow_id=242 at time=13886209
[FLOW_DEBUG] Initiating flow from node=1 to node=0 maxPacketCount=32768 tag=9 flow_id=219 at time=13886209
[FLOW_DEBUG] Initiating flow from node=3 to node=[FLOW_DEBUG] Initiating flow from node=[FLOW_DEBUG] Initiating flow from node=30 to node=31 maxPacketCount=32768 tag=9 flow_id=198 at time=13886209
16 to node=17 maxPacketCount=32768 tag=9 flow_id=222 at time=13886209
2 maxPacketCount=32768 tag=9 flow_id=247 at time=13886209
[FLOW_DEBUG] Initiating flow from node=29 to node=28 maxPacketCount=32768 tag=9 flow_id=235 at time=13886209
[FLOW_DEBUG] Initiating flow from node=15 to node=14 maxPacketCount=32768 tag=[FLOW_DEBUG] Initiating flow from node=23 to node=228 maxPacketCount=32768 flow_id=241 tag= at time=9 flow_id=251 at time=1388620913886209

[FLOW_DEBUG] Initiating flow from node=22 to node=23 maxPacketCount=32768 tag=9 flow_id=250 at time=13886209
[FLOW_DEBUG] Initiating flow from node=21 to node=20 maxPacketCount=32768 tag=9 flow_id=211 at time=13886209
[FLOW_DEBUG] Initiating flow from node=26 to node=27 maxPacketCount=32768 tag=8 flow_id=236 at time=13886209
[FLOW_DEBUG] Initiating flow from node=15 to node=14 maxPacketCount=32768 tag=9 flow_id=243 at time=13886209
[FLOW_DEBUG] Initiating flow from node=12 to node=13 maxPacketCount=32768 tag=9 flow_id=[FLOW_DEBUG] Initiating flow from node=2542 to node=3 maxPacketCount=32768 tag=9 flow_id=246 at time= at time=13886209
13886209
[FLOW_DEBUG] Initiating flow from node=11 to node=10 maxPacketCount=32768 tag=8 flow_id=193 at time=13886209
[FLOW_DEBUG] Initiating flow from node=0 to node=1 maxPacketCount=32768 tag=9 flow_id=218 at time=13886209
[FLOW_DEBUG] Initiating flow from node=26 to node=27 maxPacketCount=32768 tag=9 flow_id=238 at time=13886209
[FLOW_DEBUG] Initiating flow from node=13 to node=12 maxPacketCount=32768 tag=9 flow_id=255 at time=13886209
[FLOW_DEBUG] Initiating flow from node=27 to node=26 maxPacketCount=32768 tag=9 flow_id=239 at time=13886209
[FLOW_DEBUG] Initiating flow from node=11 to node=10 maxPacketCount=32768 tag=9 flow_id=195 at time=13886209
***** info: fwd pass comm collective for layer: mlp_moelayer is finished************
[FLOW_DEBUG] Initiating flow from node=1 to node=0 maxPacketCount=10485760 tag=10 flow_id=257 at time=13887953
[FLOW_DEBUG] Initiating flow from node=21 to node=DEBUG_CHUNK_SIZE: size=2097152020, preferred_dataset_splits= maxPacketCount=104857601 tag=10 flow_id=261 at time=, resulting chunk_size=20971520
13887953
DEBUG_COLLECTIVE_TYPE: layer=5, event=UNKNOWN (raw=0), size=20971520, chunk_size=20971520
DEBUG_STREAM_COUNT: chunk size is: 20971520 , size is: 20971520 , layer_num is: 5 , node: 0
[FLOW_DEBUG] Initiating flow from node=18 to node=19 maxPacketCount=10485760 tag=10 flow_id=258 at time=13887953
[FLOW_DEBUG] Initiating flow from node=5 to node=4 maxPacketCount=10485760 tag=10 flow_id=269 at time=13887953
[FLOW_DEBUG] Initiating flow from node=29 to node=28 maxPacketCount=10485760 tag=10 flow_id=271 at time=13887953
DEBUG_STREAM_CREATE: Creating stream #4 for dataset id: 137 (total_streams=1)
DEBUG_STREAM_COUNT: Generated 1 streams for layer 5 (UNKNOWN), total injected: 5
info: all-to-all forward pass collective issued for layer: mlp_moelayer, involved dimensions:  1, 0, 0, 0, 0, 0, 0, 0, 0, 0,
[FLOW_DEBUG] Initiating flow from node=26 to node=27 maxPacketCount=10485760 tag=10 flow_id=272 at time=13887953
[FLOW_DEBUG] Initiating flow from node=7 to node=6 maxPacketCount=10485760 tag=10 flow_id=263 at time=13887953
[FLOW_DEBUG] Initiating flow from node=17 to node=16 maxPacketCount=10485760 tag=10 flow_id=267 at time=13887953
[FLOW_DEBUG] Initiating flow from node=0 to node=[FLOW_DEBUG] Initiating flow from node=19 to node= maxPacketCount=8 maxPacketCount=10485760 tag=10 flow_id=265 at time=1048576013887953
 tag=10 flow_id=[FLOW_DEBUG] Initiating flow from node=22 to node=23 maxPacketCount=10485760 tag=10 flow_id=278 at time=13887953
256[FLOW_DEBUG] Initiating flow from node= at time=13887953
[FLOW_DEBUG] Initiating flow from node=[FLOW_DEBUG] Initiating flow from node=12 to node=13 maxPacketCount=10485760 tag=10 flow_id=282 at time=13887953
16 to node=[FLOW_DEBUG] Initiating flow from node=[FLOW_DEBUG] Initiating flow from node=13 to node=12 maxPacketCount=10485760 tag=10 flow_id=283 at time=13887953
23 to node=22 maxPacketCount=10485760 tag=10 flow_id=279 at time=13887953
11 to node=10 maxPacketCount=10485760 tag=10 flow_id=277 at time=13887953
17 maxPacketCount=10485760 tag=10 flow_id=266 at time=13887953
[FLOW_DEBUG] Initiating flow from node=28 to node=29 maxPacketCount=10485760 tag=10 flow_id=270 at time=13887953
[FLOW_DEBUG] Initiating flow from node=4 to node=5 maxPacketCount=10485760 tag=10 flow_id=268 at time=13887953
[FLOW_DEBUG] Initiating flow from node=[FLOW_DEBUG] Initiating flow from node=8 to node=259 to node=24 maxPacketCount=10485760 tag=10 flow_id= maxPacketCount=[FLOW_DEBUG] Initiating flow from node=10485760 tag=[FLOW_DEBUG] Initiating flow from node=10 flow_id=264 at time=13887953
[FLOW_DEBUG] Initiating flow from node=20[FLOW_DEBUG] Initiating flow from node=10 to node=11 maxPacketCount=10485760 tag=10 flow_id=276 at time=13887953
[FLOW_DEBUG] Initiating flow from node=30 to node=31 maxPacketCount=10485760 tag=10 flow_id=274 at time=13887953
[FLOW_DEBUG] Initiating flow from node=3[FLOW_DEBUG] Initiating flow from node=19 to node= to node=2 maxPacketCount=10485760 tag=10 flow_id=285 at time=18 maxPacketCount=10485760 tag=[FLOW_DEBUG] Initiating flow from node=13887953
10[FLOW_DEBUG] Initiating flow from node=26 to node=7 maxPacketCount= flow_id=10485760 tag=10 flow_id=262259 at time= at time=1388795313887953

 to node=3 maxPacketCount=10485760 tag=10 flow_id=284 at time=13887953
 to node=15 to node=14 maxPacketCount=10485760 tag=10 flow_id=281 at time=13887953
287 at time=13887953
21 maxPacketCount=10485760 tag=10 flow_id=260 at time=13887953
[FLOW_DEBUG] Initiating flow from node=14 to node=15 maxPacketCount=10485760 tag=10 flow_id=280 at time=13887953
31 to node=30 maxPacketCount=10485760 tag=10 flow_id=275 at time=13887953
[FLOW_DEBUG] Initiating flow from node=27 to node=26 maxPacketCount=10485760 tag=10 flow_id=273 at time=13887953
[FLOW_DEBUG] Initiating flow from node=24 to node=25 maxPacketCount=10485760 tag=10 flow_id=286 at time=13887953
***** info: fwd pass comm collective for layer: mlp_moelayer is finished************
DEBUG_CHUNK_SIZE: size=83886080, preferred_dataset_splits=1, resulting chunk_size=83886080
DEBUG_COLLECTIVE_TYPE: layer=6, event=UNKNOWN (raw=0), size=83886080, chunk_size=83886080
DEBUG_STREAM_COUNT: chunk size is: 83886080 , size is: 83886080 , layer_num is: 6 , node: 0
DEBUG_STREAM_CREATE: Creating stream #5 for dataset id: 166 (total_streams=1)
DEBUG_STREAM_COUNT: Generated 1 streams for layer 6 (UNKNOWN), total injected: 6
info: all-to-all forward pass collective issued for layer: mlp_moelayer, involved dimensions:  1, 0, 0, 0, 0, 0, 0, 0, 0, 0,
[FLOW_DEBUG] Initiating flow from node=0 to node=1 maxPacketCount=41943040 tag=12 flow_id=288 at time=13982322
[FLOW_DEBUG] Initiating flow from node=1 to node=0 maxPacketCount=41943040 tag=12 flow_id=289 at time=13982322
***** info: fwd pass comm collective for layer: mlp_moelayer is finished************
DEBUG_CHUNK_SIZE: size=83886080, preferred_dataset_splits=1, resulting chunk_size=83886080
DEBUG_COLLECTIVE_TYPE: layer=7, event=UNKNOWN (raw=0), size=83886080, chunk_size=83886080
DEBUG_STREAM_COUNT: chunk size is: 83886080 , size is: 83886080 , layer_num is: 7 , node: 0
DEBUG_STREAM_CREATE: Creating stream #6 for dataset id: 190 (total_streams=1)
DEBUG_STREAM_COUNT: Generated 1 streams for layer 7 (UNKNOWN), total injected: 7
info: all-gather forward pass collective issued for layer: mlp_moelayer, involved dimensions:  1, 0, 0, 0, 0, 0, 0, 0, 0, 0,
[FLOW_DEBUG] Initiating flow from node=0 to node=1 maxPacketCount=20971520 tag=14 flow_id=290 at time=14356311
[FLOW_DEBUG] Initiating flow from node=0 to node=1 maxPacketCount=20971520 tag=15 flow_id=292 at time=14356311
[FLOW_DEBUG] Initiating flow from node=1 to node=0 maxPacketCount=20971520 tag=14 flow_id=291 at time=14356311
[FLOW_DEBUG] Initiating flow from node=1 to node=0 maxPacketCount=20971520 tag=15 flow_id=293 at time=14356311
***** info: fwd pass comm collective for layer: mlp_moelayer is finished************
DEBUG_CHUNK_SIZE: size=83886080, preferred_dataset_splits=1, resulting chunk_size=83886080
DEBUG_COLLECTIVE_TYPE: layer=8, event=UNKNOWN (raw=0), size=83886080, chunk_size=83886080
DEBUG_STREAM_COUNT: chunk size is: 83886080 , size is: 83886080 , layer_num is: 8 , node: 0
DEBUG_STREAM_CREATE: Creating stream #7 for dataset id: 192 (total_streams=1)
DEBUG_STREAM_COUNT: Generated 1 streams for layer 8 (UNKNOWN), total injected: 8
info: reduce-scatter forward pass collective issued for layer: mlp_moelayer, involved dimensions:  1, 0, 0, 0, 0, 0, 0, 0, 0, 0,
[FLOW_DEBUG] Initiating flow from node=1 to node=0 maxPacketCount=20971520 tag=16 flow_id=295 at time=14730299
[FLOW_DEBUG] Initiating flow from node=0 to node=1 maxPacketCount=20971520 tag=16 flow_id=294 at time=14730299
[FLOW_DEBUG] Initiating flow from node=1 to node=0 maxPacketCount=20971520 tag=17 flow_id=297 at time=14730299
[FLOW_DEBUG] Initiating flow from node=0 to node=1 maxPacketCount=20971520 tag=17 flow_id=296 at time=14730299
***** info: fwd pass comm collective for layer: mlp_moelayer is finished************
DEBUG_CHUNK_SIZE: size=83886080, preferred_dataset_splits=1, resulting chunk_size=83886080
DEBUG_COLLECTIVE_TYPE: layer=9, event=UNKNOWN (raw=0), size=83886080, chunk_size=83886080
DEBUG_STREAM_COUNT: chunk size is: 83886080 , size is: 83886080 , layer_num is: 9 , node: 0
[FLOW_DEBUG] Initiating flow from node=1 to node=0 maxPacketCount=41943040 tag=18 flow_id=299 at time=15104287
DEBUG_STREAM_CREATE: Creating stream #8 for dataset id: 194 (total_streams=1)
DEBUG_STREAM_COUNT: Generated 1 streams for layer 9 (UNKNOWN), total injected: 9
info: all-to-all forward pass collective issued for layer: mlp_moelayer, involved dimensions:  1, 0, 0, 0, 0, 0, 0, 0, 0, 0,
[FLOW_DEBUG] Initiating flow from node=0 to node=1 maxPacketCount=41943040 tag=18 flow_id=298 at time=15104287
***** info: fwd pass comm collective for layer: mlp_moelayer is finished************
DEBUG_CHUNK_SIZE: size=20971520, preferred_dataset_splits=1, resulting chunk_size=20971520
DEBUG_COLLECTIVE_TYPE: layer=10, event=UNKNOWN (raw=0), size=20971520, chunk_size=20971520
DEBUG_STREAM_COUNT: chunk size is: 20971520 , size is: 20971520 , layer_num is: 10 , node: 0
DEBUG_STREAM_CREATE: Creating stream #9 for dataset id: 196 (total_streams=1)
DEBUG_STREAM_COUNT: Generated 1 streams for layer 10 (UNKNOWN), total injected: 10
info: all-to-all forward pass collective issued for layer: mlp_moelayer, involved dimensions:  1, 0, 0, 0, 0, 0, 0, 0, 0, 0,
[FLOW_DEBUG] Initiating flow from node=1 to node=0 maxPacketCount=10485760 tag=20 flow_id=301 at time=15478276
[FLOW_DEBUG] Initiating flow from node=0 to node=1 maxPacketCount=10485760 tag=20 flow_id=300 at time=15478276
***** info: fwd pass comm collective for layer: mlp_moelayer is finished************
DEBUG_CHUNK_SIZE: size=41943040, preferred_dataset_splits=1, resulting chunk_size=41943040
DEBUG_COLLECTIVE_TYPE: layer=11, event=UNKNOWN (raw=0), size=41943040, chunk_size=41943040
DEBUG_STREAM_COUNT: chunk size is: 41943040 , size is: 41943040 , layer_num is: 11 , node: 0
DEBUG_STREAM_CREATE: Creating stream #10 for dataset id: 198 (total_streams=1)
[FLOW_DEBUG] Initiating flow from node=1 to node=0 maxPacketCount=10485760 tag=22 flow_id=303 at time=15572645
DEBUG_STREAM_COUNT: Generated 1 streams for layer 11 (UNKNOWN), total injected: 11
info: all-gather forward pass collective issued for layer: attention_column, involved dimensions:  1, 0, 0, 0, 0, 0, 0, 0, 0, 0,
[FLOW_DEBUG] Initiating flow from node=0 to node=1 maxPacketCount=10485760 tag=22 flow_id=302 at time=15572645
[FLOW_DEBUG] Initiating flow from node=0 to node=1 maxPacketCount=10485760 tag=23 flow_id=304 at time=15572645
[FLOW_DEBUG] Initiating flow from node=1 to node=0 maxPacketCount=10485760 tag=23 flow_id=305 at time=15572645
***** info: fwd pass comm collective for layer: attention_column is finished************
DEBUG_CHUNK_SIZE: size=41943040, preferred_dataset_splits=1, resulting chunk_size=41943040
DEBUG_COLLECTIVE_TYPE: layer=12, event=UNKNOWN (raw=0), size=41943040, chunk_size=41943040
DEBUG_STREAM_COUNT: chunk size is: 41943040 , size is: 41943040 , layer_num is: 12 , node: 0
[FLOW_DEBUG] Initiating flow from node=1 to node=0 maxPacketCount=10485760 tag=24 flow_id=307 at time=15760221
DEBUG_STREAM_CREATE: Creating stream #11 for dataset id: 200 (total_streams=1)
DEBUG_STREAM_COUNT: Generated 1 streams for layer 12 (UNKNOWN), total injected: 12
info: reduce-scatter forward pass collective issued for layer: attention_row, involved dimensions:  1, 0, 0, 0, 0, 0, 0, 0, 0, 0,
[FLOW_DEBUG] Initiating flow from node=0 to node=1 maxPacketCount=10485760 tag=24 flow_id=306 at time=15760221
[FLOW_DEBUG] Initiating flow from node=1 to node=0 maxPacketCount=10485760 tag=25 flow_id=309 at time=15760221
[FLOW_DEBUG] Initiating flow from node=0 to node=1 maxPacketCount=10485760 tag=25 flow_id=308 at time=15760221
***** info: fwd pass comm collective for layer: attention_row is finished************
DEBUG_CHUNK_SIZE: size=131072, preferred_dataset_splits=1, resulting chunk_size=131072
DEBUG_COLLECTIVE_TYPE: layer=13, event=UNKNOWN (raw=0), size=131072, chunk_size=131072
DEBUG_STREAM_COUNT: chunk size is: 131072 , size is: 131072 , layer_num is: 13 , node: 0
[FLOW_DEBUG] Initiating flow from node=1 to node=0 maxPacketCount=32768 tag=26 flow_id=311 at time=15947797
DEBUG_STREAM_CREATE: Creating stream #12 for dataset id: 202 (total_streams=1)
DEBUG_STREAM_COUNT: Generated 1 streams for layer 13 (UNKNOWN), total injected: 13
info: all-gather forward pass collective issued for layer: mlp_moelayer, involved dimensions:  1, 0, 0, 0, 0, 0, 0, 0, 0, 0,
[FLOW_DEBUG] Initiating flow from node=0 to node=1 maxPacketCount=32768 tag=26 flow_id=310 at time=15947797
[FLOW_DEBUG] Initiating flow from node=1 to node=0 maxPacketCount=32768 tag=27 flow_id=313 at time=15947797
[FLOW_DEBUG] Initiating flow from node=0 to node=1 maxPacketCount=32768 tag=27 flow_id=312 at time=15947797
***** info: fwd pass comm collective for layer: mlp_moelayer is finished************
DEBUG_CHUNK_SIZE: size=20971520, preferred_dataset_splits=1, resulting chunk_size=20971520
DEBUG_COLLECTIVE_TYPE: layer=14, event=UNKNOWN (raw=0), size=20971520, chunk_size=20971520
DEBUG_STREAM_COUNT: chunk size is: 20971520 , size is: 20971520 , layer_num is: 14 , node: 0
[FLOW_DEBUG] Initiating flow from node=1 to node=0 maxPacketCount=10485760 tag=28 flow_id=315 at time=15949541
DEBUG_STREAM_CREATE: Creating stream #13 for dataset id: 204 (total_streams=1)
DEBUG_STREAM_COUNT: Generated 1 streams for layer 14 (UNKNOWN), total injected: 14
info: all-to-all forward pass collective issued for layer: mlp_moelayer, involved dimensions:  1, 0, 0, 0, 0, 0, 0, 0, 0, 0,
[FLOW_DEBUG] Initiating flow from node=0 to node=1 maxPacketCount=10485760 tag=28 flow_id=314 at time=15949541
***** info: fwd pass comm collective for layer: mlp_moelayer is finished************
DEBUG_CHUNK_SIZE: size=83886080, preferred_dataset_splits=1, resulting chunk_size=83886080
DEBUG_COLLECTIVE_TYPE: layer=15, event=UNKNOWN (raw=0), size=83886080, chunk_size=83886080
DEBUG_STREAM_COUNT: chunk size is: 83886080 , size is: 83886080 , layer_num is: 15 , node: 0
[FLOW_DEBUG] Initiating flow from node=1 to node=0 maxPacketCount=41943040 tag=30 flow_id=317 at time=16043910
DEBUG_STREAM_CREATE: Creating stream #14 for dataset id: 206 (total_streams=1)
DEBUG_STREAM_COUNT: Generated 1 streams for layer 15 (UNKNOWN), total injected: 15
info: all-to-all forward pass collective issued for layer: mlp_moelayer, involved dimensions:  1, 0, 0, 0, 0, 0, 0, 0, 0, 0,
[FLOW_DEBUG] Initiating flow from node=0 to node=1 maxPacketCount=41943040 tag=30 flow_id=316 at time=16043910
***** info: fwd pass comm collective for layer: mlp_moelayer is finished************
DEBUG_CHUNK_SIZE: size=83886080, preferred_dataset_splits=1, resulting chunk_size=83886080
DEBUG_COLLECTIVE_TYPE: layer=16, event=UNKNOWN (raw=0), size=83886080, chunk_size=83886080
DEBUG_STREAM_COUNT: chunk size is: 83886080 , size is: 83886080 , layer_num is: 16 , node: 0
DEBUG_STREAM_CREATE: Creating stream #15 for dataset id: 208 (total_streams=1)
DEBUG_STREAM_COUNT: Generated 1 streams for layer 16 (UNKNOWN), total injected: 16
info: all-gather forward pass collective issued for layer: mlp_moelayer, involved dimensions:  1, 0, 0, 0, 0, 0, 0, 0, 0, 0,
[FLOW_DEBUG] Initiating flow from node=0 to node=1 maxPacketCount=20971520 tag=32 flow_id=318 at time=16417899
[FLOW_DEBUG] Initiating flow from node=1 to node=0 maxPacketCount=20971520 tag=32 flow_id=319 at time=16417899
[FLOW_DEBUG] Initiating flow from node=0 to node=1 maxPacketCount=20971520 tag=33 flow_id=320 at time=16417899
[FLOW_DEBUG] Initiating flow from node=1 to node=0 maxPacketCount=20971520 tag=33 flow_id=321 at time=16417899
***** info: fwd pass comm collective for layer: mlp_moelayer is finished************
DEBUG_CHUNK_SIZE: size=83886080, preferred_dataset_splits=1, resulting chunk_size=83886080
DEBUG_COLLECTIVE_TYPE: layer=17, event=UNKNOWN (raw=0), size=83886080, chunk_size=83886080
DEBUG_STREAM_COUNT: chunk size is: 83886080 , size is: 83886080 , layer_num is: 17 , node: 0
[FLOW_DEBUG] Initiating flow from node=1 to node=0 maxPacketCount=20971520 tag=34 flow_id=323 at time=16791887
DEBUG_STREAM_CREATE: Creating stream #16 for dataset id: 210 (total_streams=1)
DEBUG_STREAM_COUNT: Generated 1 streams for layer 17 (UNKNOWN), total injected: 17
info: reduce-scatter forward pass collective issued for layer: mlp_moelayer, involved dimensions:  1, 0, 0, 0, 0, 0, 0, 0, 0, 0,
[FLOW_DEBUG] Initiating flow from node=0 to node=1 maxPacketCount=20971520 tag=34 flow_id=322 at time=16791887
[FLOW_DEBUG] Initiating flow from node=1 to node=0 maxPacketCount=20971520 tag=35 flow_id=325 at time=16791887
[FLOW_DEBUG] Initiating flow from node=0 to node=1 maxPacketCount=20971520 tag=35 flow_id=324 at time=16791887
***** info: fwd pass comm collective for layer: mlp_moelayer is finished************
DEBUG_CHUNK_SIZE: size=83886080, preferred_dataset_splits=1, resulting chunk_size=83886080
DEBUG_COLLECTIVE_TYPE: layer=18, event=UNKNOWN (raw=0), size=83886080, chunk_size=83886080
DEBUG_STREAM_COUNT: chunk size is: 83886080 , size is: 83886080 , layer_num is: 18 , node: 0
DEBUG_STREAM_CREATE: Creating stream #17 for dataset id: 211 (total_streams=1)
DEBUG_STREAM_COUNT: Generated 1 streams for layer 18 (UNKNOWN), total injected: 18
info: all-to-all forward pass collective issued for layer: mlp_moelayer, involved dimensions:  1, 0, 0, 0, 0, 0, 0, 0, 0, 0,
[FLOW_DEBUG] Initiating flow from node=0 to node=1 maxPacketCount=41943040 tag=36 flow_id=326 at time=17165875
[FLOW_DEBUG] Initiating flow from node=1 to node=0 maxPacketCount=41943040 tag=36 flow_id=327 at time=17165875
***** info: fwd pass comm collective for layer: mlp_moelayer is finished************
DEBUG_CHUNK_SIZE: size=20971520, preferred_dataset_splits=1, resulting chunk_size=20971520
DEBUG_COLLECTIVE_TYPE: layer=19, event=UNKNOWN (raw=0), size=20971520, chunk_size=20971520
DEBUG_STREAM_COUNT: chunk size is: 20971520 , size is: 20971520 , layer_num is: 19 , node: 0
[FLOW_DEBUG] Initiating flow from node=1 to node=0 maxPacketCount=10485760 tag=38 flow_id=329 at time=17539864
DEBUG_STREAM_CREATE: Creating stream #18 for dataset id: 214 (total_streams=1)
DEBUG_STREAM_COUNT: Generated 1 streams for layer 19 (UNKNOWN), total injected: 19
info: all-to-all forward pass collective issued for layer: mlp_moelayer, involved dimensions:  1, 0, 0, 0, 0, 0, 0, 0, 0, 0,
[FLOW_DEBUG] Initiating flow from node=0 to node=1 maxPacketCount=10485760 tag=38 flow_id=328 at time=17539864
***** info: fwd pass comm collective for layer: mlp_moelayer is finished************
DEBUG_CHUNK_SIZE: size=41943040, preferred_dataset_splits=1, resulting chunk_size=41943040
DEBUG_COLLECTIVE_TYPE: layer=20, event=UNKNOWN (raw=0), size=41943040, chunk_size=41943040
DEBUG_STREAM_COUNT: chunk size is: 41943040 , size is: 41943040 , layer_num is: 20 , node: 0
DEBUG_STREAM_CREATE: Creating stream #19 for dataset id: 216 (total_streams=1)
[FLOW_DEBUG] Initiating flow from node=1 to node=0 maxPacketCount=10485760 tag=40 flow_id=331 at time=17634233
DEBUG_STREAM_COUNT: Generated 1 streams for layer 20 (UNKNOWN), total injected: 20
info: all-gather forward pass collective issued for layer: attention_column, involved dimensions:  1, 0, 0, 0, 0, 0, 0, 0, 0, 0,
[FLOW_DEBUG] Initiating flow from node=0 to node=1 maxPacketCount=10485760 tag=40 flow_id=330 at time=17634233
[FLOW_DEBUG] Initiating flow from node=1 to node=0 maxPacketCount=10485760 tag=41 flow_id=333 at time=17634233
[FLOW_DEBUG] Initiating flow from node=0 to node=1 maxPacketCount=10485760 tag=41 flow_id=332 at time=17634233
***** info: fwd pass comm collective for layer: attention_column is finished************
DEBUG_CHUNK_SIZE: size=41943040, preferred_dataset_splits=1, resulting chunk_size=41943040
DEBUG_COLLECTIVE_TYPE: layer=21, event=UNKNOWN (raw=0), size=41943040, chunk_size=41943040
DEBUG_STREAM_COUNT: chunk size is: 41943040 , size is: 41943040 , layer_num is: 21 , node: 0
DEBUG_STREAM_CREATE: Creating stream #20 for dataset id: 218 (total_streams=1)
DEBUG_STREAM_COUNT: Generated 1 streams for layer 21 (UNKNOWN), total injected: 21
info: reduce-scatter forward pass collective issued for layer: attention_row, involved dimensions:  1, 0, 0, 0, 0, 0, 0, 0, 0, 0,
[FLOW_DEBUG] Initiating flow from node=1 to node=0 maxPacketCount=10485760 tag=42 flow_id=335 at time=17821809
[FLOW_DEBUG] Initiating flow from node=0 to node=1 maxPacketCount=10485760 tag=42 flow_id=334 at time=17821809
[FLOW_DEBUG] Initiating flow from node=0 to node=1 maxPacketCount=10485760 tag=43 flow_id=336 at time=17821809
[FLOW_DEBUG] Initiating flow from node=1 to node=0 maxPacketCount=10485760 tag=43 flow_id=337 at time=17821809
***** info: fwd pass comm collective for layer: attention_row is finished************
DEBUG_CHUNK_SIZE: size=131072, preferred_dataset_splits=1, resulting chunk_size=131072
DEBUG_COLLECTIVE_TYPE: layer=22, event=UNKNOWN (raw=0), size=131072, chunk_size=131072
DEBUG_STREAM_COUNT: chunk size is: 131072 , size is: 131072 , layer_num is: 22 , node: 0
DEBUG_STREAM_CREATE: Creating stream #21 for dataset id: 220 (total_streams=1)
[FLOW_DEBUG] Initiating flow from node=1 to node=0 maxPacketCount=32768 tag=44 flow_id=339 at time=18009385
DEBUG_STREAM_COUNT: Generated 1 streams for layer 22 (UNKNOWN), total injected: 22
info: all-gather forward pass collective issued for layer: mlp_moelayer, involved dimensions:  1, 0, 0, 0, 0, 0, 0, 0, 0, 0,
[FLOW_DEBUG] Initiating flow from node=0 to node=1 maxPacketCount=32768 tag=44 flow_id=338 at time=18009385
[FLOW_DEBUG] Initiating flow from node=1 to node=0 maxPacketCount=32768 tag=45 flow_id=341 at time=18009385
[FLOW_DEBUG] Initiating flow from node=0 to node=1 maxPacketCount=32768 tag=45 flow_id=340 at time=18009385
***** info: fwd pass comm collective for layer: mlp_moelayer is finished************
DEBUG_CHUNK_SIZE: size=20971520, preferred_dataset_splits=1, resulting chunk_size=20971520
DEBUG_COLLECTIVE_TYPE: layer=23, event=UNKNOWN (raw=0), size=20971520, chunk_size=20971520
DEBUG_STREAM_COUNT: chunk size is: 20971520 , size is: 20971520 , layer_num is: 23 , node: 0
DEBUG_STREAM_CREATE: Creating stream #22 for dataset id: 221 (total_streams=1)
DEBUG_STREAM_COUNT: Generated 1 streams for layer 23 (UNKNOWN), total injected: 23
info: all-to-all forward pass collective issued for layer: mlp_moelayer, involved dimensions:  1, 0, 0, 0, 0, 0, 0, 0, 0, 0,
[FLOW_DEBUG] Initiating flow from node=0 to node=1 maxPacketCount=10485760 tag=46 flow_id=342 at time=18011129
[FLOW_DEBUG] Initiating flow from node=1 to node=0 maxPacketCount=10485760 tag=46 flow_id=343 at time=18011129
***** info: fwd pass comm collective for layer: mlp_moelayer is finished************
DEBUG_CHUNK_SIZE: size=83886080, preferred_dataset_splits=1, resulting chunk_size=83886080
DEBUG_COLLECTIVE_TYPE: layer=24, event=UNKNOWN (raw=0), size=83886080, chunk_size=83886080
DEBUG_STREAM_COUNT: chunk size is: 83886080 , size is: 83886080 , layer_num is: 24 , node: 0
DEBUG_STREAM_CREATE: Creating stream #23 for dataset id: 224 (total_streams=1)
[FLOW_DEBUG] Initiating flow from node=1 to node=0 maxPacketCount=41943040 tag=48 flow_id=345 at time=DEBUG_STREAM_COUNT: Generated 181054981 streams for layer 24 (
UNKNOWN), total injected: 24
info: all-to-all forward pass collective issued for layer: mlp_moelayer, involved dimensions:  1, 0, 0, 0, 0, 0, 0, 0, 0, 0,
[FLOW_DEBUG] Initiating flow from node=0 to node=1 maxPacketCount=41943040 tag=48 flow_id=344 at time=18105498
***** info: fwd pass comm collective for layer: mlp_moelayer is finished************
DEBUG_CHUNK_SIZE: size=83886080, preferred_dataset_splits=1, resulting chunk_size=83886080
DEBUG_COLLECTIVE_TYPE: layer=25, event=UNKNOWN (raw=0), size=83886080, chunk_size=83886080
DEBUG_STREAM_COUNT: chunk size is: 83886080 , size is: 83886080 , layer_num is: 25 , node: 0
[FLOW_DEBUG] Initiating flow from node=1 to node=0 maxPacketCount=20971520 tag=50 flow_id=347 at time=18479487
DEBUG_STREAM_CREATE: Creating stream #24 for dataset id: 226 (total_streams=1)
DEBUG_STREAM_COUNT: Generated 1 streams for layer 25 (UNKNOWN), total injected: 25
info: all-gather forward pass collective issued for layer: mlp_moelayer, involved dimensions:  1, 0, 0, 0, 0, 0, 0, 0, 0, 0,
[FLOW_DEBUG] Initiating flow from node=0 to node=1 maxPacketCount=20971520 tag=50 flow_id=346 at time=18479487
[FLOW_DEBUG] Initiating flow from node=1 to node=0 maxPacketCount=20971520 tag=51 flow_id=349 at time=18479487
[FLOW_DEBUG] Initiating flow from node=0 to node=1 maxPacketCount=20971520 tag=51 flow_id=348 at time=18479487
***** info: fwd pass comm collective for layer: mlp_moelayer is finished************
DEBUG_CHUNK_SIZE: size=83886080, preferred_dataset_splits=1, resulting chunk_size=83886080
DEBUG_COLLECTIVE_TYPE: layer=26, event=UNKNOWN (raw=0), size=83886080, chunk_size=83886080
DEBUG_STREAM_COUNT: chunk size is: 83886080 , size is: 83886080 , layer_num is: 26 , node: 0
[FLOW_DEBUG] Initiating flow from node=1 to node=0 maxPacketCount=20971520 tag=52 flow_id=351 at time=18853475DEBUG_STREAM_CREATE: Creating stream #25 for dataset id: 228 (total_streams=1)

DEBUG_STREAM_COUNT: Generated 1 streams for layer 26 (UNKNOWN), total injected: 26
info: reduce-scatter forward pass collective issued for layer: mlp_moelayer, involved dimensions:  1, 0, 0, 0, 0, 0, 0, 0, 0, 0,
[FLOW_DEBUG] Initiating flow from node=0 to node=1 maxPacketCount=20971520 tag=52 flow_id=350 at time=18853475
[FLOW_DEBUG] Initiating flow from node=1 to node=0 maxPacketCount=20971520 tag=53 flow_id=353 at time=18853475
[FLOW_DEBUG] Initiating flow from node=0 to node=1 maxPacketCount=20971520 tag=53 flow_id=352 at time=18853475
***** info: fwd pass comm collective for layer: mlp_moelayer is finished************
DEBUG_CHUNK_SIZE: size=83886080, preferred_dataset_splits=1, resulting chunk_size=83886080
DEBUG_COLLECTIVE_TYPE: layer=27, event=UNKNOWN (raw=0), size=83886080, chunk_size=83886080
DEBUG_STREAM_COUNT: chunk size is: 83886080 , size is: 83886080 , layer_num is: 27 , node: 0
[FLOW_DEBUG] Initiating flow from node=1 to node=0 maxPacketCount=41943040 tag=54 flow_id=355 at time=19227463
DEBUG_STREAM_CREATE: Creating stream #26 for dataset id: 230 (total_streams=1)
DEBUG_STREAM_COUNT: Generated 1 streams for layer 27 (UNKNOWN), total injected: 27
info: all-to-all forward pass collective issued for layer: mlp_moelayer, involved dimensions:  1, 0, 0, 0, 0, 0, 0, 0, 0, 0,
[FLOW_DEBUG] Initiating flow from node=0 to node=1 maxPacketCount=41943040 tag=54 flow_id=354 at time=19227463
***** info: fwd pass comm collective for layer: mlp_moelayer is finished************
DEBUG_CHUNK_SIZE: size=20971520, preferred_dataset_splits=1, resulting chunk_size=20971520
DEBUG_COLLECTIVE_TYPE: layer=28, event=UNKNOWN (raw=0), size=20971520, chunk_size=20971520
DEBUG_STREAM_COUNT: chunk size is: 20971520 , size is: 20971520 , layer_num is: 28 , node: 0
DEBUG_STREAM_CREATE: Creating stream #27 for dataset id: 232 (total_streams=1)
DEBUG_STREAM_COUNT: Generated 1 streams for layer 28 (UNKNOWN), total injected: 28
info: all-to-all forward pass collective issued for layer: mlp_moelayer, involved dimensions:  1, 0, 0, 0, 0, 0, 0, 0, 0, 0,
[FLOW_DEBUG] Initiating flow from node=[FLOW_DEBUG] Initiating flow from node=10 to node= to node=1 maxPacketCount=010485760 maxPacketCount= tag=5610485760 tag= flow_id=356 at time=56 flow_id=357 at time=1960145219601452

***** info: fwd pass comm collective for layer: mlp_moelayer is finished************
DEBUG_CHUNK_SIZE: size=41943040, preferred_dataset_splits=1, resulting chunk_size=41943040
DEBUG_COLLECTIVE_TYPE: layer=29, event=UNKNOWN (raw=0), size=41943040, chunk_size=41943040
DEBUG_STREAM_COUNT: chunk size is: 41943040 , size is: 41943040 , layer_num is: 29 , node: 0
DEBUG_STREAM_CREATE: Creating stream #28 for dataset id: 234 (total_streams=1)
DEBUG_STREAM_COUNT: Generated 1 streams for layer 29 (UNKNOWN), total injected: 29
info: all-gather forward pass collective issued for layer: attention_column, involved dimensions:  1, 0, 0, 0, 0, 0, 0, 0, 0, 0,
[FLOW_DEBUG] Initiating flow from node=0 to node=1 maxPacketCount=10485760 tag=58 flow_id=358 at time=19695821
[FLOW_DEBUG] Initiating flow from node=1 to node=0 maxPacketCount=10485760 tag=58 flow_id=359 at time=19695821
[FLOW_DEBUG] Initiating flow from node=0 to node=1 maxPacketCount=10485760 tag=59 flow_id=360 at time=19695821
[FLOW_DEBUG] Initiating flow from node=1 to node=0 maxPacketCount=10485760 tag=59 flow_id=361 at time=19695821
***** info: fwd pass comm collective for layer: attention_column is finished************
DEBUG_CHUNK_SIZE: size=41943040, preferred_dataset_splits=1, resulting chunk_size=41943040
DEBUG_COLLECTIVE_TYPE: layer=30, event=UNKNOWN (raw=0), size=41943040, chunk_size=41943040
DEBUG_STREAM_COUNT: chunk size is: 41943040 , size is: 41943040 , layer_num is: 30 , node: 0
DEBUG_STREAM_CREATE: Creating stream #29 for dataset id: 236 (total_streams=1)
DEBUG_STREAM_COUNT: Generated 1 streams for layer 30 (UNKNOWN), total injected: 30
info: reduce-scatter forward pass collective issued for layer: attention_row, involved dimensions:  1, 0, 0, 0, 0, 0, 0, 0, 0, 0,
[FLOW_DEBUG] Initiating flow from node=1[FLOW_DEBUG] Initiating flow from node= to node=0 to node=1 maxPacketCount=0 maxPacketCount=10485760 tag=1048576060 tag= flow_id=60362 flow_id= at time=363 at time=1988339719883397

[FLOW_DEBUG] Initiating flow from node=1 to node=0 maxPacketCount=10485760 tag=61 flow_id=365 at time=19883397
[FLOW_DEBUG] Initiating flow from node=0 to node=1 maxPacketCount=10485760 tag=61 flow_id=364 at time=19883397
***** info: fwd pass comm collective for layer: attention_row is finished************
DEBUG_CHUNK_SIZE: size=131072, preferred_dataset_splits=1, resulting chunk_size=131072
DEBUG_COLLECTIVE_TYPE: layer=31, event=UNKNOWN (raw=0), size=131072, chunk_size=131072
DEBUG_STREAM_COUNT: chunk size is: 131072 , size is: 131072 , layer_num is: 31 , node: 0
DEBUG_STREAM_CREATE: Creating stream #30 for dataset id: 238 (total_streams=1)
[FLOW_DEBUG] Initiating flow from node=1 to node=0 maxPacketCount=32768 tag=62 flow_id=367 at time=20070973
DEBUG_STREAM_COUNT: Generated 1 streams for layer 31 (UNKNOWN), total injected: 31
info: all-gather forward pass collective issued for layer: mlp_moelayer, involved dimensions:  1, 0, 0, 0, 0, 0, 0, 0, 0, 0,
[FLOW_DEBUG] Initiating flow from node=0 to node=1 maxPacketCount=32768 tag=62 flow_id=366 at time=20070973
[FLOW_DEBUG] Initiating flow from node=1 to node=0 maxPacketCount=32768 tag=63 flow_id=369 at time=20070973
[FLOW_DEBUG] Initiating flow from node=0 to node=1 maxPacketCount=32768 tag=63 flow_id=368 at time=20070973
***** info: fwd pass comm collective for layer: mlp_moelayer is finished************
DEBUG_CHUNK_SIZE: size=20971520, preferred_dataset_splits=1, resulting chunk_size=20971520
DEBUG_COLLECTIVE_TYPE: layer=32, event=UNKNOWN (raw=0), size=20971520, chunk_size=20971520
DEBUG_STREAM_COUNT: chunk size is: 20971520 , size is: 20971520 , layer_num is: 32 , node: 0
[FLOW_DEBUG] Initiating flow from node=1 to node=0 maxPacketCount=10485760 tag=64 flow_id=371 at time=20072717
DEBUG_STREAM_CREATE: Creating stream #31 for dataset id: 240 (total_streams=1)
DEBUG_STREAM_COUNT: Generated 1 streams for layer 32 (UNKNOWN), total injected: 32
info: all-to-all forward pass collective issued for layer: mlp_moelayer, involved dimensions:  1, 0, 0, 0, 0, 0, 0, 0, 0, 0,
[FLOW_DEBUG] Initiating flow from node=0 to node=1 maxPacketCount=10485760 tag=64 flow_id=370 at time=20072717
***** info: fwd pass comm collective for layer: mlp_moelayer is finished************
DEBUG_CHUNK_SIZE: size=83886080, preferred_dataset_splits=1, resulting chunk_size=83886080
DEBUG_COLLECTIVE_TYPE: layer=33, event=UNKNOWN (raw=0), size=83886080, chunk_size=83886080
DEBUG_STREAM_COUNT: chunk size is: 83886080 , size is: 83886080 , layer_num is: 33 , node: 0
DEBUG_STREAM_CREATE: Creating stream #32 for dataset id: 241 (total_streams=1)
DEBUG_STREAM_COUNT: Generated 1 streams for layer 33 (UNKNOWN), total injected: 33
info: all-to-all forward pass collective issued for layer: mlp_moelayer, involved dimensions:  1, 0, 0, 0, 0, 0, 0, 0, 0, 0,
[FLOW_DEBUG] Initiating flow from node=0 to node=1 maxPacketCount=41943040 tag=66 flow_id=372 at time=20167086
[FLOW_DEBUG] Initiating flow from node=1 to node=0 maxPacketCount=41943040 tag=66 flow_id=373 at time=20167086
***** info: fwd pass comm collective for layer: mlp_moelayer is finished************
DEBUG_CHUNK_SIZE: size=83886080, preferred_dataset_splits=1, resulting chunk_size=83886080
DEBUG_COLLECTIVE_TYPE: layer=34, event=UNKNOWN (raw=0), size=83886080, chunk_size=83886080
DEBUG_STREAM_COUNT: chunk size is: 83886080 , size is: 83886080 , layer_num is: 34 , node: 0
DEBUG_STREAM_CREATE: Creating stream #33 for dataset id: 244 (total_streams=1)
DEBUG_STREAM_COUNT: Generated 1 streams for layer 34 (UNKNOWN), total injected: 34
info: all-gather forward pass collective issued for layer: mlp_moelayer, involved dimensions:  1, 0, 0, 0, 0, 0, 0, 0, 0, 0,
[FLOW_DEBUG] Initiating flow from node=0 to node=1 maxPacketCount=20971520 tag=68 flow_id=374 at time=20541075
[FLOW_DEBUG] Initiating flow from node=1 to node=0 maxPacketCount=20971520 tag=68 flow_id=375 at time=20541075
[FLOW_DEBUG] Initiating flow from node=0 to node=1 maxPacketCount=20971520 tag=69 flow_id=376 at time=20541075
[FLOW_DEBUG] Initiating flow from node=1 to node=0 maxPacketCount=20971520 tag=69 flow_id=377 at time=20541075
***** info: fwd pass comm collective for layer: mlp_moelayer is finished************
DEBUG_CHUNK_SIZE: size=83886080, preferred_dataset_splits=1, resulting chunk_size=83886080
DEBUG_COLLECTIVE_TYPE: layer=35, event=UNKNOWN (raw=0), size=83886080, chunk_size=83886080
DEBUG_STREAM_COUNT: chunk size is: 83886080 , size is: 83886080 , layer_num is: 35 , node: 0
DEBUG_STREAM_CREATE: Creating stream #34 for dataset id: 246 (total_streams=1)
DEBUG_STREAM_COUNT: Generated 1 streams for layer 35 (UNKNOWN), total injected: 35
info: reduce-scatter forward pass collective issued for layer: mlp_moelayer, involved dimensions:  1, 0, 0, 0, 0, 0, 0, 0, 0, 0,
[FLOW_DEBUG] Initiating flow from node=0 to node=1 maxPacketCount=20971520 tag=70 flow_id=378 at time=20915063
[FLOW_DEBUG] Initiating flow from node=0 to node=1 maxPacketCount=20971520 tag=71 flow_id=380[FLOW_DEBUG] Initiating flow from node= at time=20915063
1 to node=0 maxPacketCount=20971520 tag=70 flow_id=379 at time=20915063
[FLOW_DEBUG] Initiating flow from node=1 to node=0 maxPacketCount=20971520 tag=71 flow_id=381 at time=20915063
***** info: fwd pass comm collective for layer: mlp_moelayer is finished************
DEBUG_CHUNK_SIZE: size=83886080, preferred_dataset_splits=1, resulting chunk_size=83886080
DEBUG_COLLECTIVE_TYPE: layer=36, event=UNKNOWN (raw=0), size=83886080, chunk_size=83886080
DEBUG_STREAM_COUNT: chunk size is: 83886080 , size is: 83886080 , layer_num is: 36 , node: 0
DEBUG_STREAM_CREATE: Creating stream #35 for dataset id: 248 (total_streams=1)
DEBUG_STREAM_COUNT: Generated 1 streams for layer 36 (UNKNOWN), total injected: 36
info: all-to-all forward pass collective issued for layer: mlp_moelayer, involved dimensions:  1, 0, 0, 0, 0, 0, 0, 0, 0, 0,
[FLOW_DEBUG] Initiating flow from node=0 to node=1 maxPacketCount=41943040 tag=72 flow_id=382 at time=21289051
[FLOW_DEBUG] Initiating flow from node=1 to node=0 maxPacketCount=41943040 tag=72 flow_id=383 at time=21289051
***** info: fwd pass comm collective for layer: mlp_moelayer is finished************
DEBUG_CHUNK_SIZE: size=20971520, preferred_dataset_splits=1, resulting chunk_size=20971520
DEBUG_COLLECTIVE_TYPE: layer=37, event=UNKNOWN (raw=0), size=20971520, chunk_size=20971520
DEBUG_STREAM_COUNT: chunk size is: 20971520 , size is: 20971520 , layer_num is: 37 , node: 0
[FLOW_DEBUG] Initiating flow from node=1 to node=0 maxPacketCount=10485760 tag=74 flow_id=385 at time=21663040
DEBUG_STREAM_CREATE: Creating stream #36 for dataset id: 250 (total_streams=1)
DEBUG_STREAM_COUNT: Generated 1 streams for layer 37 (UNKNOWN), total injected: 37
info: all-to-all forward pass collective issued for layer: mlp_moelayer, involved dimensions:  1, 0, 0, 0, 0, 0, 0, 0, 0, 0,
[FLOW_DEBUG] Initiating flow from node=0 to node=1 maxPacketCount=10485760 tag=74 flow_id=384 at time=21663040
***** info: fwd pass comm collective for layer: mlp_moelayer is finished************
DEBUG_CHUNK_SIZE: size=41943040, preferred_dataset_splits=1, resulting chunk_size=41943040
DEBUG_COLLECTIVE_TYPE: layer=38, event=UNKNOWN (raw=0), size=41943040, chunk_size=41943040
DEBUG_STREAM_COUNT: chunk size is: 41943040 , size is: 41943040 , layer_num is: 38 , node: 0
DEBUG_STREAM_CREATE: Creating stream #37 for dataset id: 252 (total_streams=1)
[FLOW_DEBUG] Initiating flow from node=1 to node=0 maxPacketCount=10485760 tag=76 flow_id=387 at time=21757409
DEBUG_STREAM_COUNT: Generated 1 streams for layer 38 (UNKNOWN), total injected: 38
info: all-gather forward pass collective issued for layer: attention_column, involved dimensions:  1, 0, 0, 0, 0, 0, 0, 0, 0, 0,
[FLOW_DEBUG] Initiating flow from node=0 to node=1 maxPacketCount=10485760 tag=76 flow_id=386 at time=21757409
[FLOW_DEBUG] Initiating flow from node=1 to node=0 maxPacketCount=10485760 tag=77 flow_id=389 at time=21757409
[FLOW_DEBUG] Initiating flow from node=0 to node=1 maxPacketCount=10485760 tag=77 flow_id=388 at time=21757409
***** info: fwd pass comm collective for layer: attention_column is finished************
DEBUG_CHUNK_SIZE: size=41943040, preferred_dataset_splits=1, resulting chunk_size=41943040
DEBUG_COLLECTIVE_TYPE: layer=39, event=UNKNOWN (raw=0), size=41943040, chunk_size=41943040
DEBUG_STREAM_COUNT: chunk size is: 41943040 , size is: 41943040 , layer_num is: 39 , node: 0
DEBUG_STREAM_CREATE: Creating stream #38 for dataset id: 254 (total_streams=1)
DEBUG_STREAM_COUNT: Generated 1 streams for layer 39 (UNKNOWN), total injected: 39
info: reduce-scatter forward pass collective issued for layer: attention_row, involved dimensions:  1, 0, 0, 0, 0, 0, 0, 0, 0, 0,
[FLOW_DEBUG] Initiating flow from node=1 to node=0 maxPacketCount=10485760 tag=78 flow_id=391 at time=21944985
[FLOW_DEBUG] Initiating flow from node=0 to node=1 maxPacketCount=10485760 tag=78 flow_id=390 at time=21944985
[FLOW_DEBUG] Initiating flow from node=1 to node=0 maxPacketCount=10485760 tag=79 flow_id=393 at time=21944985
[FLOW_DEBUG] Initiating flow from node=0 to node=1 maxPacketCount=10485760 tag=79 flow_id=392 at time=21944985
***** info: fwd pass comm collective for layer: attention_row is finished************
DEBUG_CHUNK_SIZE: size=131072, preferred_dataset_splits=1, resulting chunk_size=131072
DEBUG_COLLECTIVE_TYPE: layer=40, event=UNKNOWN (raw=0), size=131072, chunk_size=131072
DEBUG_STREAM_COUNT: chunk size is: 131072 , size is: 131072 , layer_num is: 40 , node: 0
DEBUG_STREAM_CREATE: Creating stream #39 for dataset id: 256 (total_streams=1)
DEBUG_STREAM_COUNT: Generated 1 streams for layer 40 (UNKNOWN), total injected: 40
info: all-gather forward pass collective issued for layer: mlp_moelayer, involved dimensions:  1, 0, 0, 0, 0, 0, 0, 0, 0, 0,
[FLOW_DEBUG] Initiating flow from node=1 to node=0 maxPacketCount=32768 tag=80 flow_id=395 at time=22132561
[FLOW_DEBUG] Initiating flow from node=0 to node=1 maxPacketCount=32768 tag=80 flow_id=394 at time=22132561
[FLOW_DEBUG] Initiating flow from node=0 to node=1 maxPacketCount=32768 tag=81 flow_id=396 at time=22132561
[FLOW_DEBUG] Initiating flow from node=1 to node=0 maxPacketCount=32768 tag=81 flow_id=397 at time=22132561
***** info: fwd pass comm collective for layer: mlp_moelayer is finished************
DEBUG_CHUNK_SIZE: size=20971520, preferred_dataset_splits=1, resulting chunk_size=20971520
DEBUG_COLLECTIVE_TYPE: layer=41, event=UNKNOWN (raw=0), size=20971520, chunk_size=20971520
DEBUG_STREAM_COUNT: chunk size is: 20971520 , size is: 20971520 , layer_num is: 41 , node: 0
[FLOW_DEBUG] Initiating flow from node=1 to node=0 maxPacketCount=10485760 tag=82 flow_id=399 at time=22134305
DEBUG_STREAM_CREATE: Creating stream #40 for dataset id: 258 (total_streams=1)
DEBUG_STREAM_COUNT: Generated 1 streams for layer 41 (UNKNOWN), total injected: 41
info: all-to-all forward pass collective issued for layer: mlp_moelayer, involved dimensions:  1, 0, 0, 0, 0, 0, 0, 0, 0, 0,
[FLOW_DEBUG] Initiating flow from node=0 to node=1 maxPacketCount=10485760 tag=82 flow_id=398 at time=22134305
***** info: fwd pass comm collective for layer: mlp_moelayer is finished************
DEBUG_CHUNK_SIZE: size=83886080, preferred_dataset_splits=1, resulting chunk_size=83886080
DEBUG_COLLECTIVE_TYPE: layer=42, event=UNKNOWN (raw=0), size=83886080, chunk_size=83886080
DEBUG_STREAM_COUNT: chunk size is: 83886080 , size is: 83886080 , layer_num is: 42 , node: 0
DEBUG_STREAM_CREATE: Creating stream #41 for dataset id: 260 (total_streams=1)
[FLOW_DEBUG] Initiating flow from node=1 to node=0 maxPacketCount=41943040 tag=84 flow_id=401 at time=22228674
DEBUG_STREAM_COUNT: Generated 1 streams for layer 42 (UNKNOWN), total injected: 42
info: all-to-all forward pass collective issued for layer: mlp_moelayer, involved dimensions:  1, 0, 0, 0, 0, 0, 0, 0, 0, 0,
[FLOW_DEBUG] Initiating flow from node=0 to node=1 maxPacketCount=41943040 tag=84 flow_id=400 at time=22228674
***** info: fwd pass comm collective for layer: mlp_moelayer is finished************
DEBUG_CHUNK_SIZE: size=83886080, preferred_dataset_splits=1, resulting chunk_size=83886080
DEBUG_COLLECTIVE_TYPE: layer=43, event=UNKNOWN (raw=0), size=83886080, chunk_size=83886080
DEBUG_STREAM_COUNT: chunk size is: 83886080 , size is: 83886080 , layer_num is: 43 , node: 0
DEBUG_STREAM_CREATE: Creating stream #42 for dataset id: 262 (total_streams=1)
DEBUG_STREAM_COUNT: Generated 1 streams for layer 43 (UNKNOWN), total injected: 43
info: all-gather forward pass collective issued for layer: mlp_moelayer, involved dimensions:  1, 0, 0, 0, 0, 0, 0, 0, 0, 0,
[FLOW_DEBUG] Initiating flow from node=1 to node=0 maxPacketCount=20971520 tag=86 flow_id=403 at time=22602663
[FLOW_DEBUG] Initiating flow from node=0 to node=1 maxPacketCount=20971520 tag=86 flow_id=402 at time=22602663
[FLOW_DEBUG] Initiating flow from node=1 to node=0 maxPacketCount=20971520 tag=87 flow_id=405 at time=22602663
[FLOW_DEBUG] Initiating flow from node=0 to node=1 maxPacketCount=20971520 tag=87 flow_id=404 at time=22602663
***** info: fwd pass comm collective for layer: mlp_moelayer is finished************
DEBUG_CHUNK_SIZE: size=83886080, preferred_dataset_splits=1, resulting chunk_size=83886080
DEBUG_COLLECTIVE_TYPE: layer=44, event=UNKNOWN (raw=0), size=83886080, chunk_size=83886080
DEBUG_STREAM_COUNT: chunk size is: 83886080 , size is: 83886080 , layer_num is: 44 , node: 0
[FLOW_DEBUG] Initiating flow from node=1 to node=0 maxPacketCount=20971520 tag=88 flow_id=407 at time=22976651
DEBUG_STREAM_CREATE: Creating stream #43 for dataset id: 264 (total_streams=1)
DEBUG_STREAM_COUNT: Generated 1 streams for layer 44 (UNKNOWN), total injected: 44
info: reduce-scatter forward pass collective issued for layer: mlp_moelayer, involved dimensions:  1, 0, 0, 0, 0, 0, 0, 0, 0, 0,
[FLOW_DEBUG] Initiating flow from node=0 to node=1 maxPacketCount=20971520 tag=88 flow_id=406 at time=22976651
[FLOW_DEBUG] Initiating flow from node=1 to node=0 maxPacketCount=20971520 tag=89 flow_id=409 at time=22976651
[FLOW_DEBUG] Initiating flow from node=0 to node=1 maxPacketCount=20971520 tag=89 flow_id=408 at time=22976651
***** info: fwd pass comm collective for layer: mlp_moelayer is finished************
DEBUG_CHUNK_SIZE: size=83886080, preferred_dataset_splits=1, resulting chunk_size=83886080
DEBUG_COLLECTIVE_TYPE: layer=45, event=UNKNOWN (raw=0), size=83886080, chunk_size=83886080
DEBUG_STREAM_COUNT: chunk size is: 83886080 , size is: 83886080 , layer_num is: 45 , node: 0
DEBUG_STREAM_CREATE: Creating stream #44 for dataset id: 266 (total_streams=1)
DEBUG_STREAM_COUNT: Generated 1 streams for layer 45 (UNKNOWN), total injected: 45
info: all-to-all forward pass collective issued for layer: mlp_moelayer, involved dimensions:  1, 0, 0, 0, 0, 0, 0, 0, 0, 0,
[FLOW_DEBUG] Initiating flow from node=1 to node=0 maxPacketCount=41943040 tag=90 flow_id=411 at time=23350639
[FLOW_DEBUG] Initiating flow from node=0 to node=1 maxPacketCount=41943040 tag=90 flow_id=410 at time=23350639
***** info: fwd pass comm collective for layer: mlp_moelayer is finished************
DEBUG_CHUNK_SIZE: size=20971520, preferred_dataset_splits=1, resulting chunk_size=20971520
DEBUG_COLLECTIVE_TYPE: layer=46, event=UNKNOWN (raw=0), size=20971520, chunk_size=20971520
DEBUG_STREAM_COUNT: chunk size is: 20971520 , size is: 20971520 , layer_num is: 46 , node: 0
DEBUG_STREAM_CREATE: Creating stream #45 for dataset id: 268 (total_streams=1)
[FLOW_DEBUG] Initiating flow from node=1 to node=0 maxPacketCount=10485760 tag=92 flow_id=413 at time=23724628
DEBUG_STREAM_COUNT: Generated 1 streams for layer 46 (UNKNOWN), total injected: 46
info: all-to-all forward pass collective issued for layer: mlp_moelayer, involved dimensions:  1, 0, 0, 0, 0, 0, 0, 0, 0, 0,
[FLOW_DEBUG] Initiating flow from node=0 to node=1 maxPacketCount=10485760 tag=92 flow_id=412 at time=23724628
***** info: fwd pass comm collective for layer: mlp_moelayer is finished************
DEBUG_CHUNK_SIZE: size=41943040, preferred_dataset_splits=1, resulting chunk_size=41943040
DEBUG_COLLECTIVE_TYPE: layer=47, event=UNKNOWN (raw=0), size=41943040, chunk_size=41943040
DEBUG_STREAM_COUNT: chunk size is: 41943040 , size is: 41943040 , layer_num is: 47 , node: 0
DEBUG_STREAM_CREATE: Creating stream #46 for dataset id: 270 (total_streams=1)
[FLOW_DEBUG] Initiating flow from node=1 to node=0 maxPacketCount=10485760 tag=94 flow_id=415 at time=23818997
DEBUG_STREAM_COUNT: Generated 1 streams for layer 47 (UNKNOWN), total injected: 47
info: all-gather forward pass collective issued for layer: attention_column, involved dimensions:  1, 0, 0, 0, 0, 0, 0, 0, 0, 0,
[FLOW_DEBUG] Initiating flow from node=0 to node=1 maxPacketCount=10485760 tag=94 flow_id=414 at time=23818997
[FLOW_DEBUG] Initiating flow from node=1 to node=0 maxPacketCount=10485760 tag=95 flow_id=417 at time=23818997
[FLOW_DEBUG] Initiating flow from node=0 to node=1 maxPacketCount=10485760 tag=95 flow_id=416 at time=23818997
***** info: fwd pass comm collective for layer: attention_column is finished************
DEBUG_CHUNK_SIZE: size=41943040, preferred_dataset_splits=1, resulting chunk_size=41943040
DEBUG_COLLECTIVE_TYPE: layer=48, event=UNKNOWN (raw=0), size=41943040, chunk_size=41943040
DEBUG_STREAM_COUNT: chunk size is: 41943040 , size is: 41943040 , layer_num is: 48 , node: 0
[FLOW_DEBUG] Initiating flow from node=1 to node=0 maxPacketCount=10485760 tag=96 flow_id=419 at time=24006573
DEBUG_STREAM_CREATE: Creating stream #47 for dataset id: 272 (total_streams=1)
DEBUG_STREAM_COUNT: Generated 1 streams for layer 48 (UNKNOWN), total injected: 48
info: reduce-scatter forward pass collective issued for layer: attention_row, involved dimensions:  1, 0, 0, 0, 0, 0, 0, 0, 0, 0,
[FLOW_DEBUG] Initiating flow from node=0 to node=1 maxPacketCount=10485760 tag=96 flow_id=418 at time=24006573
[FLOW_DEBUG] Initiating flow from node=0 to node=1 maxPacketCount=10485760 tag=97 flow_id=420 at time=24006573
[FLOW_DEBUG] Initiating flow from node=1 to node=0 maxPacketCount=10485760 tag=97 flow_id=421 at time=24006573
***** info: fwd pass comm collective for layer: attention_row is finished************
DEBUG_CHUNK_SIZE: size=131072, preferred_dataset_splits=1, resulting chunk_size=131072
DEBUG_COLLECTIVE_TYPE: layer=49, event=UNKNOWN (raw=0), size=131072, chunk_size=131072
DEBUG_STREAM_COUNT: chunk size is: 131072 , size is: 131072 , layer_num is: 49 , node: 0
[FLOW_DEBUG] Initiating flow from node=1 to node=0 maxPacketCount=32768 tag=98 flow_id=423 at time=24194149
DEBUG_STREAM_CREATE: Creating stream #48 for dataset id: 274 (total_streams=1)
DEBUG_STREAM_COUNT: Generated 1 streams for layer 49 (UNKNOWN), total injected: 49
info: all-gather forward pass collective issued for layer: mlp_moelayer, involved dimensions:  1, 0, 0, 0, 0, 0, 0, 0, 0, 0,
[FLOW_DEBUG] Initiating flow from node=0 to node=1 maxPacketCount=32768 tag=98 flow_id=422 at time=24194149
[FLOW_DEBUG] Initiating flow from node=1 to node=0 maxPacketCount=32768 tag=99 flow_id=425 at time=24194149
[FLOW_DEBUG] Initiating flow from node=0 to node=1 maxPacketCount=32768 tag=99 flow_id=424 at time=24194149
***** info: fwd pass comm collective for layer: mlp_moelayer is finished************
DEBUG_CHUNK_SIZE: size=20971520, preferred_dataset_splits=1, resulting chunk_size=20971520
DEBUG_COLLECTIVE_TYPE: layer=50, event=UNKNOWN (raw=0), size=20971520, chunk_size=20971520
DEBUG_STREAM_COUNT: chunk size is: 20971520 , size is: 20971520 , layer_num is: 50 , node: 0
[FLOW_DEBUG] Initiating flow from node=1 to node=0 maxPacketCount=10485760 tag=100 flow_id=427 at time=24195893
DEBUG_STREAM_CREATE: Creating stream #49 for dataset id: 276 (total_streams=1)
DEBUG_STREAM_COUNT: Generated 1 streams for layer 50 (UNKNOWN), total injected: 50
info: all-to-all forward pass collective issued for layer: mlp_moelayer, involved dimensions:  1, 0, 0, 0, 0, 0, 0, 0, 0, 0,
[FLOW_DEBUG] Initiating flow from node=0 to node=1 maxPacketCount=10485760 tag=100 flow_id=426 at time=24195893
***** info: fwd pass comm collective for layer: mlp_moelayer is finished************
DEBUG_CHUNK_SIZE: size=83886080, preferred_dataset_splits=1, resulting chunk_size=83886080
DEBUG_COLLECTIVE_TYPE: layer=51, event=UNKNOWN (raw=0), size=83886080, chunk_size=83886080
DEBUG_STREAM_COUNT: chunk size is: 83886080 , size is: 83886080 , layer_num is: 51 , node: 0
DEBUG_STREAM_CREATE: Creating stream #50 for dataset id: 278 (total_streams=1)
DEBUG_STREAM_COUNT: Generated 1 streams for layer 51 (UNKNOWN), total injected: 51
info: all-to-all forward pass collective issued for layer: mlp_moelayer, involved dimensions:  1, 0, 0, 0, 0, 0, 0, 0, 0, 0,
[FLOW_DEBUG] Initiating flow from node=[FLOW_DEBUG] Initiating flow from node=01 to node= to node=01 maxPacketCount= maxPacketCount=4194304041943040 tag=102 flow_id=428 at time= tag=102 flow_id=429 at time=2429026224290262

***** info: fwd pass comm collective for layer: mlp_moelayer is finished************
DEBUG_CHUNK_SIZE: size=83886080, preferred_dataset_splits=1, resulting chunk_size=83886080
DEBUG_COLLECTIVE_TYPE: layer=52, event=UNKNOWN (raw=0), size=83886080, chunk_size=83886080
DEBUG_STREAM_COUNT: chunk size is: 83886080 , size is: 83886080 , layer_num is: 52 , node: 0
DEBUG_STREAM_CREATE: Creating stream #51 for dataset id: 280 (total_streams=1)
DEBUG_STREAM_COUNT: Generated 1 streams for layer 52 (UNKNOWN), total injected: 52
info: all-gather forward pass collective issued for layer: mlp_moelayer, involved dimensions:  1, 0, 0, 0, 0, 0, 0, 0, 0, 0,
[FLOW_DEBUG] Initiating flow from node=1 to node=0 maxPacketCount=20971520 tag=104 flow_id=431 at time=[FLOW_DEBUG] Initiating flow from node=0 to node=1 maxPacketCount=2466425120971520 tag=104 flow_id=430
 at time=24664251
[FLOW_DEBUG] Initiating flow from node=0 to node=1 maxPacketCount=20971520 tag=105 flow_id=432 at time=24664251
[FLOW_DEBUG] Initiating flow from node=1 to node=0 maxPacketCount=20971520 tag=105 flow_id=433 at time=24664251
***** info: fwd pass comm collective for layer: mlp_moelayer is finished************
DEBUG_CHUNK_SIZE: size=83886080, preferred_dataset_splits=1, resulting chunk_size=83886080
DEBUG_COLLECTIVE_TYPE: layer=53, event=UNKNOWN (raw=0), size=83886080, chunk_size=83886080
DEBUG_STREAM_COUNT: chunk size is: 83886080 , size is: 83886080 , layer_num is: 53 , node: 0
DEBUG_STREAM_CREATE: Creating stream #52 for dataset id: 282 (total_streams=1)
DEBUG_STREAM_COUNT: Generated 1 streams for layer 53 (UNKNOWN), total injected: 53
info: reduce-scatter forward pass collective issued for layer: mlp_moelayer, involved dimensions:  1, 0, 0, 0, 0, 0, 0, 0, 0, 0,
[FLOW_DEBUG] Initiating flow from node=[FLOW_DEBUG] Initiating flow from node=1 to node=0 maxPacketCount=209715200 tag= to node=106 flow_id=4351 at time= maxPacketCount=20971520 tag=106 flow_id=434 at time=2503823925038239

[FLOW_DEBUG] Initiating flow from node=0 to node=1 maxPacketCount=20971520 tag=107 flow_id=436 at time=25038239
[FLOW_DEBUG] Initiating flow from node=1 to node=0 maxPacketCount=20971520 tag=107 flow_id=437 at time=25038239
***** info: fwd pass comm collective for layer: mlp_moelayer is finished************
DEBUG_CHUNK_SIZE: size=83886080, preferred_dataset_splits=1, resulting chunk_size=83886080
DEBUG_COLLECTIVE_TYPE: layer=54, event=UNKNOWN (raw=0), size=83886080, chunk_size=83886080
DEBUG_STREAM_COUNT: chunk size is: 83886080 , size is: 83886080 , layer_num is: 54 , node: 0
[FLOW_DEBUG] Initiating flow from node=1 to node=0 maxPacketCount=41943040 tag=108 flow_id=439 at time=25412227
DEBUG_STREAM_CREATE: Creating stream #53 for dataset id: 284 (total_streams=1)
DEBUG_STREAM_COUNT: Generated 1 streams for layer 54 (UNKNOWN), total injected: 54
info: all-to-all forward pass collective issued for layer: mlp_moelayer, involved dimensions:  1, 0, 0, 0, 0, 0, 0, 0, 0, 0,
[FLOW_DEBUG] Initiating flow from node=0 to node=1 maxPacketCount=41943040 tag=108 flow_id=438 at time=25412227
***** info: fwd pass comm collective for layer: mlp_moelayer is finished************
DEBUG_CHUNK_SIZE: size=20971520, preferred_dataset_splits=1, resulting chunk_size=20971520
DEBUG_COLLECTIVE_TYPE: layer=55, event=UNKNOWN (raw=0), size=20971520, chunk_size=20971520
DEBUG_STREAM_COUNT: chunk size is: 20971520 , size is: 20971520 , layer_num is: 55 , node: 0
[FLOW_DEBUG] Initiating flow from node=1 to node=0 maxPacketCount=10485760 tag=110 flow_id=441 at time=25786216
DEBUG_STREAM_CREATE: Creating stream #54 for dataset id: 286 (total_streams=1)
DEBUG_STREAM_COUNT: Generated 1 streams for layer 55 (UNKNOWN), total injected: 55
info: all-to-all forward pass collective issued for layer: mlp_moelayer, involved dimensions:  1, 0, 0, 0, 0, 0, 0, 0, 0, 0,
[FLOW_DEBUG] Initiating flow from node=0 to node=1 maxPacketCount=10485760 tag=110 flow_id=440 at time=25786216
***** info: fwd pass comm collective for layer: mlp_moelayer is finished************
DEBUG_CHUNK_SIZE: size=41943040, preferred_dataset_splits=1, resulting chunk_size=41943040
DEBUG_COLLECTIVE_TYPE: layer=56, event=UNKNOWN (raw=0), size=41943040, chunk_size=41943040
DEBUG_STREAM_COUNT: chunk size is: 41943040 , size is: 41943040 , layer_num is: 56 , node: 0
DEBUG_STREAM_CREATE: Creating stream #55 for dataset id: 288 (total_streams=1)
[FLOW_DEBUG] Initiating flow from node=1DEBUG_STREAM_COUNT: Generated  to node=1 streams for layer 560 maxPacketCount= (10485760UNKNOWN tag=), total injected: 112 flow_id=44356 at time=
info: all-gather forward pass collective issued for layer: attention_column, involved dimensions:  1, 0, 0, 0, 0, 0, 0, 0, 0, 0,
[FLOW_DEBUG] Initiating flow from node=0 to node=1 maxPacketCount=10485760 tag=112 flow_id=442 at time=25880585
25880585
[FLOW_DEBUG] Initiating flow from node=0 to node=1 maxPacketCount=10485760 tag=113 flow_id=444 at time=25880585
[FLOW_DEBUG] Initiating flow from node=1 to node=0 maxPacketCount=10485760 tag=113 flow_id=445 at time=25880585
***** info: fwd pass comm collective for layer: attention_column is finished************
DEBUG_CHUNK_SIZE: size=41943040, preferred_dataset_splits=1, resulting chunk_size=41943040
DEBUG_COLLECTIVE_TYPE: layer=57, event=UNKNOWN (raw=0), size=41943040, chunk_size=41943040
DEBUG_STREAM_COUNT: chunk size is: 41943040 , size is: 41943040 , layer_num is: 57 , node: 0
DEBUG_STREAM_CREATE: Creating stream #56 for dataset id: 290 (total_streams=1)
[FLOW_DEBUG] Initiating flow from node=1 to node=0 maxPacketCount=10485760 tag=114 flow_id=447 at time=26068161
DEBUG_STREAM_COUNT: Generated 1 streams for layer 57 (UNKNOWN), total injected: 57
info: reduce-scatter forward pass collective issued for layer: attention_row, involved dimensions:  1, 0, 0, 0, 0, 0, 0, 0, 0, 0,
[FLOW_DEBUG] Initiating flow from node=0 to node=1 maxPacketCount=10485760 tag=114 flow_id=446 at time=26068161
[FLOW_DEBUG] Initiating flow from node=0 to node=1 maxPacketCount=10485760 tag=115 flow_id=448 at time=26068161
[FLOW_DEBUG] Initiating flow from node=1 to node=0 maxPacketCount=10485760 tag=115 flow_id=449 at time=26068161
***** info: fwd pass comm collective for layer: attention_row is finished************
DEBUG_CHUNK_SIZE: size=131072, preferred_dataset_splits=1, resulting chunk_size=131072
DEBUG_COLLECTIVE_TYPE: layer=58, event=UNKNOWN (raw=0), size=131072, chunk_size=131072
DEBUG_STREAM_COUNT: chunk size is: 131072 , size is: 131072 , layer_num is: 58 , node: 0
DEBUG_STREAM_CREATE: Creating stream #57 for dataset id: 292 (total_streams=1)
[FLOW_DEBUG] Initiating flow from node=1 to node=DEBUG_STREAM_COUNT: Generated 01 streams for layer 58 (UNKNOWN), total injected: 58
info: all-gather forward pass collective issued for layer: mlp_moelayer, involved dimensions:  1, 0, 0, 0, 0, 0, 0, 0, 0, 0,
 maxPacketCount=32768 tag=116 flow_id=451 at time=26255737
[FLOW_DEBUG] Initiating flow from node=0 to node=1 maxPacketCount=32768 tag=116 flow_id=450 at time=26255737
[FLOW_DEBUG] Initiating flow from node=1 to node=0 maxPacketCount=32768 tag=117 flow_id=453 at time=26255737
[FLOW_DEBUG] Initiating flow from node=0 to node=1 maxPacketCount=32768 tag=117 flow_id=452 at time=26255737
***** info: fwd pass comm collective for layer: mlp_moelayer is finished************
DEBUG_CHUNK_SIZE: size=20971520, preferred_dataset_splits=1, resulting chunk_size=20971520
DEBUG_COLLECTIVE_TYPE: layer=59, event=UNKNOWN (raw=0), size=20971520, chunk_size=20971520
DEBUG_STREAM_COUNT: chunk size is: 20971520 , size is: 20971520 , layer_num is: 59 , node: 0
[FLOW_DEBUG] Initiating flow from node=1 to node=0 maxPacketCount=10485760 tag=118 flow_id=455 at time=26257481
DEBUG_STREAM_CREATE: Creating stream #58 for dataset id: 294 (total_streams=1)
DEBUG_STREAM_COUNT: Generated 1 streams for layer 59 (UNKNOWN), total injected: 59
info: all-to-all forward pass collective issued for layer: mlp_moelayer, involved dimensions:  1, 0, 0, 0, 0, 0, 0, 0, 0, 0,
[FLOW_DEBUG] Initiating flow from node=0 to node=1 maxPacketCount=10485760 tag=118 flow_id=454 at time=26257481
***** info: fwd pass comm collective for layer: mlp_moelayer is finished************
DEBUG_CHUNK_SIZE: size=83886080, preferred_dataset_splits=1, resulting chunk_size=83886080
DEBUG_COLLECTIVE_TYPE: layer=60, event=UNKNOWN (raw=0), size=83886080, chunk_size=83886080
DEBUG_STREAM_COUNT: chunk size is: 83886080 , size is: 83886080 , layer_num is: 60 , node: 0
DEBUG_STREAM_CREATE: Creating stream #59 for dataset id: 296 (total_streams=1)
[FLOW_DEBUG] Initiating flow from node=1 to node=0 maxPacketCount=41943040 tag=120 flow_id=457 at time=26351850
DEBUG_STREAM_COUNT: Generated 1 streams for layer 60 (UNKNOWN), total injected: 60
info: all-to-all forward pass collective issued for layer: mlp_moelayer, involved dimensions:  1, 0, 0, 0, 0, 0, 0, 0, 0, 0,
[FLOW_DEBUG] Initiating flow from node=0 to node=1 maxPacketCount=41943040 tag=120 flow_id=456 at time=26351850
***** info: fwd pass comm collective for layer: mlp_moelayer is finished************
DEBUG_CHUNK_SIZE: size=83886080, preferred_dataset_splits=1, resulting chunk_size=83886080
DEBUG_COLLECTIVE_TYPE: layer=61, event=UNKNOWN (raw=0), size=83886080, chunk_size=83886080
DEBUG_STREAM_COUNT: chunk size is: 83886080 , size is: 83886080 , layer_num is: 61 , node: 0
DEBUG_STREAM_CREATE: Creating stream #60 for dataset id: 298 (total_streams=1)
DEBUG_STREAM_COUNT: Generated 1 streams for layer 61 (UNKNOWN), total injected: 61
info: all-gather forward pass collective issued for layer: mlp_moelayer, involved dimensions:  1, 0, 0, 0, 0, 0, 0, 0, 0, 0,
[FLOW_DEBUG] Initiating flow from node=1 to node=0 maxPacketCount=20971520 tag=122 flow_id=459 at time=26725839
[FLOW_DEBUG] Initiating flow from node=0 to node=1 maxPacketCount=20971520 tag=122 flow_id=458 at time=26725839
[FLOW_DEBUG] Initiating flow from node=1 to node=0 maxPacketCount=20971520 tag=123 flow_id=461 at time=26725839
[FLOW_DEBUG] Initiating flow from node=0 to node=1 maxPacketCount=20971520 tag=123 flow_id=460 at time=26725839
***** info: fwd pass comm collective for layer: mlp_moelayer is finished************
DEBUG_CHUNK_SIZE: size=83886080, preferred_dataset_splits=1, resulting chunk_size=83886080
DEBUG_COLLECTIVE_TYPE: layer=62, event=UNKNOWN (raw=0), size=83886080, chunk_size=83886080
DEBUG_STREAM_COUNT: chunk size is: 83886080 , size is: 83886080 , layer_num is: 62 , node: 0
DEBUG_STREAM_CREATE: Creating stream #61 for dataset id: 300 (total_streams=1)
[FLOW_DEBUG] Initiating flow from node=1 to node=0DEBUG_STREAM_COUNT: Generated  maxPacketCount=1 streams for layer 62 (UNKNOWN), total injected: 62
20971520 tag=124 flow_id=463 at time=27099827info: reduce-scatter forward pass collective issued for layer: mlp_moelayer,
 involved dimensions:  1, 0, 0, 0, 0, 0, 0, 0, 0, 0,
[FLOW_DEBUG] Initiating flow from node=0 to node=1 maxPacketCount=20971520 tag=124 flow_id=462 at time=27099827
[FLOW_DEBUG] Initiating flow from node=0 to node=1 maxPacketCount=20971520 tag=125 flow_id=464 at time=27099827
[FLOW_DEBUG] Initiating flow from node=1 to node=0 maxPacketCount=20971520 tag=125 flow_id=465 at time=27099827
***** info: fwd pass comm collective for layer: mlp_moelayer is finished************
DEBUG_CHUNK_SIZE: size=83886080, preferred_dataset_splits=1, resulting chunk_size=83886080
DEBUG_COLLECTIVE_TYPE: layer=63, event=UNKNOWN (raw=0), size=83886080, chunk_size=83886080
DEBUG_STREAM_COUNT: chunk size is: 83886080 , size is: 83886080 , layer_num is: 63 , node: 0
DEBUG_STREAM_CREATE: Creating stream #62 for dataset id: 302 (total_streams=1)
[FLOW_DEBUG] Initiating flow from node=1 to node=0 maxPacketCount=41943040 tag=126 flow_id=467 at time=27473815
DEBUG_STREAM_COUNT: Generated 1 streams for layer 63 (UNKNOWN), total injected: 63
info: all-to-all forward pass collective issued for layer: mlp_moelayer, involved dimensions:  1, 0, 0, 0, 0, 0, 0, 0, 0, 0,
[FLOW_DEBUG] Initiating flow from node=0 to node=1 maxPacketCount=41943040 tag=126 flow_id=466 at time=27473815
***** info: fwd pass comm collective for layer: mlp_moelayer is finished************
DEBUG_CHUNK_SIZE: size=20971520, preferred_dataset_splits=1, resulting chunk_size=20971520
DEBUG_COLLECTIVE_TYPE: layer=64, event=UNKNOWN (raw=0), size=20971520, chunk_size=20971520
DEBUG_STREAM_COUNT: chunk size is: 20971520 , size is: 20971520 , layer_num is: 64 , node: 0
[FLOW_DEBUG] Initiating flow from node=1 to node=0 maxPacketCount=10485760 tag=128 flow_id=469 at time=27847804
DEBUG_STREAM_CREATE: Creating stream #63 for dataset id: 304 (total_streams=1)
DEBUG_STREAM_COUNT: Generated 1 streams for layer 64 (UNKNOWN), total injected: 64
info: all-to-all forward pass collective issued for layer: mlp_moelayer, involved dimensions:  1, 0, 0, 0, 0, 0, 0, 0, 0, 0,
[FLOW_DEBUG] Initiating flow from node=0 to node=1 maxPacketCount=10485760 tag=128 flow_id=468 at time=27847804
***** info: fwd pass comm collective for layer: mlp_moelayer is finished************
DEBUG_CHUNK_SIZE: size=41943040, preferred_dataset_splits=1, resulting chunk_size=41943040
DEBUG_COLLECTIVE_TYPE: layer=65, event=UNKNOWN (raw=0), size=41943040, chunk_size=41943040
DEBUG_STREAM_COUNT: chunk size is: 41943040 , size is: 41943040 , layer_num is: 65 , node: 0
DEBUG_STREAM_CREATE: Creating stream #64 for dataset id: 306 (total_streams=1)
DEBUG_STREAM_COUNT: Generated 1 streams for layer 65 (UNKNOWN), total injected: 65
[FLOW_DEBUG] Initiating flow from node=info: all-gather forward pass collective issued for layer: attention_column, involved dimensions: 1 to node=0 1, 0, 0, 0, 0, maxPacketCount= 0,10485760 0, 0, tag= 0,130 flow_id= 0,471
 at time=27942173
[FLOW_DEBUG] Initiating flow from node=0 to node=1 maxPacketCount=10485760 tag=130 flow_id=470 at time=27942173
[FLOW_DEBUG] Initiating flow from node=0 to node=1 maxPacketCount=10485760 tag=131 flow_id=472 at time=27942173
[FLOW_DEBUG] Initiating flow from node=1 to node=0 maxPacketCount=10485760 tag=131 flow_id=473 at time=27942173
***** info: fwd pass comm collective for layer: attention_column is finished************
DEBUG_CHUNK_SIZE: size=41943040, preferred_dataset_splits=1, resulting chunk_size=41943040
DEBUG_COLLECTIVE_TYPE: layer=66, event=UNKNOWN (raw=0), size=41943040, chunk_size=41943040
DEBUG_STREAM_COUNT: chunk size is: 41943040 , size is: 41943040 , layer_num is: 66 , node: 0
DEBUG_STREAM_CREATE: Creating stream #65 for dataset id: 308 (total_streams=1)
DEBUG_STREAM_COUNT: Generated 1 streams for layer 66 (UNKNOWN), total injected: 66
info: reduce-scatter forward pass collective issued for layer: attention_row, involved dimensions:  1, 0, 0, 0, 0, 0, 0, 0, 0, 0,
[FLOW_DEBUG] Initiating flow from node=0 to node=1 maxPacketCount=10485760 tag=132 flow_id=474 at time=28129749
[FLOW_DEBUG] Initiating flow from node=1 to node=0 maxPacketCount=10485760 tag=132 flow_id=475 at time=28129749
[FLOW_DEBUG] Initiating flow from node=0 to node=1 maxPacketCount=10485760 tag=133 flow_id=476 at time=28129749
[FLOW_DEBUG] Initiating flow from node=1 to node=0 maxPacketCount=10485760 tag=133 flow_id=477 at time=28129749
***** info: fwd pass comm collective for layer: attention_row is finished************
DEBUG_CHUNK_SIZE: size=131072, preferred_dataset_splits=1, resulting chunk_size=131072
DEBUG_COLLECTIVE_TYPE: layer=67, event=UNKNOWN (raw=0), size=131072, chunk_size=131072
DEBUG_STREAM_COUNT: chunk size is: 131072 , size is: 131072 , layer_num is: 67 , node: 0
DEBUG_STREAM_CREATE: Creating stream #66 for dataset id: 310 (total_streams=1)
[FLOW_DEBUG] Initiating flow from node=1 to node=0 maxPacketCount=32768 tag=134 flow_id=479 at time=28317325
DEBUG_STREAM_COUNT: Generated 1 streams for layer 67 (UNKNOWN), total injected: 67
info: all-gather forward pass collective issued for layer: mlp_moelayer, involved dimensions:  1, 0, 0, 0, 0, 0, 0, 0, 0, 0,
[FLOW_DEBUG] Initiating flow from node=0 to node=1 maxPacketCount=32768 tag=134 flow_id=478 at time=28317325
[FLOW_DEBUG] Initiating flow from node=0 to node=1 maxPacketCount=32768 tag=135 flow_id=480 at time=28317325
[FLOW_DEBUG] Initiating flow from node=1 to node=0 maxPacketCount=32768 tag=135 flow_id=481 at time=28317325
***** info: fwd pass comm collective for layer: mlp_moelayer is finished************
DEBUG_CHUNK_SIZE: size=20971520, preferred_dataset_splits=1, resulting chunk_size=20971520
DEBUG_COLLECTIVE_TYPE: layer=68, event=UNKNOWN (raw=0), size=20971520, chunk_size=20971520
DEBUG_STREAM_COUNT: chunk size is: 20971520 , size is: 20971520 , layer_num is: 68 , node: 0
[FLOW_DEBUG] Initiating flow from node=1 to node=0 maxPacketCount=10485760 tag=136 flow_id=483 at time=28319069
DEBUG_STREAM_CREATE: Creating stream #67 for dataset id: 312 (total_streams=1)
DEBUG_STREAM_COUNT: Generated 1 streams for layer 68 (UNKNOWN), total injected: 68
info: all-to-all forward pass collective issued for layer: mlp_moelayer, involved dimensions:  1, 0, 0, 0, 0, 0, 0, 0, 0, 0,
[FLOW_DEBUG] Initiating flow from node=0 to node=1 maxPacketCount=10485760 tag=136 flow_id=482 at time=28319069
***** info: fwd pass comm collective for layer: mlp_moelayer is finished************
DEBUG_CHUNK_SIZE: size=83886080, preferred_dataset_splits=1, resulting chunk_size=83886080
DEBUG_COLLECTIVE_TYPE: layer=69, event=UNKNOWN (raw=0), size=83886080, chunk_size=83886080
DEBUG_STREAM_COUNT: chunk size is: 83886080 , size is: 83886080 , layer_num is: 69 , node: 0
[FLOW_DEBUG] Initiating flow from node=1 to node=0 maxPacketCount=41943040 tag=138 flow_id=485 at time=28413438
DEBUG_STREAM_CREATE: Creating stream #68 for dataset id: 314 (total_streams=1)
DEBUG_STREAM_COUNT: Generated 1 streams for layer 69 (UNKNOWN), total injected: 69
info: all-to-all forward pass collective issued for layer: mlp_moelayer, involved dimensions:  1, 0, 0, 0, 0, 0, 0, 0, 0, 0,
[FLOW_DEBUG] Initiating flow from node=0 to node=1 maxPacketCount=41943040 tag=138 flow_id=484 at time=28413438
***** info: fwd pass comm collective for layer: mlp_moelayer is finished************
DEBUG_CHUNK_SIZE: size=83886080, preferred_dataset_splits=1, resulting chunk_size=83886080
DEBUG_COLLECTIVE_TYPE: layer=70, event=UNKNOWN (raw=0), size=83886080, chunk_size=83886080
DEBUG_STREAM_COUNT: chunk size is: 83886080 , size is: 83886080 , layer_num is: 70 , node: 0
[FLOW_DEBUG] Initiating flow from node=1 to node=0 maxPacketCount=20971520 tag=140 flow_id=487 at time=28787427
DEBUG_STREAM_CREATE: Creating stream #69 for dataset id: 316 (total_streams=1)
DEBUG_STREAM_COUNT: Generated 1 streams for layer 70 (UNKNOWN), total injected: 70
info: all-gather forward pass collective issued for layer: mlp_moelayer, involved dimensions:  1, 0, 0, 0, 0, 0, 0, 0, 0, 0,
[FLOW_DEBUG] Initiating flow from node=0 to node=1 maxPacketCount=20971520 tag=140 flow_id=486 at time=28787427
[FLOW_DEBUG] Initiating flow from node=1 to node=0 maxPacketCount=20971520 tag=141 flow_id=489 at time=28787427
[FLOW_DEBUG] Initiating flow from node=0 to node=1 maxPacketCount=20971520 tag=141 flow_id=488 at time=28787427
***** info: fwd pass comm collective for layer: mlp_moelayer is finished************
DEBUG_CHUNK_SIZE: size=83886080, preferred_dataset_splits=1, resulting chunk_size=83886080
DEBUG_COLLECTIVE_TYPE: layer=71, event=UNKNOWN (raw=0), size=83886080, chunk_size=83886080
DEBUG_STREAM_COUNT: chunk size is: 83886080 , size is: 83886080 , layer_num is: 71 , node: 0
[FLOW_DEBUG] Initiating flow from node=1 to node=0 maxPacketCount=20971520 tag=142 flow_id=491 at time=29161415
DEBUG_STREAM_CREATE: Creating stream #70 for dataset id: 318 (total_streams=1)
DEBUG_STREAM_COUNT: Generated 1 streams for layer 71 (UNKNOWN), total injected: 71
info: reduce-scatter forward pass collective issued for layer: mlp_moelayer, involved dimensions:  1, 0, 0, 0, 0, 0, 0, 0, 0, 0,
[FLOW_DEBUG] Initiating flow from node=1 to node=0 maxPacketCount=20971520 tag=143 flow_id=493 at time=29161415
[FLOW_DEBUG] Initiating flow from node=0 to node=1 maxPacketCount=20971520 tag=142 flow_id=490 at time=29161415
[FLOW_DEBUG] Initiating flow from node=0 to node=1 maxPacketCount=20971520 tag=143 flow_id=492 at time=29161415
***** info: fwd pass comm collective for layer: mlp_moelayer is finished************
DEBUG_CHUNK_SIZE: size=83886080, preferred_dataset_splits=1, resulting chunk_size=83886080
DEBUG_COLLECTIVE_TYPE: layer=72, event=UNKNOWN (raw=0), size=83886080, chunk_size=83886080
DEBUG_STREAM_COUNT: chunk size is: 83886080 , size is: 83886080 , layer_num is: 72 , node: 0
DEBUG_STREAM_CREATE: Creating stream #71 for dataset id: 320 (total_streams=1)
[FLOW_DEBUG] Initiating flow from node=1 to node=0 maxPacketCount=41943040 tag=144 flow_id=495 at time=29535403
DEBUG_STREAM_COUNT: Generated 1 streams for layer 72 (UNKNOWN), total injected: 72
info: all-to-all forward pass collective issued for layer: mlp_moelayer, involved dimensions:  1, 0, 0, 0, 0, 0, 0, 0, 0, 0,
[FLOW_DEBUG] Initiating flow from node=0 to node=1 maxPacketCount=41943040 tag=144 flow_id=494 at time=29535403
***** info: fwd pass comm collective for layer: mlp_moelayer is finished************
DEBUG_CHUNK_SIZE: size=20971520, preferred_dataset_splits=1, resulting chunk_size=20971520
DEBUG_COLLECTIVE_TYPE: layer=73, event=UNKNOWN (raw=0), size=20971520, chunk_size=20971520
DEBUG_STREAM_COUNT: chunk size is: 20971520 , size is: 20971520 , layer_num is: 73 , node: 0
[FLOW_DEBUG] Initiating flow from node=1 to node=0 maxPacketCount=10485760 tag=146 flow_id=497 at time=DEBUG_STREAM_CREATE: Creating stream #72 for dataset id: 322 (total_streams=1)
29909392
DEBUG_STREAM_COUNT: Generated 1 streams for layer 73 (UNKNOWN), total injected: 73
info: all-to-all forward pass collective issued for layer: mlp_moelayer, involved dimensions:  1, 0, 0, 0, 0, 0, 0, 0, 0, 0,
[FLOW_DEBUG] Initiating flow from node=0 to node=1 maxPacketCount=10485760 tag=146 flow_id=496 at time=29909392
***** info: fwd pass comm collective for layer: mlp_moelayer is finished************
DEBUG_CHUNK_SIZE: size=41943040, preferred_dataset_splits=1, resulting chunk_size=41943040
DEBUG_COLLECTIVE_TYPE: layer=74, event=UNKNOWN (raw=0), size=41943040, chunk_size=41943040
DEBUG_STREAM_COUNT: chunk size is: 41943040 , size is: 41943040 , layer_num is: 74 , node: 0
DEBUG_STREAM_CREATE: Creating stream #73 for dataset id: 324 (total_streams=1)
DEBUG_STREAM_COUNT: Generated 1 streams for layer 74 (UNKNOWN), total injected: 74
info: all-gather forward pass collective issued for layer: final_column, involved dimensions:  1, 0, 0, 0, 0, 0, 0, 0, 0, 0,
[FLOW_DEBUG] Initiating flow from node=1 to node=0 maxPacketCount=10485760 tag=148 flow_id=499 at time=30003761
[FLOW_DEBUG] Initiating flow from node=0 to node=1 maxPacketCount=10485760 tag=148 flow_id=498 at time=30003761
[FLOW_DEBUG] Initiating flow from node=0 to node=1 maxPacketCount=10485760 tag=149 flow_id=500 at time=30003761
[FLOW_DEBUG] Initiating flow from node=1 to node=0 maxPacketCount=10485760 tag=149 flow_id=501 at time=30003761
***** info: fwd pass comm collective for layer: final_column is finished************
DEBUG_CHUNK_SIZE: size=327680000, preferred_dataset_splits=1, resulting chunk_size=327680000
DEBUG_COLLECTIVE_TYPE: layer=75, event=UNKNOWN (raw=0), size=327680000, chunk_size=327680000
DEBUG_STREAM_COUNT: chunk size is: 327680000 , size is: 327680000 , layer_num is: 75 , node: 0
DEBUG_STREAM_CREATE: Creating stream #74 for dataset id: 325 (total_streams=1)
DEBUG_STREAM_COUNT: Generated 1 streams for layer 75 (UNKNOWN), total injected: 75
info: all-reduce forward pass collective issued for layer: embedding_norm, involved dimensions:  1, 0, 0, 0, 0, 0, 0, 0, 0, 0,
[FLOW_DEBUG] Initiating flow from node=0 to node=1 maxPacketCount=81920000 tag=300 flow_id=502 at time=30191337
[FLOW_DEBUG] Initiating flow from node=1 to node=0 maxPacketCount=81920000 tag=300 flow_id=503 at time=30191337
[FLOW_DEBUG] Initiating flow from node=0 to node=1 maxPacketCount=81920000 tag=302 flow_id=506 at time=30191337
[FLOW_DEBUG] Initiating flow from node=1 to node=0 maxPacketCount=81920000 tag=302 flow_id=507 at time=30191337
[FLOW_DEBUG] Initiating flow from node=1 to node=0 maxPacketCount=81920000 tag=303 flow_id=509 at time=31648735
[FLOW_DEBUG] Initiating flow from node=0 to node=1 maxPacketCount=81920000 tag=303 flow_id=508 at time=31648735
[FLOW_DEBUG] Initiating flow from node=1 to node=0 maxPacketCount=81920000 tag=301 flow_id=505 at time=31648753
[FLOW_DEBUG] Initiating flow from node=0 to node=1 maxPacketCount=81920000 tag=301 flow_id=504 at time=31648753
***** info: fwd pass comm collective for layer: embedding_norm is finished************
info: no forward pass collective for layer: embedding_layer
DEBUG_CHUNK_SIZE: size=41943040, preferred_dataset_splits=1, resulting chunk_size=41943040
DEBUG_COLLECTIVE_TYPE: layer=77, event=UNKNOWN (raw=0), size=41943040, chunk_size=41943040
DEBUG_STREAM_COUNT: chunk size is: 41943040 , size is: 41943040 , layer_num is: 77 , node: 0
[FLOW_DEBUG] Initiating flow from node=1 to node=0 maxPacketCount=10485760 tag=154 flow_id=511 at time=33106255
DEBUG_STREAM_CREATE: Creating stream #75 for dataset id: 328 (total_streams=1)
DEBUG_STREAM_COUNT: Generated 1 streams for layer 77 (UNKNOWN), total injected: 76
info: all-gather forward pass collective issued for layer: attention_column, involved dimensions:  1, 0, 0, 0, 0, 0, 0, 0, 0, 0,
[FLOW_DEBUG] Initiating flow from node=0 to node=1 maxPacketCount=10485760 tag=154 flow_id=510 at time=33106255
[FLOW_DEBUG] Initiating flow from node=1 to node=0 maxPacketCount=10485760 tag=155 flow_id=513 at time=33106255
[FLOW_DEBUG] Initiating flow from node=0 to node=1 maxPacketCount=10485760 tag=155 flow_id=512 at time=33106255
***** info: fwd pass comm collective for layer: attention_column is finished************
DEBUG_CHUNK_SIZE: size=41943040, preferred_dataset_splits=1, resulting chunk_size=41943040
DEBUG_COLLECTIVE_TYPE: layer=78, event=UNKNOWN (raw=0), size=41943040, chunk_size=41943040
DEBUG_STREAM_COUNT: chunk size is: 41943040 , size is: 41943040 , layer_num is: 78 , node: 0
DEBUG_STREAM_CREATE: Creating stream #76 for dataset id: 330 (total_streams=1)
[FLOW_DEBUG] Initiating flow from node=1 to node=0 maxPacketCount=10485760 tag=156 flow_id=515 at time=33293831
DEBUG_STREAM_COUNT: Generated 1 streams for layer 78 (UNKNOWN), total injected: 77
info: reduce-scatter forward pass collective issued for layer: attention_row, involved dimensions:  1, 0, 0, 0, 0, 0, 0, 0, 0, 0,
[FLOW_DEBUG] Initiating flow from node=0 to node=1 maxPacketCount=10485760 tag=156 flow_id=514 at time=33293831
[FLOW_DEBUG] Initiating flow from node=1 to node=0 maxPacketCount=10485760 tag=157 flow_id=517 at time=33293831
[FLOW_DEBUG] Initiating flow from node=0 to node=1 maxPacketCount=10485760 tag=157 flow_id=516 at time=33293831
***** info: fwd pass comm collective for layer: attention_row is finished************
DEBUG_CHUNK_SIZE: size=131072, preferred_dataset_splits=1, resulting chunk_size=131072
DEBUG_COLLECTIVE_TYPE: layer=79, event=UNKNOWN (raw=0), size=131072, chunk_size=131072
DEBUG_STREAM_COUNT: chunk size is: 131072 , size is: 131072 , layer_num is: 79 , node: 0
[FLOW_DEBUG] Initiating flow from node=1 to node=0 maxPacketCount=32768 tag=158 flow_id=519 at time=33481407
DEBUG_STREAM_CREATE: Creating stream #77 for dataset id: 332 (total_streams=1)
DEBUG_STREAM_COUNT: Generated 1 streams for layer 79 (UNKNOWN), total injected: 78
info: all-gather forward pass collective issued for layer: mlp_moelayer, involved dimensions:  1, 0, 0, 0, 0, 0, 0, 0, 0, 0,
[FLOW_DEBUG] Initiating flow from node=[FLOW_DEBUG] Initiating flow from node=0 to node=1 maxPacketCount=32768 tag=158 flow_id=518 at time=33481407
1 to node=0 maxPacketCount=32768 tag=159 flow_id=521 at time=33481407
[FLOW_DEBUG] Initiating flow from node=0 to node=1 maxPacketCount=32768 tag=159 flow_id=520 at time=33481407
***** info: fwd pass comm collective for layer: mlp_moelayer is finished************
DEBUG_CHUNK_SIZE: size=20971520, preferred_dataset_splits=1, resulting chunk_size=20971520
DEBUG_COLLECTIVE_TYPE: layer=80, event=UNKNOWN (raw=0), size=20971520, chunk_size=20971520
DEBUG_STREAM_COUNT: chunk size is: 20971520 , size is: 20971520 , layer_num is: 80 , node: 0
DEBUG_STREAM_CREATE: Creating stream #78 for dataset id: 334 (total_streams=1)
[FLOW_DEBUG] Initiating flow from node=1 to node=0 maxPacketCount=10485760 tag=160 flow_id=523 at time=33483151
DEBUG_STREAM_COUNT: Generated 1 streams for layer 80 (UNKNOWN), total injected: 79
info: all-to-all forward pass collective issued for layer: mlp_moelayer, involved dimensions:  1, 0, 0, 0, 0, 0, 0, 0, 0, 0,
[FLOW_DEBUG] Initiating flow from node=0 to node=1 maxPacketCount=10485760 tag=160 flow_id=522 at time=33483151
***** info: fwd pass comm collective for layer: mlp_moelayer is finished************
DEBUG_CHUNK_SIZE: size=83886080, preferred_dataset_splits=1, resulting chunk_size=83886080
DEBUG_COLLECTIVE_TYPE: layer=81, event=UNKNOWN (raw=0), size=83886080, chunk_size=83886080
DEBUG_STREAM_COUNT: chunk size is: 83886080 , size is: 83886080 , layer_num is: 81 , node: 0
[FLOW_DEBUG] Initiating flow from node=1 to node=0 maxPacketCount=41943040 tag=162 flow_id=525 at time=33577520
DEBUG_STREAM_CREATE: Creating stream #79 for dataset id: 336 (total_streams=1)
DEBUG_STREAM_COUNT: Generated 1 streams for layer 81 (UNKNOWN), total injected: 80
info: all-to-all forward pass collective issued for layer: mlp_moelayer, involved dimensions:  1, 0, 0, 0, 0, 0, 0, 0, 0, 0,
[FLOW_DEBUG] Initiating flow from node=0 to node=1 maxPacketCount=41943040 tag=162 flow_id=524 at time=33577520
***** info: fwd pass comm collective for layer: mlp_moelayer is finished************
DEBUG_CHUNK_SIZE: size=83886080, preferred_dataset_splits=1, resulting chunk_size=83886080
DEBUG_COLLECTIVE_TYPE: layer=82, event=UNKNOWN (raw=0), size=83886080, chunk_size=83886080
DEBUG_STREAM_COUNT: chunk size is: 83886080 , size is: 83886080 , layer_num is: 82 , node: 0
[FLOW_DEBUG] Initiating flow from node=1 to node=0 maxPacketCount=20971520 tag=164 flow_id=527 at time=33951509
DEBUG_STREAM_CREATE: Creating stream #80 for dataset id: 338 (total_streams=1)
[FLOW_DEBUG] Initiating flow from node=1 to node=0 maxPacketCount=20971520 tag=165 flow_id=529 at time=33951509
DEBUG_STREAM_COUNT: Generated 1 streams for layer 82 (UNKNOWN), total injected: 81
info: all-gather forward pass collective issued for layer: mlp_moelayer, involved dimensions:  1, 0, 0, 0, 0, 0, 0, 0, 0, 0,
[FLOW_DEBUG] Initiating flow from node=0 to node=1 maxPacketCount=20971520 tag=164 flow_id=526 at time=33951509
[FLOW_DEBUG] Initiating flow from node=0 to node=1 maxPacketCount=20971520 tag=165 flow_id=528 at time=33951509
***** info: fwd pass comm collective for layer: mlp_moelayer is finished************
DEBUG_CHUNK_SIZE: size=83886080, preferred_dataset_splits=1, resulting chunk_size=83886080
DEBUG_COLLECTIVE_TYPE: layer=83, event=UNKNOWN (raw=0), size=83886080, chunk_size=83886080
DEBUG_STREAM_COUNT: chunk size is: 83886080 , size is: 83886080 , layer_num is: 83 , node: 0
DEBUG_STREAM_CREATE: Creating stream #81 for dataset id: 340 (total_streams=1)
[FLOW_DEBUG] Initiating flow from node=1 to node=0 maxPacketCount=20971520 tag=166 flow_id=531 at time=34325497
DEBUG_STREAM_COUNT: Generated 1 streams for layer 83 (UNKNOWN), total injected: 82
info: reduce-scatter forward pass collective issued for layer: mlp_moelayer, involved dimensions:  1, 0, 0, 0, 0, 0, 0, 0, 0, 0,
[FLOW_DEBUG] Initiating flow from node=0 to node=1 maxPacketCount=20971520 tag=166 flow_id=530 at time=34325497
[FLOW_DEBUG] Initiating flow from node=1 to node=0 maxPacketCount=20971520 tag=167 flow_id=533 at time=34325497
[FLOW_DEBUG] Initiating flow from node=0 to node=1 maxPacketCount=20971520 tag=167 flow_id=532 at time=34325497
***** info: fwd pass comm collective for layer: mlp_moelayer is finished************
DEBUG_CHUNK_SIZE: size=83886080, preferred_dataset_splits=1, resulting chunk_size=83886080
DEBUG_COLLECTIVE_TYPE: layer=84, event=UNKNOWN (raw=0), size=83886080, chunk_size=83886080
DEBUG_STREAM_COUNT: chunk size is: 83886080 , size is: 83886080 , layer_num is: 84 , node: 0
DEBUG_STREAM_CREATE: Creating stream #82 for dataset id: 342 (total_streams=1)
[FLOW_DEBUG] Initiating flow from node=1 to node=0 maxPacketCount=41943040 tag=168 flow_id=535 at time=34699485
DEBUG_STREAM_COUNT: Generated 1 streams for layer 84 (UNKNOWN), total injected: 83
info: all-to-all forward pass collective issued for layer: mlp_moelayer, involved dimensions:  1, 0, 0, 0, 0, 0, 0, 0, 0, 0,
[FLOW_DEBUG] Initiating flow from node=0 to node=1 maxPacketCount=41943040 tag=168 flow_id=534 at time=34699485
***** info: fwd pass comm collective for layer: mlp_moelayer is finished************
DEBUG_CHUNK_SIZE: size=20971520, preferred_dataset_splits=1, resulting chunk_size=20971520
DEBUG_COLLECTIVE_TYPE: layer=85, event=UNKNOWN (raw=0), size=20971520, chunk_size=20971520
DEBUG_STREAM_COUNT: chunk size is: 20971520 , size is: 20971520 , layer_num is: 85 , node: 0
[FLOW_DEBUG] Initiating flow from node=1 to node=0 maxPacketCount=10485760 tag=170 flow_id=537 at time=35073474
DEBUG_STREAM_CREATE: Creating stream #83 for dataset id: 344 (total_streams=1)
DEBUG_STREAM_COUNT: Generated 1 streams for layer 85 (UNKNOWN), total injected: 84
info: all-to-all forward pass collective issued for layer: mlp_moelayer, involved dimensions:  1, 0, 0, 0, 0, 0, 0, 0, 0, 0,
[FLOW_DEBUG] Initiating flow from node=0 to node=1 maxPacketCount=10485760 tag=170 flow_id=536 at time=35073474
***** info: fwd pass comm collective for layer: mlp_moelayer is finished************
DEBUG_CHUNK_SIZE: size=41943040, preferred_dataset_splits=1, resulting chunk_size=41943040
DEBUG_COLLECTIVE_TYPE: layer=86, event=UNKNOWN (raw=0), size=41943040, chunk_size=41943040
DEBUG_STREAM_COUNT: chunk size is: 41943040 , size is: 41943040 , layer_num is: 86 , node: 0
[FLOW_DEBUG] Initiating flow from node=1 to node=0 maxPacketCount=10485760 tag=172 flow_id=539 at time=35167843
DEBUG_STREAM_CREATE: Creating stream #84 for dataset id: 346 (total_streams=1)
DEBUG_STREAM_COUNT: Generated 1 streams for layer 86 (UNKNOWN), total injected: 85
info: all-gather forward pass collective issued for layer: attention_column, involved dimensions:  1, 0, 0, 0, 0, 0, 0, 0, 0, 0,
[FLOW_DEBUG] Initiating flow from node=1 to node=0 maxPacketCount=10485760 tag=173 flow_id=541 at time=35167843
[FLOW_DEBUG] Initiating flow from node=0 to node=1 maxPacketCount=10485760 tag=172 flow_id=538 at time=35167843
[FLOW_DEBUG] Initiating flow from node=0 to node=1 maxPacketCount=10485760 tag=173 flow_id=540 at time=35167843
***** info: fwd pass comm collective for layer: attention_column is finished************
DEBUG_CHUNK_SIZE: size=41943040, preferred_dataset_splits=1, resulting chunk_size=41943040
DEBUG_COLLECTIVE_TYPE: layer=87, event=UNKNOWN (raw=0), size=41943040, chunk_size=41943040
DEBUG_STREAM_COUNT: chunk size is: 41943040 , size is: 41943040 , layer_num is: 87 , node: 0
DEBUG_STREAM_CREATE: Creating stream #85 for dataset id: 348 (total_streams=1)
DEBUG_STREAM_COUNT: Generated 1 streams for layer 87 (UNKNOWN), total injected: 86
info: reduce-scatter forward pass collective issued for layer: attention_row, involved dimensions:  1, 0, 0, 0, 0, 0, 0, 0, 0, 0,
[FLOW_DEBUG] Initiating flow from node=1 to node=0 maxPacketCount=10485760 tag=174 flow_id=543 at time=35355419
[FLOW_DEBUG] Initiating flow from node=0 to node=1 maxPacketCount=10485760 tag=174 flow_id=542 at time=35355419
[FLOW_DEBUG] Initiating flow from node=1 to node=0 maxPacketCount=10485760 tag=175 flow_id=545 at time=35355419
[FLOW_DEBUG] Initiating flow from node=0 to node=1 maxPacketCount=10485760 tag=175 flow_id=544 at time=35355419
***** info: fwd pass comm collective for layer: attention_row is finished************
DEBUG_CHUNK_SIZE: size=131072, preferred_dataset_splits=1, resulting chunk_size=131072
DEBUG_COLLECTIVE_TYPE: layer=88, event=UNKNOWN (raw=0), size=131072, chunk_size=131072
DEBUG_STREAM_COUNT: chunk size is: 131072 , size is: 131072 , layer_num is: 88 , node: 0
[FLOW_DEBUG] Initiating flow from node=1 to node=0 maxPacketCount=32768 tag=176 flow_id=547 at time=35542995
DEBUG_STREAM_CREATE: Creating stream #86 for dataset id: 350 (total_streams=1)
DEBUG_STREAM_COUNT: Generated 1 streams for layer 88 (UNKNOWN), total injected: 87
info: all-gather forward pass collective issued for layer: mlp_moelayer, involved dimensions:  1, 0, 0, 0, 0, 0, 0, 0, 0, 0,
[FLOW_DEBUG] Initiating flow from node=0 to node=1 maxPacketCount=32768 tag=176 flow_id=546 at time=35542995
[FLOW_DEBUG] Initiating flow from node=1 to node=0 maxPacketCount=32768 tag=177 flow_id=549 at time=35542995
[FLOW_DEBUG] Initiating flow from node=0 to node=1 maxPacketCount=32768 tag=177 flow_id=548 at time=35542995
***** info: fwd pass comm collective for layer: mlp_moelayer is finished************
DEBUG_CHUNK_SIZE: size=20971520, preferred_dataset_splits=1, resulting chunk_size=20971520
DEBUG_COLLECTIVE_TYPE: layer=89, event=UNKNOWN (raw=0), size=[FLOW_DEBUG] Initiating flow from node=20971520, chunk_size=209715201
 to node=DEBUG_STREAM_COUNT: chunk size is: 20971520 , size is: 20971520 , layer_num is: 89 , node: 0
0 maxPacketCount=10485760 tag=178 flow_id=551 at time=35544739
DEBUG_STREAM_CREATE: Creating stream #87 for dataset id: 352 (total_streams=1)
DEBUG_STREAM_COUNT: Generated 1 streams for layer 89 (UNKNOWN), total injected: 88
info: all-to-all forward pass collective issued for layer: mlp_moelayer, involved dimensions:  1, 0, 0, 0, 0, 0, 0, 0, 0, 0,
[FLOW_DEBUG] Initiating flow from node=0 to node=1 maxPacketCount=10485760 tag=178 flow_id=550 at time=35544739
***** info: fwd pass comm collective for layer: mlp_moelayer is finished************
DEBUG_CHUNK_SIZE: size=83886080, preferred_dataset_splits=1, resulting chunk_size=83886080
DEBUG_COLLECTIVE_TYPE: layer=90, event=UNKNOWN (raw=0), size=83886080, chunk_size=83886080
DEBUG_STREAM_COUNT: chunk size is: 83886080 , size is: 83886080 , layer_num is: 90 , node: 0
DEBUG_STREAM_CREATE: Creating stream #88 for dataset id: 354 (total_streams=1)
[FLOW_DEBUG] Initiating flow from node=1 to node=0 maxPacketCount=41943040 tag=180 flow_id=553 at time=DEBUG_STREAM_COUNT: Generated 356391081 streams for layer 90 (UNKNOWN), total injected: 89

info: all-to-all forward pass collective issued for layer: mlp_moelayer, involved dimensions:  1, 0, 0, 0, 0, 0, 0, 0, 0, 0,
[FLOW_DEBUG] Initiating flow from node=0 to node=1 maxPacketCount=41943040 tag=180 flow_id=552 at time=35639108
***** info: fwd pass comm collective for layer: mlp_moelayer is finished************
DEBUG_CHUNK_SIZE: size=83886080, preferred_dataset_splits=1, resulting chunk_size=83886080
DEBUG_COLLECTIVE_TYPE: layer=91, event=UNKNOWN (raw=0), size=83886080, chunk_size=83886080
DEBUG_STREAM_COUNT: chunk size is: 83886080 , size is: 83886080 , layer_num is: 91 , node: 0
DEBUG_STREAM_CREATE: Creating stream #89 for dataset id: 356 (total_streams=1)
[FLOW_DEBUG] Initiating flow from node=DEBUG_STREAM_COUNT: Generated 11 to node= streams for layer 910 maxPacketCount= (UNKNOWN20971520), total injected:  tag=182 flow_id=55590 at time=
36013097
info: all-gather forward pass collective issued for layer: mlp_moelayer, involved dimensions:  1, 0, 0, 0, 0, 0, 0, 0, 0, 0,
[FLOW_DEBUG] Initiating flow from node=0 to node=1 maxPacketCount=20971520 tag=182 flow_id=554 at time=36013097
[FLOW_DEBUG] Initiating flow from node=1 to node=0 maxPacketCount=20971520 tag=183 flow_id=557 at time=36013097
[FLOW_DEBUG] Initiating flow from node=0 to node=1 maxPacketCount=20971520 tag=183 flow_id=556 at time=36013097
***** info: fwd pass comm collective for layer: mlp_moelayer is finished************
DEBUG_CHUNK_SIZE: size=83886080, preferred_dataset_splits=1, resulting chunk_size=83886080
DEBUG_COLLECTIVE_TYPE: layer=92, event=UNKNOWN (raw=0), size=83886080, chunk_size=83886080
DEBUG_STREAM_COUNT: chunk size is: 83886080 , size is: 83886080 , layer_num is: 92 , node: 0
DEBUG_STREAM_CREATE: Creating stream #90 for dataset id: 358 (total_streams=1)
[FLOW_DEBUG] Initiating flow from node=1 to node=0 maxPacketCount=20971520 tag=184 flow_id=559 at time=36387085
DEBUG_STREAM_COUNT: Generated 1 streams for layer 92 (UNKNOWN), total injected: 91
info: reduce-scatter forward pass collective issued for layer: mlp_moelayer, involved dimensions:  1, 0, 0, 0, 0, 0, 0, 0, 0, 0,
[FLOW_DEBUG] Initiating flow from node=0 to node=1 maxPacketCount=20971520 tag=184 flow_id=558 at time=36387085
[FLOW_DEBUG] Initiating flow from node=1 to node=0 maxPacketCount=20971520 tag=185 flow_id=561 at time=36387085
[FLOW_DEBUG] Initiating flow from node=0 to node=1 maxPacketCount=20971520 tag=185 flow_id=560 at time=36387085
***** info: fwd pass comm collective for layer: mlp_moelayer is finished************
DEBUG_CHUNK_SIZE: size=83886080, preferred_dataset_splits=1, resulting chunk_size=83886080
DEBUG_COLLECTIVE_TYPE: layer=93, event=UNKNOWN (raw=0), size=83886080, chunk_size=83886080
DEBUG_STREAM_COUNT: chunk size is: 83886080 , size is: 83886080 , layer_num is: 93 , node: 0
DEBUG_STREAM_CREATE: Creating stream #91 for dataset id: 360 (total_streams=1)
[FLOW_DEBUG] Initiating flow from node=1 to node=0 maxPacketCount=41943040 tag=186 flow_id=563 at time=36761073
DEBUG_STREAM_COUNT: Generated 1 streams for layer 93 (UNKNOWN), total injected: 92
info: all-to-all forward pass collective issued for layer: mlp_moelayer, involved dimensions:  1, 0, 0, 0, 0, 0, 0, 0, 0, 0,
[FLOW_DEBUG] Initiating flow from node=0 to node=1 maxPacketCount=41943040 tag=186 flow_id=562 at time=36761073
***** info: fwd pass comm collective for layer: mlp_moelayer is finished************
DEBUG_CHUNK_SIZE: size=20971520, preferred_dataset_splits=1, resulting chunk_size=20971520
DEBUG_COLLECTIVE_TYPE: layer=94, event=UNKNOWN (raw=0), size=20971520, chunk_size=20971520
DEBUG_STREAM_COUNT: chunk size is: 20971520 , size is: 20971520 , layer_num is: 94 , node: 0
DEBUG_STREAM_CREATE: Creating stream #92 for dataset id: 362 (total_streams=1)
[FLOW_DEBUG] Initiating flow from node=1 to node=0 maxPacketCount=10485760 tag=188 flow_id=565 at time=37135062
DEBUG_STREAM_COUNT: Generated 1 streams for layer 94 (UNKNOWN), total injected: 93
info: all-to-all forward pass collective issued for layer: mlp_moelayer, involved dimensions:  1, 0, 0, 0, 0, 0, 0, 0, 0, 0,
[FLOW_DEBUG] Initiating flow from node=0 to node=1 maxPacketCount=10485760 tag=188 flow_id=564 at time=37135062
***** info: fwd pass comm collective for layer: mlp_moelayer is finished************
DEBUG_CHUNK_SIZE: size=41943040, preferred_dataset_splits=1, resulting chunk_size=41943040
DEBUG_COLLECTIVE_TYPE: layer=95, event=UNKNOWN (raw=0), size=41943040, chunk_size=41943040
DEBUG_STREAM_COUNT: chunk size is: 41943040 , size is: 41943040 , layer_num is: 95 , node: 0
DEBUG_STREAM_CREATE: Creating stream #93 for dataset id: 364 (total_streams=1)
DEBUG_STREAM_COUNT: Generated 1 streams for layer 95 (UNKNOWN), total injected: 94
info: all-gather forward pass collective issued for layer: attention_column, involved dimensions:  1, 0, 0, 0, 0, 0, 0, 0, 0, 0,
[FLOW_DEBUG] Initiating flow from node=[FLOW_DEBUG] Initiating flow from node=1 to node=00 to node=1 maxPacketCount= maxPacketCount=1048576010485760 tag= tag=190 flow_id=190 flow_id=567566 at time= at time=3722943137229431

[FLOW_DEBUG] Initiating flow from node=0 to node=1 maxPacketCount=10485760 tag=191 flow_id=568 at time=37229431
[FLOW_DEBUG] Initiating flow from node=1 to node=0 maxPacketCount=10485760 tag=191 flow_id=569 at time=37229431
***** info: fwd pass comm collective for layer: attention_column is finished************
DEBUG_CHUNK_SIZE: size=41943040, preferred_dataset_splits=1, resulting chunk_size=41943040
DEBUG_COLLECTIVE_TYPE: layer=96, event=UNKNOWN (raw=0), size=41943040, chunk_size=41943040
DEBUG_STREAM_COUNT: chunk size is: 41943040 , size is: 41943040 , layer_num is: 96 , node: 0
DEBUG_STREAM_CREATE: Creating stream #94 for dataset id: 365 (total_streams=1)
DEBUG_STREAM_COUNT: Generated 1 streams for layer 96 (UNKNOWN), total injected: 95
info: reduce-scatter forward pass collective issued for layer: attention_row, involved dimensions:  1, 0, 0, 0, 0, 0, 0, 0, 0, 0,
[FLOW_DEBUG] Initiating flow from node=0 to node=1 maxPacketCount=10485760 tag=192 flow_id=570 at time=37417007
[FLOW_DEBUG] Initiating flow from node=1 to node=0 maxPacketCount=10485760 tag=192 flow_id=571 at time=37417007
[FLOW_DEBUG] Initiating flow from node=0 to node=1 maxPacketCount=10485760 tag=193 flow_id=572 at time=37417007
[FLOW_DEBUG] Initiating flow from node=1 to node=0 maxPacketCount=10485760 tag=193 flow_id=573 at time=37417007
***** info: fwd pass comm collective for layer: attention_row is finished************
DEBUG_CHUNK_SIZE: size=131072, preferred_dataset_splits=1, resulting chunk_size=131072
DEBUG_COLLECTIVE_TYPE: layer=97, event=UNKNOWN (raw=0), size=131072, chunk_size=131072
DEBUG_STREAM_COUNT: chunk size is: 131072 , size is: 131072 , layer_num is: 97 , node: 0
DEBUG_STREAM_CREATE: Creating stream #95 for dataset id: 368 (total_streams=1)
DEBUG_STREAM_COUNT: Generated 1 streams for layer 97 (UNKNOWN), total injected: 96
info: all-gather forward pass collective issued for layer: mlp_moelayer, involved dimensions:  1, 0, 0, 0, 0, 0, 0, 0, 0, 0,
[FLOW_DEBUG] Initiating flow from node=0 to node=1 maxPacketCount=32768 tag=194 flow_id=574 at time=37604583
[FLOW_DEBUG] Initiating flow from node=1 to node=0 maxPacketCount=32768 tag=194 flow_id=575 at time=37604583
[FLOW_DEBUG] Initiating flow from node=0 to node=1 maxPacketCount=32768 tag=195 flow_id=576 at time=37604583
[FLOW_DEBUG] Initiating flow from node=1 to node=0 maxPacketCount=32768 tag=195 flow_id=577 at time=37604583
***** info: fwd pass comm collective for layer: mlp_moelayer is finished************
DEBUG_CHUNK_SIZE: size=20971520, preferred_dataset_splits=1, resulting chunk_size=20971520
DEBUG_COLLECTIVE_TYPE: layer=98, event=UNKNOWN (raw=0), size=20971520, chunk_size=20971520
DEBUG_STREAM_COUNT: chunk size is: 20971520 , size is: 20971520 , layer_num is: 98 , node: 0
DEBUG_STREAM_CREATE: Creating stream #96 for dataset id: 370 (total_streams=1)
[FLOW_DEBUG] Initiating flow from node=1 to node=0 maxPacketCount=10485760 tag=196 flow_id=579 at time=37606327
DEBUG_STREAM_COUNT: Generated 1 streams for layer 98 (UNKNOWN), total injected: 97
info: all-to-all forward pass collective issued for layer: mlp_moelayer, involved dimensions:  1, 0, 0, 0, 0, 0, 0, 0, 0, 0,
[FLOW_DEBUG] Initiating flow from node=0 to node=1 maxPacketCount=10485760 tag=196 flow_id=578 at time=37606327
***** info: fwd pass comm collective for layer: mlp_moelayer is finished************
DEBUG_CHUNK_SIZE: size=83886080, preferred_dataset_splits=1, resulting chunk_size=83886080
DEBUG_COLLECTIVE_TYPE: layer=99, event=UNKNOWN (raw=0), size=83886080, chunk_size=83886080
DEBUG_STREAM_COUNT: chunk size is: 83886080 , size is: 83886080 , layer_num is: 99 , node: 0
DEBUG_STREAM_CREATE: Creating stream #97 for dataset id: 372 (total_streams=1)
[FLOW_DEBUG] Initiating flow from node=1 to node=0 maxPacketCount=41943040 tag=198 flow_id=581 at time=37700696
DEBUG_STREAM_COUNT: Generated 1 streams for layer 99 (UNKNOWN), total injected: 98
info: all-to-all forward pass collective issued for layer: mlp_moelayer, involved dimensions:  1, 0, 0, 0, 0, 0, 0, 0, 0, 0,
[FLOW_DEBUG] Initiating flow from node=0 to node=1 maxPacketCount=41943040 tag=198 flow_id=580 at time=37700696
***** info: fwd pass comm collective for layer: mlp_moelayer is finished************
DEBUG_CHUNK_SIZE: size=83886080, preferred_dataset_splits=1, resulting chunk_size=83886080
DEBUG_COLLECTIVE_TYPE: layer=100, event=UNKNOWN (raw=0), size=83886080, chunk_size=83886080
DEBUG_STREAM_COUNT: chunk size is: 83886080 , size is: 83886080 , layer_num is: 100 , node: 0
DEBUG_STREAM_CREATE: Creating stream #98 for dataset id: 374 (total_streams=1)
DEBUG_STREAM_COUNT: Generated 1 streams for layer 100 (UNKNOWN), total injected: 99
info: all-gather forward pass collective issued for layer: mlp_moelayer, involved dimensions:  1, 0, 0, 0, 0, 0, 0, 0, 0, 0,
[FLOW_DEBUG] Initiating flow from node=1 to node=0 maxPacketCount=20971520[FLOW_DEBUG] Initiating flow from node= tag=0200 flow_id= to node=1583 maxPacketCount= at time=20971520 tag=200 flow_id=582 at time=3807468538074685

[FLOW_DEBUG] Initiating flow from node=0 to node=1 maxPacketCount=20971520 tag=201 flow_id=584 at time=38074685
[FLOW_DEBUG] Initiating flow from node=1 to node=0 maxPacketCount=20971520 tag=201 flow_id=585 at time=38074685
***** info: fwd pass comm collective for layer: mlp_moelayer is finished************
DEBUG_CHUNK_SIZE: size=83886080, preferred_dataset_splits=1, resulting chunk_size=83886080
DEBUG_COLLECTIVE_TYPE: layer=101, event=UNKNOWN (raw=0), size=83886080, chunk_size=83886080
DEBUG_STREAM_COUNT: chunk size is: 83886080 , size is: 83886080 , layer_num is: 101 , node: 0
DEBUG_STREAM_CREATE: Creating stream #99 for dataset id: 376 (total_streams=1)
[FLOW_DEBUG] Initiating flow from node=1 to node=0 maxPacketCount=20971520 tag=202 flow_id=587 at time=38448673
DEBUG_STREAM_COUNT: Generated 1 streams for layer 101 (UNKNOWN), total injected: 100
info: reduce-scatter forward pass collective issued for layer: mlp_moelayer, involved dimensions:  1, 0, 0, 0, 0, 0, 0, 0, 0, 0,
[FLOW_DEBUG] Initiating flow from node=0 to node=1 maxPacketCount=20971520 tag=202 flow_id=586 at time=38448673
[FLOW_DEBUG] Initiating flow from node=1 to node=0 maxPacketCount=20971520 tag=203 flow_id=589 at time=38448673
[FLOW_DEBUG] Initiating flow from node=0 to node=1 maxPacketCount=20971520 tag=203 flow_id=588 at time=38448673
***** info: fwd pass comm collective for layer: mlp_moelayer is finished************
DEBUG_CHUNK_SIZE: size=83886080, preferred_dataset_splits=1, resulting chunk_size=83886080
DEBUG_COLLECTIVE_TYPE: layer=102, event=UNKNOWN (raw=0), size=83886080, chunk_size=83886080
DEBUG_STREAM_COUNT: chunk size is: 83886080 , size is: 83886080 , layer_num is: 102 , node: 0
[FLOW_DEBUG] Initiating flow from node=1 to node=0 maxPacketCount=41943040 tag=204 flow_id=591 at time=38822661
DEBUG_STREAM_CREATE: Creating stream #100 for dataset id: 378 (total_streams=1)
DEBUG_STREAM_COUNT: Generated 1 streams for layer 102 (UNKNOWN), total injected: 101
info: all-to-all forward pass collective issued for layer: mlp_moelayer, involved dimensions:  1, 0, 0, 0, 0, 0, 0, 0, 0, 0,
[FLOW_DEBUG] Initiating flow from node=0 to node=1 maxPacketCount=41943040 tag=204 flow_id=590 at time=38822661
***** info: fwd pass comm collective for layer: mlp_moelayer is finished************
DEBUG_CHUNK_SIZE: size=20971520, preferred_dataset_splits=1, resulting chunk_size=20971520
DEBUG_COLLECTIVE_TYPE: layer=103, event=UNKNOWN (raw=0), size=20971520, chunk_size=20971520
DEBUG_STREAM_COUNT: chunk size is: 20971520 , size is: 20971520 , layer_num is: 103 , node: 0
DEBUG_STREAM_CREATE: Creating stream #101 for dataset id: 380 (total_streams=1)
[FLOW_DEBUG] Initiating flow from node=1 to node=0 maxPacketCount=10485760 tag=206 flow_id=593 at time=39196650
DEBUG_STREAM_COUNT: Generated 1 streams for layer 103 (UNKNOWN), total injected: 102
info: all-to-all forward pass collective issued for layer: mlp_moelayer, involved dimensions:  1, 0, 0, 0, 0, 0, 0, 0, 0, 0,
[FLOW_DEBUG] Initiating flow from node=0 to node=1 maxPacketCount=10485760 tag=206 flow_id=592 at time=39196650
***** info: fwd pass comm collective for layer: mlp_moelayer is finished************
DEBUG_CHUNK_SIZE: size=41943040, preferred_dataset_splits=1, resulting chunk_size=41943040
DEBUG_COLLECTIVE_TYPE: layer=104, event=UNKNOWN (raw=0), size=41943040, chunk_size=41943040
DEBUG_STREAM_COUNT: chunk size is: 41943040 , size is: 41943040 , layer_num is: 104 , node: 0
DEBUG_STREAM_CREATE: Creating stream #102 for dataset id: 382 (total_streams=1)
[FLOW_DEBUG] Initiating flow from node=1 to node=0 maxPacketCount=10485760 tag=208 flow_id=595 at time=39291019
DEBUG_STREAM_COUNT: Generated 1 streams for layer 104 (UNKNOWN), total injected: 103
info: all-gather forward pass collective issued for layer: attention_column, involved dimensions:  1, 0, 0, 0, 0, 0, 0, 0, 0, 0,
[FLOW_DEBUG] Initiating flow from node=0 to node=1 maxPacketCount=10485760 tag=208 flow_id=594 at time=39291019
[FLOW_DEBUG] Initiating flow from node=0 to node=1 maxPacketCount=10485760 tag=209 flow_id=596 at time=39291019
[FLOW_DEBUG] Initiating flow from node=1 to node=0 maxPacketCount=10485760 tag=209 flow_id=597 at time=39291019
***** info: fwd pass comm collective for layer: attention_column is finished************
DEBUG_CHUNK_SIZE: size=41943040, preferred_dataset_splits=1, resulting chunk_size=41943040
DEBUG_COLLECTIVE_TYPE: layer=105, event=UNKNOWN (raw=0), size=41943040, chunk_size=41943040
DEBUG_STREAM_COUNT: chunk size is: 41943040 , size is: 41943040 , layer_num is: 105 , node: 0
DEBUG_STREAM_CREATE: Creating stream #103 for dataset id: 384 (total_streams=1)
[FLOW_DEBUG] Initiating flow from node=1 to node=0 maxPacketCount=10485760 tag=210 flow_id=599 at time=39478595
DEBUG_STREAM_COUNT: Generated 1 streams for layer 105 (UNKNOWN), total injected: 104
info: reduce-scatter forward pass collective issued for layer: attention_row, involved dimensions:  1, 0, 0, 0, 0, 0, 0, 0, 0, 0,
[FLOW_DEBUG] Initiating flow from node=0 to node=1 maxPacketCount=10485760 tag=210 flow_id=598 at time=39478595
[FLOW_DEBUG] Initiating flow from node=1 to node=0 maxPacketCount=10485760 tag=211 flow_id=601 at time=39478595
[FLOW_DEBUG] Initiating flow from node=0 to node=1 maxPacketCount=10485760 tag=211 flow_id=600 at time=39478595
***** info: fwd pass comm collective for layer: attention_row is finished************
DEBUG_CHUNK_SIZE: size=131072, preferred_dataset_splits=1, resulting chunk_size=131072
DEBUG_COLLECTIVE_TYPE: layer=106, event=UNKNOWN (raw=0), size=131072, chunk_size=131072
DEBUG_STREAM_COUNT: chunk size is: 131072 , size is: 131072 , layer_num is: 106 , node: 0
DEBUG_STREAM_CREATE: Creating stream #104 for dataset id: 386 (total_streams=1)
[FLOW_DEBUG] Initiating flow from node=1 to node=0 maxPacketCount=32768 tag=212 flow_id=603 at time=39666171
DEBUG_STREAM_COUNT: Generated 1 streams for layer 106 (UNKNOWN), total injected: 105
info: all-gather forward pass collective issued for layer: mlp_moelayer, involved dimensions:  1, 0, 0, 0, 0, 0, 0, 0, 0, 0,
[FLOW_DEBUG] Initiating flow from node=0 to node=1 maxPacketCount=32768 tag=212 flow_id=602 at time=39666171
[FLOW_DEBUG] Initiating flow from node=1 to node=0 maxPacketCount=32768 tag=213 flow_id=605 at time=39666171
[FLOW_DEBUG] Initiating flow from node=0 to node=1 maxPacketCount=32768 tag=213 flow_id=604 at time=39666171
***** info: fwd pass comm collective for layer: mlp_moelayer is finished************
DEBUG_CHUNK_SIZE: size=20971520, preferred_dataset_splits=[FLOW_DEBUG] Initiating flow from node=1 to node=0 maxPacketCount=10485760 tag=214 flow_id=607 at time=39667915
1, resulting chunk_size=20971520
DEBUG_COLLECTIVE_TYPE: layer=107, event=UNKNOWN (raw=0), size=20971520, chunk_size=20971520
DEBUG_STREAM_COUNT: chunk size is: 20971520 , size is: 20971520 , layer_num is: 107 , node: 0
DEBUG_STREAM_CREATE: Creating stream #105 for dataset id: 388 (total_streams=1)
DEBUG_STREAM_COUNT: Generated 1 streams for layer 107 (UNKNOWN), total injected: 106
info: all-to-all forward pass collective issued for layer: mlp_moelayer, involved dimensions:  1, 0, 0, 0, 0, 0, 0, 0, 0, 0,
[FLOW_DEBUG] Initiating flow from node=0 to node=1 maxPacketCount=10485760 tag=214 flow_id=606 at time=39667915
***** info: fwd pass comm collective for layer: mlp_moelayer is finished************
DEBUG_CHUNK_SIZE: size=83886080, preferred_dataset_splits=1, resulting chunk_size=83886080
DEBUG_COLLECTIVE_TYPE: layer=108, event=UNKNOWN (raw=0), size=83886080, chunk_size=83886080
DEBUG_STREAM_COUNT: chunk size is: 83886080 , size is: 83886080 , layer_num is: 108 , node: 0
DEBUG_STREAM_CREATE: Creating stream #106 for dataset id: 390 (total_streams=1)
DEBUG_STREAM_COUNT: Generated 1 streams for layer 108 (UNKNOWN), total injected: 107
[FLOW_DEBUG] Initiating flow from node=1 to node=info: all-to-all forward pass collective issued for layer: mlp_moelayer0 maxPacketCount=41943040 tag=,216 flow_id=609 involved dimensions:  at time= 1, 0, 0, 0, 0, 0, 0,39762284 0, 0,
 0,
[FLOW_DEBUG] Initiating flow from node=0 to node=1 maxPacketCount=41943040 tag=216 flow_id=608 at time=39762284
***** info: fwd pass comm collective for layer: mlp_moelayer is finished************
DEBUG_CHUNK_SIZE: size=83886080, preferred_dataset_splits=1, resulting chunk_size=83886080
DEBUG_COLLECTIVE_TYPE: layer=109, event=UNKNOWN (raw=0), size=83886080, chunk_size=83886080
DEBUG_STREAM_COUNT: chunk size is: 83886080 , size is: 83886080 , layer_num is: 109 , node: 0
DEBUG_STREAM_CREATE: Creating stream #107 for dataset id: 392 (total_streams=1)
[FLOW_DEBUG] Initiating flow from node=1 to node=0 maxPacketCount=20971520 tag=218 flow_id=611 at time=40136273
DEBUG_STREAM_COUNT: Generated 1 streams for layer 109 (UNKNOWN), total injected: 108
info: all-gather forward pass collective issued for layer: mlp_moelayer, involved dimensions:  1, 0, 0, 0, 0, 0, 0, 0, 0, 0,
[FLOW_DEBUG] Initiating flow from node=0 to node=1 maxPacketCount=20971520 tag=218 flow_id=610 at time=40136273
[FLOW_DEBUG] Initiating flow from node=1 to node=0 maxPacketCount=20971520 tag=219 flow_id=613 at time=40136273
[FLOW_DEBUG] Initiating flow from node=0 to node=1 maxPacketCount=20971520 tag=219 flow_id=612 at time=40136273
***** info: fwd pass comm collective for layer: mlp_moelayer is finished************
DEBUG_CHUNK_SIZE: size=83886080, preferred_dataset_splits=1, resulting chunk_size=83886080
DEBUG_COLLECTIVE_TYPE: layer=110, event=UNKNOWN (raw=0), size=83886080, chunk_size=83886080
DEBUG_STREAM_COUNT: chunk size is: 83886080 , size is: 83886080 , layer_num is: 110 , node: 0
DEBUG_STREAM_CREATE: Creating stream #108 for dataset id: 394 (total_streams=1)
DEBUG_STREAM_COUNT: Generated 1 streams for layer 110 (UNKNOWN), total injected: 109
info: reduce-scatter forward pass collective issued for layer: mlp_moelayer, involved dimensions:  1, 0, 0, 0, 0, 0, 0, 0, 0, 0,
[FLOW_DEBUG] Initiating flow from node=1 to node=0 maxPacketCount=20971520 tag=220 flow_id=615 at time=40510261
[FLOW_DEBUG] Initiating flow from node=0 to node=1 maxPacketCount=20971520 tag=220 flow_id=614 at time=40510261
[FLOW_DEBUG] Initiating flow from node=0 to node=1 maxPacketCount=20971520 tag=221 flow_id=616 at time=40510261
[FLOW_DEBUG] Initiating flow from node=1 to node=0 maxPacketCount=20971520 tag=221 flow_id=617 at time=40510261
***** info: fwd pass comm collective for layer: mlp_moelayer is finished************
DEBUG_CHUNK_SIZE: size=83886080, preferred_dataset_splits=1, resulting chunk_size=83886080
DEBUG_COLLECTIVE_TYPE: layer=111, event=UNKNOWN (raw=0), size=83886080, chunk_size=83886080
DEBUG_STREAM_COUNT: chunk size is: 83886080 , size is: 83886080 , layer_num is: 111 , node: 0
DEBUG_STREAM_CREATE: Creating stream #109 for dataset id: 396 (total_streams=1)
DEBUG_STREAM_COUNT: Generated 1 streams for layer 111 (UNKNOWN), total injected: 110
info: all-to-all forward pass collective issued for layer: mlp_moelayer, involved dimensions:  1, 0, 0, 0, 0, 0, 0, 0, 0, 0,
[FLOW_DEBUG] Initiating flow from node=0 to node=1 maxPacketCount=41943040 tag=222 flow_id=618 at time=40884249
[FLOW_DEBUG] Initiating flow from node=1 to node=0 maxPacketCount=41943040 tag=222 flow_id=619 at time=40884249
***** info: fwd pass comm collective for layer: mlp_moelayer is finished************
DEBUG_CHUNK_SIZE: size=20971520, preferred_dataset_splits=1, resulting chunk_size=20971520
DEBUG_COLLECTIVE_TYPE: layer=112, event=UNKNOWN (raw=0), size=20971520, chunk_size=20971520
DEBUG_STREAM_COUNT: chunk size is: 20971520 , size is: 20971520 , layer_num is: 112 , node: 0
DEBUG_STREAM_CREATE: Creating stream #110 for dataset id: 398 (total_streams=1)
DEBUG_STREAM_COUNT: Generated 1 streams for layer 112 (UNKNOWN), total injected: 111
info: all-to-all forward pass collective issued for layer: mlp_moelayer, involved dimensions:  1, 0, 0, 0, 0, 0, 0, 0, 0, 0,
[FLOW_DEBUG] Initiating flow from node=0 to node=1 maxPacketCount=10485760[FLOW_DEBUG] Initiating flow from node= tag=2241 flow_id= to node=6200 at time= maxPacketCount=10485760 tag=224 flow_id=621 at time=4125823841258238

***** info: fwd pass comm collective for layer: mlp_moelayer is finished************
DEBUG_CHUNK_SIZE: size=41943040, preferred_dataset_splits=1, resulting chunk_size=41943040
DEBUG_COLLECTIVE_TYPE: layer=113, event=UNKNOWN (raw=0), size=41943040, chunk_size=41943040
DEBUG_STREAM_COUNT: chunk size is: 41943040 , size is: 41943040 , layer_num is: 113 , node: 0
[FLOW_DEBUG] Initiating flow from node=1 to node=0 maxPacketCount=10485760 tag=226 flow_id=623 at time=41352607
DEBUG_STREAM_CREATE: Creating stream #111 for dataset id: 400 (total_streams=1)
DEBUG_STREAM_COUNT: Generated 1 streams for layer 113 (UNKNOWN), total injected: 112
info: all-gather forward pass collective issued for layer: attention_column, involved dimensions:  1, 0, 0, 0, 0, 0, 0, 0, 0, 0,
[FLOW_DEBUG] Initiating flow from node=0 to node=1 maxPacketCount=10485760 tag=226 flow_id=622 at time=41352607
[FLOW_DEBUG] Initiating flow from node=1 to node=0 maxPacketCount=10485760 tag=227 flow_id=625 at time=41352607
[FLOW_DEBUG] Initiating flow from node=0 to node=1 maxPacketCount=10485760 tag=227 flow_id=624 at time=41352607
***** info: fwd pass comm collective for layer: attention_column is finished************
DEBUG_CHUNK_SIZE: size=41943040, preferred_dataset_splits=1, resulting chunk_size=41943040
DEBUG_COLLECTIVE_TYPE: layer=114, event=UNKNOWN (raw=0), size=41943040, chunk_size=41943040
DEBUG_STREAM_COUNT: chunk size is: 41943040 , size is: 41943040 , layer_num is: 114 , node: 0
DEBUG_STREAM_CREATE: Creating stream #112 for dataset id: 402 (total_streams=1)
DEBUG_STREAM_COUNT: Generated 1 streams for layer 114 (UNKNOWN), total injected: 113
info: reduce-scatter forward pass collective issued for layer: attention_row, involved dimensions:  1, 0, 0, 0, 0, 0, 0, 0, 0, 0,
[FLOW_DEBUG] Initiating flow from node=0 to node=1 maxPacketCount=10485760 tag=228 flow_id=626 at time=41540183
[FLOW_DEBUG] Initiating flow from node=1 to node=0 maxPacketCount=10485760 tag=228 flow_id=627 at time=41540183
[FLOW_DEBUG] Initiating flow from node=0 to node=1 maxPacketCount=10485760 tag=229 flow_id=628 at time=41540183
[FLOW_DEBUG] Initiating flow from node=1 to node=0 maxPacketCount=10485760 tag=229 flow_id=629 at time=41540183
***** info: fwd pass comm collective for layer: attention_row is finished************
DEBUG_CHUNK_SIZE: size=131072, preferred_dataset_splits=1, resulting chunk_size=131072
DEBUG_COLLECTIVE_TYPE: layer=115, event=UNKNOWN (raw=0), size=131072, chunk_size=131072
DEBUG_STREAM_COUNT: chunk size is: 131072 , size is: 131072 , layer_num is: 115 , node: 0
[FLOW_DEBUG] Initiating flow from node=1 to node=0 maxPacketCount=32768 tag=230 flow_id=631 at time=41727759
DEBUG_STREAM_CREATE: Creating stream #113 for dataset id: 404 (total_streams=1)
DEBUG_STREAM_COUNT: Generated 1 streams for layer 115 (UNKNOWN), total injected: 114
info: all-gather forward pass collective issued for layer: mlp_moelayer, involved dimensions:  1, 0, 0, 0, 0, 0, 0, 0, 0, 0,
[FLOW_DEBUG] Initiating flow from node=0 to node=1 maxPacketCount=32768 tag=230 flow_id=630 at time=41727759
[FLOW_DEBUG] Initiating flow from node=1 to node=0 maxPacketCount=32768 tag=231 flow_id=633 at time=41727759
[FLOW_DEBUG] Initiating flow from node=0 to node=1 maxPacketCount=32768 tag=231 flow_id=632 at time=41727759
***** info: fwd pass comm collective for layer: mlp_moelayer is finished************
[FLOW_DEBUG] Initiating flow from node=1 to node=0 maxPacketCount=10485760 tag=232 flow_id=635 at time=41729503
DEBUG_CHUNK_SIZE: size=20971520, preferred_dataset_splits=1, resulting chunk_size=20971520
DEBUG_COLLECTIVE_TYPE: layer=116, event=UNKNOWN (raw=0), size=20971520, chunk_size=20971520
DEBUG_STREAM_COUNT: chunk size is: 20971520 , size is: 20971520 , layer_num is: 116 , node: 0
DEBUG_STREAM_CREATE: Creating stream #114 for dataset id: 406 (total_streams=1)
DEBUG_STREAM_COUNT: Generated 1 streams for layer 116 (UNKNOWN), total injected: 115
info: all-to-all forward pass collective issued for layer: mlp_moelayer, involved dimensions:  1, 0, 0, 0, 0, 0, 0, 0, 0, 0,
[FLOW_DEBUG] Initiating flow from node=0 to node=1 maxPacketCount=10485760 tag=232 flow_id=634 at time=41729503
***** info: fwd pass comm collective for layer: mlp_moelayer is finished************
DEBUG_CHUNK_SIZE: size=83886080, preferred_dataset_splits=1, resulting chunk_size=83886080
DEBUG_COLLECTIVE_TYPE: layer=117, event=UNKNOWN (raw=0), size=83886080, chunk_size=83886080
DEBUG_STREAM_COUNT: chunk size is: 83886080 , size is: 83886080 , layer_num is: 117 , node: 0
[FLOW_DEBUG] Initiating flow from node=1 to node=0 maxPacketCount=41943040 tag=234 flow_id=637 at time=41823872
DEBUG_STREAM_CREATE: Creating stream #115 for dataset id: 408 (total_streams=1)
DEBUG_STREAM_COUNT: Generated 1 streams for layer 117 (UNKNOWN), total injected: 116
info: all-to-all forward pass collective issued for layer: mlp_moelayer, involved dimensions:  1, 0, 0, 0, 0, 0, 0, 0, 0, 0,
[FLOW_DEBUG] Initiating flow from node=0 to node=1 maxPacketCount=41943040 tag=234 flow_id=636 at time=41823872
***** info: fwd pass comm collective for layer: mlp_moelayer is finished************
DEBUG_CHUNK_SIZE: size=83886080, preferred_dataset_splits=1, resulting chunk_size=83886080
DEBUG_COLLECTIVE_TYPE: layer=118, event=UNKNOWN (raw=0), size=83886080, chunk_size=83886080
DEBUG_STREAM_COUNT: chunk size is: 83886080 , size is: 83886080 , layer_num is: 118 , node: 0
[FLOW_DEBUG] Initiating flow from node=DEBUG_STREAM_CREATE: Creating stream #116 for dataset id: 410 (total_streams=11) to node=
0 maxPacketCount=20971520 tag=236 flow_id=639 at time=42197861
DEBUG_STREAM_COUNT: Generated 1 streams for layer 118 (UNKNOWN), total injected: 117
info: all-gather forward pass collective issued for layer: mlp_moelayer, involved dimensions:  1, 0, 0, 0, 0, 0, 0, 0, 0, 0,
[FLOW_DEBUG] Initiating flow from node=0 to node=1 maxPacketCount=20971520 tag=236 flow_id=638 at time=42197861
[FLOW_DEBUG] Initiating flow from node=1 to node=0 maxPacketCount=20971520 tag=237 flow_id=641 at time=42197861
[FLOW_DEBUG] Initiating flow from node=0 to node=1 maxPacketCount=20971520 tag=237 flow_id=640 at time=42197861
***** info: fwd pass comm collective for layer: mlp_moelayer is finished************
DEBUG_CHUNK_SIZE: size=83886080, preferred_dataset_splits=1, resulting chunk_size=83886080
DEBUG_COLLECTIVE_TYPE: layer=119, event=UNKNOWN (raw=0), size=83886080, chunk_size=83886080
DEBUG_STREAM_COUNT: chunk size is: 83886080 , size is: 83886080 , layer_num is: 119 , node: 0
DEBUG_STREAM_CREATE: Creating stream #117 for dataset id: 412 (total_streams=1)
[FLOW_DEBUG] Initiating flow from node=1 to node=0 maxPacketCount=20971520 tag=238 flow_id=643 at time=42571849
DEBUG_STREAM_COUNT: Generated 1 streams for layer 119 (UNKNOWN), total injected: 118
info: reduce-scatter forward pass collective issued for layer: mlp_moelayer, involved dimensions:  1, 0, 0, 0, 0, 0, 0, 0, 0, 0,
[FLOW_DEBUG] Initiating flow from node=0 to node=1 maxPacketCount=20971520 tag=238 flow_id=642 at time=42571849
[FLOW_DEBUG] Initiating flow from node=0 to node=1 maxPacketCount=20971520 tag=239 flow_id=644 at time=42571849
[FLOW_DEBUG] Initiating flow from node=1 to node=0 maxPacketCount=20971520 tag=239 flow_id=645 at time=42571849
***** info: fwd pass comm collective for layer: mlp_moelayer is finished************
DEBUG_CHUNK_SIZE: size=83886080, preferred_dataset_splits=1, resulting chunk_size=83886080
DEBUG_COLLECTIVE_TYPE: layer=120, event=UNKNOWN (raw=0), size=83886080, chunk_size=83886080
DEBUG_STREAM_COUNT: chunk size is: 83886080 , size is: 83886080 , layer_num is: 120 , node: 0
[FLOW_DEBUG] Initiating flow from node=1 to node=0 maxPacketCount=41943040 tag=240 flow_id=647 at time=42945837
DEBUG_STREAM_CREATE: Creating stream #118 for dataset id: 414 (total_streams=1)
DEBUG_STREAM_COUNT: Generated 1 streams for layer 120 (UNKNOWN), total injected: 119
info: all-to-all forward pass collective issued for layer: mlp_moelayer, involved dimensions:  1, 0, 0, 0, 0, 0, 0, 0, 0, 0,
[FLOW_DEBUG] Initiating flow from node=0 to node=1 maxPacketCount=41943040 tag=240 flow_id=646 at time=42945837
***** info: fwd pass comm collective for layer: mlp_moelayer is finished************
DEBUG_CHUNK_SIZE: size=20971520, preferred_dataset_splits=1, resulting chunk_size=20971520
DEBUG_COLLECTIVE_TYPE: layer=121, event=UNKNOWN (raw=0), size=20971520, chunk_size=20971520
DEBUG_STREAM_COUNT: chunk size is: 20971520 , size is: 20971520 , layer_num is: 121 , node: 0
DEBUG_STREAM_CREATE: Creating stream #119 for dataset id: 416 (total_streams=1)
[FLOW_DEBUG] Initiating flow from node=1 to node=0 maxPacketCount=10485760 tag=242 flow_id=649 at time=43319826
DEBUG_STREAM_COUNT: Generated 1 streams for layer 121 (UNKNOWN), total injected: 120
info: all-to-all forward pass collective issued for layer: mlp_moelayer, involved dimensions:  1, 0, 0, 0, 0, 0, 0, 0, 0, 0,
[FLOW_DEBUG] Initiating flow from node=0 to node=1 maxPacketCount=10485760 tag=242 flow_id=648 at time=43319826
***** info: fwd pass comm collective for layer: mlp_moelayer is finished************
DEBUG_CHUNK_SIZE: size=41943040, preferred_dataset_splits=1, resulting chunk_size=41943040
DEBUG_COLLECTIVE_TYPE: layer=122, event=UNKNOWN (raw=0), size=41943040, chunk_size=41943040
DEBUG_STREAM_COUNT: chunk size is: 41943040 , size is: 41943040 , layer_num is: 122 , node: 0
[FLOW_DEBUG] Initiating flow from node=1 to node=0 maxPacketCount=10485760 tag=244 flow_id=651 at time=43414195
DEBUG_STREAM_CREATE: Creating stream #120 for dataset id: 418 (total_streams=1)
DEBUG_STREAM_COUNT: Generated 1 streams for layer 122 (UNKNOWN), total injected: 121
info: all-gather forward pass collective issued for layer: attention_column, involved dimensions:  1, 0, 0, 0, 0, 0, 0, 0, 0, 0,
[FLOW_DEBUG] Initiating flow from node=1 to node=0 maxPacketCount=10485760 tag=245 flow_id=653 at time=43414195
[FLOW_DEBUG] Initiating flow from node=0 to node=1 maxPacketCount=10485760 tag=244 flow_id=650 at time=43414195
[FLOW_DEBUG] Initiating flow from node=0 to node=1 maxPacketCount=10485760 tag=245 flow_id=652 at time=43414195
***** info: fwd pass comm collective for layer: attention_column is finished************
DEBUG_CHUNK_SIZE: size=41943040, preferred_dataset_splits=1, resulting chunk_size=41943040
DEBUG_COLLECTIVE_TYPE: layer=123, event=UNKNOWN (raw=0), size=41943040, chunk_size=41943040
DEBUG_STREAM_COUNT: chunk size is: 41943040 , size is: 41943040 , layer_num is: 123 , node: 0
[FLOW_DEBUG] Initiating flow from node=1 to node=0 maxPacketCount=10485760 tag=246 flow_id=655 at time=43601771
DEBUG_STREAM_CREATE: Creating stream #121 for dataset id: 420 (total_streams=1)
[FLOW_DEBUG] Initiating flow from node=1 to node=0 maxPacketCount=10485760 tag=247 flow_id=657 at time=43601771
DEBUG_STREAM_COUNT: Generated 1 streams for layer 123 (UNKNOWN), total injected: 122
info: reduce-scatter forward pass collective issued for layer: attention_row, involved dimensions:  1, 0, 0, 0, 0, 0, 0, 0, 0, 0,
[FLOW_DEBUG] Initiating flow from node=0 to node=1 maxPacketCount=10485760 tag=246 flow_id=654 at time=43601771
[FLOW_DEBUG] Initiating flow from node=0 to node=1 maxPacketCount=10485760 tag=247 flow_id=656 at time=43601771
***** info: fwd pass comm collective for layer: attention_row is finished************
DEBUG_CHUNK_SIZE: size=131072, preferred_dataset_splits=1, resulting chunk_size=131072
DEBUG_COLLECTIVE_TYPE: layer=124, event=UNKNOWN (raw=0), size=131072, chunk_size=131072
DEBUG_STREAM_COUNT: chunk size is: 131072 , size is: 131072 , layer_num is: 124 , node: 0
DEBUG_STREAM_CREATE: Creating stream #122 for dataset id: 422 (total_streams=1)
DEBUG_STREAM_COUNT: Generated 1 streams for layer 124 (UNKNOWN), total injected: 123
info: all-gather forward pass collective issued for layer: mlp_moelayer, involved dimensions:  1, 0, 0, 0, 0, 0, 0, 0, 0, 0,
[FLOW_DEBUG] Initiating flow from node=1 to node=0 maxPacketCount=32768 tag=248 flow_id=659 at time=43789347
[FLOW_DEBUG] Initiating flow from node=0 to node=1 maxPacketCount=32768 tag=248 flow_id=658 at time=43789347
[FLOW_DEBUG] Initiating flow from node=1 to node=0 maxPacketCount=32768 tag=249 flow_id=661 at time=43789347
[FLOW_DEBUG] Initiating flow from node=0 to node=1 maxPacketCount=32768 tag=249 flow_id=660 at time=43789347
***** info: fwd pass comm collective for layer: mlp_moelayer is finished************
DEBUG_CHUNK_SIZE: size=20971520, preferred_dataset_splits=1, resulting chunk_size=20971520
DEBUG_COLLECTIVE_TYPE: layer=125, event=UNKNOWN (raw=0), size=20971520, chunk_size=20971520
DEBUG_STREAM_COUNT: chunk size is: 20971520 , size is: 20971520 , layer_num is: 125 , node: 0
DEBUG_STREAM_CREATE: Creating stream #123 for dataset id: 423 (total_streams=1)
DEBUG_STREAM_COUNT: Generated 1 streams for layer 125 (UNKNOWN), total injected: 124
info: all-to-all forward pass collective issued for layer: mlp_moelayer, involved dimensions:  1, 0, 0, 0, 0, 0, 0, 0, 0, 0,
[FLOW_DEBUG] Initiating flow from node=0 to node=1 maxPacketCount=10485760 tag=250 flow_id=662 at time=43791091
[FLOW_DEBUG] Initiating flow from node=1 to node=0 maxPacketCount=10485760 tag=250 flow_id=663 at time=43791091
***** info: fwd pass comm collective for layer: mlp_moelayer is finished************
DEBUG_CHUNK_SIZE: size=83886080, preferred_dataset_splits=1, resulting chunk_size=83886080
DEBUG_COLLECTIVE_TYPE: layer=126, event=UNKNOWN (raw=0), size=83886080, chunk_size=83886080
DEBUG_STREAM_COUNT: chunk size is: 83886080 , size is: 83886080 , layer_num is: 126 , node: 0
DEBUG_STREAM_CREATE: Creating stream #124 for dataset id: 426 (total_streams=1)
[FLOW_DEBUG] Initiating flow from node=1 to node=0 maxPacketCount=41943040 tag=252 flow_id=665 at time=43885460
DEBUG_STREAM_COUNT: Generated 1 streams for layer 126 (UNKNOWN), total injected: 125
info: all-to-all forward pass collective issued for layer: mlp_moelayer, involved dimensions:  1, 0, 0, 0, 0, 0, 0, 0, 0, 0,
[FLOW_DEBUG] Initiating flow from node=0 to node=1 maxPacketCount=41943040 tag=252 flow_id=664 at time=43885460
***** info: fwd pass comm collective for layer: mlp_moelayer is finished************
DEBUG_CHUNK_SIZE: size=83886080, preferred_dataset_splits=1, resulting chunk_size=83886080
DEBUG_COLLECTIVE_TYPE: layer=127, event=UNKNOWN (raw=0), size=83886080, chunk_size=83886080
DEBUG_STREAM_COUNT: chunk size is: 83886080 , size is: 83886080 , layer_num is: 127 , node: 0
DEBUG_STREAM_CREATE: Creating stream #125 for dataset id: 428 (total_streams=1)
DEBUG_STREAM_COUNT: Generated 1 streams for layer 127 (UNKNOWN), total injected: 126
[FLOW_DEBUG] Initiating flow from node=1 to node=0 maxPacketCount=20971520 tag=254 flow_id=info: all-gather forward pass collective issued for layer: mlp_moelayer667 at time=, involved dimensions:  1, 0,44259449 0, 0,
 0, 0, 0, 0, 0, 0,
[FLOW_DEBUG] Initiating flow from node=0 to node=1 maxPacketCount=20971520 tag=254 flow_id=666 at time=44259449
[FLOW_DEBUG] Initiating flow from node=0 to node=1 maxPacketCount=20971520 tag=255 flow_id=668 at time=44259449
[FLOW_DEBUG] Initiating flow from node=1 to node=0 maxPacketCount=20971520 tag=255 flow_id=669 at time=44259449
***** info: fwd pass comm collective for layer: mlp_moelayer is finished************
DEBUG_CHUNK_SIZE: size=83886080, preferred_dataset_splits=1, resulting chunk_size=83886080
DEBUG_COLLECTIVE_TYPE: layer=128, event=UNKNOWN (raw=0), size=83886080, chunk_size=83886080
DEBUG_STREAM_COUNT: chunk size is: 83886080 , size is: 83886080 , layer_num is: 128 , node: 0
DEBUG_STREAM_CREATE: Creating stream #126 for dataset id: 430 (total_streams=1)
DEBUG_STREAM_COUNT: Generated 1 streams for layer 128 (UNKNOWN), total injected: 127
info: reduce-scatter forward pass collective issued for layer: mlp_moelayer[FLOW_DEBUG] Initiating flow from node=, involved dimensions: 1 to node=0 maxPacketCount=20971520 1, tag=256 flow_id= 0,671 at time= 0, 0, 0, 0, 0, 0, 0, 0,
44633437
[FLOW_DEBUG] Initiating flow from node=0 to node=1 maxPacketCount=20971520 tag=256 flow_id=670 at time=44633437
[FLOW_DEBUG] Initiating flow from node=1 to node=0 maxPacketCount=20971520 tag=257 flow_id=673 at time=44633437
[FLOW_DEBUG] Initiating flow from node=0 to node=1 maxPacketCount=20971520 tag=257 flow_id=672 at time=44633437
***** info: fwd pass comm collective for layer: mlp_moelayer is finished************
DEBUG_CHUNK_SIZE: size=83886080, preferred_dataset_splits=1, resulting chunk_size=83886080
DEBUG_COLLECTIVE_TYPE: layer=129, event=UNKNOWN (raw=0), size=83886080, chunk_size=83886080
DEBUG_STREAM_COUNT: chunk size is: 83886080 , size is: 83886080 , layer_num is: 129 , node: 0
[FLOW_DEBUG] Initiating flow from node=1 to node=0 maxPacketCount=41943040 tag=258 flow_id=675 at time=DEBUG_STREAM_CREATE: Creating stream #127 for dataset id: 432 (total_streams=1)45007425

DEBUG_STREAM_COUNT: Generated 1 streams for layer 129 (UNKNOWN), total injected: 128
info: all-to-all forward pass collective issued for layer: mlp_moelayer, involved dimensions:  1, 0, 0, 0, 0, 0, 0, 0, 0, 0,
[FLOW_DEBUG] Initiating flow from node=0 to node=1 maxPacketCount=41943040 tag=258 flow_id=674 at time=45007425
***** info: fwd pass comm collective for layer: mlp_moelayer is finished************
DEBUG_CHUNK_SIZE: size=20971520, preferred_dataset_splits=1, resulting chunk_size=20971520
DEBUG_COLLECTIVE_TYPE: layer=130, event=UNKNOWN (raw=0), size=20971520, chunk_size=20971520
DEBUG_STREAM_COUNT: chunk size is: 20971520 , size is: 20971520 , layer_num is: 130 , node: 0
DEBUG_STREAM_CREATE: Creating stream #128 for dataset id: 434 (total_streams=1)
DEBUG_STREAM_COUNT: Generated 1 streams for layer 130 (UNKNOWN), total injected: 129
info: all-to-all forward pass collective issued for layer: mlp_moelayer, involved dimensions:  1, 0, 0, 0, 0, 0, 0, 0, 0, 0,
[FLOW_DEBUG] Initiating flow from node=1 to node=0 maxPacketCount=10485760 tag=260 flow_id=677 at time=45381414
[FLOW_DEBUG] Initiating flow from node=0 to node=1 maxPacketCount=10485760 tag=260 flow_id=676 at time=45381414
***** info: fwd pass comm collective for layer: mlp_moelayer is finished************
DEBUG_CHUNK_SIZE: size=41943040, preferred_dataset_splits=1, resulting chunk_size=41943040
DEBUG_COLLECTIVE_TYPE: layer=131, event=UNKNOWN (raw=0), size=41943040, chunk_size=41943040
DEBUG_STREAM_COUNT: chunk size is: 41943040 , size is: 41943040 , layer_num is: 131 , node: 0
DEBUG_STREAM_CREATE: Creating stream #129 for dataset id: 436 (total_streams=1)
DEBUG_STREAM_COUNT: Generated 1 streams for layer 131 (UNKNOWN), total injected: 130
info: all-gather forward pass collective issued for layer: attention_column, involved dimensions:  1, 0, 0, 0, 0, 0, 0, 0, 0, 0,
[FLOW_DEBUG] Initiating flow from node=0 to node=1 maxPacketCount=10485760 tag=262 flow_id=678 at time=45475783
[FLOW_DEBUG] Initiating flow from node=1 to node=0 maxPacketCount=10485760 tag=262 flow_id=679 at time=45475783
[FLOW_DEBUG] Initiating flow from node=0 to node=1 maxPacketCount=10485760 tag=263 flow_id=680 at time=45475783
[FLOW_DEBUG] Initiating flow from node=1 to node=0 maxPacketCount=10485760 tag=263 flow_id=681 at time=45475783
***** info: fwd pass comm collective for layer: attention_column is finished************
DEBUG_CHUNK_SIZE: size=41943040, preferred_dataset_splits=1, resulting chunk_size=41943040
DEBUG_COLLECTIVE_TYPE: layer=132, event=UNKNOWN (raw=0), size=41943040, chunk_size=41943040
DEBUG_STREAM_COUNT: chunk size is: 41943040 , size is: 41943040 , layer_num is: 132 , node: 0
DEBUG_STREAM_CREATE: Creating stream #130 for dataset id: 438 (total_streams=1)
DEBUG_STREAM_COUNT: Generated 1 streams for layer 132 (UNKNOWN), total injected: 131
info: reduce-scatter forward pass collective issued for layer: attention_row, involved dimensions:  1, 0, 0, 0, 0, 0, 0, 0, 0, 0,
[FLOW_DEBUG] Initiating flow from node=1 to node=0 maxPacketCount=10485760 tag=264 flow_id=683 at time=45663359
[FLOW_DEBUG] Initiating flow from node=0 to node=1 maxPacketCount=10485760 tag=264 flow_id=682 at time=45663359
[FLOW_DEBUG] Initiating flow from node=0 to node=1 maxPacketCount=10485760 tag=265 flow_id=684 at time=45663359
[FLOW_DEBUG] Initiating flow from node=1 to node=0 maxPacketCount=10485760 tag=265 flow_id=685 at time=45663359
***** info: fwd pass comm collective for layer: attention_row is finished************
DEBUG_CHUNK_SIZE: size=131072, preferred_dataset_splits=1, resulting chunk_size=131072
DEBUG_COLLECTIVE_TYPE: layer=133, event=UNKNOWN (raw=0), size=131072, chunk_size=131072
DEBUG_STREAM_COUNT: chunk size is: 131072 , size is: 131072 , layer_num is: 133 , node: 0
DEBUG_STREAM_CREATE: Creating stream #131 for dataset id: 440 (total_streams=1)
DEBUG_STREAM_COUNT: Generated 1 streams for layer 133 (UNKNOWN), total injected: 132
info: all-gather forward pass collective issued for layer: mlp_moelayer, involved dimensions:  1, 0, 0, 0, 0, 0, 0, 0, 0, 0,
[FLOW_DEBUG] Initiating flow from node=1 to node=0 maxPacketCount=32768 tag=266 flow_id=687 at time=45850935
[FLOW_DEBUG] Initiating flow from node=0 to node=1 maxPacketCount=32768 tag=266 flow_id=686 at time=45850935
[FLOW_DEBUG] Initiating flow from node=0 to node=1 maxPacketCount=32768 tag=267 flow_id=688 at time=45850935
[FLOW_DEBUG] Initiating flow from node=1 to node=0 maxPacketCount=32768 tag=267 flow_id=689 at time=45850935
***** info: fwd pass comm collective for layer: mlp_moelayer is finished************
DEBUG_CHUNK_SIZE: size=20971520, preferred_dataset_splits=1, resulting chunk_size=20971520
DEBUG_COLLECTIVE_TYPE: layer=134, event=UNKNOWN (raw=0), size=20971520, chunk_size=20971520
DEBUG_STREAM_COUNT: chunk size is: 20971520 , size is: 20971520 , layer_num is: 134 , node: 0
[FLOW_DEBUG] Initiating flow from node=1 to node=0 maxPacketCount=10485760 tag=268 flow_id=691 at time=45852679
DEBUG_STREAM_CREATE: Creating stream #132 for dataset id: 442 (total_streams=1)
DEBUG_STREAM_COUNT: Generated 1 streams for layer 134 (UNKNOWN), total injected: 133
info: all-to-all forward pass collective issued for layer: mlp_moelayer, involved dimensions:  1, 0, 0, 0, 0, 0, 0, 0, 0, 0,
[FLOW_DEBUG] Initiating flow from node=0 to node=1 maxPacketCount=10485760 tag=268 flow_id=690 at time=45852679
***** info: fwd pass comm collective for layer: mlp_moelayer is finished************
DEBUG_CHUNK_SIZE: size=83886080, preferred_dataset_splits=1, resulting chunk_size=83886080
DEBUG_COLLECTIVE_TYPE: layer=135, event=UNKNOWN (raw=0), size=83886080, chunk_size=83886080
DEBUG_STREAM_COUNT: chunk size is: 83886080 , size is: 83886080 , layer_num is: 135 , node: 0
[FLOW_DEBUG] Initiating flow from node=1 to node=0 maxPacketCount=41943040 tag=270 flow_id=693 at time=45947048
DEBUG_STREAM_CREATE: Creating stream #133 for dataset id: 444 (total_streams=1)
DEBUG_STREAM_COUNT: Generated 1 streams for layer 135 (UNKNOWN), total injected: 134
info: all-to-all forward pass collective issued for layer: mlp_moelayer, involved dimensions:  1, 0, 0, 0, 0, 0, 0, 0, 0, 0,
[FLOW_DEBUG] Initiating flow from node=0 to node=1 maxPacketCount=41943040 tag=270 flow_id=692 at time=45947048
***** info: fwd pass comm collective for layer: mlp_moelayer is finished************
DEBUG_CHUNK_SIZE: size=83886080, preferred_dataset_splits=1, resulting chunk_size=83886080
DEBUG_COLLECTIVE_TYPE: layer=136, event=UNKNOWN (raw=0), size=83886080, chunk_size=83886080
DEBUG_STREAM_COUNT: chunk size is: 83886080 , size is: 83886080 , layer_num is: 136 , node: 0
[FLOW_DEBUG] Initiating flow from node=1 to node=0 maxPacketCount=20971520 tag=272 flow_id=695 at time=46321037
DEBUG_STREAM_CREATE: Creating stream #134 for dataset id: 446 (total_streams=1)
DEBUG_STREAM_COUNT: Generated 1 streams for layer 136 (UNKNOWN), total injected: 135
info: all-gather forward pass collective issued for layer: mlp_moelayer, involved dimensions:  1, 0, 0, 0, 0, 0, 0, 0, 0, 0,
[FLOW_DEBUG] Initiating flow from node=0 to node=1 maxPacketCount=20971520 tag=272 flow_id=694 at time=46321037
[FLOW_DEBUG] Initiating flow from node=1 to node=0 maxPacketCount=20971520 tag=273 flow_id=697 at time=46321037
[FLOW_DEBUG] Initiating flow from node=0 to node=1 maxPacketCount=20971520 tag=273 flow_id=696 at time=46321037
***** info: fwd pass comm collective for layer: mlp_moelayer is finished************
DEBUG_CHUNK_SIZE: size=83886080, preferred_dataset_splits=1, resulting chunk_size=83886080
DEBUG_COLLECTIVE_TYPE: layer=137, event=UNKNOWN (raw=0), size=83886080, chunk_size=83886080
DEBUG_STREAM_COUNT: chunk size is: 83886080 , size is: 83886080 , layer_num is: 137 , node: 0
[FLOW_DEBUG] Initiating flow from node=1 to node=0 maxPacketCount=20971520 tag=274 flow_id=699 at time=46695025
DEBUG_STREAM_CREATE: Creating stream #135 for dataset id: 448 (total_streams=1)
DEBUG_STREAM_COUNT: Generated 1 streams for layer 137 (UNKNOWN), total injected: 136
info: reduce-scatter forward pass collective issued for layer: mlp_moelayer, involved dimensions:  1, 0, 0, 0, 0, 0, 0, 0, 0, 0,
[FLOW_DEBUG] Initiating flow from node=0 to node=1 maxPacketCount=20971520 tag=274 flow_id=698 at time=46695025
[FLOW_DEBUG] Initiating flow from node=1 to node=0 maxPacketCount=20971520 tag=275 flow_id=701 at time=46695025
[FLOW_DEBUG] Initiating flow from node=0 to node=1 maxPacketCount=20971520 tag=275 flow_id=700 at time=46695025
***** info: fwd pass comm collective for layer: mlp_moelayer is finished************
DEBUG_CHUNK_SIZE: size=83886080, preferred_dataset_splits=1, resulting chunk_size=83886080
DEBUG_COLLECTIVE_TYPE: layer=138, event=UNKNOWN (raw=0), size=83886080, chunk_size=83886080
DEBUG_STREAM_COUNT: chunk size is: 83886080 , size is: 83886080 , layer_num is: 138 , node: 0
DEBUG_STREAM_CREATE: Creating stream #136 for dataset id: 450 (total_streams=1)
[FLOW_DEBUG] Initiating flow from node=1 to node=0 maxPacketCount=41943040 tag=276 flow_id=703 at time=47069013
DEBUG_STREAM_COUNT: Generated 1 streams for layer 138 (UNKNOWN), total injected: 137
info: all-to-all forward pass collective issued for layer: mlp_moelayer, involved dimensions:  1, 0, 0, 0, 0, 0, 0, 0, 0, 0,
[FLOW_DEBUG] Initiating flow from node=0 to node=1 maxPacketCount=41943040 tag=276 flow_id=702 at time=47069013
***** info: fwd pass comm collective for layer: mlp_moelayer is finished************
DEBUG_CHUNK_SIZE: size=20971520, preferred_dataset_splits=1, resulting chunk_size=20971520
DEBUG_COLLECTIVE_TYPE: layer=139, event=UNKNOWN (raw=0), size=20971520, chunk_size=20971520
DEBUG_STREAM_COUNT: chunk size is: 20971520 , size is: 20971520 , layer_num is: 139 , node: 0
[FLOW_DEBUG] Initiating flow from node=1 to node=0 maxPacketCount=10485760 tag=278 flow_id=705 at time=47443002
DEBUG_STREAM_CREATE: Creating stream #137 for dataset id: 452 (total_streams=1)
DEBUG_STREAM_COUNT: Generated 1 streams for layer 139 (UNKNOWN), total injected: 138
info: all-to-all forward pass collective issued for layer: mlp_moelayer, involved dimensions:  1, 0, 0, 0, 0, 0, 0, 0, 0, 0,
[FLOW_DEBUG] Initiating flow from node=0 to node=1 maxPacketCount=10485760 tag=278 flow_id=704 at time=47443002
***** info: fwd pass comm collective for layer: mlp_moelayer is finished************
DEBUG_CHUNK_SIZE: size=41943040, preferred_dataset_splits=1, resulting chunk_size=41943040
DEBUG_COLLECTIVE_TYPE: layer=140, event=UNKNOWN (raw=0), size=41943040, chunk_size=41943040
DEBUG_STREAM_COUNT: chunk size is: 41943040 , size is: 41943040 , layer_num is: 140 , node: 0
DEBUG_STREAM_CREATE: Creating stream #138 for dataset id: 454 (total_streams=1)
[FLOW_DEBUG] Initiating flow from node=1 to node=0 maxPacketCount=10485760 tag=280 flow_id=707 at time=47537371
DEBUG_STREAM_COUNT: Generated 1 streams for layer 140 (UNKNOWN), total injected: 139
info: all-gather forward pass collective issued for layer: attention_column, involved dimensions:  1, 0, 0, 0, 0, 0, 0, 0, 0, 0,
[FLOW_DEBUG] Initiating flow from node=0 to node=1 maxPacketCount=10485760 tag=280 flow_id=706 at time=47537371
[FLOW_DEBUG] Initiating flow from node=1 to node=0 maxPacketCount=10485760 tag=281 flow_id=709 at time=47537371
[FLOW_DEBUG] Initiating flow from node=0 to node=1 maxPacketCount=10485760 tag=281 flow_id=708 at time=47537371
***** info: fwd pass comm collective for layer: attention_column is finished************
DEBUG_CHUNK_SIZE: size=41943040, preferred_dataset_splits=1, resulting chunk_size=41943040
DEBUG_COLLECTIVE_TYPE: layer=141, event=UNKNOWN (raw=0), size=41943040, chunk_size=41943040
DEBUG_STREAM_COUNT: chunk size is: 41943040 , size is: 41943040 , layer_num is: 141 , node: 0
[FLOW_DEBUG] Initiating flow from node=1 to node=0 maxPacketCount=10485760 tag=282 flow_id=711 at time=47724947
DEBUG_STREAM_CREATE: Creating stream #139 for dataset id: 456 (total_streams=1)
DEBUG_STREAM_COUNT: Generated 1 streams for layer 141 (UNKNOWN), total injected: 140
info: reduce-scatter forward pass collective issued for layer: attention_row, involved dimensions:  1, 0, 0, 0, 0, 0, 0, 0, 0, 0,
[FLOW_DEBUG] Initiating flow from node=0 to node=1 maxPacketCount=10485760 tag=282 flow_id=710 at time=47724947
[FLOW_DEBUG] Initiating flow from node=1 to node=0 maxPacketCount=10485760 tag=283 flow_id=713 at time=47724947
[FLOW_DEBUG] Initiating flow from node=0 to node=1 maxPacketCount=10485760 tag=283 flow_id=712 at time=47724947
***** info: fwd pass comm collective for layer: attention_row is finished************
DEBUG_CHUNK_SIZE: size=131072, preferred_dataset_splits=1, resulting chunk_size=131072
DEBUG_COLLECTIVE_TYPE: layer=142, event=UNKNOWN (raw=0), size=131072, chunk_size=131072
DEBUG_STREAM_COUNT: chunk size is: 131072 , size is: 131072 , layer_num is: 142 , node: 0
[FLOW_DEBUG] Initiating flow from node=DEBUG_STREAM_CREATE: Creating stream #140 for dataset id: 458 (total_streams=1)
1 to node=0 maxPacketCount=32768 tag=284 flow_id=715 at time=47912523
DEBUG_STREAM_COUNT: Generated 1 streams for layer 142 (UNKNOWN), total injected: 141
info: all-gather forward pass collective issued for layer: mlp_moelayer, involved dimensions:  1, 0, 0, 0, 0, 0, 0, 0, 0, 0,
[FLOW_DEBUG] Initiating flow from node=0 to node=1 maxPacketCount=32768 tag=284 flow_id=714 at time=47912523
[FLOW_DEBUG] Initiating flow from node=1 to node=0 maxPacketCount=32768 tag=285 flow_id=717 at time=47912523
[FLOW_DEBUG] Initiating flow from node=0 to node=1 maxPacketCount=32768 tag=285 flow_id=716 at time=47912523
***** info: fwd pass comm collective for layer: mlp_moelayer is finished************
DEBUG_CHUNK_SIZE: size=20971520, preferred_dataset_splits=1, resulting chunk_size=20971520
DEBUG_COLLECTIVE_TYPE: layer=143, event=UNKNOWN (raw=0), size=20971520, chunk_size=20971520
DEBUG_STREAM_COUNT: chunk size is: 20971520 , size is: 20971520 , layer_num is: 143 , node: 0
DEBUG_STREAM_CREATE: Creating stream #141 for dataset id: 460 (total_streams=1)
DEBUG_STREAM_COUNT: Generated 1 streams for layer 143 (UNKNOWN), total injected: 142
info: all-to-all forward pass collective issued for layer: mlp_moelayer, involved dimensions:  1, 0, 0, 0, 0,[FLOW_DEBUG] Initiating flow from node= 0, 0, 0, 0, 0,
1 to node=0 maxPacketCount=10485760 tag=286 flow_id=719 at time=47914267
[FLOW_DEBUG] Initiating flow from node=0 to node=1 maxPacketCount=10485760 tag=286 flow_id=718 at time=47914267
***** info: fwd pass comm collective for layer: mlp_moelayer is finished************
DEBUG_CHUNK_SIZE: size=83886080, preferred_dataset_splits=1, resulting chunk_size=83886080
DEBUG_COLLECTIVE_TYPE: layer=144, event=UNKNOWN (raw=0), size=83886080, chunk_size=83886080
DEBUG_STREAM_COUNT: chunk size is: 83886080 , size is: 83886080 , layer_num is: 144 , node: 0
DEBUG_STREAM_CREATE: Creating stream #142 for dataset id: 462 (total_streams=1)
DEBUG_STREAM_COUNT: Generated 1 streams for layer 144 (UNKNOWN), total injected: 143
info: all-to-all forward pass collective issued for layer: mlp_moelayer, involved dimensions:  1, 0, 0, 0, 0, 0, 0, 0, 0, 0,
[FLOW_DEBUG] Initiating flow from node=[FLOW_DEBUG] Initiating flow from node=0 to node=1 maxPacketCount=41943040 tag=288 flow_id=720 at time=1 to node=48008636
0 maxPacketCount=41943040 tag=288 flow_id=721 at time=48008636
***** info: fwd pass comm collective for layer: mlp_moelayer is finished************
DEBUG_CHUNK_SIZE: size=83886080, preferred_dataset_splits=1, resulting chunk_size=83886080
DEBUG_COLLECTIVE_TYPE: layer=145, event=UNKNOWN (raw=0), size=83886080, chunk_size=83886080
DEBUG_STREAM_COUNT: chunk size is: 83886080 , size is: 83886080 , layer_num is: 145 , node: 0
[FLOW_DEBUG] Initiating flow from node=1 to node=0 maxPacketCount=20971520 tag=290 flow_id=723 at time=48382625
DEBUG_STREAM_CREATE: Creating stream #143 for dataset id: 464 (total_streams=1)
DEBUG_STREAM_COUNT: Generated 1 streams for layer 145 (UNKNOWN), total injected: 144
info: all-gather forward pass collective issued for layer: mlp_moelayer, involved dimensions:  1, 0, 0, 0, 0, 0, 0, 0, 0, 0,
[FLOW_DEBUG] Initiating flow from node=0 to node=1 maxPacketCount=20971520 tag=290 flow_id=722 at time=48382625
[FLOW_DEBUG] Initiating flow from node=1 to node=0 maxPacketCount=20971520 tag=291 flow_id=725 at time=48382625
[FLOW_DEBUG] Initiating flow from node=0 to node=1 maxPacketCount=20971520 tag=291 flow_id=724 at time=48382625
***** info: fwd pass comm collective for layer: mlp_moelayer is finished************
DEBUG_CHUNK_SIZE: size=83886080, preferred_dataset_splits=1, resulting chunk_size=83886080
DEBUG_COLLECTIVE_TYPE: layer=146, event=UNKNOWN (raw=0), size=83886080, chunk_size=83886080
DEBUG_STREAM_COUNT: chunk size is: 83886080 , size is: 83886080 , layer_num is: 146 , node: 0
[FLOW_DEBUG] Initiating flow from node=1 to node=0 maxPacketCount=20971520 tag=292 flow_id=727 at time=48756613
DEBUG_STREAM_CREATE: Creating stream #144 for dataset id: 466 (total_streams=1)
DEBUG_STREAM_COUNT: Generated 1 streams for layer 146 (UNKNOWN), total injected: 145
info: reduce-scatter forward pass collective issued for layer: mlp_moelayer, involved dimensions:  1, 0, 0, 0, 0, 0, 0, 0, 0, 0,
[FLOW_DEBUG] Initiating flow from node=0 to node=1 maxPacketCount=20971520 tag=292 flow_id=726 at time=48756613
[FLOW_DEBUG] Initiating flow from node=1 to node=0 maxPacketCount=20971520 tag=293 flow_id=729 at time=48756613
[FLOW_DEBUG] Initiating flow from node=0 to node=1 maxPacketCount=20971520 tag=293 flow_id=728 at time=48756613
***** info: fwd pass comm collective for layer: mlp_moelayer is finished************
DEBUG_CHUNK_SIZE: size=83886080, preferred_dataset_splits=1, resulting chunk_size=83886080
DEBUG_COLLECTIVE_TYPE: layer=147, event=UNKNOWN (raw=0), size=83886080, chunk_size=83886080
DEBUG_STREAM_COUNT: chunk size is: 83886080 , size is: 83886080 , layer_num is: 147 , node: 0
[FLOW_DEBUG] Initiating flow from node=1 to node=0 maxPacketCount=41943040 tag=294 flow_id=731 at time=49130601
DEBUG_STREAM_CREATE: Creating stream #145 for dataset id: 468 (total_streams=1)
DEBUG_STREAM_COUNT: Generated 1 streams for layer 147 (UNKNOWN), total injected: 146
info: all-to-all forward pass collective issued for layer: mlp_moelayer, involved dimensions:  1, 0, 0, 0, 0, 0, 0, 0, 0, 0,
[FLOW_DEBUG] Initiating flow from node=0 to node=1 maxPacketCount=41943040 tag=294 flow_id=730 at time=49130601
***** info: fwd pass comm collective for layer: mlp_moelayer is finished************
DEBUG_CHUNK_SIZE: size=20971520, preferred_dataset_splits=1, resulting chunk_size=20971520
DEBUG_COLLECTIVE_TYPE: layer=148, event=UNKNOWN (raw=0), size=20971520, chunk_size=20971520
DEBUG_STREAM_COUNT: chunk size is: 20971520 , size is: 20971520 , layer_num is: 148 , node: 0
[FLOW_DEBUG] Initiating flow from node=1 to node=0 maxPacketCount=10485760 tag=296 flow_id=733 at time=49504590
DEBUG_STREAM_CREATE: Creating stream #146 for dataset id: 470 (total_streams=1)
DEBUG_STREAM_COUNT: Generated 1 streams for layer 148 (UNKNOWN), total injected: 147
info: all-to-all forward pass collective issued for layer: mlp_moelayer, involved dimensions:  1, 0, 0, 0, 0, 0, 0, 0, 0, 0,
[FLOW_DEBUG] Initiating flow from node=0 to node=1 maxPacketCount=10485760 tag=296 flow_id=732 at time=49504590
***** info: fwd pass comm collective for layer: mlp_moelayer is finished************
DEBUG_CHUNK_SIZE: size=41943040, preferred_dataset_splits=1, resulting chunk_size=41943040
DEBUG_COLLECTIVE_TYPE: layer=149, event=UNKNOWN (raw=0), size=41943040, chunk_size=41943040
DEBUG_STREAM_COUNT: chunk size is: 41943040 , size is: 41943040 , layer_num is: 149 , node: 0
DEBUG_STREAM_CREATE: Creating stream #147 for dataset id: 472 (total_streams=1)
[FLOW_DEBUG] Initiating flow from node=1 to node=0 maxPacketCount=10485760 tag=298 flow_id=735 at time=49598959
DEBUG_STREAM_COUNT: Generated 1 streams for layer 149 (UNKNOWN), total injected: 148
info: all-gather forward pass collective issued for layer: final_column, involved dimensions:  1, 0, 0, 0, 0, 0, 0, 0, 0, 0,
[FLOW_DEBUG] Initiating flow from node=0 to node=1 maxPacketCount=10485760 tag=298 flow_id=734 at time=49598959
[FLOW_DEBUG] Initiating flow from node=1 to node=0 maxPacketCount=10485760 tag=299 flow_id=737 at time=49598959
[FLOW_DEBUG] Initiating flow from node=0 to node=1 maxPacketCount=10485760 tag=299 flow_id=736 at time=49598959
***** info: fwd pass comm collective for layer: final_column is finished************
DEBUG_CHUNK_SIZE: size=327680000, preferred_dataset_splits=1, resulting chunk_size=327680000
DEBUG_COLLECTIVE_TYPE: layer=150, event=UNKNOWN (raw=0), size=327680000, chunk_size=327680000
DEBUG_STREAM_COUNT: chunk size is: 327680000 , size is: 327680000 , layer_num is: 150 , node: 0
[FLOW_DEBUG] Initiating flow from node=1 to node=0 maxPacketCount=81920000 tag=600 flow_id=739 at time=49786535
DEBUG_STREAM_CREATE: Creating stream #148 for dataset id: 474 (total_streams=1)
DEBUG_STREAM_COUNT: Generated 1 streams for layer 150 (UNKNOWN), total injected: 149
info: all-reduce forward pass collective issued for layer: embedding_norm, involved dimensions:  1, 0, 0, 0, 0, 0, 0, 0, 0, 0,
[FLOW_DEBUG] Initiating flow from node=0 to node=1 maxPacketCount=81920000 tag=600 flow_id=738 at time=49786535
[FLOW_DEBUG] Initiating flow from node=1 to node=0 maxPacketCount=81920000 tag=602 flow_id=743 at time=49786535
[FLOW_DEBUG] Initiating flow from node=0 to node=1 maxPacketCount=81920000 tag=602 flow_id=742 at time=49786535
[FLOW_DEBUG] Initiating flow from node=0 to node=1 maxPacketCount=81920000 tag=603 flow_id=744 at time=51243933
[FLOW_DEBUG] Initiating flow from node=1 to node=0 maxPacketCount=81920000 tag=603 flow_id=745 at time=51243933
[FLOW_DEBUG] Initiating flow from node=0 to node=1 maxPacketCount=81920000 tag=601 flow_id=740 at time=51243951
[FLOW_DEBUG] Initiating flow from node=1 to node=0 maxPacketCount=81920000 tag=601 flow_id=741 at time=51243951
***** info: fwd pass comm collective for layer: embedding_norm is finished************
info: no forward pass collective for layer: embedding_layer
DEBUG_CHUNK_SIZE: size=41943040, preferred_dataset_splits=1, resulting chunk_size=41943040
DEBUG_COLLECTIVE_TYPE: layer=152, event=UNKNOWN (raw=0), size=41943040, chunk_size=41943040
DEBUG_STREAM_COUNT: chunk size is: 41943040 , size is: 41943040 , layer_num is: 152 , node: 0
DEBUG_STREAM_CREATE: Creating stream #149 for dataset id: 476 (total_streams=1)
[FLOW_DEBUG] Initiating flow from node=1 to node=0 maxPacketCount=10485760 tag=304 flow_id=747 at time=52701453
DEBUG_STREAM_COUNT: Generated 1 streams for layer 152 (UNKNOWN), total injected: 150
info: all-gather forward pass collective issued for layer: attention_column, involved dimensions:  1, 0, 0, 0, 0, 0, 0, 0, 0, 0,
[FLOW_DEBUG] Initiating flow from node=0 to node=1 maxPacketCount=10485760 tag=304 flow_id=746 at time=52701453
[FLOW_DEBUG] Initiating flow from node=1 to node=0 maxPacketCount=10485760 tag=305 flow_id=749 at time=52701453
[FLOW_DEBUG] Initiating flow from node=0 to node=1 maxPacketCount=10485760 tag=305 flow_id=748 at time=52701453
***** info: fwd pass comm collective for layer: attention_column is finished************
DEBUG_CHUNK_SIZE: size=41943040, preferred_dataset_splits=1, resulting chunk_size=41943040
DEBUG_COLLECTIVE_TYPE: layer=153, event=UNKNOWN (raw=0), size=41943040, chunk_size=41943040
DEBUG_STREAM_COUNT: chunk size is: 41943040 , size is: 41943040 , layer_num is: 153 , node: 0
DEBUG_STREAM_CREATE: Creating stream #150 for dataset id: 478 (total_streams=1)
[FLOW_DEBUG] Initiating flow from node=1 to node=0 maxPacketCount=10485760 tag=306 flow_id=751 at time=52889029
DEBUG_STREAM_COUNT: Generated 1 streams for layer 153 (UNKNOWN), total injected: 151
info: reduce-scatter forward pass collective issued for layer: attention_row, involved dimensions:  1, 0, 0, 0, 0, 0, 0, 0, 0, 0,
[FLOW_DEBUG] Initiating flow from node=0 to node=1 maxPacketCount=10485760 tag=306 flow_id=750 at time=52889029
[FLOW_DEBUG] Initiating flow from node=1 to node=0 maxPacketCount=10485760 tag=307 flow_id=753 at time=52889029
[FLOW_DEBUG] Initiating flow from node=0 to node=1 maxPacketCount=10485760 tag=307 flow_id=752 at time=52889029
***** info: fwd pass comm collective for layer: attention_row is finished************
DEBUG_CHUNK_SIZE: size=131072, preferred_dataset_splits=1, resulting chunk_size=131072
DEBUG_COLLECTIVE_TYPE: layer=154, event=UNKNOWN (raw=0), size=131072, chunk_size=131072
DEBUG_STREAM_COUNT: chunk size is: 131072 , size is: 131072 , layer_num is: 154 , node: 0
DEBUG_STREAM_CREATE: Creating stream #151 for dataset id: 480 (total_streams=1)
DEBUG_STREAM_COUNT: Generated 1 streams for layer 154 (UNKNOWN), total injected: 152
info: all-gather forward pass collective issued for layer: mlp_moelayer, involved dimensions:  1, 0, 0, 0, 0, 0, 0, 0, 0, 0,
[FLOW_DEBUG] Initiating flow from node=0 to node=1 maxPacketCount=32768 tag=308 flow_id=754 at time=53076605
[FLOW_DEBUG] Initiating flow from node=1 to node=0 maxPacketCount=32768 tag=308 flow_id=755 at time=53076605
[FLOW_DEBUG] Initiating flow from node=[FLOW_DEBUG] Initiating flow from node=0 to node=1 maxPacketCount=32768 tag=1 to node=0 maxPacketCount=32768 tag=309309 flow_id= flow_id=756 at time=757 at time=53076605
53076605
***** info: fwd pass comm collective for layer: mlp_moelayer is finished************
DEBUG_CHUNK_SIZE: size=20971520, preferred_dataset_splits=1, resulting chunk_size=20971520
DEBUG_COLLECTIVE_TYPE: layer=155, event=UNKNOWN (raw=0), size=20971520, chunk_size=20971520
DEBUG_STREAM_COUNT: chunk size is: 20971520 , size is: 20971520 , layer_num is: 155 , node: 0
[FLOW_DEBUG] Initiating flow from node=1 to node=0 maxPacketCount=10485760 tag=310 flow_id=759 at time=53078349
DEBUG_STREAM_CREATE: Creating stream #152 for dataset id: 482 (total_streams=1)
DEBUG_STREAM_COUNT: Generated 1 streams for layer 155 (UNKNOWN), total injected: 153
info: all-to-all forward pass collective issued for layer: mlp_moelayer, involved dimensions:  1, 0, 0, 0, 0, 0, 0, 0, 0, 0,
[FLOW_DEBUG] Initiating flow from node=0 to node=1 maxPacketCount=10485760 tag=310 flow_id=758 at time=53078349
***** info: fwd pass comm collective for layer: mlp_moelayer is finished************
DEBUG_CHUNK_SIZE: size=83886080, preferred_dataset_splits=1, resulting chunk_size=83886080
DEBUG_COLLECTIVE_TYPE: layer=156, event=UNKNOWN (raw=0), size=83886080, chunk_size=83886080
DEBUG_STREAM_COUNT: chunk size is: 83886080 , size is: 83886080 , layer_num is: 156 , node: 0
DEBUG_STREAM_CREATE: Creating stream #153 for dataset id: 484 (total_streams=1)
DEBUG_STREAM_COUNT: Generated 1 streams for layer 156 (UNKNOWN), total injected: 154
[FLOW_DEBUG] Initiating flow from node=1info: all-to-all forward pass collective issued for layer: mlp_moelayer to node=, involved dimensions: 0 maxPacketCount=41943040 tag=312 flow_id= 1,761 at time= 0, 0, 0, 0, 0, 0, 0, 0, 0,
53172718
[FLOW_DEBUG] Initiating flow from node=0 to node=1 maxPacketCount=41943040 tag=312 flow_id=760 at time=53172718
***** info: fwd pass comm collective for layer: mlp_moelayer is finished************
DEBUG_CHUNK_SIZE: size=83886080, preferred_dataset_splits=1, resulting chunk_size=83886080
DEBUG_COLLECTIVE_TYPE: layer=157, event=UNKNOWN (raw=0), size=83886080, chunk_size=83886080
DEBUG_STREAM_COUNT: chunk size is: 83886080 , size is: 83886080 , layer_num is: 157 , node: 0
DEBUG_STREAM_CREATE: Creating stream #154 for dataset id: 486 (total_streams=1)
DEBUG_STREAM_COUNT: Generated 1 streams for layer 157 (UNKNOWN), total injected: 155
info: all-gather forward pass collective issued for layer: mlp_moelayer, involved dimensions:  1, 0, 0, 0, 0, 0, 0, 0, 0, 0,
[FLOW_DEBUG] Initiating flow from node=1 to node=0 maxPacketCount=20971520 tag=314 flow_id=763 at time=[FLOW_DEBUG] Initiating flow from node=0 to node=1 maxPacketCount=20971520 tag=314 flow_id=53546707762
 at time=53546707
[FLOW_DEBUG] Initiating flow from node=0 to node=1 maxPacketCount=20971520 tag=315 flow_id=764 at time=53546707
[FLOW_DEBUG] Initiating flow from node=1 to node=0 maxPacketCount=20971520 tag=315 flow_id=765 at time=53546707
***** info: fwd pass comm collective for layer: mlp_moelayer is finished************
DEBUG_CHUNK_SIZE: size=83886080, preferred_dataset_splits=1, resulting chunk_size=83886080
DEBUG_COLLECTIVE_TYPE: layer=158, event=UNKNOWN (raw=0), size=83886080, chunk_size=83886080
DEBUG_STREAM_COUNT: chunk size is: 83886080 , size is: 83886080 , layer_num is: 158 , node: 0
[FLOW_DEBUG] Initiating flow from node=1 to node=0 maxPacketCount=20971520 tag=316 flow_id=767 at time=53920695
DEBUG_STREAM_CREATE: Creating stream #155 for dataset id: 488 (total_streams=1)
DEBUG_STREAM_COUNT: Generated 1 streams for layer 158 (UNKNOWN), total injected: 156
info: reduce-scatter forward pass collective issued for layer: mlp_moelayer, involved dimensions:  1, 0, 0, 0, 0, 0, 0, 0, 0, 0,
[FLOW_DEBUG] Initiating flow from node=0 to node=1 maxPacketCount=20971520 tag=316 flow_id=766 at time=53920695
[FLOW_DEBUG] Initiating flow from node=0 to node=1 maxPacketCount=20971520 tag=317 flow_id=768 at time=53920695
[FLOW_DEBUG] Initiating flow from node=1 to node=0 maxPacketCount=20971520 tag=317 flow_id=769 at time=53920695
***** info: fwd pass comm collective for layer: mlp_moelayer is finished************
DEBUG_CHUNK_SIZE: size=83886080, preferred_dataset_splits=1, resulting chunk_size=83886080
DEBUG_COLLECTIVE_TYPE: layer=159, event=UNKNOWN (raw=0), size=83886080, chunk_size=83886080
DEBUG_STREAM_COUNT: chunk size is: 83886080 , size is: 83886080 , layer_num is: 159 , node: 0
DEBUG_STREAM_CREATE: Creating stream #156 for dataset id: 490 (total_streams=1)
DEBUG_STREAM_COUNT: Generated 1 streams for layer 159 (UNKNOWN), total injected: 157
info: all-to-all forward pass collective issued for layer: mlp_moelayer, involved dimensions:  1, 0, 0, 0, 0, 0, 0, 0, 0, 0,
[FLOW_DEBUG] Initiating flow from node=0 to node=1 maxPacketCount=41943040 tag=318 flow_id=770 at time=54294683
[FLOW_DEBUG] Initiating flow from node=1 to node=0 maxPacketCount=41943040 tag=318 flow_id=771 at time=54294683
***** info: fwd pass comm collective for layer: mlp_moelayer is finished************
DEBUG_CHUNK_SIZE: size=20971520, preferred_dataset_splits=1, resulting chunk_size=20971520
DEBUG_COLLECTIVE_TYPE: layer=160, event=UNKNOWN (raw=0), size=20971520, chunk_size=20971520
DEBUG_STREAM_COUNT: chunk size is: 20971520 , size is: 20971520 , layer_num is: 160 , node: 0
DEBUG_STREAM_CREATE: Creating stream #157 for dataset id: 492 (total_streams=1)
DEBUG_STREAM_COUNT: Generated 1 streams for layer 160 (UNKNOWN), total injected: 158
info: all-to-all forward pass collective issued for layer: mlp_moelayer, involved dimensions:  1, 0, 0, 0, 0, 0, 0, 0, 0, 0,
[FLOW_DEBUG] Initiating flow from node=0 to node=1 maxPacketCount=10485760 tag=320 flow_id=772 at time=54668672
[FLOW_DEBUG] Initiating flow from node=1 to node=0 maxPacketCount=10485760 tag=320 flow_id=773 at time=54668672
***** info: fwd pass comm collective for layer: mlp_moelayer is finished************
DEBUG_CHUNK_SIZE: size=41943040, preferred_dataset_splits=1, resulting chunk_size=41943040
DEBUG_COLLECTIVE_TYPE: layer=161, event=UNKNOWN (raw=0), size=41943040, chunk_size=41943040
DEBUG_STREAM_COUNT: chunk size is: 41943040 , size is: 41943040 , layer_num is: 161 , node: 0
DEBUG_STREAM_CREATE: Creating stream #158 for dataset id: 494 (total_streams=1)
DEBUG_STREAM_COUNT: Generated 1 streams for layer 161 (UNKNOWN), total injected: 159
info: all-gather forward pass collective issued for layer: attention_column, involved dimensions: [FLOW_DEBUG] Initiating flow from node=1 to node= 1,0 maxPacketCount=10485760 tag=322 flow_id=775 at time= 0, 0, 0, 0, 0, 0, 0, 0, 0,54763041

[FLOW_DEBUG] Initiating flow from node=0 to node=1 maxPacketCount=10485760 tag=322 flow_id=774 at time=54763041
[FLOW_DEBUG] Initiating flow from node=1 to node=0 maxPacketCount=10485760 tag=323 flow_id=777 at time=54763041
[FLOW_DEBUG] Initiating flow from node=0 to node=1 maxPacketCount=10485760 tag=323 flow_id=776 at time=54763041
***** info: fwd pass comm collective for layer: attention_column is finished************
DEBUG_CHUNK_SIZE: size=41943040, preferred_dataset_splits=1, resulting chunk_size=41943040
DEBUG_COLLECTIVE_TYPE: layer=162, event=UNKNOWN (raw=0), size=41943040, chunk_size=41943040
DEBUG_STREAM_COUNT: chunk size is: 41943040 , size is: 41943040 , layer_num is: 162 , node: 0
[FLOW_DEBUG] Initiating flow from node=1 to node=0 maxPacketCount=10485760 tag=324 flow_id=779 at time=DEBUG_STREAM_CREATE: Creating stream #159 for dataset id: 496 (total_streams=154950617)

DEBUG_STREAM_COUNT: Generated 1 streams for layer 162 (UNKNOWN), total injected: 160
info: reduce-scatter forward pass collective issued for layer: attention_row, involved dimensions:  1, 0, 0, 0, 0, 0, 0, 0, 0, 0,
[FLOW_DEBUG] Initiating flow from node=0 to node=1 maxPacketCount=10485760 tag=324 flow_id=778 at time=54950617
[FLOW_DEBUG] Initiating flow from node=1 to node=0 maxPacketCount=10485760 tag=325 flow_id=781 at time=54950617
[FLOW_DEBUG] Initiating flow from node=0 to node=1 maxPacketCount=10485760 tag=325 flow_id=780 at time=54950617
***** info: fwd pass comm collective for layer: attention_row is finished************
DEBUG_CHUNK_SIZE: size=131072, preferred_dataset_splits=1, resulting chunk_size=131072
DEBUG_COLLECTIVE_TYPE: layer=163, event=UNKNOWN (raw=0), size=131072, chunk_size=131072
DEBUG_STREAM_COUNT: chunk size is: 131072 , size is: 131072 , layer_num is: 163 , node: 0
DEBUG_STREAM_CREATE: Creating stream #160 for dataset id: 498 (total_streams=1)
[FLOW_DEBUG] Initiating flow from node=1 to node=0 maxPacketCount=32768 tag=326 flow_id=783 at time=55138193
DEBUG_STREAM_COUNT: Generated 1 streams for layer 163 (UNKNOWN), total injected: 161
info: all-gather forward pass collective issued for layer: mlp_moelayer, involved dimensions:  1, 0, 0, 0, 0, 0, 0, 0, 0, 0,
[FLOW_DEBUG] Initiating flow from node=0 to node=1 maxPacketCount=32768 tag=326 flow_id=782 at time=55138193
[FLOW_DEBUG] Initiating flow from node=1 to node=0 maxPacketCount=32768 tag=327 flow_id=785 at time=55138193
[FLOW_DEBUG] Initiating flow from node=0 to node=1 maxPacketCount=32768 tag=327 flow_id=784 at time=55138193
***** info: fwd pass comm collective for layer: mlp_moelayer is finished************
DEBUG_CHUNK_SIZE: size=20971520, preferred_dataset_splits=1, resulting chunk_size=20971520
DEBUG_COLLECTIVE_TYPE: layer=[FLOW_DEBUG] Initiating flow from node=164, event=UNKNOWN1 (raw= to node=00), size=20971520, chunk_size=20971520 maxPacketCount=
DEBUG_STREAM_COUNT: chunk size is: 20971520 , size is: 20971520 , layer_num is: 164 , node: 0
10485760 tag=328 flow_id=787 at time=55139937
DEBUG_STREAM_CREATE: Creating stream #161 for dataset id: 500 (total_streams=1)
DEBUG_STREAM_COUNT: Generated 1 streams for layer 164 (UNKNOWN), total injected: 162
info: all-to-all forward pass collective issued for layer: mlp_moelayer, involved dimensions:  1, 0, 0, 0, 0, 0, 0, 0, 0, 0,
[FLOW_DEBUG] Initiating flow from node=0 to node=1 maxPacketCount=10485760 tag=328 flow_id=786 at time=55139937
***** info: fwd pass comm collective for layer: mlp_moelayer is finished************
DEBUG_CHUNK_SIZE: size=83886080, preferred_dataset_splits=1, resulting chunk_size=83886080
DEBUG_COLLECTIVE_TYPE: layer=165, event=UNKNOWN (raw=0), size=83886080, chunk_size=83886080
DEBUG_STREAM_COUNT: chunk size is: 83886080 , size is: 83886080 , layer_num is: 165 , node: 0
DEBUG_STREAM_CREATE: Creating stream #162 for dataset id: 502 (total_streams=1)
[FLOW_DEBUG] Initiating flow from node=1 to node=0 maxPacketCount=41943040 tag=330 flow_id=789 at time=55234306
DEBUG_STREAM_COUNT: Generated 1 streams for layer 165 (UNKNOWN), total injected: 163
info: all-to-all forward pass collective issued for layer: mlp_moelayer, involved dimensions:  1, 0, 0, 0, 0, 0, 0, 0, 0, 0,
[FLOW_DEBUG] Initiating flow from node=0 to node=1 maxPacketCount=41943040 tag=330 flow_id=788 at time=55234306
***** info: fwd pass comm collective for layer: mlp_moelayer is finished************
DEBUG_CHUNK_SIZE: size=83886080, preferred_dataset_splits=1, resulting chunk_size=83886080
DEBUG_COLLECTIVE_TYPE: layer=166, event=UNKNOWN (raw=0), size=83886080, chunk_size=83886080
DEBUG_STREAM_COUNT: chunk size is: 83886080 , size is: 83886080 , layer_num is: 166 , node: 0
DEBUG_STREAM_CREATE: Creating stream #163 for dataset id: 504 (total_streams=1)
[FLOW_DEBUG] Initiating flow from node=1 to node=0 maxPacketCount=20971520 tag=332 flow_id=791 at time=55608295
DEBUG_STREAM_COUNT: Generated 1 streams for layer 166 (UNKNOWN), total injected: 164
info: all-gather forward pass collective issued for layer: mlp_moelayer, involved dimensions:  1, 0, 0, 0, 0, 0, 0, 0, 0, 0,
[FLOW_DEBUG] Initiating flow from node=0 to node=1 maxPacketCount=20971520 tag=332 flow_id=790 at time=55608295
[FLOW_DEBUG] Initiating flow from node=1 to node=0 maxPacketCount=20971520 tag=333 flow_id=793 at time=55608295
[FLOW_DEBUG] Initiating flow from node=0 to node=1 maxPacketCount=20971520 tag=333 flow_id=792 at time=55608295
***** info: fwd pass comm collective for layer: mlp_moelayer is finished************
DEBUG_CHUNK_SIZE: size=83886080, preferred_dataset_splits=1, resulting chunk_size=83886080
DEBUG_COLLECTIVE_TYPE: layer=167, event=UNKNOWN (raw=0), size=83886080, chunk_size=83886080
DEBUG_STREAM_COUNT: chunk size is: 83886080 , size is: 83886080 , layer_num is: 167 , node: 0
DEBUG_STREAM_CREATE: Creating stream #164 for dataset id: 506 (total_streams=1)
DEBUG_STREAM_COUNT: Generated 1 streams for layer 167 (UNKNOWN), total injected: 165
info: reduce-scatter forward pass collective issued for layer: mlp_moelayer, involved dimensions:  1, 0, 0, 0, 0, 0, 0, 0, 0, 0,
[FLOW_DEBUG] Initiating flow from node=1 to node=0 maxPacketCount=20971520 tag=334 flow_id=795 at time=55982283
[FLOW_DEBUG] Initiating flow from node=0 to node=1 maxPacketCount=20971520 tag=334 flow_id=794 at time=55982283
[FLOW_DEBUG] Initiating flow from node=1 to node=0 maxPacketCount=20971520 tag=335 flow_id=797 at time=55982283
[FLOW_DEBUG] Initiating flow from node=0 to node=1 maxPacketCount=20971520 tag=335 flow_id=796 at time=55982283
***** info: fwd pass comm collective for layer: mlp_moelayer is finished************
DEBUG_CHUNK_SIZE: size=83886080, preferred_dataset_splits=1, resulting chunk_size=83886080
DEBUG_COLLECTIVE_TYPE: layer=168, event=UNKNOWN (raw=0), size=83886080, chunk_size=83886080
DEBUG_STREAM_COUNT: chunk size is: 83886080 , size is: 83886080 , layer_num is: 168 , node: 0
[FLOW_DEBUG] Initiating flow from node=1 to node=0 maxPacketCount=41943040 tag=336 flow_id=799 at time=56356271
DEBUG_STREAM_CREATE: Creating stream #165 for dataset id: 508 (total_streams=1)
DEBUG_STREAM_COUNT: Generated 1 streams for layer 168 (UNKNOWN), total injected: 166
info: all-to-all forward pass collective issued for layer: mlp_moelayer, involved dimensions:  1, 0, 0, 0, 0, 0, 0, 0, 0, 0,
[FLOW_DEBUG] Initiating flow from node=0 to node=1 maxPacketCount=41943040 tag=336 flow_id=798 at time=56356271
***** info: fwd pass comm collective for layer: mlp_moelayer is finished************
DEBUG_CHUNK_SIZE: size=20971520, preferred_dataset_splits=1, resulting chunk_size=20971520
DEBUG_COLLECTIVE_TYPE: layer=169, event=UNKNOWN (raw=0), size=20971520, chunk_size=20971520
DEBUG_STREAM_COUNT: chunk size is: 20971520 , size is: 20971520 , layer_num is: 169 , node: 0
[FLOW_DEBUG] Initiating flow from node=1 to node=0 maxPacketCount=10485760 tag=338 flow_id=801 at time=56730260
DEBUG_STREAM_CREATE: Creating stream #166 for dataset id: 510 (total_streams=1)
DEBUG_STREAM_COUNT: Generated 1 streams for layer 169 (UNKNOWN), total injected: 167
info: all-to-all forward pass collective issued for layer: mlp_moelayer, involved dimensions:  1, 0, 0, 0, 0, 0, 0, 0, 0, 0,
[FLOW_DEBUG] Initiating flow from node=0 to node=1 maxPacketCount=10485760 tag=338 flow_id=800 at time=56730260
***** info: fwd pass comm collective for layer: mlp_moelayer is finished************
DEBUG_CHUNK_SIZE: size=41943040, preferred_dataset_splits=1, resulting chunk_size=41943040
DEBUG_COLLECTIVE_TYPE: layer=170, event=UNKNOWN (raw=0), size=41943040, chunk_size=41943040
DEBUG_STREAM_COUNT: chunk size is: 41943040 , size is: 41943040 , layer_num is: 170 , node: 0
DEBUG_STREAM_CREATE: Creating stream #167 for dataset id: 512 (total_streams=1)
DEBUG_STREAM_COUNT: Generated 1 streams for layer 170 (UNKNOWN), total injected: 168
info: all-gather forward pass collective issued for layer: attention_column, involved dimensions:  1, 0, 0, 0, 0, 0, 0, 0, 0, 0,
[FLOW_DEBUG] Initiating flow from node=[FLOW_DEBUG] Initiating flow from node=0 to node=1 maxPacketCount=104857601 to node=0 tag=340 flow_id=802 at time= maxPacketCount=10485760 tag=340 flow_id=803 at time=5682462956824629

[FLOW_DEBUG] Initiating flow from node=0 to node=1 maxPacketCount=10485760 tag=341 flow_id=804 at time=56824629
[FLOW_DEBUG] Initiating flow from node=1 to node=0 maxPacketCount=10485760 tag=341 flow_id=805 at time=56824629
***** info: fwd pass comm collective for layer: attention_column is finished************
DEBUG_CHUNK_SIZE: size=41943040, preferred_dataset_splits=1, resulting chunk_size=41943040
DEBUG_COLLECTIVE_TYPE: layer=171, event=UNKNOWN (raw=0), size=41943040, chunk_size=41943040
DEBUG_STREAM_COUNT: chunk size is: 41943040 , size is: 41943040 , layer_num is: 171 , node: 0
DEBUG_STREAM_CREATE: Creating stream #168 for dataset id: 514 (total_streams=1)
DEBUG_STREAM_COUNT: Generated 1 streams for layer 171 (UNKNOWN), total injected: 169
info: reduce-scatter forward pass collective issued for layer: attention_row, involved dimensions:  1, 0, 0, 0, 0, 0, 0, 0, 0, 0,
[FLOW_DEBUG] Initiating flow from node=0 to node=1 maxPacketCount=10485760 tag=342 flow_id=806 at time=57012205
[FLOW_DEBUG] Initiating flow from node=1 to node=0 maxPacketCount=10485760 tag=342 flow_id=807 at time=57012205
[FLOW_DEBUG] Initiating flow from node=0 to node=1 maxPacketCount=10485760 tag=343 flow_id=808 at time=57012205
[FLOW_DEBUG] Initiating flow from node=1 to node=0 maxPacketCount=10485760 tag=343 flow_id=809 at time=57012205
***** info: fwd pass comm collective for layer: attention_row is finished************
DEBUG_CHUNK_SIZE: size=131072, preferred_dataset_splits=1, resulting chunk_size=131072
DEBUG_COLLECTIVE_TYPE: layer=172, event=UNKNOWN (raw=0), size=131072, chunk_size=131072
DEBUG_STREAM_COUNT: chunk size is: 131072 , size is: 131072 , layer_num is: 172 , node: 0
[FLOW_DEBUG] Initiating flow from node=1 to node=0 maxPacketCount=32768 tag=344 flow_id=811 at time=57199781
DEBUG_STREAM_CREATE: Creating stream #169 for dataset id: 516 (total_streams=1)
DEBUG_STREAM_COUNT: Generated 1 streams for layer 172 (UNKNOWN), total injected: 170
info: all-gather forward pass collective issued for layer: mlp_moelayer, involved dimensions:  1, 0, 0, 0, 0, 0, 0, 0, 0, 0,
[FLOW_DEBUG] Initiating flow from node=0 to node=1 maxPacketCount=32768 tag=344 flow_id=810 at time=57199781
[FLOW_DEBUG] Initiating flow from node=1 to node=0 maxPacketCount=32768 tag=345 flow_id=813 at time=57199781
[FLOW_DEBUG] Initiating flow from node=0 to node=1 maxPacketCount=32768 tag=345 flow_id=812 at time=57199781
***** info: fwd pass comm collective for layer: mlp_moelayer is finished************
DEBUG_CHUNK_SIZE: size=20971520, preferred_dataset_splits=1, resulting chunk_size=20971520
DEBUG_COLLECTIVE_TYPE: layer=173, event=UNKNOWN (raw=0), size=20971520, chunk_size=20971520
DEBUG_STREAM_COUNT: chunk size is: 20971520 , size is: 20971520 , layer_num is: 173 , node: 0
[FLOW_DEBUG] Initiating flow from node=1 to node=0 maxPacketCount=10485760 tag=346 flow_id=815 at time=57201525
DEBUG_STREAM_CREATE: Creating stream #170 for dataset id: 518 (total_streams=1)
DEBUG_STREAM_COUNT: Generated 1 streams for layer 173 (UNKNOWN), total injected: 171
info: all-to-all forward pass collective issued for layer: mlp_moelayer, involved dimensions:  1, 0, 0, 0, 0, 0, 0, 0, 0, 0,
[FLOW_DEBUG] Initiating flow from node=0 to node=1 maxPacketCount=10485760 tag=346 flow_id=814 at time=57201525
***** info: fwd pass comm collective for layer: mlp_moelayer is finished************
DEBUG_CHUNK_SIZE: size=83886080, preferred_dataset_splits=1, resulting chunk_size=83886080
DEBUG_COLLECTIVE_TYPE: layer=174, event=UNKNOWN (raw=0), size=83886080, chunk_size=83886080
DEBUG_STREAM_COUNT: chunk size is: 83886080 , size is: 83886080 , layer_num is: 174 , node: 0
DEBUG_STREAM_CREATE: Creating stream #171 for dataset id: 520 (total_streams=1)
DEBUG_STREAM_COUNT: Generated 1 streams for layer 174 (UNKNOWN), total injected: 172
[FLOW_DEBUG] Initiating flow from node=info: all-to-all forward pass collective issued for layer: mlp_moelayer, involved dimensions:  1,1 0, to node= 0,0 maxPacketCount= 0,41943040 tag=348 0, 0, 0, 0, 0, 0,
 flow_id=817 at time=57295894
[FLOW_DEBUG] Initiating flow from node=0 to node=1 maxPacketCount=41943040 tag=348 flow_id=816 at time=57295894
***** info: fwd pass comm collective for layer: mlp_moelayer is finished************
DEBUG_CHUNK_SIZE: size=83886080, preferred_dataset_splits=1, resulting chunk_size=83886080
DEBUG_COLLECTIVE_TYPE: layer=175, event=UNKNOWN (raw=0), size=83886080, chunk_size=83886080
DEBUG_STREAM_COUNT: chunk size is: 83886080 , size is: 83886080 , layer_num is: 175 , node: 0
DEBUG_STREAM_CREATE: Creating stream #172 for dataset id: 522 (total_streams=1)
DEBUG_STREAM_COUNT: Generated 1 streams for layer 175 (UNKNOWN), total injected: 173
[FLOW_DEBUG] Initiating flow from node=info: all-gather forward pass collective issued for layer: mlp_moelayer1, to node= involved dimensions: 0 maxPacketCount=20971520 tag=350 flow_id= 1,819 at time= 0, 0, 0, 0, 0, 0, 0, 0, 0,
57669883
[FLOW_DEBUG] Initiating flow from node=0 to node=1 maxPacketCount=20971520 tag=350 flow_id=818 at time=57669883
[FLOW_DEBUG] Initiating flow from node=0 to node=1 maxPacketCount=20971520 tag=351 flow_id=820 at time=57669883
[FLOW_DEBUG] Initiating flow from node=1 to node=0 maxPacketCount=20971520 tag=351 flow_id=821 at time=57669883
***** info: fwd pass comm collective for layer: mlp_moelayer is finished************
DEBUG_CHUNK_SIZE: size=83886080, preferred_dataset_splits=1, resulting chunk_size=83886080
DEBUG_COLLECTIVE_TYPE: layer=176, event=UNKNOWN (raw=0), size=83886080, chunk_size=83886080
DEBUG_STREAM_COUNT: chunk size is: 83886080 , size is: 83886080 , layer_num is: 176 , node: 0
[FLOW_DEBUG] Initiating flow from node=1 to node=0 maxPacketCount=20971520 tag=352 flow_id=823 at time=58043871
DEBUG_STREAM_CREATE: Creating stream #173 for dataset id: 524 (total_streams=1)
DEBUG_STREAM_COUNT: Generated 1 streams for layer 176 (UNKNOWN), total injected: 174
info: reduce-scatter forward pass collective issued for layer: mlp_moelayer, involved dimensions:  1, 0, 0, 0, 0, 0, 0, 0, 0, 0,
[FLOW_DEBUG] Initiating flow from node=0 to node=1 maxPacketCount=20971520 tag=352 flow_id=822 at time=58043871
[FLOW_DEBUG] Initiating flow from node=1 to node=0 maxPacketCount=20971520 tag=353 flow_id=825 at time=58043871
[FLOW_DEBUG] Initiating flow from node=0 to node=1 maxPacketCount=20971520 tag=353 flow_id=824 at time=58043871
***** info: fwd pass comm collective for layer: mlp_moelayer is finished************
DEBUG_CHUNK_SIZE: size=83886080, preferred_dataset_splits=1, resulting chunk_size=83886080
DEBUG_COLLECTIVE_TYPE: layer=177, event=UNKNOWN (raw=0), size=83886080, chunk_size=83886080
DEBUG_STREAM_COUNT: chunk size is: 83886080 , size is: 83886080 , layer_num is: 177 , node: 0
[FLOW_DEBUG] Initiating flow from node=1 to node=0 maxPacketCount=41943040 tag=354 flow_id=827 at time=58417859
DEBUG_STREAM_CREATE: Creating stream #174 for dataset id: 526 (total_streams=1)
DEBUG_STREAM_COUNT: Generated 1 streams for layer 177 (UNKNOWN), total injected: 175
info: all-to-all forward pass collective issued for layer: mlp_moelayer, involved dimensions:  1, 0, 0, 0, 0, 0, 0, 0, 0, 0,
[FLOW_DEBUG] Initiating flow from node=0 to node=1 maxPacketCount=41943040 tag=354 flow_id=826 at time=58417859
***** info: fwd pass comm collective for layer: mlp_moelayer is finished************
DEBUG_CHUNK_SIZE: size=20971520, preferred_dataset_splits=1, resulting chunk_size=20971520
DEBUG_COLLECTIVE_TYPE: layer=178, event=UNKNOWN (raw=0), size=20971520, chunk_size=20971520
DEBUG_STREAM_COUNT: chunk size is: 20971520 , size is: 20971520 , layer_num is: 178 , node: 0
DEBUG_STREAM_CREATE: Creating stream #175 for dataset id: 528 (total_streams=1)
DEBUG_STREAM_COUNT: Generated 1 streams for layer 178 (UNKNOWN), total injected: 176
info: all-to-all forward pass collective issued for layer: mlp_moelayer, involved dimensions:  1, 0, 0, 0, 0, 0, 0, 0, 0, 0,
[FLOW_DEBUG] Initiating flow from node=0 to node=1 maxPacketCount=10485760 tag=356 flow_id=828 at time=58791848
[FLOW_DEBUG] Initiating flow from node=1 to node=0 maxPacketCount=10485760 tag=356 flow_id=829 at time=58791848
***** info: fwd pass comm collective for layer: mlp_moelayer is finished************
DEBUG_CHUNK_SIZE: size=41943040, preferred_dataset_splits=1, resulting chunk_size=41943040
DEBUG_COLLECTIVE_TYPE: layer=179, event=UNKNOWN (raw=0), size=41943040, chunk_size=41943040
DEBUG_STREAM_COUNT: chunk size is: 41943040 , size is: 41943040 , layer_num is: 179 , node: 0
DEBUG_STREAM_CREATE: Creating stream #176 for dataset id: 530 (total_streams=1)
[FLOW_DEBUG] Initiating flow from node=1 to node=0 maxPacketCount=10485760 tag=358 flow_id=831 at time=58886217
DEBUG_STREAM_COUNT: Generated 1 streams for layer 179 (UNKNOWN), total injected: 177
info: all-gather forward pass collective issued for layer: attention_column, involved dimensions:  1, 0, 0, 0, 0, 0, 0, 0, 0, 0,
[FLOW_DEBUG] Initiating flow from node=0 to node=1 maxPacketCount=10485760 tag=358 flow_id=830 at time=58886217
[FLOW_DEBUG] Initiating flow from node=0 to node=1 maxPacketCount=10485760 tag=359 flow_id=832 at time=58886217
[FLOW_DEBUG] Initiating flow from node=1 to node=0 maxPacketCount=10485760 tag=359 flow_id=833 at time=58886217
***** info: fwd pass comm collective for layer: attention_column is finished************
DEBUG_CHUNK_SIZE: size=41943040, preferred_dataset_splits=1, resulting chunk_size=41943040
DEBUG_COLLECTIVE_TYPE: layer=180, event=UNKNOWN (raw=0), size=41943040, chunk_size=41943040
DEBUG_STREAM_COUNT: chunk size is: 41943040 , size is: 41943040 , layer_num is: 180 , node: 0
DEBUG_STREAM_CREATE: Creating stream #177 for dataset id: 532 (total_streams=1)
DEBUG_STREAM_COUNT: Generated 1 streams for layer 180 (UNKNOWN), total injected: 178
info: reduce-scatter forward pass collective issued for layer: attention_row, involved dimensions: [FLOW_DEBUG] Initiating flow from node= 1, 0, 0, 0, 0,1 0, to node= 0, 0,0 0, 0,
 maxPacketCount=10485760 tag=360 flow_id=835 at time=59073793
[FLOW_DEBUG] Initiating flow from node=0 to node=1 maxPacketCount=10485760 tag=360 flow_id=834 at time=59073793
[FLOW_DEBUG] Initiating flow from node=0 to node=1 maxPacketCount=10485760 tag=361 flow_id=836 at time=59073793
[FLOW_DEBUG] Initiating flow from node=1 to node=0 maxPacketCount=10485760 tag=361 flow_id=837 at time=59073793
***** info: fwd pass comm collective for layer: attention_row is finished************
DEBUG_CHUNK_SIZE: size=131072, preferred_dataset_splits=1, resulting chunk_size=131072
DEBUG_COLLECTIVE_TYPE: layer=181, event=UNKNOWN (raw=0), size=131072, chunk_size=131072
DEBUG_STREAM_COUNT: chunk size is: 131072 , size is: 131072 , layer_num is: 181 , node: 0
[FLOW_DEBUG] Initiating flow from node=1 to node=0 maxPacketCount=32768 tag=362 flow_id=839 at time=59261369
DEBUG_STREAM_CREATE: Creating stream #178 for dataset id: 534 (total_streams=1)
DEBUG_STREAM_COUNT: Generated 1 streams for layer 181 (UNKNOWN), total injected: 179
info: all-gather forward pass collective issued for layer: mlp_moelayer, involved dimensions:  1, 0, 0, 0, 0, 0, 0, 0, 0, 0,
[FLOW_DEBUG] Initiating flow from node=0 to node=1 maxPacketCount=32768 tag=362 flow_id=838 at time=59261369
[FLOW_DEBUG] Initiating flow from node=1 to node=0 maxPacketCount=32768 tag=363 flow_id=841 at time=59261369
[FLOW_DEBUG] Initiating flow from node=0 to node=1 maxPacketCount=32768 tag=363 flow_id=840 at time=59261369
***** info: fwd pass comm collective for layer: mlp_moelayer is finished************
DEBUG_CHUNK_SIZE: size=20971520, preferred_dataset_splits=1, resulting chunk_size=20971520
DEBUG_COLLECTIVE_TYPE: layer=182, event=UNKNOWN (raw=0), size=20971520, chunk_size=20971520
DEBUG_STREAM_COUNT: chunk size is: 20971520 , size is: 20971520 , layer_num is: 182 , node: 0
DEBUG_STREAM_CREATE: Creating stream #179 for dataset id: 536 (total_streams=1)
[FLOW_DEBUG] Initiating flow from node=1 to node=0 maxPacketCount=10485760 tag=364 flow_id=843 at time=59263113
DEBUG_STREAM_COUNT: Generated 1 streams for layer 182 (UNKNOWN), total injected: 180
info: all-to-all forward pass collective issued for layer: mlp_moelayer, involved dimensions:  1, 0, 0, 0, 0, 0, 0, 0, 0, 0,
[FLOW_DEBUG] Initiating flow from node=0 to node=1 maxPacketCount=10485760 tag=364 flow_id=842 at time=59263113
***** info: fwd pass comm collective for layer: mlp_moelayer is finished************
DEBUG_CHUNK_SIZE: size=83886080, preferred_dataset_splits=1, resulting chunk_size=83886080
DEBUG_COLLECTIVE_TYPE: layer=183, event=UNKNOWN (raw=0), size=83886080, chunk_size=83886080
DEBUG_STREAM_COUNT: chunk size is: 83886080 , size is: 83886080 , layer_num is: 183 , node: 0
[FLOW_DEBUG] Initiating flow from node=1 to node=0 maxPacketCount=41943040 tag=366 flow_id=845 at time=59357482
DEBUG_STREAM_CREATE: Creating stream #180 for dataset id: 538 (total_streams=1)
DEBUG_STREAM_COUNT: Generated 1 streams for layer 183 (UNKNOWN), total injected: 181
info: all-to-all forward pass collective issued for layer: mlp_moelayer, involved dimensions:  1, 0, 0, 0, 0, 0, 0, 0, 0, 0,
[FLOW_DEBUG] Initiating flow from node=0 to node=1 maxPacketCount=41943040 tag=366 flow_id=844 at time=59357482
***** info: fwd pass comm collective for layer: mlp_moelayer is finished************
DEBUG_CHUNK_SIZE: size=83886080, preferred_dataset_splits=1, resulting chunk_size=83886080
DEBUG_COLLECTIVE_TYPE: layer=184, event=UNKNOWN (raw=0), size=83886080, chunk_size=83886080
DEBUG_STREAM_COUNT: chunk size is: 83886080 , size is: 83886080 , layer_num is: 184 , node: 0
[FLOW_DEBUG] Initiating flow from node=1 to node=0 maxPacketCount=20971520 tag=368 flow_id=847 at time=59731471
DEBUG_STREAM_CREATE: Creating stream #181 for dataset id: 540 (total_streams=1)
DEBUG_STREAM_COUNT: Generated 1 streams for layer 184 (UNKNOWN), total injected: 182
info: all-gather forward pass collective issued for layer: mlp_moelayer, involved dimensions:  1, 0, 0, 0, 0, 0, 0, 0, 0, 0,
[FLOW_DEBUG] Initiating flow from node=1 to node=0 maxPacketCount=20971520 tag=369 flow_id=849 at time=59731471
[FLOW_DEBUG] Initiating flow from node=0 to node=1 maxPacketCount=20971520 tag=368 flow_id=846 at time=59731471
[FLOW_DEBUG] Initiating flow from node=0 to node=1 maxPacketCount=20971520 tag=369 flow_id=848 at time=59731471
***** info: fwd pass comm collective for layer: mlp_moelayer is finished************
DEBUG_CHUNK_SIZE: size=83886080, preferred_dataset_splits=1, resulting chunk_size=83886080
DEBUG_COLLECTIVE_TYPE: layer=185, event=UNKNOWN (raw=0), size=83886080, chunk_size=83886080
DEBUG_STREAM_COUNT: chunk size is: 83886080 , size is: 83886080 , layer_num is: 185 , node: 0
DEBUG_STREAM_CREATE: Creating stream #182 for dataset id: 542 (total_streams=1)
DEBUG_STREAM_COUNT: Generated 1 streams for layer 185 (UNKNOWN), total injected: 183
info: reduce-scatter forward pass collective issued for layer: mlp_moelayer, involved dimensions:  1, 0, 0, 0, 0, 0, 0, 0, 0, 0,
[FLOW_DEBUG] Initiating flow from node=0 to node=1 maxPacketCount=20971520 tag=370 flow_id=850 at time=60105459
[FLOW_DEBUG] Initiating flow from node=1 to node=0 maxPacketCount=20971520 tag=370 flow_id=851 at time=60105459
[FLOW_DEBUG] Initiating flow from node=0 to node=1 maxPacketCount=20971520 tag=371 flow_id=852 at time=60105459
[FLOW_DEBUG] Initiating flow from node=1 to node=0 maxPacketCount=20971520 tag=371 flow_id=853 at time=60105459
***** info: fwd pass comm collective for layer: mlp_moelayer is finished************
DEBUG_CHUNK_SIZE: size=83886080, preferred_dataset_splits=1, resulting chunk_size=83886080
DEBUG_COLLECTIVE_TYPE: layer=186, event=UNKNOWN (raw=0), size=83886080, chunk_size=83886080
DEBUG_STREAM_COUNT: chunk size is: 83886080 , size is: 83886080 , layer_num is: 186 , node: 0
[FLOW_DEBUG] Initiating flow from node=1 to node=0 maxPacketCount=41943040 tag=372 flow_id=855 at time=60479447
DEBUG_STREAM_CREATE: Creating stream #183 for dataset id: 544 (total_streams=1)
DEBUG_STREAM_COUNT: Generated 1 streams for layer 186 (UNKNOWN), total injected: 184
info: all-to-all forward pass collective issued for layer: mlp_moelayer, involved dimensions:  1, 0, 0, 0, 0, 0, 0, 0, 0, 0,
[FLOW_DEBUG] Initiating flow from node=0 to node=1 maxPacketCount=41943040 tag=372 flow_id=854 at time=60479447
***** info: fwd pass comm collective for layer: mlp_moelayer is finished************
DEBUG_CHUNK_SIZE: size=20971520, preferred_dataset_splits=1, resulting chunk_size=20971520
DEBUG_COLLECTIVE_TYPE: layer=187, event=UNKNOWN (raw=0), size=20971520, chunk_size=20971520
DEBUG_STREAM_COUNT: chunk size is: 20971520 , size is: 20971520 , layer_num is: 187 , node: 0
DEBUG_STREAM_CREATE: Creating stream #184 for dataset id: 546 (total_streams=1)
[FLOW_DEBUG] Initiating flow from node=DEBUG_STREAM_COUNT: Generated 1 streams for layer 187 (UNKNOWN), total injected: 1185 to node=
0info: all-to-all forward pass collective issued for layer: mlp_moelayer, involved dimensions:  1, 0, 0, 0, 0, 0, 0, 0, 0, 0,
 maxPacketCount=10485760 tag=374 flow_id=857 at time=60853436
[FLOW_DEBUG] Initiating flow from node=0 to node=1 maxPacketCount=10485760 tag=374 flow_id=856 at time=60853436
***** info: fwd pass comm collective for layer: mlp_moelayer is finished************
DEBUG_CHUNK_SIZE: size=41943040, preferred_dataset_splits=1, resulting chunk_size=41943040
DEBUG_COLLECTIVE_TYPE: layer=188, event=UNKNOWN (raw=0), size=41943040, chunk_size=41943040
DEBUG_STREAM_COUNT: chunk size is: 41943040 , size is: 41943040 , layer_num is: 188 , node: 0
DEBUG_STREAM_CREATE: Creating stream #185 for dataset id: 548 (total_streams=1)
[FLOW_DEBUG] Initiating flow from node=1 to node=0 maxPacketCount=10485760 tag=376 flow_id=859 at time=60947805
DEBUG_STREAM_COUNT: Generated 1 streams for layer 188 (UNKNOWN), total injected: 186
info: all-gather forward pass collective issued for layer: attention_column, involved dimensions:  1, 0, 0, 0, 0, 0, 0, 0, 0, 0,
[FLOW_DEBUG] Initiating flow from node=0 to node=1 maxPacketCount=10485760 tag=376 flow_id=858 at time=60947805
[FLOW_DEBUG] Initiating flow from node=1 to node=0 maxPacketCount=10485760 tag=377 flow_id=861 at time=60947805
[FLOW_DEBUG] Initiating flow from node=0 to node=1 maxPacketCount=10485760 tag=377 flow_id=860 at time=60947805
***** info: fwd pass comm collective for layer: attention_column is finished************
DEBUG_CHUNK_SIZE: size=41943040, preferred_dataset_splits=1, resulting chunk_size=41943040
DEBUG_COLLECTIVE_TYPE: layer=189, event=UNKNOWN (raw=0), size=41943040, chunk_size=41943040
DEBUG_STREAM_COUNT: chunk size is: 41943040 , size is: 41943040 , layer_num is: 189 , node: 0
DEBUG_STREAM_CREATE: Creating stream #186 for dataset id: 550 (total_streams=1)
DEBUG_STREAM_COUNT: Generated 1 streams for layer 189[FLOW_DEBUG] Initiating flow from node= (1 to node=UNKNOWN0), total injected:  maxPacketCount=18710485760
 tag=info: reduce-scatter forward pass collective issued for layer: attention_row, involved dimensions:  1, 0, 0, 0, 0, 0, 0, 0, 0, 0,
378 flow_id=863 at time=61135381
[FLOW_DEBUG] Initiating flow from node=0 to node=1 maxPacketCount=10485760 tag=378 flow_id=862 at time=61135381
[FLOW_DEBUG] Initiating flow from node=0 to node=1 maxPacketCount=10485760 tag=379 flow_id=864 at time=61135381
[FLOW_DEBUG] Initiating flow from node=1 to node=0 maxPacketCount=10485760 tag=379 flow_id=865 at time=61135381
***** info: fwd pass comm collective for layer: attention_row is finished************
DEBUG_CHUNK_SIZE: size=131072, preferred_dataset_splits=1, resulting chunk_size=131072
DEBUG_COLLECTIVE_TYPE: layer=190, event=UNKNOWN (raw=0), size=131072, chunk_size=131072
DEBUG_STREAM_COUNT: chunk size is: 131072 , size is: 131072 , layer_num is: 190 , node: 0
DEBUG_STREAM_CREATE: Creating stream #187 for dataset id: 552 (total_streams=1)
[FLOW_DEBUG] Initiating flow from node=1 to node=0 maxPacketCount=32768 tag=380 flow_id=867 at time=61322957
DEBUG_STREAM_COUNT: Generated 1 streams for layer 190 (UNKNOWN), total injected: 188
info: all-gather forward pass collective issued for layer: mlp_moelayer, involved dimensions:  1, 0, 0, 0, 0, 0, 0, 0, 0, 0,
[FLOW_DEBUG] Initiating flow from node=0 to node=1 maxPacketCount=32768 tag=380 flow_id=866 at time=61322957
[FLOW_DEBUG] Initiating flow from node=0 to node=1 maxPacketCount=32768 tag=381 flow_id=868 at time=61322957
[FLOW_DEBUG] Initiating flow from node=1 to node=0 maxPacketCount=32768 tag=381 flow_id=869 at time=61322957
***** info: fwd pass comm collective for layer: mlp_moelayer is finished************
DEBUG_CHUNK_SIZE: size=20971520, preferred_dataset_splits=1, resulting chunk_size=20971520
DEBUG_COLLECTIVE_TYPE: layer=191, event=UNKNOWN (raw=0), size=20971520, chunk_size=20971520
DEBUG_STREAM_COUNT: chunk size is: 20971520 , size is: 20971520 , layer_num is: 191 , node: 0
[FLOW_DEBUG] Initiating flow from node=1 to node=0 maxPacketCount=10485760 tag=382 flow_id=871 at time=61324701
DEBUG_STREAM_CREATE: Creating stream #188 for dataset id: 554 (total_streams=1)
DEBUG_STREAM_COUNT: Generated 1 streams for layer 191 (UNKNOWN), total injected: 189
info: all-to-all forward pass collective issued for layer: mlp_moelayer, involved dimensions:  1, 0, 0, 0, 0, 0, 0, 0, 0, 0,
[FLOW_DEBUG] Initiating flow from node=0 to node=1 maxPacketCount=10485760 tag=382 flow_id=870 at time=61324701
***** info: fwd pass comm collective for layer: mlp_moelayer is finished************
DEBUG_CHUNK_SIZE: size=83886080, preferred_dataset_splits=1, resulting chunk_size=83886080
DEBUG_COLLECTIVE_TYPE: layer=192, event=UNKNOWN (raw=0), size=83886080, chunk_size=83886080
DEBUG_STREAM_COUNT: chunk size is: 83886080 , size is: 83886080 , layer_num is: 192 , node: 0
DEBUG_STREAM_CREATE: Creating stream #189 for dataset id: 556 (total_streams=1)
[FLOW_DEBUG] Initiating flow from node=1 to node=0 maxPacketCount=41943040 tag=384 flow_id=873 at time=61419070
DEBUG_STREAM_COUNT: Generated 1 streams for layer 192 (UNKNOWN), total injected: 190
info: all-to-all forward pass collective issued for layer: mlp_moelayer, involved dimensions:  1, 0, 0, 0, 0, 0, 0, 0, 0, 0,
[FLOW_DEBUG] Initiating flow from node=0 to node=1 maxPacketCount=41943040 tag=384 flow_id=872 at time=61419070
***** info: fwd pass comm collective for layer: mlp_moelayer is finished************
DEBUG_CHUNK_SIZE: size=83886080, preferred_dataset_splits=1, resulting chunk_size=83886080
DEBUG_COLLECTIVE_TYPE: layer=193, event=UNKNOWN (raw=0), size=83886080, chunk_size=83886080
DEBUG_STREAM_COUNT: chunk size is: 83886080 , size is: 83886080 , layer_num is: 193 , node: 0
[FLOW_DEBUG] Initiating flow from node=1 to node=0 maxPacketCount=20971520 tag=386 flow_id=875 at time=61793059
DEBUG_STREAM_CREATE: Creating stream #190 for dataset id: 558 (total_streams=1)
DEBUG_STREAM_COUNT: Generated 1 streams for layer 193 (UNKNOWN), total injected: 191
info: all-gather forward pass collective issued for layer: mlp_moelayer, involved dimensions:  1, 0, 0, 0, 0, 0, 0, 0, 0, 0,
[FLOW_DEBUG] Initiating flow from node=1 to node=0 maxPacketCount=20971520 tag=387 flow_id=877 at time=61793059
[FLOW_DEBUG] Initiating flow from node=0 to node=1 maxPacketCount=20971520 tag=386 flow_id=874 at time=61793059
[FLOW_DEBUG] Initiating flow from node=0 to node=1 maxPacketCount=20971520 tag=387 flow_id=876 at time=61793059
***** info: fwd pass comm collective for layer: mlp_moelayer is finished************
DEBUG_CHUNK_SIZE: size=83886080, preferred_dataset_splits=1, resulting chunk_size=83886080
DEBUG_COLLECTIVE_TYPE: layer=194, event=UNKNOWN (raw=0), size=83886080, chunk_size=83886080
DEBUG_STREAM_COUNT: chunk size is: 83886080 , size is: 83886080 , layer_num is: 194 , node: 0
DEBUG_STREAM_CREATE: Creating stream #191 for dataset id: 560 (total_streams=1)
[FLOW_DEBUG] Initiating flow from node=1 to node=0 maxPacketCount=20971520 tag=388 flow_id=879 at time=62167047
DEBUG_STREAM_COUNT: Generated 1 streams for layer 194 (UNKNOWN), total injected: 192
info: reduce-scatter forward pass collective issued for layer: mlp_moelayer, involved dimensions:  1, 0, 0, 0, 0, 0, 0, 0, 0, 0,
[FLOW_DEBUG] Initiating flow from node=0 to node=1 maxPacketCount=20971520 tag=388 flow_id=878 at time=62167047
[FLOW_DEBUG] Initiating flow from node=1 to node=0 maxPacketCount=20971520 tag=389 flow_id=881 at time=62167047
[FLOW_DEBUG] Initiating flow from node=0 to node=1 maxPacketCount=20971520 tag=389 flow_id=880 at time=62167047
***** info: fwd pass comm collective for layer: mlp_moelayer is finished************
DEBUG_CHUNK_SIZE: size=83886080, preferred_dataset_splits=1, resulting chunk_size=83886080
DEBUG_COLLECTIVE_TYPE: layer=195, event=UNKNOWN (raw=0), size=83886080, chunk_size=83886080
DEBUG_STREAM_COUNT: chunk size is: 83886080 , size is: 83886080 , layer_num is: 195 , node: 0
[FLOW_DEBUG] Initiating flow from node=1 to node=0 maxPacketCount=41943040 tag=390 flow_id=883 at time=62541035
DEBUG_STREAM_CREATE: Creating stream #192 for dataset id: 562 (total_streams=1)
DEBUG_STREAM_COUNT: Generated 1 streams for layer 195 (UNKNOWN), total injected: 193
info: all-to-all forward pass collective issued for layer: mlp_moelayer, involved dimensions:  1, 0, 0, 0, 0, 0, 0, 0, 0, 0,
[FLOW_DEBUG] Initiating flow from node=0 to node=1 maxPacketCount=41943040 tag=390 flow_id=882 at time=62541035
***** info: fwd pass comm collective for layer: mlp_moelayer is finished************
DEBUG_CHUNK_SIZE: size=20971520, preferred_dataset_splits=1, resulting chunk_size=20971520
DEBUG_COLLECTIVE_TYPE: layer=196, event=UNKNOWN (raw=0), size=20971520, chunk_size=20971520
DEBUG_STREAM_COUNT: chunk size is: 20971520 , size is: 20971520 , layer_num is: 196 , node: 0
[FLOW_DEBUG] Initiating flow from node=1 to node=0 maxPacketCount=10485760 tag=392 flow_id=885 at time=62915024
DEBUG_STREAM_CREATE: Creating stream #193 for dataset id: 564 (total_streams=1)
DEBUG_STREAM_COUNT: Generated 1 streams for layer 196 (UNKNOWN), total injected: 194
info: all-to-all forward pass collective issued for layer: mlp_moelayer, involved dimensions:  1, 0, 0, 0, 0, 0, 0, 0, 0, 0,
[FLOW_DEBUG] Initiating flow from node=0 to node=1 maxPacketCount=10485760 tag=392 flow_id=884 at time=62915024
***** info: fwd pass comm collective for layer: mlp_moelayer is finished************
DEBUG_CHUNK_SIZE: size=41943040, preferred_dataset_splits=1, resulting chunk_size=41943040
DEBUG_COLLECTIVE_TYPE: layer=197, event=UNKNOWN (raw=0), size=41943040, chunk_size=41943040
DEBUG_STREAM_COUNT: chunk size is: 41943040 , size is: 41943040 , layer_num is: 197 , node: 0
DEBUG_STREAM_CREATE: Creating stream #194 for dataset id: 566 (total_streams=1)
[FLOW_DEBUG] Initiating flow from node=1 to node=0 maxPacketCount=DEBUG_STREAM_COUNT: Generated 104857601 tag= streams for layer 394197 (UNKNOWN), total injected:  flow_id=195887 at time=
info: all-gather forward pass collective issued for layer: attention_column, involved dimensions:  1, 0, 0, 0, 0, 0, 0, 0, 0, 0,
63009393
[FLOW_DEBUG] Initiating flow from node=0 to node=1 maxPacketCount=10485760 tag=394 flow_id=886 at time=63009393
[FLOW_DEBUG] Initiating flow from node=0 to node=1 maxPacketCount=10485760 tag=395 flow_id=888 at time=63009393
[FLOW_DEBUG] Initiating flow from node=1 to node=0 maxPacketCount=10485760 tag=395 flow_id=889 at time=63009393
***** info: fwd pass comm collective for layer: attention_column is finished************
DEBUG_CHUNK_SIZE: size=41943040, preferred_dataset_splits=1, resulting chunk_size=41943040
DEBUG_COLLECTIVE_TYPE: layer=198, event=UNKNOWN (raw=0), size=41943040, chunk_size=41943040
DEBUG_STREAM_COUNT: chunk size is: 41943040 , size is: 41943040 , layer_num is: 198 , node: 0
DEBUG_STREAM_CREATE: Creating stream #195 for dataset id: 568 (total_streams=1)
[FLOW_DEBUG] Initiating flow from node=1 to node=0 maxPacketCount=10485760 tag=396 flow_id=891 at time=DEBUG_STREAM_COUNT: Generated 1 streams for layer 198 (UNKNOWN), total injected: 196
63196969
info: reduce-scatter forward pass collective issued for layer: attention_row, involved dimensions:  1, 0, 0, 0, 0, 0, 0, 0, 0, 0,
[FLOW_DEBUG] Initiating flow from node=0 to node=1 maxPacketCount=10485760 tag=396 flow_id=890 at time=63196969
[FLOW_DEBUG] Initiating flow from node=1 to node=0 maxPacketCount=10485760 tag=397 flow_id=893 at time=63196969
[FLOW_DEBUG] Initiating flow from node=0 to node=1 maxPacketCount=10485760 tag=397 flow_id=892 at time=63196969
***** info: fwd pass comm collective for layer: attention_row is finished************
DEBUG_CHUNK_SIZE: size=131072, preferred_dataset_splits=1, resulting chunk_size=131072
DEBUG_COLLECTIVE_TYPE: layer=199, event=UNKNOWN (raw=0), size=131072, chunk_size=131072
DEBUG_STREAM_COUNT: chunk size is: 131072 , size is: 131072 , layer_num is: 199 , node: 0
[FLOW_DEBUG] Initiating flow from node=1 to node=0 maxPacketCount=32768 tag=398 flow_id=895 at time=63384545
DEBUG_STREAM_CREATE: Creating stream #196 for dataset id: 570 (total_streams=1)
DEBUG_STREAM_COUNT: Generated 1 streams for layer 199 (UNKNOWN), total injected: 197
info: all-gather forward pass collective issued for layer: mlp_moelayer, involved dimensions:  1, 0, 0, 0, 0, 0, 0, 0, 0, 0,
[FLOW_DEBUG] Initiating flow from node=1 to node=0 maxPacketCount=32768 tag=399 flow_id=897 at time=63384545
[FLOW_DEBUG] Initiating flow from node=0 to node=1 maxPacketCount=32768 tag=398 flow_id=894 at time=63384545
[FLOW_DEBUG] Initiating flow from node=0 to node=1 maxPacketCount=32768 tag=399 flow_id=896 at time=63384545
***** info: fwd pass comm collective for layer: mlp_moelayer is finished************
DEBUG_CHUNK_SIZE: size=20971520, preferred_dataset_splits=1, resulting chunk_size=20971520
DEBUG_COLLECTIVE_TYPE: layer=200, event=UNKNOWN (raw=0), size=20971520, chunk_size=20971520
DEBUG_STREAM_COUNT: chunk size is: 20971520 , size is: 20971520 , layer_num is: 200 , node: 0
DEBUG_STREAM_CREATE: Creating stream #197 for dataset id: 572 (total_streams=1)
[FLOW_DEBUG] Initiating flow from node=1 to node=0 maxPacketCount=10485760 tag=400 flow_id=899 at time=63386289
DEBUG_STREAM_COUNT: Generated 1 streams for layer 200 (UNKNOWN), total injected: 198
info: all-to-all forward pass collective issued for layer: mlp_moelayer, involved dimensions:  1, 0, 0, 0, 0, 0, 0, 0, 0, 0,
[FLOW_DEBUG] Initiating flow from node=0 to node=1 maxPacketCount=10485760 tag=400 flow_id=898 at time=63386289
***** info: fwd pass comm collective for layer: mlp_moelayer is finished************
DEBUG_CHUNK_SIZE: size=83886080, preferred_dataset_splits=1, resulting chunk_size=83886080
DEBUG_COLLECTIVE_TYPE: layer=201, event=UNKNOWN (raw=0), size=83886080, chunk_size=83886080
DEBUG_STREAM_COUNT: chunk size is: 83886080 , size is: 83886080 , layer_num is: 201 , node: 0
DEBUG_STREAM_CREATE: Creating stream #198 for dataset id: 574 (total_streams=1)
DEBUG_STREAM_COUNT: Generated 1 streams for layer 201 (UNKNOWN), total injected: 199
info: all-to-all forward pass collective issued for layer: mlp_moelayer, involved dimensions:  1, 0, 0, 0, 0, 0, 0, 0, 0, 0,
[FLOW_DEBUG] Initiating flow from node=0 to node=1 maxPacketCount=41943040 tag=402 flow_id=900 at time=63480658
[FLOW_DEBUG] Initiating flow from node=1 to node=0 maxPacketCount=41943040 tag=402 flow_id=901 at time=63480658
***** info: fwd pass comm collective for layer: mlp_moelayer is finished************
DEBUG_CHUNK_SIZE: size=83886080, preferred_dataset_splits=1, resulting chunk_size=83886080
DEBUG_COLLECTIVE_TYPE: layer=202, event=UNKNOWN (raw=0), size=83886080, chunk_size=83886080
DEBUG_STREAM_COUNT: chunk size is: 83886080 , size is: 83886080 , layer_num is: 202 , node: 0
DEBUG_STREAM_CREATE: Creating stream #199 for dataset id: 576 (total_streams=1)
[FLOW_DEBUG] Initiating flow from node=1 to node=0 maxPacketCount=20971520 tag=404 flow_id=903 at time=63854647
DEBUG_STREAM_COUNT: Generated 1 streams for layer 202 (UNKNOWN), total injected: 200
info: all-gather forward pass collective issued for layer: mlp_moelayer, involved dimensions:  1, 0, 0, 0, 0, 0, 0, 0, 0, 0,
[FLOW_DEBUG] Initiating flow from node=0 to node=1 maxPacketCount=20971520 tag=404 flow_id=902 at time=63854647
[FLOW_DEBUG] Initiating flow from node=1 to node=0 maxPacketCount=20971520 tag=405 flow_id=905 at time=63854647
[FLOW_DEBUG] Initiating flow from node=0 to node=1 maxPacketCount=20971520 tag=405 flow_id=904 at time=63854647
***** info: fwd pass comm collective for layer: mlp_moelayer is finished************
DEBUG_CHUNK_SIZE: size=83886080, preferred_dataset_splits=1, resulting chunk_size=83886080
DEBUG_COLLECTIVE_TYPE: layer=203, event=UNKNOWN (raw=0), size=83886080, chunk_size=83886080
DEBUG_STREAM_COUNT: chunk size is: 83886080 , size is: 83886080 , layer_num is: 203 , node: 0
[FLOW_DEBUG] Initiating flow from node=1 to node=0 maxPacketCount=20971520 tag=406 flow_id=907 at time=64228635
DEBUG_STREAM_CREATE: Creating stream #200 for dataset id: 578 (total_streams=1)
DEBUG_STREAM_COUNT: Generated 1 streams for layer [FLOW_DEBUG] Initiating flow from node=1 to node=0 maxPacketCount=20971520 tag=407203 ( flow_id=909 at time=64228635
UNKNOWN), total injected: 201
info: reduce-scatter forward pass collective issued for layer: mlp_moelayer, involved dimensions:  1, 0, 0, 0, 0, 0, 0, 0, 0, 0,
[FLOW_DEBUG] Initiating flow from node=0 to node=1 maxPacketCount=20971520 tag=406 flow_id=906 at time=64228635
[FLOW_DEBUG] Initiating flow from node=0 to node=1 maxPacketCount=20971520 tag=407 flow_id=908 at time=64228635
***** info: fwd pass comm collective for layer: mlp_moelayer is finished************
DEBUG_CHUNK_SIZE: size=83886080, preferred_dataset_splits=1, resulting chunk_size=83886080
DEBUG_COLLECTIVE_TYPE: layer=204, event=UNKNOWN (raw=0), size=83886080, chunk_size=83886080
DEBUG_STREAM_COUNT: chunk size is: 83886080 , size is: 83886080 , layer_num is: 204 , node: 0
[FLOW_DEBUG] Initiating flow from node=1 to node=0 maxPacketCount=41943040 tag=408 flow_id=911 at time=64602623
DEBUG_STREAM_CREATE: Creating stream #201 for dataset id: 580 (total_streams=1)
DEBUG_STREAM_COUNT: Generated 1 streams for layer 204 (UNKNOWN), total injected: 202
info: all-to-all forward pass collective issued for layer: mlp_moelayer, involved dimensions:  1, 0, 0, 0, 0, 0, 0, 0, 0, 0,
[FLOW_DEBUG] Initiating flow from node=0 to node=1 maxPacketCount=41943040 tag=408 flow_id=910 at time=64602623
***** info: fwd pass comm collective for layer: mlp_moelayer is finished************
DEBUG_CHUNK_SIZE: size=20971520, preferred_dataset_splits=1, resulting chunk_size=20971520
DEBUG_COLLECTIVE_TYPE: layer=205, event=UNKNOWN (raw=0), size=20971520, chunk_size=20971520
DEBUG_STREAM_COUNT: chunk size is: 20971520 , size is: 20971520 , layer_num is: 205 , node: 0
DEBUG_STREAM_CREATE: Creating stream #202 for dataset id: 582 (total_streams=1)
[FLOW_DEBUG] Initiating flow from node=1 to node=0 maxPacketCount=10485760 tag=410 flow_id=913 at time=64976612
DEBUG_STREAM_COUNT: Generated 1 streams for layer 205 (UNKNOWN), total injected: 203
info: all-to-all forward pass collective issued for layer: mlp_moelayer, involved dimensions:  1, 0, 0, 0, 0, 0, 0, 0, 0, 0,
[FLOW_DEBUG] Initiating flow from node=0 to node=1 maxPacketCount=10485760 tag=410 flow_id=912 at time=64976612
***** info: fwd pass comm collective for layer: mlp_moelayer is finished************
DEBUG_CHUNK_SIZE: size=41943040, preferred_dataset_splits=1, resulting chunk_size=41943040
DEBUG_COLLECTIVE_TYPE: layer=206, event=UNKNOWN (raw=0), size=41943040, chunk_size=41943040
DEBUG_STREAM_COUNT: chunk size is: 41943040 , size is: 41943040 , layer_num is: 206 , node: 0
[FLOW_DEBUG] Initiating flow from node=1 to node=0 maxPacketCount=10485760 tag=412 flow_id=915 at time=65070981
DEBUG_STREAM_CREATE: Creating stream #203 for dataset id: 584 (total_streams=1)
DEBUG_STREAM_COUNT: Generated 1 streams for layer 206 (UNKNOWN), total injected: 204
info: all-gather forward pass collective issued for layer: attention_column, involved dimensions:  1, 0, 0, 0, 0, 0, 0, 0, 0, 0,
[FLOW_DEBUG] Initiating flow from node=0 to node=1 maxPacketCount=10485760 tag=412 flow_id=914 at time=65070981
[FLOW_DEBUG] Initiating flow from node=1 to node=0 maxPacketCount=10485760 tag=413 flow_id=917 at time=65070981
[FLOW_DEBUG] Initiating flow from node=0 to node=1 maxPacketCount=10485760 tag=413 flow_id=916 at time=65070981
***** info: fwd pass comm collective for layer: attention_column is finished************
DEBUG_CHUNK_SIZE: size=41943040, preferred_dataset_splits=1, resulting chunk_size=41943040
DEBUG_COLLECTIVE_TYPE: layer=207, event=UNKNOWN (raw=0), size=41943040, chunk_size=41943040
DEBUG_STREAM_COUNT: chunk size is: 41943040 , size is: 41943040 , layer_num is: 207 , node: 0
DEBUG_STREAM_CREATE: Creating stream #204 for dataset id: 586 (total_streams=1)
[FLOW_DEBUG] Initiating flow from node=1 to node=0 maxPacketCount=10485760 tag=414 flow_id=919 at time=65258557
DEBUG_STREAM_COUNT: Generated 1 streams for layer 207 (UNKNOWN), total injected: 205
info: reduce-scatter forward pass collective issued for layer: attention_row, involved dimensions:  1, 0, 0, 0, 0, 0, 0, 0, 0, 0,
[FLOW_DEBUG] Initiating flow from node=0 to node=1 maxPacketCount=10485760 tag=414 flow_id=918 at time=65258557
[FLOW_DEBUG] Initiating flow from node=1 to node=0 maxPacketCount=10485760 tag=415 flow_id=921 at time=65258557
[FLOW_DEBUG] Initiating flow from node=0 to node=1 maxPacketCount=10485760 tag=415 flow_id=920 at time=65258557
***** info: fwd pass comm collective for layer: attention_row is finished************
DEBUG_CHUNK_SIZE: size=131072, preferred_dataset_splits=1, resulting chunk_size=131072
DEBUG_COLLECTIVE_TYPE: layer=208, event=UNKNOWN (raw=0), size=131072, chunk_size=131072
DEBUG_STREAM_COUNT: chunk size is: 131072 , size is: 131072 , layer_num is: 208 , node: 0
[FLOW_DEBUG] Initiating flow from node=1 to node=0 maxPacketCount=32768 tag=416 flow_id=923 at time=65446133
DEBUG_STREAM_CREATE: Creating stream #205 for dataset id: 588 (total_streams=1)
[FLOW_DEBUG] Initiating flow from node=1 to node=0 maxPacketCount=32768 tag=417 flow_id=925 at time=65446133
DEBUG_STREAM_COUNT: Generated 1 streams for layer 208 (UNKNOWN), total injected: 206
info: all-gather forward pass collective issued for layer: mlp_moelayer, involved dimensions:  1, 0, 0, 0, 0, 0, 0, 0, 0, 0,
[FLOW_DEBUG] Initiating flow from node=0 to node=1 maxPacketCount=32768 tag=416 flow_id=922 at time=65446133
[FLOW_DEBUG] Initiating flow from node=0 to node=1 maxPacketCount=32768 tag=417 flow_id=924 at time=65446133
***** info: fwd pass comm collective for layer: mlp_moelayer is finished************
DEBUG_CHUNK_SIZE: size=20971520, preferred_dataset_splits=1, resulting chunk_size=20971520
DEBUG_COLLECTIVE_TYPE: layer=209, event=UNKNOWN (raw=0), size=20971520, chunk_size=20971520
DEBUG_STREAM_COUNT: chunk size is: 20971520 , size is: 20971520 , layer_num is: 209 , node: 0
DEBUG_STREAM_CREATE: Creating stream #206 for dataset id: 590 (total_streams=1)
[FLOW_DEBUG] Initiating flow from node=1 to node=0 maxPacketCount=10485760 tag=418 flow_id=927 at time=65447877
DEBUG_STREAM_COUNT: Generated 1 streams for layer 209 (UNKNOWN), total injected: 207
info: all-to-all forward pass collective issued for layer: mlp_moelayer, involved dimensions:  1, 0, 0, 0, 0, 0, 0, 0, 0, 0,
[FLOW_DEBUG] Initiating flow from node=0 to node=1 maxPacketCount=10485760 tag=418 flow_id=926 at time=65447877
***** info: fwd pass comm collective for layer: mlp_moelayer is finished************
DEBUG_CHUNK_SIZE: size=83886080, preferred_dataset_splits=1, resulting chunk_size=83886080
DEBUG_COLLECTIVE_TYPE: layer=210, event=UNKNOWN (raw=0), size=83886080, chunk_size=83886080
DEBUG_STREAM_COUNT: chunk size is: 83886080 , size is: 83886080 , layer_num is: 210 , node: 0
[FLOW_DEBUG] Initiating flow from node=1 to node=0 maxPacketCount=41943040 tag=420 flow_id=929 at time=65542246
DEBUG_STREAM_CREATE: Creating stream #207 for dataset id: 592 (total_streams=1)
DEBUG_STREAM_COUNT: Generated 1 streams for layer 210 (UNKNOWN), total injected: 208
info: all-to-all forward pass collective issued for layer: mlp_moelayer, involved dimensions:  1, 0, 0, 0, 0, 0, 0, 0, 0, 0,
[FLOW_DEBUG] Initiating flow from node=0 to node=1 maxPacketCount=41943040 tag=420 flow_id=928 at time=65542246
***** info: fwd pass comm collective for layer: mlp_moelayer is finished************
DEBUG_CHUNK_SIZE: size=83886080, preferred_dataset_splits=1, resulting chunk_size=83886080
DEBUG_COLLECTIVE_TYPE: layer=211, event=UNKNOWN (raw=0), size=83886080, chunk_size=83886080
DEBUG_STREAM_COUNT: chunk size is: 83886080 , size is: 83886080 , layer_num is: 211 , node: 0
DEBUG_STREAM_CREATE: Creating stream #208 for dataset id: 594 (total_streams=1)
DEBUG_STREAM_COUNT: Generated 1 streams for layer 211 (UNKNOWN), total injected: 209
info: all-gather forward pass collective issued for layer: mlp_moelayer, involved dimensions:  1, 0, 0, 0, 0, 0, 0, 0, 0, 0,
[FLOW_DEBUG] Initiating flow from node=0 to node=1 maxPacketCount=20971520 tag=422 flow_id=930 at time=65916235
[FLOW_DEBUG] Initiating flow from node=1 to node=0 maxPacketCount=20971520 tag=422 flow_id=931 at time=65916235
[FLOW_DEBUG] Initiating flow from node=0 to node=1 maxPacketCount=20971520 tag=423 flow_id=932 at time=65916235
[FLOW_DEBUG] Initiating flow from node=1 to node=0 maxPacketCount=20971520 tag=423 flow_id=933 at time=65916235
***** info: fwd pass comm collective for layer: mlp_moelayer is finished************
DEBUG_CHUNK_SIZE: size=83886080, preferred_dataset_splits=1, resulting chunk_size=83886080
DEBUG_COLLECTIVE_TYPE: layer=212, event=UNKNOWN (raw=0), size=83886080, chunk_size=83886080
DEBUG_STREAM_COUNT: chunk size is: 83886080 , size is: 83886080 , layer_num is: 212 , node: 0
DEBUG_STREAM_CREATE: Creating stream #209 for dataset id: 596 (total_streams=1)
[FLOW_DEBUG] Initiating flow from node=1 to node=0 maxPacketCount=DEBUG_STREAM_COUNT: Generated 209715201 streams for layer 212 (UNKNOWN), total injected: 210
info: reduce-scatter forward pass collective issued for layer: mlp_moelayer, involved dimensions:  1, 0, 0, 0, 0, 0, 0, 0, 0, 0,
 tag=424 flow_id=935 at time=66290223
[FLOW_DEBUG] Initiating flow from node=0 to node=1 maxPacketCount=20971520 tag=424 flow_id=934 at time=66290223
[FLOW_DEBUG] Initiating flow from node=0 to node=1 maxPacketCount=20971520 tag=425 flow_id=936 at time=66290223
[FLOW_DEBUG] Initiating flow from node=1 to node=0 maxPacketCount=20971520 tag=425 flow_id=937 at time=66290223
***** info: fwd pass comm collective for layer: mlp_moelayer is finished************
DEBUG_CHUNK_SIZE: size=83886080, preferred_dataset_splits=1, resulting chunk_size=83886080
DEBUG_COLLECTIVE_TYPE: layer=213, event=UNKNOWN (raw=0), size=83886080, chunk_size=83886080
DEBUG_STREAM_COUNT: chunk size is: 83886080 , size is: 83886080 , layer_num is: 213 , node: 0
DEBUG_STREAM_CREATE: Creating stream #210 for dataset id: 598 (total_streams=1)
[FLOW_DEBUG] Initiating flow from node=1 to node=0 maxPacketCount=41943040 tag=426 flow_id=939 at time=66664211
DEBUG_STREAM_COUNT: Generated 1 streams for layer 213 (UNKNOWN), total injected: 211
info: all-to-all forward pass collective issued for layer: mlp_moelayer, involved dimensions:  1, 0, 0, 0, 0, 0, 0, 0, 0, 0,
[FLOW_DEBUG] Initiating flow from node=0 to node=1 maxPacketCount=41943040 tag=426 flow_id=938 at time=66664211
***** info: fwd pass comm collective for layer: mlp_moelayer is finished************
DEBUG_CHUNK_SIZE: size=20971520, preferred_dataset_splits=1, resulting chunk_size=20971520
DEBUG_COLLECTIVE_TYPE: layer=214, event=UNKNOWN (raw=0), size=20971520, chunk_size=20971520
DEBUG_STREAM_COUNT: chunk size is: 20971520 , size is: 20971520 , layer_num is: 214 , node: 0
DEBUG_STREAM_CREATE: Creating stream #211 for dataset id: 600 (total_streams=1)
DEBUG_STREAM_COUNT: Generated 1 streams for layer 214 (UNKNOWN), total injected: 212
info: all-to-all forward pass collective issued for layer: mlp_moelayer, involved dimensions:  1, 0, 0, 0, 0, 0, 0, 0, 0, 0,
[FLOW_DEBUG] Initiating flow from node=0 to node=1 maxPacketCount=10485760 tag=428 flow_id=940 at time=67038200
[FLOW_DEBUG] Initiating flow from node=1 to node=0 maxPacketCount=10485760 tag=428 flow_id=941 at time=67038200
***** info: fwd pass comm collective for layer: mlp_moelayer is finished************
DEBUG_CHUNK_SIZE: size=41943040, preferred_dataset_splits=1, resulting chunk_size=41943040
DEBUG_COLLECTIVE_TYPE: layer=215, event=UNKNOWN (raw=0), size=41943040, chunk_size=41943040
DEBUG_STREAM_COUNT: chunk size is: 41943040 , size is: 41943040 , layer_num is: 215 , node: 0
[FLOW_DEBUG] Initiating flow from node=1 to node=0 maxPacketCount=10485760 tag=430 flow_id=943 at time=67132569
DEBUG_STREAM_CREATE: Creating stream #212 for dataset id: 602 (total_streams=1)
DEBUG_STREAM_COUNT: Generated 1 streams for layer 215 (UNKNOWN), total injected: 213
info: all-gather forward pass collective issued for layer: attention_column, involved dimensions:  1, 0, 0, 0, 0, 0, 0, 0, 0, 0,
[FLOW_DEBUG] Initiating flow from node=0 to node=1 maxPacketCount=10485760 tag=430 flow_id=942 at time=67132569
[FLOW_DEBUG] Initiating flow from node=1 to node=0 maxPacketCount=10485760 tag=431 flow_id=945 at time=67132569
[FLOW_DEBUG] Initiating flow from node=0 to node=1 maxPacketCount=10485760 tag=431 flow_id=944 at time=67132569
***** info: fwd pass comm collective for layer: attention_column is finished************
DEBUG_CHUNK_SIZE: size=41943040, preferred_dataset_splits=1, resulting chunk_size=41943040
DEBUG_COLLECTIVE_TYPE: layer=216, event=UNKNOWN (raw=0), size=41943040, chunk_size=41943040
DEBUG_STREAM_COUNT: chunk size is: 41943040 , size is: 41943040 , layer_num is: 216 , node: 0
DEBUG_STREAM_CREATE: Creating stream #213 for dataset id: 604 (total_streams=1)
[FLOW_DEBUG] Initiating flow from node=1 to node=0 maxPacketCount=DEBUG_STREAM_COUNT: Generated 104857601 streams for layer 216 (UNKNOWN), total injected: 214 tag=
432info: reduce-scatter forward pass collective issued for layer: attention_row, involved dimensions:  1, 0, 0, 0, 0, 0, 0, 0, 0, 0,
 flow_id=947 at time=67320145
[FLOW_DEBUG] Initiating flow from node=0 to node=1 maxPacketCount=10485760 tag=432 flow_id=946 at time=67320145
[FLOW_DEBUG] Initiating flow from node=1 to node=0 maxPacketCount=10485760 tag=433 flow_id=949 at time=67320145
[FLOW_DEBUG] Initiating flow from node=0 to node=1 maxPacketCount=10485760 tag=433 flow_id=948 at time=67320145
***** info: fwd pass comm collective for layer: attention_row is finished************
DEBUG_CHUNK_SIZE: size=131072, preferred_dataset_splits=1, resulting chunk_size=131072
DEBUG_COLLECTIVE_TYPE: layer=217, event=UNKNOWN (raw=0), size=131072, chunk_size=131072
DEBUG_STREAM_COUNT: chunk size is: 131072 , size is: 131072 , layer_num is: 217 , node: 0
DEBUG_STREAM_CREATE: Creating stream #214 for dataset id: 605 (total_streams=1)
DEBUG_STREAM_COUNT: Generated 1 streams for layer 217 (UNKNOWN), total injected: 215
info: all-gather forward pass collective issued for layer: mlp_moelayer, involved dimensions:  1, 0, 0, 0, 0, 0, 0, 0, 0, 0,
[FLOW_DEBUG] Initiating flow from node=1 to node=0 maxPacketCount=32768 tag=434 flow_id=951 at time=67507721
[FLOW_DEBUG] Initiating flow from node=0 to node=1 maxPacketCount=32768 tag=434 flow_id=950 at time=67507721
[FLOW_DEBUG] Initiating flow from node=1 to node=0 maxPacketCount=32768 tag=435 flow_id=953 at time=67507721
[FLOW_DEBUG] Initiating flow from node=0 to node=1 maxPacketCount=32768 tag=435 flow_id=952 at time=67507721
***** info: fwd pass comm collective for layer: mlp_moelayer is finished************
DEBUG_CHUNK_SIZE: size=20971520, preferred_dataset_splits=1, resulting chunk_size=20971520
DEBUG_COLLECTIVE_TYPE: layer=218, event=UNKNOWN (raw=0), size=20971520, chunk_size=20971520
DEBUG_STREAM_COUNT: chunk size is: 20971520 , size is: 20971520 , layer_num is: 218 , node: 0
DEBUG_STREAM_CREATE: Creating stream #215 for dataset id: 608 (total_streams=1)
DEBUG_STREAM_COUNT: Generated 1 streams for layer 218 (UNKNOWN), total injected: 216
info: all-to-all forward pass collective issued for layer: mlp_moelayer, involved dimensions:  1, 0, 0, 0, 0, 0, 0, 0, 0, 0,
[FLOW_DEBUG] Initiating flow from node=0 to node=1 maxPacketCount=10485760 tag=436 flow_id=954 at time=67509465
[FLOW_DEBUG] Initiating flow from node=1 to node=0 maxPacketCount=10485760 tag=436 flow_id=955 at time=67509465
***** info: fwd pass comm collective for layer: mlp_moelayer is finished************
DEBUG_CHUNK_SIZE: size=83886080, preferred_dataset_splits=1, resulting chunk_size=83886080
DEBUG_COLLECTIVE_TYPE: layer=219, event=UNKNOWN (raw=0), size=83886080, chunk_size=83886080
DEBUG_STREAM_COUNT: chunk size is: 83886080 , size is: 83886080 , layer_num is: 219 , node: 0
DEBUG_STREAM_CREATE: Creating stream #216 for dataset id: 610 (total_streams=1)
[FLOW_DEBUG] Initiating flow from node=1 to node=0 maxPacketCount=41943040 tag=438 flow_id=957 at time=67603834
DEBUG_STREAM_COUNT: Generated 1 streams for layer 219 (UNKNOWN), total injected: 217
info: all-to-all forward pass collective issued for layer: mlp_moelayer, involved dimensions:  1, 0, 0, 0, 0, 0, 0, 0, 0, 0,
[FLOW_DEBUG] Initiating flow from node=0 to node=1 maxPacketCount=41943040 tag=438 flow_id=956 at time=67603834
***** info: fwd pass comm collective for layer: mlp_moelayer is finished************
DEBUG_CHUNK_SIZE: size=83886080, preferred_dataset_splits=1, resulting chunk_size=83886080
DEBUG_COLLECTIVE_TYPE: layer=220, event=UNKNOWN (raw=0), size=83886080, chunk_size=83886080
DEBUG_STREAM_COUNT: chunk size is: 83886080 , size is: 83886080 , layer_num is: 220 , node: 0
DEBUG_STREAM_CREATE: Creating stream #217 for dataset id: 612 (total_streams=1)
[FLOW_DEBUG] Initiating flow from node=1 to node=0 maxPacketCount=20971520 tag=440 flow_id=959 at time=67977823
DEBUG_STREAM_COUNT: Generated 1 streams for layer 220 (UNKNOWN), total injected: 218
info: all-gather forward pass collective issued for layer: mlp_moelayer, involved dimensions:  1, 0, 0, 0, 0, 0, 0, 0, 0, 0,
[FLOW_DEBUG] Initiating flow from node=0 to node=1 maxPacketCount=20971520 tag=440 flow_id=958 at time=67977823
[FLOW_DEBUG] Initiating flow from node=1 to node=0 maxPacketCount=20971520 tag=441 flow_id=961 at time=67977823
[FLOW_DEBUG] Initiating flow from node=0 to node=1 maxPacketCount=20971520 tag=441 flow_id=960 at time=67977823
***** info: fwd pass comm collective for layer: mlp_moelayer is finished************
DEBUG_CHUNK_SIZE: size=83886080, preferred_dataset_splits=1, resulting chunk_size=83886080
DEBUG_COLLECTIVE_TYPE: layer=221, event=UNKNOWN (raw=0), size=83886080, chunk_size=83886080
DEBUG_STREAM_COUNT: chunk size is: 83886080 , size is: 83886080 , layer_num is: 221 , node: 0
[FLOW_DEBUG] Initiating flow from node=1 to node=0 maxPacketCount=20971520 tag=442 flow_id=963 at time=68351811
DEBUG_STREAM_CREATE: Creating stream #218 for dataset id: 614 (total_streams=1)
DEBUG_STREAM_COUNT: Generated 1 streams for layer 221 (UNKNOWN), total injected: 219
info: reduce-scatter forward pass collective issued for layer: mlp_moelayer, involved dimensions:  1, 0, 0, 0, 0, 0, 0, 0, 0, 0,
[FLOW_DEBUG] Initiating flow from node=[FLOW_DEBUG] Initiating flow from node=0 to node=1 maxPacketCount=20971520 tag=442 flow_id=962 at time=68351811
1 to node=0 maxPacketCount=20971520 tag=443 flow_id=965 at time=68351811
[FLOW_DEBUG] Initiating flow from node=0 to node=1 maxPacketCount=20971520 tag=443 flow_id=964 at time=68351811
***** info: fwd pass comm collective for layer: mlp_moelayer is finished************
DEBUG_CHUNK_SIZE: size=83886080, preferred_dataset_splits=1, resulting chunk_size=83886080
DEBUG_COLLECTIVE_TYPE: layer=222, event=UNKNOWN (raw=0), size=83886080, chunk_size=83886080
DEBUG_STREAM_COUNT: chunk size is: 83886080 , size is: 83886080 , layer_num is: 222 , node: 0
DEBUG_STREAM_CREATE: Creating stream #219 for dataset id: 616 (total_streams=1)
[FLOW_DEBUG] Initiating flow from node=1 to node=0 maxPacketCount=41943040 tag=444 flow_id=967 at time=68725799
DEBUG_STREAM_COUNT: Generated 1 streams for layer 222 (UNKNOWN), total injected: 220
info: all-to-all forward pass collective issued for layer: mlp_moelayer, involved dimensions:  1, 0, 0, 0, 0, 0, 0, 0, 0, 0,
[FLOW_DEBUG] Initiating flow from node=0 to node=1 maxPacketCount=41943040 tag=444 flow_id=966 at time=68725799
***** info: fwd pass comm collective for layer: mlp_moelayer is finished************
DEBUG_CHUNK_SIZE: size=20971520, preferred_dataset_splits=1, resulting chunk_size=20971520
DEBUG_COLLECTIVE_TYPE: layer=223, event=UNKNOWN (raw=0), size=20971520, chunk_size=20971520
DEBUG_STREAM_COUNT: chunk size is: 20971520 , size is: 20971520 , layer_num is: 223 , node: 0
[FLOW_DEBUG] Initiating flow from node=1 to node=0 maxPacketCount=10485760 tag=446 flow_id=969 at time=69099788
DEBUG_STREAM_CREATE: Creating stream #220 for dataset id: 618 (total_streams=1)
DEBUG_STREAM_COUNT: Generated 1 streams for layer 223 (UNKNOWN), total injected: 221
info: all-to-all forward pass collective issued for layer: mlp_moelayer, involved dimensions:  1, 0, 0, 0, 0, 0, 0, 0, 0, 0,
[FLOW_DEBUG] Initiating flow from node=0 to node=1 maxPacketCount=10485760 tag=446 flow_id=968 at time=69099788
***** info: fwd pass comm collective for layer: mlp_moelayer is finished************
DEBUG_CHUNK_SIZE: size=41943040, preferred_dataset_splits=1, resulting chunk_size=41943040
DEBUG_COLLECTIVE_TYPE: layer=224, event=UNKNOWN (raw=0), size=41943040, chunk_size=41943040
DEBUG_STREAM_COUNT: chunk size is: 41943040 , size is: 41943040 , layer_num is: 224 , node: 0
DEBUG_STREAM_CREATE: Creating stream #221 for dataset id: 620 (total_streams=1)
[FLOW_DEBUG] Initiating flow from node=1 to node=0 maxPacketCount=10485760 tag=448 flow_id=971 at time=69194157
DEBUG_STREAM_COUNT: Generated 1 streams for layer 224 (UNKNOWN), total injected: 222
info: all-gather forward pass collective issued for layer: final_column, involved dimensions:  1, 0, 0, 0, 0, 0, 0, 0, 0, 0,
[FLOW_DEBUG] Initiating flow from node=1 to node=0 maxPacketCount=10485760 tag=449 flow_id=973 at time=69194157
[FLOW_DEBUG] Initiating flow from node=0 to node=1 maxPacketCount=10485760 tag=448 flow_id=970 at time=69194157
[FLOW_DEBUG] Initiating flow from node=0 to node=1 maxPacketCount=10485760 tag=449 flow_id=972 at time=69194157
***** info: fwd pass comm collective for layer: final_column is finished************
DEBUG_CHUNK_SIZE: size=327680000, preferred_dataset_splits=1, resulting chunk_size=327680000
DEBUG_COLLECTIVE_TYPE: layer=225, event=UNKNOWN (raw=0), size=327680000, chunk_size=327680000
DEBUG_STREAM_COUNT: chunk size is: 327680000 , size is: 327680000 , layer_num is: 225 , node: 0
DEBUG_STREAM_CREATE: Creating stream #222 for dataset id: 622 (total_streams=1)
[FLOW_DEBUG] Initiating flow from node=1 to node=0 maxPacketCount=81920000 tag=900 flow_id=975 at time=69381733
[FLOW_DEBUG] Initiating flow from node=1 to node=0 maxPacketCount=81920000 tag=902 flow_id=979 at time=69381733
DEBUG_STREAM_COUNT: Generated 1 streams for layer 225 (UNKNOWN), total injected: 223
info: all-reduce forward pass collective issued for layer: embedding_norm, involved dimensions:  1, 0, 0, 0, 0, 0, 0, 0, 0, 0,
[FLOW_DEBUG] Initiating flow from node=0 to node=1 maxPacketCount=81920000 tag=900 flow_id=974 at time=69381733
[FLOW_DEBUG] Initiating flow from node=0 to node=1 maxPacketCount=81920000 tag=902 flow_id=978 at time=69381733
[FLOW_DEBUG] Initiating flow from node=1 to node=0 maxPacketCount=81920000 tag=903 flow_id=981 at time=70839131
[FLOW_DEBUG] Initiating flow from node=0 to node=1 maxPacketCount=81920000 tag=903 flow_id=980 at time=70839131
[FLOW_DEBUG] Initiating flow from node=1 to node=0 maxPacketCount=81920000 tag=901 flow_id=977 at time=70839149
[FLOW_DEBUG] Initiating flow from node=0 to node=1 maxPacketCount=81920000 tag=901 flow_id=976 at time=70839149
***** info: fwd pass comm collective for layer: embedding_norm is finished************
info: no forward pass collective for layer: embedding_layer
DEBUG_CHUNK_SIZE: size=41943040, preferred_dataset_splits=1, resulting chunk_size=41943040
DEBUG_COLLECTIVE_TYPE: layer=227, event=UNKNOWN (raw=0), size=41943040, chunk_size=41943040
DEBUG_STREAM_COUNT: chunk size is: 41943040 , size is: 41943040 , layer_num is: 227 , node: 0
DEBUG_STREAM_CREATE: Creating stream #223 for dataset id: 624 (total_streams=1)
[FLOW_DEBUG] Initiating flow from node=1 to node=0 maxPacketCount=10485760 tag=454 flow_id=983 at time=72296651
DEBUG_STREAM_COUNT: Generated 1 streams for layer 227 (UNKNOWN), total injected: 224
info: all-gather forward pass collective issued for layer: attention_column, involved dimensions:  1, 0, 0, 0, 0, 0, 0, 0, 0, 0,
[FLOW_DEBUG] Initiating flow from node=0 to node=1 maxPacketCount=10485760 tag=454 flow_id=982 at time=72296651
[FLOW_DEBUG] Initiating flow from node=1 to node=0 maxPacketCount=10485760 tag=455 flow_id=985 at time=72296651
[FLOW_DEBUG] Initiating flow from node=0 to node=1 maxPacketCount=10485760 tag=455 flow_id=984 at time=72296651
***** info: fwd pass comm collective for layer: attention_column is finished************
DEBUG_CHUNK_SIZE: size=41943040, preferred_dataset_splits=1, resulting chunk_size=41943040
DEBUG_COLLECTIVE_TYPE: layer=228, event=UNKNOWN (raw=0), size=41943040, chunk_size=41943040
DEBUG_STREAM_COUNT: chunk size is: 41943040 , size is: 41943040 , layer_num is: 228 , node: 0
[FLOW_DEBUG] Initiating flow from node=1 to node=0 maxPacketCount=10485760 tag=456 flow_id=987 at time=72484227
DEBUG_STREAM_CREATE: Creating stream #224 for dataset id: 626 (total_streams=1)
DEBUG_STREAM_COUNT: Generated 1 streams for layer 228 (UNKNOWN), total injected: 225
info: reduce-scatter forward pass collective issued for layer: attention_row, involved dimensions:  1, 0, 0, 0, 0, 0, 0, 0, 0, 0,
[FLOW_DEBUG] Initiating flow from node=0 to node=1 maxPacketCount=10485760 tag=456 flow_id=986 at time=72484227
[FLOW_DEBUG] Initiating flow from node=1 to node=0 maxPacketCount=10485760 tag=457 flow_id=989 at time=72484227
[FLOW_DEBUG] Initiating flow from node=0 to node=1 maxPacketCount=10485760 tag=457 flow_id=988 at time=72484227
***** info: fwd pass comm collective for layer: attention_row is finished************
DEBUG_CHUNK_SIZE: size=131072, preferred_dataset_splits=1, resulting chunk_size=131072
DEBUG_COLLECTIVE_TYPE: layer=229, event=UNKNOWN (raw=0), size=131072, chunk_size=131072
DEBUG_STREAM_COUNT: chunk size is: 131072 , size is: 131072 , layer_num is: 229 , node: 0
DEBUG_STREAM_CREATE: Creating stream #225 for dataset id: 628 (total_streams=1)
DEBUG_STREAM_COUNT: Generated 1 streams for layer 229 (UNKNOWN), total injected: 226
info: all-gather forward pass collective issued for layer: mlp_moelayer, involved dimensions:  1, 0, 0, 0, 0, 0, 0, 0, 0, 0,
[FLOW_DEBUG] Initiating flow from node=0 to node=1 maxPacketCount=32768 tag=458 flow_id=990 at time=72671803
[FLOW_DEBUG] Initiating flow from node=1 to node=0 maxPacketCount=32768 tag=458 flow_id=991 at time=72671803
[FLOW_DEBUG] Initiating flow from node=0 to node=1 maxPacketCount=32768 tag=459 flow_id=992 at time=72671803
[FLOW_DEBUG] Initiating flow from node=1 to node=0 maxPacketCount=32768 tag=459 flow_id=993 at time=72671803
***** info: fwd pass comm collective for layer: mlp_moelayer is finished************
DEBUG_CHUNK_SIZE: size=20971520, preferred_dataset_splits=1, resulting chunk_size=20971520
DEBUG_COLLECTIVE_TYPE: layer=230, event=UNKNOWN (raw=0), size=20971520, chunk_size=20971520
DEBUG_STREAM_COUNT: chunk size is: 20971520 , size is: 20971520 , layer_num is: 230 , node: 0
[FLOW_DEBUG] Initiating flow from node=1 to node=0 maxPacketCount=10485760 tag=460 flow_id=995 at time=72673547
DEBUG_STREAM_CREATE: Creating stream #226 for dataset id: 630 (total_streams=1)
DEBUG_STREAM_COUNT: Generated 1 streams for layer 230 (UNKNOWN), total injected: 227
info: all-to-all forward pass collective issued for layer: mlp_moelayer, involved dimensions:  1, 0, 0, 0, 0, 0, 0, 0, 0, 0,
[FLOW_DEBUG] Initiating flow from node=0 to node=1 maxPacketCount=10485760 tag=460 flow_id=994 at time=72673547
***** info: fwd pass comm collective for layer: mlp_moelayer is finished************
DEBUG_CHUNK_SIZE: size=83886080, preferred_dataset_splits=1, resulting chunk_size=83886080
DEBUG_COLLECTIVE_TYPE: layer=231, event=UNKNOWN (raw=0), size=83886080, chunk_size=83886080
DEBUG_STREAM_COUNT: chunk size is: 83886080 , size is: 83886080 , layer_num is: 231 , node: 0
[FLOW_DEBUG] Initiating flow from node=1 to node=0 maxPacketCount=41943040 tag=462 flow_id=997 at time=72767916
DEBUG_STREAM_CREATE: Creating stream #227 for dataset id: 632 (total_streams=1)
DEBUG_STREAM_COUNT: Generated 1 streams for layer 231 (UNKNOWN), total injected: 228
info: all-to-all forward pass collective issued for layer: mlp_moelayer, involved dimensions:  1, 0, 0, 0, 0, 0, 0, 0, 0, 0,
[FLOW_DEBUG] Initiating flow from node=0 to node=1 maxPacketCount=41943040 tag=462 flow_id=996 at time=72767916
***** info: fwd pass comm collective for layer: mlp_moelayer is finished************
DEBUG_CHUNK_SIZE: size=83886080, preferred_dataset_splits=1, resulting chunk_size=83886080
DEBUG_COLLECTIVE_TYPE: layer=232, event=UNKNOWN (raw=0), size=83886080, chunk_size=83886080
DEBUG_STREAM_COUNT: chunk size is: 83886080 , size is: 83886080 , layer_num is: 232 , node: 0
[FLOW_DEBUG] Initiating flow from node=1 to node=0 maxPacketCount=20971520 tag=464 flow_id=999 at time=73141905
DEBUG_STREAM_CREATE: Creating stream #228 for dataset id: 634 (total_streams=1)
DEBUG_STREAM_COUNT: Generated 1 streams for layer 232 (UNKNOWN), total injected: 229
info: all-gather forward pass collective issued for layer: mlp_moelayer, involved dimensions:  1, 0, 0, 0, 0, 0, 0, 0, 0, 0,
[FLOW_DEBUG] Initiating flow from node=1 to node=0 maxPacketCount=20971520 tag=465 flow_id=1001 at time=73141905
[FLOW_DEBUG] Initiating flow from node=0 to node=1 maxPacketCount=20971520 tag=464 flow_id=998 at time=73141905
[FLOW_DEBUG] Initiating flow from node=0 to node=1 maxPacketCount=20971520 tag=465 flow_id=1000 at time=73141905
***** info: fwd pass comm collective for layer: mlp_moelayer is finished************
DEBUG_CHUNK_SIZE: size=83886080, preferred_dataset_splits=1, resulting chunk_size=83886080
DEBUG_COLLECTIVE_TYPE: layer=233, event=UNKNOWN (raw=0), size=83886080, chunk_size=83886080
DEBUG_STREAM_COUNT: chunk size is: 83886080 , size is: 83886080 , layer_num is: 233 , node: 0
[FLOW_DEBUG] Initiating flow from node=1 to node=0 maxPacketCount=20971520 tag=466 flow_id=1003 at time=73515893
DEBUG_STREAM_CREATE: Creating stream #229 for dataset id: 636 (total_streams=1)
DEBUG_STREAM_COUNT: Generated 1 streams for layer 233 (UNKNOWN), total injected: 230
info: reduce-scatter forward pass collective issued for layer: mlp_moelayer, involved dimensions:  1, 0, 0, 0, 0, 0, 0, 0, 0, 0,
[FLOW_DEBUG] Initiating flow from node=0 to node=1 maxPacketCount=20971520 tag=466 flow_id=1002 at time=73515893
[FLOW_DEBUG] Initiating flow from node=1 to node=0 maxPacketCount=20971520 tag=467 flow_id=1005 at time=73515893
[FLOW_DEBUG] Initiating flow from node=0 to node=1 maxPacketCount=20971520 tag=467 flow_id=1004 at time=73515893
***** info: fwd pass comm collective for layer: mlp_moelayer is finished************
DEBUG_CHUNK_SIZE: size=83886080, preferred_dataset_splits=1, resulting chunk_size=83886080
DEBUG_COLLECTIVE_TYPE: layer=234, event=UNKNOWN (raw=0), size=83886080, chunk_size=83886080
DEBUG_STREAM_COUNT: chunk size is: 83886080 , size is: 83886080 , layer_num is: 234 , node: 0
DEBUG_STREAM_CREATE: Creating stream #230 for dataset id: 638 (total_streams=1)
[FLOW_DEBUG] Initiating flow from node=1 to node=0 maxPacketCount=41943040 tag=468 flow_id=1007 at time=73889881
DEBUG_STREAM_COUNT: Generated 1 streams for layer 234 (UNKNOWN), total injected: 231
info: all-to-all forward pass collective issued for layer: mlp_moelayer, involved dimensions:  1, 0, 0, 0, 0, 0, 0, 0, 0, 0,
[FLOW_DEBUG] Initiating flow from node=0 to node=1 maxPacketCount=41943040 tag=468 flow_id=1006 at time=73889881
***** info: fwd pass comm collective for layer: mlp_moelayer is finished************
DEBUG_CHUNK_SIZE: size=20971520, preferred_dataset_splits=1, resulting chunk_size=20971520
DEBUG_COLLECTIVE_TYPE: layer=235, event=UNKNOWN (raw=0), size=20971520, chunk_size=20971520
DEBUG_STREAM_COUNT: chunk size is: 20971520 , size is: 20971520 , layer_num is: 235 , node: 0
DEBUG_STREAM_CREATE: Creating stream #231 for dataset id: 640 (total_streams=1)
[FLOW_DEBUG] Initiating flow from node=1 to node=0 maxPacketCount=10485760 tag=470 flow_id=DEBUG_STREAM_COUNT: Generated 10091 streams for layer 235 (UNKNOWN), total injected: 232
info: all-to-all forward pass collective issued for layer: mlp_moelayer, involved dimensions:  1, 0, 0, 0, 0, 0, 0, 0, 0, 0,
 at time=74263870
[FLOW_DEBUG] Initiating flow from node=0 to node=1 maxPacketCount=10485760 tag=470 flow_id=1008 at time=74263870
***** info: fwd pass comm collective for layer: mlp_moelayer is finished************
DEBUG_CHUNK_SIZE: size=41943040, preferred_dataset_splits=1, resulting chunk_size=41943040
DEBUG_COLLECTIVE_TYPE: layer=236, event=UNKNOWN (raw=0), size=41943040, chunk_size=41943040
DEBUG_STREAM_COUNT: chunk size is: 41943040 , size is: 41943040 , layer_num is: 236 , node: 0
DEBUG_STREAM_CREATE: Creating stream #232 for dataset id: 642 (total_streams=1)
[FLOW_DEBUG] Initiating flow from node=1 to node=0 maxPacketCount=DEBUG_STREAM_COUNT: Generated 104857601 tag= streams for layer 236472 (UNKNOWN), total injected: 233 flow_id=1011 at time=
74358239
info: all-gather forward pass collective issued for layer: attention_column, involved dimensions:  1, 0, 0, 0, 0, 0, 0, 0, 0, 0,
[FLOW_DEBUG] Initiating flow from node=0 to node=1 maxPacketCount=10485760 tag=472 flow_id=1010 at time=74358239
[FLOW_DEBUG] Initiating flow from node=1 to node=0 maxPacketCount=10485760 tag=473 flow_id=1013 at time=74358239
[FLOW_DEBUG] Initiating flow from node=0 to node=1 maxPacketCount=10485760 tag=473 flow_id=1012 at time=74358239
***** info: fwd pass comm collective for layer: attention_column is finished************
DEBUG_CHUNK_SIZE: size=41943040, preferred_dataset_splits=1, resulting chunk_size=41943040
DEBUG_COLLECTIVE_TYPE: layer=237, event=UNKNOWN (raw=0), size=41943040, chunk_size=41943040
DEBUG_STREAM_COUNT: chunk size is: 41943040 , size is: 41943040 , layer_num is: 237 , node: 0
DEBUG_STREAM_CREATE: Creating stream #233 for dataset id: 644 (total_streams=1)
[FLOW_DEBUG] Initiating flow from node=1 to node=0 maxPacketCount=10485760 tag=474 flow_id=1015 at time=74545815
DEBUG_STREAM_COUNT: Generated 1 streams for layer 237 (UNKNOWN), total injected: 234
info: reduce-scatter forward pass collective issued for layer: attention_row, involved dimensions:  1, 0, 0, 0, 0, 0, 0, 0, 0, 0,
[FLOW_DEBUG] Initiating flow from node=0 to node=1 maxPacketCount=10485760 tag=474 flow_id=1014 at time=74545815
[FLOW_DEBUG] Initiating flow from node=1 to node=0 maxPacketCount=10485760 tag=475 flow_id=1017 at time=74545815
[FLOW_DEBUG] Initiating flow from node=0 to node=1 maxPacketCount=10485760 tag=475 flow_id=1016 at time=74545815
***** info: fwd pass comm collective for layer: attention_row is finished************
DEBUG_CHUNK_SIZE: size=131072, preferred_dataset_splits=1, resulting chunk_size=131072
DEBUG_COLLECTIVE_TYPE: layer=238, event=UNKNOWN (raw=0), size=131072, chunk_size=131072
DEBUG_STREAM_COUNT: chunk size is: 131072 , size is: 131072 , layer_num is: 238 , node: 0
DEBUG_STREAM_CREATE: Creating stream #234 for dataset id: 646 (total_streams=1)
DEBUG_STREAM_COUNT: Generated 1 streams for layer 238 (UNKNOWN), total injected: 235
info: all-gather forward pass collective issued for layer: mlp_moelayer, involved dimensions:  1, 0, 0, 0, 0, 0, 0, 0, 0, 0,
[FLOW_DEBUG] Initiating flow from node=[FLOW_DEBUG] Initiating flow from node=0 to node=1 maxPacketCount=32768 tag=1476 to node=0 maxPacketCount=32768 tag=476 flow_id= flow_id=10191018 at time= at time=74733391
74733391
[FLOW_DEBUG] Initiating flow from node=0 to node=1 maxPacketCount=32768 tag=477 flow_id=1020 at time=74733391
[FLOW_DEBUG] Initiating flow from node=1 to node=0 maxPacketCount=32768 tag=477 flow_id=1021 at time=74733391
***** info: fwd pass comm collective for layer: mlp_moelayer is finished************
[FLOW_DEBUG] Initiating flow from node=1 to node=0 maxPacketCount=10485760 tag=478 flow_id=1023 at time=74735135
DEBUG_CHUNK_SIZE: size=20971520, preferred_dataset_splits=1, resulting chunk_size=20971520
DEBUG_COLLECTIVE_TYPE: layer=239, event=UNKNOWN (raw=0), size=20971520, chunk_size=20971520
DEBUG_STREAM_COUNT: chunk size is: 20971520 , size is: 20971520 , layer_num is: 239 , node: 0
DEBUG_STREAM_CREATE: Creating stream #235 for dataset id: 648 (total_streams=1)
DEBUG_STREAM_COUNT: Generated 1 streams for layer 239 (UNKNOWN), total injected: 236
info: all-to-all forward pass collective issued for layer: mlp_moelayer, involved dimensions:  1, 0, 0, 0, 0, 0, 0, 0, 0, 0,
[FLOW_DEBUG] Initiating flow from node=0 to node=1 maxPacketCount=10485760 tag=478 flow_id=1022 at time=74735135
***** info: fwd pass comm collective for layer: mlp_moelayer is finished************
DEBUG_CHUNK_SIZE: size=83886080, preferred_dataset_splits=1, resulting chunk_size=83886080
DEBUG_COLLECTIVE_TYPE: layer=240, event=UNKNOWN (raw=0), size=83886080, chunk_size=83886080
DEBUG_STREAM_COUNT: chunk size is: 83886080 , size is: 83886080 , layer_num is: 240 , node: 0
DEBUG_STREAM_CREATE: Creating stream #236 for dataset id: 650 (total_streams=1)
[FLOW_DEBUG] Initiating flow from node=1 to node=0 maxPacketCount=41943040 tag=480 flow_id=1025 at time=74829504
DEBUG_STREAM_COUNT: Generated 1 streams for layer 240 (UNKNOWN), total injected: 237
info: all-to-all forward pass collective issued for layer: mlp_moelayer, involved dimensions:  1, 0, 0, 0, 0, 0, 0, 0, 0, 0,
[FLOW_DEBUG] Initiating flow from node=0 to node=1 maxPacketCount=41943040 tag=480 flow_id=1024 at time=74829504
***** info: fwd pass comm collective for layer: mlp_moelayer is finished************
DEBUG_CHUNK_SIZE: size=83886080, preferred_dataset_splits=1, resulting chunk_size=83886080
DEBUG_COLLECTIVE_TYPE: layer=241, event=UNKNOWN (raw=0), size=83886080, chunk_size=83886080
DEBUG_STREAM_COUNT: chunk size is: 83886080 , size is: 83886080 , layer_num is: 241 , node: 0
[FLOW_DEBUG] Initiating flow from node=1 to node=0 maxPacketCount=20971520 tag=482 flow_id=1027 at time=75203493
DEBUG_STREAM_CREATE: Creating stream #237 for dataset id: 652 (total_streams=1)
DEBUG_STREAM_COUNT: Generated 1 streams for layer 241 (UNKNOWN), total injected: 238
info: all-gather forward pass collective issued for layer: mlp_moelayer, involved dimensions:  1, 0, 0, 0, 0, 0, 0, 0, 0, 0,
[FLOW_DEBUG] Initiating flow from node=0 to node=1 maxPacketCount=20971520 tag=482 flow_id=1026 at time=75203493
[FLOW_DEBUG] Initiating flow from node=1 to node=0 maxPacketCount=20971520 tag=483 flow_id=1029 at time=75203493
[FLOW_DEBUG] Initiating flow from node=0 to node=1 maxPacketCount=20971520 tag=483 flow_id=1028 at time=75203493
***** info: fwd pass comm collective for layer: mlp_moelayer is finished************
DEBUG_CHUNK_SIZE: size=83886080, preferred_dataset_splits=1, resulting chunk_size=83886080
DEBUG_COLLECTIVE_TYPE: layer=242, event=UNKNOWN (raw=0), size=83886080, chunk_size=83886080
DEBUG_STREAM_COUNT: chunk size is: 83886080 , size is: 83886080 , layer_num is: 242 , node: 0
[FLOW_DEBUG] Initiating flow from node=1 to node=0 maxPacketCount=20971520 tag=484 flow_id=1031 at time=75577481
DEBUG_STREAM_CREATE: Creating stream #238 for dataset id: 654 (total_streams=1)
DEBUG_STREAM_COUNT: Generated 1 streams for layer 242 (UNKNOWN), total injected: 239
info: reduce-scatter forward pass collective issued for layer: mlp_moelayer, involved dimensions:  1, 0, 0, 0, 0, 0, 0, 0, 0, 0,
[FLOW_DEBUG] Initiating flow from node=0 to node=1 maxPacketCount=20971520 tag=484 flow_id=1030 at time=75577481
[FLOW_DEBUG] Initiating flow from node=1 to node=0 maxPacketCount=20971520 tag=485 flow_id=1033 at time=75577481
[FLOW_DEBUG] Initiating flow from node=0 to node=1 maxPacketCount=20971520 tag=485 flow_id=1032 at time=75577481
***** info: fwd pass comm collective for layer: mlp_moelayer is finished************
DEBUG_CHUNK_SIZE: size=83886080, preferred_dataset_splits=1, resulting chunk_size=83886080
DEBUG_COLLECTIVE_TYPE: layer=243, event=UNKNOWN (raw=0), size=83886080, chunk_size=83886080
DEBUG_STREAM_COUNT: chunk size is: 83886080 , size is: 83886080 , layer_num is: 243 , node: 0
[FLOW_DEBUG] Initiating flow from node=1 to node=0 maxPacketCount=41943040 tag=486 flow_id=1035 at time=75951469
DEBUG_STREAM_CREATE: Creating stream #239 for dataset id: 656 (total_streams=1)
DEBUG_STREAM_COUNT: Generated 1 streams for layer 243 (UNKNOWN), total injected: 240
info: all-to-all forward pass collective issued for layer: mlp_moelayer, involved dimensions:  1, 0, 0, 0, 0, 0, 0, 0, 0, 0,
[FLOW_DEBUG] Initiating flow from node=0 to node=1 maxPacketCount=41943040 tag=486 flow_id=1034 at time=75951469
***** info: fwd pass comm collective for layer: mlp_moelayer is finished************
DEBUG_CHUNK_SIZE: size=20971520, preferred_dataset_splits=1, resulting chunk_size=20971520
DEBUG_COLLECTIVE_TYPE: layer=244, event=UNKNOWN (raw=0), size=20971520, chunk_size=20971520
DEBUG_STREAM_COUNT: chunk size is: 20971520 , size is: 20971520 , layer_num is: 244 , node: 0
DEBUG_STREAM_CREATE: Creating stream #240 for dataset id: 658 (total_streams=1)
DEBUG_STREAM_COUNT: Generated 1 streams for layer 244 (UNKNOWN), total injected: 241
info: all-to-all forward pass collective issued for layer: mlp_moelayer, involved dimensions:  1, 0, 0, 0, 0, 0, 0, 0, 0, 0,
[FLOW_DEBUG] Initiating flow from node=1 to node=0 maxPacketCount=[FLOW_DEBUG] Initiating flow from node=010485760 to node= tag=1488 maxPacketCount= flow_id=10485760 tag=488 flow_id=10371036 at time= at time=7632545876325458

***** info: fwd pass comm collective for layer: mlp_moelayer is finished************
DEBUG_CHUNK_SIZE: size=41943040, preferred_dataset_splits=1, resulting chunk_size=41943040
DEBUG_COLLECTIVE_TYPE: layer=245, event=UNKNOWN (raw=0), size=41943040, chunk_size=41943040
DEBUG_STREAM_COUNT: chunk size is: 41943040 , size is: 41943040 , layer_num is: 245 , node: 0
DEBUG_STREAM_CREATE: Creating stream #241 for dataset id: 660 (total_streams=1)
DEBUG_STREAM_COUNT: Generated 1 streams for layer 245 (UNKNOWN), total injected: 242
info: all-gather forward pass collective issued for layer: attention_column, involved dimensions:  1, 0, 0, 0, 0, 0, 0, 0, 0, 0,
[FLOW_DEBUG] Initiating flow from node=0 to node=1 maxPacketCount=10485760 tag=490 flow_id=1038 at time=76419827
[FLOW_DEBUG] Initiating flow from node=1 to node=0 maxPacketCount=10485760 tag=490 flow_id=1039 at time=76419827
[FLOW_DEBUG] Initiating flow from node=0 to node=1 maxPacketCount=10485760 tag=491 flow_id=1040 at time=76419827
[FLOW_DEBUG] Initiating flow from node=1 to node=0 maxPacketCount=10485760 tag=491 flow_id=1041 at time=76419827
***** info: fwd pass comm collective for layer: attention_column is finished************
DEBUG_CHUNK_SIZE: size=41943040, preferred_dataset_splits=1, resulting chunk_size=41943040
DEBUG_COLLECTIVE_TYPE: layer=246, event=UNKNOWN (raw=0), size=41943040, chunk_size=41943040
DEBUG_STREAM_COUNT: chunk size is: 41943040 , size is: 41943040 , layer_num is: 246 , node: 0
DEBUG_STREAM_CREATE: Creating stream #242 for dataset id: 662 (total_streams=1)
DEBUG_STREAM_COUNT: Generated 1 streams for layer 246 (UNKNOWN), total injected: [FLOW_DEBUG] Initiating flow from node=2431 to node=0
 maxPacketCount=info: reduce-scatter forward pass collective issued for layer: attention_row, involved dimensions:  1, 0, 0, 0, 0, 0, 0, 0, 0, 0,
10485760 tag=492 flow_id=1043 at time=76607403
[FLOW_DEBUG] Initiating flow from node=0 to node=1 maxPacketCount=10485760 tag=492 flow_id=1042 at time=76607403
[FLOW_DEBUG] Initiating flow from node=1 to node=0 maxPacketCount=10485760 tag=493 flow_id=1045 at time=76607403
[FLOW_DEBUG] Initiating flow from node=0 to node=1 maxPacketCount=10485760 tag=493 flow_id=1044 at time=76607403
***** info: fwd pass comm collective for layer: attention_row is finished************
DEBUG_CHUNK_SIZE: size=131072, preferred_dataset_splits=1, resulting chunk_size=131072
DEBUG_COLLECTIVE_TYPE: layer=247, event=UNKNOWN (raw=0), size=131072, chunk_size=131072
DEBUG_STREAM_COUNT: chunk size is: 131072 , size is: 131072 , layer_num is: 247 , node: 0
DEBUG_STREAM_CREATE: Creating stream #[FLOW_DEBUG] Initiating flow from node=243 for dataset id: 664 (total_streams=1)
1 to node=0 maxPacketCount=32768 tag=494 flow_id=1047 at time=76794979
DEBUG_STREAM_COUNT: Generated 1 streams for layer 247 (UNKNOWN), total injected: 244
info: all-gather forward pass collective issued for layer: mlp_moelayer, involved dimensions:  1, 0, 0, 0, 0, 0, 0, 0, 0, 0,
[FLOW_DEBUG] Initiating flow from node=0 to node=1 maxPacketCount=32768 tag=494 flow_id=1046 at time=76794979
[FLOW_DEBUG] Initiating flow from node=1 to node=0 maxPacketCount=32768 tag=495 flow_id=1049 at time=76794979
[FLOW_DEBUG] Initiating flow from node=0 to node=1 maxPacketCount=32768 tag=495 flow_id=1048 at time=76794979
***** info: fwd pass comm collective for layer: mlp_moelayer is finished************
DEBUG_CHUNK_SIZE: size=20971520, preferred_dataset_splits=1, resulting chunk_size=20971520
DEBUG_COLLECTIVE_TYPE: layer=248, event=UNKNOWN (raw=0), size=20971520, chunk_size=20971520
DEBUG_STREAM_COUNT: chunk size is: 20971520 , size is: 20971520 , layer_num is: 248 , node: 0
DEBUG_STREAM_CREATE: Creating stream #244 for dataset id: 666 (total_streams=1)
[FLOW_DEBUG] Initiating flow from node=1 to node=0 maxPacketCount=10485760 tag=496 flow_id=1051 at time=76796723
DEBUG_STREAM_COUNT: Generated 1 streams for layer 248 (UNKNOWN), total injected: 245
info: all-to-all forward pass collective issued for layer: mlp_moelayer, involved dimensions:  1, 0, 0, 0, 0, 0, 0, 0, 0, 0,
[FLOW_DEBUG] Initiating flow from node=0 to node=1 maxPacketCount=10485760 tag=496 flow_id=1050 at time=76796723
***** info: fwd pass comm collective for layer: mlp_moelayer is finished************
DEBUG_CHUNK_SIZE: size=83886080, preferred_dataset_splits=1, resulting chunk_size=83886080
DEBUG_COLLECTIVE_TYPE: layer=249, event=UNKNOWN (raw=0), size=83886080, chunk_size=83886080
DEBUG_STREAM_COUNT: chunk size is: 83886080 , size is: 83886080 , layer_num is: 249 , node: 0
DEBUG_STREAM_CREATE: Creating stream #245 for dataset id: 668 (total_streams=1)
[FLOW_DEBUG] Initiating flow from node=1 to node=0 maxPacketCount=41943040 tag=498 flow_id=1053 at time=DEBUG_STREAM_COUNT: Generated 1 streams for layer 249 (UNKNOWN76891092), total injected: 246

info: all-to-all forward pass collective issued for layer: mlp_moelayer, involved dimensions:  1, 0, 0, 0, 0, 0, 0, 0, 0, 0,
[FLOW_DEBUG] Initiating flow from node=0 to node=1 maxPacketCount=41943040 tag=498 flow_id=1052 at time=76891092
***** info: fwd pass comm collective for layer: mlp_moelayer is finished************
DEBUG_CHUNK_SIZE: size=83886080, preferred_dataset_splits=1, resulting chunk_size=83886080
DEBUG_COLLECTIVE_TYPE: layer=250, event=UNKNOWN (raw=0), size=83886080, chunk_size=83886080
DEBUG_STREAM_COUNT: chunk size is: 83886080 , size is: 83886080 , layer_num is: 250 , node: 0
DEBUG_STREAM_CREATE: Creating stream #246 for dataset id: 670 (total_streams=1)
DEBUG_STREAM_COUNT: Generated 1 streams for layer 250 (UNKNOWN), total injected: 247
[FLOW_DEBUG] Initiating flow from node=1 to node=0 maxPacketCount=20971520 tag=500 flow_id=1055 at time=info: all-gather forward pass collective issued for layer: mlp_moelayer, involved dimensions:  1,77265081 0, 0,
 0, 0, 0, 0, 0, 0, 0,
[FLOW_DEBUG] Initiating flow from node=0 to node=1 maxPacketCount=20971520 tag=500 flow_id=1054 at time=77265081
[FLOW_DEBUG] Initiating flow from node=0 to node=1 maxPacketCount=20971520 tag=501 flow_id=1056 at time=77265081
[FLOW_DEBUG] Initiating flow from node=1 to node=0 maxPacketCount=20971520 tag=501 flow_id=1057 at time=77265081
DEBUG_SIM_END: Node 0 FINISH CONDITION NOT MET - continuing simulation
***** info: fwd pass comm collective for layer: mlp_moelayer is finished************
DEBUG_SIM_END: Node 0 checking finish condition: finished_workloads=0, event_queue.size()=1, pending_sends.size()=0, initialized=1
DEBUG_CHUNK_SIZE: size=83886080, preferred_dataset_splits=1, resulting chunk_size=83886080
DEBUG_COLLECTIVE_TYPE: layer=251, event=UNKNOWN (raw=0), size=83886080, chunk_size=83886080
DEBUG_STREAM_COUNT: chunk size is: 83886080 , size is: 83886080 , layer_num is: 251 , node: 0
[FLOW_DEBUG] Initiating flow from node=1 to node=0 maxPacketCount=20971520 tag=502 flow_id=1059 at time=77639069
DEBUG_STREAM_CREATE: Creating stream #247 for dataset id: 672 (total_streams=1)
DEBUG_STREAM_COUNT: Generated 1 streams for layer 251 (UNKNOWN), total injected: 248
info: reduce-scatter forward pass collective issued for layer: mlp_moelayer, involved dimensions:  1, 0, 0, 0, 0, 0, 0, 0, 0, 0,
[FLOW_DEBUG] Initiating flow from node=0 to node=1 maxPacketCount=20971520 tag=502 flow_id=1058 at time=77639069
[FLOW_DEBUG] Initiating flow from node=1 to node=0 maxPacketCount=20971520 tag=503 flow_id=1061 at time=77639069
[FLOW_DEBUG] Initiating flow from node=0 to node=1 maxPacketCount=20971520 tag=503 flow_id=1060 at time=77639069
***** info: fwd pass comm collective for layer: mlp_moelayer is finished************
DEBUG_CHUNK_SIZE: size=83886080, preferred_dataset_splits=1, resulting chunk_size=83886080
DEBUG_COLLECTIVE_TYPE: layer=252, event=UNKNOWN (raw=0), size=83886080, chunk_size=83886080
DEBUG_STREAM_COUNT: chunk size is: 83886080 , size is: 83886080 , layer_num is: 252 , node: 0
DEBUG_STREAM_CREATE: Creating stream #248 for dataset id: 674 (total_streams=1)
DEBUG_STREAM_COUNT: Generated 1 streams for layer 252 (UNKNOWN), total injected: 249
info: all-to-all forward pass collective issued for layer: mlp_moelayer, involved dimensions:  1, 0, 0, 0, 0, 0, 0, 0, 0, 0,
[FLOW_DEBUG] Initiating flow from node=0 to node=1 maxPacketCount=41943040 tag=504 flow_id=1062[FLOW_DEBUG] Initiating flow from node=1 to node=0 maxPacketCount=41943040 tag=504 flow_id=1063 at time=78013057
 at time=78013057
***** info: fwd pass comm collective for layer: mlp_moelayer is finished************
DEBUG_CHUNK_SIZE: size=20971520, preferred_dataset_splits=1, resulting chunk_size=20971520
DEBUG_COLLECTIVE_TYPE: layer=253, event=UNKNOWN (raw=0), size=20971520, chunk_size=20971520
DEBUG_STREAM_COUNT: chunk size is: 20971520 , size is: 20971520 , layer_num is: 253 , node: 0
[FLOW_DEBUG] Initiating flow from node=1 to node=0 maxPacketCount=10485760 tag=506 flow_id=1065 at time=78387046
DEBUG_STREAM_CREATE: Creating stream #249 for dataset id: 676 (total_streams=1)
DEBUG_STREAM_COUNT: Generated 1 streams for layer 253 (UNKNOWN), total injected: 250
info: all-to-all forward pass collective issued for layer: mlp_moelayer, involved dimensions:  1, 0, 0, 0, 0, 0, 0, 0, 0, 0,
[FLOW_DEBUG] Initiating flow from node=0 to node=1 maxPacketCount=10485760 tag=506 flow_id=1064 at time=78387046
***** info: fwd pass comm collective for layer: mlp_moelayer is finished************
DEBUG_CHUNK_SIZE: size=41943040, preferred_dataset_splits=1, resulting chunk_size=41943040
DEBUG_COLLECTIVE_TYPE: layer=254, event=UNKNOWN (raw=0), size=41943040, chunk_size=41943040
DEBUG_STREAM_COUNT: chunk size is: 41943040 , size is: 41943040 , layer_num is: 254 , node: 0
[FLOW_DEBUG] Initiating flow from node=1 to node=0 maxPacketCount=10485760 tag=508 flow_id=1067 at time=78481415
DEBUG_STREAM_CREATE: Creating stream #250 for dataset id: 678 (total_streams=1)
[FLOW_DEBUG] Initiating flow from node=1 to node=0 maxPacketCount=10485760 tag=509 flow_id=1069 at time=78481415
DEBUG_STREAM_COUNT: Generated 1 streams for layer 254 (UNKNOWN), total injected: 251
info: all-gather forward pass collective issued for layer: attention_column, involved dimensions:  1, 0, 0, 0, 0, 0, 0, 0, 0, 0,
[FLOW_DEBUG] Initiating flow from node=0 to node=1 maxPacketCount=10485760 tag=508 flow_id=1066 at time=78481415
[FLOW_DEBUG] Initiating flow from node=0 to node=1 maxPacketCount=10485760 tag=509 flow_id=1068 at time=78481415
***** info: fwd pass comm collective for layer: attention_column is finished************
DEBUG_CHUNK_SIZE: size=41943040, preferred_dataset_splits=1, resulting chunk_size=41943040
DEBUG_COLLECTIVE_TYPE: layer=255, event=UNKNOWN (raw=0), size=41943040, chunk_size=41943040
DEBUG_STREAM_COUNT: chunk size is: 41943040 , size is: 41943040 , layer_num is: 255 , node: 0
DEBUG_STREAM_CREATE: Creating stream #251 for dataset id: 680 (total_streams=1)
[FLOW_DEBUG] Initiating flow from node=1 to node=0 maxPacketCount=10485760 tag=510 flow_id=1071 at time=78668991
[FLOW_DEBUG] Initiating flow from node=1 to node=0 maxPacketCount=10485760 tag=511 flow_id=1073 at time=78668991
DEBUG_STREAM_COUNT: Generated 1 streams for layer 255 (UNKNOWN), total injected: 252
info: reduce-scatter forward pass collective issued for layer: attention_row, involved dimensions:  1, 0, 0, 0, 0, 0, 0, 0, 0, 0,
[FLOW_DEBUG] Initiating flow from node=0 to node=1 maxPacketCount=10485760 tag=510 flow_id=1070 at time=78668991
[FLOW_DEBUG] Initiating flow from node=0 to node=1 maxPacketCount=10485760 tag=511 flow_id=1072 at time=78668991
***** info: fwd pass comm collective for layer: attention_row is finished************
DEBUG_CHUNK_SIZE: size=131072, preferred_dataset_splits=1, resulting chunk_size=131072
DEBUG_COLLECTIVE_TYPE: layer=256, event=UNKNOWN (raw=0), size=131072, chunk_size=131072
DEBUG_STREAM_COUNT: chunk size is: 131072 , size is: 131072 , layer_num is: 256 , node: 0
[FLOW_DEBUG] Initiating flow from node=1 to node=0 maxPacketCount=32768 tag=512 flow_id=1075 at time=78856567
DEBUG_STREAM_CREATE: Creating stream #252 for dataset id: 682 (total_streams=1)
[FLOW_DEBUG] Initiating flow from node=1 to node=0 maxPacketCount=32768 tag=513 flow_id=1077 at time=78856567
DEBUG_STREAM_COUNT: Generated 1 streams for layer 256 (UNKNOWN), total injected: 253
info: all-gather forward pass collective issued for layer: mlp_moelayer, involved dimensions:  1, 0, 0, 0, 0, 0, 0, 0, 0, 0,
[FLOW_DEBUG] Initiating flow from node=0 to node=1 maxPacketCount=32768 tag=512 flow_id=1074 at time=78856567
[FLOW_DEBUG] Initiating flow from node=0 to node=1 maxPacketCount=32768 tag=513 flow_id=1076 at time=78856567
***** info: fwd pass comm collective for layer: mlp_moelayer is finished************
DEBUG_CHUNK_SIZE: size=20971520, preferred_dataset_splits=1, resulting chunk_size=20971520
DEBUG_COLLECTIVE_TYPE: layer=257, event=UNKNOWN (raw=0), size=20971520, chunk_size=20971520
DEBUG_STREAM_COUNT: chunk size is: 20971520 , size is: 20971520 , layer_num is: 257 , node: 0
[FLOW_DEBUG] Initiating flow from node=1 to node=0 maxPacketCount=10485760 tag=514 flow_id=1079 at time=78858311
DEBUG_STREAM_CREATE: Creating stream #253 for dataset id: 684 (total_streams=1)
DEBUG_STREAM_COUNT: Generated 1 streams for layer 257 (UNKNOWN), total injected: 254
info: all-to-all forward pass collective issued for layer: mlp_moelayer, involved dimensions:  1, 0, 0, 0, 0, 0, 0, 0, 0, 0,
[FLOW_DEBUG] Initiating flow from node=0 to node=1 maxPacketCount=10485760 tag=514 flow_id=1078 at time=78858311
***** info: fwd pass comm collective for layer: mlp_moelayer is finished************
DEBUG_CHUNK_SIZE: size=83886080, preferred_dataset_splits=1, resulting chunk_size=83886080
DEBUG_COLLECTIVE_TYPE: layer=258, event=UNKNOWN (raw=0), size=83886080, chunk_size=83886080
DEBUG_STREAM_COUNT: chunk size is: 83886080 , size is: 83886080 , layer_num is: 258 , node: 0
DEBUG_STREAM_CREATE: Creating stream #254 for dataset id: 686 (total_streams=1)
DEBUG_STREAM_COUNT: Generated 1 streams for layer 258 (UNKNOWN), total injected: 255
info: all-to-all forward pass collective issued for layer: mlp_moelayer, involved dimensions:  1, 0, 0, 0, 0, 0, 0, 0, 0, 0,
[FLOW_DEBUG] Initiating flow from node=1 to node=0 maxPacketCount=41943040 tag=516 flow_id=1081 at time=78952680
[FLOW_DEBUG] Initiating flow from node=0 to node=1 maxPacketCount=41943040 tag=516 flow_id=1080 at time=78952680
***** info: fwd pass comm collective for layer: mlp_moelayer is finished************
DEBUG_CHUNK_SIZE: size=83886080, preferred_dataset_splits=1, resulting chunk_size=83886080
DEBUG_COLLECTIVE_TYPE: layer=259, event=UNKNOWN (raw=0), size=83886080, chunk_size=83886080
DEBUG_STREAM_COUNT: chunk size is: 83886080 , size is: 83886080 , layer_num is: 259 , node: 0
DEBUG_STREAM_CREATE: Creating stream #255 for dataset id: 688 (total_streams=1)
DEBUG_STREAM_COUNT: Generated 1 streams for layer 259 (UNKNOWN), total injected: 256
info: all-gather forward pass collective issued for layer: mlp_moelayer, involved dimensions:  1, 0, 0, 0, 0, 0, 0, 0, 0, 0,
[FLOW_DEBUG] Initiating flow from node=0 to node=1 maxPacketCount=20971520 tag=518 flow_id=1082 at time=79326669
[FLOW_DEBUG] Initiating flow from node=0 to node=1 maxPacketCount=20971520 tag=519 flow_id=1084 at time=79326669
[FLOW_DEBUG] Initiating flow from node=1 to node=0 maxPacketCount=20971520 tag=518 flow_id=1083 at time=79326669
[FLOW_DEBUG] Initiating flow from node=1 to node=0 maxPacketCount=20971520 tag=519 flow_id=1085 at time=79326669
***** info: fwd pass comm collective for layer: mlp_moelayer is finished************
DEBUG_CHUNK_SIZE: size=83886080, preferred_dataset_splits=1, resulting chunk_size=83886080
DEBUG_COLLECTIVE_TYPE: layer=260, event=UNKNOWN (raw=0), size=83886080, chunk_size=83886080
DEBUG_STREAM_COUNT: chunk size is: 83886080 , size is: 83886080 , layer_num is: 260 , node: 0
DEBUG_STREAM_CREATE: Creating stream #256 for dataset id: 690 (total_streams=1)
DEBUG_STREAM_COUNT: Generated 1 streams for layer 260 (UNKNOWN), total injected: 257
info: reduce-scatter forward pass collective issued for layer: mlp_moelayer, involved dimensions:  1, 0, 0, 0, 0, 0, 0, 0, 0, 0,
[FLOW_DEBUG] Initiating flow from node=0 to node=1 maxPacketCount=20971520 tag=520 flow_id=1086 at time=79700657
[FLOW_DEBUG] Initiating flow from node=1 to node=0 maxPacketCount=20971520 tag=520 flow_id=1087 at time=79700657
[FLOW_DEBUG] Initiating flow from node=0 to node=1 maxPacketCount=20971520 tag=521 flow_id=1088 at time=79700657
[FLOW_DEBUG] Initiating flow from node=1 to node=0 maxPacketCount=20971520 tag=521 flow_id=1089 at time=79700657
***** info: fwd pass comm collective for layer: mlp_moelayer is finished************
DEBUG_CHUNK_SIZE: size=83886080, preferred_dataset_splits=1, resulting chunk_size=83886080
DEBUG_COLLECTIVE_TYPE: layer=261, event=UNKNOWN (raw=0), size=83886080, chunk_size=83886080
DEBUG_STREAM_COUNT: chunk size is: 83886080 , size is: 83886080 , layer_num is: 261 , node: 0
[FLOW_DEBUG] Initiating flow from node=1 to node=0 maxPacketCount=41943040 tag=522 flow_id=1091 at time=80074645
DEBUG_STREAM_CREATE: Creating stream #257 for dataset id: 692 (total_streams=1)
DEBUG_STREAM_COUNT: Generated 1 streams for layer 261 (UNKNOWN), total injected: 258
info: all-to-all forward pass collective issued for layer: mlp_moelayer, involved dimensions:  1, 0, 0, 0, 0, 0, 0, 0, 0, 0,
[FLOW_DEBUG] Initiating flow from node=0 to node=1 maxPacketCount=41943040 tag=522 flow_id=1090 at time=80074645
***** info: fwd pass comm collective for layer: mlp_moelayer is finished************
DEBUG_CHUNK_SIZE: size=20971520, preferred_dataset_splits=1, resulting chunk_size=20971520
DEBUG_COLLECTIVE_TYPE: layer=262, event=UNKNOWN (raw=0), size=20971520, chunk_size=20971520
DEBUG_STREAM_COUNT: chunk size is: 20971520 , size is: 20971520 , layer_num is: 262 , node: 0
[FLOW_DEBUG] Initiating flow from node=1 to node=0 maxPacketCount=10485760 tag=524 flow_id=1093 at time=80448634
DEBUG_STREAM_CREATE: Creating stream #258 for dataset id: 694 (total_streams=1)
DEBUG_STREAM_COUNT: Generated 1 streams for layer 262 (UNKNOWN), total injected: 259
info: all-to-all forward pass collective issued for layer: mlp_moelayer, involved dimensions:  1, 0, 0, 0, 0, 0, 0, 0, 0, 0,
[FLOW_DEBUG] Initiating flow from node=0 to node=1 maxPacketCount=10485760 tag=524 flow_id=1092 at time=80448634
***** info: fwd pass comm collective for layer: mlp_moelayer is finished************
DEBUG_CHUNK_SIZE: size=41943040, preferred_dataset_splits=1, resulting chunk_size=41943040
DEBUG_COLLECTIVE_TYPE: layer=263, event=UNKNOWN (raw=0), size=41943040, chunk_size=41943040
DEBUG_STREAM_COUNT: chunk size is: 41943040 , size is: 41943040 , layer_num is: 263 , node: 0
DEBUG_STREAM_CREATE: Creating stream #[FLOW_DEBUG] Initiating flow from node=259 for dataset id: 696 (total_streams=1)1
 to node=0 maxPacketCount=10485760 tag=526 flow_id=1095 at time=80543003
DEBUG_STREAM_COUNT: Generated 1 streams for layer 263 (UNKNOWN), total injected: 260
info: all-gather forward pass collective issued for layer: attention_column, involved dimensions:  1, 0, 0, 0, 0, 0, 0, 0, 0, 0,
[FLOW_DEBUG] Initiating flow from node=0 to node=1 maxPacketCount=10485760 tag=526 flow_id=1094 at time=80543003
[FLOW_DEBUG] Initiating flow from node=1 to node=0 maxPacketCount=10485760 tag=527 flow_id=1097 at time=80543003
[FLOW_DEBUG] Initiating flow from node=0 to node=1 maxPacketCount=10485760 tag=527 flow_id=1096 at time=80543003
***** info: fwd pass comm collective for layer: attention_column is finished************
DEBUG_CHUNK_SIZE: size=41943040, preferred_dataset_splits=1, resulting chunk_size=41943040
DEBUG_COLLECTIVE_TYPE: layer=264, event=UNKNOWN (raw=0), size=41943040, chunk_size=41943040
DEBUG_STREAM_COUNT: chunk size is: 41943040 , size is: 41943040 , layer_num is: 264 , node: 0
DEBUG_STREAM_CREATE: Creating stream #260 for dataset id: 698 (total_streams=1)
[FLOW_DEBUG] Initiating flow from node=1 to node=0 maxPacketCount=10485760 tag=528 flow_id=1099 at time=80730579
DEBUG_STREAM_COUNT: Generated 1 streams for layer 264 (UNKNOWN), total injected: 261
info: reduce-scatter forward pass collective issued for layer: attention_row, involved dimensions:  1, 0, 0, 0, 0, 0, 0, 0, 0, 0,
[FLOW_DEBUG] Initiating flow from node=0 to node=1 maxPacketCount=10485760 tag=528 flow_id=1098 at time=80730579
[FLOW_DEBUG] Initiating flow from node=1 to node=0 maxPacketCount=10485760 tag=529 flow_id=1101 at time=80730579
[FLOW_DEBUG] Initiating flow from node=0 to node=1 maxPacketCount=10485760 tag=529 flow_id=1100 at time=80730579
***** info: fwd pass comm collective for layer: attention_row is finished************
DEBUG_CHUNK_SIZE: size=131072, preferred_dataset_splits=1, resulting chunk_size=131072
DEBUG_COLLECTIVE_TYPE: layer=265, event=UNKNOWN (raw=0), size=131072, chunk_size=131072
DEBUG_STREAM_COUNT: chunk size is: 131072 , size is: 131072 , layer_num is: 265 , node: 0
DEBUG_STREAM_CREATE: Creating stream #261 for dataset id: 700 (total_streams=1)
[FLOW_DEBUG] Initiating flow from node=1 to node=0 maxPacketCount=32768 tag=530 flow_id=1103 at time=80918155
DEBUG_STREAM_COUNT: Generated 1 streams for layer 265 (UNKNOWN), total injected: 262
info: all-gather forward pass collective issued for layer: mlp_moelayer, involved dimensions:  1, 0, 0, 0, 0, 0, 0, 0, 0, 0,
[FLOW_DEBUG] Initiating flow from node=0 to node=1 maxPacketCount=32768 tag=530 flow_id=1102 at time=80918155
[FLOW_DEBUG] Initiating flow from node=0 to node=1 maxPacketCount=32768 tag=531 flow_id=1104 at time=80918155
[FLOW_DEBUG] Initiating flow from node=1 to node=0 maxPacketCount=32768 tag=531 flow_id=1105 at time=80918155
***** info: fwd pass comm collective for layer: mlp_moelayer is finished************
DEBUG_CHUNK_SIZE: size=20971520, preferred_dataset_splits=1, resulting chunk_size=20971520
DEBUG_COLLECTIVE_TYPE: layer=266, event=UNKNOWN (raw=0), size=20971520, chunk_size=20971520
DEBUG_STREAM_COUNT: chunk size is: 20971520 , size is: 20971520 , layer_num is: 266 , node: 0
[FLOW_DEBUG] Initiating flow from node=1 to node=0 maxPacketCount=10485760 tag=532 flow_id=1107 at time=80919899
DEBUG_STREAM_CREATE: Creating stream #262 for dataset id: 702 (total_streams=1)
DEBUG_STREAM_COUNT: Generated 1 streams for layer 266 (UNKNOWN), total injected: 263
info: all-to-all forward pass collective issued for layer: mlp_moelayer, involved dimensions:  1, 0, 0, 0, 0, 0, 0, 0, 0, 0,
[FLOW_DEBUG] Initiating flow from node=0 to node=1 maxPacketCount=10485760 tag=532 flow_id=1106 at time=80919899
***** info: fwd pass comm collective for layer: mlp_moelayer is finished************
DEBUG_CHUNK_SIZE: size=83886080, preferred_dataset_splits=1, resulting chunk_size=83886080
DEBUG_COLLECTIVE_TYPE: layer=267, event=UNKNOWN (raw=0), size=83886080, chunk_size=83886080
DEBUG_STREAM_COUNT: chunk size is: 83886080 , size is: 83886080 , layer_num is: 267 , node: 0
[FLOW_DEBUG] Initiating flow from node=1 to node=0 maxPacketCount=41943040 tag=534 flow_id=1109 at time=81014268
DEBUG_STREAM_CREATE: Creating stream #263 for dataset id: 704 (total_streams=1)
DEBUG_STREAM_COUNT: Generated 1 streams for layer 267 (UNKNOWN), total injected: 264
info: all-to-all forward pass collective issued for layer: mlp_moelayer, involved dimensions:  1, 0, 0, 0, 0, 0, 0, 0, 0, 0,
[FLOW_DEBUG] Initiating flow from node=0 to node=1 maxPacketCount=41943040 tag=534 flow_id=1108 at time=81014268
***** info: fwd pass comm collective for layer: mlp_moelayer is finished************
DEBUG_CHUNK_SIZE: size=83886080, preferred_dataset_splits=1, resulting chunk_size=83886080
DEBUG_COLLECTIVE_TYPE: layer=268, event=UNKNOWN (raw=0), size=83886080, chunk_size=83886080
DEBUG_STREAM_COUNT: chunk size is: 83886080 , size is: 83886080 , layer_num is: 268 , node: 0
DEBUG_STREAM_CREATE: Creating stream #264 for dataset id: 706 (total_streams=1)
[FLOW_DEBUG] Initiating flow from node=1 to node=0 maxPacketCount=20971520 tag=536 flow_id=1111 at time=81388257
DEBUG_STREAM_COUNT: Generated 1 streams for layer 268 (UNKNOWN), total injected: 265
info: all-gather forward pass collective issued for layer: mlp_moelayer, involved dimensions:  1, 0, 0, 0, 0, 0, 0, 0, 0, 0,
[FLOW_DEBUG] Initiating flow from node=1 to node=0 maxPacketCount=20971520 tag=537 flow_id=1113 at time=81388257
[FLOW_DEBUG] Initiating flow from node=0 to node=1 maxPacketCount=20971520 tag=536 flow_id=1110 at time=81388257
[FLOW_DEBUG] Initiating flow from node=0 to node=1 maxPacketCount=20971520 tag=537 flow_id=1112 at time=81388257
***** info: fwd pass comm collective for layer: mlp_moelayer is finished************
DEBUG_CHUNK_SIZE: size=83886080, preferred_dataset_splits=1, resulting chunk_size=83886080
DEBUG_COLLECTIVE_TYPE: layer=269, event=UNKNOWN (raw=0), size=83886080, chunk_size=83886080
DEBUG_STREAM_COUNT: chunk size is: 83886080 , size is: 83886080 , layer_num is: 269 , node: 0
[FLOW_DEBUG] Initiating flow from node=1 to node=0 maxPacketCount=20971520 tag=538 flow_id=1115 at time=81762245
DEBUG_STREAM_CREATE: Creating stream #265 for dataset id: 708 (total_streams=1)
DEBUG_STREAM_COUNT: Generated 1 streams for layer 269 (UNKNOWN), total injected: 266
info: reduce-scatter forward pass collective issued for layer: mlp_moelayer, involved dimensions:  1, 0, 0, 0, 0, 0, 0, 0, 0, 0,
[FLOW_DEBUG] Initiating flow from node=0 to node=1 maxPacketCount=20971520 tag=538 flow_id=1114 at time=81762245
[FLOW_DEBUG] Initiating flow from node=1 to node=0 maxPacketCount=20971520 tag=539 flow_id=1117 at time=81762245
[FLOW_DEBUG] Initiating flow from node=0 to node=1 maxPacketCount=20971520 tag=539 flow_id=1116 at time=81762245
***** info: fwd pass comm collective for layer: mlp_moelayer is finished************
DEBUG_CHUNK_SIZE: size=83886080, preferred_dataset_splits=1, resulting chunk_size=83886080
DEBUG_COLLECTIVE_TYPE: layer=270, event=UNKNOWN (raw=0), size=83886080, chunk_size=83886080
DEBUG_STREAM_COUNT: chunk size is: 83886080 , size is: 83886080 , layer_num is: 270 , node: 0
[FLOW_DEBUG] Initiating flow from node=1 to node=0 maxPacketCount=41943040 tag=540 flow_id=1119 at time=82136233
DEBUG_STREAM_CREATE: Creating stream #266 for dataset id: 710 (total_streams=1)
DEBUG_STREAM_COUNT: Generated 1 streams for layer 270 (UNKNOWN), total injected: 267
info: all-to-all forward pass collective issued for layer: mlp_moelayer, involved dimensions:  1, 0, 0, 0, 0, 0, 0, 0, 0, 0,
[FLOW_DEBUG] Initiating flow from node=0 to node=1 maxPacketCount=41943040 tag=540 flow_id=1118 at time=82136233
***** info: fwd pass comm collective for layer: mlp_moelayer is finished************
DEBUG_CHUNK_SIZE: size=20971520, preferred_dataset_splits=1, resulting chunk_size=20971520
DEBUG_COLLECTIVE_TYPE: layer=271, event=UNKNOWN (raw=0), size=20971520, chunk_size=20971520
DEBUG_STREAM_COUNT: chunk size is: 20971520 , size is: 20971520 , layer_num is: 271 , node: 0
DEBUG_STREAM_CREATE: Creating stream #267 for dataset id: 712 (total_streams=1)
[FLOW_DEBUG] Initiating flow from node=1 to node=0 maxPacketCount=10485760 tag=542 flow_id=1121 at time=82510222
DEBUG_STREAM_COUNT: Generated 1 streams for layer 271 (UNKNOWN), total injected: 268
info: all-to-all forward pass collective issued for layer: mlp_moelayer, involved dimensions:  1, 0, 0, 0, 0, 0, 0, 0, 0, 0,
[FLOW_DEBUG] Initiating flow from node=0 to node=1 maxPacketCount=10485760 tag=542 flow_id=1120 at time=82510222
***** info: fwd pass comm collective for layer: mlp_moelayer is finished************
DEBUG_CHUNK_SIZE: size=41943040, preferred_dataset_splits=1, resulting chunk_size=41943040
DEBUG_COLLECTIVE_TYPE: layer=272, event=UNKNOWN (raw=0), size=41943040, chunk_size=41943040
DEBUG_STREAM_COUNT: chunk size is: 41943040 , size is: 41943040 , layer_num is: 272 , node: 0
DEBUG_STREAM_CREATE: Creating stream #268 for dataset id: 714 (total_streams=1)
DEBUG_STREAM_COUNT: Generated 1 streams for layer 272 (UNKNOWN), total injected: 269
info: all-gather forward pass collective issued for layer: attention_column, involved dimensions:  1, 0, 0, 0, 0, 0, 0, 0, 0, 0,
[FLOW_DEBUG] Initiating flow from node=0 to node=1 maxPacketCount=10485760 tag=544 flow_id=1122 at time=82604591
[FLOW_DEBUG] Initiating flow from node=1 to node=0 maxPacketCount=10485760 tag=544 flow_id=1123 at time=82604591
[FLOW_DEBUG] Initiating flow from node=0 to node=1 maxPacketCount=10485760 tag=545 flow_id=1124 at time=82604591
[FLOW_DEBUG] Initiating flow from node=1 to node=0 maxPacketCount=10485760 tag=545 flow_id=1125 at time=82604591
***** info: fwd pass comm collective for layer: attention_column is finished************
DEBUG_CHUNK_SIZE: size=41943040, preferred_dataset_splits=1, resulting chunk_size=41943040
DEBUG_COLLECTIVE_TYPE: layer=273, event=UNKNOWN (raw=0), size=41943040, chunk_size=41943040
DEBUG_STREAM_COUNT: chunk size is: 41943040 , size is: 41943040 , layer_num is: 273 , node: 0
DEBUG_STREAM_CREATE: Creating stream #269 for dataset id: 716 (total_streams=1)
DEBUG_STREAM_COUNT: Generated 1 streams for layer 273 (UNKNOWN), total injected: 270
info: reduce-scatter forward pass collective issued for layer: attention_row, involved dimensions:  1, 0, 0, 0, 0, 0, 0, 0, 0, 0,
[FLOW_DEBUG] Initiating flow from node=0 to node=1 maxPacketCount=10485760 tag=546 flow_id=1126 at time=82792167
[FLOW_DEBUG] Initiating flow from node=1 to node=0 maxPacketCount=10485760 tag=546 flow_id=1127 at time=82792167
[FLOW_DEBUG] Initiating flow from node=0 to node=1 maxPacketCount=10485760 tag=547 flow_id=1128 at time=82792167
[FLOW_DEBUG] Initiating flow from node=1 to node=0 maxPacketCount=10485760 tag=547 flow_id=1129 at time=82792167
***** info: fwd pass comm collective for layer: attention_row is finished************
DEBUG_CHUNK_SIZE: size=131072, preferred_dataset_splits=1, resulting chunk_size=131072
DEBUG_COLLECTIVE_TYPE: layer=274, event=UNKNOWN (raw=0), size=131072, chunk_size=131072
DEBUG_STREAM_COUNT: chunk size is: 131072 , size is: 131072 , layer_num is: 274 , node: 0
DEBUG_STREAM_CREATE: Creating stream #270 for dataset id: 718 (total_streams=1)
DEBUG_STREAM_COUNT: Generated 1 streams for layer 274 (UNKNOWN), total injected: 271
info: all-gather forward pass collective issued for layer: mlp_moelayer, involved dimensions:  1, 0, 0, 0, 0, 0, 0, 0, 0, 0,
[FLOW_DEBUG] Initiating flow from node=1 to node=0 maxPacketCount=32768 tag=548 flow_id=1131 at time=82979743
[FLOW_DEBUG] Initiating flow from node=0 to node=1 maxPacketCount=32768 tag=548 flow_id=1130 at time=82979743
[FLOW_DEBUG] Initiating flow from node=0 to node=1 maxPacketCount=32768 tag=549 flow_id=1132 at time=82979743
[FLOW_DEBUG] Initiating flow from node=1 to node=0 maxPacketCount=32768 tag=549 flow_id=1133 at time=82979743
***** info: fwd pass comm collective for layer: mlp_moelayer is finished************
DEBUG_CHUNK_SIZE: size=20971520, preferred_dataset_splits=1, resulting chunk_size=20971520
DEBUG_COLLECTIVE_TYPE: layer=275, event=UNKNOWN (raw=0), size=20971520, chunk_size=20971520
DEBUG_STREAM_COUNT: chunk size is: 20971520 , size is: 20971520 , layer_num is: 275 , node: 0
[FLOW_DEBUG] Initiating flow from node=1 to node=0 maxPacketCount=10485760 tag=550 flow_id=1135 at time=82981487
DEBUG_STREAM_CREATE: Creating stream #271 for dataset id: 720 (total_streams=1)
DEBUG_STREAM_COUNT: Generated 1 streams for layer 275 (UNKNOWN), total injected: 272
info: all-to-all forward pass collective issued for layer: mlp_moelayer, involved dimensions:  1, 0, 0, 0, 0, 0, 0, 0, 0, 0,
[FLOW_DEBUG] Initiating flow from node=0 to node=1 maxPacketCount=10485760 tag=550 flow_id=1134 at time=82981487
***** info: fwd pass comm collective for layer: mlp_moelayer is finished************
DEBUG_CHUNK_SIZE: size=83886080, preferred_dataset_splits=1, resulting chunk_size=83886080
DEBUG_COLLECTIVE_TYPE: layer=276, event=UNKNOWN (raw=0), size=83886080, chunk_size=83886080
DEBUG_STREAM_COUNT: chunk size is: 83886080 , size is: 83886080 , layer_num is: 276 , node: 0
DEBUG_STREAM_CREATE: Creating stream #272 for dataset id: 722 (total_streams=1)
[FLOW_DEBUG] Initiating flow from node=1 to node=0 maxPacketCount=41943040 tag=552 flow_id=1137 at time=83075856
DEBUG_STREAM_COUNT: Generated 1 streams for layer 276 (UNKNOWN), total injected: 273
info: all-to-all forward pass collective issued for layer: mlp_moelayer, involved dimensions:  1, 0, 0, 0, 0, 0, 0, 0, 0, 0,
[FLOW_DEBUG] Initiating flow from node=0 to node=1 maxPacketCount=41943040 tag=552 flow_id=1136 at time=83075856
***** info: fwd pass comm collective for layer: mlp_moelayer is finished************
DEBUG_CHUNK_SIZE: size=83886080, preferred_dataset_splits=1, resulting chunk_size=83886080
DEBUG_COLLECTIVE_TYPE: layer=277, event=UNKNOWN (raw=0), size=83886080, chunk_size=83886080
DEBUG_STREAM_COUNT: chunk size is: 83886080 , size is: 83886080 , layer_num is: 277 , node: 0
[FLOW_DEBUG] Initiating flow from node=1 to node=0 maxPacketCount=20971520 tag=554 flow_id=1139 at time=83449845
DEBUG_STREAM_CREATE: Creating stream #273 for dataset id: 724 (total_streams=1)
DEBUG_STREAM_COUNT: Generated 1 streams for layer 277 (UNKNOWN), total injected: 274
info: all-gather forward pass collective issued for layer: mlp_moelayer, involved dimensions:  1, 0, 0, 0, 0, 0, 0, 0, 0, 0,
[FLOW_DEBUG] Initiating flow from node=0 to node=1 maxPacketCount=20971520 tag=554 flow_id=1138 at time=83449845
[FLOW_DEBUG] Initiating flow from node=1 to node=0 maxPacketCount=20971520 tag=555 flow_id=1141 at time=83449845
[FLOW_DEBUG] Initiating flow from node=0 to node=1 maxPacketCount=20971520 tag=555 flow_id=1140 at time=83449845
***** info: fwd pass comm collective for layer: mlp_moelayer is finished************
DEBUG_CHUNK_SIZE: size=83886080, preferred_dataset_splits=1, resulting chunk_size=83886080
DEBUG_COLLECTIVE_TYPE: layer=278, event=UNKNOWN (raw=0), size=83886080, chunk_size=83886080
DEBUG_STREAM_COUNT: chunk size is: 83886080 , size is: 83886080 , layer_num is: 278 , node: 0
DEBUG_STREAM_CREATE: Creating stream #274 for dataset id: 726 (total_streams=1)
[FLOW_DEBUG] Initiating flow from node=1 to node=0 maxPacketCount=20971520 tag=556 flow_id=1143 at time=83823833
DEBUG_STREAM_COUNT: Generated 1 streams for layer 278 (UNKNOWN), total injected: 275
info: reduce-scatter forward pass collective issued for layer: mlp_moelayer, involved dimensions:  1, 0, 0, 0, 0, 0, 0, 0, 0, 0,
[FLOW_DEBUG] Initiating flow from node=0 to node=1 maxPacketCount=20971520 tag=556 flow_id=1142 at time=83823833
[FLOW_DEBUG] Initiating flow from node=1 to node=0 maxPacketCount=20971520 tag=557 flow_id=1145 at time=83823833
[FLOW_DEBUG] Initiating flow from node=0 to node=1 maxPacketCount=20971520 tag=557 flow_id=1144 at time=83823833
***** info: fwd pass comm collective for layer: mlp_moelayer is finished************
DEBUG_CHUNK_SIZE: size=83886080, preferred_dataset_splits=1, resulting chunk_size=83886080
DEBUG_COLLECTIVE_TYPE: layer=279, event=UNKNOWN (raw=0), size=83886080, chunk_size=83886080
DEBUG_STREAM_COUNT: chunk size is: 83886080 , size is: 83886080 , layer_num is: 279 , node: 0
[FLOW_DEBUG] Initiating flow from node=1 to node=0 maxPacketCount=41943040 tag=558 flow_id=1147 at time=84197821
DEBUG_STREAM_CREATE: Creating stream #275 for dataset id: 728 (total_streams=1)
DEBUG_STREAM_COUNT: Generated 1 streams for layer 279 (UNKNOWN), total injected: 276
info: all-to-all forward pass collective issued for layer: mlp_moelayer, involved dimensions:  1, 0, 0, 0, 0, 0, 0, 0, 0, 0,
[FLOW_DEBUG] Initiating flow from node=0 to node=1 maxPacketCount=41943040 tag=558 flow_id=1146 at time=84197821
***** info: fwd pass comm collective for layer: mlp_moelayer is finished************
DEBUG_CHUNK_SIZE: size=20971520, preferred_dataset_splits=1, resulting chunk_size=20971520
DEBUG_COLLECTIVE_TYPE: layer=280, event=UNKNOWN (raw=0), size=20971520, chunk_size=20971520
DEBUG_STREAM_COUNT: chunk size is: 20971520 , size is: 20971520 , layer_num is: 280 , node: 0
[FLOW_DEBUG] Initiating flow from node=1 to node=0 maxPacketCount=10485760 tag=560 flow_id=1149 at time=84571810
DEBUG_STREAM_CREATE: Creating stream #276 for dataset id: 730 (total_streams=1)
DEBUG_STREAM_COUNT: Generated 1 streams for layer 280 (UNKNOWN), total injected: 277
info: all-to-all forward pass collective issued for layer: mlp_moelayer, involved dimensions:  1, 0, 0, 0, 0, 0, 0, 0, 0, 0,
[FLOW_DEBUG] Initiating flow from node=0 to node=1 maxPacketCount=10485760 tag=560 flow_id=1148 at time=84571810
***** info: fwd pass comm collective for layer: mlp_moelayer is finished************
DEBUG_CHUNK_SIZE: size=41943040, preferred_dataset_splits=1, resulting chunk_size=41943040
DEBUG_COLLECTIVE_TYPE: layer=281, event=UNKNOWN (raw=0), size=41943040, chunk_size=41943040
DEBUG_STREAM_COUNT: chunk size is: 41943040 , size is: 41943040 , layer_num is: 281 , node: 0
[FLOW_DEBUG] Initiating flow from node=1 to node=0 maxPacketCount=10485760 tag=562 flow_id=1151 at time=84666179
DEBUG_STREAM_CREATE: Creating stream #277 for dataset id: 732 (total_streams=1)
[FLOW_DEBUG] Initiating flow from node=1 to node=0 maxPacketCount=10485760 tag=563 flow_id=1153 at time=84666179
DEBUG_STREAM_COUNT: Generated 1 streams for layer 281 (UNKNOWN), total injected: 278
info: all-gather forward pass collective issued for layer: attention_column, involved dimensions:  1, 0, 0, 0, 0, 0, 0, 0, 0, 0,
[FLOW_DEBUG] Initiating flow from node=0 to node=1 maxPacketCount=10485760 tag=562 flow_id=1150 at time=84666179
[FLOW_DEBUG] Initiating flow from node=0 to node=1 maxPacketCount=10485760 tag=563 flow_id=1152 at time=84666179
***** info: fwd pass comm collective for layer: attention_column is finished************
DEBUG_CHUNK_SIZE: size=41943040, preferred_dataset_splits=1, resulting chunk_size=41943040
DEBUG_COLLECTIVE_TYPE: layer=282, event=UNKNOWN (raw=0), size=41943040, chunk_size=41943040
DEBUG_STREAM_COUNT: chunk size is: 41943040 , size is: 41943040 , layer_num is: 282 , node: 0
[FLOW_DEBUG] Initiating flow from node=1 to node=0 maxPacketCount=10485760 tag=564 flow_id=1155 at time=84853755
DEBUG_STREAM_CREATE: Creating stream #278 for dataset id: 734 (total_streams=1)
DEBUG_STREAM_COUNT: Generated 1 streams for layer 282 (UNKNOWN), total injected: 279
info: reduce-scatter forward pass collective issued for layer: attention_row, involved dimensions:  1, 0, 0, 0, 0, 0, 0, 0, 0, 0,
[FLOW_DEBUG] Initiating flow from node=0 to node=1 maxPacketCount=10485760 tag=564 flow_id=1154 at time=84853755
[FLOW_DEBUG] Initiating flow from node=1 to node=0 maxPacketCount=10485760 tag=565 flow_id=1157 at time=84853755
[FLOW_DEBUG] Initiating flow from node=0 to node=1 maxPacketCount=10485760 tag=565 flow_id=1156 at time=84853755
***** info: fwd pass comm collective for layer: attention_row is finished************
DEBUG_CHUNK_SIZE: size=131072, preferred_dataset_splits=1, resulting chunk_size=131072
DEBUG_COLLECTIVE_TYPE: layer=283, event=UNKNOWN (raw=0), size=131072, chunk_size=131072
DEBUG_STREAM_COUNT: chunk size is: 131072 , size is: 131072 , layer_num is: 283 , node: 0
DEBUG_STREAM_CREATE: Creating stream #279 for dataset id: 736 (total_streams=1)
[FLOW_DEBUG] Initiating flow from node=1 to node=0 maxPacketCount=DEBUG_STREAM_COUNT: Generated 1 streams for layer 283 (UNKNOWN), total injected: 32768 tag=280566 flow_id=1159 at time=
85041331
info: all-gather forward pass collective issued for layer: mlp_moelayer, involved dimensions:  1, 0, 0, 0, 0, 0, 0, 0, 0, 0,
[FLOW_DEBUG] Initiating flow from node=0 to node=1 maxPacketCount=32768 tag=566 flow_id=1158 at time=85041331
[FLOW_DEBUG] Initiating flow from node=1 to node=0 maxPacketCount=32768 tag=567 flow_id=1161 at time=85041331
[FLOW_DEBUG] Initiating flow from node=0 to node=1 maxPacketCount=32768 tag=567 flow_id=1160 at time=85041331
***** info: fwd pass comm collective for layer: mlp_moelayer is finished************
DEBUG_CHUNK_SIZE: size=20971520, preferred_dataset_splits=1, resulting chunk_size=20971520
DEBUG_COLLECTIVE_TYPE: layer=284, event=UNKNOWN (raw=0), size=20971520, chunk_size=20971520
DEBUG_STREAM_COUNT: chunk size is: 20971520 , size is: 20971520 , layer_num is: 284 , node: 0
DEBUG_STREAM_CREATE: Creating stream #280 for dataset id: 737 (total_streams=1)
DEBUG_STREAM_COUNT: Generated 1 streams for layer 284 (UNKNOWN), total injected: 281
info: all-to-all forward pass collective issued for layer: mlp_moelayer, involved dimensions:  1, 0, 0, 0, 0, 0, 0, 0, 0, 0,
[FLOW_DEBUG] Initiating flow from node=0 to node=1 maxPacketCount=10485760 tag=568 flow_id=1162 at time=85043075
[FLOW_DEBUG] Initiating flow from node=1 to node=0 maxPacketCount=10485760 tag=568 flow_id=1163 at time=85043075
***** info: fwd pass comm collective for layer: mlp_moelayer is finished************
DEBUG_CHUNK_SIZE: size=83886080, preferred_dataset_splits=1, resulting chunk_size=83886080
DEBUG_COLLECTIVE_TYPE: layer=285, event=UNKNOWN (raw=0), size=83886080, chunk_size=83886080
DEBUG_STREAM_COUNT: chunk size is: 83886080 , size is: 83886080 , layer_num is: 285 , node: 0
DEBUG_STREAM_CREATE: Creating stream #281 for dataset id: 740 (total_streams=1)
DEBUG_STREAM_COUNT: Generated 1 streams for layer 285 (UNKNOWN), total injected: 282
info: all-to-all forward pass collective issued for layer: mlp_moelayer, involved dimensions:  1, 0, 0, 0, 0, 0, 0, 0, 0, 0,
[FLOW_DEBUG] Initiating flow from node=[FLOW_DEBUG] Initiating flow from node=1 to node=0 maxPacketCount=0 to node=141943040 maxPacketCount= tag=570 flow_id=419430401165 tag= at time=570 flow_id=1164 at time=8513744485137444

***** info: fwd pass comm collective for layer: mlp_moelayer is finished************
DEBUG_CHUNK_SIZE: size=83886080, preferred_dataset_splits=1, resulting chunk_size=83886080
DEBUG_COLLECTIVE_TYPE: layer=286, event=UNKNOWN (raw=0), size=83886080, chunk_size=83886080
DEBUG_STREAM_COUNT: chunk size is: 83886080 , size is: 83886080 , layer_num is: 286 , node: 0
DEBUG_STREAM_CREATE: Creating stream #282 for dataset id: 741 (total_streams=1)
DEBUG_STREAM_COUNT: Generated 1 streams for layer 286 (UNKNOWN), total injected: 283
info: all-gather forward pass collective issued for layer: mlp_moelayer, involved dimensions:  1, 0, 0, 0, 0, 0, 0, 0, 0, 0,
[FLOW_DEBUG] Initiating flow from node=1 to node=0 maxPacketCount=20971520 tag=572 flow_id=1167 at time=85511433
[FLOW_DEBUG] Initiating flow from node=0 to node=1 maxPacketCount=20971520 tag=572 flow_id=1166 at time=85511433
[FLOW_DEBUG] Initiating flow from node=1 to node=0 maxPacketCount=20971520 tag=573 flow_id=1169 at time=85511433
[FLOW_DEBUG] Initiating flow from node=0 to node=1 maxPacketCount=20971520 tag=573 flow_id=1168 at time=85511433
***** info: fwd pass comm collective for layer: mlp_moelayer is finished************
DEBUG_CHUNK_SIZE: size=83886080, preferred_dataset_splits=1, resulting chunk_size=83886080
DEBUG_COLLECTIVE_TYPE: layer=287, event=UNKNOWN (raw=0), size=83886080, chunk_size=83886080
DEBUG_STREAM_COUNT: chunk size is: 83886080 , size is: 83886080 , layer_num is: 287 , node: 0
DEBUG_STREAM_CREATE: Creating stream #283 for dataset id: 743 (total_streams=1)
DEBUG_STREAM_COUNT: Generated 1 streams for layer 287 (UNKNOWN), total injected: 284
info: reduce-scatter forward pass collective issued for layer: mlp_moelayer, involved dimensions:  1, 0, 0, 0, 0, 0, 0, 0, 0, 0,
[FLOW_DEBUG] Initiating flow from node=0 to node=1 maxPacketCount=20971520 tag=574 flow_id=1170 at time=85885421
[FLOW_DEBUG] Initiating flow from node=0 to node=1 maxPacketCount=20971520 tag=575[FLOW_DEBUG] Initiating flow from node= flow_id=1172 at time=85885421
1 to node=0 maxPacketCount=20971520 tag=574 flow_id=1171 at time=85885421
[FLOW_DEBUG] Initiating flow from node=1 to node=0 maxPacketCount=20971520 tag=575 flow_id=1173 at time=85885421
***** info: fwd pass comm collective for layer: mlp_moelayer is finished************
DEBUG_CHUNK_SIZE: size=83886080, preferred_dataset_splits=1, resulting chunk_size=83886080
DEBUG_COLLECTIVE_TYPE: layer=288, event=UNKNOWN (raw=0), size=83886080, chunk_size=83886080
DEBUG_STREAM_COUNT: chunk size is: 83886080 , size is: 83886080 , layer_num is: 288 , node: 0
DEBUG_STREAM_CREATE: Creating stream #284 for dataset id: 746 (total_streams=1)
[FLOW_DEBUG] Initiating flow from node=1 to node=0 maxPacketCount=41943040 tag=576 flow_id=1175 at time=86259409
DEBUG_STREAM_COUNT: Generated 1 streams for layer 288 (UNKNOWN), total injected: 285
info: all-to-all forward pass collective issued for layer: mlp_moelayer, involved dimensions:  1, 0, 0, 0, 0, 0, 0, 0, 0, 0,
[FLOW_DEBUG] Initiating flow from node=0 to node=1 maxPacketCount=41943040 tag=576 flow_id=1174 at time=86259409
***** info: fwd pass comm collective for layer: mlp_moelayer is finished************
DEBUG_CHUNK_SIZE: size=20971520, preferred_dataset_splits=1, resulting chunk_size=20971520
DEBUG_COLLECTIVE_TYPE: layer=289, event=UNKNOWN (raw=0), size=20971520, chunk_size=20971520
DEBUG_STREAM_COUNT: chunk size is: 20971520 , size is: 20971520 , layer_num is: 289 , node: 0
[FLOW_DEBUG] Initiating flow from node=1 to node=0 maxPacketCount=10485760 tag=578 flow_id=1177 at time=86633398
DEBUG_STREAM_CREATE: Creating stream #285 for dataset id: 748 (total_streams=1)
DEBUG_STREAM_COUNT: Generated 1 streams for layer 289 (UNKNOWN), total injected: 286
info: all-to-all forward pass collective issued for layer: mlp_moelayer, involved dimensions:  1, 0, 0, 0, 0, 0, 0, 0, 0, 0,
[FLOW_DEBUG] Initiating flow from node=0 to node=1 maxPacketCount=10485760 tag=578 flow_id=1176 at time=86633398
***** info: fwd pass comm collective for layer: mlp_moelayer is finished************
DEBUG_CHUNK_SIZE: size=41943040, preferred_dataset_splits=1, resulting chunk_size=41943040
DEBUG_COLLECTIVE_TYPE: layer=290, event=UNKNOWN (raw=0), size=41943040, chunk_size=41943040
DEBUG_STREAM_COUNT: chunk size is: 41943040 , size is: 41943040 , layer_num is: 290 , node: 0
DEBUG_STREAM_CREATE: Creating stream #286 for dataset id: 750 (total_streams=1)
DEBUG_STREAM_COUNT: Generated 1 streams for layer 290 (UNKNOWN), total injected: 287
info: all-gather forward pass collective issued for layer: attention_column, involved dimensions:  1, 0, 0, 0, 0, 0, 0, 0, 0, 0,
[FLOW_DEBUG] Initiating flow from node=0 to node=1 maxPacketCount=10485760 tag=580 flow_id=1178 at time=86727767
[FLOW_DEBUG] Initiating flow from node=1 to node=0 maxPacketCount=10485760 tag=580 flow_id=1179 at time=86727767
[FLOW_DEBUG] Initiating flow from node=0 to node=1 maxPacketCount=10485760 tag=581 flow_id=1180 at time=86727767
[FLOW_DEBUG] Initiating flow from node=1 to node=0 maxPacketCount=10485760 tag=581 flow_id=1181 at time=86727767
***** info: fwd pass comm collective for layer: attention_column is finished************
DEBUG_CHUNK_SIZE: size=41943040, preferred_dataset_splits=1, resulting chunk_size=41943040
DEBUG_COLLECTIVE_TYPE: layer=291, event=UNKNOWN (raw=0), size=41943040, chunk_size=41943040
DEBUG_STREAM_COUNT: chunk size is: 41943040 , size is: 41943040 , layer_num is: 291 , node: 0
DEBUG_STREAM_CREATE: Creating stream #287 for dataset id: 752 (total_streams=1)
DEBUG_STREAM_COUNT: Generated 1 streams for layer 291 (UNKNOWN), total injected: 288
[FLOW_DEBUG] Initiating flow from node=1 to node=0 maxPacketCount=10485760info: reduce-scatter forward pass collective issued for layer:  tag=attention_row582 flow_id=1183, at time= involved dimensions:  1,86915343 0, 0,
 0, 0, 0, 0, 0, 0, 0,
[FLOW_DEBUG] Initiating flow from node=0 to node=1 maxPacketCount=10485760 tag=582 flow_id=1182 at time=86915343
[FLOW_DEBUG] Initiating flow from node=1 to node=0 maxPacketCount=10485760 tag=583 flow_id=1185 at time=86915343
[FLOW_DEBUG] Initiating flow from node=0 to node=1 maxPacketCount=10485760 tag=583 flow_id=1184 at time=86915343
***** info: fwd pass comm collective for layer: attention_row is finished************
DEBUG_CHUNK_SIZE: size=131072, preferred_dataset_splits=1, resulting chunk_size=131072
DEBUG_COLLECTIVE_TYPE: layer=292, event=UNKNOWN (raw=0), size=131072, chunk_size=131072
DEBUG_STREAM_COUNT: chunk size is: 131072 , size is: 131072 , layer_num is: 292 , node: 0
DEBUG_STREAM_CREATE: Creating stream #288 for dataset id: 754 (total_streams=1)
[FLOW_DEBUG] Initiating flow from node=1 to node=0 maxPacketCount=32768 tag=584 flow_id=1187 at time=87102919
DEBUG_STREAM_COUNT: Generated 1 streams for layer 292 (UNKNOWN), total injected: 289
info: all-gather forward pass collective issued for layer: mlp_moelayer, involved dimensions:  1, 0, 0, 0, 0, 0, 0, 0, 0, 0,
[FLOW_DEBUG] Initiating flow from node=0 to node=1 maxPacketCount=32768 tag=584 flow_id=1186 at time=87102919
[FLOW_DEBUG] Initiating flow from node=1 to node=0 maxPacketCount=32768 tag=585 flow_id=1189 at time=87102919
[FLOW_DEBUG] Initiating flow from node=0 to node=1 maxPacketCount=32768 tag=585 flow_id=1188 at time=87102919
***** info: fwd pass comm collective for layer: mlp_moelayer is finished************
DEBUG_CHUNK_SIZE: size=20971520, preferred_dataset_splits=1, resulting chunk_size=20971520
DEBUG_COLLECTIVE_TYPE: layer=293, event=UNKNOWN (raw=0), size=20971520, chunk_size=20971520
DEBUG_STREAM_COUNT: chunk size is: 20971520 , size is: 20971520 , layer_num is: 293 , node: 0
[FLOW_DEBUG] Initiating flow from node=1 to node=0 maxPacketCount=10485760 tag=586 flow_id=1191 at time=87104663
DEBUG_STREAM_CREATE: Creating stream #289 for dataset id: 756 (total_streams=1)
DEBUG_STREAM_COUNT: Generated 1 streams for layer 293 (UNKNOWN), total injected: 290
info: all-to-all forward pass collective issued for layer: mlp_moelayer, involved dimensions:  1, 0, 0, 0, 0, 0, 0, 0, 0, 0,
[FLOW_DEBUG] Initiating flow from node=0 to node=1 maxPacketCount=10485760 tag=586 flow_id=1190 at time=87104663
***** info: fwd pass comm collective for layer: mlp_moelayer is finished************
DEBUG_CHUNK_SIZE: size=83886080, preferred_dataset_splits=1, resulting chunk_size=83886080
DEBUG_COLLECTIVE_TYPE: layer=294, event=UNKNOWN (raw=0), size=83886080, chunk_size=83886080
DEBUG_STREAM_COUNT: chunk size is: 83886080 , size is: 83886080 , layer_num is: 294 , node: 0
DEBUG_STREAM_CREATE: Creating stream #290 for dataset id: 758 (total_streams=1)
DEBUG_STREAM_COUNT: Generated [FLOW_DEBUG] Initiating flow from node=1 streams for layer 1294 to node= (UNKNOWN), total injected: 0291 maxPacketCount=
41943040 tag=info: all-to-all forward pass collective issued for layer: mlp_moelayer, involved dimensions:  1, 0, 0, 0, 0, 0, 0, 0, 0, 0,
588 flow_id=1193 at time=87199032
[FLOW_DEBUG] Initiating flow from node=0 to node=1 maxPacketCount=41943040 tag=588 flow_id=1192 at time=87199032
***** info: fwd pass comm collective for layer: mlp_moelayer is finished************
DEBUG_CHUNK_SIZE: size=83886080, preferred_dataset_splits=1, resulting chunk_size=83886080
DEBUG_COLLECTIVE_TYPE: layer=295, event=UNKNOWN (raw=0), size=83886080, chunk_size=83886080
DEBUG_STREAM_COUNT: chunk size is: 83886080 , size is: 83886080 , layer_num is: 295 , node: 0
DEBUG_STREAM_CREATE: Creating stream #291 for dataset id: 760 (total_streams=1)
[FLOW_DEBUG] Initiating flow from node=1 to node=0 maxPacketCount=20971520 tag=590 flow_id=1195 at time=87573021
DEBUG_STREAM_COUNT: Generated 1 streams for layer 295 (UNKNOWN), total injected: 292
info: all-gather forward pass collective issued for layer: mlp_moelayer, involved dimensions:  1, 0, 0, 0, 0, 0, 0, 0, 0, 0,
[FLOW_DEBUG] Initiating flow from node=0 to node=1 maxPacketCount=20971520 tag=590 flow_id=1194 at time=87573021
[FLOW_DEBUG] Initiating flow from node=1 to node=0 maxPacketCount=20971520 tag=591 flow_id=1197 at time=87573021
[FLOW_DEBUG] Initiating flow from node=0 to node=1 maxPacketCount=20971520 tag=591 flow_id=1196 at time=87573021
***** info: fwd pass comm collective for layer: mlp_moelayer is finished************
DEBUG_CHUNK_SIZE: size=83886080, preferred_dataset_splits=1, resulting chunk_size=83886080
DEBUG_COLLECTIVE_TYPE: layer=296, event=UNKNOWN (raw=0), size=83886080, chunk_size=83886080
DEBUG_STREAM_COUNT: chunk size is: 83886080 , size is: 83886080 , layer_num is: 296 , node: 0
[FLOW_DEBUG] Initiating flow from node=1 to node=0 maxPacketCount=20971520 tag=592 flow_id=1199 at time=87947009
DEBUG_STREAM_CREATE: Creating stream #292 for dataset id: 762 (total_streams=1)
DEBUG_STREAM_COUNT: Generated 1 streams for layer 296 (UNKNOWN), total injected: 293
info: reduce-scatter forward pass collective issued for layer: mlp_moelayer, involved dimensions:  1, 0, 0, 0, 0, 0, 0, 0, 0, 0,
[FLOW_DEBUG] Initiating flow from node=1 to node=0 maxPacketCount=20971520 tag=593 flow_id=1201 at time=87947009
[FLOW_DEBUG] Initiating flow from node=0 to node=1 maxPacketCount=20971520 tag=592 flow_id=1198 at time=87947009
[FLOW_DEBUG] Initiating flow from node=0 to node=1 maxPacketCount=20971520 tag=593 flow_id=1200 at time=87947009
***** info: fwd pass comm collective for layer: mlp_moelayer is finished************
DEBUG_CHUNK_SIZE: size=83886080, preferred_dataset_splits=1, resulting chunk_size=83886080
DEBUG_COLLECTIVE_TYPE: layer=297, event=UNKNOWN (raw=0), size=83886080, chunk_size=83886080
DEBUG_STREAM_COUNT: chunk size is: 83886080 , size is: 83886080 , layer_num is: 297 , node: 0
[FLOW_DEBUG] Initiating flow from node=1 to node=0 maxPacketCount=41943040 tag=594 flow_id=1203 at time=88320997
DEBUG_STREAM_CREATE: Creating stream #293 for dataset id: 764 (total_streams=1)
DEBUG_STREAM_COUNT: Generated 1 streams for layer 297 (UNKNOWN), total injected: 294
info: all-to-all forward pass collective issued for layer: mlp_moelayer, involved dimensions:  1, 0, 0, 0, 0, 0, 0, 0, 0, 0,
[FLOW_DEBUG] Initiating flow from node=0 to node=1 maxPacketCount=41943040 tag=594 flow_id=1202 at time=88320997
***** info: fwd pass comm collective for layer: mlp_moelayer is finished************
DEBUG_CHUNK_SIZE: size=20971520, preferred_dataset_splits=1, resulting chunk_size=20971520
DEBUG_COLLECTIVE_TYPE: layer=298, event=UNKNOWN (raw=0), size=20971520, chunk_size=20971520
DEBUG_STREAM_COUNT: chunk size is: 20971520 , size is: 20971520 , layer_num is: 298 , node: 0
DEBUG_STREAM_CREATE: Creating stream #294 for dataset id: 766 (total_streams=1)
DEBUG_STREAM_COUNT: Generated 1 streams for layer 298 (UNKNOWN), total injected: 295
info: all-to-all forward pass collective issued for layer: mlp_moelayer, involved dimensions:  1, 0, 0, 0, 0, 0, 0, 0, 0, 0,
[FLOW_DEBUG] Initiating flow from node=0 to node=1 maxPacketCount=10485760 tag=596 flow_id=1204 at time=88694986
[FLOW_DEBUG] Initiating flow from node=1 to node=0 maxPacketCount=10485760 tag=596 flow_id=1205 at time=88694986
***** info: fwd pass comm collective for layer: mlp_moelayer is finished************
DEBUG_CHUNK_SIZE: size=41943040, preferred_dataset_splits=1, resulting chunk_size=41943040
DEBUG_COLLECTIVE_TYPE: layer=299, event=UNKNOWN (raw=0), size=41943040, chunk_size=41943040
DEBUG_STREAM_COUNT: chunk size is: 41943040 , size is: 41943040 , layer_num is: 299 , node: 0
DEBUG_STREAM_CREATE: Creating stream #295 for dataset id: 768 (total_streams=1)
[FLOW_DEBUG] Initiating flow from node=1 to node=0 maxPacketCount=10485760 tag=598 flow_id=1207 at time=88789355
DEBUG_STREAM_COUNT: Generated 1 streams for layer 299 (UNKNOWN), total injected: 296
info: all-gather forward pass collective issued for layer: final_column, involved dimensions:  1, 0, 0, 0, 0, 0, 0, 0, 0, 0,
[FLOW_DEBUG] Initiating flow from node=0 to node=1 maxPacketCount=10485760 tag=598 flow_id=1206 at time=88789355
[FLOW_DEBUG] Initiating flow from node=1 to node=0 maxPacketCount=10485760 tag=599 flow_id=1209 at time=88789355
[FLOW_DEBUG] Initiating flow from node=0 to node=1 maxPacketCount=10485760 tag=599 flow_id=1208 at time=88789355
***** info: fwd pass comm collective for layer: final_column is finished************
DEBUG_CHUNK_SIZE: size=327680000, preferred_dataset_splits=1, resulting chunk_size=327680000
DEBUG_COLLECTIVE_TYPE: layer=300, event=UNKNOWN (raw=0), size=327680000, chunk_size=327680000
DEBUG_STREAM_COUNT: chunk size is: 327680000 , size is: 327680000 , layer_num is: 300 , node: 0
DEBUG_STREAM_CREATE: Creating stream #296 for dataset id: 770 (total_streams=1)
[FLOW_DEBUG] Initiating flow from node=1 to node=0 maxPacketCount=81920000 tag=1200 flow_id=1211 at time=88976931
DEBUG_STREAM_COUNT: Generated 1 streams for layer 300 (UNKNOWN), total injected: 297
info: all-reduce forward pass collective issued for layer: embedding_norm, involved dimensions:  1, 0, 0, 0, 0, 0, 0, 0, 0, 0,
[FLOW_DEBUG] Initiating flow from node=0 to node=1 maxPacketCount=81920000 tag=1200 flow_id=1210 at time=88976931
[FLOW_DEBUG] Initiating flow from node=1 to node=0 maxPacketCount=81920000 tag=1202 flow_id=1215 at time=88976931
[FLOW_DEBUG] Initiating flow from node=0 to node=1 maxPacketCount=81920000 tag=1202 flow_id=1214 at time=88976931
[FLOW_DEBUG] Initiating flow from node=1 to node=0 maxPacketCount=81920000 tag=1203 flow_id=1217 at time=90434329
[FLOW_DEBUG] Initiating flow from node=0 to node=1 maxPacketCount=81920000 tag=1203 flow_id=1216 at time=90434329
[FLOW_DEBUG] Initiating flow from node=0 to node=1 maxPacketCount=81920000 tag=1201 flow_id=1212 at time=90434347
[FLOW_DEBUG] Initiating flow from node=1 to node=0 maxPacketCount=81920000 tag=1201 flow_id=1213 at time=90434347
***** info: fwd pass comm collective for layer: embedding_norm is finished************
DEBUG_CHUNK_SIZE: size=16384, preferred_dataset_splits=1, resulting chunk_size=16384
DEBUG_COLLECTIVE_TYPE: layer=301, event=UNKNOWN (raw=0), size=16384, chunk_size=16384
DEBUG_STREAM_COUNT: chunk size is: 16384 , size is: 16384 , layer_num is: 301 , node: 0
DEBUG_STREAM_CREATE: Creating stream #297 for dataset id: 772 (total_streams=1)
[FLOW_DEBUG] Initiating flow from node=1 to node=0 maxPacketCount=4096 tag=1204 flow_id=1219 at time=91891846
DEBUG_STREAM_COUNT: Generated 1 streams for layer 301 (UNKNOWN), total injected: 298
info: all-reduce forward pass collective issued for layer: cross_entropy1, involved dimensions:  1, 0, 0, 0, 0, 0, 0, 0, 0, 0,
[FLOW_DEBUG] Initiating flow from node=1 to node=0 maxPacketCount=4096 tag=1206 flow_id=1223 at time=91891846
[FLOW_DEBUG] Initiating flow from node=0 to node=1 maxPacketCount=4096 tag=1204 flow_id=1218 at time=91891846
[FLOW_DEBUG] Initiating flow from node=0 to node=1 maxPacketCount=4096 tag=1206 flow_id=1222 at time=91891846
[FLOW_DEBUG] Initiating flow from node=0 to node=1 maxPacketCount=4096 tag=1207 flow_id=1224 at time=91892953
[FLOW_DEBUG] Initiating flow from node=1 to node=0 maxPacketCount=4096 tag=1207 flow_id=1225 at time=91892953
[FLOW_DEBUG] Initiating flow from node=0 to node=1 maxPacketCount=4096 tag=1205 flow_id=1220 at time=91892978
[FLOW_DEBUG] Initiating flow from node=1 to node=0 maxPacketCount=4096 tag=1205 flow_id=1221 at time=91892978
***** info: fwd pass comm collective for layer: cross_entropy1 is finished************
DEBUG_CHUNK_SIZE: size=16384, preferred_dataset_splits=1, resulting chunk_size=16384
DEBUG_COLLECTIVE_TYPE: layer=302, event=UNKNOWN (raw=0), size=16384, chunk_size=16384
DEBUG_STREAM_COUNT: chunk size is: 16384 , size is: 16384 , layer_num is: 302 , node: 0
DEBUG_STREAM_CREATE: Creating stream #298 for dataset id: 774 (total_streams=1)
[FLOW_DEBUG] Initiating flow from node=1 to node=0 maxPacketCount=4096 tag=1208 flow_id=1227 at time=91894186
DEBUG_STREAM_COUNT: Generated 1 streams for layer 302 (UNKNOWN), total injected: 299
info: all-reduce forward pass collective issued for layer: cross_entropy2, involved dimensions:  1, 0, 0, 0, 0, 0, 0, 0, 0, 0,
[FLOW_DEBUG] Initiating flow from node=0 to node=1 maxPacketCount=4096 tag=1208 flow_id=1226 at time=91894186
[FLOW_DEBUG] Initiating flow from node=1 to node=0 maxPacketCount=4096 tag=1210 flow_id=1231 at time=91894186
[FLOW_DEBUG] Initiating flow from node=0 to node=1 maxPacketCount=4096 tag=1210 flow_id=1230 at time=91894186
[FLOW_DEBUG] Initiating flow from node=1 to node=0 maxPacketCount=4096 tag=1211 flow_id=1233 at time=91895293
[FLOW_DEBUG] Initiating flow from node=0 to node=1 maxPacketCount=4096 tag=1211 flow_id=1232 at time=91895293
[FLOW_DEBUG] Initiating flow from node=0 to node=1 maxPacketCount=4096 tag=1209 flow_id=1228 at time=91895318
[FLOW_DEBUG] Initiating flow from node=1 to node=0 maxPacketCount=4096 tag=1209 flow_id=1229 at time=91895318
***** info: fwd pass comm collective for layer: cross_entropy2 is finished************
DEBUG_CHUNK_SIZE: size=16384, preferred_dataset_splits=1, resulting chunk_size=16384
DEBUG_COLLECTIVE_TYPE: layer=303, event=UNKNOWN (raw=0), size=16384, chunk_size=16384
DEBUG_STREAM_COUNT: chunk size is: 16384 , size is: 16384 , layer_num is: 303 , node: 0
DEBUG_STREAM_CREATE: Creating stream #299 for dataset id: 776 (total_streams=1)
[FLOW_DEBUG] Initiating flow from node=1 to node=0 maxPacketCount=4096 tag=1212 flow_id=1235 at time=91896526
DEBUG_STREAM_COUNT: Generated 1 streams for layer 303 (UNKNOWN), total injected: 300
info: all-reduce forward pass collective issued for layer: cross_entropy3, involved dimensions:  1, 0, 0, 0, 0, 0, 0, 0, 0, 0,
[FLOW_DEBUG] Initiating flow from node=0 to node=1 maxPacketCount=4096 tag=1212 flow_id=1234 at time=91896526
[FLOW_DEBUG] Initiating flow from node=1 to node=0 maxPacketCount=4096 tag=1214 flow_id=1239 at time=91896526
[FLOW_DEBUG] Initiating flow from node=0 to node=1 maxPacketCount=4096 tag=1214 flow_id=1238 at time=91896526
[FLOW_DEBUG] Initiating flow from node=0 to node=1 maxPacketCount=4096 tag=1215 flow_id=1240 at time=91897633
[FLOW_DEBUG] Initiating flow from node=1 to node=0 maxPacketCount=4096 tag=1215 flow_id=1241 at time=91897633
[FLOW_DEBUG] Initiating flow from node=1 to node=0 maxPacketCount=4096 tag=1213 flow_id=1237 at time=91897658
[FLOW_DEBUG] Initiating flow from node=0 to node=1 maxPacketCount=4096 tag=1213 flow_id=1236 at time=91897658
***** info: fwd pass comm collective for layer: cross_entropy3 is finished************
DEBUG_CHUNK_SIZE: size=4096, preferred_dataset_splits=1, resulting chunk_size=4096
DEBUG_COLLECTIVE_TYPE: layer=304, event=UNKNOWN (raw=0), size=4096, chunk_size=4096
DEBUG_STREAM_COUNT: chunk size is: 4096 , size is: 4096 , layer_num is: 304 , node: 0
[FLOW_DEBUG] Initiating flow from node=1 to node=0 maxPacketCount=1024 tag=1216 flow_id=1243 at time=91898866
DEBUG_STREAM_CREATE: Creating stream #300 for dataset id: 778 (total_streams=1)
DEBUG_STREAM_COUNT: Generated 1 streams for layer 304 (UNKNOWN), total injected: 301
[FLOW_DEBUG] Initiating flow from node=info: all-reduce forward pass collective issued for layer: optimizer1, involved dimensions: 1 to node=0 maxPacketCount=1024 tag=1218 flow_id=1247 at time=91898866
 1, 0, 0, 0, 0, 0, 0, 0, 0, 0,
[FLOW_DEBUG] Initiating flow from node=0 to node=1 maxPacketCount=1024 tag=1216 flow_id=1242 at time=91898866
[FLOW_DEBUG] Initiating flow from node=0 to node=1 maxPacketCount=1024 tag=1218 flow_id=1246 at time=91898866
[FLOW_DEBUG] Initiating flow from node=0 to node=1 maxPacketCount=1024 tag=1219 flow_id=1248 at time=91899935
[FLOW_DEBUG] Initiating flow from node=0 to node=1 maxPacketCount=1024 tag=1217 flow_id=1244 at time=91899944
[FLOW_DEBUG] Initiating flow from node=1 to node=0 maxPacketCount=1024 tag=1219 flow_id=1249 at time=91899935
[FLOW_DEBUG] Initiating flow from node=1 to node=0 maxPacketCount=1024 tag=1217 flow_id=1245 at time=91899944
***** info: fwd pass comm collective for layer: optimizer1 is finished************
DEBUG_CHUNK_SIZE: size=4096, preferred_dataset_splits=1, resulting chunk_size=4096
DEBUG_COLLECTIVE_TYPE: layer=305, event=UNKNOWN (raw=0), size=4096, chunk_size=4096
DEBUG_STREAM_COUNT: chunk size is: 4096 , size is: 4096 , layer_num is: 305 , node: 0
[FLOW_DEBUG] Initiating flow from node=1 to node=0 maxPacketCount=1024 tag=1220 flow_id=1251 at time=91901114
DEBUG_STREAM_CREATE: Creating stream #301 for dataset id: 780 (total_streams=1)
[FLOW_DEBUG] Initiating flow from node=1 to node=0 maxPacketCount=1024 tag=1222 flow_id=1255 at time=91901114
DEBUG_STREAM_COUNT: Generated 1 streams for layer 305 (UNKNOWN), total injected: 302
info: all-reduce forward pass collective issued for layer: optimizer2, involved dimensions:  1, 0, 0, 0, 0, 0, 0, 0, 0, 0,
[FLOW_DEBUG] Initiating flow from node=0 to node=1 maxPacketCount=1024 tag=1220 flow_id=1250 at time=91901114
[FLOW_DEBUG] Initiating flow from node=0 to node=1 maxPacketCount=1024 tag=1222 flow_id=1254 at time=91901114
[FLOW_DEBUG] Initiating flow from node=0 to node=1 maxPacketCount=1024 tag=1223 flow_id=1256 at time=91902183
[FLOW_DEBUG] Initiating flow from node=1 to node=0 maxPacketCount=1024 tag=1223 flow_id=1257 at time=91902183
[FLOW_DEBUG] Initiating flow from node=0 to node=1 maxPacketCount=1024 tag=1221 flow_id=1252 at time=91902192
[FLOW_DEBUG] Initiating flow from node=1 to node=0 maxPacketCount=1024 tag=1221 flow_id=1253 at time=91902192
***** info: fwd pass comm collective for layer: optimizer2 is finished************
DEBUG_CHUNK_SIZE: size=4096, preferred_dataset_splits=1, resulting chunk_size=4096
DEBUG_COLLECTIVE_TYPE: layer=306, event=UNKNOWN (raw=0), size=4096, chunk_size=4096
DEBUG_STREAM_COUNT: chunk size is: 4096 , size is: 4096 , layer_num is: 306 , node: 0
DEBUG_STREAM_CREATE: Creating stream #302 for dataset id: 782 (total_streams=1)
DEBUG_STREAM_COUNT: Generated 1 streams for layer 306 (UNKNOWN), total injected: 303
[FLOW_DEBUG] Initiating flow from node=1info: all-reduce forward pass collective issued for layer:  to node=optimizer30, maxPacketCount= involved dimensions: 1024 tag=1224 flow_id=1259 at time= 1,91903362 0, 0,
 0, 0, 0, 0, 0, 0, 0,
[FLOW_DEBUG] Initiating flow from node=0 to node=1 maxPacketCount=1024 tag=1224 flow_id=1258 at time=91903362
[FLOW_DEBUG] Initiating flow from node=1 to node=0 maxPacketCount=1024 tag=1226 flow_id=1263 at time=91903362
[FLOW_DEBUG] Initiating flow from node=0 to node=1 maxPacketCount=1024 tag=1226 flow_id=1262 at time=91903362
[FLOW_DEBUG] Initiating flow from node=1 to node=0 maxPacketCount=1024 tag=1227 flow_id=1265 at time=91904431
[FLOW_DEBUG] Initiating flow from node=1 to node=0 maxPacketCount=1024 tag=1225 flow_id=1261 at time=91904440
[FLOW_DEBUG] Initiating flow from node=0 to node=1 maxPacketCount=1024 tag=1227 flow_id=1264 at time=91904431
[FLOW_DEBUG] Initiating flow from node=0 to node=1 maxPacketCount=1024 tag=1225 flow_id=1260 at time=91904440
***** info: fwd pass comm collective for layer: optimizer3 is finished************
DEBUG_CHUNK_SIZE: size=4096, preferred_dataset_splits=1, resulting chunk_size=4096
DEBUG_COLLECTIVE_TYPE: layer=307, event=UNKNOWN (raw=0), size=4096, chunk_size=4096
DEBUG_STREAM_COUNT: chunk size is: 4096 , size is: 4096 , layer_num is: 307 , node: 0
DEBUG_STREAM_CREATE: Creating stream #303 for dataset id: 784 (total_streams=1)
[FLOW_DEBUG] Initiating flow from node=1 to node=0 maxPacketCount=1024 tag=1228 flow_id=1267 at time=91905610
DEBUG_STREAM_COUNT: Generated 1 streams for layer 307 (UNKNOWN), total injected: 304
info: all-reduce forward pass collective issued for layer: optimizer4, involved dimensions:  1, 0, 0, 0, 0, 0, 0, 0, 0, 0,
[FLOW_DEBUG] Initiating flow from node=0 to node=1 maxPacketCount=1024 tag=1228 flow_id=1266 at time=91905610
[FLOW_DEBUG] Initiating flow from node=1 to node=0 maxPacketCount=1024 tag=1230 flow_id=1271 at time=91905610
[FLOW_DEBUG] Initiating flow from node=0 to node=1 maxPacketCount=1024 tag=1230 flow_id=1270 at time=91905610
[FLOW_DEBUG] Initiating flow from node=0 to node=1 maxPacketCount=1024 tag=1231 flow_id=1272 at time=91906679
[FLOW_DEBUG] Initiating flow from node=1 to node=0 maxPacketCount=1024 tag=1231 flow_id=1273 at time=91906679
[FLOW_DEBUG] Initiating flow from node=0 to node=1 maxPacketCount=1024 tag=1229 flow_id=1268 at time=91906688
[FLOW_DEBUG] Initiating flow from node=1 to node=0 maxPacketCount=1024 tag=1229 flow_id=1269 at time=91906688
***** info: fwd pass comm collective for layer: optimizer4 is finished************
info: no input grad collective for layer: optimizer4
info: no weight grad collective for layer: optimizer4
info: no input grad collective for layer: optimizer3
info: no weight grad collective for layer: optimizer3
info: no input grad collective for layer: optimizer2
info: no weight grad collective for layer: optimizer2
info: no input grad collective for layer: optimizer1
info: no weight grad collective for layer: optimizer1
info: no input grad collective for layer: cross_entropy3
info: no weight grad collective for layer: cross_entropy3
info: no input grad collective for layer: cross_entropy2
info: no weight grad collective for layer: cross_entropy2
info: no input grad collective for layer: cross_entropy1
info: no weight grad collective for layer: cross_entropy1
info: no input grad collective for layer: embedding_norm
info: no weight grad collective for layer: embedding_norm
info: no input grad collective for layer: final_column
info: no weight grad collective for layer: final_column
DEBUG_CHUNK_SIZE: size=20971520, preferred_dataset_splits=1, resulting chunk_size=20971520
DEBUG_COLLECTIVE_TYPE: layer=298, event=UNKNOWN (raw=0), size=20971520, chunk_size=20971520
DEBUG_STREAM_COUNT: chunk size is: 20971520 , size is: 20971520 , layer_num is: 298 , node: 0
DEBUG_STREAM_CREATE: Creating stream #304 for dataset id: 786 (total_streams=1)
DEBUG_STREAM_COUNT: Generated 1 streams for layer 298 (UNKNOWN), total injected: 305
info: all-to-all input grad collective issued for layer: mlp_moelayer, involved dimensions:  1, 0, 0, 0, 0, 0, 0, 0, 0, 0,
[FLOW_DEBUG] Initiating flow from node=0 to node=1 maxPacketCount=10485760 tag=596 flow_id=1274 at time=91907881
[FLOW_DEBUG] Initiating flow from node=1 to node=0 maxPacketCount=10485760 tag=596 flow_id=1275 at time=91907881
***** info: input gradient collective for layer: mlp_moelayer is finished************
info: no weight grad collective for layer: mlp_moelayer
DEBUG_CHUNK_SIZE: size=83886080, preferred_dataset_splits=1, resulting chunk_size=83886080
DEBUG_COLLECTIVE_TYPE: layer=297, event=UNKNOWN (raw=0), size=83886080, chunk_size=83886080
DEBUG_STREAM_COUNT: chunk size is: 83886080 , size is: 83886080 , layer_num is: 297 , node: 0
DEBUG_STREAM_CREATE: Creating stream #305 for dataset id: 788 (total_streams=1)
DEBUG_STREAM_COUNT: Generated 1 streams for layer 297 (UNKNOWN), total injected: 306
info: all-to-all input grad collective issued for layer: mlp_moelayer, involved dimensions:  1, 0, 0, 0, 0, 0, 0, 0, 0, 0,
[FLOW_DEBUG] Initiating flow from node=0 to node=1 maxPacketCount=41943040 tag=594 flow_id=1276 at time=92002252
[FLOW_DEBUG] Initiating flow from node=1 to node=0 maxPacketCount=41943040 tag=594 flow_id=1277 at time=92002252
***** info: input gradient collective for layer: mlp_moelayer is finished************
info: no weight grad collective for layer: mlp_moelayer
DEBUG_CHUNK_SIZE: size=83886080, preferred_dataset_splits=1, resulting chunk_size=83886080
DEBUG_COLLECTIVE_TYPE: layer=296, event=UNKNOWN (raw=0), size=83886080, chunk_size=83886080
DEBUG_STREAM_COUNT: chunk size is: 83886080 , size is: 83886080 , layer_num is: 296 , node: 0
DEBUG_STREAM_CREATE: Creating stream #306 for dataset id: 790 (total_streams=1)
[FLOW_DEBUG] Initiating flow from node=1 to node=0 maxPacketCount=20971520 tag=592 flow_id=1279 at time=92376243
DEBUG_STREAM_COUNT: Generated 1 streams for layer 296 (UNKNOWN), total injected: 307
info: all-gather input grad collective issued for layer: mlp_moelayer, involved dimensions:  1, 0, 0, 0, 0, 0, 0, 0, 0, 0,
[FLOW_DEBUG] Initiating flow from node=0 to node=1 maxPacketCount=20971520 tag=592 flow_id=1278 at time=92376243
[FLOW_DEBUG] Initiating flow from node=1 to node=0 maxPacketCount=20971520 tag=593 flow_id=1281 at time=92376243
[FLOW_DEBUG] Initiating flow from node=0 to node=1 maxPacketCount=20971520 tag=593 flow_id=1280 at time=92376243
***** info: input gradient collective for layer: mlp_moelayer is finished************
info: no weight grad collective for layer: mlp_moelayer
DEBUG_CHUNK_SIZE: size=167772160, preferred_dataset_splits=1, resulting chunk_size=167772160
DEBUG_COLLECTIVE_TYPE: layer=295, event=UNKNOWN (raw=0), size=167772160, chunk_size=167772160
DEBUG_STREAM_COUNT: chunk size is: 167772160 , size is: 167772160 , layer_num is: 295 , node: 0
DEBUG_STREAM_CREATE: Creating stream #307 for dataset id: 792 (total_streams=1)
DEBUG_STREAM_COUNT: Generated 1 streams for layer 295 (UNKNOWN), total injected: 308
info: all-gather input grad collective issued for layer: mlp_moelayer, involved dimensions:  1, 0, 0, 0, 0, 0, 0, 0, 0, 0,
[FLOW_DEBUG] Initiating flow from node=0 to node=1 maxPacketCount=41943040 tag=590 flow_id=1282 at time=92750233
[FLOW_DEBUG] Initiating flow from node=1 to node=0 maxPacketCount=41943040 tag=590 flow_id=1283 at time=92750233
[FLOW_DEBUG] Initiating flow from node=0 to node=1 maxPacketCount=41943040 tag=591 flow_id=1284 at time=92750233
[FLOW_DEBUG] Initiating flow from node=1 to node=0 maxPacketCount=41943040 tag=591 flow_id=1285 at time=92750233
***** info: input gradient collective for layer: mlp_moelayer is finished************
info: no weight grad collective for layer: mlp_moelayer
DEBUG_CHUNK_SIZE: size=83886080, preferred_dataset_splits=1, resulting chunk_size=83886080
DEBUG_COLLECTIVE_TYPE: layer=294, event=UNKNOWN (raw=0), size=83886080, chunk_size=83886080
DEBUG_STREAM_COUNT: chunk size is: 83886080 , size is: 83886080 , layer_num is: 294 , node: 0
DEBUG_STREAM_CREATE: Creating stream #308 for dataset id: 794 (total_streams=1)
[FLOW_DEBUG] Initiating flow from node=1 to node=0 maxPacketCount=41943040 tag=588 flow_id=1287 at time=93497051
DEBUG_STREAM_COUNT: Generated 1 streams for layer 294 (UNKNOWN), total injected: 309
info: all-to-all input grad collective issued for layer: mlp_moelayer, involved dimensions:  1, 0, 0, 0, 0, 0, 0, 0, 0, 0,
[FLOW_DEBUG] Initiating flow from node=0 to node=1 maxPacketCount=41943040 tag=588 flow_id=1286 at time=93497051
***** info: input gradient collective for layer: mlp_moelayer is finished************
info: no weight grad collective for layer: mlp_moelayer
DEBUG_CHUNK_SIZE: size=20971520, preferred_dataset_splits=1, resulting chunk_size=20971520
DEBUG_COLLECTIVE_TYPE: layer=293, event=UNKNOWN (raw=0), size=20971520, chunk_size=20971520
DEBUG_STREAM_COUNT: chunk size is: 20971520 , size is: 20971520 , layer_num is: 293 , node: 0
DEBUG_STREAM_CREATE: Creating stream #309 for dataset id: 796 (total_streams=1)
DEBUG_STREAM_COUNT: Generated 1 streams for layer 293 ([FLOW_DEBUG] Initiating flow from node=UNKNOWN), total injected: 3101
 to node=0 maxPacketCount=info: all-to-all input grad collective issued for layer: mlp_moelayer, involved dimensions:  1, 0, 0, 0, 0, 0, 0, 0, 0, 0,
10485760 tag=586 flow_id=1289 at time=93871042
[FLOW_DEBUG] Initiating flow from node=0 to node=1 maxPacketCount=10485760 tag=586 flow_id=1288 at time=93871042
***** info: input gradient collective for layer: mlp_moelayer is finished************
info: no weight grad collective for layer: mlp_moelayer
DEBUG_CHUNK_SIZE: size=131072, preferred_dataset_splits=1, resulting chunk_size=131072
DEBUG_COLLECTIVE_TYPE: layer=292, event=UNKNOWN (raw=0), size=131072, chunk_size=131072
DEBUG_STREAM_COUNT: chunk size is: 131072 , size is: 131072 , layer_num is: 292 , node: 0
[FLOW_DEBUG] Initiating flow from node=1 to node=0 maxPacketCount=32768 tag=584 flow_id=1291 at time=93965413
DEBUG_STREAM_CREATE: Creating stream #310 for dataset id: 798 (total_streams=1)
[FLOW_DEBUG] Initiating flow from node=1 to node=0 maxPacketCount=32768 tag=585 flow_id=1293 at time=93965413
DEBUG_STREAM_COUNT: Generated 1 streams for layer 292 (UNKNOWN), total injected: 311
info: all-gather input grad collective issued for layer: mlp_moelayer, involved dimensions:  1, 0, 0, 0, 0, 0, 0, 0, 0, 0,
[FLOW_DEBUG] Initiating flow from node=0 to node=1 maxPacketCount=32768 tag=584 flow_id=1290 at time=93965413
[FLOW_DEBUG] Initiating flow from node=0 to node=1 maxPacketCount=32768 tag=585 flow_id=1292 at time=93965413
***** info: input gradient collective for layer: mlp_moelayer is finished************
info: no weight grad collective for layer: mlp_moelayer
info: no input grad collective for layer: attention_row
info: no weight grad collective for layer: attention_row
info: no input grad collective for layer: attention_column
info: no weight grad collective for layer: attention_column
DEBUG_CHUNK_SIZE: size=20971520, preferred_dataset_splits=1, resulting chunk_size=20971520
DEBUG_COLLECTIVE_TYPE: layer=289, event=UNKNOWN (raw=0), size=20971520, chunk_size=20971520
DEBUG_STREAM_COUNT: chunk size is: 20971520 , size is: 20971520 , layer_num is: 289 , node: 0
DEBUG_STREAM_CREATE: Creating stream #311 for dataset id: 800 (total_streams=1)
[FLOW_DEBUG] Initiating flow from node=1 to node=0 maxPacketCount=10485760 tag=578 flow_id=1295 at time=93967167
DEBUG_STREAM_COUNT: Generated 1 streams for layer 289 (UNKNOWN), total injected: 312
info: all-to-all input grad collective issued for layer: mlp_moelayer, involved dimensions:  1, 0, 0, 0, 0, 0, 0, 0, 0, 0,
[FLOW_DEBUG] Initiating flow from node=0 to node=1 maxPacketCount=10485760 tag=578 flow_id=1294 at time=93967167
***** info: input gradient collective for layer: mlp_moelayer is finished************
info: no weight grad collective for layer: mlp_moelayer
DEBUG_CHUNK_SIZE: size=83886080, preferred_dataset_splits=1, resulting chunk_size=83886080
DEBUG_COLLECTIVE_TYPE: layer=288, event=UNKNOWN (raw=0), size=83886080, chunk_size=83886080
DEBUG_STREAM_COUNT: chunk size is: 83886080 , size is: 83886080 , layer_num is: 288 , node: 0
DEBUG_STREAM_CREATE: Creating stream #312 for dataset id: 802 (total_streams=1)
DEBUG_STREAM_COUNT: Generated 1 streams for layer 288 (UNKNOWN), total injected: 313
info: all-to-all input grad collective issued for layer: mlp_moelayer, involved dimensions:  1, 0, 0, 0, 0, 0, 0, 0, 0, 0,
[FLOW_DEBUG] Initiating flow from node=[FLOW_DEBUG] Initiating flow from node=0 to node=11 maxPacketCount= to node=41943040 tag=5760 maxPacketCount= flow_id=41943040 tag=5761296 flow_id= at time=1297 at time=9406153894061538

***** info: input gradient collective for layer: mlp_moelayer is finished************
info: no weight grad collective for layer: mlp_moelayer
DEBUG_CHUNK_SIZE: size=83886080, preferred_dataset_splits=1, resulting chunk_size=83886080
DEBUG_COLLECTIVE_TYPE: layer=287, event=UNKNOWN (raw=0), size=83886080, chunk_size=83886080
DEBUG_STREAM_COUNT: chunk size is: 83886080 , size is: 83886080 , layer_num is: 287 , node: 0
[FLOW_DEBUG] Initiating flow from node=1 to node=0 maxPacketCount=20971520 tag=574 flow_id=1299 at time=94435529
DEBUG_STREAM_CREATE: Creating stream #313 for dataset id: 804 (total_streams=1)
DEBUG_STREAM_COUNT: Generated 1 streams for layer 287 (UNKNOWN), total injected: 314
info: all-gather input grad collective issued for layer: mlp_moelayer, involved dimensions:  1, 0, 0, 0, 0, 0, 0, 0, 0, 0,
[FLOW_DEBUG] Initiating flow from node=0 to node=1 maxPacketCount=20971520 tag=574 flow_id=1298 at time=94435529
[FLOW_DEBUG] Initiating flow from node=1 to node=0 maxPacketCount=20971520 tag=575 flow_id=1301 at time=94435529
[FLOW_DEBUG] Initiating flow from node=0 to node=1 maxPacketCount=20971520 tag=575 flow_id=1300 at time=94435529
***** info: input gradient collective for layer: mlp_moelayer is finished************
info: no weight grad collective for layer: mlp_moelayer
DEBUG_CHUNK_SIZE: size=167772160, preferred_dataset_splits=1, resulting chunk_size=167772160
DEBUG_COLLECTIVE_TYPE: layer=286, event=UNKNOWN (raw=0), size=167772160, chunk_size=167772160
DEBUG_STREAM_COUNT: chunk size is: 167772160 , size is: 167772160 , layer_num is: 286 , node: 0
DEBUG_STREAM_CREATE: Creating stream #314 for dataset id: 806 (total_streams=1)
DEBUG_STREAM_COUNT: Generated 1 streams for layer 286 (UNKNOWN), total injected: 315
info: all-gather input grad collective issued for layer: mlp_moelayer, involved dimensions:  1, 0, 0, 0, 0, 0, 0, 0, 0, 0,
[FLOW_DEBUG] Initiating flow from node=1 to node=0 maxPacketCount=41943040 tag=572 flow_id=1303 at time=94809519
[FLOW_DEBUG] Initiating flow from node=0 to node=1 maxPacketCount=41943040 tag=572 flow_id=1302 at time=[FLOW_DEBUG] Initiating flow from node=948095191
 to node=0 maxPacketCount=41943040 tag=573 flow_id=1305 at time=94809519
[FLOW_DEBUG] Initiating flow from node=0 to node=1 maxPacketCount=41943040 tag=573 flow_id=1304 at time=94809519
***** info: input gradient collective for layer: mlp_moelayer is finished************
info: no weight grad collective for layer: mlp_moelayer
DEBUG_CHUNK_SIZE: size=83886080, preferred_dataset_splits=1, resulting chunk_size=83886080
DEBUG_COLLECTIVE_TYPE: layer=285, event=UNKNOWN (raw=0), size=83886080, chunk_size=83886080
DEBUG_STREAM_COUNT: chunk size is: 83886080 , size is: 83886080 , layer_num is: 285 , node: 0
DEBUG_STREAM_CREATE: Creating stream #315 for dataset id: 808 (total_streams=1)
[FLOW_DEBUG] Initiating flow from node=1 to node=0 maxPacketCount=41943040 tag=570 flow_id=1307 at time=95556337
DEBUG_STREAM_COUNT: Generated 1 streams for layer 285 (UNKNOWN), total injected: 316
info: all-to-all input grad collective issued for layer: mlp_moelayer, involved dimensions:  1, 0, 0, 0, 0, 0, 0, 0, 0, 0,
[FLOW_DEBUG] Initiating flow from node=0 to node=1 maxPacketCount=41943040 tag=570 flow_id=1306 at time=95556337
***** info: input gradient collective for layer: mlp_moelayer is finished************
info: no weight grad collective for layer: mlp_moelayer
DEBUG_CHUNK_SIZE: size=20971520, preferred_dataset_splits=1, resulting chunk_size=20971520
DEBUG_COLLECTIVE_TYPE: layer=284, event=UNKNOWN (raw=0), size=20971520, chunk_size=20971520
DEBUG_STREAM_COUNT: chunk size is: 20971520 , size is: 20971520 , layer_num is: 284 , node: 0
DEBUG_STREAM_CREATE: Creating stream #316 for dataset id: 810 (total_streams=1)
[FLOW_DEBUG] Initiating flow from node=1 to node=0 maxPacketCount=10485760 tag=568 flow_id=1309 at time=95930328
DEBUG_STREAM_COUNT: Generated 1 streams for layer 284 (UNKNOWN), total injected: 317
info: all-to-all input grad collective issued for layer: mlp_moelayer, involved dimensions:  1, 0, 0, 0, 0, 0, 0, 0, 0, 0,
[FLOW_DEBUG] Initiating flow from node=0 to node=1 maxPacketCount=10485760 tag=568 flow_id=1308 at time=95930328
***** info: input gradient collective for layer: mlp_moelayer is finished************
info: no weight grad collective for layer: mlp_moelayer
DEBUG_CHUNK_SIZE: size=131072, preferred_dataset_splits=1, resulting chunk_size=131072
DEBUG_COLLECTIVE_TYPE: layer=283, event=UNKNOWN (raw=0), size=131072, chunk_size=131072
DEBUG_STREAM_COUNT: chunk size is: 131072 , size is: 131072 , layer_num is: 283 , node: 0
DEBUG_STREAM_CREATE: Creating stream #317 for dataset id: 812 (total_streams=1)
[FLOW_DEBUG] Initiating flow from node=1 to node=0 maxPacketCount=32768 tag=566 flow_id=1311 at time=96024699
DEBUG_STREAM_COUNT: Generated 1 streams for layer 283 (UNKNOWN), total injected: 318
info: all-gather input grad collective issued for layer: mlp_moelayer, involved dimensions:  1, 0, 0, 0, 0, 0, 0, 0, 0, 0,
[FLOW_DEBUG] Initiating flow from node=0 to node=1 maxPacketCount=32768 tag=566 flow_id=1310 at time=96024699
[FLOW_DEBUG] Initiating flow from node=1 to node=0 maxPacketCount=32768 tag=567 flow_id=1313 at time=96024699
[FLOW_DEBUG] Initiating flow from node=0 to node=1 maxPacketCount=32768 tag=567 flow_id=1312 at time=96024699
***** info: input gradient collective for layer: mlp_moelayer is finished************
info: no weight grad collective for layer: mlp_moelayer
info: no input grad collective for layer: attention_row
info: no weight grad collective for layer: attention_row
info: no input grad collective for layer: attention_column
info: no weight grad collective for layer: attention_column
[FLOW_DEBUG] Initiating flow from node=1 to node=0 maxPacketCount=10485760 tag=560 flow_id=1315 at time=96026453
DEBUG_CHUNK_SIZE: size=20971520, preferred_dataset_splits=1, resulting chunk_size=20971520
DEBUG_COLLECTIVE_TYPE: layer=280, event=UNKNOWN (raw=0), size=20971520, chunk_size=20971520
DEBUG_STREAM_COUNT: chunk size is: 20971520 , size is: 20971520 , layer_num is: 280 , node: 0
DEBUG_STREAM_CREATE: Creating stream #318 for dataset id: 814 (total_streams=1)
DEBUG_STREAM_COUNT: Generated 1 streams for layer 280 (UNKNOWN), total injected: 319
info: all-to-all input grad collective issued for layer: mlp_moelayer, involved dimensions:  1, 0, 0, 0, 0, 0, 0, 0, 0, 0,
[FLOW_DEBUG] Initiating flow from node=0 to node=1 maxPacketCount=10485760 tag=560 flow_id=1314 at time=96026453
***** info: input gradient collective for layer: mlp_moelayer is finished************
info: no weight grad collective for layer: mlp_moelayer
DEBUG_CHUNK_SIZE: size=83886080, preferred_dataset_splits=1, resulting chunk_size=83886080
DEBUG_COLLECTIVE_TYPE: layer=279, event=UNKNOWN (raw=0), size=83886080, chunk_size=83886080
DEBUG_STREAM_COUNT: chunk size is: 83886080 , size is: 83886080 , layer_num is: 279 , node: 0
DEBUG_STREAM_CREATE: Creating stream #319 for dataset id: 816 (total_streams=1)
DEBUG_STREAM_COUNT: Generated 1 streams for layer 279 (UNKNOWN), total injected: 320
info: all-to-all input grad collective issued for layer: mlp_moelayer, involved dimensions:  1, 0, 0, 0, 0, 0, 0, 0, 0, 0,[FLOW_DEBUG] Initiating flow from node=
1 to node=0 maxPacketCount=41943040 tag=558 flow_id=1317 at time=96120824
[FLOW_DEBUG] Initiating flow from node=0 to node=1 maxPacketCount=41943040 tag=558 flow_id=1316 at time=96120824
***** info: input gradient collective for layer: mlp_moelayer is finished************
info: no weight grad collective for layer: mlp_moelayer
DEBUG_CHUNK_SIZE: size=83886080, preferred_dataset_splits=1, resulting chunk_size=83886080
DEBUG_COLLECTIVE_TYPE: layer=278, event=UNKNOWN (raw=0), size=83886080, chunk_size=83886080
DEBUG_STREAM_COUNT: chunk size is: 83886080 , size is: 83886080 , layer_num is: 278 , node: 0
[FLOW_DEBUG] Initiating flow from node=1 to node=0 maxPacketCount=20971520 tag=556 flow_id=1319 at time=96494815
DEBUG_STREAM_CREATE: Creating stream #320 for dataset id: 818 (total_streams=1)
[FLOW_DEBUG] Initiating flow from node=1 to node=0 maxPacketCount=20971520 tag=557 flow_id=1321 at time=96494815
DEBUG_STREAM_COUNT: Generated 1 streams for layer 278 (UNKNOWN), total injected: 321
info: all-gather input grad collective issued for layer: mlp_moelayer, involved dimensions:  1, 0, 0, 0, 0, 0, 0, 0, 0, 0,
[FLOW_DEBUG] Initiating flow from node=0 to node=1 maxPacketCount=20971520 tag=556 flow_id=1318 at time=96494815
[FLOW_DEBUG] Initiating flow from node=0 to node=1 maxPacketCount=20971520 tag=557 flow_id=1320 at time=96494815
***** info: input gradient collective for layer: mlp_moelayer is finished************
info: no weight grad collective for layer: mlp_moelayer
DEBUG_CHUNK_SIZE: size=167772160, preferred_dataset_splits=1, resulting chunk_size=167772160
DEBUG_COLLECTIVE_TYPE: layer=277, event=UNKNOWN (raw=0), size=167772160, chunk_size=167772160
DEBUG_STREAM_COUNT: chunk size is: 167772160 , size is: 167772160 , layer_num is: 277 , node: 0
DEBUG_STREAM_CREATE: Creating stream #321 for dataset id: 820 (total_streams=1)
[FLOW_DEBUG] Initiating flow from node=1 to node=0 maxPacketCount=41943040 tag=554 flow_id=1323 at time=96868805
DEBUG_STREAM_COUNT: Generated 1 streams for layer 277 (UNKNOWN), total injected: 322
info: all-gather input grad collective issued for layer: mlp_moelayer, involved dimensions:  1, 0, 0, 0, 0, 0, 0, 0, 0, 0,
[FLOW_DEBUG] Initiating flow from node=0 to node=1 maxPacketCount=41943040 tag=554 flow_id=1322 at time=96868805
[FLOW_DEBUG] Initiating flow from node=1 to node=0 maxPacketCount=41943040 tag=555 flow_id=1325 at time=96868805
[FLOW_DEBUG] Initiating flow from node=0 to node=1 maxPacketCount=41943040 tag=555 flow_id=1324 at time=96868805
***** info: input gradient collective for layer: mlp_moelayer is finished************
info: no weight grad collective for layer: mlp_moelayer
DEBUG_CHUNK_SIZE: size=[FLOW_DEBUG] Initiating flow from node=83886080, preferred_dataset_splits=11 to node=, resulting chunk_size=838860800
 maxPacketCount=DEBUG_COLLECTIVE_TYPE: layer=276, event=UNKNOWN (raw=0), size=83886080, chunk_size=83886080
DEBUG_STREAM_COUNT: chunk size is: 83886080 , size is: 83886080 , layer_num is: 276 , node: 0
41943040 tag=552 flow_id=1327 at time=97615623
DEBUG_STREAM_CREATE: Creating stream #322 for dataset id: 822 (total_streams=1)
DEBUG_STREAM_COUNT: Generated 1 streams for layer 276 (UNKNOWN), total injected: 323
info: all-to-all input grad collective issued for layer: mlp_moelayer, involved dimensions:  1, 0, 0, 0, 0, 0, 0, 0, 0, 0,
[FLOW_DEBUG] Initiating flow from node=0 to node=1 maxPacketCount=41943040 tag=552 flow_id=1326 at time=97615623
***** info: input gradient collective for layer: mlp_moelayer is finished************
info: no weight grad collective for layer: mlp_moelayer
DEBUG_CHUNK_SIZE: size=20971520, preferred_dataset_splits=1, resulting chunk_size=20971520
DEBUG_COLLECTIVE_TYPE: layer=275, event=UNKNOWN (raw=0), size=20971520, chunk_size=20971520
DEBUG_STREAM_COUNT: chunk size is: 20971520 , size is: 20971520 , layer_num is: 275 , node: 0
[FLOW_DEBUG] Initiating flow from node=1 to node=0 maxPacketCount=10485760 tag=550 flow_id=1329 at time=97989614
DEBUG_STREAM_CREATE: Creating stream #323 for dataset id: 824 (total_streams=1)
DEBUG_STREAM_COUNT: Generated 1 streams for layer 275 (UNKNOWN), total injected: 324
info: all-to-all input grad collective issued for layer: mlp_moelayer, involved dimensions:  1, 0, 0, 0, 0, 0, 0, 0, 0, 0,
[FLOW_DEBUG] Initiating flow from node=0 to node=1 maxPacketCount=10485760 tag=550 flow_id=1328 at time=97989614
***** info: input gradient collective for layer: mlp_moelayer is finished************
info: no weight grad collective for layer: mlp_moelayer
DEBUG_CHUNK_SIZE: size=131072, preferred_dataset_splits=1, resulting chunk_size=131072
DEBUG_COLLECTIVE_TYPE: layer=274, event=UNKNOWN (raw=0), size=131072, chunk_size=131072
DEBUG_STREAM_COUNT: chunk size is: 131072 , size is: 131072 , layer_num is: 274 , node: 0
DEBUG_STREAM_CREATE: Creating stream #324 for dataset id: 826 (total_streams=1)
DEBUG_STREAM_COUNT: Generated 1 streams for layer 274 (UNKNOWN), total injected: 325
info: all-gather input grad collective issued for layer: mlp_moelayer, involved dimensions:  1, 0, 0, 0, 0, 0, 0, 0, 0, 0,
[FLOW_DEBUG] Initiating flow from node=0 to node=1 maxPacketCount=32768 tag=548 flow_id=1330 at time=98083985
[FLOW_DEBUG] Initiating flow from node=0 to node=1 maxPacketCount=32768 tag=549 flow_id=1332 at time=98083985
[FLOW_DEBUG] Initiating flow from node=1 to node=0 maxPacketCount=32768 tag=548 flow_id=1331 at time=98083985
[FLOW_DEBUG] Initiating flow from node=1 to node=0 maxPacketCount=32768 tag=549 flow_id=1333 at time=98083985
***** info: input gradient collective for layer: mlp_moelayer is finished************
info: no weight grad collective for layer: mlp_moelayer
info: no input grad collective for layer: attention_row
info: no weight grad collective for layer: attention_row
info: no input grad collective for layer: attention_column
info: no weight grad collective for layer: attention_column
DEBUG_CHUNK_SIZE: size=20971520, preferred_dataset_splits=1, resulting chunk_size=20971520
DEBUG_COLLECTIVE_TYPE: layer=271, event=UNKNOWN (raw=0), size=20971520, chunk_size=20971520
DEBUG_STREAM_COUNT: chunk size is: 20971520 , size is: 20971520 , layer_num is: 271 , node: 0
[FLOW_DEBUG] Initiating flow from node=1 to node=0 maxPacketCount=10485760 tag=542 flow_id=1335 at time=98085739
DEBUG_STREAM_CREATE: Creating stream #325 for dataset id: 828 (total_streams=1)
DEBUG_STREAM_COUNT: Generated 1 streams for layer 271 (UNKNOWN), total injected: 326
info: all-to-all input grad collective issued for layer: mlp_moelayer, involved dimensions:  1, 0, 0, 0, 0, 0, 0, 0, 0, 0,
[FLOW_DEBUG] Initiating flow from node=0 to node=1 maxPacketCount=10485760 tag=542 flow_id=1334 at time=98085739
***** info: input gradient collective for layer: mlp_moelayer is finished************
info: no weight grad collective for layer: mlp_moelayer
DEBUG_CHUNK_SIZE: size=83886080, preferred_dataset_splits=1, resulting chunk_size=83886080
DEBUG_COLLECTIVE_TYPE: layer=270, event=UNKNOWN (raw=0), size=83886080, chunk_size=83886080
DEBUG_STREAM_COUNT: chunk size is: 83886080 , size is: 83886080 , layer_num is: 270 , node: 0
DEBUG_STREAM_CREATE: Creating stream #326 for dataset id: 830 (total_streams=1)
[FLOW_DEBUG] Initiating flow from node=1 to node=0 maxPacketCount=41943040 tag=540 flow_id=1337 at time=98180110
DEBUG_STREAM_COUNT: Generated 1 streams for layer 270 (UNKNOWN), total injected: 327
info: all-to-all input grad collective issued for layer: mlp_moelayer, involved dimensions:  1, 0, 0, 0, 0, 0, 0, 0, 0, 0,
[FLOW_DEBUG] Initiating flow from node=0 to node=1 maxPacketCount=41943040 tag=540 flow_id=1336 at time=98180110
***** info: input gradient collective for layer: mlp_moelayer is finished************
info: no weight grad collective for layer: mlp_moelayer
DEBUG_CHUNK_SIZE: size=83886080, preferred_dataset_splits=1, resulting chunk_size=83886080
DEBUG_COLLECTIVE_TYPE: layer=269, event=UNKNOWN (raw=0), size=83886080, chunk_size=83886080
DEBUG_STREAM_COUNT: chunk size is: 83886080 , size is: 83886080 , layer_num is: 269 , node: 0
DEBUG_STREAM_CREATE: Creating stream #327 for dataset id: 832 (total_streams=1)
DEBUG_STREAM_COUNT: Generated 1 streams for layer 269 (UNKNOWN), total injected: 328
info: all-gather input grad collective issued for layer: mlp_moelayer, involved dimensions:  1, 0, 0, 0, 0, 0, 0, 0, 0, 0,
[FLOW_DEBUG] Initiating flow from node=0 to node=1 maxPacketCount=20971520 tag=538 flow_id=1338 at time=98554101
[FLOW_DEBUG] Initiating flow from node=1 to node=0 maxPacketCount=20971520 tag=538 flow_id=1339 at time=98554101
[FLOW_DEBUG] Initiating flow from node=0 to node=1 maxPacketCount=20971520 tag=539 flow_id=1340 at time=98554101
[FLOW_DEBUG] Initiating flow from node=1 to node=0 maxPacketCount=20971520 tag=539 flow_id=1341 at time=98554101
***** info: input gradient collective for layer: mlp_moelayer is finished************
info: no weight grad collective for layer: mlp_moelayer
DEBUG_CHUNK_SIZE: size=167772160, preferred_dataset_splits=1, resulting chunk_size=167772160
DEBUG_COLLECTIVE_TYPE: layer=268, event=UNKNOWN (raw=0), size=167772160, chunk_size=167772160
DEBUG_STREAM_COUNT: chunk size is: 167772160 , size is: 167772160 , layer_num is: 268 , node: 0
DEBUG_STREAM_CREATE: Creating stream #328 for dataset id: 833 (total_streams=1)
DEBUG_STREAM_COUNT: Generated 1 streams for layer 268 (UNKNOWN), total injected: 329
info: all-gather input grad collective issued for layer: mlp_moelayer, involved dimensions:  1, 0, 0, 0, 0, 0, 0, 0, 0, 0,
[FLOW_DEBUG] Initiating flow from node=0 to node=1 maxPacketCount=41943040 tag=536 flow_id=1342 at time=98928091
[FLOW_DEBUG] Initiating flow from node=1 to node=0 maxPacketCount=41943040 tag=536 flow_id=1343 at time=98928091
[FLOW_DEBUG] Initiating flow from node=0 to node=1 maxPacketCount=41943040 tag=537 flow_id=1344 at time=98928091
[FLOW_DEBUG] Initiating flow from node=1 to node=0 maxPacketCount=41943040 tag=537 flow_id=1345 at time=98928091
***** info: input gradient collective for layer: mlp_moelayer is finished************
info: no weight grad collective for layer: mlp_moelayer
DEBUG_CHUNK_SIZE: size=83886080, preferred_dataset_splits=1, resulting chunk_size=83886080
DEBUG_COLLECTIVE_TYPE: layer=267, event=UNKNOWN (raw=0), size=83886080, chunk_size=83886080
DEBUG_STREAM_COUNT: chunk size is: 83886080 , size is: 83886080 , layer_num is: 267 , node: 0
[FLOW_DEBUG] Initiating flow from node=1 to node=0 maxPacketCount=41943040 tag=534 flow_id=1347 at time=99674909
DEBUG_STREAM_CREATE: Creating stream #329 for dataset id: 836 (total_streams=1)
DEBUG_STREAM_COUNT: Generated 1 streams for layer 267 (UNKNOWN), total injected: 330
info: all-to-all input grad collective issued for layer: mlp_moelayer, involved dimensions:  1, 0, 0, 0, 0, 0, 0, 0, 0, 0,
[FLOW_DEBUG] Initiating flow from node=0 to node=1 maxPacketCount=41943040 tag=534 flow_id=1346 at time=99674909
***** info: input gradient collective for layer: mlp_moelayer is finished************
info: no weight grad collective for layer: mlp_moelayer
DEBUG_CHUNK_SIZE: size=20971520, preferred_dataset_splits=1, resulting chunk_size=20971520
DEBUG_COLLECTIVE_TYPE: layer=266, event=UNKNOWN (raw=0), size=20971520, chunk_size=20971520
DEBUG_STREAM_COUNT: chunk size is: 20971520 , size is: 20971520 , layer_num is: 266 , node: 0
DEBUG_STREAM_CREATE: Creating stream #330 for dataset id: 838 (total_streams=1)
[FLOW_DEBUG] Initiating flow from node=1 to node=0 maxPacketCount=10485760 tag=532 flow_id=1349 at time=100048900
DEBUG_STREAM_COUNT: Generated 1 streams for layer 266 (UNKNOWN), total injected: 331
info: all-to-all input grad collective issued for layer: mlp_moelayer, involved dimensions:  1, 0, 0, 0, 0, 0, 0, 0, 0, 0,
[FLOW_DEBUG] Initiating flow from node=0 to node=1 maxPacketCount=10485760 tag=532 flow_id=1348 at time=100048900
***** info: input gradient collective for layer: mlp_moelayer is finished************
info: no weight grad collective for layer: mlp_moelayer
DEBUG_CHUNK_SIZE: size=131072, preferred_dataset_splits=1, resulting chunk_size=131072
DEBUG_COLLECTIVE_TYPE: layer=265, event=UNKNOWN (raw=0), size=131072, chunk_size=131072
DEBUG_STREAM_COUNT: chunk size is: 131072 , size is: 131072 , layer_num is: 265 , node: 0
[FLOW_DEBUG] Initiating flow from node=1 to node=0 maxPacketCount=32768 tag=530 flow_id=1351 at time=100143271
DEBUG_STREAM_CREATE: Creating stream #331 for dataset id: 840 (total_streams=1)
DEBUG_STREAM_COUNT: Generated 1 streams for layer 265 (UNKNOWN), total injected: 332
info: all-gather input grad collective issued for layer: mlp_moelayer, involved dimensions:  1, 0, 0, 0, 0, 0, 0, 0, 0, 0,
[FLOW_DEBUG] Initiating flow from node=0 to node=1 maxPacketCount=32768 tag=530 flow_id=1350 at time=100143271
[FLOW_DEBUG] Initiating flow from node=1 to node=0 maxPacketCount=32768 tag=531 flow_id=1353 at time=100143271
[FLOW_DEBUG] Initiating flow from node=0 to node=1 maxPacketCount=32768 tag=531 flow_id=1352 at time=100143271
***** info: input gradient collective for layer: mlp_moelayer is finished************
info: no weight grad collective for layer: mlp_moelayer
info: no input grad collective for layer: attention_row
info: no weight grad collective for layer: attention_row
info: no input grad collective for layer: attention_column
info: no weight grad collective for layer: attention_column
DEBUG_CHUNK_SIZE: size=20971520, preferred_dataset_splits=1, resulting chunk_size=20971520
DEBUG_COLLECTIVE_TYPE: layer=262, event=UNKNOWN (raw=0), size=20971520, chunk_size=20971520
DEBUG_STREAM_COUNT: chunk size is: 20971520 , size is: 20971520 , layer_num is: 262 , node: 0
[FLOW_DEBUG] Initiating flow from node=1 to node=0 maxPacketCount=10485760 tag=524 flow_id=1355 at time=100145025
DEBUG_STREAM_CREATE: Creating stream #332 for dataset id: 842 (total_streams=1)
DEBUG_STREAM_COUNT: Generated 1 streams for layer 262 (UNKNOWN), total injected: 333
info: all-to-all input grad collective issued for layer: mlp_moelayer, involved dimensions:  1, 0, 0, 0, 0, 0, 0, 0, 0, 0,
[FLOW_DEBUG] Initiating flow from node=0 to node=1 maxPacketCount=10485760 tag=524 flow_id=1354 at time=100145025
***** info: input gradient collective for layer: mlp_moelayer is finished************
info: no weight grad collective for layer: mlp_moelayer
DEBUG_CHUNK_SIZE: size=83886080, preferred_dataset_splits=1, resulting chunk_size=83886080
DEBUG_COLLECTIVE_TYPE: layer=261, event=UNKNOWN (raw=0), size=83886080, chunk_size=83886080
DEBUG_STREAM_COUNT: chunk size is: 83886080 , size is: 83886080 , layer_num is: 261 , node: 0
DEBUG_STREAM_CREATE: Creating stream #333 for dataset id: 843 (total_streams=1)
DEBUG_STREAM_COUNT: Generated 1 streams for layer 261 (UNKNOWN), total injected: 334
info: all-to-all input grad collective issued for layer: mlp_moelayer, involved dimensions:  1, 0, 0, 0, 0, 0, 0, 0, 0, 0,
[FLOW_DEBUG] Initiating flow from node=0 to node=1 maxPacketCount=41943040 tag=522 flow_id=1356 at time=100239396
[FLOW_DEBUG] Initiating flow from node=1 to node=0 maxPacketCount=41943040 tag=522 flow_id=1357 at time=100239396
***** info: input gradient collective for layer: mlp_moelayer is finished************
info: no weight grad collective for layer: mlp_moelayer
DEBUG_CHUNK_SIZE: size=83886080, preferred_dataset_splits=1, resulting chunk_size=83886080
DEBUG_COLLECTIVE_TYPE: layer=260, event=UNKNOWN (raw=0), size=83886080, chunk_size=83886080
DEBUG_STREAM_COUNT: chunk size is: 83886080 , size is: 83886080 , layer_num is: 260 , node: 0
DEBUG_STREAM_CREATE: Creating stream #334 for dataset id: 846 (total_streams=1)
DEBUG_STREAM_COUNT: Generated 1 streams for layer 260 (UNKNOWN), total injected: 335
info: all-gather input grad collective issued for layer: mlp_moelayer, involved dimensions:  1, 0, 0, 0, 0, 0, 0, 0, 0, 0,
[FLOW_DEBUG] Initiating flow from node=[FLOW_DEBUG] Initiating flow from node=0 to node=1 maxPacketCount=20971520 tag=520 flow_id=1358 at time=1 to node=0 maxPacketCount=20971520 tag=520 flow_id=1006133871359 at time=
100613387
[FLOW_DEBUG] Initiating flow from node=0 to node=1 maxPacketCount=20971520 tag=521 flow_id=1360 at time=100613387
[FLOW_DEBUG] Initiating flow from node=1 to node=0 maxPacketCount=20971520 tag=521 flow_id=1361 at time=100613387
***** info: input gradient collective for layer: mlp_moelayer is finished************
info: no weight grad collective for layer: mlp_moelayer
DEBUG_CHUNK_SIZE: size=167772160, preferred_dataset_splits=1, resulting chunk_size=167772160
DEBUG_COLLECTIVE_TYPE: layer=259, event=UNKNOWN (raw=0), size=167772160, chunk_size=167772160
DEBUG_STREAM_COUNT: chunk size is: 167772160 , size is: 167772160 , layer_num is: 259 , node: 0
[FLOW_DEBUG] Initiating flow from node=1 to node=0 maxPacketCount=41943040 tag=518 flow_id=1363 at time=100987377
DEBUG_STREAM_CREATE: Creating stream #335 for dataset id: 848 (total_streams=1)
DEBUG_STREAM_COUNT: Generated 1 streams for layer 259 (UNKNOWN), total injected: 336
info: all-gather input grad collective issued for layer: mlp_moelayer, involved dimensions:  1, 0, 0, 0, 0, 0, 0, 0, 0, 0,
[FLOW_DEBUG] Initiating flow from node=[FLOW_DEBUG] Initiating flow from node=0 to node=1 maxPacketCount=41943040 tag=518 flow_id=1362 at time=100987377
1 to node=0 maxPacketCount=41943040 tag=519 flow_id=1365 at time=100987377
[FLOW_DEBUG] Initiating flow from node=0 to node=1 maxPacketCount=41943040 tag=519 flow_id=1364 at time=100987377
***** info: input gradient collective for layer: mlp_moelayer is finished************
info: no weight grad collective for layer: mlp_moelayer
DEBUG_CHUNK_SIZE: size=83886080, preferred_dataset_splits=1, resulting chunk_size=83886080
DEBUG_COLLECTIVE_TYPE: layer=258, event=UNKNOWN (raw=0), size=83886080, chunk_size=83886080
DEBUG_STREAM_COUNT: chunk size is: 83886080 , size is: 83886080 , layer_num is: 258 , node: 0
DEBUG_STREAM_CREATE: Creating stream #336 for dataset id: 850 (total_streams=1)
[FLOW_DEBUG] Initiating flow from node=1 to node=0 maxPacketCount=41943040 tag=516 flow_id=1367 at time=101734195
DEBUG_STREAM_COUNT: Generated 1 streams for layer 258 (UNKNOWN), total injected: 337
info: all-to-all input grad collective issued for layer: mlp_moelayer, involved dimensions:  1, 0, 0, 0, 0, 0, 0, 0, 0, 0,
[FLOW_DEBUG] Initiating flow from node=0 to node=1 maxPacketCount=41943040 tag=516 flow_id=1366 at time=101734195
***** info: input gradient collective for layer: mlp_moelayer is finished************
info: no weight grad collective for layer: mlp_moelayer
DEBUG_CHUNK_SIZE: size=20971520, preferred_dataset_splits=1, resulting chunk_size=20971520
DEBUG_COLLECTIVE_TYPE: layer=257, event=UNKNOWN (raw=0), size=20971520, chunk_size=20971520
DEBUG_STREAM_COUNT: chunk size is: 20971520 , size is: 20971520 , layer_num is: 257 , node: 0
DEBUG_STREAM_CREATE: Creating stream #337 for dataset id: 852 (total_streams=1)
DEBUG_STREAM_COUNT: Generated 1 streams for layer 257 (UNKNOWN), total injected: 338
info: all-to-all input grad collective issued for layer: mlp_moelayer, involved dimensions:  1, 0, 0, 0, 0, 0, 0, 0, 0, 0,
[FLOW_DEBUG] Initiating flow from node=0 to node=1 maxPacketCount=[FLOW_DEBUG] Initiating flow from node=10485760 tag=514 flow_id=1368 at time=102108186
1 to node=0 maxPacketCount=10485760 tag=514 flow_id=1369 at time=102108186
***** info: input gradient collective for layer: mlp_moelayer is finished************
info: no weight grad collective for layer: mlp_moelayer
DEBUG_CHUNK_SIZE: size=131072, preferred_dataset_splits=1, resulting chunk_size=131072
DEBUG_COLLECTIVE_TYPE: layer=256, event=UNKNOWN (raw=0), size=131072, chunk_size=131072
DEBUG_STREAM_COUNT: chunk size is: 131072 , size is: 131072 , layer_num is: 256 , node: 0
DEBUG_STREAM_CREATE: Creating stream #338 for dataset id: 854 (total_streams=1)
[FLOW_DEBUG] Initiating flow from node=1 to node=0 maxPacketCount=32768 tag=512 flow_id=1371 at time=102202557
DEBUG_STREAM_COUNT: Generated 1 streams for layer 256 (UNKNOWN), total injected: 339
info: all-gather input grad collective issued for layer: mlp_moelayer, involved dimensions:  1, 0, 0, 0, 0, 0, 0, 0, 0, 0,
[FLOW_DEBUG] Initiating flow from node=0 to node=1 maxPacketCount=32768 tag=512 flow_id=1370 at time=102202557
[FLOW_DEBUG] Initiating flow from node=1 to node=0 maxPacketCount=32768 tag=513 flow_id=1373 at time=102202557
[FLOW_DEBUG] Initiating flow from node=0 to node=1 maxPacketCount=32768 tag=513 flow_id=1372 at time=102202557
***** info: input gradient collective for layer: mlp_moelayer is finished************
info: no weight grad collective for layer: mlp_moelayer
info: no input grad collective for layer: attention_row
info: no weight grad collective for layer: attention_row
info: no input grad collective for layer: attention_column
info: no weight grad collective for layer: attention_column
DEBUG_CHUNK_SIZE: size=20971520, preferred_dataset_splits=1, resulting chunk_size=20971520
DEBUG_COLLECTIVE_TYPE: layer=253, event=UNKNOWN (raw=0), size=20971520, chunk_size=20971520
DEBUG_STREAM_COUNT: chunk size is: 20971520 , size is: 20971520 , layer_num is: 253 , node: 0
DEBUG_STREAM_CREATE: Creating stream #339 for dataset id: 856 (total_streams=1)
[FLOW_DEBUG] Initiating flow from node=1 to node=0 maxPacketCount=10485760 tag=506 flow_id=1375 at time=102204311
DEBUG_STREAM_COUNT: Generated 1 streams for layer 253 (UNKNOWN), total injected: 340
info: all-to-all input grad collective issued for layer: mlp_moelayer, involved dimensions:  1, 0, 0, 0, 0, 0, 0, 0, 0, 0,
[FLOW_DEBUG] Initiating flow from node=0 to node=1 maxPacketCount=10485760 tag=506 flow_id=1374 at time=102204311
***** info: input gradient collective for layer: mlp_moelayer is finished************
info: no weight grad collective for layer: mlp_moelayer
DEBUG_CHUNK_SIZE: size=83886080, preferred_dataset_splits=1, resulting chunk_size=83886080
DEBUG_COLLECTIVE_TYPE: layer=252, event=UNKNOWN (raw=0), size=83886080, chunk_size=83886080
DEBUG_STREAM_COUNT: chunk size is: 83886080 , size is: 83886080 , layer_num is: 252 , node: 0
[FLOW_DEBUG] Initiating flow from node=1 to node=0 maxPacketCount=41943040 tag=504 flow_id=1377 at time=102298682
DEBUG_STREAM_CREATE: Creating stream #340 for dataset id: 858 (total_streams=1)
DEBUG_STREAM_COUNT: Generated 1 streams for layer 252 (UNKNOWN), total injected: 341
info: all-to-all input grad collective issued for layer: mlp_moelayer, involved dimensions:  1, 0, 0, 0, 0, 0, 0, 0, 0, 0,
[FLOW_DEBUG] Initiating flow from node=0 to node=1 maxPacketCount=41943040 tag=504 flow_id=1376 at time=102298682
***** info: input gradient collective for layer: mlp_moelayer is finished************
info: no weight grad collective for layer: mlp_moelayer
DEBUG_CHUNK_SIZE: size=83886080, preferred_dataset_splits=1, resulting chunk_size=83886080
DEBUG_COLLECTIVE_TYPE: layer=251, event=UNKNOWN (raw=0), size=83886080, chunk_size=83886080
DEBUG_STREAM_COUNT: chunk size is: 83886080 , size is: 83886080 , layer_num is: 251 , node: 0
DEBUG_STREAM_CREATE: Creating stream #341 for dataset id: 860 (total_streams=1)
[FLOW_DEBUG] Initiating flow from node=1 to node=0 maxPacketCount=20971520 tag=502 flow_id=1379 at time=102672673
DEBUG_STREAM_COUNT: Generated 1 streams for layer 251 (UNKNOWN), total injected: 342
info: all-gather input grad collective issued for layer: mlp_moelayer, involved dimensions:  1, 0, 0, 0, 0, 0, 0, 0, 0, 0,
[FLOW_DEBUG] Initiating flow from node=0 to node=1 maxPacketCount=20971520 tag=502 flow_id=1378 at time=102672673
[FLOW_DEBUG] Initiating flow from node=1 to node=0 maxPacketCount=20971520 tag=503 flow_id=1381 at time=102672673
[FLOW_DEBUG] Initiating flow from node=0 to node=1 maxPacketCount=20971520 tag=503 flow_id=1380 at time=102672673
***** info: input gradient collective for layer: mlp_moelayer is finished************
info: no weight grad collective for layer: mlp_moelayer
DEBUG_CHUNK_SIZE: size=167772160, preferred_dataset_splits=1, resulting chunk_size=167772160
DEBUG_COLLECTIVE_TYPE: layer=250, event=UNKNOWN (raw=0), size=167772160, chunk_size=167772160
DEBUG_STREAM_COUNT: chunk size is: 167772160 , size is: 167772160 , layer_num is: 250 , node: 0
DEBUG_STREAM_CREATE: Creating stream #342 for dataset id: 862 (total_streams=1)
[FLOW_DEBUG] Initiating flow from node=1 to node=0 maxPacketCount=41943040 tag=500 flow_id=1383 at time=103046663
DEBUG_STREAM_COUNT: Generated 1 streams for layer 250 (UNKNOWN), total injected: 343
info: all-gather input grad collective issued for layer: mlp_moelayer, involved dimensions:  1, 0, 0, 0, 0, 0, 0, 0, 0, 0,
[FLOW_DEBUG] Initiating flow from node=0 to node=1 maxPacketCount=41943040 tag=500 flow_id=1382 at time=103046663
[FLOW_DEBUG] Initiating flow from node=1 to node=0 maxPacketCount=41943040 tag=501 flow_id=1385 at time=103046663
[FLOW_DEBUG] Initiating flow from node=0 to node=1 maxPacketCount=41943040 tag=501 flow_id=1384 at time=103046663
***** info: input gradient collective for layer: mlp_moelayer is finished************
info: no weight grad collective for layer: mlp_moelayer
DEBUG_CHUNK_SIZE: size=83886080, preferred_dataset_splits=1, resulting chunk_size=83886080
DEBUG_COLLECTIVE_TYPE: layer=249, event=UNKNOWN (raw=0), size=83886080, chunk_size=83886080
DEBUG_STREAM_COUNT: chunk size is: 83886080 , size is: 83886080 , layer_num is: 249 , node: 0
DEBUG_STREAM_CREATE: Creating stream #343 for dataset id: 864 (total_streams=1)
DEBUG_STREAM_COUNT: Generated 1 streams for layer 249 (UNKNOWN), total injected: 344
info: all-to-all input grad collective issued for layer: mlp_moelayer, involved dimensions:  1, 0, 0, 0, 0, 0, 0, 0, 0, 0,
[FLOW_DEBUG] Initiating flow from node=0 to node=1 maxPacketCount=41943040 tag=498 flow_id=1386 at time=103793481
[FLOW_DEBUG] Initiating flow from node=1 to node=0 maxPacketCount=41943040 tag=498 flow_id=1387 at time=103793481
***** info: input gradient collective for layer: mlp_moelayer is finished************
info: no weight grad collective for layer: mlp_moelayer
DEBUG_CHUNK_SIZE: size=20971520, preferred_dataset_splits=1, resulting chunk_size=20971520
DEBUG_COLLECTIVE_TYPE: layer=248, event=UNKNOWN (raw=0), size=20971520, chunk_size=20971520
DEBUG_STREAM_COUNT: chunk size is: 20971520 , size is: 20971520 , layer_num is: 248 , node: 0
[FLOW_DEBUG] Initiating flow from node=1 to node=0 maxPacketCount=10485760 tag=496 flow_id=1389 at time=104167472
DEBUG_STREAM_CREATE: Creating stream #344 for dataset id: 866 (total_streams=1)
DEBUG_STREAM_COUNT: Generated 1 streams for layer 248 (UNKNOWN), total injected: 345
info: all-to-all input grad collective issued for layer: mlp_moelayer, involved dimensions:  1, 0, 0, 0, 0, 0, 0, 0, 0, 0,
[FLOW_DEBUG] Initiating flow from node=0 to node=1 maxPacketCount=10485760 tag=496 flow_id=1388 at time=104167472
***** info: input gradient collective for layer: mlp_moelayer is finished************
info: no weight grad collective for layer: mlp_moelayer
[FLOW_DEBUG] Initiating flow from node=1 to node=0 maxPacketCount=32768 tag=494 flow_id=1391 at time=104261843
DEBUG_CHUNK_SIZE: size=131072, preferred_dataset_splits=1, resulting chunk_size=131072
DEBUG_COLLECTIVE_TYPE: layer=247, event=UNKNOWN (raw=0), size=131072, chunk_size=131072
DEBUG_STREAM_COUNT: chunk size is: 131072 , size is: 131072 , layer_num is: 247 , node: 0
[FLOW_DEBUG] Initiating flow from node=1 to node=0 maxPacketCount=32768 tag=495 flow_id=1393 at time=104261843
DEBUG_STREAM_CREATE: Creating stream #345 for dataset id: 868 (total_streams=1)
DEBUG_STREAM_COUNT: Generated 1 streams for layer 247 (UNKNOWN), total injected: 346
info: all-gather input grad collective issued for layer: mlp_moelayer, involved dimensions:  1, 0, 0, 0, 0, 0, 0, 0, 0, 0,
[FLOW_DEBUG] Initiating flow from node=0 to node=1 maxPacketCount=32768 tag=494 flow_id=1390 at time=104261843
[FLOW_DEBUG] Initiating flow from node=0 to node=1 maxPacketCount=32768 tag=495 flow_id=1392 at time=104261843
***** info: input gradient collective for layer: mlp_moelayer is finished************
info: no weight grad collective for layer: mlp_moelayer
info: no input grad collective for layer: attention_row
info: no weight grad collective for layer: attention_row
info: no input grad collective for layer: attention_column
info: no weight grad collective for layer: attention_column
DEBUG_CHUNK_SIZE: size=20971520, preferred_dataset_splits=1, resulting chunk_size=20971520
DEBUG_COLLECTIVE_TYPE: layer=244, event=UNKNOWN (raw=0), size=20971520, chunk_size=20971520
DEBUG_STREAM_COUNT: chunk size is: 20971520 , size is: 20971520 , layer_num is: 244 , node: 0
[FLOW_DEBUG] Initiating flow from node=1 to node=0 maxPacketCount=10485760 tag=488 flow_id=1395 at time=104263597
DEBUG_STREAM_CREATE: Creating stream #346 for dataset id: 870 (total_streams=1)
DEBUG_STREAM_COUNT: Generated 1 streams for layer 244 (UNKNOWN), total injected: 347
info: all-to-all input grad collective issued for layer: mlp_moelayer, involved dimensions:  1, 0, 0, 0, 0, 0, 0, 0, 0, 0,
[FLOW_DEBUG] Initiating flow from node=0 to node=1 maxPacketCount=10485760 tag=488 flow_id=1394 at time=104263597
***** info: input gradient collective for layer: mlp_moelayer is finished************
info: no weight grad collective for layer: mlp_moelayer
DEBUG_CHUNK_SIZE: size=83886080, preferred_dataset_splits=1, resulting chunk_size=83886080
DEBUG_COLLECTIVE_TYPE: layer=243, event=UNKNOWN (raw=0), size=83886080, chunk_size=83886080
DEBUG_STREAM_COUNT: chunk size is: 83886080 , size is: 83886080 , layer_num is: 243 , node: 0
DEBUG_STREAM_CREATE: Creating stream #347 for dataset id: 872 (total_streams=1)
[FLOW_DEBUG] Initiating flow from node=1 to node=0 maxPacketCount=41943040 tag=486 flow_id=1397 at time=104357968
DEBUG_STREAM_COUNT: Generated 1 streams for layer 243 (UNKNOWN), total injected: 348
info: all-to-all input grad collective issued for layer: mlp_moelayer, involved dimensions:  1, 0, 0, 0, 0, 0, 0, 0, 0, 0,
[FLOW_DEBUG] Initiating flow from node=0 to node=1 maxPacketCount=41943040 tag=486 flow_id=1396 at time=104357968
***** info: input gradient collective for layer: mlp_moelayer is finished************
info: no weight grad collective for layer: mlp_moelayer
DEBUG_CHUNK_SIZE: size=83886080, preferred_dataset_splits=1, resulting chunk_size=83886080
DEBUG_COLLECTIVE_TYPE: layer=242, event=UNKNOWN (raw=0), size=83886080, chunk_size=83886080
DEBUG_STREAM_COUNT: chunk size is: 83886080 , size is: 83886080 , layer_num is: 242 , node: 0
[FLOW_DEBUG] Initiating flow from node=1 to node=0 maxPacketCount=20971520 tag=484 flow_id=1399 at time=104731959
DEBUG_STREAM_CREATE: Creating stream #348 for dataset id: 874 (total_streams=1)
DEBUG_STREAM_COUNT: Generated 1 streams for layer 242 (UNKNOWN), total injected: 349
[FLOW_DEBUG] Initiating flow from node=1 to node=0 maxPacketCount=20971520 tag=485 flow_id=1401 at time=info: all-gather input grad collective issued for layer: 104731959mlp_moelayer
, involved dimensions:  1, 0, 0, 0, 0, 0, 0, 0, 0, 0,
[FLOW_DEBUG] Initiating flow from node=0 to node=1 maxPacketCount=20971520 tag=484 flow_id=1398 at time=104731959
[FLOW_DEBUG] Initiating flow from node=0 to node=1 maxPacketCount=20971520 tag=485 flow_id=1400 at time=104731959
***** info: input gradient collective for layer: mlp_moelayer is finished************
info: no weight grad collective for layer: mlp_moelayer
DEBUG_CHUNK_SIZE: size=167772160, preferred_dataset_splits=1, resulting chunk_size=167772160
DEBUG_COLLECTIVE_TYPE: layer=241, event=UNKNOWN (raw=0), size=167772160, chunk_size=167772160
DEBUG_STREAM_COUNT: chunk size is: 167772160 , size is: 167772160 , layer_num is: 241 , node: 0
DEBUG_STREAM_CREATE: Creating stream #349 for dataset id: 876 (total_streams=1)
DEBUG_STREAM_COUNT: Generated 1 streams for layer 241 (UNKNOWN), total injected: 350
info: all-gather input grad collective issued for layer: mlp_moelayer, involved dimensions:  1, 0, 0, 0, 0, 0, 0, 0, 0, 0,
[FLOW_DEBUG] Initiating flow from node=0 to node=1 maxPacketCount=41943040 tag=482 flow_id=1402 at time=105105949
[FLOW_DEBUG] Initiating flow from node=1 to node=0 maxPacketCount=41943040 tag=482 flow_id=1403 at time=105105949
[FLOW_DEBUG] Initiating flow from node=0 to node=1 maxPacketCount=41943040 tag=483 flow_id=1404 at time=105105949
[FLOW_DEBUG] Initiating flow from node=1 to node=0 maxPacketCount=41943040 tag=483 flow_id=1405 at time=105105949
***** info: input gradient collective for layer: mlp_moelayer is finished************
info: no weight grad collective for layer: mlp_moelayer
DEBUG_CHUNK_SIZE: size=83886080, preferred_dataset_splits=1, resulting chunk_size=83886080
DEBUG_COLLECTIVE_TYPE: layer=240, event=UNKNOWN (raw=0), size=83886080, chunk_size=83886080
DEBUG_STREAM_COUNT: chunk size is: 83886080 , size is: 83886080 , layer_num is: 240 , node: 0
DEBUG_STREAM_CREATE: Creating stream #350 for dataset id: 878 (total_streams=1)
DEBUG_STREAM_COUNT: Generated 1 streams for layer 240 (UNKNOWN), total injected: 351
info: all-to-all input grad collective issued for layer: mlp_moelayer, involved dimensions:  1, 0, 0, 0, 0, 0, 0, 0, 0, 0,
[FLOW_DEBUG] Initiating flow from node=1 to node=0 maxPacketCount=41943040 tag=480 flow_id=1407 at time=105852767
[FLOW_DEBUG] Initiating flow from node=0 to node=1 maxPacketCount=41943040 tag=480 flow_id=1406 at time=105852767
***** info: input gradient collective for layer: mlp_moelayer is finished************
info: no weight grad collective for layer: mlp_moelayer
DEBUG_CHUNK_SIZE: size=20971520, preferred_dataset_splits=1, resulting chunk_size=20971520
DEBUG_COLLECTIVE_TYPE: layer=239, event=UNKNOWN (raw=0), size=20971520, chunk_size=20971520
DEBUG_STREAM_COUNT: chunk size is: 20971520 , size is: 20971520 , layer_num is: 239 , node: 0
DEBUG_STREAM_CREATE: Creating stream #351 for dataset id: 880 (total_streams=1)
DEBUG_STREAM_COUNT: Generated 1 streams for layer 239 (UNKNOWN), total injected: 352
info: all-to-all input grad collective issued for layer: mlp_moelayer, involved dimensions:  1, 0, 0, 0, 0, 0, 0, 0, 0, 0,
[FLOW_DEBUG] Initiating flow from node=0 to node=1 maxPacketCount=10485760 tag=478 flow_id=1408 at time=106226758
[FLOW_DEBUG] Initiating flow from node=1 to node=0 maxPacketCount=10485760 tag=478 flow_id=1409 at time=106226758
***** info: input gradient collective for layer: mlp_moelayer is finished************
info: no weight grad collective for layer: mlp_moelayer
DEBUG_CHUNK_SIZE: size=131072, preferred_dataset_splits=1, resulting chunk_size=131072
DEBUG_COLLECTIVE_TYPE: layer=238, event=UNKNOWN (raw=0), size=131072, chunk_size=131072
DEBUG_STREAM_COUNT: chunk size is: 131072 , size is: 131072 , layer_num is: 238 , node: 0
DEBUG_STREAM_CREATE: Creating stream #352 for dataset id: 882 (total_streams=1)
[FLOW_DEBUG] Initiating flow from node=1 to node=0 maxPacketCount=32768 tag=476 flow_id=1411 at time=106321129
DEBUG_STREAM_COUNT: Generated 1 streams for layer 238 (UNKNOWN), total injected: 353
info: all-gather input grad collective issued for layer: mlp_moelayer, involved dimensions:  1, 0, 0, 0, 0, 0, 0, 0, 0, 0,
[FLOW_DEBUG] Initiating flow from node=0 to node=1 maxPacketCount=32768 tag=476 flow_id=1410 at time=106321129
[FLOW_DEBUG] Initiating flow from node=1 to node=0 maxPacketCount=32768 tag=477 flow_id=1413 at time=106321129
[FLOW_DEBUG] Initiating flow from node=0 to node=1 maxPacketCount=32768 tag=477 flow_id=1412 at time=106321129
***** info: input gradient collective for layer: mlp_moelayer is finished************
info: no weight grad collective for layer: mlp_moelayer
info: no input grad collective for layer: attention_row
info: no weight grad collective for layer: attention_row
info: no input grad collective for layer: attention_column
info: no weight grad collective for layer: attention_column
DEBUG_CHUNK_SIZE: size=20971520, preferred_dataset_splits=1, resulting chunk_size=20971520
DEBUG_COLLECTIVE_TYPE: layer=235, event=UNKNOWN (raw=0), size=20971520, chunk_size=20971520
DEBUG_STREAM_COUNT: chunk size is: 20971520 , size is: 20971520 , layer_num is: 235 , node: 0
[FLOW_DEBUG] Initiating flow from node=1 to node=0 maxPacketCount=10485760 tag=470 flow_id=1415 at time=106322883
DEBUG_STREAM_CREATE: Creating stream #353 for dataset id: 884 (total_streams=1)
DEBUG_STREAM_COUNT: Generated 1 streams for layer 235 (UNKNOWN), total injected: 354
info: all-to-all input grad collective issued for layer: mlp_moelayer, involved dimensions:  1, 0, 0, 0, 0, 0, 0, 0, 0, 0,
[FLOW_DEBUG] Initiating flow from node=0 to node=1 maxPacketCount=10485760 tag=470 flow_id=1414 at time=106322883
***** info: input gradient collective for layer: mlp_moelayer is finished************
info: no weight grad collective for layer: mlp_moelayer
DEBUG_CHUNK_SIZE: size=83886080, preferred_dataset_splits=1, resulting chunk_size=83886080
DEBUG_COLLECTIVE_TYPE: layer=234, event=UNKNOWN (raw=0), size=83886080, chunk_size=83886080
DEBUG_STREAM_COUNT: chunk size is: 83886080 , size is: 83886080 , layer_num is: 234 , node: 0
[FLOW_DEBUG] Initiating flow from node=1 to node=0 maxPacketCount=41943040 tag=468 flow_id=1417 at time=106417254
DEBUG_STREAM_CREATE: Creating stream #354 for dataset id: 886 (total_streams=1)
DEBUG_STREAM_COUNT: Generated 1 streams for layer 234 (UNKNOWN), total injected: 355
info: all-to-all input grad collective issued for layer: mlp_moelayer, involved dimensions:  1, 0, 0, 0, 0, 0, 0, 0, 0, 0,
[FLOW_DEBUG] Initiating flow from node=0 to node=1 maxPacketCount=41943040 tag=468 flow_id=1416 at time=106417254
***** info: input gradient collective for layer: mlp_moelayer is finished************
info: no weight grad collective for layer: mlp_moelayer
DEBUG_CHUNK_SIZE: size=83886080, preferred_dataset_splits=1, resulting chunk_size=83886080
DEBUG_COLLECTIVE_TYPE: layer=233, event=UNKNOWN (raw=0), size=83886080, chunk_size=83886080
DEBUG_STREAM_COUNT: chunk size is: 83886080 , size is: 83886080 , layer_num is: 233 , node: 0
[FLOW_DEBUG] Initiating flow from node=1 to node=0 maxPacketCount=20971520 tag=466 flow_id=1419 at time=106791245
DEBUG_STREAM_CREATE: Creating stream #355 for dataset id: 888 (total_streams=1)
DEBUG_STREAM_COUNT: Generated 1 streams for layer 233 (UNKNOWN), total injected: 356
info: all-gather input grad collective issued for layer: mlp_moelayer, involved dimensions:  1, 0, 0, 0, 0, 0, 0, 0, 0, 0,
[FLOW_DEBUG] Initiating flow from node=0 to node=1 maxPacketCount=20971520 tag=466 flow_id=1418 at time=106791245
[FLOW_DEBUG] Initiating flow from node=1 to node=0 maxPacketCount=20971520 tag=467 flow_id=1421 at time=106791245
[FLOW_DEBUG] Initiating flow from node=0 to node=1 maxPacketCount=20971520 tag=467 flow_id=1420 at time=106791245
***** info: input gradient collective for layer: mlp_moelayer is finished************
info: no weight grad collective for layer: mlp_moelayer
DEBUG_CHUNK_SIZE: size=167772160, preferred_dataset_splits=1, resulting chunk_size=167772160
DEBUG_COLLECTIVE_TYPE: layer=232, event=UNKNOWN (raw=0), size=167772160, chunk_size=167772160
DEBUG_STREAM_COUNT: chunk size is: 167772160 , size is: 167772160 , layer_num is: 232 , node: 0
DEBUG_STREAM_CREATE: Creating stream #356 for dataset id: 890 (total_streams=1)
[FLOW_DEBUG] Initiating flow from node=1 to node=0 maxPacketCount=41943040 tag=464 flow_id=1423 at time=107165235
DEBUG_STREAM_COUNT: Generated 1 streams for layer 232 (UNKNOWN), total injected: 357
info: all-gather input grad collective issued for layer: mlp_moelayer, involved dimensions:  1, 0, 0, 0, 0, 0, 0, 0, 0, 0,
[FLOW_DEBUG] Initiating flow from node=0 to node=1 maxPacketCount=41943040 tag=464 flow_id=1422 at time=107165235
[FLOW_DEBUG] Initiating flow from node=0 to node=1 maxPacketCount=41943040 tag=465 flow_id=1424 at time=107165235
[FLOW_DEBUG] Initiating flow from node=1 to node=0 maxPacketCount=41943040 tag=465 flow_id=1425 at time=107165235
***** info: input gradient collective for layer: mlp_moelayer is finished************
info: no weight grad collective for layer: mlp_moelayer
DEBUG_CHUNK_SIZE: size=83886080, preferred_dataset_splits=1, resulting chunk_size=83886080
DEBUG_COLLECTIVE_TYPE: layer=231, event=UNKNOWN (raw=0), size=83886080, chunk_size=83886080
DEBUG_STREAM_COUNT: chunk size is: 83886080 , size is: 83886080 , layer_num is: 231 , node: 0
DEBUG_STREAM_CREATE: Creating stream #357 for dataset id: 892 (total_streams=1)
[FLOW_DEBUG] Initiating flow from node=1 to node=0 maxPacketCount=41943040 tag=462 flow_id=1427 at time=107912053
DEBUG_STREAM_COUNT: Generated 1 streams for layer 231 (UNKNOWN), total injected: 358
info: all-to-all input grad collective issued for layer: mlp_moelayer, involved dimensions:  1, 0, 0, 0, 0, 0, 0, 0, 0, 0,
[FLOW_DEBUG] Initiating flow from node=0 to node=1 maxPacketCount=41943040 tag=462 flow_id=1426 at time=107912053
***** info: input gradient collective for layer: mlp_moelayer is finished************
info: no weight grad collective for layer: mlp_moelayer
DEBUG_CHUNK_SIZE: size=20971520, preferred_dataset_splits=1, resulting chunk_size=20971520
DEBUG_COLLECTIVE_TYPE: layer=230, event=UNKNOWN (raw=0), size=20971520, chunk_size=20971520
DEBUG_STREAM_COUNT: chunk size is: 20971520 , size is: 20971520 , layer_num is: 230 , node: 0
DEBUG_STREAM_CREATE: Creating stream #358 for dataset id: 894 (total_streams=1)
DEBUG_STREAM_COUNT: Generated 1 streams for layer 230 (UNKNOWN), total injected: 359
info: all-to-all input grad collective issued for layer: mlp_moelayer, involved dimensions:  1, 0, 0, 0, 0, 0, 0, 0, 0, 0,
[FLOW_DEBUG] Initiating flow from node=0 to node=1 maxPacketCount=[FLOW_DEBUG] Initiating flow from node=10485760 tag=4601 to node= flow_id=0 maxPacketCount=1428 at time=10485760 tag=460 flow_id=1429 at time=108286044
108286044
***** info: input gradient collective for layer: mlp_moelayer is finished************
info: no weight grad collective for layer: mlp_moelayer
DEBUG_CHUNK_SIZE: size=131072, preferred_dataset_splits=1, resulting chunk_size=131072
DEBUG_COLLECTIVE_TYPE: layer=229, event=UNKNOWN (raw=0), size=131072, chunk_size=131072
DEBUG_STREAM_COUNT: chunk size is: 131072 , size is: 131072 , layer_num is: 229 , node: 0
DEBUG_STREAM_CREATE: Creating stream #359 for dataset id: 896 (total_streams=1)
DEBUG_STREAM_COUNT: Generated 1 streams for layer 229 (UNKNOWN), total injected: 360
info: all-gather input grad collective issued for layer: mlp_moelayer, involved dimensions:  1, 0, 0, 0, 0, 0, 0, 0, 0, 0,
[FLOW_DEBUG] Initiating flow from node=1 to node=0 maxPacketCount=32768 tag=458 flow_id=1431 at time=108380415
[FLOW_DEBUG] Initiating flow from node=0 to node=1 maxPacketCount=32768 tag=458 flow_id=1430 at time=108380415
[FLOW_DEBUG] Initiating flow from node=1 to node=0 maxPacketCount=32768 tag=459 flow_id=1433 at time=108380415
[FLOW_DEBUG] Initiating flow from node=0 to node=1 maxPacketCount=32768 tag=459 flow_id=1432 at time=108380415
***** info: input gradient collective for layer: mlp_moelayer is finished************
info: no weight grad collective for layer: mlp_moelayer
info: no input grad collective for layer: attention_row
info: no weight grad collective for layer: attention_row
info: no input grad collective for layer: attention_column
info: no weight grad collective for layer: attention_column
info: no input grad collective for layer: embedding_layer
info: no weight grad collective for layer: embedding_layer
info: no input grad collective for layer: embedding_norm
info: no weight grad collective for layer: embedding_norm
info: no input grad collective for layer: final_column
info: no weight grad collective for layer: final_column
DEBUG_CHUNK_SIZE: size=20971520, preferred_dataset_splits=1, resulting chunk_size=20971520
DEBUG_COLLECTIVE_TYPE: layer=223, event=UNKNOWN (raw=0), size=20971520, chunk_size=20971520
DEBUG_STREAM_COUNT: chunk size is: 20971520 , size is: 20971520 , layer_num is: 223 , node: 0
DEBUG_STREAM_CREATE: Creating stream #360 for dataset id: 898 (total_streams=1)
DEBUG_STREAM_COUNT: Generated 1 streams for layer 223 (UNKNOWN), total injected: 361
info: all-to-all input grad collective issued for layer: mlp_moelayer, involved dimensions:  1, 0, 0, 0, 0, 0, 0, 0, 0, 0,
[FLOW_DEBUG] Initiating flow from node=1 to node=0 maxPacketCount=10485760 tag=446 flow_id=1435 at time=[FLOW_DEBUG] Initiating flow from node=0 to node=1 maxPacketCount=10485760 tag=446 flow_id=1434 at time=108382181
108382181
***** info: input gradient collective for layer: mlp_moelayer is finished************
info: no weight grad collective for layer: mlp_moelayer
DEBUG_CHUNK_SIZE: size=83886080, preferred_dataset_splits=1, resulting chunk_size=83886080
DEBUG_COLLECTIVE_TYPE: layer=222, event=UNKNOWN (raw=0), size=83886080, chunk_size=83886080
DEBUG_STREAM_COUNT: chunk size is: 83886080 , size is: 83886080 , layer_num is: 222 , node: 0
DEBUG_STREAM_CREATE: Creating stream #361 for dataset id: 900 (total_streams=1)
DEBUG_STREAM_COUNT: Generated 1 streams for layer 222 (UNKNOWN), total injected: 362
info: all-to-all input grad collective issued for layer: mlp_moelayer, involved dimensions:  1, 0, 0, 0, 0, 0, 0, 0, 0, 0,
[FLOW_DEBUG] Initiating flow from node=1 to node=[FLOW_DEBUG] Initiating flow from node=0 to node=10 maxPacketCount=41943040 maxPacketCount= tag=41943040 tag=444444 flow_id=1437 flow_id= at time=1436 at time=108476552
108476552
***** info: input gradient collective for layer: mlp_moelayer is finished************
info: no weight grad collective for layer: mlp_moelayer
DEBUG_CHUNK_SIZE: size=83886080, preferred_dataset_splits=1, resulting chunk_size=83886080
DEBUG_COLLECTIVE_TYPE: layer=221, event=UNKNOWN (raw=0), size=83886080, chunk_size=83886080
DEBUG_STREAM_COUNT: chunk size is: 83886080 , size is: 83886080 , layer_num is: 221 , node: 0
[FLOW_DEBUG] Initiating flow from node=1 to node=0 maxPacketCount=20971520 tag=442 flow_id=1439 at time=108850543
DEBUG_STREAM_CREATE: Creating stream #362 for dataset id: 902 (total_streams=1)
DEBUG_STREAM_COUNT: Generated 1 streams for layer 221 (UNKNOWN), total injected: 363
info: all-gather input grad collective issued for layer: mlp_moelayer, involved dimensions:  1, 0, 0, 0, 0, 0, 0, 0, 0, 0,
[FLOW_DEBUG] Initiating flow from node=0 to node=1 maxPacketCount=20971520 tag=442 flow_id=1438 at time=108850543
[FLOW_DEBUG] Initiating flow from node=1 to node=0 maxPacketCount=20971520 tag=443 flow_id=1441 at time=108850543
[FLOW_DEBUG] Initiating flow from node=0 to node=1 maxPacketCount=20971520 tag=443 flow_id=1440 at time=108850543
***** info: input gradient collective for layer: mlp_moelayer is finished************
info: no weight grad collective for layer: mlp_moelayer
DEBUG_CHUNK_SIZE: size=167772160, preferred_dataset_splits=1, resulting chunk_size=167772160
DEBUG_COLLECTIVE_TYPE: layer=220, event=UNKNOWN (raw=0), size=167772160, chunk_size=167772160
DEBUG_STREAM_COUNT: chunk size is: 167772160 , size is: 167772160 , layer_num is: 220 , node: 0
DEBUG_STREAM_CREATE: Creating stream #363 for dataset id: 904 (total_streams=1)
[FLOW_DEBUG] Initiating flow from node=1 to node=0 maxPacketCount=41943040 tag=440 flow_id=1443 at time=109224533
DEBUG_STREAM_COUNT: Generated 1 streams for layer 220 (UNKNOWN), total injected: 364
info: all-gather input grad collective issued for layer: mlp_moelayer, involved dimensions:  1, 0, 0, 0, 0, 0, 0, 0, 0, 0,
[FLOW_DEBUG] Initiating flow from node=0 to node=1 maxPacketCount=41943040 tag=440 flow_id=1442 at time=109224533
[FLOW_DEBUG] Initiating flow from node=1 to node=0 maxPacketCount=41943040 tag=441 flow_id=1445 at time=109224533
[FLOW_DEBUG] Initiating flow from node=0 to node=1 maxPacketCount=41943040 tag=441 flow_id=1444 at time=109224533
***** info: input gradient collective for layer: mlp_moelayer is finished************
info: no weight grad collective for layer: mlp_moelayer
DEBUG_CHUNK_SIZE: size=83886080, preferred_dataset_splits=1, resulting chunk_size=83886080
DEBUG_COLLECTIVE_TYPE: layer=219, event=UNKNOWN (raw=0), size=83886080, chunk_size=83886080
DEBUG_STREAM_COUNT: chunk size is: 83886080 , size is: 83886080 , layer_num is: 219 , node: 0
[FLOW_DEBUG] Initiating flow from node=1 to node=0 maxPacketCount=41943040 tag=438 flow_id=1447 at time=109971351
DEBUG_STREAM_CREATE: Creating stream #364 for dataset id: 906 (total_streams=1)
DEBUG_STREAM_COUNT: Generated 1 streams for layer 219 (UNKNOWN), total injected: 365
info: all-to-all input grad collective issued for layer: mlp_moelayer, involved dimensions:  1, 0, 0, 0, 0, 0, 0, 0, 0, 0,
[FLOW_DEBUG] Initiating flow from node=0 to node=1 maxPacketCount=41943040 tag=438 flow_id=1446 at time=109971351
***** info: input gradient collective for layer: mlp_moelayer is finished************
info: no weight grad collective for layer: mlp_moelayer
[FLOW_DEBUG] Initiating flow from node=1 to node=0 maxPacketCount=10485760 tag=436 flow_id=1449 at time=DEBUG_CHUNK_SIZE: size=110345342
20971520, preferred_dataset_splits=1, resulting chunk_size=20971520
DEBUG_COLLECTIVE_TYPE: layer=218, event=UNKNOWN (raw=0), size=20971520, chunk_size=20971520
DEBUG_STREAM_COUNT: chunk size is: 20971520 , size is: 20971520 , layer_num is: 218 , node: 0
DEBUG_STREAM_CREATE: Creating stream #365 for dataset id: 908 (total_streams=1)
DEBUG_STREAM_COUNT: Generated 1 streams for layer 218 (UNKNOWN), total injected: 366
info: all-to-all input grad collective issued for layer: mlp_moelayer, involved dimensions:  1, 0, 0, 0, 0, 0, 0, 0, 0, 0,
[FLOW_DEBUG] Initiating flow from node=0 to node=1 maxPacketCount=10485760 tag=436 flow_id=1448 at time=110345342
***** info: input gradient collective for layer: mlp_moelayer is finished************
info: no weight grad collective for layer: mlp_moelayer
DEBUG_CHUNK_SIZE: size=131072, preferred_dataset_splits=1, resulting chunk_size=131072
DEBUG_COLLECTIVE_TYPE: layer=217, event=UNKNOWN (raw=0), size=131072, chunk_size=131072
DEBUG_STREAM_COUNT: chunk size is: 131072 , size is: 131072 , layer_num is: 217 , node: 0
[FLOW_DEBUG] Initiating flow from node=1 to node=0 maxPacketCount=32768 tag=434 flow_id=1451 at time=110439713
DEBUG_STREAM_CREATE: Creating stream #366 for dataset id: 910 (total_streams=1)
DEBUG_STREAM_COUNT: Generated 1 streams for layer 217 (UNKNOWN), total injected: 367
info: all-gather input grad collective issued for layer: mlp_moelayer, involved dimensions:  1, 0, 0, 0, 0, 0, 0, 0, 0, 0,
[FLOW_DEBUG] Initiating flow from node=0 to node=1 maxPacketCount=32768 tag=434 flow_id=1450 at time=110439713
[FLOW_DEBUG] Initiating flow from node=1 to node=0 maxPacketCount=32768 tag=435 flow_id=1453 at time=110439713
[FLOW_DEBUG] Initiating flow from node=0 to node=1 maxPacketCount=32768 tag=435 flow_id=1452 at time=110439713
***** info: input gradient collective for layer: mlp_moelayer is finished************
info: no weight grad collective for layer: mlp_moelayer
info: no input grad collective for layer: attention_row
info: no weight grad collective for layer: attention_row
[FLOW_DEBUG] Initiating flow from node=1 to node=0 maxPacketCount=10485760 tag=428 flow_id=1455 at time=110441467
info: no input grad collective for layer: attention_column
info: no weight grad collective for layer: attention_column
DEBUG_CHUNK_SIZE: size=20971520, preferred_dataset_splits=1, resulting chunk_size=20971520
DEBUG_COLLECTIVE_TYPE: layer=214, event=UNKNOWN (raw=0), size=20971520, chunk_size=20971520
DEBUG_STREAM_COUNT: chunk size is: 20971520 , size is: 20971520 , layer_num is: 214 , node: 0
DEBUG_STREAM_CREATE: Creating stream #367 for dataset id: 912 (total_streams=1)
DEBUG_STREAM_COUNT: Generated 1 streams for layer 214 (UNKNOWN), total injected: 368
info: all-to-all input grad collective issued for layer: mlp_moelayer, involved dimensions:  1, 0, 0, 0, 0, 0, 0, 0, 0, 0,
[FLOW_DEBUG] Initiating flow from node=0 to node=1 maxPacketCount=10485760 tag=428 flow_id=1454 at time=110441467
***** info: input gradient collective for layer: mlp_moelayer is finished************
info: no weight grad collective for layer: mlp_moelayer
DEBUG_CHUNK_SIZE: size=83886080, preferred_dataset_splits=1, resulting chunk_size=83886080
DEBUG_COLLECTIVE_TYPE: layer=213, event=UNKNOWN (raw=0), size=83886080, chunk_size=83886080
DEBUG_STREAM_COUNT: chunk size is: 83886080 , size is: 83886080 , layer_num is: 213 , node: 0
[FLOW_DEBUG] Initiating flow from node=1 to node=0 maxPacketCount=41943040 tag=426 flow_id=1457 at time=110535838
DEBUG_STREAM_CREATE: Creating stream #368 for dataset id: 914 (total_streams=1)
DEBUG_STREAM_COUNT: Generated 1 streams for layer 213 (UNKNOWN), total injected: 369
info: all-to-all input grad collective issued for layer: mlp_moelayer, involved dimensions:  1, 0, 0, 0, 0, 0, 0, 0, 0, 0,
[FLOW_DEBUG] Initiating flow from node=0 to node=1 maxPacketCount=41943040 tag=426 flow_id=1456 at time=110535838
***** info: input gradient collective for layer: mlp_moelayer is finished************
info: no weight grad collective for layer: mlp_moelayer
DEBUG_CHUNK_SIZE: size=83886080, preferred_dataset_splits=1, resulting chunk_size=83886080
DEBUG_COLLECTIVE_TYPE: layer=212, event=UNKNOWN (raw=0), size=83886080, chunk_size=83886080
DEBUG_STREAM_COUNT: chunk size is: 83886080 , size is: 83886080 , layer_num is: 212 , node: 0
DEBUG_STREAM_CREATE: Creating stream #369 for dataset id: 916 (total_streams=1)
DEBUG_STREAM_COUNT: Generated 1 streams for layer 212 (UNKNOWN), total injected: 370
info: all-gather input grad collective issued for layer: mlp_moelayer, involved dimensions:  1, 0, 0, 0, 0, 0, 0, 0, 0, 0,
[FLOW_DEBUG] Initiating flow from node=1 to node=0 maxPacketCount=20971520 tag=424 flow_id=1459 at time=110909829
[FLOW_DEBUG] Initiating flow from node=0 to node=1 maxPacketCount=20971520 tag=424 flow_id=1458 at time=110909829
[FLOW_DEBUG] Initiating flow from node=0 to node=1 maxPacketCount=20971520 tag=425 flow_id=1460 at time=110909829
[FLOW_DEBUG] Initiating flow from node=1 to node=0 maxPacketCount=20971520 tag=425 flow_id=1461 at time=110909829
***** info: input gradient collective for layer: mlp_moelayer is finished************
info: no weight grad collective for layer: mlp_moelayer
DEBUG_CHUNK_SIZE: size=167772160, preferred_dataset_splits=1, resulting chunk_size=167772160
DEBUG_COLLECTIVE_TYPE: layer=211, event=UNKNOWN (raw=0), size=167772160, chunk_size=167772160
DEBUG_STREAM_COUNT: chunk size is: 167772160 , size is: 167772160 , layer_num is: 211 , node: 0
DEBUG_STREAM_CREATE: Creating stream #370 for dataset id: 918 (total_streams=1)
[FLOW_DEBUG] Initiating flow from node=1 to node=0 maxPacketCount=41943040 tag=422 flow_id=1463 at time=111283819
DEBUG_STREAM_COUNT: Generated 1 streams for layer 211 (UNKNOWN), total injected: 371
info: all-gather input grad collective issued for layer: mlp_moelayer, involved dimensions:  1, 0, 0, 0, 0, 0, 0, 0, 0, 0,
[FLOW_DEBUG] Initiating flow from node=1 to node=0 maxPacketCount=41943040 tag=423 flow_id=1465 at time=111283819
[FLOW_DEBUG] Initiating flow from node=0 to node=1 maxPacketCount=41943040 tag=422 flow_id=1462 at time=111283819
[FLOW_DEBUG] Initiating flow from node=0 to node=1 maxPacketCount=41943040 tag=423 flow_id=1464 at time=111283819
***** info: input gradient collective for layer: mlp_moelayer is finished************
info: no weight grad collective for layer: mlp_moelayer
DEBUG_CHUNK_SIZE: size=83886080, preferred_dataset_splits=1, resulting chunk_size=83886080
DEBUG_COLLECTIVE_TYPE: layer=210, event=UNKNOWN (raw=0), size=83886080, chunk_size=83886080
DEBUG_STREAM_COUNT: chunk size is: 83886080 , size is: 83886080 , layer_num is: 210 , node: 0
DEBUG_STREAM_CREATE: Creating stream #371 for dataset id: 920 (total_streams=1)
DEBUG_STREAM_COUNT: Generated 1 streams for layer 210 (UNKNOWN), total injected: 372
info: all-to-all input grad collective issued for layer: mlp_moelayer, involved dimensions:  1, 0, 0, 0, 0, 0, 0, 0, 0, 0,
[FLOW_DEBUG] Initiating flow from node=1 to node=0 maxPacketCount=41943040 tag=420 flow_id=1467 at time=112030637
[FLOW_DEBUG] Initiating flow from node=0 to node=1 maxPacketCount=41943040 tag=420 flow_id=1466 at time=112030637
***** info: input gradient collective for layer: mlp_moelayer is finished************
info: no weight grad collective for layer: mlp_moelayer
DEBUG_CHUNK_SIZE: size=20971520, preferred_dataset_splits=1, resulting chunk_size=20971520
DEBUG_COLLECTIVE_TYPE: layer=209, event=UNKNOWN (raw=0), size=20971520, chunk_size=20971520
DEBUG_STREAM_COUNT: chunk size is: 20971520 , size is: 20971520 , layer_num is: 209 , node: 0
[FLOW_DEBUG] Initiating flow from node=1 to node=0 maxPacketCount=10485760 tag=418 flow_id=1469 at time=DEBUG_STREAM_CREATE: Creating stream #372 for dataset id: 922 (total_streams=1)
112404628
DEBUG_STREAM_COUNT: Generated 1 streams for layer 209 (UNKNOWN), total injected: 373
info: all-to-all input grad collective issued for layer: mlp_moelayer, involved dimensions:  1, 0, 0, 0, 0, 0, 0, 0, 0, 0,
[FLOW_DEBUG] Initiating flow from node=0 to node=1 maxPacketCount=10485760 tag=418 flow_id=1468 at time=112404628
***** info: input gradient collective for layer: mlp_moelayer is finished************
info: no weight grad collective for layer: mlp_moelayer
DEBUG_CHUNK_SIZE: size=131072, preferred_dataset_splits=1, resulting chunk_size=131072
DEBUG_COLLECTIVE_TYPE: layer=208, event=UNKNOWN (raw=0), size=131072, chunk_size=131072
DEBUG_STREAM_COUNT: chunk size is: 131072 , size is: 131072 , layer_num is: 208 , node: 0
DEBUG_STREAM_CREATE: Creating stream #373 for dataset id: 924 (total_streams=1)
DEBUG_STREAM_COUNT: Generated 1 streams for layer 208 (UNKNOWN), total injected: 374
info: all-gather input grad collective issued for layer: mlp_moelayer, involved dimensions:  1, 0, 0, 0, 0, 0, 0, 0, 0, 0,
[FLOW_DEBUG] Initiating flow from node=[FLOW_DEBUG] Initiating flow from node=0 to node=1 maxPacketCount=32768 tag=1416 flow_id=1470 at time= to node=1124989990
 maxPacketCount=32768 tag=416 flow_id=1471 at time=112498999
[FLOW_DEBUG] Initiating flow from node=0 to node=1 maxPacketCount=32768 tag=417 flow_id=1472 at time=112498999
[FLOW_DEBUG] Initiating flow from node=1 to node=0 maxPacketCount=32768 tag=417 flow_id=1473 at time=112498999
***** info: input gradient collective for layer: mlp_moelayer is finished************
info: no weight grad collective for layer: mlp_moelayer
info: no input grad collective for layer: attention_row
info: no weight grad collective for layer: attention_row
info: no input grad collective for layer: attention_column
info: no weight grad collective for layer: attention_column
DEBUG_CHUNK_SIZE: size=20971520, preferred_dataset_splits=1, resulting chunk_size=20971520
DEBUG_COLLECTIVE_TYPE: layer=205, event=UNKNOWN (raw=0), size=20971520, chunk_size=20971520
DEBUG_STREAM_COUNT: chunk size is: 20971520 , size is: 20971520 , layer_num is: 205 , node: 0
DEBUG_STREAM_CREATE: Creating stream #374 for dataset id: 926 (total_streams=1)
[FLOW_DEBUG] Initiating flow from node=1 to node=0 maxPacketCount=10485760 tag=410 flow_id=1475 at time=112500753
DEBUG_STREAM_COUNT: Generated 1 streams for layer 205 (UNKNOWN), total injected: 375
info: all-to-all input grad collective issued for layer: mlp_moelayer, involved dimensions:  1, 0, 0, 0, 0, 0, 0, 0, 0, 0,
[FLOW_DEBUG] Initiating flow from node=0 to node=1 maxPacketCount=10485760 tag=410 flow_id=1474 at time=112500753
***** info: input gradient collective for layer: mlp_moelayer is finished************
info: no weight grad collective for layer: mlp_moelayer
DEBUG_CHUNK_SIZE: size=83886080, preferred_dataset_splits=1, resulting chunk_size=83886080
DEBUG_COLLECTIVE_TYPE: layer=204, event=UNKNOWN (raw=0), size=83886080, chunk_size=83886080
DEBUG_STREAM_COUNT: chunk size is: 83886080 , size is: 83886080 , layer_num is: 204 , node: 0
DEBUG_STREAM_CREATE: Creating stream #375 for dataset id: 928 (total_streams=1)
[FLOW_DEBUG] Initiating flow from node=1 to node=0 maxPacketCount=41943040 tag=408 flow_id=1477 at time=112595124
DEBUG_STREAM_COUNT: Generated 1 streams for layer 204 (UNKNOWN), total injected: 376
info: all-to-all input grad collective issued for layer: mlp_moelayer, involved dimensions:  1, 0, 0, 0, 0, 0, 0, 0, 0, 0,
[FLOW_DEBUG] Initiating flow from node=0 to node=1 maxPacketCount=41943040 tag=408 flow_id=1476 at time=112595124
***** info: input gradient collective for layer: mlp_moelayer is finished************
info: no weight grad collective for layer: mlp_moelayer
[FLOW_DEBUG] Initiating flow from node=1 to node=0 maxPacketCount=20971520 tag=406 flow_id=1479 at time=DEBUG_CHUNK_SIZE: size=11296911583886080
, preferred_dataset_splits=1, resulting chunk_size=83886080
DEBUG_COLLECTIVE_TYPE: layer=203, event=UNKNOWN (raw=0), size=83886080, chunk_size=83886080
DEBUG_STREAM_COUNT: chunk size is: 83886080 , size is: 83886080 , layer_num is: 203 , node: 0
DEBUG_STREAM_CREATE: Creating stream #376 for dataset id: 930 (total_streams=1)
DEBUG_STREAM_COUNT: Generated 1 streams for layer 203 (UNKNOWN), total injected: 377
info: all-gather input grad collective issued for layer: mlp_moelayer, involved dimensions:  1, 0, 0, 0, 0, 0, 0, 0, 0, 0,[FLOW_DEBUG] Initiating flow from node=
1 to node=0 maxPacketCount=20971520 tag=407 flow_id=1481 at time=112969115
[FLOW_DEBUG] Initiating flow from node=0 to node=1 maxPacketCount=20971520 tag=406 flow_id=1478 at time=112969115
[FLOW_DEBUG] Initiating flow from node=0 to node=1 maxPacketCount=20971520 tag=407 flow_id=1480 at time=112969115
***** info: input gradient collective for layer: mlp_moelayer is finished************
info: no weight grad collective for layer: mlp_moelayer
DEBUG_CHUNK_SIZE: size=167772160, preferred_dataset_splits=1, resulting chunk_size=167772160
DEBUG_COLLECTIVE_TYPE: layer=202, event=UNKNOWN (raw=0), size=167772160, chunk_size=167772160
DEBUG_STREAM_COUNT: chunk size is: 167772160 , size is: 167772160 , layer_num is: 202 , node: 0
DEBUG_STREAM_CREATE: Creating stream #377 for dataset id: 932 (total_streams=1)
[FLOW_DEBUG] Initiating flow from node=1 to node=0 maxPacketCount=41943040 tag=404 flow_id=1483 at time=113343105
DEBUG_STREAM_COUNT: Generated 1 streams for layer 202 (UNKNOWN), total injected: 378
info: all-gather input grad collective issued for layer: mlp_moelayer, involved dimensions:  1, 0, 0, 0, 0, 0, 0, 0, 0, 0,
[FLOW_DEBUG] Initiating flow from node=0 to node=1 maxPacketCount=41943040 tag=404 flow_id=1482 at time=113343105
[FLOW_DEBUG] Initiating flow from node=1 to node=0 maxPacketCount=41943040 tag=405 flow_id=1485 at time=113343105
[FLOW_DEBUG] Initiating flow from node=0 to node=1 maxPacketCount=41943040 tag=405 flow_id=1484 at time=113343105
***** info: input gradient collective for layer: mlp_moelayer is finished************
info: no weight grad collective for layer: mlp_moelayer
DEBUG_CHUNK_SIZE: size=83886080, preferred_dataset_splits=1, resulting chunk_size=83886080
DEBUG_COLLECTIVE_TYPE: layer=201, event=UNKNOWN (raw=0), size=83886080, chunk_size=83886080
DEBUG_STREAM_COUNT: chunk size is: 83886080 , size is: 83886080 , layer_num is: 201 , node: 0
DEBUG_STREAM_CREATE: Creating stream #378 for dataset id: 934 (total_streams=1)
[FLOW_DEBUG] Initiating flow from node=1 to node=0 maxPacketCount=41943040 tag=402 flow_id=1487 at time=114089923
DEBUG_STREAM_COUNT: Generated 1 streams for layer 201 (UNKNOWN), total injected: 379
info: all-to-all input grad collective issued for layer: mlp_moelayer, involved dimensions:  1, 0, 0, 0, 0, 0, 0, 0, 0, 0,
[FLOW_DEBUG] Initiating flow from node=0 to node=1 maxPacketCount=41943040 tag=402 flow_id=1486 at time=114089923
***** info: input gradient collective for layer: mlp_moelayer is finished************
info: no weight grad collective for layer: mlp_moelayer
DEBUG_CHUNK_SIZE: size=20971520, preferred_dataset_splits=1, resulting chunk_size=20971520
DEBUG_COLLECTIVE_TYPE: layer=200, event=UNKNOWN (raw=0), size=20971520, chunk_size=20971520
DEBUG_STREAM_COUNT: chunk size is: 20971520 , size is: 20971520 , layer_num is: 200 , node: 0
[FLOW_DEBUG] Initiating flow from node=1 to node=0 maxPacketCount=10485760 tag=400 flow_id=1489 at time=114463914
DEBUG_STREAM_CREATE: Creating stream #379 for dataset id: 936 (total_streams=1)
DEBUG_STREAM_COUNT: Generated 1 streams for layer 200 (UNKNOWN), total injected: 380
info: all-to-all input grad collective issued for layer: mlp_moelayer, involved dimensions:  1, 0, 0, 0, 0, 0, 0, 0, 0, 0,
[FLOW_DEBUG] Initiating flow from node=0 to node=1 maxPacketCount=10485760 tag=400 flow_id=1488 at time=114463914
***** info: input gradient collective for layer: mlp_moelayer is finished************
info: no weight grad collective for layer: mlp_moelayer
DEBUG_CHUNK_SIZE: size=131072, preferred_dataset_splits=1, resulting chunk_size=131072
DEBUG_COLLECTIVE_TYPE: layer=199, event=UNKNOWN (raw=0), size=131072, chunk_size=131072
DEBUG_STREAM_COUNT: chunk size is: 131072 , size is: 131072 , layer_num is: 199 , node: 0
DEBUG_STREAM_CREATE: Creating stream #380 for dataset id: 938 (total_streams=1)
[FLOW_DEBUG] Initiating flow from node=1 to node=0 maxPacketCount=32768 tag=398 flow_id=1491 at time=114558285
DEBUG_STREAM_COUNT: Generated 1 streams for layer 199 (UNKNOWN), total injected: 381
info: all-gather input grad collective issued for layer: mlp_moelayer, involved dimensions:  1, 0, 0, 0, 0, 0, 0, 0, 0, 0,
[FLOW_DEBUG] Initiating flow from node=0 to node=1 maxPacketCount=32768 tag=398 flow_id=1490 at time=114558285
[FLOW_DEBUG] Initiating flow from node=1 to node=0 maxPacketCount=32768 tag=399 flow_id=1493 at time=114558285
[FLOW_DEBUG] Initiating flow from node=0 to node=1 maxPacketCount=32768 tag=399 flow_id=1492 at time=114558285
***** info: input gradient collective for layer: mlp_moelayer is finished************
info: no weight grad collective for layer: mlp_moelayer
info: no input grad collective for layer: attention_row
info: no weight grad collective for layer: attention_row
info: no input grad collective for layer: attention_column
info: no weight grad collective for layer: attention_column
DEBUG_CHUNK_SIZE: size=20971520, preferred_dataset_splits=1, resulting chunk_size=20971520
DEBUG_COLLECTIVE_TYPE: layer=196, event=UNKNOWN (raw=0), size=20971520, chunk_size=20971520
DEBUG_STREAM_COUNT: chunk size is: 20971520 , size is: 20971520 , layer_num is: 196 , node: 0
DEBUG_STREAM_CREATE: Creating stream #381 for dataset id: 940 (total_streams=1)
[FLOW_DEBUG] Initiating flow from node=1 to node=0 maxPacketCount=10485760 tag=392 flow_id=1495 at time=114560039
DEBUG_STREAM_COUNT: Generated 1 streams for layer 196 (UNKNOWN), total injected: 382
info: all-to-all input grad collective issued for layer: mlp_moelayer, involved dimensions:  1, 0, 0, 0, 0, 0, 0, 0, 0, 0,
[FLOW_DEBUG] Initiating flow from node=0 to node=1 maxPacketCount=10485760 tag=392 flow_id=1494 at time=114560039
***** info: input gradient collective for layer: mlp_moelayer is finished************
info: no weight grad collective for layer: mlp_moelayer
DEBUG_CHUNK_SIZE: size=83886080, preferred_dataset_splits=1, resulting chunk_size=83886080
DEBUG_COLLECTIVE_TYPE: layer=195, event=UNKNOWN (raw=0), size=83886080, chunk_size=83886080
DEBUG_STREAM_COUNT: chunk size is: 83886080 , size is: 83886080 , layer_num is: 195 , node: 0
DEBUG_STREAM_CREATE: Creating stream #382 for dataset id: 942 (total_streams=1)
DEBUG_STREAM_COUNT: Generated 1 streams for layer 195 (UNKNOWN), total injected: 383
info: all-to-all input grad collective issued for layer: mlp_moelayer, involved dimensions:  1, 0, 0, 0, 0, 0, 0, 0, 0, 0,
[FLOW_DEBUG] Initiating flow from node=0 to node=1 maxPacketCount=41943040 tag=390 flow_id=1496 at time=114654410
[FLOW_DEBUG] Initiating flow from node=1 to node=0 maxPacketCount=41943040 tag=390 flow_id=1497 at time=114654410
***** info: input gradient collective for layer: mlp_moelayer is finished************
info: no weight grad collective for layer: mlp_moelayer
DEBUG_CHUNK_SIZE: size=83886080, preferred_dataset_splits=1, resulting chunk_size=83886080
DEBUG_COLLECTIVE_TYPE: layer=194, event=UNKNOWN (raw=0), size=83886080, chunk_size=83886080
DEBUG_STREAM_COUNT: chunk size is: 83886080 , size is: 83886080 , layer_num is: 194 , node: 0
DEBUG_STREAM_CREATE: Creating stream #383 for dataset id: 944 (total_streams=1)
[FLOW_DEBUG] Initiating flow from node=1 to node=0 maxPacketCount=20971520 tag=388 flow_id=1499 at time=115028401
DEBUG_STREAM_COUNT: Generated 1 streams for layer 194 (UNKNOWN), total injected: 384
info: all-gather input grad collective issued for layer: mlp_moelayer, involved dimensions:  1, 0, 0, 0, 0, 0, 0, 0, 0, 0,
[FLOW_DEBUG] Initiating flow from node=0 to node=1 maxPacketCount=20971520 tag=388 flow_id=1498 at time=115028401
[FLOW_DEBUG] Initiating flow from node=1 to node=0 maxPacketCount=20971520 tag=389 flow_id=1501 at time=115028401
[FLOW_DEBUG] Initiating flow from node=0 to node=1 maxPacketCount=20971520 tag=389 flow_id=1500 at time=115028401
***** info: input gradient collective for layer: mlp_moelayer is finished************
info: no weight grad collective for layer: mlp_moelayer
DEBUG_CHUNK_SIZE: size=167772160, preferred_dataset_splits=1, resulting chunk_size=167772160
DEBUG_COLLECTIVE_TYPE: layer=193, event=UNKNOWN (raw=0), size=167772160, chunk_size=167772160
DEBUG_STREAM_COUNT: chunk size is: 167772160 , size is: 167772160 , layer_num is: 193 , node: 0
DEBUG_STREAM_CREATE: Creating stream #384 for dataset id: 946 (total_streams=1)
[FLOW_DEBUG] Initiating flow from node=1 to node=0 maxPacketCount=41943040 tag=386 flow_id=1503 at time=115402391
DEBUG_STREAM_COUNT: Generated 1 streams for layer 193 (UNKNOWN), total injected: 385
info: all-gather input grad collective issued for layer: mlp_moelayer, involved dimensions:  1, 0, 0, 0, 0, 0, 0, 0, 0, 0,
[FLOW_DEBUG] Initiating flow from node=0 to node=1 maxPacketCount=41943040 tag=386 flow_id=1502 at time=115402391
[FLOW_DEBUG] Initiating flow from node=1 to node=0 maxPacketCount=41943040 tag=387 flow_id=1505 at time=115402391
[FLOW_DEBUG] Initiating flow from node=0 to node=1 maxPacketCount=41943040 tag=387 flow_id=1504 at time=115402391
***** info: input gradient collective for layer: mlp_moelayer is finished************
info: no weight grad collective for layer: mlp_moelayer
DEBUG_CHUNK_SIZE: size=83886080, preferred_dataset_splits=1, resulting chunk_size=83886080
DEBUG_COLLECTIVE_TYPE: layer=192, event=UNKNOWN (raw=0), size=83886080, chunk_size=83886080
DEBUG_STREAM_COUNT: chunk size is: 83886080 , size is: 83886080 , layer_num is: 192 , node: 0
[FLOW_DEBUG] Initiating flow from node=1 to node=0 maxPacketCount=41943040 tag=384 flow_id=1507 at time=116149209
DEBUG_STREAM_CREATE: Creating stream #385 for dataset id: 948 (total_streams=1)
DEBUG_STREAM_COUNT: Generated 1 streams for layer 192 (UNKNOWN), total injected: 386
info: all-to-all input grad collective issued for layer: mlp_moelayer, involved dimensions:  1, 0, 0, 0, 0, 0, 0, 0, 0, 0,
[FLOW_DEBUG] Initiating flow from node=0 to node=1 maxPacketCount=41943040 tag=384 flow_id=1506 at time=116149209
***** info: input gradient collective for layer: mlp_moelayer is finished************
info: no weight grad collective for layer: mlp_moelayer
DEBUG_CHUNK_SIZE: size=20971520, preferred_dataset_splits=1, resulting chunk_size=20971520
DEBUG_COLLECTIVE_TYPE: layer=191, event=UNKNOWN (raw=0), size=20971520, chunk_size=20971520
DEBUG_STREAM_COUNT: chunk size is: 20971520 , size is: 20971520 , layer_num is: 191 , node: 0
DEBUG_STREAM_CREATE: Creating stream #386 for dataset id: 950 (total_streams=1)
DEBUG_STREAM_COUNT: Generated 1 streams for layer 191 (UNKNOWN), total injected: 387
info: all-to-all input grad collective issued for layer: mlp_moelayer, involved dimensions:  1,[FLOW_DEBUG] Initiating flow from node= 0, 0, 0,1 0, to node= 0,0 0, maxPacketCount= 0, 0,10485760 tag= 0,382
 flow_id=1509 at time=116523200
[FLOW_DEBUG] Initiating flow from node=0 to node=1 maxPacketCount=10485760 tag=382 flow_id=1508 at time=116523200
***** info: input gradient collective for layer: mlp_moelayer is finished************
info: no weight grad collective for layer: mlp_moelayer
DEBUG_CHUNK_SIZE: size=131072, preferred_dataset_splits=1, resulting chunk_size=131072
DEBUG_COLLECTIVE_TYPE: layer=190, event=UNKNOWN (raw=0), size=131072, chunk_size=131072
DEBUG_STREAM_COUNT: chunk size is: 131072 , size is: 131072 , layer_num is: 190 , node: 0
[FLOW_DEBUG] Initiating flow from node=1 to node=0 maxPacketCount=32768 tag=380 flow_id=1511 at time=116617571
DEBUG_STREAM_CREATE: Creating stream #387 for dataset id: 952 (total_streams=1)
DEBUG_STREAM_COUNT: Generated 1 streams for layer 190 (UNKNOWN), total injected: 388
info: all-gather input grad collective issued for layer: mlp_moelayer, involved dimensions:  1, 0, 0, 0, 0, 0, 0, 0, 0, 0,
[FLOW_DEBUG] Initiating flow from node=0 to node=1 maxPacketCount=32768 tag=380 flow_id=1510 at time=116617571
[FLOW_DEBUG] Initiating flow from node=1 to node=0 maxPacketCount=32768 tag=381 flow_id=1513 at time=116617571
[FLOW_DEBUG] Initiating flow from node=0 to node=1 maxPacketCount=32768 tag=381 flow_id=1512 at time=116617571
***** info: input gradient collective for layer: mlp_moelayer is finished************
info: no weight grad collective for layer: mlp_moelayer
info: no input grad collective for layer: attention_row
info: no weight grad collective for layer: attention_row
info: no input grad collective for layer: attention_column
info: no weight grad collective for layer: attention_column
DEBUG_CHUNK_SIZE: size=20971520, preferred_dataset_splits=1, resulting chunk_size=20971520
DEBUG_COLLECTIVE_TYPE: layer=187, event=UNKNOWN (raw=0), size=20971520, chunk_size=20971520
DEBUG_STREAM_COUNT: chunk size is: 20971520 , size is: 20971520 , layer_num is: 187 , node: 0
[FLOW_DEBUG] Initiating flow from node=1 to node=0 maxPacketCount=10485760 tag=374 flow_id=1515 at time=116619325
DEBUG_STREAM_CREATE: Creating stream #388 for dataset id: 954 (total_streams=1)
DEBUG_STREAM_COUNT: Generated 1 streams for layer 187 (UNKNOWN), total injected: 389
info: all-to-all input grad collective issued for layer: mlp_moelayer, involved dimensions:  1, 0, 0, 0, 0, 0, 0, 0, 0, 0,
[FLOW_DEBUG] Initiating flow from node=0 to node=1 maxPacketCount=10485760 tag=374 flow_id=1514 at time=116619325
***** info: input gradient collective for layer: mlp_moelayer is finished************
info: no weight grad collective for layer: mlp_moelayer
DEBUG_CHUNK_SIZE: size=83886080, preferred_dataset_splits=1, resulting chunk_size=83886080
DEBUG_COLLECTIVE_TYPE: layer=186, event=UNKNOWN (raw=0), size=83886080, chunk_size=83886080
DEBUG_STREAM_COUNT: chunk size is: 83886080 , size is: 83886080 , layer_num is: 186 , node: 0
[FLOW_DEBUG] Initiating flow from node=1 to node=0 maxPacketCount=41943040 tag=372 flow_id=1517 at time=116713696
DEBUG_STREAM_CREATE: Creating stream #389 for dataset id: 956 (total_streams=1)
DEBUG_STREAM_COUNT: Generated 1 streams for layer 186 (UNKNOWN), total injected: 390
info: all-to-all input grad collective issued for layer: mlp_moelayer, involved dimensions:  1, 0, 0, 0, 0, 0, 0, 0, 0, 0,
[FLOW_DEBUG] Initiating flow from node=0 to node=1 maxPacketCount=41943040 tag=372 flow_id=1516 at time=116713696
***** info: input gradient collective for layer: mlp_moelayer is finished************
info: no weight grad collective for layer: mlp_moelayer
DEBUG_CHUNK_SIZE: size=83886080, preferred_dataset_splits=1, resulting chunk_size=83886080
DEBUG_COLLECTIVE_TYPE: layer=185, event=UNKNOWN (raw=0), size=83886080, chunk_size=83886080
DEBUG_STREAM_COUNT: chunk size is: 83886080 , size is: 83886080 , layer_num is: 185 , node: 0
[FLOW_DEBUG] Initiating flow from node=1 to node=0 maxPacketCount=20971520 tag=370 flow_id=1519 at time=117087687
DEBUG_STREAM_CREATE: Creating stream #390 for dataset id: 958 (total_streams=1)
DEBUG_STREAM_COUNT: Generated 1 streams for layer 185 (UNKNOWN), total injected: 391
info: all-gather input grad collective issued for layer: mlp_moelayer, involved dimensions:  1, 0, 0, 0, 0, 0, 0, 0, 0, 0,
[FLOW_DEBUG] Initiating flow from node=0 to node=1 maxPacketCount=20971520 tag=370 flow_id=1518 at time=117087687
[FLOW_DEBUG] Initiating flow from node=1 to node=0 maxPacketCount=20971520 tag=371 flow_id=1521 at time=117087687
[FLOW_DEBUG] Initiating flow from node=0 to node=1 maxPacketCount=20971520 tag=371 flow_id=1520 at time=117087687
***** info: input gradient collective for layer: mlp_moelayer is finished************
info: no weight grad collective for layer: mlp_moelayer
DEBUG_CHUNK_SIZE: size=167772160, preferred_dataset_splits=1, resulting chunk_size=167772160
DEBUG_COLLECTIVE_TYPE: layer=184, event=UNKNOWN (raw=0), size=167772160, chunk_size=167772160
DEBUG_STREAM_COUNT: chunk size is: 167772160 , size is: 167772160 , layer_num is: 184 , node: 0
[FLOW_DEBUG] Initiating flow from node=1 to node=0 maxPacketCount=41943040 tag=368 flow_id=1523 at time=117461677
DEBUG_STREAM_CREATE: Creating stream #391 for dataset id: 960 (total_streams=1)
DEBUG_STREAM_COUNT: Generated 1 streams for layer 184 (UNKNOWN), total injected: 392
info: all-gather input grad collective issued for layer: mlp_moelayer, involved dimensions:  1, 0, 0, 0, 0, 0, 0, 0, 0, 0,
[FLOW_DEBUG] Initiating flow from node=0 to node=1 maxPacketCount=41943040 tag=368 flow_id=1522 at time=117461677
[FLOW_DEBUG] Initiating flow from node=1 to node=0 maxPacketCount=41943040 tag=369 flow_id=1525 at time=117461677
[FLOW_DEBUG] Initiating flow from node=0 to node=1 maxPacketCount=41943040 tag=369 flow_id=1524 at time=117461677
***** info: input gradient collective for layer: mlp_moelayer is finished************
info: no weight grad collective for layer: mlp_moelayer
DEBUG_CHUNK_SIZE: size=83886080, preferred_dataset_splits=1, resulting chunk_size=83886080
DEBUG_COLLECTIVE_TYPE: layer=183, event=UNKNOWN (raw=0), size=83886080, chunk_size=83886080
DEBUG_STREAM_COUNT: chunk size is: 83886080 , size is: 83886080 , layer_num is: 183 , node: 0
DEBUG_STREAM_CREATE: Creating stream #392 for dataset id: 962 (total_streams=1)
[FLOW_DEBUG] Initiating flow from node=1 to node=0 maxPacketCount=41943040 tag=366 flow_id=1527 at time=118208495
DEBUG_STREAM_COUNT: Generated 1 streams for layer 183 (UNKNOWN), total injected: 393
info: all-to-all input grad collective issued for layer: mlp_moelayer, involved dimensions:  1, 0, 0, 0, 0, 0, 0, 0, 0, 0,
[FLOW_DEBUG] Initiating flow from node=0 to node=1 maxPacketCount=41943040 tag=366 flow_id=1526 at time=118208495
***** info: input gradient collective for layer: mlp_moelayer is finished************
info: no weight grad collective for layer: mlp_moelayer
DEBUG_CHUNK_SIZE: size=20971520, preferred_dataset_splits=1, resulting chunk_size=20971520
DEBUG_COLLECTIVE_TYPE: layer=182, event=UNKNOWN (raw=0), size=20971520, chunk_size=20971520
DEBUG_STREAM_COUNT: chunk size is: 20971520 , size is: 20971520 , layer_num is: 182 , node: 0
DEBUG_STREAM_CREATE: Creating stream #393 for dataset id: 964 (total_streams=1)
DEBUG_STREAM_COUNT: Generated 1 streams for layer 182 (UNKNOWN), total injected: 394
info: all-to-all input grad collective issued for layer: mlp_moelayer, involved dimensions:  1, 0, 0, 0, 0, 0, 0, 0, 0, 0,
[FLOW_DEBUG] Initiating flow from node=0 to node=1 maxPacketCount=10485760 tag=364 flow_id=1528 at time=118582486
[FLOW_DEBUG] Initiating flow from node=1 to node=0 maxPacketCount=10485760 tag=364 flow_id=1529 at time=118582486
***** info: input gradient collective for layer: mlp_moelayer is finished************
info: no weight grad collective for layer: mlp_moelayer
DEBUG_CHUNK_SIZE: size=131072, preferred_dataset_splits=1, resulting chunk_size=131072
DEBUG_COLLECTIVE_TYPE: layer=181, event=UNKNOWN (raw=0), size=131072, chunk_size=131072
DEBUG_STREAM_COUNT: chunk size is: 131072 , size is: 131072 , layer_num is: 181 , node: 0
[FLOW_DEBUG] Initiating flow from node=1 to node=0 maxPacketCount=32768 tag=362 flow_id=1531 at time=118676857
DEBUG_STREAM_CREATE: Creating stream #394 for dataset id: 966 (total_streams=1)
DEBUG_STREAM_COUNT: Generated 1 streams for layer 181 (UNKNOWN), total injected: 395
info: all-gather input grad collective issued for layer: mlp_moelayer, involved dimensions:  1, 0, 0, 0, 0, 0, 0, 0, 0, 0,
[FLOW_DEBUG] Initiating flow from node=0 to node=1 maxPacketCount=32768 tag=362 flow_id=1530 at time=118676857
[FLOW_DEBUG] Initiating flow from node=1 to node=0 maxPacketCount=32768 tag=363 flow_id=1533 at time=118676857
[FLOW_DEBUG] Initiating flow from node=0 to node=1 maxPacketCount=32768 tag=363 flow_id=1532 at time=118676857
***** info: input gradient collective for layer: mlp_moelayer is finished************
info: no weight grad collective for layer: mlp_moelayer
info: no input grad collective for layer: attention_row
[FLOW_DEBUG] Initiating flow from node=1 to node=0 maxPacketCount=10485760 tag=356 flow_id=1535 at time=118678611
info: no weight grad collective for layer: attention_row
info: no input grad collective for layer: attention_column
info: no weight grad collective for layer: attention_column
DEBUG_CHUNK_SIZE: size=20971520, preferred_dataset_splits=1, resulting chunk_size=20971520
DEBUG_COLLECTIVE_TYPE: layer=178, event=UNKNOWN (raw=0), size=20971520, chunk_size=20971520
DEBUG_STREAM_COUNT: chunk size is: 20971520 , size is: 20971520 , layer_num is: 178 , node: 0
DEBUG_STREAM_CREATE: Creating stream #395 for dataset id: 968 (total_streams=1)
DEBUG_STREAM_COUNT: Generated 1 streams for layer 178 (UNKNOWN), total injected: 396
info: all-to-all input grad collective issued for layer: mlp_moelayer, involved dimensions:  1, 0, 0, 0, 0, 0, 0, 0, 0, 0,
[FLOW_DEBUG] Initiating flow from node=0 to node=1 maxPacketCount=10485760 tag=356 flow_id=1534 at time=118678611
***** info: input gradient collective for layer: mlp_moelayer is finished************
info: no weight grad collective for layer: mlp_moelayer
DEBUG_CHUNK_SIZE: size=83886080, preferred_dataset_splits=1, resulting chunk_size=83886080
DEBUG_COLLECTIVE_TYPE: layer=177, event=UNKNOWN (raw=0), size=83886080, chunk_size=83886080
DEBUG_STREAM_COUNT: chunk size is: 83886080 , size is: 83886080 , layer_num is: 177 , node: 0
DEBUG_STREAM_CREATE: Creating stream #396 for dataset id: 970 (total_streams=1)
[FLOW_DEBUG] Initiating flow from node=1 to node=0 maxPacketCount=41943040 tag=354 flow_id=1537 at time=118772982
DEBUG_STREAM_COUNT: Generated 1 streams for layer 177 (UNKNOWN), total injected: 397
info: all-to-all input grad collective issued for layer: mlp_moelayer, involved dimensions:  1, 0, 0, 0, 0, 0, 0, 0, 0, 0,
[FLOW_DEBUG] Initiating flow from node=0 to node=1 maxPacketCount=41943040 tag=354 flow_id=1536 at time=118772982
***** info: input gradient collective for layer: mlp_moelayer is finished************
info: no weight grad collective for layer: mlp_moelayer
DEBUG_CHUNK_SIZE: size=83886080, preferred_dataset_splits=1, resulting chunk_size=83886080
DEBUG_COLLECTIVE_TYPE: layer=176, event=UNKNOWN (raw=0), size=83886080, chunk_size=83886080
DEBUG_STREAM_COUNT: chunk size is: 83886080 , size is: 83886080 , layer_num is: 176 , node: 0
[FLOW_DEBUG] Initiating flow from node=1 to node=0 maxPacketCount=20971520 tag=352 flow_id=1539 at time=119146973
DEBUG_STREAM_CREATE: Creating stream #397 for dataset id: 972 (total_streams=1)
[FLOW_DEBUG] Initiating flow from node=1 to node=0 maxPacketCount=20971520 tag=353 flow_id=1541 at time=119146973
DEBUG_STREAM_COUNT: Generated 1 streams for layer 176 (UNKNOWN), total injected: 398
info: all-gather input grad collective issued for layer: mlp_moelayer, involved dimensions:  1, 0, 0, 0, 0, 0, 0, 0, 0, 0,
[FLOW_DEBUG] Initiating flow from node=0 to node=1 maxPacketCount=20971520 tag=352 flow_id=1538 at time=119146973
[FLOW_DEBUG] Initiating flow from node=0 to node=1 maxPacketCount=20971520 tag=353 flow_id=1540 at time=119146973
***** info: input gradient collective for layer: mlp_moelayer is finished************
info: no weight grad collective for layer: mlp_moelayer
[FLOW_DEBUG] Initiating flow from node=DEBUG_CHUNK_SIZE: size=1 to node=0 maxPacketCount=41943040167772160 tag=, preferred_dataset_splits=350 flow_id=11543, resulting chunk_size= at time=167772160
DEBUG_COLLECTIVE_TYPE: layer=175, event=UNKNOWN (raw=0), size=167772160, chunk_size=167772160
DEBUG_STREAM_COUNT: chunk size is: 167772160 , size is: 167772160 , layer_num is: 175 , node: 0
119520963
DEBUG_STREAM_CREATE: Creating stream #398 for dataset id: 974 (total_streams=1)
[FLOW_DEBUG] Initiating flow from node=1 to node=0 maxPacketCount=41943040 tag=351 flow_id=1545 at time=119520963
DEBUG_STREAM_COUNT: Generated 1 streams for layer 175 (UNKNOWN), total injected: 399
info: all-gather input grad collective issued for layer: mlp_moelayer, involved dimensions:  1, 0, 0, 0, 0, 0, 0, 0, 0, 0,
[FLOW_DEBUG] Initiating flow from node=0 to node=1 maxPacketCount=41943040 tag=350 flow_id=1542 at time=119520963
[FLOW_DEBUG] Initiating flow from node=0 to node=1 maxPacketCount=41943040 tag=351 flow_id=1544 at time=119520963
***** info: input gradient collective for layer: mlp_moelayer is finished************
info: no weight grad collective for layer: mlp_moelayer
DEBUG_CHUNK_SIZE: size=83886080, preferred_dataset_splits=1, resulting chunk_size=83886080
DEBUG_COLLECTIVE_TYPE: layer=174, event=UNKNOWN (raw=0), size=83886080, chunk_size=83886080
DEBUG_STREAM_COUNT: chunk size is: 83886080 , size is: 83886080 , layer_num is: 174 , node: 0
DEBUG_STREAM_CREATE: Creating stream #399 for dataset id: 976 (total_streams=1)
[FLOW_DEBUG] Initiating flow from node=1 to node=0 maxPacketCount=DEBUG_STREAM_COUNT: Generated 41943040 tag=1 streams for layer 174 (UNKNOWN), total injected: 348400 flow_id=
1547 at time=info: all-to-all input grad collective issued for layer: mlp_moelayer, involved dimensions:  1, 0, 0, 0, 0, 0, 0, 0, 0, 0,
[FLOW_DEBUG] Initiating flow from node=0 to node=1 maxPacketCount=41943040 tag=348 flow_id=1546 at time=120267781
120267781
***** info: input gradient collective for layer: mlp_moelayer is finished************
info: no weight grad collective for layer: mlp_moelayer
DEBUG_CHUNK_SIZE: size=20971520, preferred_dataset_splits=1, resulting chunk_size=20971520
DEBUG_COLLECTIVE_TYPE: layer=173, event=UNKNOWN (raw=0), size=20971520, chunk_size=20971520
DEBUG_STREAM_COUNT: chunk size is: 20971520 , size is: 20971520 , layer_num is: 173 , node: 0
[FLOW_DEBUG] Initiating flow from node=1 to node=0 maxPacketCount=10485760 tag=346 flow_id=1549 at time=120641772
DEBUG_STREAM_CREATE: Creating stream #400 for dataset id: 978 (total_streams=1)
DEBUG_STREAM_COUNT: Generated 1 streams for layer 173 (UNKNOWN), total injected: 401
info: all-to-all input grad collective issued for layer: mlp_moelayer, involved dimensions:  1, 0, 0, 0, 0, 0, 0, 0, 0, 0,
[FLOW_DEBUG] Initiating flow from node=0 to node=1 maxPacketCount=10485760 tag=346 flow_id=1548 at time=120641772
***** info: input gradient collective for layer: mlp_moelayer is finished************
info: no weight grad collective for layer: mlp_moelayer
DEBUG_CHUNK_SIZE: size=131072, preferred_dataset_splits=1, resulting chunk_size=131072
DEBUG_COLLECTIVE_TYPE: layer=172, event=UNKNOWN (raw=0), size=131072, chunk_size=131072
DEBUG_STREAM_COUNT: chunk size is: 131072 , size is: 131072 , layer_num is: 172 , node: 0
DEBUG_STREAM_CREATE: Creating stream #401 for dataset id: 980 (total_streams=1)
[FLOW_DEBUG] Initiating flow from node=1 to node=0 maxPacketCount=32768 tag=344 flow_id=1551 at time=DEBUG_STREAM_COUNT: Generated 1 streams for layer 172 (UNKNOWN), total injected: 120736143402
info: all-gather input grad collective issued for layer: mlp_moelayer, involved dimensions:  1, 0, 0, 0, 0, 0, 0, 0, 0, 0,

[FLOW_DEBUG] Initiating flow from node=0 to node=1 maxPacketCount=32768 tag=344 flow_id=1550 at time=120736143
[FLOW_DEBUG] Initiating flow from node=1 to node=0 maxPacketCount=32768 tag=345 flow_id=1553 at time=120736143
[FLOW_DEBUG] Initiating flow from node=0 to node=1 maxPacketCount=32768 tag=345 flow_id=1552 at time=120736143
***** info: input gradient collective for layer: mlp_moelayer is finished************
info: no weight grad collective for layer: mlp_moelayer
info: no input grad collective for layer: attention_row
info: no weight grad collective for layer: attention_row
info: no input grad collective for layer: attention_column
info: no weight grad collective for layer: attention_column
DEBUG_CHUNK_SIZE: size=20971520, preferred_dataset_splits=1, resulting chunk_size=20971520
DEBUG_COLLECTIVE_TYPE: layer=169, event=UNKNOWN (raw=0), size=20971520, chunk_size=20971520
DEBUG_STREAM_COUNT: chunk size is: 20971520 , size is: 20971520 , layer_num is: 169 , node: 0
[FLOW_DEBUG] Initiating flow from node=1 to node=0 maxPacketCount=10485760 tag=338 flow_id=1555 at time=120737897
DEBUG_STREAM_CREATE: Creating stream #402 for dataset id: 982 (total_streams=1)
DEBUG_STREAM_COUNT: Generated 1 streams for layer 169 (UNKNOWN), total injected: 403
info: all-to-all input grad collective issued for layer: mlp_moelayer, involved dimensions:  1, 0, 0, 0, 0, 0, 0, 0, 0, 0,
[FLOW_DEBUG] Initiating flow from node=0 to node=1 maxPacketCount=10485760 tag=338 flow_id=1554 at time=120737897
***** info: input gradient collective for layer: mlp_moelayer is finished************
info: no weight grad collective for layer: mlp_moelayer
[FLOW_DEBUG] Initiating flow from node=1 to node=0 maxPacketCount=41943040 tag=336 flow_id=1557 at time=120832268
DEBUG_CHUNK_SIZE: size=83886080, preferred_dataset_splits=1, resulting chunk_size=83886080
DEBUG_COLLECTIVE_TYPE: layer=168, event=UNKNOWN (raw=0), size=83886080, chunk_size=83886080
DEBUG_STREAM_COUNT: chunk size is: 83886080 , size is: 83886080 , layer_num is: 168 , node: 0
DEBUG_STREAM_CREATE: Creating stream #403 for dataset id: 984 (total_streams=1)
DEBUG_STREAM_COUNT: Generated 1 streams for layer 168 (UNKNOWN), total injected: 404
info: all-to-all input grad collective issued for layer: mlp_moelayer, involved dimensions:  1, 0, 0, 0, 0, 0, 0, 0, 0, 0,
[FLOW_DEBUG] Initiating flow from node=0 to node=1 maxPacketCount=41943040 tag=336 flow_id=1556 at time=120832268
***** info: input gradient collective for layer: mlp_moelayer is finished************
info: no weight grad collective for layer: mlp_moelayer
DEBUG_CHUNK_SIZE: size=83886080, preferred_dataset_splits=1, resulting chunk_size=83886080
DEBUG_COLLECTIVE_TYPE: layer=167, event=UNKNOWN (raw=0), size=83886080, chunk_size=83886080
DEBUG_STREAM_COUNT: chunk size is: 83886080 , size is: 83886080 , layer_num is: 167 , node: 0
[FLOW_DEBUG] Initiating flow from node=1 to node=0 maxPacketCount=20971520 tag=334 flow_id=1559 at time=121206259
DEBUG_STREAM_CREATE: Creating stream #404 for dataset id: 986 (total_streams=1)
DEBUG_STREAM_COUNT: Generated 1 streams for layer 167 (UNKNOWN), total injected: 405
info: all-gather input grad collective issued for layer: mlp_moelayer, involved dimensions:  1, 0,[FLOW_DEBUG] Initiating flow from node= 0,1 0, to node= 0,0 maxPacketCount= 0, 0, 0,20971520 tag=335 flow_id=1561 at time= 0,121206259 0,

[FLOW_DEBUG] Initiating flow from node=0 to node=1 maxPacketCount=20971520 tag=334 flow_id=1558 at time=121206259
[FLOW_DEBUG] Initiating flow from node=0 to node=1 maxPacketCount=20971520 tag=335 flow_id=1560 at time=121206259
***** info: input gradient collective for layer: mlp_moelayer is finished************
info: no weight grad collective for layer: mlp_moelayer
DEBUG_CHUNK_SIZE: size=167772160, preferred_dataset_splits=1, resulting chunk_size=167772160
DEBUG_COLLECTIVE_TYPE: layer=166, event=UNKNOWN (raw=0), size=167772160, chunk_size=167772160
DEBUG_STREAM_COUNT: chunk size is: 167772160 , size is: 167772160 , layer_num is: 166 , node: 0
DEBUG_STREAM_CREATE: Creating stream #405 for dataset id: 988 (total_streams=1)
DEBUG_STREAM_COUNT: Generated 1 streams for layer 166 (UNKNOWN), total injected: 406
info: all-gather input grad collective issued for layer: mlp_moelayer, involved dimensions:  1, 0, 0, 0, 0, 0, 0, 0, 0, 0,
[FLOW_DEBUG] Initiating flow from node=0 to node=1 maxPacketCount=41943040 tag=332 flow_id=1562 at time=121580249
[FLOW_DEBUG] Initiating flow from node=1 to node=0 maxPacketCount=41943040 tag=332 flow_id=1563 at time=121580249
[FLOW_DEBUG] Initiating flow from node=0 to node=1 maxPacketCount=41943040 tag=333 flow_id=1564 at time=121580249
[FLOW_DEBUG] Initiating flow from node=1 to node=0 maxPacketCount=41943040 tag=333 flow_id=1565 at time=121580249
***** info: input gradient collective for layer: mlp_moelayer is finished************
info: no weight grad collective for layer: mlp_moelayer
DEBUG_CHUNK_SIZE: size=83886080, preferred_dataset_splits=1, resulting chunk_size=83886080
DEBUG_COLLECTIVE_TYPE: layer=165, event=UNKNOWN (raw=0), size=83886080, chunk_size=83886080
DEBUG_STREAM_COUNT: chunk size is: 83886080 , size is: 83886080 , layer_num is: 165 , node: 0
DEBUG_STREAM_CREATE: Creating stream #406 for dataset id: 990 (total_streams=1)
DEBUG_STREAM_COUNT: Generated 1 streams for layer 165 (UNKNOWN), total injected: 407
info: all-to-all input grad collective issued for layer: mlp_moelayer, involved dimensions:  1, 0, 0, 0, 0, 0, 0, 0, 0, 0,
[FLOW_DEBUG] Initiating flow from node=[FLOW_DEBUG] Initiating flow from node=0 to node=11 maxPacketCount= to node=0 maxPacketCount=4194304041943040 tag= tag=330330 flow_id= flow_id=15661567 at time= at time=122327067122327067

***** info: input gradient collective for layer: mlp_moelayer is finished************
DEBUG_SIM_END: Node 0 FINISH CONDITION NOT MET - continuing simulation
DEBUG_SIM_END: Node 0 checking finish condition: finished_workloads=0, event_queue.size()=1, pending_sends.size()=0, initialized=1
info: no weight grad collective for layer: mlp_moelayer
DEBUG_CHUNK_SIZE: size=20971520, preferred_dataset_splits=1, resulting chunk_size=20971520
DEBUG_COLLECTIVE_TYPE: layer=164, event=UNKNOWN (raw=0), size=20971520, chunk_size=20971520
DEBUG_STREAM_COUNT: chunk size is: 20971520 , size is: 20971520 , layer_num is: 164 , node: 0
[FLOW_DEBUG] Initiating flow from node=1 to node=0 maxPacketCount=10485760 tag=328 flow_id=1569 at time=122701058
DEBUG_STREAM_CREATE: Creating stream #407 for dataset id: 992 (total_streams=1)
DEBUG_STREAM_COUNT: Generated 1 streams for layer 164 (UNKNOWN), total injected: 408
info: all-to-all input grad collective issued for layer: mlp_moelayer, involved dimensions:  1, 0, 0, 0, 0, 0, 0, 0, 0, 0,
[FLOW_DEBUG] Initiating flow from node=0 to node=1 maxPacketCount=10485760 tag=328 flow_id=1568 at time=122701058
***** info: input gradient collective for layer: mlp_moelayer is finished************
info: no weight grad collective for layer: mlp_moelayer
DEBUG_CHUNK_SIZE: size=131072, preferred_dataset_splits=1, resulting chunk_size=131072
DEBUG_COLLECTIVE_TYPE: layer=163, event=UNKNOWN (raw=0), size=131072, chunk_size=131072
DEBUG_STREAM_COUNT: chunk size is: 131072 , size is: 131072 , layer_num is: 163 , node: 0
DEBUG_STREAM_CREATE: Creating stream #408 for dataset id: 994 (total_streams=1)
[FLOW_DEBUG] Initiating flow from node=DEBUG_STREAM_COUNT: Generated 11 streams for layer 163 (UNKNOWN), total injected:  to node=409
0info: all-gather input grad collective issued for layer: mlp_moelayer, involved dimensions:  1, 0, 0, 0, 0, 0, 0, 0, 0, 0,
 maxPacketCount=32768 tag=326 flow_id=1571 at time=122795429
[FLOW_DEBUG] Initiating flow from node=0 to node=1 maxPacketCount=32768 tag=326 flow_id=1570 at time=122795429
[FLOW_DEBUG] Initiating flow from node=0 to node=1 maxPacketCount=32768 tag=327 flow_id=1572 at time=122795429
[FLOW_DEBUG] Initiating flow from node=1 to node=0 maxPacketCount=32768 tag=327 flow_id=1573 at time=122795429
***** info: input gradient collective for layer: mlp_moelayer is finished************
info: no weight grad collective for layer: mlp_moelayer
info: no input grad collective for layer: attention_row
info: no weight grad collective for layer: attention_row
info: no input grad collective for layer: attention_column
info: no weight grad collective for layer: attention_column
[FLOW_DEBUG] Initiating flow from node=1 to node=0 maxPacketCount=10485760 tag=320 flow_id=1575 at time=122797183
DEBUG_CHUNK_SIZE: size=20971520, preferred_dataset_splits=1, resulting chunk_size=20971520
DEBUG_COLLECTIVE_TYPE: layer=160, event=UNKNOWN (raw=0), size=20971520, chunk_size=20971520
DEBUG_STREAM_COUNT: chunk size is: 20971520 , size is: 20971520 , layer_num is: 160 , node: 0
DEBUG_STREAM_CREATE: Creating stream #409 for dataset id: 996 (total_streams=1)
DEBUG_STREAM_COUNT: Generated 1 streams for layer 160 (UNKNOWN), total injected: 410
info: all-to-all input grad collective issued for layer: mlp_moelayer, involved dimensions:  1, 0, 0, 0, 0, 0, 0, 0, 0, 0,
[FLOW_DEBUG] Initiating flow from node=0 to node=1 maxPacketCount=10485760 tag=320 flow_id=1574 at time=122797183
***** info: input gradient collective for layer: mlp_moelayer is finished************
info: no weight grad collective for layer: mlp_moelayer
[FLOW_DEBUG] Initiating flow from node=1 to node=0 maxPacketCount=41943040 tag=318 flow_id=1577 at time=122891554
DEBUG_CHUNK_SIZE: size=83886080, preferred_dataset_splits=1, resulting chunk_size=83886080
DEBUG_COLLECTIVE_TYPE: layer=159, event=UNKNOWN (raw=0), size=83886080, chunk_size=83886080
DEBUG_STREAM_COUNT: chunk size is: 83886080 , size is: 83886080 , layer_num is: 159 , node: 0
DEBUG_STREAM_CREATE: Creating stream #410 for dataset id: 998 (total_streams=1)
DEBUG_STREAM_COUNT: Generated 1 streams for layer 159 (UNKNOWN), total injected: 411
info: all-to-all input grad collective issued for layer: mlp_moelayer, involved dimensions:  1, 0, 0, 0, 0, 0, 0, 0, 0, 0,
[FLOW_DEBUG] Initiating flow from node=0 to node=1 maxPacketCount=41943040 tag=318 flow_id=1576 at time=122891554
***** info: input gradient collective for layer: mlp_moelayer is finished************
info: no weight grad collective for layer: mlp_moelayer
[FLOW_DEBUG] Initiating flow from node=1 to node=0 maxPacketCount=20971520 tag=316 flow_id=1579 at time=123265545
DEBUG_CHUNK_SIZE: size=83886080, preferred_dataset_splits=1, resulting chunk_size=83886080
DEBUG_COLLECTIVE_TYPE: layer=158, event=UNKNOWN (raw=0), size=83886080, chunk_size=83886080
DEBUG_STREAM_COUNT: chunk size is: 83886080 , size is: 83886080 , layer_num is: 158 , node: 0
DEBUG_STREAM_CREATE: Creating stream #411 for dataset id: 1000 (total_streams=1)
[FLOW_DEBUG] Initiating flow from node=1 to node=0 maxPacketCount=20971520 tag=317 flow_id=1581 at time=123265545
DEBUG_STREAM_COUNT: Generated 1 streams for layer 158 (UNKNOWN), total injected: 412
info: all-gather input grad collective issued for layer: mlp_moelayer, involved dimensions:  1, 0, 0, 0, 0, 0, 0, 0, 0, 0,
[FLOW_DEBUG] Initiating flow from node=0 to node=1 maxPacketCount=20971520 tag=316 flow_id=1578 at time=123265545
[FLOW_DEBUG] Initiating flow from node=0 to node=1 maxPacketCount=20971520 tag=317 flow_id=1580 at time=123265545
***** info: input gradient collective for layer: mlp_moelayer is finished************
info: no weight grad collective for layer: mlp_moelayer
DEBUG_CHUNK_SIZE: size=167772160, preferred_dataset_splits=1, resulting chunk_size=167772160
DEBUG_COLLECTIVE_TYPE: layer=157, event=UNKNOWN (raw=0), size=167772160, chunk_size=167772160
DEBUG_STREAM_COUNT: chunk size is: 167772160 , size is: 167772160 , layer_num is: 157 , node: 0
DEBUG_STREAM_CREATE: Creating stream #412 for dataset id: 1002 (total_streams=1)
DEBUG_STREAM_COUNT: Generated 1 streams for layer 157 (UNKNOWN), total injected: 413
info: all-gather input grad collective issued for layer: mlp_moelayer, involved dimensions:  1, 0, 0, 0, 0, 0, 0, 0, 0, 0,
[FLOW_DEBUG] Initiating flow from node=0 to node=1 maxPacketCount=41943040 tag=314 flow_id=1582 at time=123639535
[FLOW_DEBUG] Initiating flow from node=1 to node=0 maxPacketCount=41943040 tag=314 flow_id=1583 at time=123639535
[FLOW_DEBUG] Initiating flow from node=0 to node=1 maxPacketCount=41943040 tag=315 flow_id=1584 at time=123639535
[FLOW_DEBUG] Initiating flow from node=1 to node=0 maxPacketCount=41943040 tag=315 flow_id=1585 at time=123639535
***** info: input gradient collective for layer: mlp_moelayer is finished************
info: no weight grad collective for layer: mlp_moelayer
DEBUG_CHUNK_SIZE: size=83886080, preferred_dataset_splits=1, resulting chunk_size=83886080
DEBUG_COLLECTIVE_TYPE: layer=156, event=UNKNOWN (raw=0), size=83886080, chunk_size=83886080
DEBUG_STREAM_COUNT: chunk size is: 83886080 , size is: 83886080 , layer_num is: 156 , node: 0
DEBUG_STREAM_CREATE: Creating stream #413 for dataset id: 1004 (total_streams=1)
DEBUG_STREAM_COUNT: Generated 1 streams for layer 156 (UNKNOWN), total injected: 414
info: all-to-all input grad collective issued for layer: mlp_moelayer, involved dimensions:  1, 0,[FLOW_DEBUG] Initiating flow from node= 0, 0, 0, 0, 0, 0, 0, 0,
1 to node=0 maxPacketCount=41943040 tag=312 flow_id=1587 at time=124386353
[FLOW_DEBUG] Initiating flow from node=0 to node=1 maxPacketCount=41943040 tag=312 flow_id=1586 at time=124386353
***** info: input gradient collective for layer: mlp_moelayer is finished************
info: no weight grad collective for layer: mlp_moelayer
DEBUG_CHUNK_SIZE: size=20971520, preferred_dataset_splits=1, resulting chunk_size=20971520
DEBUG_COLLECTIVE_TYPE: layer=155, event=UNKNOWN (raw=0), size=20971520, chunk_size=20971520
DEBUG_STREAM_COUNT: chunk size is: 20971520 , size is: 20971520 , layer_num is: 155 , node: 0
DEBUG_STREAM_CREATE: Creating stream #414 for dataset id: 1006 (total_streams=1)
DEBUG_STREAM_COUNT: Generated 1 streams for layer 155 (UNKNOWN), total injected: 415
info: all-to-all input grad collective issued for layer: mlp_moelayer, involved dimensions:  1, 0, 0, 0, 0, 0, 0, 0, 0, 0,
[FLOW_DEBUG] Initiating flow from node=[FLOW_DEBUG] Initiating flow from node=1 to node=0 to node=01 maxPacketCount= maxPacketCount=10485760 tag=310 flow_id=158810485760 at time= tag=310 flow_id=1589 at time=124760344124760344

***** info: input gradient collective for layer: mlp_moelayer is finished************
info: no weight grad collective for layer: mlp_moelayer
[FLOW_DEBUG] Initiating flow from node=1 to node=0 maxPacketCount=DEBUG_CHUNK_SIZE: size=32768 tag=308 flow_id=1591 at time=131072, preferred_dataset_splits=1, resulting chunk_size=124854715131072
DEBUG_COLLECTIVE_TYPE: layer=154, event=UNKNOWN (raw=0), size=131072, chunk_size=131072
DEBUG_STREAM_COUNT: chunk size is: 131072 , size is: 131072 , layer_num is: 154 , node: 0

DEBUG_STREAM_CREATE: Creating stream #415 for dataset id: 1008 (total_streams=1)
[FLOW_DEBUG] Initiating flow from node=1 to node=0 maxPacketCount=32768 tag=309 flow_id=1593 at time=124854715
DEBUG_STREAM_COUNT: Generated 1 streams for layer 154 (UNKNOWN), total injected: 416
info: all-gather input grad collective issued for layer: mlp_moelayer, involved dimensions:  1, 0, 0, 0, 0, 0, 0, 0, 0, 0,
[FLOW_DEBUG] Initiating flow from node=0 to node=1 maxPacketCount=32768 tag=308 flow_id=1590 at time=124854715
[FLOW_DEBUG] Initiating flow from node=0 to node=1 maxPacketCount=32768 tag=309 flow_id=1592 at time=124854715
***** info: input gradient collective for layer: mlp_moelayer is finished************
info: no weight grad collective for layer: mlp_moelayer
info: no input grad collective for layer: attention_row
info: no weight grad collective for layer: attention_row
info: no input grad collective for layer: attention_column
info: no weight grad collective for layer: attention_column
info: no input grad collective for layer: embedding_layer
info: no weight grad collective for layer: embedding_layer
info: no input grad collective for layer: embedding_norm
info: no weight grad collective for layer: embedding_norm
info: no input grad collective for layer: final_column
info: no weight grad collective for layer: final_column
DEBUG_CHUNK_SIZE: size=20971520, preferred_dataset_splits=1, resulting chunk_size=20971520
DEBUG_COLLECTIVE_TYPE: layer=148, event=UNKNOWN (raw=0), size=20971520, chunk_size=20971520
DEBUG_STREAM_COUNT: chunk size is: 20971520 , size is: 20971520 , layer_num is: 148 , node: 0
DEBUG_STREAM_CREATE: Creating stream #416 for dataset id: 1009 (total_streams=1)
DEBUG_STREAM_COUNT: Generated 1 streams for layer 148 (UNKNOWN), total injected: 417
info: all-to-all input grad collective issued for layer: mlp_moelayer, involved dimensions:  1, 0, 0, 0, 0, 0, 0, 0, 0, 0,
[FLOW_DEBUG] Initiating flow from node=0 to node=1 maxPacketCount=10485760 tag=296 flow_id=1594 at time=124856481
[FLOW_DEBUG] Initiating flow from node=1 to node=0 maxPacketCount=10485760 tag=296 flow_id=1595 at time=124856481
***** info: input gradient collective for layer: mlp_moelayer is finished************
info: no weight grad collective for layer: mlp_moelayer
DEBUG_CHUNK_SIZE: size=83886080, preferred_dataset_splits=1, resulting chunk_size=83886080
DEBUG_COLLECTIVE_TYPE: layer=147, event=UNKNOWN (raw=0), size=83886080, chunk_size=83886080
DEBUG_STREAM_COUNT: chunk size is: 83886080 , size is: 83886080 , layer_num is: 147 , node: 0
[FLOW_DEBUG] Initiating flow from node=DEBUG_STREAM_CREATE: Creating stream #417 for dataset id: 1012 (total_streams=1)
1 to node=0 maxPacketCount=41943040 tag=294 flow_id=1597 at time=124950852
DEBUG_STREAM_COUNT: Generated 1 streams for layer 147 (UNKNOWN), total injected: 418
info: all-to-all input grad collective issued for layer: mlp_moelayer, involved dimensions:  1, 0, 0, 0, 0, 0, 0, 0, 0, 0,
[FLOW_DEBUG] Initiating flow from node=0 to node=1 maxPacketCount=41943040 tag=294 flow_id=1596 at time=124950852
***** info: input gradient collective for layer: mlp_moelayer is finished************
info: no weight grad collective for layer: mlp_moelayer
DEBUG_CHUNK_SIZE: size=83886080, preferred_dataset_splits=1, resulting chunk_size=83886080
DEBUG_COLLECTIVE_TYPE: layer=146, event=UNKNOWN (raw=0), size=83886080, chunk_size=83886080
DEBUG_STREAM_COUNT: chunk size is: 83886080 , size is: 83886080 , layer_num is: 146 , node: 0
[FLOW_DEBUG] Initiating flow from node=1 to node=0 maxPacketCount=20971520 tag=292 flow_id=1599 at time=125324843
DEBUG_STREAM_CREATE: Creating stream #418 for dataset id: 1014 (total_streams=1)
DEBUG_STREAM_COUNT: Generated 1 streams for layer 146 (UNKNOWN), total injected: 419
info: all-gather input grad collective issued for layer: mlp_moelayer, involved dimensions:  1, 0, 0, 0, 0, 0, 0, 0, 0, 0,
[FLOW_DEBUG] Initiating flow from node=0 to node=1 maxPacketCount=20971520 tag=292 flow_id=1598 at time=125324843
[FLOW_DEBUG] Initiating flow from node=1 to node=0 maxPacketCount=20971520 tag=293 flow_id=1601 at time=125324843
[FLOW_DEBUG] Initiating flow from node=0 to node=1 maxPacketCount=20971520 tag=293 flow_id=1600 at time=125324843
***** info: input gradient collective for layer: mlp_moelayer is finished************
info: no weight grad collective for layer: mlp_moelayer
DEBUG_CHUNK_SIZE: size=167772160, preferred_dataset_splits=1, resulting chunk_size=167772160
DEBUG_COLLECTIVE_TYPE: layer=145, event=UNKNOWN (raw=0), size=167772160, chunk_size=167772160
DEBUG_STREAM_COUNT: chunk size is: 167772160 , size is: 167772160 , layer_num is: 145 , node: 0
DEBUG_STREAM_CREATE: Creating stream #419 for dataset id: 1016 (total_streams=1)
DEBUG_STREAM_COUNT: Generated 1 streams for layer 145 (UNKNOWN), total injected: 420
[FLOW_DEBUG] Initiating flow from node=info: all-gather input grad collective issued for layer: mlp_moelayer, involved dimensions:  1, 0, 0,1 0, to node= 0, 0, 0, 0,0 maxPacketCount= 0,41943040 tag= 0,290 flow_id=
1603 at time=125698833
[FLOW_DEBUG] Initiating flow from node=0 to node=1 maxPacketCount=41943040 tag=290 flow_id=1602 at time=125698833
[FLOW_DEBUG] Initiating flow from node=0 to node=1 maxPacketCount=41943040 tag=291 flow_id=1604 at time=125698833
[FLOW_DEBUG] Initiating flow from node=1 to node=0 maxPacketCount=41943040 tag=291 flow_id=1605 at time=125698833
***** info: input gradient collective for layer: mlp_moelayer is finished************
info: no weight grad collective for layer: mlp_moelayer
DEBUG_CHUNK_SIZE: size=83886080, preferred_dataset_splits=1, resulting chunk_size=83886080
DEBUG_COLLECTIVE_TYPE: layer=144, event=UNKNOWN (raw=0), size=83886080, chunk_size=83886080
DEBUG_STREAM_COUNT: chunk size is: 83886080 , size is: 83886080 , layer_num is: 144 , node: 0
[FLOW_DEBUG] Initiating flow from node=1 to node=0 maxPacketCount=41943040 tag=288 flow_id=1607 at time=126445651
DEBUG_STREAM_CREATE: Creating stream #420 for dataset id: 1018 (total_streams=1)
DEBUG_STREAM_COUNT: Generated 1 streams for layer 144 (UNKNOWN), total injected: 421
info: all-to-all input grad collective issued for layer: mlp_moelayer, involved dimensions:  1, 0, 0, 0, 0, 0, 0, 0, 0, 0,
[FLOW_DEBUG] Initiating flow from node=0 to node=1 maxPacketCount=41943040 tag=288 flow_id=1606 at time=126445651
***** info: input gradient collective for layer: mlp_moelayer is finished************
info: no weight grad collective for layer: mlp_moelayer
DEBUG_CHUNK_SIZE: size=20971520, preferred_dataset_splits=1, resulting chunk_size=20971520
DEBUG_COLLECTIVE_TYPE: layer=143, event=UNKNOWN (raw=0), size=20971520, chunk_size=20971520
DEBUG_STREAM_COUNT: chunk size is: 20971520 , size is: 20971520 , layer_num is: 143 , node: 0
DEBUG_STREAM_CREATE: Creating stream #421 for dataset id: 1020 (total_streams=1)
[FLOW_DEBUG] Initiating flow from node=1 to node=0 maxPacketCount=10485760 tag=286 flow_id=1609 at time=126819642
DEBUG_STREAM_COUNT: Generated 1 streams for layer 143 (UNKNOWN), total injected: 422
info: all-to-all input grad collective issued for layer: mlp_moelayer, involved dimensions:  1, 0, 0, 0, 0, 0, 0, 0, 0, 0,
[FLOW_DEBUG] Initiating flow from node=0 to node=1 maxPacketCount=10485760 tag=286 flow_id=1608 at time=126819642
***** info: input gradient collective for layer: mlp_moelayer is finished************
info: no weight grad collective for layer: mlp_moelayer
DEBUG_CHUNK_SIZE: size=131072, preferred_dataset_splits=1, resulting chunk_size=131072
DEBUG_COLLECTIVE_TYPE: layer=142, event=UNKNOWN (raw=0), size=131072, chunk_size=131072
DEBUG_STREAM_COUNT: chunk size is: 131072 , size is: 131072 , layer_num is: 142 , node: 0
DEBUG_STREAM_CREATE: Creating stream #422 for dataset id: 1022 (total_streams=1)
DEBUG_STREAM_COUNT: Generated 1 streams for layer 142 (UNKNOWN), total injected: 423
[FLOW_DEBUG] Initiating flow from node=1 to node=0 maxPacketCount=info: all-gather input grad collective issued for layer: 32768 tag=284 flow_id=1611mlp_moelayer at time=, involved dimensions: 126914013 1,
 0, 0, 0, 0, 0, 0, 0, 0, 0,
[FLOW_DEBUG] Initiating flow from node=0 to node=1 maxPacketCount=32768 tag=284 flow_id=1610 at time=126914013
[FLOW_DEBUG] Initiating flow from node=1 to node=0 maxPacketCount=32768 tag=285 flow_id=1613 at time=126914013
[FLOW_DEBUG] Initiating flow from node=0 to node=1 maxPacketCount=32768 tag=285 flow_id=1612 at time=126914013
***** info: input gradient collective for layer: mlp_moelayer is finished************
info: no weight grad collective for layer: mlp_moelayer
info: no input grad collective for layer: attention_row
info: no weight grad collective for layer: attention_row
info: no input grad collective for layer: attention_column
info: no weight grad collective for layer: attention_column
DEBUG_CHUNK_SIZE: size=20971520, preferred_dataset_splits=1, resulting chunk_size=20971520
DEBUG_COLLECTIVE_TYPE: layer=139, event=UNKNOWN (raw=0), size=20971520, chunk_size=20971520
DEBUG_STREAM_COUNT: chunk size is: 20971520 , size is: 20971520 , layer_num is: 139 , node: 0
DEBUG_STREAM_CREATE: Creating stream #423 for dataset id: 1024 (total_streams=1)
DEBUG_STREAM_COUNT: Generated 1 streams for layer 139 (UNKNOWN), total injected: 424
[FLOW_DEBUG] Initiating flow from node=info: all-to-all input grad collective issued for layer: mlp_moelayer, involved dimensions: 1 to node= 1,0 maxPacketCount= 0, 0,10485760 0, tag= 0,278 flow_id= 0, 0,1615 0, at time= 0, 0,
126915767
[FLOW_DEBUG] Initiating flow from node=0 to node=1 maxPacketCount=10485760 tag=278 flow_id=1614 at time=126915767
***** info: input gradient collective for layer: mlp_moelayer is finished************
info: no weight grad collective for layer: mlp_moelayer
DEBUG_CHUNK_SIZE: size=83886080, preferred_dataset_splits=1, resulting chunk_size=83886080
DEBUG_COLLECTIVE_TYPE: layer=138, event=UNKNOWN (raw=0), size=83886080, chunk_size=83886080
DEBUG_STREAM_COUNT: chunk size is: 83886080 , size is: 83886080 , layer_num is: 138 , node: 0
DEBUG_STREAM_CREATE: Creating stream #424 for dataset id: 1026 (total_streams=1)
[FLOW_DEBUG] Initiating flow from node=1 to node=0 maxPacketCount=41943040 tag=276 flow_id=1617 at time=127010138
DEBUG_STREAM_COUNT: Generated 1 streams for layer 138 (UNKNOWN), total injected: 425
info: all-to-all input grad collective issued for layer: mlp_moelayer, involved dimensions:  1, 0, 0, 0, 0, 0, 0, 0, 0, 0,
[FLOW_DEBUG] Initiating flow from node=0 to node=1 maxPacketCount=41943040 tag=276 flow_id=1616 at time=127010138
***** info: input gradient collective for layer: mlp_moelayer is finished************
info: no weight grad collective for layer: mlp_moelayer
DEBUG_CHUNK_SIZE: size=83886080, preferred_dataset_splits=1, resulting chunk_size=83886080
DEBUG_COLLECTIVE_TYPE: layer=137, event=UNKNOWN (raw=0), size=83886080, chunk_size=83886080
DEBUG_STREAM_COUNT: chunk size is: 83886080 , size is: 83886080 , layer_num is: 137 , node: 0
DEBUG_STREAM_CREATE: Creating stream #425 for dataset id: 1028 (total_streams=1)
DEBUG_STREAM_COUNT: Generated 1 streams for layer 137 (UNKNOWN), total injected: 426
[FLOW_DEBUG] Initiating flow from node=1 to node=0info: all-gather input grad collective issued for layer:  maxPacketCount=20971520mlp_moelayer, involved dimensions:  tag=274 1, flow_id= 0,1619 0, at time= 0, 0, 0, 0, 0, 0, 0,
127384129
[FLOW_DEBUG] Initiating flow from node=0 to node=1 maxPacketCount=20971520 tag=274 flow_id=1618 at time=127384129
[FLOW_DEBUG] Initiating flow from node=1 to node=0 maxPacketCount=20971520 tag=275 flow_id=1621 at time=127384129
[FLOW_DEBUG] Initiating flow from node=0 to node=1 maxPacketCount=20971520 tag=275 flow_id=1620 at time=127384129
***** info: input gradient collective for layer: mlp_moelayer is finished************
info: no weight grad collective for layer: mlp_moelayer
DEBUG_CHUNK_SIZE: size=167772160, preferred_dataset_splits=1, resulting chunk_size=167772160
DEBUG_COLLECTIVE_TYPE: layer=136, event=UNKNOWN (raw=0), size=167772160, chunk_size=167772160
DEBUG_STREAM_COUNT: chunk size is: 167772160 , size is: 167772160 , layer_num is: 136 , node: 0
[FLOW_DEBUG] Initiating flow from node=1 to node=0 maxPacketCount=41943040 tag=272 flow_id=1623 at time=127758119
DEBUG_STREAM_CREATE: Creating stream #426 for dataset id: 1030 (total_streams=1)
[FLOW_DEBUG] Initiating flow from node=1 to node=0 maxPacketCount=41943040 tag=273 flow_id=1625 at time=127758119
DEBUG_STREAM_COUNT: Generated 1 streams for layer 136 (UNKNOWN), total injected: 427
info: all-gather input grad collective issued for layer: mlp_moelayer, involved dimensions:  1, 0, 0, 0, 0, 0, 0, 0, 0, 0,
[FLOW_DEBUG] Initiating flow from node=0 to node=1 maxPacketCount=41943040 tag=272 flow_id=1622 at time=127758119
[FLOW_DEBUG] Initiating flow from node=0 to node=1 maxPacketCount=41943040 tag=273 flow_id=1624 at time=127758119
***** info: input gradient collective for layer: mlp_moelayer is finished************
info: no weight grad collective for layer: mlp_moelayer
DEBUG_CHUNK_SIZE: size=83886080, preferred_dataset_splits=1, resulting chunk_size=83886080
DEBUG_COLLECTIVE_TYPE: layer=135, event=UNKNOWN (raw=0), size=83886080, chunk_size=83886080
DEBUG_STREAM_COUNT: chunk size is: 83886080 , size is: 83886080 , layer_num is: 135 , node: 0
DEBUG_STREAM_CREATE: Creating stream #427 for dataset id: 1032 (total_streams=1)
DEBUG_STREAM_COUNT: Generated 1 streams for layer 135 ([FLOW_DEBUG] Initiating flow from node=UNKNOWN1 to node=), total injected: 0 maxPacketCount=42841943040
 tag=info: all-to-all input grad collective issued for layer: mlp_moelayer, involved dimensions:  1, 0, 0, 0, 0, 0, 0, 0, 0, 0,
270 flow_id=1627 at time=128504937
[FLOW_DEBUG] Initiating flow from node=0 to node=1 maxPacketCount=41943040 tag=270 flow_id=1626 at time=128504937
***** info: input gradient collective for layer: mlp_moelayer is finished************
info: no weight grad collective for layer: mlp_moelayer
DEBUG_CHUNK_SIZE: size=20971520, preferred_dataset_splits=1, resulting chunk_size=20971520
DEBUG_COLLECTIVE_TYPE: layer=134, event=UNKNOWN (raw=0), size=20971520, chunk_size=20971520
DEBUG_STREAM_COUNT: chunk size is: 20971520 , size is: 20971520 , layer_num is: 134 , node: 0
DEBUG_STREAM_CREATE: Creating stream #428 for dataset id: 1034 (total_streams=1)
[FLOW_DEBUG] Initiating flow from node=1 to node=0 maxPacketCount=10485760 tag=268 flow_id=1629 at time=128878928
DEBUG_STREAM_COUNT: Generated 1 streams for layer 134 (UNKNOWN), total injected: 429
info: all-to-all input grad collective issued for layer: mlp_moelayer, involved dimensions:  1, 0, 0, 0, 0, 0, 0, 0, 0, 0,
[FLOW_DEBUG] Initiating flow from node=0 to node=1 maxPacketCount=10485760 tag=268 flow_id=1628 at time=128878928
***** info: input gradient collective for layer: mlp_moelayer is finished************
info: no weight grad collective for layer: mlp_moelayer
DEBUG_CHUNK_SIZE: size=131072, preferred_dataset_splits=1, resulting chunk_size=131072
DEBUG_COLLECTIVE_TYPE: layer=133, event=UNKNOWN (raw=0), size=131072, chunk_size=131072
DEBUG_STREAM_COUNT: chunk size is: 131072 , size is: 131072 , layer_num is: 133 , node: 0
DEBUG_STREAM_CREATE: Creating stream #429 for dataset id: 1036 (total_streams=1)
DEBUG_STREAM_COUNT: Generated 1 streams for layer 133 (UNKNOWN), total injected: 430
info: all-gather input grad collective issued for layer: mlp_moelayer, involved dimensions:  1, 0, 0, 0, 0, 0, 0, 0, 0, 0,
[FLOW_DEBUG] Initiating flow from node=1 to node=0 maxPacketCount=32768 tag=266 flow_id=1631 at time=128973299
[FLOW_DEBUG] Initiating flow from node=0 to node=1 maxPacketCount=32768 tag=266 flow_id=1630 at time=128973299
[FLOW_DEBUG] Initiating flow from node=0 to node=1 maxPacketCount=32768 tag=267 flow_id=1632 at time=128973299
[FLOW_DEBUG] Initiating flow from node=1 to node=0 maxPacketCount=32768 tag=267 flow_id=1633 at time=128973299
***** info: input gradient collective for layer: mlp_moelayer is finished************
info: no weight grad collective for layer: mlp_moelayer
info: no input grad collective for layer: attention_row
info: no weight grad collective for layer: attention_row
info: no input grad collective for layer: attention_column
info: no weight grad collective for layer: attention_column
DEBUG_CHUNK_SIZE: size=20971520, preferred_dataset_splits=1, resulting chunk_size=20971520
DEBUG_COLLECTIVE_TYPE: layer=130, event=UNKNOWN (raw=0), size=20971520, chunk_size=20971520
DEBUG_STREAM_COUNT: chunk size is: 20971520 , size is: 20971520 , layer_num is: 130 , node: 0
DEBUG_STREAM_CREATE: Creating stream #430 for dataset id: 1038 (total_streams=1)
[FLOW_DEBUG] Initiating flow from node=1 to node=0 maxPacketCount=10485760 tag=260 flow_id=1635 at time=128975053
DEBUG_STREAM_COUNT: Generated 1 streams for layer 130 (UNKNOWN), total injected: 431
info: all-to-all input grad collective issued for layer: mlp_moelayer, involved dimensions:  1, 0, 0, 0, 0, 0, 0, 0, 0, 0,
[FLOW_DEBUG] Initiating flow from node=0 to node=1 maxPacketCount=10485760 tag=260 flow_id=1634 at time=128975053
***** info: input gradient collective for layer: mlp_moelayer is finished************
info: no weight grad collective for layer: mlp_moelayer
DEBUG_CHUNK_SIZE: size=83886080, preferred_dataset_splits=1, resulting chunk_size=83886080
DEBUG_COLLECTIVE_TYPE: layer=129, event=UNKNOWN (raw=0), size=83886080, chunk_size=83886080
DEBUG_STREAM_COUNT: chunk size is: 83886080 , size is: 83886080 , layer_num is: 129 , node: 0
[FLOW_DEBUG] Initiating flow from node=1 to node=0 maxPacketCount=41943040 tag=258 flow_id=1637 at time=129069424
DEBUG_STREAM_CREATE: Creating stream #431 for dataset id: 1040 (total_streams=1)
DEBUG_STREAM_COUNT: Generated 1 streams for layer 129 (UNKNOWN), total injected: 432
info: all-to-all input grad collective issued for layer: mlp_moelayer, involved dimensions:  1, 0, 0, 0, 0, 0, 0, 0, 0, 0,
[FLOW_DEBUG] Initiating flow from node=0 to node=1 maxPacketCount=41943040 tag=258 flow_id=1636 at time=129069424
***** info: input gradient collective for layer: mlp_moelayer is finished************
info: no weight grad collective for layer: mlp_moelayer
DEBUG_CHUNK_SIZE: size=83886080, preferred_dataset_splits=1, resulting chunk_size=83886080
DEBUG_COLLECTIVE_TYPE: layer=128, event=UNKNOWN (raw=0), size=83886080, chunk_size=83886080
DEBUG_STREAM_COUNT: chunk size is: 83886080 , size is: 83886080 , layer_num is: 128 , node: 0
[FLOW_DEBUG] Initiating flow from node=1 to node=0 maxPacketCount=20971520 tag=256 flow_id=1639 at time=129443415
DEBUG_STREAM_CREATE: Creating stream #432 for dataset id: 1042 (total_streams=1)
DEBUG_STREAM_COUNT: Generated 1 streams for layer 128 (UNKNOWN), total injected: 433
info: all-gather input grad collective issued for layer: mlp_moelayer, involved dimensions:  1, 0, 0, 0, 0, 0, 0, 0, 0, 0,
[FLOW_DEBUG] Initiating flow from node=0 to node=1 maxPacketCount=20971520 tag=256 flow_id=1638 at time=129443415
[FLOW_DEBUG] Initiating flow from node=1 to node=0 maxPacketCount=20971520 tag=257 flow_id=1641 at time=129443415
[FLOW_DEBUG] Initiating flow from node=0 to node=1 maxPacketCount=20971520 tag=257 flow_id=1640 at time=129443415
***** info: input gradient collective for layer: mlp_moelayer is finished************
info: no weight grad collective for layer: mlp_moelayer
DEBUG_CHUNK_SIZE: size=167772160, preferred_dataset_splits=1, resulting chunk_size=167772160
DEBUG_COLLECTIVE_TYPE: layer=127, event=UNKNOWN (raw=0), size=167772160, chunk_size=167772160
DEBUG_STREAM_COUNT: chunk size is: 167772160 , size is: 167772160 , layer_num is: 127 , node: 0
DEBUG_STREAM_CREATE: Creating stream #433 for dataset id: 1043 (total_streams=1)
DEBUG_STREAM_COUNT: Generated 1 streams for layer 127 (UNKNOWN), total injected: 434
info: all-gather input grad collective issued for layer: mlp_moelayer, involved dimensions:  1, 0, 0, 0, 0, 0, 0, 0, 0, 0,
[FLOW_DEBUG] Initiating flow from node=0 to node=1 maxPacketCount=41943040 tag=254 flow_id=1642 at time=129817405
[FLOW_DEBUG] Initiating flow from node=1 to node=0 maxPacketCount=41943040 tag=254 flow_id=1643 at time=129817405
[FLOW_DEBUG] Initiating flow from node=0 to node=1 maxPacketCount=41943040 tag=255 flow_id=1644 at time=129817405
[FLOW_DEBUG] Initiating flow from node=1 to node=0 maxPacketCount=41943040 tag=255 flow_id=1645 at time=129817405
***** info: input gradient collective for layer: mlp_moelayer is finished************
info: no weight grad collective for layer: mlp_moelayer
DEBUG_CHUNK_SIZE: size=83886080, preferred_dataset_splits=1, resulting chunk_size=83886080
DEBUG_COLLECTIVE_TYPE: layer=126, event=UNKNOWN (raw=0), size=83886080, chunk_size=83886080
DEBUG_STREAM_COUNT: chunk size is: 83886080 , size is: 83886080 , layer_num is: 126 , node: 0
DEBUG_STREAM_CREATE: Creating stream #434 for dataset id: 1046 (total_streams=1)
DEBUG_STREAM_COUNT: Generated 1 streams for layer 126 (UNKNOWN), total injected: 435
info: all-to-all input grad collective issued for layer: mlp_moelayer, involved dimensions:  1, 0, 0, 0, 0, 0, 0, 0, 0, 0,
[FLOW_DEBUG] Initiating flow from node=0 to node=1 maxPacketCount=41943040 tag=252 flow_id=1646 at time=130564223
[FLOW_DEBUG] Initiating flow from node=1 to node=0 maxPacketCount=41943040 tag=252 flow_id=1647 at time=130564223
***** info: input gradient collective for layer: mlp_moelayer is finished************
info: no weight grad collective for layer: mlp_moelayer
DEBUG_CHUNK_SIZE: size=20971520, preferred_dataset_splits=1, resulting chunk_size=20971520
DEBUG_COLLECTIVE_TYPE: layer=125, event=UNKNOWN (raw=0), size=20971520, chunk_size=20971520
DEBUG_STREAM_COUNT: chunk size is: 20971520 , size is: 20971520 , layer_num is: 125 , node: 0
[FLOW_DEBUG] Initiating flow from node=1 to node=0 maxPacketCount=10485760 tag=250 flow_id=1649 at time=130938214
DEBUG_STREAM_CREATE: Creating stream #435 for dataset id: 1048 (total_streams=1)
DEBUG_STREAM_COUNT: Generated 1 streams for layer 125 (UNKNOWN), total injected: 436
info: all-to-all input grad collective issued for layer: mlp_moelayer, involved dimensions:  1, 0, 0, 0, 0, 0, 0, 0, 0, 0,
[FLOW_DEBUG] Initiating flow from node=0 to node=1 maxPacketCount=10485760 tag=250 flow_id=1648 at time=130938214
***** info: input gradient collective for layer: mlp_moelayer is finished************
info: no weight grad collective for layer: mlp_moelayer
[FLOW_DEBUG] Initiating flow from node=1 to node=0 maxPacketCount=32768 tag=248 flow_id=1651 at time=131032585
DEBUG_CHUNK_SIZE: size=131072, preferred_dataset_splits=1, resulting chunk_size=131072
DEBUG_COLLECTIVE_TYPE: layer=124, event=UNKNOWN (raw=0), size=131072, chunk_size=131072
DEBUG_STREAM_COUNT: chunk size is: 131072 , size is: 131072 , layer_num is: 124 , node: 0
[FLOW_DEBUG] Initiating flow from node=1 to node=0 maxPacketCount=32768 tag=249 flow_id=1653 at time=131032585
DEBUG_STREAM_CREATE: Creating stream #436 for dataset id: 1050 (total_streams=1)
DEBUG_STREAM_COUNT: Generated 1 streams for layer 124 (UNKNOWN), total injected: 437
info: all-gather input grad collective issued for layer: mlp_moelayer, involved dimensions:  1, 0, 0, 0, 0, 0, 0, 0, 0, 0,
[FLOW_DEBUG] Initiating flow from node=0 to node=1 maxPacketCount=32768 tag=248 flow_id=1650 at time=131032585
[FLOW_DEBUG] Initiating flow from node=0 to node=1 maxPacketCount=32768 tag=249 flow_id=1652 at time=131032585
***** info: input gradient collective for layer: mlp_moelayer is finished************
info: no weight grad collective for layer: mlp_moelayer
info: no input grad collective for layer: attention_row
info: no weight grad collective for layer: attention_row
info: no input grad collective for layer: attention_column
info: no weight grad collective for layer: attention_column
[FLOW_DEBUG] Initiating flow from node=1 to node=0 maxPacketCount=10485760 tag=242 flow_id=1655 at time=131034339
DEBUG_CHUNK_SIZE: size=20971520, preferred_dataset_splits=1, resulting chunk_size=20971520
DEBUG_COLLECTIVE_TYPE: layer=121, event=UNKNOWN (raw=0), size=20971520, chunk_size=20971520
DEBUG_STREAM_COUNT: chunk size is: 20971520 , size is: 20971520 , layer_num is: 121 , node: 0
DEBUG_STREAM_CREATE: Creating stream #437 for dataset id: 1052 (total_streams=1)
DEBUG_STREAM_COUNT: Generated 1 streams for layer 121 (UNKNOWN), total injected: 438
info: all-to-all input grad collective issued for layer: mlp_moelayer, involved dimensions:  1, 0, 0, 0, 0, 0, 0, 0, 0, 0,
[FLOW_DEBUG] Initiating flow from node=0 to node=1 maxPacketCount=10485760 tag=242 flow_id=1654 at time=131034339
***** info: input gradient collective for layer: mlp_moelayer is finished************
info: no weight grad collective for layer: mlp_moelayer
DEBUG_CHUNK_SIZE: size=83886080, preferred_dataset_splits=1, resulting chunk_size=83886080
DEBUG_COLLECTIVE_TYPE: layer=120, event=UNKNOWN (raw=0), size=83886080, chunk_size=83886080
DEBUG_STREAM_COUNT: chunk size is: 83886080 , size is: 83886080 , layer_num is: 120 , node: 0
DEBUG_STREAM_CREATE: Creating stream #438 for dataset id: 1054 (total_streams=1)
DEBUG_STREAM_COUNT: Generated 1 streams for layer 120 (UNKNOWN), total injected: 439
info: all-to-all input grad collective issued for layer: mlp_moelayer, involved dimensions:  1, 0, 0, 0, 0, 0, 0, 0, 0, 0,
[FLOW_DEBUG] Initiating flow from node=0 to node=1 maxPacketCount=41943040 tag=240 flow_id=1656 at time=131128710
[FLOW_DEBUG] Initiating flow from node=1 to node=0 maxPacketCount=41943040 tag=240 flow_id=1657 at time=131128710
***** info: input gradient collective for layer: mlp_moelayer is finished************
info: no weight grad collective for layer: mlp_moelayer
DEBUG_CHUNK_SIZE: size=83886080, preferred_dataset_splits=1, resulting chunk_size=83886080
DEBUG_COLLECTIVE_TYPE: layer=119, event=UNKNOWN (raw=0), size=83886080, chunk_size=83886080
DEBUG_STREAM_COUNT: chunk size is: 83886080 , size is: 83886080 , layer_num is: 119 , node: 0
[FLOW_DEBUG] Initiating flow from node=1 to node=0 maxPacketCount=20971520 tag=238 flow_id=1659 at time=131502701
DEBUG_STREAM_CREATE: Creating stream #439 for dataset id: 1056 (total_streams=1)
DEBUG_STREAM_COUNT: Generated 1 streams for layer 119 (UNKNOWN), total injected: 440
info: all-gather input grad collective issued for layer: mlp_moelayer, involved dimensions:  1, 0, 0, 0, 0, 0, 0, 0, 0, 0,
[FLOW_DEBUG] Initiating flow from node=0 to node=1 maxPacketCount=20971520 tag=238 flow_id=1658 at time=131502701
[FLOW_DEBUG] Initiating flow from node=1 to node=0 maxPacketCount=20971520 tag=239 flow_id=1661 at time=131502701
[FLOW_DEBUG] Initiating flow from node=0 to node=1 maxPacketCount=20971520 tag=239 flow_id=1660 at time=131502701
***** info: input gradient collective for layer: mlp_moelayer is finished************
info: no weight grad collective for layer: mlp_moelayer
[FLOW_DEBUG] Initiating flow from node=1 to node=0 maxPacketCount=41943040 tag=236 flow_id=1663 at time=131876691
DEBUG_CHUNK_SIZE: size=167772160, preferred_dataset_splits=1, resulting chunk_size=167772160
DEBUG_COLLECTIVE_TYPE: layer=118, event=UNKNOWN (raw=0), size=167772160, chunk_size=167772160
DEBUG_STREAM_COUNT: chunk size is: 167772160 , size is: 167772160 , layer_num is: 118 , node: 0
DEBUG_STREAM_CREATE: Creating stream #440 for dataset id: 1058 (total_streams=1)
[FLOW_DEBUG] Initiating flow from node=1 to node=0 maxPacketCount=41943040 tag=237 flow_id=1665 at time=131876691
DEBUG_STREAM_COUNT: Generated 1 streams for layer 118 (UNKNOWN), total injected: 441
info: all-gather input grad collective issued for layer: mlp_moelayer, involved dimensions:  1, 0, 0, 0, 0, 0, 0, 0, 0, 0,
[FLOW_DEBUG] Initiating flow from node=0 to node=1 maxPacketCount=41943040 tag=236 flow_id=1662 at time=131876691
[FLOW_DEBUG] Initiating flow from node=0 to node=1 maxPacketCount=41943040 tag=237 flow_id=1664 at time=131876691
***** info: input gradient collective for layer: mlp_moelayer is finished************
info: no weight grad collective for layer: mlp_moelayer
DEBUG_CHUNK_SIZE: size=83886080, preferred_dataset_splits=1, resulting chunk_size=83886080
DEBUG_COLLECTIVE_TYPE: layer=117, event=UNKNOWN (raw=0), size=83886080, chunk_size=83886080
DEBUG_STREAM_COUNT: chunk size is: 83886080 , size is: 83886080 , layer_num is: 117 , node: 0
[FLOW_DEBUG] Initiating flow from node=1 to node=0 maxPacketCount=41943040 tag=234 flow_id=1667 at time=132623509
DEBUG_STREAM_CREATE: Creating stream #441 for dataset id: 1060 (total_streams=1)
DEBUG_STREAM_COUNT: Generated 1 streams for layer 117 (UNKNOWN), total injected: 442
info: all-to-all input grad collective issued for layer: mlp_moelayer, involved dimensions:  1, 0, 0, 0, 0, 0, 0, 0, 0, 0,
[FLOW_DEBUG] Initiating flow from node=0 to node=1 maxPacketCount=41943040 tag=234 flow_id=1666 at time=132623509
***** info: input gradient collective for layer: mlp_moelayer is finished************
info: no weight grad collective for layer: mlp_moelayer
[FLOW_DEBUG] Initiating flow from node=1 to node=0 maxPacketCount=10485760 tag=232 flow_id=1669 at time=132997500
DEBUG_CHUNK_SIZE: size=20971520, preferred_dataset_splits=1, resulting chunk_size=20971520
DEBUG_COLLECTIVE_TYPE: layer=116, event=UNKNOWN (raw=0), size=20971520, chunk_size=20971520
DEBUG_STREAM_COUNT: chunk size is: 20971520 , size is: 20971520 , layer_num is: 116 , node: 0
DEBUG_STREAM_CREATE: Creating stream #442 for dataset id: 1062 (total_streams=1)
DEBUG_STREAM_COUNT: Generated 1 streams for layer 116 (UNKNOWN), total injected: 443
info: all-to-all input grad collective issued for layer: mlp_moelayer, involved dimensions:  1, 0, 0, 0, 0, 0, 0, 0, 0, 0,
[FLOW_DEBUG] Initiating flow from node=0 to node=1 maxPacketCount=10485760 tag=232 flow_id=1668 at time=132997500
***** info: input gradient collective for layer: mlp_moelayer is finished************
info: no weight grad collective for layer: mlp_moelayer
[FLOW_DEBUG] Initiating flow from node=1 to node=0 maxPacketCount=32768 tag=DEBUG_CHUNK_SIZE: size=230 flow_id=1671 at time=131072, preferred_dataset_splits=1330918711, resulting chunk_size=
131072
DEBUG_COLLECTIVE_TYPE: layer=115, event=UNKNOWN (raw=0), size=131072, chunk_size=131072
DEBUG_STREAM_COUNT: chunk size is: 131072 , size is: 131072 , layer_num is: 115 , node: 0
DEBUG_STREAM_CREATE: Creating stream #443 for dataset id: 1064 (total_streams=1)
DEBUG_STREAM_COUNT: Generated 1 streams for layer 115 (UNKNOWN), total injected: 444
info: all-gather input grad collective issued for layer: mlp_moelayer, involved dimensions:  1, 0, 0, 0, 0, 0, 0, 0, 0, 0,
[FLOW_DEBUG] Initiating flow from node=1 to node=0 maxPacketCount=32768 tag=231 flow_id=1673 at time=133091871
[FLOW_DEBUG] Initiating flow from node=0 to node=1 maxPacketCount=32768 tag=230 flow_id=1670 at time=133091871
[FLOW_DEBUG] Initiating flow from node=0 to node=1 maxPacketCount=32768 tag=231 flow_id=1672 at time=133091871
***** info: input gradient collective for layer: mlp_moelayer is finished************
info: no weight grad collective for layer: mlp_moelayer
info: no input grad collective for layer: attention_row
info: no weight grad collective for layer: attention_row
info: no input grad collective for layer: attention_column
info: no weight grad collective for layer: attention_column
DEBUG_CHUNK_SIZE: size=20971520, preferred_dataset_splits=1, resulting chunk_size=20971520
DEBUG_COLLECTIVE_TYPE: layer=112, event=UNKNOWN (raw=0), size=20971520, chunk_size=20971520
DEBUG_STREAM_COUNT: chunk size is: 20971520 , size is: 20971520 , layer_num is: 112 , node: 0
DEBUG_STREAM_CREATE: Creating stream #444 for dataset id: 1066 (total_streams=1)
[FLOW_DEBUG] Initiating flow from node=1 to node=0 maxPacketCount=10485760 tag=224 flow_id=1675 at time=133093625
DEBUG_STREAM_COUNT: Generated 1 streams for layer 112 (UNKNOWN), total injected: 445
info: all-to-all input grad collective issued for layer: mlp_moelayer, involved dimensions:  1, 0, 0, 0, 0, 0, 0, 0, 0, 0,
[FLOW_DEBUG] Initiating flow from node=0 to node=1 maxPacketCount=10485760 tag=224 flow_id=1674 at time=133093625
***** info: input gradient collective for layer: mlp_moelayer is finished************
info: no weight grad collective for layer: mlp_moelayer
DEBUG_CHUNK_SIZE: size=83886080, preferred_dataset_splits=1, resulting chunk_size=83886080
DEBUG_COLLECTIVE_TYPE: layer=111, event=UNKNOWN (raw=0), size=83886080, chunk_size=83886080
DEBUG_STREAM_COUNT: chunk size is: 83886080 , size is: 83886080 , layer_num is: 111 , node: 0
[FLOW_DEBUG] Initiating flow from node=1 to node=0 maxPacketCount=41943040 tag=222 flow_id=1677 at time=133187996
DEBUG_STREAM_CREATE: Creating stream #445 for dataset id: 1068 (total_streams=1)
DEBUG_STREAM_COUNT: Generated 1 streams for layer 111 (UNKNOWN), total injected: 446
info: all-to-all input grad collective issued for layer: mlp_moelayer, involved dimensions:  1, 0, 0, 0, 0, 0, 0, 0, 0, 0,
[FLOW_DEBUG] Initiating flow from node=0 to node=1 maxPacketCount=41943040 tag=222 flow_id=1676 at time=133187996
***** info: input gradient collective for layer: mlp_moelayer is finished************
info: no weight grad collective for layer: mlp_moelayer
DEBUG_CHUNK_SIZE: size=83886080, preferred_dataset_splits=1, resulting chunk_size=83886080
DEBUG_COLLECTIVE_TYPE: layer=110, event=UNKNOWN (raw=0), size=83886080, chunk_size=83886080
DEBUG_STREAM_COUNT: chunk size is: 83886080 , size is: 83886080 , layer_num is: 110 , node: 0
DEBUG_STREAM_CREATE: Creating stream #446 for dataset id: 1070 (total_streams=1)
[FLOW_DEBUG] Initiating flow from node=1 to node=0 maxPacketCount=20971520 tag=220 flow_id=1679 at time=133561987
DEBUG_STREAM_COUNT: Generated 1 streams for layer 110 (UNKNOWN), total injected: 447
info: all-gather input grad collective issued for layer: mlp_moelayer, involved dimensions:  1, 0, 0, 0, 0, 0, 0, 0, 0, 0,
[FLOW_DEBUG] Initiating flow from node=0 to node=1 maxPacketCount=20971520 tag=220 flow_id=1678 at time=133561987
[FLOW_DEBUG] Initiating flow from node=1 to node=0 maxPacketCount=20971520 tag=221 flow_id=1681 at time=133561987
[FLOW_DEBUG] Initiating flow from node=0 to node=1 maxPacketCount=20971520 tag=221 flow_id=1680 at time=133561987
***** info: input gradient collective for layer: mlp_moelayer is finished************
info: no weight grad collective for layer: mlp_moelayer
DEBUG_CHUNK_SIZE: size=167772160, preferred_dataset_splits=1, resulting chunk_size=167772160
DEBUG_COLLECTIVE_TYPE: layer=109, event=UNKNOWN (raw=0), size=167772160, chunk_size=167772160
DEBUG_STREAM_COUNT: chunk size is: 167772160 , size is: 167772160 , layer_num is: 109 , node: 0
DEBUG_STREAM_CREATE: Creating stream #447 for dataset id: 1072 (total_streams=1)
[FLOW_DEBUG] Initiating flow from node=1 to node=0 maxPacketCount=41943040 tag=218 flow_id=1683 at time=133935977
DEBUG_STREAM_COUNT: Generated 1 streams for layer 109 (UNKNOWN), total injected: 448
info: all-gather input grad collective issued for layer: mlp_moelayer, involved dimensions:  1, 0, 0, 0, 0, 0, 0, 0, 0, 0,
[FLOW_DEBUG] Initiating flow from node=0 to node=1 maxPacketCount=41943040 tag=218 flow_id=1682 at time=133935977
[FLOW_DEBUG] Initiating flow from node=1 to node=0 maxPacketCount=41943040 tag=219 flow_id=1685 at time=133935977
[FLOW_DEBUG] Initiating flow from node=0 to node=1 maxPacketCount=41943040 tag=219 flow_id=1684 at time=133935977
***** info: input gradient collective for layer: mlp_moelayer is finished************
info: no weight grad collective for layer: mlp_moelayer
DEBUG_CHUNK_SIZE: size=83886080, preferred_dataset_splits=1, resulting chunk_size=83886080
DEBUG_COLLECTIVE_TYPE: layer=108, event=UNKNOWN (raw=0), size=83886080, chunk_size=83886080
DEBUG_STREAM_COUNT: chunk size is: 83886080 , size is: 83886080 , layer_num is: 108 , node: 0
[FLOW_DEBUG] Initiating flow from node=1 to node=0 maxPacketCount=41943040 tag=216 flow_id=1687 at time=134682795
DEBUG_STREAM_CREATE: Creating stream #448 for dataset id: 1074 (total_streams=1)
DEBUG_STREAM_COUNT: Generated 1 streams for layer 108 (UNKNOWN), total injected: 449
info: all-to-all input grad collective issued for layer: mlp_moelayer, involved dimensions:  1, 0, 0, 0, 0, 0, 0, 0, 0, 0,
[FLOW_DEBUG] Initiating flow from node=0 to node=1 maxPacketCount=41943040 tag=216 flow_id=1686 at time=134682795
***** info: input gradient collective for layer: mlp_moelayer is finished************
info: no weight grad collective for layer: mlp_moelayer
DEBUG_CHUNK_SIZE: size=20971520, preferred_dataset_splits=1, resulting chunk_size=20971520
DEBUG_COLLECTIVE_TYPE: layer=107, event=UNKNOWN (raw=0), size=20971520, chunk_size=20971520
DEBUG_STREAM_COUNT: chunk size is: 20971520 , size is: 20971520 , layer_num is: 107 , node: 0
DEBUG_STREAM_CREATE: Creating stream #449 for dataset id: 1076 (total_streams=1)
DEBUG_STREAM_COUNT: Generated 1 streams for layer 107 (UNKNOWN), total injected: 450
info: all-to-all input grad collective issued for layer: mlp_moelayer, involved dimensions:  1, 0, 0, 0, 0, 0, 0, 0, 0, 0,
[FLOW_DEBUG] Initiating flow from node=0 to node=1 maxPacketCount=10485760 tag=214 flow_id=1688 at time=135056786
[FLOW_DEBUG] Initiating flow from node=1 to node=0 maxPacketCount=10485760 tag=214 flow_id=1689 at time=135056786
***** info: input gradient collective for layer: mlp_moelayer is finished************
info: no weight grad collective for layer: mlp_moelayer
DEBUG_CHUNK_SIZE: size=131072, preferred_dataset_splits=1, resulting chunk_size=131072
DEBUG_COLLECTIVE_TYPE: layer=106, event=UNKNOWN (raw=0), size=131072, chunk_size=131072
DEBUG_STREAM_COUNT: chunk size is: 131072 , size is: 131072 , layer_num is: 106 , node: 0
DEBUG_STREAM_CREATE: Creating stream #450 for dataset id: 1078 (total_streams=1)
DEBUG_STREAM_COUNT: Generated 1 streams for layer 106 (UNKNOWN), total injected: 451
info: all-gather input grad collective issued for layer: mlp_moelayer, involved dimensions:  1, 0, 0, 0, 0, 0, 0, 0, 0, 0,
[FLOW_DEBUG] Initiating flow from node=0 to node=1 maxPacketCount=32768 tag=212 flow_id=1690 at time=135151157
[FLOW_DEBUG] Initiating flow from node=1 to node=0 maxPacketCount=32768 tag=212 flow_id=1691 at time=135151157
[FLOW_DEBUG] Initiating flow from node=0 to node=1 maxPacketCount=32768 tag=213 flow_id=1692 at time=135151157
[FLOW_DEBUG] Initiating flow from node=1 to node=0 maxPacketCount=32768 tag=213 flow_id=1693 at time=135151157
***** info: input gradient collective for layer: mlp_moelayer is finished************
info: no weight grad collective for layer: mlp_moelayer
info: no input grad collective for layer: attention_row
info: no weight grad collective for layer: attention_row
info: no input grad collective for layer: attention_column
info: no weight grad collective for layer: attention_column
DEBUG_CHUNK_SIZE: size=20971520, preferred_dataset_splits=1, resulting chunk_size=20971520
DEBUG_COLLECTIVE_TYPE: layer=103, event=UNKNOWN (raw=0), size=20971520, chunk_size=20971520
DEBUG_STREAM_COUNT: chunk size is: 20971520 , size is: 20971520 , layer_num is: 103 , node: 0
[FLOW_DEBUG] Initiating flow from node=1 to node=0 maxPacketCount=10485760 tag=206 flow_id=1695 at time=135152911
DEBUG_STREAM_CREATE: Creating stream #451 for dataset id: 1080 (total_streams=1)
DEBUG_STREAM_COUNT: Generated 1 streams for layer 103 (UNKNOWN), total injected: 452
info: all-to-all input grad collective issued for layer: mlp_moelayer, involved dimensions:  1, 0, 0, 0, 0, 0, 0, 0, 0, 0,
[FLOW_DEBUG] Initiating flow from node=0 to node=1 maxPacketCount=10485760 tag=206 flow_id=1694 at time=135152911
***** info: input gradient collective for layer: mlp_moelayer is finished************
info: no weight grad collective for layer: mlp_moelayer
DEBUG_CHUNK_SIZE: size=83886080, preferred_dataset_splits=1, resulting chunk_size=83886080
DEBUG_COLLECTIVE_TYPE: layer=102, event=UNKNOWN (raw=0), size=83886080, chunk_size=83886080
DEBUG_STREAM_COUNT: chunk size is: 83886080 , size is: 83886080 , layer_num is: 102 , node: 0
DEBUG_STREAM_CREATE: Creating stream #452 for dataset id: 1082 (total_streams=1)
[FLOW_DEBUG] Initiating flow from node=1 to node=0 maxPacketCount=41943040 tag=204 flow_id=1697 at time=135247282
DEBUG_STREAM_COUNT: Generated 1 streams for layer 102 (UNKNOWN), total injected: 453
info: all-to-all input grad collective issued for layer: mlp_moelayer, involved dimensions:  1, 0, 0, 0, 0, 0, 0, 0, 0, 0,
[FLOW_DEBUG] Initiating flow from node=0 to node=1 maxPacketCount=41943040 tag=204 flow_id=1696 at time=135247282
***** info: input gradient collective for layer: mlp_moelayer is finished************
info: no weight grad collective for layer: mlp_moelayer
DEBUG_CHUNK_SIZE: size=83886080, preferred_dataset_splits=1, resulting chunk_size=83886080
DEBUG_COLLECTIVE_TYPE: layer=101, event=UNKNOWN (raw=0), size=83886080, chunk_size=83886080
DEBUG_STREAM_COUNT: chunk size is: 83886080 , size is: 83886080 , layer_num is: [FLOW_DEBUG] Initiating flow from node=101 , node: 0
1 to node=0 maxPacketCount=20971520 tag=202 flow_id=1699 at time=135621273
DEBUG_STREAM_CREATE: Creating stream #453 for dataset id: 1084 (total_streams=1)
[FLOW_DEBUG] Initiating flow from node=1 to node=0 maxPacketCount=20971520 tag=203 flow_id=1701 at time=135621273
DEBUG_STREAM_COUNT: Generated 1 streams for layer 101 (UNKNOWN), total injected: 454
info: all-gather input grad collective issued for layer: mlp_moelayer, involved dimensions:  1, 0, 0, 0, 0, 0, 0, 0, 0, 0,
[FLOW_DEBUG] Initiating flow from node=0 to node=1 maxPacketCount=20971520 tag=202 flow_id=1698 at time=135621273
[FLOW_DEBUG] Initiating flow from node=0 to node=1 maxPacketCount=20971520 tag=203 flow_id=1700 at time=135621273
***** info: input gradient collective for layer: mlp_moelayer is finished************
info: no weight grad collective for layer: mlp_moelayer
DEBUG_CHUNK_SIZE: size=167772160, preferred_dataset_splits=1, resulting chunk_size=167772160
DEBUG_COLLECTIVE_TYPE: layer=100, event=UNKNOWN (raw=0), size=167772160, chunk_size=167772160
DEBUG_STREAM_COUNT: chunk size is: 167772160 , size is: 167772160 , layer_num is: 100 , node: 0
[FLOW_DEBUG] Initiating flow from node=1 to node=0 maxPacketCount=41943040 tag=200 flow_id=1703 at time=135995263
DEBUG_STREAM_CREATE: Creating stream #454 for dataset id: 1086 (total_streams=1)
DEBUG_STREAM_COUNT: Generated 1 streams for layer 100 (UNKNOWN), total injected: 455
info: all-gather input grad collective issued for layer: mlp_moelayer, involved dimensions:  1, 0, 0, 0, 0, 0, 0, 0, 0, 0,
[FLOW_DEBUG] Initiating flow from node=0 to node=1 maxPacketCount=41943040 tag=200 flow_id=1702 at time=135995263
[FLOW_DEBUG] Initiating flow from node=1 to node=0 maxPacketCount=41943040 tag=201 flow_id=1705 at time=135995263
[FLOW_DEBUG] Initiating flow from node=0 to node=1 maxPacketCount=41943040 tag=201 flow_id=1704 at time=135995263
***** info: input gradient collective for layer: mlp_moelayer is finished************
info: no weight grad collective for layer: mlp_moelayer
DEBUG_CHUNK_SIZE: size=83886080, preferred_dataset_splits=1, resulting chunk_size=83886080
DEBUG_COLLECTIVE_TYPE: layer=99, event=UNKNOWN (raw=0), size=83886080, chunk_size=83886080
DEBUG_STREAM_COUNT: chunk size is: 83886080 , size is: 83886080 , layer_num is: 99 , node: 0
[FLOW_DEBUG] Initiating flow from node=1 to node=0 maxPacketCount=41943040 tag=198 flow_id=1707 at time=136742081
DEBUG_STREAM_CREATE: Creating stream #455 for dataset id: 1088 (total_streams=1)
DEBUG_STREAM_COUNT: Generated 1 streams for layer 99 (UNKNOWN), total injected: 456
info: all-to-all input grad collective issued for layer: mlp_moelayer, involved dimensions:  1, 0, 0, 0, 0, 0, 0, 0, 0, 0,
[FLOW_DEBUG] Initiating flow from node=0 to node=1 maxPacketCount=41943040 tag=198 flow_id=1706 at time=136742081
***** info: input gradient collective for layer: mlp_moelayer is finished************
info: no weight grad collective for layer: mlp_moelayer
DEBUG_CHUNK_SIZE: size=20971520, preferred_dataset_splits=1, resulting chunk_size=20971520
DEBUG_COLLECTIVE_TYPE: layer=98, event=UNKNOWN (raw=0), size=20971520, chunk_size=20971520
DEBUG_STREAM_COUNT: chunk size is: 20971520 , size is: 20971520 , layer_num is: 98 , node: 0
[FLOW_DEBUG] Initiating flow from node=1 to node=0 maxPacketCount=10485760 tag=196 flow_id=1709 at time=137116072
DEBUG_STREAM_CREATE: Creating stream #456 for dataset id: 1090 (total_streams=1)
DEBUG_STREAM_COUNT: Generated 1 streams for layer 98 (UNKNOWN), total injected: 457
info: all-to-all input grad collective issued for layer: mlp_moelayer, involved dimensions:  1, 0, 0, 0, 0, 0, 0, 0, 0, 0,
[FLOW_DEBUG] Initiating flow from node=0 to node=1 maxPacketCount=10485760 tag=196 flow_id=1708 at time=137116072
***** info: input gradient collective for layer: mlp_moelayer is finished************
info: no weight grad collective for layer: mlp_moelayer
DEBUG_CHUNK_SIZE: size=131072, preferred_dataset_splits=1, resulting chunk_size=131072
DEBUG_COLLECTIVE_TYPE: layer=97, event=UNKNOWN (raw=0), size=131072, chunk_size=131072
DEBUG_STREAM_COUNT: chunk size is: 131072 , size is: 131072 , layer_num is: 97 , node: 0
DEBUG_STREAM_CREATE: Creating stream #457 for dataset id: 1092 (total_streams=1)
[FLOW_DEBUG] Initiating flow from node=1 to node=0 maxPacketCount=32768 tag=194 flow_id=1711 at time=137210443
DEBUG_STREAM_COUNT: Generated 1 streams for layer 97 (UNKNOWN), total injected: 458
info: all-gather input grad collective issued for layer: mlp_moelayer, involved dimensions:  1, 0, 0, 0, 0, 0, 0, 0, 0, 0,
[FLOW_DEBUG] Initiating flow from node=0 to node=1 maxPacketCount=32768 tag=194 flow_id=1710 at time=137210443
[FLOW_DEBUG] Initiating flow from node=1 to node=0 maxPacketCount=32768 tag=195 flow_id=1713 at time=137210443
[FLOW_DEBUG] Initiating flow from node=0 to node=1 maxPacketCount=32768 tag=195 flow_id=1712 at time=137210443
***** info: input gradient collective for layer: mlp_moelayer is finished************
info: no weight grad collective for layer: mlp_moelayer
info: no input grad collective for layer: attention_row
info: no weight grad collective for layer: attention_row
info: no input grad collective for layer: attention_column
info: no weight grad collective for layer: attention_column
DEBUG_CHUNK_SIZE: size=20971520, preferred_dataset_splits=1, resulting chunk_size=20971520
DEBUG_COLLECTIVE_TYPE: layer=94, event=UNKNOWN (raw=0), size=20971520, chunk_size=20971520
DEBUG_STREAM_COUNT: chunk size is: 20971520 , size is: 20971520 , layer_num is: 94 , node: 0
DEBUG_STREAM_CREATE: Creating stream #458 for dataset id: 1094 (total_streams=1)
DEBUG_STREAM_COUNT: Generated 1 streams for layer 94 (UNKNOWN), total injected: 459
info: all-to-all input grad collective issued for layer: mlp_moelayer, involved dimensions:  1, 0, 0, 0, 0, 0, 0, 0, 0, 0,
[FLOW_DEBUG] Initiating flow from node=1 to node=0 maxPacketCount=10485760 tag=[FLOW_DEBUG] Initiating flow from node=1880 to node=1 flow_id= maxPacketCount=1715 at time=10485760 tag=188 flow_id=1714 at time=137212197
137212197
***** info: input gradient collective for layer: mlp_moelayer is finished************
info: no weight grad collective for layer: mlp_moelayer
DEBUG_CHUNK_SIZE: size=83886080, preferred_dataset_splits=1, resulting chunk_size=83886080
DEBUG_COLLECTIVE_TYPE: layer=93, event=UNKNOWN (raw=0), size=83886080, chunk_size=83886080
DEBUG_STREAM_COUNT: chunk size is: 83886080 , size is: 83886080 , layer_num is: 93 , node: 0
DEBUG_STREAM_CREATE: Creating stream #459 for dataset id: 1096 (total_streams=1)
DEBUG_STREAM_COUNT: Generated 1 streams for layer 93 (UNKNOWN[FLOW_DEBUG] Initiating flow from node=), total injected: 1460 to node=
0 maxPacketCount=info: all-to-all input grad collective issued for layer: mlp_moelayer, involved dimensions:  1, 0, 0, 0, 0, 0, 0, 0, 0, 0,
41943040 tag=186 flow_id=1717 at time=137306568
[FLOW_DEBUG] Initiating flow from node=0 to node=1 maxPacketCount=41943040 tag=186 flow_id=1716 at time=137306568
***** info: input gradient collective for layer: mlp_moelayer is finished************
info: no weight grad collective for layer: mlp_moelayer
DEBUG_CHUNK_SIZE: size=83886080, preferred_dataset_splits=1, resulting chunk_size=83886080
DEBUG_COLLECTIVE_TYPE: layer=92, event=UNKNOWN (raw=0), size=83886080, chunk_size=83886080
DEBUG_STREAM_COUNT: chunk size is: 83886080 , size is: 83886080 , layer_num is: 92 , node: 0
[FLOW_DEBUG] Initiating flow from node=1 to node=0 maxPacketCount=20971520 tag=184 flow_id=1719 at time=137680559
DEBUG_STREAM_CREATE: Creating stream #460 for dataset id: 1098 (total_streams=1)
DEBUG_STREAM_COUNT: Generated 1 streams for layer 92 (UNKNOWN), total injected: 461
info: all-gather input grad collective issued for layer: mlp_moelayer, involved dimensions:  1, 0, 0, 0, 0, 0, 0, 0, 0, 0,
[FLOW_DEBUG] Initiating flow from node=1 to node=0 maxPacketCount=20971520 tag=185 flow_id=1721 at time=137680559
[FLOW_DEBUG] Initiating flow from node=0 to node=1 maxPacketCount=20971520 tag=184 flow_id=1718 at time=137680559
[FLOW_DEBUG] Initiating flow from node=0 to node=1 maxPacketCount=20971520 tag=185 flow_id=1720 at time=137680559
***** info: input gradient collective for layer: mlp_moelayer is finished************
info: no weight grad collective for layer: mlp_moelayer
DEBUG_CHUNK_SIZE: size=167772160, preferred_dataset_splits=1, resulting chunk_size=167772160
DEBUG_COLLECTIVE_TYPE: layer=91, event=UNKNOWN (raw=0), size=167772160, chunk_size=167772160
DEBUG_STREAM_COUNT: chunk size is: 167772160 , size is: 167772160 , layer_num is: 91 , node: 0
DEBUG_STREAM_CREATE: Creating stream #461 for dataset id: 1100 (total_streams=1)
DEBUG_STREAM_COUNT: Generated 1 streams for layer 91 (UNKNOWN), total injected: 462
info: all-gather input grad collective issued for layer: mlp_moelayer, involved dimensions:  1, 0, 0, 0, 0, 0, 0, 0, 0, 0,
[FLOW_DEBUG] Initiating flow from node=[FLOW_DEBUG] Initiating flow from node=0 to node=1 maxPacketCount=141943040 to node= tag=0182 flow_id=1722 at time= maxPacketCount=41943040 tag=182 flow_id=1723 at time=138054549138054549

[FLOW_DEBUG] Initiating flow from node=0 to node=1 maxPacketCount=41943040 tag=183 flow_id=1724 at time=138054549
[FLOW_DEBUG] Initiating flow from node=1 to node=0 maxPacketCount=41943040 tag=183 flow_id=1725 at time=138054549
***** info: input gradient collective for layer: mlp_moelayer is finished************
info: no weight grad collective for layer: mlp_moelayer
[FLOW_DEBUG] Initiating flow from node=1 to node=0 maxPacketCount=41943040 tag=180 flow_id=1727 at time=DEBUG_CHUNK_SIZE: size=138801367
83886080, preferred_dataset_splits=1, resulting chunk_size=83886080
DEBUG_COLLECTIVE_TYPE: layer=90, event=UNKNOWN (raw=0), size=83886080, chunk_size=83886080
DEBUG_STREAM_COUNT: chunk size is: 83886080 , size is: 83886080 , layer_num is: 90 , node: 0
DEBUG_STREAM_CREATE: Creating stream #462 for dataset id: 1102 (total_streams=1)
DEBUG_STREAM_COUNT: Generated 1 streams for layer 90 (UNKNOWN), total injected: 463
info: all-to-all input grad collective issued for layer: mlp_moelayer, involved dimensions:  1, 0, 0, 0, 0, 0, 0, 0, 0, 0,
[FLOW_DEBUG] Initiating flow from node=0 to node=1 maxPacketCount=41943040 tag=180 flow_id=1726 at time=138801367
***** info: input gradient collective for layer: mlp_moelayer is finished************
info: no weight grad collective for layer: mlp_moelayer
DEBUG_CHUNK_SIZE: size=20971520, preferred_dataset_splits=1, resulting chunk_size=20971520
DEBUG_COLLECTIVE_TYPE: layer=89, event=UNKNOWN (raw=0), size=20971520, chunk_size=20971520
DEBUG_STREAM_COUNT: chunk size is: 20971520 , size is: 20971520 , layer_num is: 89 , node: 0
DEBUG_STREAM_CREATE: Creating stream #463 for dataset id: 1104 (total_streams=1)
[FLOW_DEBUG] Initiating flow from node=1 to node=0 maxPacketCount=10485760 tag=178 flow_id=1729 at time=139175358
DEBUG_STREAM_COUNT: Generated 1 streams for layer 89 (UNKNOWN), total injected: 464
info: all-to-all input grad collective issued for layer: mlp_moelayer, involved dimensions:  1, 0, 0, 0, 0, 0, 0, 0, 0, 0,
[FLOW_DEBUG] Initiating flow from node=0 to node=1 maxPacketCount=10485760 tag=178 flow_id=1728 at time=139175358
***** info: input gradient collective for layer: mlp_moelayer is finished************
info: no weight grad collective for layer: mlp_moelayer
DEBUG_CHUNK_SIZE: size=131072, preferred_dataset_splits=1, resulting chunk_size=131072
DEBUG_COLLECTIVE_TYPE: layer=88, event=UNKNOWN (raw=0), size=131072, chunk_size=131072
DEBUG_STREAM_COUNT: chunk size is: 131072 , size is: 131072 , layer_num is: 88 , node: 0
DEBUG_STREAM_CREATE: Creating stream #464 for dataset id: 1106 (total_streams=1)
[FLOW_DEBUG] Initiating flow from node=1 to node=0 maxPacketCount=32768 tag=176 flow_id=1731 at time=139269729
DEBUG_STREAM_COUNT: Generated 1 streams for layer 88 (UNKNOWN), total injected: 465
info: all-gather input grad collective issued for layer: mlp_moelayer, involved dimensions:  1, 0, 0, 0, 0, 0, 0, 0, 0, 0,
[FLOW_DEBUG] Initiating flow from node=0 to node=1 maxPacketCount=32768 tag=176 flow_id=1730 at time=139269729
[FLOW_DEBUG] Initiating flow from node=1 to node=0 maxPacketCount=32768 tag=177 flow_id=1733 at time=139269729
[FLOW_DEBUG] Initiating flow from node=0 to node=1 maxPacketCount=32768 tag=177 flow_id=1732 at time=139269729
***** info: input gradient collective for layer: mlp_moelayer is finished************
info: no weight grad collective for layer: mlp_moelayer
info: no input grad collective for layer: attention_row
info: no weight grad collective for layer: attention_row
info: no input grad collective for layer: attention_column
info: no weight grad collective for layer: attention_column
DEBUG_CHUNK_SIZE: size=20971520, preferred_dataset_splits=1, resulting chunk_size=20971520
DEBUG_COLLECTIVE_TYPE: layer=85, event=UNKNOWN (raw=0), size=20971520, chunk_size=20971520
DEBUG_STREAM_COUNT: chunk size is: 20971520 , size is: 20971520 , layer_num is: 85 , node: 0
DEBUG_STREAM_CREATE: Creating stream #465 for dataset id: 1107 (total_streams=1)
DEBUG_STREAM_COUNT: Generated 1 streams for layer 85 (UNKNOWN), total injected: 466
info: all-to-all input grad collective issued for layer: mlp_moelayer, involved dimensions:  1, 0, 0, 0, 0, 0, 0, 0, 0, 0,
[FLOW_DEBUG] Initiating flow from node=1 to node=0 maxPacketCount=10485760 tag=170 flow_id=1735 at time=139271483
[FLOW_DEBUG] Initiating flow from node=0 to node=1 maxPacketCount=10485760 tag=170 flow_id=1734 at time=139271483
***** info: input gradient collective for layer: mlp_moelayer is finished************
info: no weight grad collective for layer: mlp_moelayer
DEBUG_CHUNK_SIZE: size=83886080, preferred_dataset_splits=1, resulting chunk_size=83886080
DEBUG_COLLECTIVE_TYPE: layer=84, event=UNKNOWN (raw=0), size=83886080, chunk_size=83886080
DEBUG_STREAM_COUNT: chunk size is: 83886080 , size is: 83886080 , layer_num is: 84 , node: 0
DEBUG_STREAM_CREATE: Creating stream #466 for dataset id: 1110 (total_streams=1)
DEBUG_STREAM_COUNT: Generated 1 streams for layer 84 (UNKNOWN), total injected: 467
[FLOW_DEBUG] Initiating flow from node=info: all-to-all input grad collective issued for layer: mlp_moelayer,1 involved dimensions:  to node=0 maxPacketCount=41943040 tag= 1,168 flow_id=1737 0, at time= 0, 0, 0, 0, 0, 0, 0, 0,
139365854
[FLOW_DEBUG] Initiating flow from node=0 to node=1 maxPacketCount=41943040 tag=168 flow_id=1736 at time=139365854
***** info: input gradient collective for layer: mlp_moelayer is finished************
info: no weight grad collective for layer: mlp_moelayer
DEBUG_CHUNK_SIZE: size=83886080, preferred_dataset_splits=1, resulting chunk_size=83886080
DEBUG_COLLECTIVE_TYPE: layer=83, event=UNKNOWN (raw=0), size=83886080, chunk_size=83886080
DEBUG_STREAM_COUNT: chunk size is: 83886080 , size is: 83886080 , layer_num is: 83 , node: 0
DEBUG_STREAM_CREATE: Creating stream #467 for dataset id: [FLOW_DEBUG] Initiating flow from node=1112 (total_streams=1)
1 to node=0 maxPacketCount=20971520 tag=166 flow_id=1739 at time=139739845
DEBUG_STREAM_COUNT: Generated 1 streams for layer 83 (UNKNOWN), total injected: 468
info: all-gather input grad collective issued for layer: mlp_moelayer, involved dimensions:  1, 0, 0, 0, 0, 0, 0, 0, 0, 0,
[FLOW_DEBUG] Initiating flow from node=0 to node=1 maxPacketCount=20971520 tag=166 flow_id=1738 at time=139739845
[FLOW_DEBUG] Initiating flow from node=1 to node=0 maxPacketCount=20971520 tag=167 flow_id=1741 at time=139739845
[FLOW_DEBUG] Initiating flow from node=0 to node=1 maxPacketCount=20971520 tag=167 flow_id=1740 at time=139739845
***** info: input gradient collective for layer: mlp_moelayer is finished************
info: no weight grad collective for layer: mlp_moelayer
DEBUG_CHUNK_SIZE: size=167772160, preferred_dataset_splits=1, resulting chunk_size=167772160
DEBUG_COLLECTIVE_TYPE: layer=82, event=UNKNOWN (raw=0), size=167772160, chunk_size=167772160
DEBUG_STREAM_COUNT: chunk size is: 167772160 , size is: 167772160 , layer_num is: 82 , node: 0
DEBUG_STREAM_CREATE: Creating stream #468 for dataset id: 1114 (total_streams=1)
DEBUG_STREAM_COUNT: Generated 1 streams for layer 82 (UNKNOWN), total injected: 469
info: all-gather input grad collective issued for layer: mlp_moelayer, involved dimensions:  1, 0, 0, 0, 0, 0, 0, 0, 0, 0,
[FLOW_DEBUG] Initiating flow from node=0 to node=1 maxPacketCount=41943040 tag=164 flow_id=1742 at time=140113835
[FLOW_DEBUG] Initiating flow from node=1 to node=0 maxPacketCount=41943040 tag=164 flow_id=1743 at time=140113835
[FLOW_DEBUG] Initiating flow from node=0 to node=1 maxPacketCount=41943040 tag=165 flow_id=1744 at time=140113835
[FLOW_DEBUG] Initiating flow from node=1 to node=0 maxPacketCount=41943040 tag=165 flow_id=1745 at time=140113835
***** info: input gradient collective for layer: mlp_moelayer is finished************
info: no weight grad collective for layer: mlp_moelayer
DEBUG_CHUNK_SIZE: size=83886080, preferred_dataset_splits=1, resulting chunk_size=83886080
DEBUG_COLLECTIVE_TYPE: layer=81, event=UNKNOWN (raw=0), size=83886080, chunk_size=83886080
DEBUG_STREAM_COUNT: chunk size is: 83886080 , size is: 83886080 , layer_num is: 81 , node: 0
DEBUG_STREAM_CREATE: Creating stream #469 for dataset id: 1116 (total_streams=1)
DEBUG_STREAM_COUNT: Generated 1 streams for layer 81 (UNKNOWN), total injected: 470
info: all-to-all input grad collective issued for layer: mlp_moelayer, involved dimensions:  1, 0, 0, 0, 0, 0, 0, 0, 0, 0,
[FLOW_DEBUG] Initiating flow from node=1 to node=0 maxPacketCount=41943040 tag=162 flow_id=1747 at time=140860653
[FLOW_DEBUG] Initiating flow from node=0 to node=1 maxPacketCount=41943040 tag=162 flow_id=1746 at time=140860653
***** info: input gradient collective for layer: mlp_moelayer is finished************
info: no weight grad collective for layer: mlp_moelayer
DEBUG_CHUNK_SIZE: size=20971520, preferred_dataset_splits=1, resulting chunk_size=20971520
DEBUG_COLLECTIVE_TYPE: layer=80, event=UNKNOWN (raw=0), size=20971520, chunk_size=20971520
DEBUG_STREAM_COUNT: chunk size is: 20971520 , size is: 20971520 , layer_num is: 80 , node: 0
[FLOW_DEBUG] Initiating flow from node=1 to node=0 maxPacketCount=10485760 tag=160 flow_id=1749 at time=141234644
DEBUG_STREAM_CREATE: Creating stream #470 for dataset id: 1118 (total_streams=1)
DEBUG_STREAM_COUNT: Generated 1 streams for layer 80 (UNKNOWN), total injected: 471
info: all-to-all input grad collective issued for layer: mlp_moelayer, involved dimensions:  1, 0, 0, 0, 0, 0, 0, 0, 0, 0,
[FLOW_DEBUG] Initiating flow from node=0 to node=1 maxPacketCount=10485760 tag=160 flow_id=1748 at time=141234644
***** info: input gradient collective for layer: mlp_moelayer is finished************
info: no weight grad collective for layer: mlp_moelayer
DEBUG_CHUNK_SIZE: size=131072, preferred_dataset_splits=1, resulting chunk_size=131072
DEBUG_COLLECTIVE_TYPE: layer=79, event=UNKNOWN (raw=0), size=131072, chunk_size=131072
DEBUG_STREAM_COUNT: chunk size is: 131072 , size is: 131072 , layer_num is: 79 , node: 0
[FLOW_DEBUG] Initiating flow from node=1 to node=0 maxPacketCount=DEBUG_STREAM_CREATE: Creating stream #471 for dataset id: 1120 (total_streams=327681 tag=)158 flow_id=
1751 at time=141329015
DEBUG_STREAM_COUNT: Generated 1 streams for layer 79 (UNKNOWN), total injected: 472
info: all-gather input grad collective issued for layer: mlp_moelayer, involved dimensions:  1, 0, 0, 0, 0, 0, 0, 0, 0, 0,
[FLOW_DEBUG] Initiating flow from node=0 to node=1 maxPacketCount=32768 tag=158 flow_id=1750 at time=141329015
[FLOW_DEBUG] Initiating flow from node=1 to node=0 maxPacketCount=32768 tag=159 flow_id=1753 at time=141329015
[FLOW_DEBUG] Initiating flow from node=0 to node=1 maxPacketCount=32768 tag=159 flow_id=1752 at time=141329015
***** info: input gradient collective for layer: mlp_moelayer is finished************
info: no weight grad collective for layer: mlp_moelayer
info: no input grad collective for layer: attention_row
info: no weight grad collective for layer: attention_row
info: no input grad collective for layer: attention_column
info: no weight grad collective for layer: attention_column
info: no input grad collective for layer: embedding_layer
info: no weight grad collective for layer: embedding_layer
info: no input grad collective for layer: embedding_norm
info: no weight grad collective for layer: embedding_norm
info: no input grad collective for layer: final_column
info: no weight grad collective for layer: final_column
DEBUG_CHUNK_SIZE: size=20971520, preferred_dataset_splits=1, resulting chunk_size=20971520
DEBUG_COLLECTIVE_TYPE: layer=73, event=UNKNOWN (raw=0), size=20971520, chunk_size=20971520
DEBUG_STREAM_COUNT: chunk size is: 20971520 , size is: 20971520 , layer_num is: 73 , node: 0
DEBUG_STREAM_CREATE: Creating stream #472 for dataset id: 1122 (total_streams=1)
DEBUG_STREAM_COUNT: Generated 1 streams for layer 73 (UNKNOWN), total injected: 473
info: all-to-all input grad collective issued for layer: mlp_moelayer, involved dimensions:  1, 0, 0, 0, 0, 0, 0, 0, 0, 0,
[FLOW_DEBUG] Initiating flow from node=1 to node=0 maxPacketCount=10485760 tag=146 flow_id=1755 at time=141330781
[FLOW_DEBUG] Initiating flow from node=0 to node=1 maxPacketCount=10485760 tag=146 flow_id=1754 at time=141330781
***** info: input gradient collective for layer: mlp_moelayer is finished************
info: no weight grad collective for layer: mlp_moelayer
DEBUG_CHUNK_SIZE: size=83886080, preferred_dataset_splits=1, resulting chunk_size=83886080
DEBUG_COLLECTIVE_TYPE: layer=72, event=UNKNOWN (raw=0), size=83886080, chunk_size=83886080
DEBUG_STREAM_COUNT: chunk size is: 83886080 , size is: 83886080 , layer_num is: 72 , node: 0
[FLOW_DEBUG] Initiating flow from node=1 to node=0 maxPacketCount=41943040 tag=144 flow_id=1757 at time=141425152
DEBUG_STREAM_CREATE: Creating stream #473 for dataset id: 1124 (total_streams=1)
DEBUG_STREAM_COUNT: Generated 1 streams for layer 72 (UNKNOWN), total injected: 474
info: all-to-all input grad collective issued for layer: mlp_moelayer, involved dimensions:  1, 0, 0, 0, 0, 0, 0, 0, 0, 0,
[FLOW_DEBUG] Initiating flow from node=0 to node=1 maxPacketCount=41943040 tag=144 flow_id=1756 at time=141425152
***** info: input gradient collective for layer: mlp_moelayer is finished************
info: no weight grad collective for layer: mlp_moelayer
DEBUG_CHUNK_SIZE: size=83886080, preferred_dataset_splits=1, resulting chunk_size=83886080
DEBUG_COLLECTIVE_TYPE: layer=71, event=UNKNOWN (raw=0), size=83886080, chunk_size=83886080
DEBUG_STREAM_COUNT: chunk size is: 83886080 , size is: 83886080 , layer_num is: 71 , node: 0
[FLOW_DEBUG] Initiating flow from node=1 to node=0 maxPacketCount=20971520 tag=142 flow_id=1759 at time=141799143
DEBUG_STREAM_CREATE: Creating stream #474 for dataset id: 1126 (total_streams=1)
DEBUG_STREAM_COUNT: Generated 1 streams for layer 71 (UNKNOWN), total injected: 475
[FLOW_DEBUG] Initiating flow from node=1 to node=0 maxPacketCount=20971520 tag=143 flow_id=1761 at time=141799143
info: all-gather input grad collective issued for layer: mlp_moelayer, involved dimensions:  1, 0, 0, 0, 0, 0, 0, 0, 0, 0,
[FLOW_DEBUG] Initiating flow from node=0 to node=1 maxPacketCount=20971520 tag=142 flow_id=1758 at time=141799143
[FLOW_DEBUG] Initiating flow from node=0 to node=1 maxPacketCount=20971520 tag=143 flow_id=1760 at time=141799143
***** info: input gradient collective for layer: mlp_moelayer is finished************
info: no weight grad collective for layer: mlp_moelayer
DEBUG_CHUNK_SIZE: size=167772160, preferred_dataset_splits=1, resulting chunk_size=167772160
DEBUG_COLLECTIVE_TYPE: layer=70, event=UNKNOWN (raw=0), size=167772160, chunk_size=167772160
DEBUG_STREAM_COUNT: chunk size is: 167772160 , size is: 167772160 , layer_num is: 70 , node: 0
DEBUG_STREAM_CREATE: Creating stream #475 for dataset id: 1128 (total_streams=1)
DEBUG_STREAM_COUNT: Generated 1 streams for layer 70 (UNKNOWN), total injected: 476
info: all-gather input grad collective issued for layer: mlp_moelayer, involved dimensions:  1, 0, 0, 0, 0, 0, 0, 0, 0, 0,
[FLOW_DEBUG] Initiating flow from node=0 to node=1 maxPacketCount=41943040 tag=140 flow_id=1762 at time=142173133
[FLOW_DEBUG] Initiating flow from node=1 to node=0 maxPacketCount=41943040 tag=140 flow_id=1763 at time=142173133
[FLOW_DEBUG] Initiating flow from node=0 to node=1 maxPacketCount=41943040 tag=141 flow_id=1764 at time=142173133
[FLOW_DEBUG] Initiating flow from node=1 to node=0 maxPacketCount=41943040 tag=141 flow_id=1765 at time=142173133
***** info: input gradient collective for layer: mlp_moelayer is finished************
info: no weight grad collective for layer: mlp_moelayer
DEBUG_CHUNK_SIZE: size=83886080, preferred_dataset_splits=1, resulting chunk_size=83886080
DEBUG_COLLECTIVE_TYPE: layer=69, event=UNKNOWN (raw=0), size=83886080, chunk_size=83886080
DEBUG_STREAM_COUNT: chunk size is: 83886080 , size is: 83886080 , layer_num is: 69 , node: 0
[FLOW_DEBUG] Initiating flow from node=1 to node=0 maxPacketCount=41943040 tag=138 flow_id=1767 at time=142919951
DEBUG_STREAM_CREATE: Creating stream #476 for dataset id: 1130 (total_streams=1)
DEBUG_STREAM_COUNT: Generated 1 streams for layer 69 (UNKNOWN), total injected: 477
info: all-to-all input grad collective issued for layer: mlp_moelayer, involved dimensions:  1, 0, 0, 0, 0, 0, 0, 0, 0, 0,
[FLOW_DEBUG] Initiating flow from node=0 to node=1 maxPacketCount=41943040 tag=138 flow_id=1766 at time=142919951
***** info: input gradient collective for layer: mlp_moelayer is finished************
info: no weight grad collective for layer: mlp_moelayer
DEBUG_CHUNK_SIZE: size=20971520, preferred_dataset_splits=1, resulting chunk_size=20971520
DEBUG_COLLECTIVE_TYPE: layer=68, event=UNKNOWN (raw=0), size=20971520, chunk_size=20971520
DEBUG_STREAM_COUNT: chunk size is: 20971520 , size is: 20971520 , layer_num is: 68 , node: 0
[FLOW_DEBUG] Initiating flow from node=1 to node=0 maxPacketCount=10485760 tag=136 flow_id=1769 at time=143293942
DEBUG_STREAM_CREATE: Creating stream #477 for dataset id: 1132 (total_streams=1)
DEBUG_STREAM_COUNT: Generated 1 streams for layer 68 (UNKNOWN), total injected: 478
info: all-to-all input grad collective issued for layer: mlp_moelayer, involved dimensions:  1, 0, 0, 0, 0, 0, 0, 0, 0, 0,
[FLOW_DEBUG] Initiating flow from node=0 to node=1 maxPacketCount=10485760 tag=136 flow_id=1768 at time=143293942
***** info: input gradient collective for layer: mlp_moelayer is finished************
info: no weight grad collective for layer: mlp_moelayer
DEBUG_CHUNK_SIZE: size=131072, preferred_dataset_splits=1, resulting chunk_size=131072
DEBUG_COLLECTIVE_TYPE: layer=67, event=UNKNOWN (raw=0), size=131072, chunk_size=131072
DEBUG_STREAM_COUNT: chunk size is: 131072 , size is: 131072 , layer_num is: 67 , node: 0
DEBUG_STREAM_CREATE: Creating stream #478 for dataset id: 1134 (total_streams=1)
[FLOW_DEBUG] Initiating flow from node=1 to node=0 maxPacketCount=32768 tag=134 flow_id=1771 at time=143388313
DEBUG_STREAM_COUNT: Generated 1 streams for layer 67 (UNKNOWN), total injected: 479
info: all-gather input grad collective issued for layer: mlp_moelayer, involved dimensions: [FLOW_DEBUG] Initiating flow from node=1 to node= 1,0 maxPacketCount=32768 tag=135 flow_id=1773 at time= 0,143388313 0, 0,
 0, 0, 0, 0, 0, 0,
[FLOW_DEBUG] Initiating flow from node=0 to node=1 maxPacketCount=32768 tag=134 flow_id=1770 at time=143388313
[FLOW_DEBUG] Initiating flow from node=0 to node=1 maxPacketCount=32768 tag=135 flow_id=1772 at time=143388313
***** info: input gradient collective for layer: mlp_moelayer is finished************
info: no weight grad collective for layer: mlp_moelayer
info: no input grad collective for layer: attention_row
info: no weight grad collective for layer: attention_row
info: no input grad collective for layer: attention_column
info: no weight grad collective for layer: attention_column
DEBUG_CHUNK_SIZE: size=20971520, preferred_dataset_splits=1, resulting chunk_size=20971520
DEBUG_COLLECTIVE_TYPE: layer=64, event=UNKNOWN (raw=0), size=20971520, chunk_size=20971520
DEBUG_STREAM_COUNT: chunk size is: 20971520 , size is: 20971520 , layer_num is: 64 , node: 0
DEBUG_STREAM_CREATE: Creating stream #479 for dataset id: 1136 (total_streams=1)
[FLOW_DEBUG] Initiating flow from node=1 to node=0 maxPacketCount=10485760 tag=128 flow_id=1775 at time=143390067
DEBUG_STREAM_COUNT: Generated 1 streams for layer 64 (UNKNOWN), total injected: 480
info: all-to-all input grad collective issued for layer: mlp_moelayer, involved dimensions:  1, 0, 0, 0, 0, 0, 0, 0, 0, 0,
[FLOW_DEBUG] Initiating flow from node=0 to node=1 maxPacketCount=10485760 tag=128 flow_id=1774 at time=143390067
***** info: input gradient collective for layer: mlp_moelayer is finished************
info: no weight grad collective for layer: mlp_moelayer
DEBUG_CHUNK_SIZE: size=83886080, preferred_dataset_splits=1, resulting chunk_size=83886080
DEBUG_COLLECTIVE_TYPE: layer=63, event=UNKNOWN (raw=0), size=83886080, chunk_size=83886080
DEBUG_STREAM_COUNT: chunk size is: 83886080 , size is: 83886080 , layer_num is: 63 , node: 0
DEBUG_STREAM_CREATE: Creating stream #480 for dataset id: 1138 (total_streams=1)
DEBUG_STREAM_COUNT: Generated 1 streams for layer 63 (UNKNOWN), total injected: 481
[FLOW_DEBUG] Initiating flow from node=info: all-to-all input grad collective issued for layer: mlp_moelayer,1 involved dimensions:  to node= 1,0 0, maxPacketCount= 0, 0, 0, 0,41943040 0, tag= 0, 0, 0,
126 flow_id=1777 at time=143484438
[FLOW_DEBUG] Initiating flow from node=0 to node=1 maxPacketCount=41943040 tag=126 flow_id=1776 at time=143484438
***** info: input gradient collective for layer: mlp_moelayer is finished************
info: no weight grad collective for layer: mlp_moelayer
DEBUG_CHUNK_SIZE: size=83886080, preferred_dataset_splits=1, resulting chunk_size=83886080
DEBUG_COLLECTIVE_TYPE: layer=62, event=UNKNOWN (raw=0), size=83886080, chunk_size=83886080
DEBUG_STREAM_COUNT: chunk size is: 83886080 , size is: 83886080 , layer_num is: 62 , node: 0
[FLOW_DEBUG] Initiating flow from node=1 to node=0 maxPacketCount=20971520 tag=124 flow_id=1779 at time=143858429
DEBUG_STREAM_CREATE: Creating stream #481 for dataset id: 1140 (total_streams=1)
[FLOW_DEBUG] Initiating flow from node=1 to node=0 maxPacketCount=20971520 tag=125 flow_id=1781 at time=143858429
DEBUG_STREAM_COUNT: Generated 1 streams for layer 62 (UNKNOWN), total injected: 482
info: all-gather input grad collective issued for layer: mlp_moelayer, involved dimensions:  1, 0, 0, 0, 0, 0, 0, 0, 0, 0,
[FLOW_DEBUG] Initiating flow from node=0 to node=1 maxPacketCount=20971520 tag=124 flow_id=1778 at time=143858429
[FLOW_DEBUG] Initiating flow from node=0 to node=1 maxPacketCount=20971520 tag=125 flow_id=1780 at time=143858429
***** info: input gradient collective for layer: mlp_moelayer is finished************
info: no weight grad collective for layer: mlp_moelayer
DEBUG_CHUNK_SIZE: size=167772160, preferred_dataset_splits=1, resulting chunk_size=167772160
DEBUG_COLLECTIVE_TYPE: layer=61, event=UNKNOWN (raw=0), size=167772160, chunk_size=167772160
DEBUG_STREAM_COUNT: chunk size is: 167772160 , size is: 167772160 , layer_num is: 61 , node: 0
DEBUG_STREAM_CREATE: Creating stream #482 for dataset id: 1142 (total_streams=1)
[FLOW_DEBUG] Initiating flow from node=1 to node=0 maxPacketCount=41943040 tag=122 flow_id=1783 at time=144232419
DEBUG_STREAM_COUNT: Generated 1 streams for layer 61 (UNKNOWN), total injected: 483
info: all-gather input grad collective issued for layer: mlp_moelayer, involved dimensions:  1, 0, 0, 0, 0, 0, 0, 0, 0, 0,
[FLOW_DEBUG] Initiating flow from node=0 to node=1 maxPacketCount=41943040 tag=122 flow_id=1782 at time=144232419
[FLOW_DEBUG] Initiating flow from node=1 to node=0 maxPacketCount=41943040 tag=123 flow_id=1785 at time=144232419
[FLOW_DEBUG] Initiating flow from node=0 to node=1 maxPacketCount=41943040 tag=123 flow_id=1784 at time=144232419
***** info: input gradient collective for layer: mlp_moelayer is finished************
info: no weight grad collective for layer: mlp_moelayer
DEBUG_CHUNK_SIZE: size=83886080, preferred_dataset_splits=1, resulting chunk_size=83886080
DEBUG_COLLECTIVE_TYPE: layer=60, event=UNKNOWN (raw=0), size=83886080, chunk_size=83886080
DEBUG_STREAM_COUNT: chunk size is: 83886080 , size is: 83886080 , layer_num is: 60 , node: 0
DEBUG_STREAM_CREATE: Creating stream #483 for dataset id: 1144 (total_streams=1)
DEBUG_STREAM_COUNT: Generated 1 streams for layer 60 (UNKNOWN), total injected: 484
info: all-to-all input grad collective issued for layer: mlp_moelayer, involved dimensions:  1, 0, 0, 0, 0, 0, 0, 0, 0, 0,
[FLOW_DEBUG] Initiating flow from node=1 to node=0 maxPacketCount=41943040 tag=120 flow_id=1787 at time=144979237
[FLOW_DEBUG] Initiating flow from node=0 to node=1 maxPacketCount=41943040 tag=120 flow_id=1786 at time=144979237
***** info: input gradient collective for layer: mlp_moelayer is finished************
info: no weight grad collective for layer: mlp_moelayer
DEBUG_CHUNK_SIZE: size=20971520, preferred_dataset_splits=1, resulting chunk_size=20971520
DEBUG_COLLECTIVE_TYPE: layer=59, event=UNKNOWN (raw=0), size=20971520, chunk_size=20971520
DEBUG_STREAM_COUNT: chunk size is: 20971520 , size is: 20971520 , layer_num is: 59 , node: 0
DEBUG_STREAM_CREATE: Creating stream #484 for dataset id: 1146 (total_streams=1)
[FLOW_DEBUG] Initiating flow from node=1 to node=0 maxPacketCount=10485760 tag=118 flow_id=1789 at time=145353228
DEBUG_STREAM_COUNT: Generated 1 streams for layer 59 (UNKNOWN), total injected: 485
info: all-to-all input grad collective issued for layer: mlp_moelayer, involved dimensions:  1, 0, 0, 0, 0, 0, 0, 0, 0, 0,
[FLOW_DEBUG] Initiating flow from node=0 to node=1 maxPacketCount=10485760 tag=118 flow_id=1788 at time=145353228
***** info: input gradient collective for layer: mlp_moelayer is finished************
info: no weight grad collective for layer: mlp_moelayer
DEBUG_CHUNK_SIZE: size=131072, preferred_dataset_splits=1, resulting chunk_size=131072
DEBUG_COLLECTIVE_TYPE: layer=58, event=UNKNOWN (raw=0), size=131072, chunk_size=131072
DEBUG_STREAM_COUNT: chunk size is: 131072 , size is: 131072 , layer_num is: 58 , node: 0
DEBUG_STREAM_CREATE: Creating stream #485 for dataset id: 1148 (total_streams=1)
[FLOW_DEBUG] Initiating flow from node=1 to node=0 maxPacketCount=32768 tag=116 flow_id=1791 at time=145447599
DEBUG_STREAM_COUNT: Generated 1 streams for layer 58 (UNKNOWN), total injected: 486
info: all-gather input grad collective issued for layer: mlp_moelayer, involved dimensions:  1, 0, 0, 0, 0, 0, 0, 0, 0, 0,
[FLOW_DEBUG] Initiating flow from node=0 to node=1 maxPacketCount=32768 tag=116 flow_id=1790 at time=145447599
[FLOW_DEBUG] Initiating flow from node=1 to node=0 maxPacketCount=32768 tag=117 flow_id=1793 at time=145447599
[FLOW_DEBUG] Initiating flow from node=0 to node=1 maxPacketCount=32768 tag=117 flow_id=1792 at time=145447599
***** info: input gradient collective for layer: mlp_moelayer is finished************
info: no weight grad collective for layer: mlp_moelayer
info: no input grad collective for layer: attention_row
info: no weight grad collective for layer: attention_row
info: no input grad collective for layer: attention_column
info: no weight grad collective for layer: attention_column
DEBUG_CHUNK_SIZE: size=20971520, preferred_dataset_splits=1, resulting chunk_size=20971520
DEBUG_COLLECTIVE_TYPE: layer=55, event=UNKNOWN (raw=0), size=20971520, chunk_size=20971520
DEBUG_STREAM_COUNT: chunk size is: 20971520 , size is: 20971520 , layer_num is: 55 , node: 0
[FLOW_DEBUG] Initiating flow from node=1 to node=0 maxPacketCount=10485760 tag=110 flow_id=1795 at time=145449353
DEBUG_STREAM_CREATE: Creating stream #486 for dataset id: 1150 (total_streams=1)
DEBUG_STREAM_COUNT: Generated 1 streams for layer 55 (UNKNOWN), total injected: 487
info: all-to-all input grad collective issued for layer: mlp_moelayer, involved dimensions:  1, 0, 0, 0, 0, 0, 0, 0, 0, 0,
[FLOW_DEBUG] Initiating flow from node=0 to node=1 maxPacketCount=10485760 tag=110 flow_id=1794 at time=145449353
***** info: input gradient collective for layer: mlp_moelayer is finished************
info: no weight grad collective for layer: mlp_moelayer
DEBUG_CHUNK_SIZE: size=83886080, preferred_dataset_splits=1, resulting chunk_size=83886080
DEBUG_COLLECTIVE_TYPE: layer=54, event=UNKNOWN (raw=0), size=83886080, chunk_size=83886080
DEBUG_STREAM_COUNT: chunk size is: 83886080 , size is: 83886080 , layer_num is: 54 , node: 0
DEBUG_STREAM_CREATE: Creating stream #487 for dataset id: 1151 (total_streams=1)
DEBUG_STREAM_COUNT: Generated 1 streams for layer 54 (UNKNOWN), total injected: 488
info: all-to-all input grad collective issued for layer: mlp_moelayer, involved dimensions:  1, 0, 0, 0, 0, 0, 0, 0, 0, 0,
[FLOW_DEBUG] Initiating flow from node=0 to node=1 maxPacketCount=41943040 tag=108 flow_id=1796 at time=145543724
[FLOW_DEBUG] Initiating flow from node=1 to node=0 maxPacketCount=41943040 tag=108 flow_id=1797 at time=145543724
***** info: input gradient collective for layer: mlp_moelayer is finished************
info: no weight grad collective for layer: mlp_moelayer
DEBUG_CHUNK_SIZE: size=83886080, preferred_dataset_splits=1, resulting chunk_size=83886080
DEBUG_COLLECTIVE_TYPE: layer=53, event=UNKNOWN (raw=0), size=83886080, chunk_size=83886080
DEBUG_STREAM_COUNT: chunk size is: 83886080 , size is: 83886080 , layer_num is: 53 , node: 0
DEBUG_STREAM_CREATE: Creating stream #488 for dataset id: 1154 (total_streams=1)
DEBUG_STREAM_COUNT: Generated 1 streams for layer 53 (UNKNOWN), total injected: 489
info: all-gather input grad collective issued for layer: mlp_moelayer, involved dimensions:  1, 0, 0, 0, 0, 0, 0, 0, 0, 0,
[FLOW_DEBUG] Initiating flow from node=[FLOW_DEBUG] Initiating flow from node=1 to node=0 to node=1 maxPacketCount=0 maxPacketCount=20971520 tag=20971520106 tag= flow_id=1061798 at time= flow_id=1799 at time=145917715145917715

[FLOW_DEBUG] Initiating flow from node=1 to node=0 maxPacketCount=20971520 tag=107 flow_id=1801 at time=145917715
[FLOW_DEBUG] Initiating flow from node=0 to node=1 maxPacketCount=20971520 tag=107 flow_id=1800 at time=145917715
***** info: input gradient collective for layer: mlp_moelayer is finished************
info: no weight grad collective for layer: mlp_moelayer
DEBUG_CHUNK_SIZE: size=167772160, preferred_dataset_splits=1, resulting chunk_size=167772160
[FLOW_DEBUG] Initiating flow from node=DEBUG_COLLECTIVE_TYPE: layer=52, event=UNKNOWN (raw=01), size= to node=0 maxPacketCount=41943040167772160 tag=104 flow_id=, chunk_size=1803167772160 at time=
DEBUG_STREAM_COUNT: chunk size is: 167772160146291705 , size is: 167772160 , layer_num is: 52 , node: 
0
DEBUG_STREAM_CREATE: Creating stream #489 for dataset id: 1156 (total_streams=1)
[FLOW_DEBUG] Initiating flow from node=1 to node=0 maxPacketCount=41943040 tag=105 flow_id=1805 at time=146291705
DEBUG_STREAM_COUNT: Generated 1 streams for layer 52 (UNKNOWN), total injected: 490
info: all-gather input grad collective issued for layer: mlp_moelayer, involved dimensions:  1, 0, 0, 0, 0, 0, 0, 0, 0, 0,
[FLOW_DEBUG] Initiating flow from node=0 to node=1 maxPacketCount=41943040 tag=104 flow_id=1802 at time=146291705
[FLOW_DEBUG] Initiating flow from node=0 to node=1 maxPacketCount=41943040 tag=105 flow_id=1804 at time=146291705
***** info: input gradient collective for layer: mlp_moelayer is finished************
info: no weight grad collective for layer: mlp_moelayer
DEBUG_CHUNK_SIZE: size=83886080, preferred_dataset_splits=1, resulting chunk_size=83886080
DEBUG_COLLECTIVE_TYPE: layer=51, event=UNKNOWN (raw=0), size=83886080, chunk_size=83886080
DEBUG_STREAM_COUNT: chunk size is: 83886080 , size is: 83886080 , layer_num is: 51 , node: 0
DEBUG_STREAM_CREATE: Creating stream #490 for dataset id: 1158 (total_streams=1)
DEBUG_STREAM_COUNT: Generated 1 streams for layer 51 (UNKNOWN), total injected: 491[FLOW_DEBUG] Initiating flow from node=
info: all-to-all input grad collective issued for layer: mlp_moelayer, involved dimensions:  1, 0, 0, 0, 0, 0, 0, 0, 0, 0,
1 to node=0 maxPacketCount=41943040 tag=102 flow_id=1807 at time=147038523
[FLOW_DEBUG] Initiating flow from node=0 to node=1 maxPacketCount=41943040 tag=102 flow_id=1806 at time=147038523
***** info: input gradient collective for layer: mlp_moelayer is finished************
info: no weight grad collective for layer: mlp_moelayer
DEBUG_CHUNK_SIZE: size=20971520, preferred_dataset_splits=1, resulting chunk_size=20971520
DEBUG_COLLECTIVE_TYPE: layer=50, event=UNKNOWN (raw=0), size=20971520, chunk_size=20971520
DEBUG_STREAM_COUNT: chunk size is: 20971520 , size is: 20971520 , layer_num is: 50 , node: 0
[FLOW_DEBUG] Initiating flow from node=1 to node=0 maxPacketCount=10485760 tag=100 flow_id=1809 at time=147412514
DEBUG_STREAM_CREATE: Creating stream #491 for dataset id: 1160 (total_streams=1)
DEBUG_STREAM_COUNT: Generated 1 streams for layer 50 (UNKNOWN), total injected: 492
info: all-to-all input grad collective issued for layer: mlp_moelayer, involved dimensions:  1, 0, 0, 0, 0, 0, 0, 0, 0, 0,
[FLOW_DEBUG] Initiating flow from node=0 to node=1 maxPacketCount=10485760 tag=100 flow_id=1808 at time=147412514
***** info: input gradient collective for layer: mlp_moelayer is finished************
info: no weight grad collective for layer: mlp_moelayer
DEBUG_CHUNK_SIZE: size=131072, preferred_dataset_splits=1, resulting chunk_size=131072
DEBUG_COLLECTIVE_TYPE: layer=49, event=UNKNOWN (raw=0), size=131072, chunk_size=131072
DEBUG_STREAM_COUNT: chunk size is: 131072 , size is: 131072 , layer_num is: 49 , node: 0
DEBUG_STREAM_CREATE: Creating stream #492 for dataset id: 1161 (total_streams=1)
DEBUG_STREAM_COUNT: Generated 1 streams for layer 49 (UNKNOWN), total injected: 493
info: all-gather input grad collective issued for layer: mlp_moelayer, involved dimensions:  1, 0, 0, 0, 0, 0, 0, 0, 0, 0,
[FLOW_DEBUG] Initiating flow from node=0 to node=1 maxPacketCount=32768 tag=98 flow_id=1810 at time=147506885
[FLOW_DEBUG] Initiating flow from node=1 to node=0 maxPacketCount=32768 tag=98 flow_id=1811 at time=147506885
[FLOW_DEBUG] Initiating flow from node=0 to node=1 maxPacketCount=32768 tag=99 flow_id=1812 at time=147506885
[FLOW_DEBUG] Initiating flow from node=1 to node=0 maxPacketCount=32768 tag=99 flow_id=1813 at time=147506885
***** info: input gradient collective for layer: mlp_moelayer is finished************
info: no weight grad collective for layer: mlp_moelayer
info: no input grad collective for layer: attention_row
info: no weight grad collective for layer: attention_row
info: no input grad collective for layer: attention_column
info: no weight grad collective for layer: attention_column
DEBUG_CHUNK_SIZE: size=20971520, preferred_dataset_splits=1, resulting chunk_size=20971520
DEBUG_COLLECTIVE_TYPE: layer=46, event=UNKNOWN (raw=0), size=20971520, chunk_size=20971520
DEBUG_STREAM_COUNT: chunk size is: 20971520 , size is: 20971520 , layer_num is: 46 , node: 0
[FLOW_DEBUG] Initiating flow from node=1 to node=0 maxPacketCount=10485760 tag=92 flow_id=1815 at time=147508639
DEBUG_STREAM_CREATE: Creating stream #493 for dataset id: 1164 (total_streams=1)
DEBUG_STREAM_COUNT: Generated 1 streams for layer 46 (UNKNOWN), total injected: 494
info: all-to-all input grad collective issued for layer: mlp_moelayer, involved dimensions:  1, 0, 0, 0, 0, 0, 0, 0, 0, 0,
[FLOW_DEBUG] Initiating flow from node=0 to node=1 maxPacketCount=10485760 tag=92 flow_id=1814 at time=147508639
***** info: input gradient collective for layer: mlp_moelayer is finished************
info: no weight grad collective for layer: mlp_moelayer
DEBUG_CHUNK_SIZE: size=83886080, preferred_dataset_splits=1, resulting chunk_size=83886080
DEBUG_COLLECTIVE_TYPE: layer=45, event=UNKNOWN (raw=0), size=83886080, chunk_size=83886080
DEBUG_STREAM_COUNT: chunk size is: 83886080 , size is: 83886080 , layer_num is: 45 , node: 0
DEBUG_STREAM_CREATE: Creating stream #494 for dataset id: 1166 (total_streams=1)
DEBUG_STREAM_COUNT: Generated 1 streams for layer 45 (UNKNOWN), total injected: 495
info: all-to-all input grad collective issued for layer: mlp_moelayer, involved dimensions:  1, 0, 0, 0, 0, 0, 0, 0, 0, 0,
[FLOW_DEBUG] Initiating flow from node=0 to node=1 maxPacketCount=41943040 tag=90 flow_id=1816 at time=147603010
[FLOW_DEBUG] Initiating flow from node=1 to node=0 maxPacketCount=41943040 tag=90 flow_id=1817 at time=147603010
***** info: input gradient collective for layer: mlp_moelayer is finished************
info: no weight grad collective for layer: mlp_moelayer
DEBUG_CHUNK_SIZE: size=83886080, preferred_dataset_splits=1, resulting chunk_size=83886080
DEBUG_COLLECTIVE_TYPE: layer=44, event=UNKNOWN (raw=0), size=83886080, chunk_size=83886080
DEBUG_STREAM_COUNT: chunk size is: 83886080 , size is: 83886080 , layer_num is: 44 , node: 0
DEBUG_STREAM_CREATE: Creating stream #495 for dataset id: 1168 (total_streams=1)
[FLOW_DEBUG] Initiating flow from node=1 to node=DEBUG_STREAM_COUNT: Generated 0 maxPacketCount=120971520 streams for layer  tag=44 (88UNKNOWN), total injected:  flow_id=4961819 at time=
info: all-gather input grad collective issued for layer: mlp_moelayer, involved dimensions:  1, 0, 0, 0, 0, 0, 0, 0, 0, 0,
147977001
[FLOW_DEBUG] Initiating flow from node=0 to node=1 maxPacketCount=20971520 tag=88 flow_id=1818 at time=147977001
[FLOW_DEBUG] Initiating flow from node=1 to node=0 maxPacketCount=20971520 tag=89 flow_id=1821 at time=147977001
[FLOW_DEBUG] Initiating flow from node=0 to node=1 maxPacketCount=20971520 tag=89 flow_id=1820 at time=147977001
***** info: input gradient collective for layer: mlp_moelayer is finished************
info: no weight grad collective for layer: mlp_moelayer
DEBUG_CHUNK_SIZE: size=167772160, preferred_dataset_splits=1, resulting chunk_size=167772160
DEBUG_COLLECTIVE_TYPE: layer=43, event=UNKNOWN (raw=0), size=167772160, chunk_size=167772160
DEBUG_STREAM_COUNT: chunk size is: 167772160 , size is: 167772160 , layer_num is: 43 , node: 0
DEBUG_STREAM_CREATE: Creating stream #496 for dataset id: 1170 (total_streams=1)
[FLOW_DEBUG] Initiating flow from node=1 to node=0 maxPacketCount=41943040 tag=86 flow_id=1823 at time=148350991
DEBUG_STREAM_COUNT: Generated 1 streams for layer 43 (UNKNOWN), total injected: 497
info: all-gather input grad collective issued for layer: mlp_moelayer, involved dimensions:  1, 0, 0, 0, 0, 0, 0, 0, 0, 0,
[FLOW_DEBUG] Initiating flow from node=0 to node=1 maxPacketCount=41943040 tag=86 flow_id=1822 at time=148350991
[FLOW_DEBUG] Initiating flow from node=1 to node=0 maxPacketCount=41943040 tag=87 flow_id=1825 at time=148350991
[FLOW_DEBUG] Initiating flow from node=0 to node=1 maxPacketCount=41943040 tag=87 flow_id=1824 at time=148350991
***** info: input gradient collective for layer: mlp_moelayer is finished************
info: no weight grad collective for layer: mlp_moelayer
DEBUG_CHUNK_SIZE: size=83886080, preferred_dataset_splits=1, resulting chunk_size=83886080
DEBUG_COLLECTIVE_TYPE: layer=42, event=UNKNOWN (raw=0), size=83886080, chunk_size=83886080
DEBUG_STREAM_COUNT: chunk size is: 83886080 , size is: 83886080 , layer_num is: 42 , node: 0
[FLOW_DEBUG] Initiating flow from node=1 to node=0 maxPacketCount=41943040 tag=84 flow_id=1827 at time=149097809
DEBUG_STREAM_CREATE: Creating stream #497 for dataset id: 1172 (total_streams=1)
DEBUG_STREAM_COUNT: Generated 1 streams for layer 42 (UNKNOWN), total injected: 498
info: all-to-all input grad collective issued for layer: mlp_moelayer, involved dimensions:  1, 0, 0, 0, 0, 0, 0, 0, 0, 0,
[FLOW_DEBUG] Initiating flow from node=0 to node=1 maxPacketCount=41943040 tag=84 flow_id=1826 at time=149097809
***** info: input gradient collective for layer: mlp_moelayer is finished************
info: no weight grad collective for layer: mlp_moelayer
DEBUG_CHUNK_SIZE: size=20971520, preferred_dataset_splits=1, resulting chunk_size=20971520
DEBUG_COLLECTIVE_TYPE: layer=41, event=UNKNOWN (raw=0), size=20971520, chunk_size=20971520
DEBUG_STREAM_COUNT: chunk size is: 20971520 , size is: 20971520 , layer_num is: 41 , node: 0
DEBUG_STREAM_CREATE: Creating stream #498 for dataset id: 1174 (total_streams=1)
[FLOW_DEBUG] Initiating flow from node=1 to node=0 maxPacketCount=10485760 tag=82 flow_id=1829 at time=149471800
DEBUG_STREAM_COUNT: Generated 1 streams for layer 41 (UNKNOWN), total injected: 499
info: all-to-all input grad collective issued for layer: mlp_moelayer, involved dimensions:  1, 0, 0, 0, 0, 0, 0, 0, 0, 0,
[FLOW_DEBUG] Initiating flow from node=0 to node=1 maxPacketCount=10485760 tag=82 flow_id=1828 at time=149471800
***** info: input gradient collective for layer: mlp_moelayer is finished************
info: no weight grad collective for layer: mlp_moelayer
DEBUG_CHUNK_SIZE: size=131072, preferred_dataset_splits=1, resulting chunk_size=131072
DEBUG_COLLECTIVE_TYPE: layer=40, event=UNKNOWN (raw=0), size=131072, chunk_size=131072
DEBUG_STREAM_COUNT: chunk size is: 131072 , size is: 131072 , layer_num is: 40 , node: 0
[FLOW_DEBUG] Initiating flow from node=1 to node=0 maxPacketCount=32768 tag=80 flow_id=1831 at time=149566171
DEBUG_STREAM_CREATE: Creating stream #499 for dataset id: 1176 (total_streams=1)
DEBUG_STREAM_COUNT: Generated 1 streams for layer 40 (UNKNOWN), total injected: 500
info: all-gather input grad collective issued for layer: mlp_moelayer, involved dimensions:  1, 0, 0, 0, 0, 0, 0, 0, 0, 0,
[FLOW_DEBUG] Initiating flow from node=0 to node=1 maxPacketCount=32768 tag=80 flow_id=1830 at time=149566171
[FLOW_DEBUG] Initiating flow from node=1 to node=0 maxPacketCount=32768 tag=81 flow_id=1833 at time=149566171
[FLOW_DEBUG] Initiating flow from node=0 to node=1 maxPacketCount=32768 tag=81 flow_id=1832 at time=149566171
***** info: input gradient collective for layer: mlp_moelayer is finished************
info: no weight grad collective for layer: mlp_moelayer
info: no input grad collective for layer: attention_row
info: no weight grad collective for layer: attention_row
info: no input grad collective for layer: attention_column
info: no weight grad collective for layer: attention_column
DEBUG_CHUNK_SIZE: size=20971520, preferred_dataset_splits=1, resulting chunk_size=20971520
DEBUG_COLLECTIVE_TYPE: layer=37, event=UNKNOWN (raw=0), size=20971520, chunk_size=20971520
DEBUG_STREAM_COUNT: chunk size is: 20971520 , size is: 20971520 , layer_num is: 37 , node: 0
[FLOW_DEBUG] Initiating flow from node=1 to node=0 maxPacketCount=10485760 tag=74 flow_id=1835 at time=149567925
DEBUG_STREAM_CREATE: Creating stream #500 for dataset id: 1178 (total_streams=1)
DEBUG_STREAM_COUNT: Generated 1 streams for layer 37 (UNKNOWN), total injected: 501
info: all-to-all input grad collective issued for layer: mlp_moelayer, involved dimensions:  1, 0, 0, 0, 0, 0, 0, 0, 0, 0,
[FLOW_DEBUG] Initiating flow from node=0 to node=1 maxPacketCount=10485760 tag=74 flow_id=1834 at time=149567925
***** info: input gradient collective for layer: mlp_moelayer is finished************
info: no weight grad collective for layer: mlp_moelayer
DEBUG_CHUNK_SIZE: size=83886080, preferred_dataset_splits=1, resulting chunk_size=83886080
DEBUG_COLLECTIVE_TYPE: layer=36, event=UNKNOWN (raw=0), size=83886080, chunk_size=83886080
DEBUG_STREAM_COUNT: chunk size is: 83886080 , size is: 83886080 , layer_num is: 36 , node: 0
[FLOW_DEBUG] Initiating flow from node=1 to node=0 maxPacketCount=41943040 tag=72 flow_id=1837 at time=149662296
DEBUG_STREAM_CREATE: Creating stream #501 for dataset id: 1180 (total_streams=1)
DEBUG_STREAM_COUNT: Generated 1 streams for layer 36 (UNKNOWN), total injected: 502
info: all-to-all input grad collective issued for layer: mlp_moelayer, involved dimensions:  1, 0, 0, 0, 0, 0, 0, 0, 0, 0,
[FLOW_DEBUG] Initiating flow from node=0 to node=1 maxPacketCount=41943040 tag=72 flow_id=1836 at time=149662296
***** info: input gradient collective for layer: mlp_moelayer is finished************
info: no weight grad collective for layer: mlp_moelayer
DEBUG_CHUNK_SIZE: size=83886080, preferred_dataset_splits=1, resulting chunk_size=83886080
DEBUG_COLLECTIVE_TYPE: layer=35, event=UNKNOWN (raw=0), size=83886080, chunk_size=83886080
DEBUG_STREAM_COUNT: chunk size is: 83886080 , size is: 83886080 , layer_num is: 35 , node: 0
[FLOW_DEBUG] Initiating flow from node=1 to node=0 maxPacketCount=20971520 tag=70 flow_id=1839 at time=150036287
DEBUG_STREAM_CREATE: Creating stream #502 for dataset id: 1182 (total_streams=1)
DEBUG_STREAM_COUNT: Generated 1 streams for layer 35 (UNKNOWN), total injected: 503
info: all-gather input grad collective issued for layer: mlp_moelayer, involved dimensions:  1, 0, 0, 0, 0, 0, 0, 0, 0, 0,
[FLOW_DEBUG] Initiating flow from node=0 to node=1 maxPacketCount=20971520 tag=70 flow_id=1838 at time=150036287
[FLOW_DEBUG] Initiating flow from node=1 to node=0 maxPacketCount=20971520 tag=71 flow_id=1841 at time=150036287
[FLOW_DEBUG] Initiating flow from node=0 to node=1 maxPacketCount=20971520 tag=71 flow_id=1840 at time=150036287
***** info: input gradient collective for layer: mlp_moelayer is finished************
info: no weight grad collective for layer: mlp_moelayer
DEBUG_CHUNK_SIZE: size=167772160, preferred_dataset_splits=1, resulting chunk_size=167772160
DEBUG_COLLECTIVE_TYPE: layer=34, event=UNKNOWN (raw=0), size=167772160, chunk_size=167772160
DEBUG_STREAM_COUNT: chunk size is: 167772160 , size is: 167772160 , layer_num is: 34 , node: 0
[FLOW_DEBUG] Initiating flow from node=1 to node=0 maxPacketCount=41943040 tag=68 flow_id=1843 at time=150410277
DEBUG_STREAM_CREATE: Creating stream #503 for dataset id: 1184 (total_streams=1)
DEBUG_STREAM_COUNT: Generated 1 streams for layer 34 (UNKNOWN), total injected: 504
info: all-gather input grad collective issued for layer: mlp_moelayer, involved dimensions:  1, 0, 0, 0, 0, 0, 0, 0, 0, 0,
[FLOW_DEBUG] Initiating flow from node=0 to node=1 maxPacketCount=41943040 tag=68 flow_id=1842 at time=150410277
[FLOW_DEBUG] Initiating flow from node=1 to node=0 maxPacketCount=41943040 tag=69 flow_id=1845 at time=150410277
[FLOW_DEBUG] Initiating flow from node=0 to node=1 maxPacketCount=41943040 tag=69 flow_id=1844 at time=150410277
***** info: input gradient collective for layer: mlp_moelayer is finished************
info: no weight grad collective for layer: mlp_moelayer
DEBUG_CHUNK_SIZE: size=83886080, preferred_dataset_splits=1, resulting chunk_size=83886080
DEBUG_COLLECTIVE_TYPE: layer=33, event=UNKNOWN (raw=0), size=83886080, chunk_size=83886080
DEBUG_STREAM_COUNT: chunk size is: 83886080 , size is: 83886080 , layer_num is: 33 , node: 0
[FLOW_DEBUG] Initiating flow from node=1 to node=0 maxPacketCount=41943040 tag=66 flow_id=1847 at time=151157095
DEBUG_STREAM_CREATE: Creating stream #504 for dataset id: 1186 (total_streams=1)
DEBUG_STREAM_COUNT: Generated 1 streams for layer 33 (UNKNOWN), total injected: 505
info: all-to-all input grad collective issued for layer: mlp_moelayer, involved dimensions:  1, 0, 0, 0, 0, 0, 0, 0, 0, 0,
[FLOW_DEBUG] Initiating flow from node=0 to node=1 maxPacketCount=41943040 tag=66 flow_id=1846 at time=151157095
***** info: input gradient collective for layer: mlp_moelayer is finished************
info: no weight grad collective for layer: mlp_moelayer
[FLOW_DEBUG] Initiating flow from node=DEBUG_CHUNK_SIZE: size=1 to node=0 maxPacketCount=10485760 tag=64 flow_id=1849 at time=20971520151531086, preferred_dataset_splits=
1, resulting chunk_size=20971520
DEBUG_COLLECTIVE_TYPE: layer=32, event=UNKNOWN (raw=0), size=20971520, chunk_size=20971520
DEBUG_STREAM_COUNT: chunk size is: 20971520 , size is: 20971520 , layer_num is: 32 , node: 0
DEBUG_STREAM_CREATE: Creating stream #505 for dataset id: 1188 (total_streams=1)
DEBUG_STREAM_COUNT: Generated 1 streams for layer 32 (UNKNOWN), total injected: 506
info: all-to-all input grad collective issued for layer: mlp_moelayer, involved dimensions:  1, 0, 0, 0, 0, 0, 0, 0, 0, 0,
[FLOW_DEBUG] Initiating flow from node=0 to node=1 maxPacketCount=10485760 tag=64 flow_id=1848 at time=151531086
***** info: input gradient collective for layer: mlp_moelayer is finished************
info: no weight grad collective for layer: mlp_moelayer
DEBUG_CHUNK_SIZE: size=131072, preferred_dataset_splits=1, resulting chunk_size=131072
DEBUG_COLLECTIVE_TYPE: layer=31, event=UNKNOWN (raw=0), size=131072, chunk_size=131072
DEBUG_STREAM_COUNT: chunk size is: 131072 , size is: 131072 , layer_num is: 31 , node: 0
[FLOW_DEBUG] Initiating flow from node=1 to node=0 maxPacketCount=32768 tag=62 flow_id=1851 at time=151625457
DEBUG_STREAM_CREATE: Creating stream #506 for dataset id: 1190 (total_streams=1)
[FLOW_DEBUG] Initiating flow from node=1 to node=0 maxPacketCount=32768 tag=63 flow_id=1853 at time=151625457
DEBUG_STREAM_COUNT: Generated 1 streams for layer 31 (UNKNOWN), total injected: 507
info: all-gather input grad collective issued for layer: mlp_moelayer, involved dimensions:  1, 0, 0, 0, 0, 0, 0, 0, 0, 0,
[FLOW_DEBUG] Initiating flow from node=0 to node=1 maxPacketCount=32768 tag=62 flow_id=1850 at time=151625457
[FLOW_DEBUG] Initiating flow from node=0 to node=1 maxPacketCount=32768 tag=63 flow_id=1852 at time=151625457
***** info: input gradient collective for layer: mlp_moelayer is finished************
info: no weight grad collective for layer: mlp_moelayer
[FLOW_DEBUG] Initiating flow from node=1 to node=0 maxPacketCount=10485760 tag=56 flow_id=1855 at time=151627211
info: no input grad collective for layer: attention_row
info: no weight grad collective for layer: attention_row
info: no input grad collective for layer: attention_column
info: no weight grad collective for layer: attention_column
DEBUG_CHUNK_SIZE: size=20971520, preferred_dataset_splits=1, resulting chunk_size=20971520
DEBUG_COLLECTIVE_TYPE: layer=28, event=UNKNOWN (raw=0), size=20971520, chunk_size=20971520
DEBUG_STREAM_COUNT: chunk size is: 20971520 , size is: 20971520 , layer_num is: 28 , node: 0
DEBUG_STREAM_CREATE: Creating stream #507 for dataset id: 1192 (total_streams=1)
DEBUG_STREAM_COUNT: Generated 1 streams for layer 28 (UNKNOWN), total injected: 508
info: all-to-all input grad collective issued for layer: mlp_moelayer, involved dimensions:  1, 0, 0, 0, 0, 0, 0, 0, 0, 0,
[FLOW_DEBUG] Initiating flow from node=0 to node=1 maxPacketCount=10485760 tag=56 flow_id=1854 at time=151627211
***** info: input gradient collective for layer: mlp_moelayer is finished************
info: no weight grad collective for layer: mlp_moelayer
DEBUG_CHUNK_SIZE: size=83886080, preferred_dataset_splits=1, resulting chunk_size=83886080
DEBUG_COLLECTIVE_TYPE: layer=27, event=UNKNOWN (raw=0), size=83886080, chunk_size=83886080
DEBUG_STREAM_COUNT: chunk size is: 83886080 , size is: 83886080 , layer_num is: 27 , node: 0
DEBUG_STREAM_CREATE: Creating stream #508 for dataset id: 1194 (total_streams=1)
[FLOW_DEBUG] Initiating flow from node=1 to node=0 maxPacketCount=41943040 tag=54 flow_id=1857 at time=151721582
DEBUG_STREAM_COUNT: Generated 1 streams for layer 27 (UNKNOWN), total injected: 509
info: all-to-all input grad collective issued for layer: mlp_moelayer, involved dimensions:  1, 0, 0, 0, 0, 0, 0, 0, 0, 0,
[FLOW_DEBUG] Initiating flow from node=0 to node=1 maxPacketCount=41943040 tag=54 flow_id=1856 at time=151721582
***** info: input gradient collective for layer: mlp_moelayer is finished************
info: no weight grad collective for layer: mlp_moelayer
DEBUG_CHUNK_SIZE: size=83886080, preferred_dataset_splits=1, resulting chunk_size=83886080
DEBUG_COLLECTIVE_TYPE: layer=26, event=UNKNOWN (raw=0), size=83886080, chunk_size=83886080
DEBUG_STREAM_COUNT: chunk size is: 83886080 , size is: 83886080 , layer_num is: 26 , node: 0
DEBUG_STREAM_CREATE: Creating stream #509 for dataset id: 1196 (total_streams=1)
[FLOW_DEBUG] Initiating flow from node=1 to node=0 maxPacketCount=DEBUG_STREAM_COUNT: Generated 20971520 tag=152 streams for layer 26 ( flow_id=1859 at time=UNKNOWN), total injected: 510
info: all-gather input grad collective issued for layer: mlp_moelayer, involved dimensions:  1, 0, 0, 0, 0, 0, 0, 0, 0, 0,
152095573
[FLOW_DEBUG] Initiating flow from node=0 to node=1 maxPacketCount=20971520 tag=52 flow_id=1858 at time=152095573
[FLOW_DEBUG] Initiating flow from node=1 to node=0 maxPacketCount=20971520 tag=53 flow_id=1861 at time=152095573
[FLOW_DEBUG] Initiating flow from node=0 to node=1 maxPacketCount=20971520 tag=53 flow_id=1860 at time=152095573
***** info: input gradient collective for layer: mlp_moelayer is finished************
info: no weight grad collective for layer: mlp_moelayer
DEBUG_CHUNK_SIZE: size=167772160, preferred_dataset_splits=1, resulting chunk_size=167772160
DEBUG_COLLECTIVE_TYPE: layer=25, event=UNKNOWN (raw=0), size=167772160, chunk_size=167772160
DEBUG_STREAM_COUNT: chunk size is: 167772160 , size is: 167772160 , layer_num is: 25 , node: 0
DEBUG_STREAM_CREATE: Creating stream #510 for dataset id: 1198 (total_streams=1)
[FLOW_DEBUG] Initiating flow from node=1 to node=0 maxPacketCount=41943040 tag=50 flow_id=1863 at time=152469563
DEBUG_STREAM_COUNT: Generated 1 streams for layer 25 (UNKNOWN), total injected: 511
info: all-gather input grad collective issued for layer: mlp_moelayer, involved dimensions:  1, 0, 0, 0, 0, 0, 0, 0, 0, 0,
[FLOW_DEBUG] Initiating flow from node=1 to node=0 maxPacketCount=41943040 tag=51 flow_id=1865 at time=152469563
[FLOW_DEBUG] Initiating flow from node=0 to node=1 maxPacketCount=41943040 tag=50 flow_id=1862 at time=152469563
[FLOW_DEBUG] Initiating flow from node=0 to node=1 maxPacketCount=41943040 tag=51 flow_id=1864 at time=152469563
***** info: input gradient collective for layer: mlp_moelayer is finished************
info: no weight grad collective for layer: mlp_moelayer
DEBUG_CHUNK_SIZE: size=83886080, preferred_dataset_splits=1, resulting chunk_size=83886080
DEBUG_COLLECTIVE_TYPE: layer=24, event=UNKNOWN (raw=0), size=83886080, chunk_size=83886080
DEBUG_STREAM_COUNT: chunk size is: 83886080 , size is: 83886080 , layer_num is: 24 , node: 0
[FLOW_DEBUG] Initiating flow from node=1 to node=0 maxPacketCount=41943040 tag=48 flow_id=1867 at time=153216381
DEBUG_STREAM_CREATE: Creating stream #511 for dataset id: 1200 (total_streams=1)
DEBUG_STREAM_COUNT: Generated 1 streams for layer 24 (UNKNOWN), total injected: 512
info: all-to-all input grad collective issued for layer: mlp_moelayer, involved dimensions:  1, 0, 0, 0, 0, 0, 0, 0, 0, 0,
[FLOW_DEBUG] Initiating flow from node=0 to node=1 maxPacketCount=41943040 tag=48 flow_id=1866 at time=153216381
***** info: input gradient collective for layer: mlp_moelayer is finished************
info: no weight grad collective for layer: mlp_moelayer
DEBUG_CHUNK_SIZE: size=20971520, preferred_dataset_splits=1, resulting chunk_size=20971520
DEBUG_COLLECTIVE_TYPE: layer=23, event=UNKNOWN (raw=0), size=20971520, chunk_size=20971520
DEBUG_STREAM_COUNT: chunk size is: 20971520 , size is: 20971520 , layer_num is: 23 , node: 0
[FLOW_DEBUG] Initiating flow from node=1 to node=0 maxPacketCount=10485760 tag=46 flow_id=1869 at time=153590372
DEBUG_STREAM_CREATE: Creating stream #512 for dataset id: 1202 (total_streams=1)
DEBUG_STREAM_COUNT: Generated 1 streams for layer 23 (UNKNOWN), total injected: 513
info: all-to-all input grad collective issued for layer: mlp_moelayer, involved dimensions:  1, 0, 0, 0, 0, 0, 0, 0, 0, 0,
[FLOW_DEBUG] Initiating flow from node=0 to node=1 maxPacketCount=10485760 tag=46 flow_id=1868 at time=153590372
***** info: input gradient collective for layer: mlp_moelayer is finished************
info: no weight grad collective for layer: mlp_moelayer
DEBUG_CHUNK_SIZE: size=131072, preferred_dataset_splits=1, resulting chunk_size=131072
DEBUG_COLLECTIVE_TYPE: layer=22, event=UNKNOWN (raw=0), size=131072, chunk_size=131072
DEBUG_STREAM_COUNT: chunk size is: 131072 , size is: 131072 , layer_num is: 22 , node: 0
DEBUG_STREAM_CREATE: Creating stream #513 for dataset id: 1204 (total_streams=1)
[FLOW_DEBUG] Initiating flow from node=1 to node=0 maxPacketCount=32768 tag=44 flow_id=1871 at time=DEBUG_STREAM_COUNT: Generated 1536847431
 streams for layer 22 (UNKNOWN), total injected: 514
info: all-gather input grad collective issued for layer: mlp_moelayer, involved dimensions:  1, 0, 0, 0, 0, 0, 0, 0, 0, 0,
[FLOW_DEBUG] Initiating flow from node=0 to node=1 maxPacketCount=32768 tag=44 flow_id=1870 at time=153684743
[FLOW_DEBUG] Initiating flow from node=1 to node=0 maxPacketCount=32768 tag=45 flow_id=1873 at time=153684743
[FLOW_DEBUG] Initiating flow from node=0 to node=1 maxPacketCount=32768 tag=45 flow_id=1872 at time=153684743
***** info: input gradient collective for layer: mlp_moelayer is finished************
info: no weight grad collective for layer: mlp_moelayer
info: no input grad collective for layer: attention_row
info: no weight grad collective for layer: attention_row
info: no input grad collective for layer: attention_column
info: no weight grad collective for layer: attention_column
DEBUG_CHUNK_SIZE: size=20971520, preferred_dataset_splits=1, resulting chunk_size=20971520
DEBUG_COLLECTIVE_TYPE: layer=19, event=UNKNOWN (raw=0), size=20971520, chunk_size=20971520
DEBUG_STREAM_COUNT: chunk size is: 20971520 , size is: 20971520 , layer_num is: 19 , node: 0
[FLOW_DEBUG] Initiating flow from node=1 to node=0 maxPacketCount=10485760 tag=38 flow_id=1875 at time=153686497
DEBUG_STREAM_CREATE: Creating stream #514 for dataset id: 1206 (total_streams=1)
DEBUG_STREAM_COUNT: Generated 1 streams for layer 19 (UNKNOWN), total injected: 515
info: all-to-all input grad collective issued for layer: mlp_moelayer, involved dimensions:  1, 0, 0, 0, 0, 0, 0, 0, 0, 0,
[FLOW_DEBUG] Initiating flow from node=0 to node=1 maxPacketCount=10485760 tag=38 flow_id=1874 at time=153686497
***** info: input gradient collective for layer: mlp_moelayer is finished************
info: no weight grad collective for layer: mlp_moelayer
DEBUG_CHUNK_SIZE: size=83886080, preferred_dataset_splits=1, resulting chunk_size=83886080
DEBUG_COLLECTIVE_TYPE: layer=18, event=UNKNOWN (raw=0), size=83886080, chunk_size=83886080
DEBUG_STREAM_COUNT: chunk size is: 83886080 , size is: 83886080 , layer_num is: 18 , node: 0
DEBUG_STREAM_CREATE: Creating stream #515 for dataset id: 1208 (total_streams=1)
[FLOW_DEBUG] Initiating flow from node=1 to node=0 maxPacketCount=41943040 tag=36 flow_id=1877 at time=153780868
DEBUG_STREAM_COUNT: Generated 1 streams for layer 18 (UNKNOWN), total injected: 516
info: all-to-all input grad collective issued for layer: mlp_moelayer, involved dimensions:  1, 0, 0, 0, 0, 0, 0, 0, 0, 0,
[FLOW_DEBUG] Initiating flow from node=0 to node=1 maxPacketCount=41943040 tag=36 flow_id=1876 at time=153780868
***** info: input gradient collective for layer: mlp_moelayer is finished************
info: no weight grad collective for layer: mlp_moelayer
DEBUG_CHUNK_SIZE: size=83886080, preferred_dataset_splits=1, resulting chunk_size=83886080
DEBUG_COLLECTIVE_TYPE: layer=17, event=UNKNOWN (raw=0), size=83886080, chunk_size=83886080
DEBUG_STREAM_COUNT: chunk size is: 83886080 , size is: 83886080 , layer_num is: 17 , node: 0
DEBUG_STREAM_CREATE: Creating stream #516 for dataset id: 1210 (total_streams=1)
[FLOW_DEBUG] Initiating flow from node=1 to node=0 maxPacketCount=20971520 tag=34 flow_id=1879 at time=154154859
DEBUG_STREAM_COUNT: Generated 1 streams for layer 17 (UNKNOWN), total injected: 517
info: all-gather input grad collective issued for layer: mlp_moelayer, involved dimensions:  1, 0, 0, 0, 0, 0, 0, 0, 0, 0,
[FLOW_DEBUG] Initiating flow from node=0 to node=1 maxPacketCount=20971520 tag=34 flow_id=1878 at time=154154859
[FLOW_DEBUG] Initiating flow from node=1 to node=0 maxPacketCount=20971520 tag=35 flow_id=1881 at time=154154859
[FLOW_DEBUG] Initiating flow from node=0 to node=1 maxPacketCount=20971520 tag=35 flow_id=1880 at time=154154859
***** info: input gradient collective for layer: mlp_moelayer is finished************
info: no weight grad collective for layer: mlp_moelayer
DEBUG_CHUNK_SIZE: size=167772160, preferred_dataset_splits=1, resulting chunk_size=167772160
DEBUG_COLLECTIVE_TYPE: layer=16, event=UNKNOWN (raw=0), size=167772160, chunk_size=167772160
DEBUG_STREAM_COUNT: chunk size is: 167772160 , size is: 167772160 , layer_num is: 16 , node: 0
[FLOW_DEBUG] Initiating flow from node=1 to node=0 maxPacketCount=41943040 tag=32 flow_id=1883 at time=154528849
DEBUG_STREAM_CREATE: Creating stream #517 for dataset id: 1212 (total_streams=1)
DEBUG_STREAM_COUNT: Generated 1 streams for layer 16 (UNKNOWN), total injected: 518
info: all-gather input grad collective issued for layer: mlp_moelayer, involved dimensions:  1, 0, 0, 0, 0, 0, 0, 0, 0, 0,
[FLOW_DEBUG] Initiating flow from node=0 to node=1 maxPacketCount=41943040 tag=32 flow_id=1882 at time=154528849
[FLOW_DEBUG] Initiating flow from node=1 to node=0 maxPacketCount=41943040 tag=33 flow_id=1885 at time=154528849
[FLOW_DEBUG] Initiating flow from node=0 to node=1 maxPacketCount=41943040 tag=33 flow_id=1884 at time=154528849
***** info: input gradient collective for layer: mlp_moelayer is finished************
info: no weight grad collective for layer: mlp_moelayer
DEBUG_CHUNK_SIZE: size=83886080, preferred_dataset_splits=1, resulting chunk_size=83886080
DEBUG_COLLECTIVE_TYPE: layer=15, event=UNKNOWN (raw=0), size=83886080, chunk_size=83886080
DEBUG_STREAM_COUNT: chunk size is: 83886080 , size is: 83886080 , layer_num is: 15 , node: 0
DEBUG_STREAM_CREATE: Creating stream #518 for dataset id: 1214 (total_streams=1)
[FLOW_DEBUG] Initiating flow from node=1 to node=0 maxPacketCount=41943040 tag=30 flow_id=1887 at time=155275667
DEBUG_STREAM_COUNT: Generated 1 streams for layer 15 (UNKNOWN), total injected: 519
info: all-to-all input grad collective issued for layer: mlp_moelayer, involved dimensions:  1, 0, 0, 0, 0, 0, 0, 0, 0, 0,
[FLOW_DEBUG] Initiating flow from node=0 to node=1 maxPacketCount=41943040 tag=30 flow_id=1886 at time=155275667
***** info: input gradient collective for layer: mlp_moelayer is finished************
info: no weight grad collective for layer: mlp_moelayer
DEBUG_CHUNK_SIZE: size=20971520, preferred_dataset_splits=1, resulting chunk_size=20971520
DEBUG_COLLECTIVE_TYPE: layer=14, event=UNKNOWN (raw=0), size=20971520, chunk_size=20971520
DEBUG_STREAM_COUNT: chunk size is: 20971520 , size is: 20971520 , layer_num is: 14 , node: 0
[FLOW_DEBUG] Initiating flow from node=1 to node=0 maxPacketCount=10485760 tag=28 flow_id=1889 at time=155649658
DEBUG_STREAM_CREATE: Creating stream #519 for dataset id: 1216 (total_streams=1)
DEBUG_STREAM_COUNT: Generated 1 streams for layer 14 (UNKNOWN), total injected: 520
info: all-to-all input grad collective issued for layer: mlp_moelayer, involved dimensions:  1, 0, 0, 0, 0, 0, 0, 0, 0, 0,
[FLOW_DEBUG] Initiating flow from node=0 to node=1 maxPacketCount=10485760 tag=28 flow_id=1888 at time=155649658
***** info: input gradient collective for layer: mlp_moelayer is finished************
info: no weight grad collective for layer: mlp_moelayer
[FLOW_DEBUG] Initiating flow from node=1 to node=0 maxPacketCount=32768 tag=26 flow_id=1891 at time=155744029
DEBUG_CHUNK_SIZE: size=131072, preferred_dataset_splits=1, resulting chunk_size=131072
DEBUG_COLLECTIVE_TYPE: layer=13, event=UNKNOWN (raw=0), size=131072, chunk_size=131072
DEBUG_STREAM_COUNT: chunk size is: 131072 , size is: 131072 , layer_num is: 13 , node: 0
[FLOW_DEBUG] Initiating flow from node=1 to node=0 maxPacketCount=32768 tag=27 flow_id=1893 at time=155744029
DEBUG_STREAM_CREATE: Creating stream #520 for dataset id: 1218 (total_streams=1)
DEBUG_STREAM_COUNT: Generated 1 streams for layer 13 (UNKNOWN), total injected: 521
info: all-gather input grad collective issued for layer: mlp_moelayer, involved dimensions:  1, 0, 0, 0, 0, 0, 0, 0, 0, 0,
[FLOW_DEBUG] Initiating flow from node=0 to node=1 maxPacketCount=32768 tag=26 flow_id=1890 at time=155744029
[FLOW_DEBUG] Initiating flow from node=0 to node=1 maxPacketCount=32768 tag=27 flow_id=1892 at time=155744029
***** info: input gradient collective for layer: mlp_moelayer is finished************
info: no weight grad collective for layer: mlp_moelayer
info: no input grad collective for layer: attention_row
info: no weight grad collective for layer: attention_row
info: no input grad collective for layer: attention_column
info: no weight grad collective for layer: attention_column
DEBUG_CHUNK_SIZE: size=20971520, preferred_dataset_splits=1, resulting chunk_size=20971520
DEBUG_COLLECTIVE_TYPE: layer=10, event=UNKNOWN (raw=0), size=20971520, chunk_size=20971520
DEBUG_STREAM_COUNT: chunk size is: 20971520 , size is: 20971520 , layer_num is: 10 , node: 0
[FLOW_DEBUG] Initiating flow from node=1 to node=0 maxPacketCount=10485760 tag=20 flow_id=1895 at time=DEBUG_STREAM_CREATE: Creating stream #521 for dataset id: 1220 (total_streams=1557457831
)
DEBUG_STREAM_COUNT: Generated 1 streams for layer 10 (UNKNOWN), total injected: 522
info: all-to-all input grad collective issued for layer: mlp_moelayer, involved dimensions:  1, 0, 0, 0, 0, 0, 0, 0, 0, 0,
[FLOW_DEBUG] Initiating flow from node=0 to node=1 maxPacketCount=10485760 tag=20 flow_id=1894 at time=155745783
***** info: input gradient collective for layer: mlp_moelayer is finished************
info: no weight grad collective for layer: mlp_moelayer
DEBUG_CHUNK_SIZE: size=83886080, preferred_dataset_splits=1, resulting chunk_size=83886080
DEBUG_COLLECTIVE_TYPE: layer=9, event=UNKNOWN (raw=0), size=83886080, chunk_size=83886080
DEBUG_STREAM_COUNT: chunk size is: 83886080 , size is: 83886080 , layer_num is: 9 , node: 0
DEBUG_STREAM_CREATE: Creating stream #522 for dataset id: 1222 (total_streams=1)
DEBUG_STREAM_COUNT: Generated 1 streams for layer 9 (UNKNOWN), total injected: 523
info: all-to-all input grad collective issued for layer: mlp_moelayer, involved dimensions:  1, 0, 0, 0, 0, 0, 0, 0, 0, 0,
[FLOW_DEBUG] Initiating flow from node=[FLOW_DEBUG] Initiating flow from node=0 to node=1 maxPacketCount=41943040 tag=18 flow_id=1896 at time=1155840154
 to node=0 maxPacketCount=41943040 tag=18 flow_id=1897 at time=155840154
***** info: input gradient collective for layer: mlp_moelayer is finished************
info: no weight grad collective for layer: mlp_moelayer
DEBUG_CHUNK_SIZE: size=83886080, preferred_dataset_splits=1, resulting chunk_size=83886080
DEBUG_COLLECTIVE_TYPE: layer=8, event=UNKNOWN (raw=0), size=83886080, chunk_size=83886080
DEBUG_STREAM_COUNT: chunk size is: 83886080 , size is: 83886080 , layer_num is: 8 , node: 0
DEBUG_STREAM_CREATE: Creating stream #523 for dataset id: 1224 (total_streams=1)
[FLOW_DEBUG] Initiating flow from node=1 to node=0 maxPacketCount=20971520 tag=16 flow_id=1899 at time=156214145
DEBUG_STREAM_COUNT: Generated 1 streams for layer 8 (UNKNOWN), total injected: 524
info: all-gather input grad collective issued for layer: mlp_moelayer, involved dimensions:  1, 0, 0, 0, 0, 0, 0, 0, 0, 0,
[FLOW_DEBUG] Initiating flow from node=0 to node=1 maxPacketCount=20971520 tag=16 flow_id=1898 at time=156214145
[FLOW_DEBUG] Initiating flow from node=1 to node=0 maxPacketCount=20971520 tag=17 flow_id=1901 at time=156214145
[FLOW_DEBUG] Initiating flow from node=0 to node=1 maxPacketCount=20971520 tag=17 flow_id=1900 at time=156214145
***** info: input gradient collective for layer: mlp_moelayer is finished************
info: no weight grad collective for layer: mlp_moelayer
DEBUG_CHUNK_SIZE: size=167772160, preferred_dataset_splits=1, resulting chunk_size=167772160
DEBUG_COLLECTIVE_TYPE: layer=7, event=UNKNOWN (raw=0), size=167772160, chunk_size=167772160
DEBUG_STREAM_COUNT: chunk size is: 167772160 , size is: 167772160 , layer_num is: 7 , node: 0
DEBUG_STREAM_CREATE: Creating stream #524 for dataset id: 1226 (total_streams=1)
[FLOW_DEBUG] Initiating flow from node=1 to node=0 maxPacketCount=41943040 tag=14 flow_id=1903 at time=156588135
DEBUG_STREAM_COUNT: Generated 1 streams for layer 7 (UNKNOWN), total injected: 525
info: all-gather input grad collective issued for layer: mlp_moelayer, involved dimensions:  1, 0, 0, 0, 0, 0, 0, 0, 0, 0,
[FLOW_DEBUG] Initiating flow from node=0 to node=1 maxPacketCount=41943040 tag=14 flow_id=1902 at time=156588135
[FLOW_DEBUG] Initiating flow from node=0 to node=1 maxPacketCount=41943040 tag=15 flow_id=1904 at time=156588135
[FLOW_DEBUG] Initiating flow from node=1 to node=0 maxPacketCount=41943040 tag=15 flow_id=1905 at time=156588135
***** info: input gradient collective for layer: mlp_moelayer is finished************
info: no weight grad collective for layer: mlp_moelayer
DEBUG_CHUNK_SIZE: size=83886080, preferred_dataset_splits=1, resulting chunk_size=[FLOW_DEBUG] Initiating flow from node=83886080
DEBUG_COLLECTIVE_TYPE: layer=6, event=UNKNOWN (raw=0), size=83886080, chunk_size=83886080
DEBUG_STREAM_COUNT: chunk size is: 83886080 , size is: 83886080 , layer_num is: 6 , node: 0
1 to node=0 maxPacketCount=41943040 tag=12 flow_id=1907 at time=157334953
DEBUG_STREAM_CREATE: Creating stream #525 for dataset id: 1228 (total_streams=1)
DEBUG_STREAM_COUNT: Generated 1 streams for layer 6 (UNKNOWN), total injected: 526
info: all-to-all input grad collective issued for layer: mlp_moelayer, involved dimensions:  1, 0, 0, 0, 0, 0, 0, 0, 0, 0,
[FLOW_DEBUG] Initiating flow from node=0 to node=1 maxPacketCount=41943040 tag=12 flow_id=1906 at time=157334953
***** info: input gradient collective for layer: mlp_moelayer is finished************
info: no weight grad collective for layer: mlp_moelayer
DEBUG_CHUNK_SIZE: size=20971520, preferred_dataset_splits=1, resulting chunk_size=20971520
DEBUG_COLLECTIVE_TYPE: layer=5, event=UNKNOWN (raw=0), size=20971520, chunk_size=20971520
DEBUG_STREAM_COUNT: chunk size is: 20971520 , size is: 20971520 , layer_num is: 5 , node: 0
DEBUG_STREAM_CREATE: Creating stream #526 for dataset id: 1230 (total_streams=1)
DEBUG_STREAM_COUNT: Generated 1 streams for layer 5 (UNKNOWN), total injected: 527
info: all-to-all input grad collective issued for layer: mlp_moelayer, involved dimensions:  1, 0, 0, 0, 0, 0, 0, 0, 0, 0,
[FLOW_DEBUG] Initiating flow from node=[FLOW_DEBUG] Initiating flow from node=0 to node=1 maxPacketCount=1 to node=104857600 tag= maxPacketCount=10 flow_id=104857601908 tag= at time=10 flow_id=1909 at time=157708944157708944

***** info: input gradient collective for layer: mlp_moelayer is finished************
info: no weight grad collective for layer: mlp_moelayer
[FLOW_DEBUG] Initiating flow from node=1 to node=0 maxPacketCount=32768 tag=8 flow_id=1911 at time=157803315
DEBUG_CHUNK_SIZE: size=131072, preferred_dataset_splits=1, resulting chunk_size=131072
DEBUG_COLLECTIVE_TYPE: layer=4, event=UNKNOWN (raw=0), size=131072, chunk_size=131072
DEBUG_STREAM_COUNT: chunk size is: 131072 , size is: 131072 , layer_num is: 4 , node: 0
[FLOW_DEBUG] Initiating flow from node=1 to node=0 maxPacketCount=32768 tag=9 flow_id=1913 at time=157803315
DEBUG_STREAM_CREATE: Creating stream #527 for dataset id: 1232 (total_streams=1)
DEBUG_STREAM_COUNT: Generated 1 streams for layer 4 (UNKNOWN), total injected: 528
info: all-gather input grad collective issued for layer: mlp_moelayer, involved dimensions:  1, 0, 0, 0, 0, 0, 0, 0, 0, 0,
[FLOW_DEBUG] Initiating flow from node=0 to node=1 maxPacketCount=32768 tag=8 flow_id=1910 at time=157803315
[FLOW_DEBUG] Initiating flow from node=0 to node=1 maxPacketCount=32768 tag=9 flow_id=1912 at time=157803315
***** info: input gradient collective for layer: mlp_moelayer is finished************
info: no weight grad collective for layer: mlp_moelayer
info: no input grad collective for layer: attention_row
info: no weight grad collective for layer: attention_row
info: no input grad collective for layer: attention_column
info: no weight grad collective for layer: attention_column
info: no input grad collective for layer: embedding_layer
info: no weight grad collective for layer: embedding_layer
info: no input grad collective for layer: grad_norm
DEBUG_CHUNK_SIZE: size=6079447040, preferred_dataset_splits=1, resulting chunk_size=6079447040
DEBUG_COLLECTIVE_TYPE: layer=0, event=UNKNOWN (raw=0), size=6079447040, chunk_size=6079447040
DEBUG_STREAM_COUNT: chunk size is: 6079447040 , size is: 6079447040 , layer_num is: 0 , node: 0
DEBUG_STREAM_CREATE: Creating stream #528 for dataset id: 1234 (total_streams=1)
DEBUG_STREAM_COUNT: Generated 1 streams for layer 0 (UNKNOWN), total injected: 529
info: reduce-scatter weight grad collective issued for layer: grad_norm, involved dimensions:  0, 1, 1, 1, 1, 1, 1, 1, 1, 1,
pass: 0 finished at time: 157805065
[FLOW_DEBUG] Initiating flow from node=1 to node=0 maxPacketCount=1519861760 tag=0 flow_id=1915 at time=157805075
[FLOW_DEBUG] Initiating flow from node=0 to node=1 maxPacketCount=1519861760 tag=0 flow_id=1914 at time=157805075
[FLOW_DEBUG] Initiating flow from node=0 to node=1 maxPacketCount=1519861760 tag=1 flow_id=1916 at time=157805075
[FLOW_DEBUG] Initiating flow from node=1 to node=0 maxPacketCount=1519861760 tag=1 flow_id=1917 at time=157805075
***** info: weight gradient collective for layer: grad_norm is finished************
DEBUG_SIM_END: Node 1 calling NI->sim_finish()
DEBUG_SIM_FINISH: Entering sim_finish() for rank 1
DEBUG_SIM_FINISH: nodeHash size: 64
DEBUG_SIM_FINISH: Printing per-node statistics:
All data sent from node 0 is 20722401280
All data received by node 0 is 20722401280
All data sent from node 1 is 20722401280
All data received by node 1 is 20722401280
All data sent from node 2 is 1572356096
All data received by node 2 is 1572356096
All data sent from node 3 is 1572356096
All data received by node 3 is 1572356096
All data sent from node 4 is 1572356096
All data received by node 4 is 1572356096
All data sent from node 5 is 1572356096
All data received by node 5 is 1572356096
All data sent from node 6 is 1572356096
All data received by node 6 is 1572356096
All data sent from node 7 is 1572356096
All data received by node 7 is 1572356096
All data sent from node 8 is 1572356096
All data received by node 8 is 1572356096
All data sent from node 9 is 1572356096
All data received by node 9 is 1572356096
All data sent from node 10 is 1572356096
All data received by node 10 is 1572356096
All data sent from node 11 is 1572356096
All data received by node 11 is 1572356096
All data sent from node 12 is 1572356096
All data received by node 12 is 1572356096
All data sent from node 13 is 1572356096
All data received by node 13 is 1572356096
All data sent from node 14 is 1572356096
All data received by node 14 is 1572356096
All data sent from node 15 is 1572356096
All data received by node 15 is 1572356096
All data sent from node 16 is 1572356096
All data received by node 16 is 1572356096
All data sent from node 17 is 1572356096
All data received by node 17 is 1572356096
All data sent from node 18 is 1572356096
All data received by node 18 is 1572356096
All data sent from node 19 is 1572356096
All data received by node 19 is 1572356096
All data sent from node 20 is 1572356096
All data received by node 20 is 1572356096
All data sent from node 21 is 1572356096
All data received by node 21 is 1572356096
All data sent from node 22 is 1572356096
All data received by node 22 is 1572356096
All data sent from node 23 is 1572356096
All data received by node 23 is 1572356096
All data sent from node 24 is 1572356096
All data received by node 24 is 1572356096
All data sent from node 25 is 1572356096
All data received by node 25 is 1572356096
All data sent from node 26 is 1572356096
All data received by node 26 is 1572356096
All data sent from node 27 is 1572356096
All data received by node 27 is 1572356096
All data sent from node 28 is 1572356096
All data received by node 28 is 1572356096
All data sent from node 29 is 1572356096
All data received by node 29 is 1572356096
All data sent from node 30 is 1572356096
All data received by node 30 is 1572356096
All data sent from node 31 is 1572356096
All data received by node 31 is 1572356096
DEBUG_SIM_FINISH: Completed processing in sim_finish(), returning normally
workload stats for the job scheduled at NPU offset: 0
*******************
Layer id: grad_norm
Total collectives issued for this layer: 2
*************************  Workload stats  ************************* grad_norm
id: grad_norm ,Total cycles spent on fwd pass compute: 1
id: grad_norm ,Total cycles spent on weight grad compute: 1
id: grad_norm ,Total cycles spent on input grad compute: 1
id: grad_norm ,Total cycles spent idle waiting for fwd finish: 13511042
id: grad_norm ,Total cycles spent idle waiting for weight grad finish: 27020923
id: grad_norm ,Total cycles spent idle waiting for input grad finish: 0
id: grad_norm ,Total cycles spent on fwd pass comm: 13511042
id: grad_norm ,Total cycles spent on weight grad comm: 27020924
id: grad_norm ,Total cycles spent on input grad comm: 0
*******************
Layer id: embedding_layer
Total collectives issued for this layer: 0
*************************  Workload stats  ************************* embedding_layer
id: embedding_layer ,Total cycles spent on fwd pass compute: 1
id: embedding_layer ,Total cycles spent on weight grad compute: 1
id: embedding_layer ,Total cycles spent on input grad compute: 1
id: embedding_layer ,Total cycles spent idle waiting for fwd finish: 0
id: embedding_layer ,Total cycles spent idle waiting for weight grad finish: 0
id: embedding_layer ,Total cycles spent idle waiting for input grad finish: 0
id: embedding_layer ,Total cycles spent on fwd pass comm: 0
id: embedding_layer ,Total cycles spent on weight grad comm: 0
id: embedding_layer ,Total cycles spent on input grad comm: 0
*******************
Layer id: attention_column
Total collectives issued for this layer: 1
*************************  Workload stats  ************************* attention_column
id: attention_column ,Total cycles spent on fwd pass compute: 1
id: attention_column ,Total cycles spent on weight grad compute: 1
id: attention_column ,Total cycles spent on input grad compute: 1
id: attention_column ,Total cycles spent idle waiting for fwd finish: 187574
id: attention_column ,Total cycles spent idle waiting for weight grad finish: 0
id: attention_column ,Total cycles spent idle waiting for input grad finish: 0
id: attention_column ,Total cycles spent on fwd pass comm: 187574
id: attention_column ,Total cycles spent on weight grad comm: 0
id: attention_column ,Total cycles spent on input grad comm: 0
*******************
Layer id: attention_row
Total collectives issued for this layer: 1
*************************  Workload stats  ************************* attention_row
id: attention_row ,Total cycles spent on fwd pass compute: 1
id: attention_row ,Total cycles spent on weight grad compute: 1
id: attention_row ,Total cycles spent on input grad compute: 1
id: attention_row ,Total cycles spent idle waiting for fwd finish: 187574
id: attention_row ,Total cycles spent idle waiting for weight grad finish: 0
id: attention_row ,Total cycles spent idle waiting for input grad finish: 0
id: attention_row ,Total cycles spent on fwd pass comm: 187574
id: attention_row ,Total cycles spent on weight grad comm: 0
id: attention_row ,Total cycles spent on input grad comm: 0
*******************
Layer id: mlp_moelayer
Total collectives issued for this layer: 2
*************************  Workload stats  ************************* mlp_moelayer
id: mlp_moelayer ,Total cycles spent on fwd pass compute: 1
id: mlp_moelayer ,Total cycles spent on weight grad compute: 1
id: mlp_moelayer ,Total cycles spent on input grad compute: 1
id: mlp_moelayer ,Total cycles spent idle waiting for fwd finish: 1742
id: mlp_moelayer ,Total cycles spent idle waiting for weight grad finish: 0
id: mlp_moelayer ,Total cycles spent idle waiting for input grad finish: 1742
id: mlp_moelayer ,Total cycles spent on fwd pass comm: 1742
id: mlp_moelayer ,Total cycles spent on weight grad comm: 0
id: mlp_moelayer ,Total cycles spent on input grad comm: 1742
*******************
Layer id: mlp_moelayer
Total collectives issued for this layer: 2
*************************  Workload stats  ************************* mlp_moelayer
id: mlp_moelayer ,Total cycles spent on fwd pass compute: 1
id: mlp_moelayer ,Total cycles spent on weight grad compute: 1
id: mlp_moelayer ,Total cycles spent on input grad compute: 1
id: mlp_moelayer ,Total cycles spent idle waiting for fwd finish: 94367
id: mlp_moelayer ,Total cycles spent idle waiting for weight grad finish: 0
id: mlp_moelayer ,Total cycles spent idle waiting for input grad finish: 94367
id: mlp_moelayer ,Total cycles spent on fwd pass comm: 94367
id: mlp_moelayer ,Total cycles spent on weight grad comm: 0
id: mlp_moelayer ,Total cycles spent on input grad comm: 94367
*******************
Layer id: mlp_moelayer
Total collectives issued for this layer: 2
*************************  Workload stats  ************************* mlp_moelayer
id: mlp_moelayer ,Total cycles spent on fwd pass compute: 1
id: mlp_moelayer ,Total cycles spent on weight grad compute: 1
id: mlp_moelayer ,Total cycles spent on input grad compute: 1
id: mlp_moelayer ,Total cycles spent idle waiting for fwd finish: 373987
id: mlp_moelayer ,Total cycles spent idle waiting for weight grad finish: 0
id: mlp_moelayer ,Total cycles spent idle waiting for input grad finish: 373987
id: mlp_moelayer ,Total cycles spent on fwd pass comm: 373987
id: mlp_moelayer ,Total cycles spent on weight grad comm: 0
id: mlp_moelayer ,Total cycles spent on input grad comm: 373987
*******************
Layer id: mlp_moelayer
Total collectives issued for this layer: 2
*************************  Workload stats  ************************* mlp_moelayer
id: mlp_moelayer ,Total cycles spent on fwd pass compute: 1
id: mlp_moelayer ,Total cycles spent on weight grad compute: 1
id: mlp_moelayer ,Total cycles spent on input grad compute: 1
id: mlp_moelayer ,Total cycles spent idle waiting for fwd finish: 373986
id: mlp_moelayer ,Total cycles spent idle waiting for weight grad finish: 0
id: mlp_moelayer ,Total cycles spent idle waiting for input grad finish: 746814
id: mlp_moelayer ,Total cycles spent on fwd pass comm: 373986
id: mlp_moelayer ,Total cycles spent on weight grad comm: 0
id: mlp_moelayer ,Total cycles spent on input grad comm: 746814
*******************
Layer id: mlp_moelayer
Total collectives issued for this layer: 2
*************************  Workload stats  ************************* mlp_moelayer
id: mlp_moelayer ,Total cycles spent on fwd pass compute: 1
id: mlp_moelayer ,Total cycles spent on weight grad compute: 1
id: mlp_moelayer ,Total cycles spent on input grad compute: 1
id: mlp_moelayer ,Total cycles spent idle waiting for fwd finish: 373986
id: mlp_moelayer ,Total cycles spent idle waiting for weight grad finish: 0
id: mlp_moelayer ,Total cycles spent idle waiting for input grad finish: 373986
id: mlp_moelayer ,Total cycles spent on fwd pass comm: 373986
id: mlp_moelayer ,Total cycles spent on weight grad comm: 0
id: mlp_moelayer ,Total cycles spent on input grad comm: 373986
*******************
Layer id: mlp_moelayer
Total collectives issued for this layer: 2
*************************  Workload stats  ************************* mlp_moelayer
id: mlp_moelayer ,Total cycles spent on fwd pass compute: 1
id: mlp_moelayer ,Total cycles spent on weight grad compute: 1
id: mlp_moelayer ,Total cycles spent on input grad compute: 1
id: mlp_moelayer ,Total cycles spent idle waiting for fwd finish: 373987
id: mlp_moelayer ,Total cycles spent idle waiting for weight grad finish: 0
id: mlp_moelayer ,Total cycles spent idle waiting for input grad finish: 373987
id: mlp_moelayer ,Total cycles spent on fwd pass comm: 373987
id: mlp_moelayer ,Total cycles spent on weight grad comm: 0
id: mlp_moelayer ,Total cycles spent on input grad comm: 373987
*******************
Layer id: mlp_moelayer
Total collectives issued for this layer: 2
*************************  Workload stats  ************************* mlp_moelayer
id: mlp_moelayer ,Total cycles spent on fwd pass compute: 1
id: mlp_moelayer ,Total cycles spent on weight grad compute: 1
id: mlp_moelayer ,Total cycles spent on input grad compute: 1
id: mlp_moelayer ,Total cycles spent idle waiting for fwd finish: 94367
id: mlp_moelayer ,Total cycles spent idle waiting for weight grad finish: 0
id: mlp_moelayer ,Total cycles spent idle waiting for input grad finish: 94367
id: mlp_moelayer ,Total cycles spent on fwd pass comm: 94367
id: mlp_moelayer ,Total cycles spent on weight grad comm: 0
id: mlp_moelayer ,Total cycles spent on input grad comm: 94367
*******************
Layer id: attention_column
Total collectives issued for this layer: 1
*************************  Workload stats  ************************* attention_column
id: attention_column ,Total cycles spent on fwd pass compute: 1
id: attention_column ,Total cycles spent on weight grad compute: 1
id: attention_column ,Total cycles spent on input grad compute: 1
id: attention_column ,Total cycles spent idle waiting for fwd finish: 187574
id: attention_column ,Total cycles spent idle waiting for weight grad finish: 0
id: attention_column ,Total cycles spent idle waiting for input grad finish: 0
id: attention_column ,Total cycles spent on fwd pass comm: 187574
id: attention_column ,Total cycles spent on weight grad comm: 0
id: attention_column ,Total cycles spent on input grad comm: 0
*******************
Layer id: attention_row
Total collectives issued for this layer: 1
*************************  Workload stats  ************************* attention_row
id: attention_row ,Total cycles spent on fwd pass compute: 1
id: attention_row ,Total cycles spent on weight grad compute: 1
id: attention_row ,Total cycles spent on input grad compute: 1
id: attention_row ,Total cycles spent idle waiting for fwd finish: 187574
id: attention_row ,Total cycles spent idle waiting for weight grad finish: 0
id: attention_row ,Total cycles spent idle waiting for input grad finish: 0
id: attention_row ,Total cycles spent on fwd pass comm: 187574
id: attention_row ,Total cycles spent on weight grad comm: 0
id: attention_row ,Total cycles spent on input grad comm: 0
*******************
Layer id: mlp_moelayer
Total collectives issued for this layer: 2
*************************  Workload stats  ************************* mlp_moelayer
id: mlp_moelayer ,Total cycles spent on fwd pass compute: 1
id: mlp_moelayer ,Total cycles spent on weight grad compute: 1
id: mlp_moelayer ,Total cycles spent on input grad compute: 1
id: mlp_moelayer ,Total cycles spent idle waiting for fwd finish: 1742
id: mlp_moelayer ,Total cycles spent idle waiting for weight grad finish: 0
id: mlp_moelayer ,Total cycles spent idle waiting for input grad finish: 1742
id: mlp_moelayer ,Total cycles spent on fwd pass comm: 1742
id: mlp_moelayer ,Total cycles spent on weight grad comm: 0
id: mlp_moelayer ,Total cycles spent on input grad comm: 1742
*******************
Layer id: mlp_moelayer
Total collectives issued for this layer: 2
*************************  Workload stats  ************************* mlp_moelayer
id: mlp_moelayer ,Total cycles spent on fwd pass compute: 1
id: mlp_moelayer ,Total cycles spent on weight grad compute: 1
id: mlp_moelayer ,Total cycles spent on input grad compute: 1
id: mlp_moelayer ,Total cycles spent idle waiting for fwd finish: 94367
id: mlp_moelayer ,Total cycles spent idle waiting for weight grad finish: 0
id: mlp_moelayer ,Total cycles spent idle waiting for input grad finish: 94367
id: mlp_moelayer ,Total cycles spent on fwd pass comm: 94367
id: mlp_moelayer ,Total cycles spent on weight grad comm: 0
id: mlp_moelayer ,Total cycles spent on input grad comm: 94367
*******************
Layer id: mlp_moelayer
Total collectives issued for this layer: 2
*************************  Workload stats  ************************* mlp_moelayer
id: mlp_moelayer ,Total cycles spent on fwd pass compute: 1
id: mlp_moelayer ,Total cycles spent on weight grad compute: 1
id: mlp_moelayer ,Total cycles spent on input grad compute: 1
id: mlp_moelayer ,Total cycles spent idle waiting for fwd finish: 373987
id: mlp_moelayer ,Total cycles spent idle waiting for weight grad finish: 0
id: mlp_moelayer ,Total cycles spent idle waiting for input grad finish: 373987
id: mlp_moelayer ,Total cycles spent on fwd pass comm: 373987
id: mlp_moelayer ,Total cycles spent on weight grad comm: 0
id: mlp_moelayer ,Total cycles spent on input grad comm: 373987
*******************
Layer id: mlp_moelayer
Total collectives issued for this layer: 2
*************************  Workload stats  ************************* mlp_moelayer
id: mlp_moelayer ,Total cycles spent on fwd pass compute: 1
id: mlp_moelayer ,Total cycles spent on weight grad compute: 1
id: mlp_moelayer ,Total cycles spent on input grad compute: 1
id: mlp_moelayer ,Total cycles spent idle waiting for fwd finish: 373986
id: mlp_moelayer ,Total cycles spent idle waiting for weight grad finish: 0
id: mlp_moelayer ,Total cycles spent idle waiting for input grad finish: 746814
id: mlp_moelayer ,Total cycles spent on fwd pass comm: 373986
id: mlp_moelayer ,Total cycles spent on weight grad comm: 0
id: mlp_moelayer ,Total cycles spent on input grad comm: 746814
*******************
Layer id: mlp_moelayer
Total collectives issued for this layer: 2
*************************  Workload stats  ************************* mlp_moelayer
id: mlp_moelayer ,Total cycles spent on fwd pass compute: 1
id: mlp_moelayer ,Total cycles spent on weight grad compute: 1
id: mlp_moelayer ,Total cycles spent on input grad compute: 1
id: mlp_moelayer ,Total cycles spent idle waiting for fwd finish: 373986
id: mlp_moelayer ,Total cycles spent idle waiting for weight grad finish: 0
id: mlp_moelayer ,Total cycles spent idle waiting for input grad finish: 373986
id: mlp_moelayer ,Total cycles spent on fwd pass comm: 373986
id: mlp_moelayer ,Total cycles spent on weight grad comm: 0
id: mlp_moelayer ,Total cycles spent on input grad comm: 373986
*******************
Layer id: mlp_moelayer
Total collectives issued for this layer: 2
*************************  Workload stats  ************************* mlp_moelayer
id: mlp_moelayer ,Total cycles spent on fwd pass compute: 1
id: mlp_moelayer ,Total cycles spent on weight grad compute: 1
id: mlp_moelayer ,Total cycles spent on input grad compute: 1
id: mlp_moelayer ,Total cycles spent idle waiting for fwd finish: 373987
id: mlp_moelayer ,Total cycles spent idle waiting for weight grad finish: 0
id: mlp_moelayer ,Total cycles spent idle waiting for input grad finish: 373987
id: mlp_moelayer ,Total cycles spent on fwd pass comm: 373987
id: mlp_moelayer ,Total cycles spent on weight grad comm: 0
id: mlp_moelayer ,Total cycles spent on input grad comm: 373987
*******************
Layer id: mlp_moelayer
Total collectives issued for this layer: 2
*************************  Workload stats  ************************* mlp_moelayer
id: mlp_moelayer ,Total cycles spent on fwd pass compute: 1
id: mlp_moelayer ,Total cycles spent on weight grad compute: 1
id: mlp_moelayer ,Total cycles spent on input grad compute: 1
id: mlp_moelayer ,Total cycles spent idle waiting for fwd finish: 94367
id: mlp_moelayer ,Total cycles spent idle waiting for weight grad finish: 0
id: mlp_moelayer ,Total cycles spent idle waiting for input grad finish: 94367
id: mlp_moelayer ,Total cycles spent on fwd pass comm: 94367
id: mlp_moelayer ,Total cycles spent on weight grad comm: 0
id: mlp_moelayer ,Total cycles spent on input grad comm: 94367
*******************
Layer id: attention_column
Total collectives issued for this layer: 1
*************************  Workload stats  ************************* attention_column
id: attention_column ,Total cycles spent on fwd pass compute: 1
id: attention_column ,Total cycles spent on weight grad compute: 1
id: attention_column ,Total cycles spent on input grad compute: 1
id: attention_column ,Total cycles spent idle waiting for fwd finish: 187574
id: attention_column ,Total cycles spent idle waiting for weight grad finish: 0
id: attention_column ,Total cycles spent idle waiting for input grad finish: 0
id: attention_column ,Total cycles spent on fwd pass comm: 187574
id: attention_column ,Total cycles spent on weight grad comm: 0
id: attention_column ,Total cycles spent on input grad comm: 0
*******************
Layer id: attention_row
Total collectives issued for this layer: 1
*************************  Workload stats  ************************* attention_row
id: attention_row ,Total cycles spent on fwd pass compute: 1
id: attention_row ,Total cycles spent on weight grad compute: 1
id: attention_row ,Total cycles spent on input grad compute: 1
id: attention_row ,Total cycles spent idle waiting for fwd finish: 187574
id: attention_row ,Total cycles spent idle waiting for weight grad finish: 0
id: attention_row ,Total cycles spent idle waiting for input grad finish: 0
id: attention_row ,Total cycles spent on fwd pass comm: 187574
id: attention_row ,Total cycles spent on weight grad comm: 0
id: attention_row ,Total cycles spent on input grad comm: 0
*******************
Layer id: mlp_moelayer
Total collectives issued for this layer: 2
*************************  Workload stats  ************************* mlp_moelayer
id: mlp_moelayer ,Total cycles spent on fwd pass compute: 1
id: mlp_moelayer ,Total cycles spent on weight grad compute: 1
id: mlp_moelayer ,Total cycles spent on input grad compute: 1
id: mlp_moelayer ,Total cycles spent idle waiting for fwd finish: 1742
id: mlp_moelayer ,Total cycles spent idle waiting for weight grad finish: 0
id: mlp_moelayer ,Total cycles spent idle waiting for input grad finish: 1742
id: mlp_moelayer ,Total cycles spent on fwd pass comm: 1742
id: mlp_moelayer ,Total cycles spent on weight grad comm: 0
id: mlp_moelayer ,Total cycles spent on input grad comm: 1742
*******************
Layer id: mlp_moelayer
Total collectives issued for this layer: 2
*************************  Workload stats  ************************* mlp_moelayer
id: mlp_moelayer ,Total cycles spent on fwd pass compute: 1
id: mlp_moelayer ,Total cycles spent on weight grad compute: 1
id: mlp_moelayer ,Total cycles spent on input grad compute: 1
id: mlp_moelayer ,Total cycles spent idle waiting for fwd finish: 94367
id: mlp_moelayer ,Total cycles spent idle waiting for weight grad finish: 0
id: mlp_moelayer ,Total cycles spent idle waiting for input grad finish: 94367
id: mlp_moelayer ,Total cycles spent on fwd pass comm: 94367
id: mlp_moelayer ,Total cycles spent on weight grad comm: 0
id: mlp_moelayer ,Total cycles spent on input grad comm: 94367
*******************
Layer id: mlp_moelayer
Total collectives issued for this layer: 2
*************************  Workload stats  ************************* mlp_moelayer
id: mlp_moelayer ,Total cycles spent on fwd pass compute: 1
id: mlp_moelayer ,Total cycles spent on weight grad compute: 1
id: mlp_moelayer ,Total cycles spent on input grad compute: 1
id: mlp_moelayer ,Total cycles spent idle waiting for fwd finish: 373987
id: mlp_moelayer ,Total cycles spent idle waiting for weight grad finish: 0
id: mlp_moelayer ,Total cycles spent idle waiting for input grad finish: 373987
id: mlp_moelayer ,Total cycles spent on fwd pass comm: 373987
id: mlp_moelayer ,Total cycles spent on weight grad comm: 0
id: mlp_moelayer ,Total cycles spent on input grad comm: 373987
*******************
Layer id: mlp_moelayer
Total collectives issued for this layer: 2
*************************  Workload stats  ************************* mlp_moelayer
id: mlp_moelayer ,Total cycles spent on fwd pass compute: 1
id: mlp_moelayer ,Total cycles spent on weight grad compute: 1
id: mlp_moelayer ,Total cycles spent on input grad compute: 1
id: mlp_moelayer ,Total cycles spent idle waiting for fwd finish: 373986
id: mlp_moelayer ,Total cycles spent idle waiting for weight grad finish: 0
id: mlp_moelayer ,Total cycles spent idle waiting for input grad finish: 746814
id: mlp_moelayer ,Total cycles spent on fwd pass comm: 373986
id: mlp_moelayer ,Total cycles spent on weight grad comm: 0
id: mlp_moelayer ,Total cycles spent on input grad comm: 746814
*******************
Layer id: mlp_moelayer
Total collectives issued for this layer: 2
*************************  Workload stats  ************************* mlp_moelayer
id: mlp_moelayer ,Total cycles spent on fwd pass compute: 1
id: mlp_moelayer ,Total cycles spent on weight grad compute: 1
id: mlp_moelayer ,Total cycles spent on input grad compute: 1
id: mlp_moelayer ,Total cycles spent idle waiting for fwd finish: 373986
id: mlp_moelayer ,Total cycles spent idle waiting for weight grad finish: 0
id: mlp_moelayer ,Total cycles spent idle waiting for input grad finish: 373986
id: mlp_moelayer ,Total cycles spent on fwd pass comm: 373986
id: mlp_moelayer ,Total cycles spent on weight grad comm: 0
id: mlp_moelayer ,Total cycles spent on input grad comm: 373986
*******************
Layer id: mlp_moelayer
Total collectives issued for this layer: 2
*************************  Workload stats  ************************* mlp_moelayer
id: mlp_moelayer ,Total cycles spent on fwd pass compute: 1
id: mlp_moelayer ,Total cycles spent on weight grad compute: 1
id: mlp_moelayer ,Total cycles spent on input grad compute: 1
id: mlp_moelayer ,Total cycles spent idle waiting for fwd finish: 373987
id: mlp_moelayer ,Total cycles spent idle waiting for weight grad finish: 0
id: mlp_moelayer ,Total cycles spent idle waiting for input grad finish: 373987
id: mlp_moelayer ,Total cycles spent on fwd pass comm: 373987
id: mlp_moelayer ,Total cycles spent on weight grad comm: 0
id: mlp_moelayer ,Total cycles spent on input grad comm: 373987
*******************
Layer id: mlp_moelayer
Total collectives issued for this layer: 2
*************************  Workload stats  ************************* mlp_moelayer
id: mlp_moelayer ,Total cycles spent on fwd pass compute: 1
id: mlp_moelayer ,Total cycles spent on weight grad compute: 1
id: mlp_moelayer ,Total cycles spent on input grad compute: 1
id: mlp_moelayer ,Total cycles spent idle waiting for fwd finish: 94367
id: mlp_moelayer ,Total cycles spent idle waiting for weight grad finish: 0
id: mlp_moelayer ,Total cycles spent idle waiting for input grad finish: 94367
id: mlp_moelayer ,Total cycles spent on fwd pass comm: 94367
id: mlp_moelayer ,Total cycles spent on weight grad comm: 0
id: mlp_moelayer ,Total cycles spent on input grad comm: 94367
*******************
Layer id: attention_column
Total collectives issued for this layer: 1
*************************  Workload stats  ************************* attention_column
id: attention_column ,Total cycles spent on fwd pass compute: 1
id: attention_column ,Total cycles spent on weight grad compute: 1
id: attention_column ,Total cycles spent on input grad compute: 1
id: attention_column ,Total cycles spent idle waiting for fwd finish: 187574
id: attention_column ,Total cycles spent idle waiting for weight grad finish: 0
id: attention_column ,Total cycles spent idle waiting for input grad finish: 0
id: attention_column ,Total cycles spent on fwd pass comm: 187574
id: attention_column ,Total cycles spent on weight grad comm: 0
id: attention_column ,Total cycles spent on input grad comm: 0
*******************
Layer id: attention_row
Total collectives issued for this layer: 1
*************************  Workload stats  ************************* attention_row
id: attention_row ,Total cycles spent on fwd pass compute: 1
id: attention_row ,Total cycles spent on weight grad compute: 1
id: attention_row ,Total cycles spent on input grad compute: 1
id: attention_row ,Total cycles spent idle waiting for fwd finish: 187574
id: attention_row ,Total cycles spent idle waiting for weight grad finish: 0
id: attention_row ,Total cycles spent idle waiting for input grad finish: 0
id: attention_row ,Total cycles spent on fwd pass comm: 187574
id: attention_row ,Total cycles spent on weight grad comm: 0
id: attention_row ,Total cycles spent on input grad comm: 0
*******************
Layer id: mlp_moelayer
Total collectives issued for this layer: 2
*************************  Workload stats  ************************* mlp_moelayer
id: mlp_moelayer ,Total cycles spent on fwd pass compute: 1
id: mlp_moelayer ,Total cycles spent on weight grad compute: 1
id: mlp_moelayer ,Total cycles spent on input grad compute: 1
id: mlp_moelayer ,Total cycles spent idle waiting for fwd finish: 1742
id: mlp_moelayer ,Total cycles spent idle waiting for weight grad finish: 0
id: mlp_moelayer ,Total cycles spent idle waiting for input grad finish: 1742
id: mlp_moelayer ,Total cycles spent on fwd pass comm: 1742
id: mlp_moelayer ,Total cycles spent on weight grad comm: 0
id: mlp_moelayer ,Total cycles spent on input grad comm: 1742
*******************
Layer id: mlp_moelayer
Total collectives issued for this layer: 2
*************************  Workload stats  ************************* mlp_moelayer
id: mlp_moelayer ,Total cycles spent on fwd pass compute: 1
id: mlp_moelayer ,Total cycles spent on weight grad compute: 1
id: mlp_moelayer ,Total cycles spent on input grad compute: 1
id: mlp_moelayer ,Total cycles spent idle waiting for fwd finish: 94367
id: mlp_moelayer ,Total cycles spent idle waiting for weight grad finish: 0
id: mlp_moelayer ,Total cycles spent idle waiting for input grad finish: 94367
id: mlp_moelayer ,Total cycles spent on fwd pass comm: 94367
id: mlp_moelayer ,Total cycles spent on weight grad comm: 0
id: mlp_moelayer ,Total cycles spent on input grad comm: 94367
*******************
Layer id: mlp_moelayer
Total collectives issued for this layer: 2
*************************  Workload stats  ************************* mlp_moelayer
id: mlp_moelayer ,Total cycles spent on fwd pass compute: 1
id: mlp_moelayer ,Total cycles spent on weight grad compute: 1
id: mlp_moelayer ,Total cycles spent on input grad compute: 1
id: mlp_moelayer ,Total cycles spent idle waiting for fwd finish: 373987
id: mlp_moelayer ,Total cycles spent idle waiting for weight grad finish: 0
id: mlp_moelayer ,Total cycles spent idle waiting for input grad finish: 373987
id: mlp_moelayer ,Total cycles spent on fwd pass comm: 373987
id: mlp_moelayer ,Total cycles spent on weight grad comm: 0
id: mlp_moelayer ,Total cycles spent on input grad comm: 373987
*******************
Layer id: mlp_moelayer
Total collectives issued for this layer: 2
*************************  Workload stats  ************************* mlp_moelayer
id: mlp_moelayer ,Total cycles spent on fwd pass compute: 1
id: mlp_moelayer ,Total cycles spent on weight grad compute: 1
id: mlp_moelayer ,Total cycles spent on input grad compute: 1
id: mlp_moelayer ,Total cycles spent idle waiting for fwd finish: 373986
id: mlp_moelayer ,Total cycles spent idle waiting for weight grad finish: 0
id: mlp_moelayer ,Total cycles spent idle waiting for input grad finish: 746814
id: mlp_moelayer ,Total cycles spent on fwd pass comm: 373986
id: mlp_moelayer ,Total cycles spent on weight grad comm: 0
id: mlp_moelayer ,Total cycles spent on input grad comm: 746814
*******************
Layer id: mlp_moelayer
Total collectives issued for this layer: 2
*************************  Workload stats  ************************* mlp_moelayer
id: mlp_moelayer ,Total cycles spent on fwd pass compute: 1
id: mlp_moelayer ,Total cycles spent on weight grad compute: 1
id: mlp_moelayer ,Total cycles spent on input grad compute: 1
id: mlp_moelayer ,Total cycles spent idle waiting for fwd finish: 373986
id: mlp_moelayer ,Total cycles spent idle waiting for weight grad finish: 0
id: mlp_moelayer ,Total cycles spent idle waiting for input grad finish: 373986
id: mlp_moelayer ,Total cycles spent on fwd pass comm: 373986
id: mlp_moelayer ,Total cycles spent on weight grad comm: 0
id: mlp_moelayer ,Total cycles spent on input grad comm: 373986
*******************
Layer id: mlp_moelayer
Total collectives issued for this layer: 2
*************************  Workload stats  ************************* mlp_moelayer
id: mlp_moelayer ,Total cycles spent on fwd pass compute: 1
id: mlp_moelayer ,Total cycles spent on weight grad compute: 1
id: mlp_moelayer ,Total cycles spent on input grad compute: 1
id: mlp_moelayer ,Total cycles spent idle waiting for fwd finish: 373987
id: mlp_moelayer ,Total cycles spent idle waiting for weight grad finish: 0
id: mlp_moelayer ,Total cycles spent idle waiting for input grad finish: 373987
id: mlp_moelayer ,Total cycles spent on fwd pass comm: 373987
id: mlp_moelayer ,Total cycles spent on weight grad comm: 0
id: mlp_moelayer ,Total cycles spent on input grad comm: 373987
*******************
Layer id: mlp_moelayer
Total collectives issued for this layer: 2
*************************  Workload stats  ************************* mlp_moelayer
id: mlp_moelayer ,Total cycles spent on fwd pass compute: 1
id: mlp_moelayer ,Total cycles spent on weight grad compute: 1
id: mlp_moelayer ,Total cycles spent on input grad compute: 1
id: mlp_moelayer ,Total cycles spent idle waiting for fwd finish: 94367
id: mlp_moelayer ,Total cycles spent idle waiting for weight grad finish: 0
id: mlp_moelayer ,Total cycles spent idle waiting for input grad finish: 94367
id: mlp_moelayer ,Total cycles spent on fwd pass comm: 94367
id: mlp_moelayer ,Total cycles spent on weight grad comm: 0
id: mlp_moelayer ,Total cycles spent on input grad comm: 94367
*******************
Layer id: attention_column
Total collectives issued for this layer: 1
*************************  Workload stats  ************************* attention_column
id: attention_column ,Total cycles spent on fwd pass compute: 1
id: attention_column ,Total cycles spent on weight grad compute: 1
id: attention_column ,Total cycles spent on input grad compute: 1
id: attention_column ,Total cycles spent idle waiting for fwd finish: 187574
id: attention_column ,Total cycles spent idle waiting for weight grad finish: 0
id: attention_column ,Total cycles spent idle waiting for input grad finish: 0
id: attention_column ,Total cycles spent on fwd pass comm: 187574
id: attention_column ,Total cycles spent on weight grad comm: 0
id: attention_column ,Total cycles spent on input grad comm: 0
*******************
Layer id: attention_row
Total collectives issued for this layer: 1
*************************  Workload stats  ************************* attention_row
id: attention_row ,Total cycles spent on fwd pass compute: 1
id: attention_row ,Total cycles spent on weight grad compute: 1
id: attention_row ,Total cycles spent on input grad compute: 1
id: attention_row ,Total cycles spent idle waiting for fwd finish: 187574
id: attention_row ,Total cycles spent idle waiting for weight grad finish: 0
id: attention_row ,Total cycles spent idle waiting for input grad finish: 0
id: attention_row ,Total cycles spent on fwd pass comm: 187574
id: attention_row ,Total cycles spent on weight grad comm: 0
id: attention_row ,Total cycles spent on input grad comm: 0
*******************
Layer id: mlp_moelayer
Total collectives issued for this layer: 2
*************************  Workload stats  ************************* mlp_moelayer
id: mlp_moelayer ,Total cycles spent on fwd pass compute: 1
id: mlp_moelayer ,Total cycles spent on weight grad compute: 1
id: mlp_moelayer ,Total cycles spent on input grad compute: 1
id: mlp_moelayer ,Total cycles spent idle waiting for fwd finish: 1742
id: mlp_moelayer ,Total cycles spent idle waiting for weight grad finish: 0
id: mlp_moelayer ,Total cycles spent idle waiting for input grad finish: 1742
id: mlp_moelayer ,Total cycles spent on fwd pass comm: 1742
id: mlp_moelayer ,Total cycles spent on weight grad comm: 0
id: mlp_moelayer ,Total cycles spent on input grad comm: 1742
*******************
Layer id: mlp_moelayer
Total collectives issued for this layer: 2
*************************  Workload stats  ************************* mlp_moelayer
id: mlp_moelayer ,Total cycles spent on fwd pass compute: 1
id: mlp_moelayer ,Total cycles spent on weight grad compute: 1
id: mlp_moelayer ,Total cycles spent on input grad compute: 1
id: mlp_moelayer ,Total cycles spent idle waiting for fwd finish: 94367
id: mlp_moelayer ,Total cycles spent idle waiting for weight grad finish: 0
id: mlp_moelayer ,Total cycles spent idle waiting for input grad finish: 94367
id: mlp_moelayer ,Total cycles spent on fwd pass comm: 94367
id: mlp_moelayer ,Total cycles spent on weight grad comm: 0
id: mlp_moelayer ,Total cycles spent on input grad comm: 94367
*******************
Layer id: mlp_moelayer
Total collectives issued for this layer: 2
*************************  Workload stats  ************************* mlp_moelayer
id: mlp_moelayer ,Total cycles spent on fwd pass compute: 1
id: mlp_moelayer ,Total cycles spent on weight grad compute: 1
id: mlp_moelayer ,Total cycles spent on input grad compute: 1
id: mlp_moelayer ,Total cycles spent idle waiting for fwd finish: 373987
id: mlp_moelayer ,Total cycles spent idle waiting for weight grad finish: 0
id: mlp_moelayer ,Total cycles spent idle waiting for input grad finish: 373987
id: mlp_moelayer ,Total cycles spent on fwd pass comm: 373987
id: mlp_moelayer ,Total cycles spent on weight grad comm: 0
id: mlp_moelayer ,Total cycles spent on input grad comm: 373987
*******************
Layer id: mlp_moelayer
Total collectives issued for this layer: 2
*************************  Workload stats  ************************* mlp_moelayer
id: mlp_moelayer ,Total cycles spent on fwd pass compute: 1
id: mlp_moelayer ,Total cycles spent on weight grad compute: 1
id: mlp_moelayer ,Total cycles spent on input grad compute: 1
id: mlp_moelayer ,Total cycles spent idle waiting for fwd finish: 373986
id: mlp_moelayer ,Total cycles spent idle waiting for weight grad finish: 0
id: mlp_moelayer ,Total cycles spent idle waiting for input grad finish: 746814
id: mlp_moelayer ,Total cycles spent on fwd pass comm: 373986
id: mlp_moelayer ,Total cycles spent on weight grad comm: 0
id: mlp_moelayer ,Total cycles spent on input grad comm: 746814
*******************
Layer id: mlp_moelayer
Total collectives issued for this layer: 2
*************************  Workload stats  ************************* mlp_moelayer
id: mlp_moelayer ,Total cycles spent on fwd pass compute: 1
id: mlp_moelayer ,Total cycles spent on weight grad compute: 1
id: mlp_moelayer ,Total cycles spent on input grad compute: 1
id: mlp_moelayer ,Total cycles spent idle waiting for fwd finish: 373986
id: mlp_moelayer ,Total cycles spent idle waiting for weight grad finish: 0
id: mlp_moelayer ,Total cycles spent idle waiting for input grad finish: 373986
id: mlp_moelayer ,Total cycles spent on fwd pass comm: 373986
id: mlp_moelayer ,Total cycles spent on weight grad comm: 0
id: mlp_moelayer ,Total cycles spent on input grad comm: 373986
*******************
Layer id: mlp_moelayer
Total collectives issued for this layer: 2
*************************  Workload stats  ************************* mlp_moelayer
id: mlp_moelayer ,Total cycles spent on fwd pass compute: 1
id: mlp_moelayer ,Total cycles spent on weight grad compute: 1
id: mlp_moelayer ,Total cycles spent on input grad compute: 1
id: mlp_moelayer ,Total cycles spent idle waiting for fwd finish: 373987
id: mlp_moelayer ,Total cycles spent idle waiting for weight grad finish: 0
id: mlp_moelayer ,Total cycles spent idle waiting for input grad finish: 373987
id: mlp_moelayer ,Total cycles spent on fwd pass comm: 373987
id: mlp_moelayer ,Total cycles spent on weight grad comm: 0
id: mlp_moelayer ,Total cycles spent on input grad comm: 373987
*******************
Layer id: mlp_moelayer
Total collectives issued for this layer: 2
*************************  Workload stats  ************************* mlp_moelayer
id: mlp_moelayer ,Total cycles spent on fwd pass compute: 1
id: mlp_moelayer ,Total cycles spent on weight grad compute: 1
id: mlp_moelayer ,Total cycles spent on input grad compute: 1
id: mlp_moelayer ,Total cycles spent idle waiting for fwd finish: 94367
id: mlp_moelayer ,Total cycles spent idle waiting for weight grad finish: 0
id: mlp_moelayer ,Total cycles spent idle waiting for input grad finish: 94367
id: mlp_moelayer ,Total cycles spent on fwd pass comm: 94367
id: mlp_moelayer ,Total cycles spent on weight grad comm: 0
id: mlp_moelayer ,Total cycles spent on input grad comm: 94367
*******************
Layer id: attention_column
Total collectives issued for this layer: 1
*************************  Workload stats  ************************* attention_column
id: attention_column ,Total cycles spent on fwd pass compute: 1
id: attention_column ,Total cycles spent on weight grad compute: 1
id: attention_column ,Total cycles spent on input grad compute: 1
id: attention_column ,Total cycles spent idle waiting for fwd finish: 187574
id: attention_column ,Total cycles spent idle waiting for weight grad finish: 0
id: attention_column ,Total cycles spent idle waiting for input grad finish: 0
id: attention_column ,Total cycles spent on fwd pass comm: 187574
id: attention_column ,Total cycles spent on weight grad comm: 0
id: attention_column ,Total cycles spent on input grad comm: 0
*******************
Layer id: attention_row
Total collectives issued for this layer: 1
*************************  Workload stats  ************************* attention_row
id: attention_row ,Total cycles spent on fwd pass compute: 1
id: attention_row ,Total cycles spent on weight grad compute: 1
id: attention_row ,Total cycles spent on input grad compute: 1
id: attention_row ,Total cycles spent idle waiting for fwd finish: 187574
id: attention_row ,Total cycles spent idle waiting for weight grad finish: 0
id: attention_row ,Total cycles spent idle waiting for input grad finish: 0
id: attention_row ,Total cycles spent on fwd pass comm: 187574
id: attention_row ,Total cycles spent on weight grad comm: 0
id: attention_row ,Total cycles spent on input grad comm: 0
*******************
Layer id: mlp_moelayer
Total collectives issued for this layer: 2
*************************  Workload stats  ************************* mlp_moelayer
id: mlp_moelayer ,Total cycles spent on fwd pass compute: 1
id: mlp_moelayer ,Total cycles spent on weight grad compute: 1
id: mlp_moelayer ,Total cycles spent on input grad compute: 1
id: mlp_moelayer ,Total cycles spent idle waiting for fwd finish: 1742
id: mlp_moelayer ,Total cycles spent idle waiting for weight grad finish: 0
id: mlp_moelayer ,Total cycles spent idle waiting for input grad finish: 1742
id: mlp_moelayer ,Total cycles spent on fwd pass comm: 1742
id: mlp_moelayer ,Total cycles spent on weight grad comm: 0
id: mlp_moelayer ,Total cycles spent on input grad comm: 1742
*******************
Layer id: mlp_moelayer
Total collectives issued for this layer: 2
*************************  Workload stats  ************************* mlp_moelayer
id: mlp_moelayer ,Total cycles spent on fwd pass compute: 1
id: mlp_moelayer ,Total cycles spent on weight grad compute: 1
id: mlp_moelayer ,Total cycles spent on input grad compute: 1
id: mlp_moelayer ,Total cycles spent idle waiting for fwd finish: 94367
id: mlp_moelayer ,Total cycles spent idle waiting for weight grad finish: 0
id: mlp_moelayer ,Total cycles spent idle waiting for input grad finish: 94367
id: mlp_moelayer ,Total cycles spent on fwd pass comm: 94367
id: mlp_moelayer ,Total cycles spent on weight grad comm: 0
id: mlp_moelayer ,Total cycles spent on input grad comm: 94367
*******************
Layer id: mlp_moelayer
Total collectives issued for this layer: 2
*************************  Workload stats  ************************* mlp_moelayer
id: mlp_moelayer ,Total cycles spent on fwd pass compute: 1
id: mlp_moelayer ,Total cycles spent on weight grad compute: 1
id: mlp_moelayer ,Total cycles spent on input grad compute: 1
id: mlp_moelayer ,Total cycles spent idle waiting for fwd finish: 373987
id: mlp_moelayer ,Total cycles spent idle waiting for weight grad finish: 0
id: mlp_moelayer ,Total cycles spent idle waiting for input grad finish: 373987
id: mlp_moelayer ,Total cycles spent on fwd pass comm: 373987
id: mlp_moelayer ,Total cycles spent on weight grad comm: 0
id: mlp_moelayer ,Total cycles spent on input grad comm: 373987
*******************
Layer id: mlp_moelayer
Total collectives issued for this layer: 2
*************************  Workload stats  ************************* mlp_moelayer
id: mlp_moelayer ,Total cycles spent on fwd pass compute: 1
id: mlp_moelayer ,Total cycles spent on weight grad compute: 1
id: mlp_moelayer ,Total cycles spent on input grad compute: 1
id: mlp_moelayer ,Total cycles spent idle waiting for fwd finish: 373986
id: mlp_moelayer ,Total cycles spent idle waiting for weight grad finish: 0
id: mlp_moelayer ,Total cycles spent idle waiting for input grad finish: 746814
id: mlp_moelayer ,Total cycles spent on fwd pass comm: 373986
id: mlp_moelayer ,Total cycles spent on weight grad comm: 0
id: mlp_moelayer ,Total cycles spent on input grad comm: 746814
*******************
Layer id: mlp_moelayer
Total collectives issued for this layer: 2
*************************  Workload stats  ************************* mlp_moelayer
id: mlp_moelayer ,Total cycles spent on fwd pass compute: 1
id: mlp_moelayer ,Total cycles spent on weight grad compute: 1
id: mlp_moelayer ,Total cycles spent on input grad compute: 1
id: mlp_moelayer ,Total cycles spent idle waiting for fwd finish: 373986
id: mlp_moelayer ,Total cycles spent idle waiting for weight grad finish: 0
id: mlp_moelayer ,Total cycles spent idle waiting for input grad finish: 373986
id: mlp_moelayer ,Total cycles spent on fwd pass comm: 373986
id: mlp_moelayer ,Total cycles spent on weight grad comm: 0
id: mlp_moelayer ,Total cycles spent on input grad comm: 373986
*******************
Layer id: mlp_moelayer
Total collectives issued for this layer: 2
*************************  Workload stats  ************************* mlp_moelayer
id: mlp_moelayer ,Total cycles spent on fwd pass compute: 1
id: mlp_moelayer ,Total cycles spent on weight grad compute: 1
id: mlp_moelayer ,Total cycles spent on input grad compute: 1
id: mlp_moelayer ,Total cycles spent idle waiting for fwd finish: 373987
id: mlp_moelayer ,Total cycles spent idle waiting for weight grad finish: 0
id: mlp_moelayer ,Total cycles spent idle waiting for input grad finish: 373987
id: mlp_moelayer ,Total cycles spent on fwd pass comm: 373987
id: mlp_moelayer ,Total cycles spent on weight grad comm: 0
id: mlp_moelayer ,Total cycles spent on input grad comm: 373987
*******************
Layer id: mlp_moelayer
Total collectives issued for this layer: 2
*************************  Workload stats  ************************* mlp_moelayer
id: mlp_moelayer ,Total cycles spent on fwd pass compute: 1
id: mlp_moelayer ,Total cycles spent on weight grad compute: 1
id: mlp_moelayer ,Total cycles spent on input grad compute: 1
id: mlp_moelayer ,Total cycles spent idle waiting for fwd finish: 94367
id: mlp_moelayer ,Total cycles spent idle waiting for weight grad finish: 0
id: mlp_moelayer ,Total cycles spent idle waiting for input grad finish: 94367
id: mlp_moelayer ,Total cycles spent on fwd pass comm: 94367
id: mlp_moelayer ,Total cycles spent on weight grad comm: 0
id: mlp_moelayer ,Total cycles spent on input grad comm: 94367
*******************
Layer id: attention_column
Total collectives issued for this layer: 1
*************************  Workload stats  ************************* attention_column
id: attention_column ,Total cycles spent on fwd pass compute: 1
id: attention_column ,Total cycles spent on weight grad compute: 1
id: attention_column ,Total cycles spent on input grad compute: 1
id: attention_column ,Total cycles spent idle waiting for fwd finish: 187574
id: attention_column ,Total cycles spent idle waiting for weight grad finish: 0
id: attention_column ,Total cycles spent idle waiting for input grad finish: 0
id: attention_column ,Total cycles spent on fwd pass comm: 187574
id: attention_column ,Total cycles spent on weight grad comm: 0
id: attention_column ,Total cycles spent on input grad comm: 0
*******************
Layer id: attention_row
Total collectives issued for this layer: 1
*************************  Workload stats  ************************* attention_row
id: attention_row ,Total cycles spent on fwd pass compute: 1
id: attention_row ,Total cycles spent on weight grad compute: 1
id: attention_row ,Total cycles spent on input grad compute: 1
id: attention_row ,Total cycles spent idle waiting for fwd finish: 187574
id: attention_row ,Total cycles spent idle waiting for weight grad finish: 0
id: attention_row ,Total cycles spent idle waiting for input grad finish: 0
id: attention_row ,Total cycles spent on fwd pass comm: 187574
id: attention_row ,Total cycles spent on weight grad comm: 0
id: attention_row ,Total cycles spent on input grad comm: 0
*******************
Layer id: mlp_moelayer
Total collectives issued for this layer: 2
*************************  Workload stats  ************************* mlp_moelayer
id: mlp_moelayer ,Total cycles spent on fwd pass compute: 1
id: mlp_moelayer ,Total cycles spent on weight grad compute: 1
id: mlp_moelayer ,Total cycles spent on input grad compute: 1
id: mlp_moelayer ,Total cycles spent idle waiting for fwd finish: 1742
id: mlp_moelayer ,Total cycles spent idle waiting for weight grad finish: 0
id: mlp_moelayer ,Total cycles spent idle waiting for input grad finish: 1742
id: mlp_moelayer ,Total cycles spent on fwd pass comm: 1742
id: mlp_moelayer ,Total cycles spent on weight grad comm: 0
id: mlp_moelayer ,Total cycles spent on input grad comm: 1742
*******************
Layer id: mlp_moelayer
Total collectives issued for this layer: 2
*************************  Workload stats  ************************* mlp_moelayer
id: mlp_moelayer ,Total cycles spent on fwd pass compute: 1
id: mlp_moelayer ,Total cycles spent on weight grad compute: 1
id: mlp_moelayer ,Total cycles spent on input grad compute: 1
id: mlp_moelayer ,Total cycles spent idle waiting for fwd finish: 94367
id: mlp_moelayer ,Total cycles spent idle waiting for weight grad finish: 0
id: mlp_moelayer ,Total cycles spent idle waiting for input grad finish: 94367
id: mlp_moelayer ,Total cycles spent on fwd pass comm: 94367
id: mlp_moelayer ,Total cycles spent on weight grad comm: 0
id: mlp_moelayer ,Total cycles spent on input grad comm: 94367
*******************
Layer id: mlp_moelayer
Total collectives issued for this layer: 2
*************************  Workload stats  ************************* mlp_moelayer
id: mlp_moelayer ,Total cycles spent on fwd pass compute: 1
id: mlp_moelayer ,Total cycles spent on weight grad compute: 1
id: mlp_moelayer ,Total cycles spent on input grad compute: 1
id: mlp_moelayer ,Total cycles spent idle waiting for fwd finish: 373987
id: mlp_moelayer ,Total cycles spent idle waiting for weight grad finish: 0
id: mlp_moelayer ,Total cycles spent idle waiting for input grad finish: 373987
id: mlp_moelayer ,Total cycles spent on fwd pass comm: 373987
id: mlp_moelayer ,Total cycles spent on weight grad comm: 0
id: mlp_moelayer ,Total cycles spent on input grad comm: 373987
*******************
Layer id: mlp_moelayer
Total collectives issued for this layer: 2
*************************  Workload stats  ************************* mlp_moelayer
id: mlp_moelayer ,Total cycles spent on fwd pass compute: 1
id: mlp_moelayer ,Total cycles spent on weight grad compute: 1
id: mlp_moelayer ,Total cycles spent on input grad compute: 1
id: mlp_moelayer ,Total cycles spent idle waiting for fwd finish: 373986
id: mlp_moelayer ,Total cycles spent idle waiting for weight grad finish: 0
id: mlp_moelayer ,Total cycles spent idle waiting for input grad finish: 746814
id: mlp_moelayer ,Total cycles spent on fwd pass comm: 373986
id: mlp_moelayer ,Total cycles spent on weight grad comm: 0
id: mlp_moelayer ,Total cycles spent on input grad comm: 746814
*******************
Layer id: mlp_moelayer
Total collectives issued for this layer: 2
*************************  Workload stats  ************************* mlp_moelayer
id: mlp_moelayer ,Total cycles spent on fwd pass compute: 1
id: mlp_moelayer ,Total cycles spent on weight grad compute: 1
id: mlp_moelayer ,Total cycles spent on input grad compute: 1
id: mlp_moelayer ,Total cycles spent idle waiting for fwd finish: 373986
id: mlp_moelayer ,Total cycles spent idle waiting for weight grad finish: 0
id: mlp_moelayer ,Total cycles spent idle waiting for input grad finish: 373986
id: mlp_moelayer ,Total cycles spent on fwd pass comm: 373986
id: mlp_moelayer ,Total cycles spent on weight grad comm: 0
id: mlp_moelayer ,Total cycles spent on input grad comm: 373986
*******************
Layer id: mlp_moelayer
Total collectives issued for this layer: 2
*************************  Workload stats  ************************* mlp_moelayer
id: mlp_moelayer ,Total cycles spent on fwd pass compute: 1
id: mlp_moelayer ,Total cycles spent on weight grad compute: 1
id: mlp_moelayer ,Total cycles spent on input grad compute: 1
id: mlp_moelayer ,Total cycles spent idle waiting for fwd finish: 373987
id: mlp_moelayer ,Total cycles spent idle waiting for weight grad finish: 0
id: mlp_moelayer ,Total cycles spent idle waiting for input grad finish: 373987
id: mlp_moelayer ,Total cycles spent on fwd pass comm: 373987
id: mlp_moelayer ,Total cycles spent on weight grad comm: 0
id: mlp_moelayer ,Total cycles spent on input grad comm: 373987
*******************
Layer id: mlp_moelayer
Total collectives issued for this layer: 2
*************************  Workload stats  ************************* mlp_moelayer
id: mlp_moelayer ,Total cycles spent on fwd pass compute: 1
id: mlp_moelayer ,Total cycles spent on weight grad compute: 1
id: mlp_moelayer ,Total cycles spent on input grad compute: 1
id: mlp_moelayer ,Total cycles spent idle waiting for fwd finish: 94367
id: mlp_moelayer ,Total cycles spent idle waiting for weight grad finish: 0
id: mlp_moelayer ,Total cycles spent idle waiting for input grad finish: 94367
id: mlp_moelayer ,Total cycles spent on fwd pass comm: 94367
id: mlp_moelayer ,Total cycles spent on weight grad comm: 0
id: mlp_moelayer ,Total cycles spent on input grad comm: 94367
*******************
Layer id: attention_column
Total collectives issued for this layer: 1
*************************  Workload stats  ************************* attention_column
id: attention_column ,Total cycles spent on fwd pass compute: 1
id: attention_column ,Total cycles spent on weight grad compute: 1
id: attention_column ,Total cycles spent on input grad compute: 1
id: attention_column ,Total cycles spent idle waiting for fwd finish: 187574
id: attention_column ,Total cycles spent idle waiting for weight grad finish: 0
id: attention_column ,Total cycles spent idle waiting for input grad finish: 0
id: attention_column ,Total cycles spent on fwd pass comm: 187574
id: attention_column ,Total cycles spent on weight grad comm: 0
id: attention_column ,Total cycles spent on input grad comm: 0
*******************
Layer id: attention_row
Total collectives issued for this layer: 1
*************************  Workload stats  ************************* attention_row
id: attention_row ,Total cycles spent on fwd pass compute: 1
id: attention_row ,Total cycles spent on weight grad compute: 1
id: attention_row ,Total cycles spent on input grad compute: 1
id: attention_row ,Total cycles spent idle waiting for fwd finish: 187574
id: attention_row ,Total cycles spent idle waiting for weight grad finish: 0
id: attention_row ,Total cycles spent idle waiting for input grad finish: 0
id: attention_row ,Total cycles spent on fwd pass comm: 187574
id: attention_row ,Total cycles spent on weight grad comm: 0
id: attention_row ,Total cycles spent on input grad comm: 0
*******************
Layer id: mlp_moelayer
Total collectives issued for this layer: 2
*************************  Workload stats  ************************* mlp_moelayer
id: mlp_moelayer ,Total cycles spent on fwd pass compute: 1
id: mlp_moelayer ,Total cycles spent on weight grad compute: 1
id: mlp_moelayer ,Total cycles spent on input grad compute: 1
id: mlp_moelayer ,Total cycles spent idle waiting for fwd finish: 1742
id: mlp_moelayer ,Total cycles spent idle waiting for weight grad finish: 0
id: mlp_moelayer ,Total cycles spent idle waiting for input grad finish: 1742
id: mlp_moelayer ,Total cycles spent on fwd pass comm: 1742
id: mlp_moelayer ,Total cycles spent on weight grad comm: 0
id: mlp_moelayer ,Total cycles spent on input grad comm: 1742
*******************
Layer id: mlp_moelayer
Total collectives issued for this layer: 2
*************************  Workload stats  ************************* mlp_moelayer
id: mlp_moelayer ,Total cycles spent on fwd pass compute: 1
id: mlp_moelayer ,Total cycles spent on weight grad compute: 1
id: mlp_moelayer ,Total cycles spent on input grad compute: 1
id: mlp_moelayer ,Total cycles spent idle waiting for fwd finish: 94367
id: mlp_moelayer ,Total cycles spent idle waiting for weight grad finish: 0
id: mlp_moelayer ,Total cycles spent idle waiting for input grad finish: 94367
id: mlp_moelayer ,Total cycles spent on fwd pass comm: 94367
id: mlp_moelayer ,Total cycles spent on weight grad comm: 0
id: mlp_moelayer ,Total cycles spent on input grad comm: 94367
*******************
Layer id: mlp_moelayer
Total collectives issued for this layer: 2
*************************  Workload stats  ************************* mlp_moelayer
id: mlp_moelayer ,Total cycles spent on fwd pass compute: 1
id: mlp_moelayer ,Total cycles spent on weight grad compute: 1
id: mlp_moelayer ,Total cycles spent on input grad compute: 1
id: mlp_moelayer ,Total cycles spent idle waiting for fwd finish: 373987
id: mlp_moelayer ,Total cycles spent idle waiting for weight grad finish: 0
id: mlp_moelayer ,Total cycles spent idle waiting for input grad finish: 373987
id: mlp_moelayer ,Total cycles spent on fwd pass comm: 373987
id: mlp_moelayer ,Total cycles spent on weight grad comm: 0
id: mlp_moelayer ,Total cycles spent on input grad comm: 373987
*******************
Layer id: mlp_moelayer
Total collectives issued for this layer: 2
*************************  Workload stats  ************************* mlp_moelayer
id: mlp_moelayer ,Total cycles spent on fwd pass compute: 1
id: mlp_moelayer ,Total cycles spent on weight grad compute: 1
id: mlp_moelayer ,Total cycles spent on input grad compute: 1
id: mlp_moelayer ,Total cycles spent idle waiting for fwd finish: 373986
id: mlp_moelayer ,Total cycles spent idle waiting for weight grad finish: 0
id: mlp_moelayer ,Total cycles spent idle waiting for input grad finish: 746814
id: mlp_moelayer ,Total cycles spent on fwd pass comm: 373986
id: mlp_moelayer ,Total cycles spent on weight grad comm: 0
id: mlp_moelayer ,Total cycles spent on input grad comm: 746814
*******************
Layer id: mlp_moelayer
Total collectives issued for this layer: 2
*************************  Workload stats  ************************* mlp_moelayer
id: mlp_moelayer ,Total cycles spent on fwd pass compute: 1
id: mlp_moelayer ,Total cycles spent on weight grad compute: 1
id: mlp_moelayer ,Total cycles spent on input grad compute: 1
id: mlp_moelayer ,Total cycles spent idle waiting for fwd finish: 373986
id: mlp_moelayer ,Total cycles spent idle waiting for weight grad finish: 0
id: mlp_moelayer ,Total cycles spent idle waiting for input grad finish: 373986
id: mlp_moelayer ,Total cycles spent on fwd pass comm: 373986
id: mlp_moelayer ,Total cycles spent on weight grad comm: 0
id: mlp_moelayer ,Total cycles spent on input grad comm: 373986
*******************
Layer id: mlp_moelayer
Total collectives issued for this layer: 2
*************************  Workload stats  ************************* mlp_moelayer
id: mlp_moelayer ,Total cycles spent on fwd pass compute: 1
id: mlp_moelayer ,Total cycles spent on weight grad compute: 1
id: mlp_moelayer ,Total cycles spent on input grad compute: 1
id: mlp_moelayer ,Total cycles spent idle waiting for fwd finish: 373987
id: mlp_moelayer ,Total cycles spent idle waiting for weight grad finish: 0
id: mlp_moelayer ,Total cycles spent idle waiting for input grad finish: 373987
id: mlp_moelayer ,Total cycles spent on fwd pass comm: 373987
id: mlp_moelayer ,Total cycles spent on weight grad comm: 0
id: mlp_moelayer ,Total cycles spent on input grad comm: 373987
*******************
Layer id: mlp_moelayer
Total collectives issued for this layer: 2
*************************  Workload stats  ************************* mlp_moelayer
id: mlp_moelayer ,Total cycles spent on fwd pass compute: 1
id: mlp_moelayer ,Total cycles spent on weight grad compute: 1
id: mlp_moelayer ,Total cycles spent on input grad compute: 1
id: mlp_moelayer ,Total cycles spent idle waiting for fwd finish: 94367
id: mlp_moelayer ,Total cycles spent idle waiting for weight grad finish: 0
id: mlp_moelayer ,Total cycles spent idle waiting for input grad finish: 94367
id: mlp_moelayer ,Total cycles spent on fwd pass comm: 94367
id: mlp_moelayer ,Total cycles spent on weight grad comm: 0
id: mlp_moelayer ,Total cycles spent on input grad comm: 94367
*******************
Layer id: final_column
Total collectives issued for this layer: 1
*************************  Workload stats  ************************* final_column
id: final_column ,Total cycles spent on fwd pass compute: 1
id: final_column ,Total cycles spent on weight grad compute: 1
id: final_column ,Total cycles spent on input grad compute: 1
id: final_column ,Total cycles spent idle waiting for fwd finish: 187574
id: final_column ,Total cycles spent idle waiting for weight grad finish: 0
id: final_column ,Total cycles spent idle waiting for input grad finish: 0
id: final_column ,Total cycles spent on fwd pass comm: 187574
id: final_column ,Total cycles spent on weight grad comm: 0
id: final_column ,Total cycles spent on input grad comm: 0
*******************
Layer id: embedding_norm
Total collectives issued for this layer: 1
*************************  Workload stats  ************************* embedding_norm
id: embedding_norm ,Total cycles spent on fwd pass compute: 1
id: embedding_norm ,Total cycles spent on weight grad compute: 1
id: embedding_norm ,Total cycles spent on input grad compute: 1
id: embedding_norm ,Total cycles spent idle waiting for fwd finish: 2914914
id: embedding_norm ,Total cycles spent idle waiting for weight grad finish: 0
id: embedding_norm ,Total cycles spent idle waiting for input grad finish: 0
id: embedding_norm ,Total cycles spent on fwd pass comm: 2914914
id: embedding_norm ,Total cycles spent on weight grad comm: 0
id: embedding_norm ,Total cycles spent on input grad comm: 0
*******************
Layer id: embedding_layer
Total collectives issued for this layer: 0
*************************  Workload stats  ************************* embedding_layer
id: embedding_layer ,Total cycles spent on fwd pass compute: 1
id: embedding_layer ,Total cycles spent on weight grad compute: 1
id: embedding_layer ,Total cycles spent on input grad compute: 1
id: embedding_layer ,Total cycles spent idle waiting for fwd finish: 0
id: embedding_layer ,Total cycles spent idle waiting for weight grad finish: 0
id: embedding_layer ,Total cycles spent idle waiting for input grad finish: 0
id: embedding_layer ,Total cycles spent on fwd pass comm: 0
id: embedding_layer ,Total cycles spent on weight grad comm: 0
id: embedding_layer ,Total cycles spent on input grad comm: 0
*******************
Layer id: attention_column
Total collectives issued for this layer: 1
*************************  Workload stats  ************************* attention_column
id: attention_column ,Total cycles spent on fwd pass compute: 1
id: attention_column ,Total cycles spent on weight grad compute: 1
id: attention_column ,Total cycles spent on input grad compute: 1
id: attention_column ,Total cycles spent idle waiting for fwd finish: 187574
id: attention_column ,Total cycles spent idle waiting for weight grad finish: 0
id: attention_column ,Total cycles spent idle waiting for input grad finish: 0
id: attention_column ,Total cycles spent on fwd pass comm: 187574
id: attention_column ,Total cycles spent on weight grad comm: 0
id: attention_column ,Total cycles spent on input grad comm: 0
*******************
Layer id: attention_row
Total collectives issued for this layer: 1
*************************  Workload stats  ************************* attention_row
id: attention_row ,Total cycles spent on fwd pass compute: 1
id: attention_row ,Total cycles spent on weight grad compute: 1
id: attention_row ,Total cycles spent on input grad compute: 1
id: attention_row ,Total cycles spent idle waiting for fwd finish: 187574
id: attention_row ,Total cycles spent idle waiting for weight grad finish: 0
id: attention_row ,Total cycles spent idle waiting for input grad finish: 0
id: attention_row ,Total cycles spent on fwd pass comm: 187574
id: attention_row ,Total cycles spent on weight grad comm: 0
id: attention_row ,Total cycles spent on input grad comm: 0
*******************
Layer id: mlp_moelayer
Total collectives issued for this layer: 2
*************************  Workload stats  ************************* mlp_moelayer
id: mlp_moelayer ,Total cycles spent on fwd pass compute: 1
id: mlp_moelayer ,Total cycles spent on weight grad compute: 1
id: mlp_moelayer ,Total cycles spent on input grad compute: 1
id: mlp_moelayer ,Total cycles spent idle waiting for fwd finish: 1742
id: mlp_moelayer ,Total cycles spent idle waiting for weight grad finish: 0
id: mlp_moelayer ,Total cycles spent idle waiting for input grad finish: 1742
id: mlp_moelayer ,Total cycles spent on fwd pass comm: 1742
id: mlp_moelayer ,Total cycles spent on weight grad comm: 0
id: mlp_moelayer ,Total cycles spent on input grad comm: 1742
*******************
Layer id: mlp_moelayer
Total collectives issued for this layer: 2
*************************  Workload stats  ************************* mlp_moelayer
id: mlp_moelayer ,Total cycles spent on fwd pass compute: 1
id: mlp_moelayer ,Total cycles spent on weight grad compute: 1
id: mlp_moelayer ,Total cycles spent on input grad compute: 1
id: mlp_moelayer ,Total cycles spent idle waiting for fwd finish: 94367
id: mlp_moelayer ,Total cycles spent idle waiting for weight grad finish: 0
id: mlp_moelayer ,Total cycles spent idle waiting for input grad finish: 94367
id: mlp_moelayer ,Total cycles spent on fwd pass comm: 94367
id: mlp_moelayer ,Total cycles spent on weight grad comm: 0
id: mlp_moelayer ,Total cycles spent on input grad comm: 94367
*******************
Layer id: mlp_moelayer
Total collectives issued for this layer: 2
*************************  Workload stats  ************************* mlp_moelayer
id: mlp_moelayer ,Total cycles spent on fwd pass compute: 1
id: mlp_moelayer ,Total cycles spent on weight grad compute: 1
id: mlp_moelayer ,Total cycles spent on input grad compute: 1
id: mlp_moelayer ,Total cycles spent idle waiting for fwd finish: 373987
id: mlp_moelayer ,Total cycles spent idle waiting for weight grad finish: 0
id: mlp_moelayer ,Total cycles spent idle waiting for input grad finish: 373987
id: mlp_moelayer ,Total cycles spent on fwd pass comm: 373987
id: mlp_moelayer ,Total cycles spent on weight grad comm: 0
id: mlp_moelayer ,Total cycles spent on input grad comm: 373987
*******************
Layer id: mlp_moelayer
Total collectives issued for this layer: 2
*************************  Workload stats  ************************* mlp_moelayer
id: mlp_moelayer ,Total cycles spent on fwd pass compute: 1
id: mlp_moelayer ,Total cycles spent on weight grad compute: 1
id: mlp_moelayer ,Total cycles spent on input grad compute: 1
id: mlp_moelayer ,Total cycles spent idle waiting for fwd finish: 373986
id: mlp_moelayer ,Total cycles spent idle waiting for weight grad finish: 0
id: mlp_moelayer ,Total cycles spent idle waiting for input grad finish: 746814
id: mlp_moelayer ,Total cycles spent on fwd pass comm: 373986
id: mlp_moelayer ,Total cycles spent on weight grad comm: 0
id: mlp_moelayer ,Total cycles spent on input grad comm: 746814
*******************
Layer id: mlp_moelayer
Total collectives issued for this layer: 2
*************************  Workload stats  ************************* mlp_moelayer
id: mlp_moelayer ,Total cycles spent on fwd pass compute: 1
id: mlp_moelayer ,Total cycles spent on weight grad compute: 1
id: mlp_moelayer ,Total cycles spent on input grad compute: 1
id: mlp_moelayer ,Total cycles spent idle waiting for fwd finish: 373986
id: mlp_moelayer ,Total cycles spent idle waiting for weight grad finish: 0
id: mlp_moelayer ,Total cycles spent idle waiting for input grad finish: 373986
id: mlp_moelayer ,Total cycles spent on fwd pass comm: 373986
id: mlp_moelayer ,Total cycles spent on weight grad comm: 0
id: mlp_moelayer ,Total cycles spent on input grad comm: 373986
*******************
Layer id: mlp_moelayer
Total collectives issued for this layer: 2
*************************  Workload stats  ************************* mlp_moelayer
id: mlp_moelayer ,Total cycles spent on fwd pass compute: 1
id: mlp_moelayer ,Total cycles spent on weight grad compute: 1
id: mlp_moelayer ,Total cycles spent on input grad compute: 1
id: mlp_moelayer ,Total cycles spent idle waiting for fwd finish: 373987
id: mlp_moelayer ,Total cycles spent idle waiting for weight grad finish: 0
id: mlp_moelayer ,Total cycles spent idle waiting for input grad finish: 373987
id: mlp_moelayer ,Total cycles spent on fwd pass comm: 373987
id: mlp_moelayer ,Total cycles spent on weight grad comm: 0
id: mlp_moelayer ,Total cycles spent on input grad comm: 373987
*******************
Layer id: mlp_moelayer
Total collectives issued for this layer: 2
*************************  Workload stats  ************************* mlp_moelayer
id: mlp_moelayer ,Total cycles spent on fwd pass compute: 1
id: mlp_moelayer ,Total cycles spent on weight grad compute: 1
id: mlp_moelayer ,Total cycles spent on input grad compute: 1
id: mlp_moelayer ,Total cycles spent idle waiting for fwd finish: 94367
id: mlp_moelayer ,Total cycles spent idle waiting for weight grad finish: 0
id: mlp_moelayer ,Total cycles spent idle waiting for input grad finish: 94367
id: mlp_moelayer ,Total cycles spent on fwd pass comm: 94367
id: mlp_moelayer ,Total cycles spent on weight grad comm: 0
id: mlp_moelayer ,Total cycles spent on input grad comm: 94367
*******************
Layer id: attention_column
Total collectives issued for this layer: 1
*************************  Workload stats  ************************* attention_column
id: attention_column ,Total cycles spent on fwd pass compute: 1
id: attention_column ,Total cycles spent on weight grad compute: 1
id: attention_column ,Total cycles spent on input grad compute: 1
id: attention_column ,Total cycles spent idle waiting for fwd finish: 187574
id: attention_column ,Total cycles spent idle waiting for weight grad finish: 0
id: attention_column ,Total cycles spent idle waiting for input grad finish: 0
id: attention_column ,Total cycles spent on fwd pass comm: 187574
id: attention_column ,Total cycles spent on weight grad comm: 0
id: attention_column ,Total cycles spent on input grad comm: 0
*******************
Layer id: attention_row
Total collectives issued for this layer: 1
*************************  Workload stats  ************************* attention_row
id: attention_row ,Total cycles spent on fwd pass compute: 1
id: attention_row ,Total cycles spent on weight grad compute: 1
id: attention_row ,Total cycles spent on input grad compute: 1
id: attention_row ,Total cycles spent idle waiting for fwd finish: 187574
id: attention_row ,Total cycles spent idle waiting for weight grad finish: 0
id: attention_row ,Total cycles spent idle waiting for input grad finish: 0
id: attention_row ,Total cycles spent on fwd pass comm: 187574
id: attention_row ,Total cycles spent on weight grad comm: 0
id: attention_row ,Total cycles spent on input grad comm: 0
*******************
Layer id: mlp_moelayer
Total collectives issued for this layer: 2
*************************  Workload stats  ************************* mlp_moelayer
id: mlp_moelayer ,Total cycles spent on fwd pass compute: 1
id: mlp_moelayer ,Total cycles spent on weight grad compute: 1
id: mlp_moelayer ,Total cycles spent on input grad compute: 1
id: mlp_moelayer ,Total cycles spent idle waiting for fwd finish: 1742
id: mlp_moelayer ,Total cycles spent idle waiting for weight grad finish: 0
id: mlp_moelayer ,Total cycles spent idle waiting for input grad finish: 1742
id: mlp_moelayer ,Total cycles spent on fwd pass comm: 1742
id: mlp_moelayer ,Total cycles spent on weight grad comm: 0
id: mlp_moelayer ,Total cycles spent on input grad comm: 1742
*******************
Layer id: mlp_moelayer
Total collectives issued for this layer: 2
*************************  Workload stats  ************************* mlp_moelayer
id: mlp_moelayer ,Total cycles spent on fwd pass compute: 1
id: mlp_moelayer ,Total cycles spent on weight grad compute: 1
id: mlp_moelayer ,Total cycles spent on input grad compute: 1
id: mlp_moelayer ,Total cycles spent idle waiting for fwd finish: 94367
id: mlp_moelayer ,Total cycles spent idle waiting for weight grad finish: 0
id: mlp_moelayer ,Total cycles spent idle waiting for input grad finish: 94367
id: mlp_moelayer ,Total cycles spent on fwd pass comm: 94367
id: mlp_moelayer ,Total cycles spent on weight grad comm: 0
id: mlp_moelayer ,Total cycles spent on input grad comm: 94367
*******************
Layer id: mlp_moelayer
Total collectives issued for this layer: 2
*************************  Workload stats  ************************* mlp_moelayer
id: mlp_moelayer ,Total cycles spent on fwd pass compute: 1
id: mlp_moelayer ,Total cycles spent on weight grad compute: 1
id: mlp_moelayer ,Total cycles spent on input grad compute: 1
id: mlp_moelayer ,Total cycles spent idle waiting for fwd finish: 373987
id: mlp_moelayer ,Total cycles spent idle waiting for weight grad finish: 0
id: mlp_moelayer ,Total cycles spent idle waiting for input grad finish: 373987
id: mlp_moelayer ,Total cycles spent on fwd pass comm: 373987
id: mlp_moelayer ,Total cycles spent on weight grad comm: 0
id: mlp_moelayer ,Total cycles spent on input grad comm: 373987
*******************
Layer id: mlp_moelayer
Total collectives issued for this layer: 2
*************************  Workload stats  ************************* mlp_moelayer
id: mlp_moelayer ,Total cycles spent on fwd pass compute: 1
id: mlp_moelayer ,Total cycles spent on weight grad compute: 1
id: mlp_moelayer ,Total cycles spent on input grad compute: 1
id: mlp_moelayer ,Total cycles spent idle waiting for fwd finish: 373986
id: mlp_moelayer ,Total cycles spent idle waiting for weight grad finish: 0
id: mlp_moelayer ,Total cycles spent idle waiting for input grad finish: 746814
id: mlp_moelayer ,Total cycles spent on fwd pass comm: 373986
id: mlp_moelayer ,Total cycles spent on weight grad comm: 0
id: mlp_moelayer ,Total cycles spent on input grad comm: 746814
*******************
Layer id: mlp_moelayer
Total collectives issued for this layer: 2
*************************  Workload stats  ************************* mlp_moelayer
id: mlp_moelayer ,Total cycles spent on fwd pass compute: 1
id: mlp_moelayer ,Total cycles spent on weight grad compute: 1
id: mlp_moelayer ,Total cycles spent on input grad compute: 1
id: mlp_moelayer ,Total cycles spent idle waiting for fwd finish: 373986
id: mlp_moelayer ,Total cycles spent idle waiting for weight grad finish: 0
id: mlp_moelayer ,Total cycles spent idle waiting for input grad finish: 373986
id: mlp_moelayer ,Total cycles spent on fwd pass comm: 373986
id: mlp_moelayer ,Total cycles spent on weight grad comm: 0
id: mlp_moelayer ,Total cycles spent on input grad comm: 373986
*******************
Layer id: mlp_moelayer
Total collectives issued for this layer: 2
*************************  Workload stats  ************************* mlp_moelayer
id: mlp_moelayer ,Total cycles spent on fwd pass compute: 1
id: mlp_moelayer ,Total cycles spent on weight grad compute: 1
id: mlp_moelayer ,Total cycles spent on input grad compute: 1
id: mlp_moelayer ,Total cycles spent idle waiting for fwd finish: 373987
id: mlp_moelayer ,Total cycles spent idle waiting for weight grad finish: 0
id: mlp_moelayer ,Total cycles spent idle waiting for input grad finish: 373987
id: mlp_moelayer ,Total cycles spent on fwd pass comm: 373987
id: mlp_moelayer ,Total cycles spent on weight grad comm: 0
id: mlp_moelayer ,Total cycles spent on input grad comm: 373987
*******************
Layer id: mlp_moelayer
Total collectives issued for this layer: 2
*************************  Workload stats  ************************* mlp_moelayer
id: mlp_moelayer ,Total cycles spent on fwd pass compute: 1
id: mlp_moelayer ,Total cycles spent on weight grad compute: 1
id: mlp_moelayer ,Total cycles spent on input grad compute: 1
id: mlp_moelayer ,Total cycles spent idle waiting for fwd finish: 94367
id: mlp_moelayer ,Total cycles spent idle waiting for weight grad finish: 0
id: mlp_moelayer ,Total cycles spent idle waiting for input grad finish: 94367
id: mlp_moelayer ,Total cycles spent on fwd pass comm: 94367
id: mlp_moelayer ,Total cycles spent on weight grad comm: 0
id: mlp_moelayer ,Total cycles spent on input grad comm: 94367
*******************
Layer id: attention_column
Total collectives issued for this layer: 1
*************************  Workload stats  ************************* attention_column
id: attention_column ,Total cycles spent on fwd pass compute: 1
id: attention_column ,Total cycles spent on weight grad compute: 1
id: attention_column ,Total cycles spent on input grad compute: 1
id: attention_column ,Total cycles spent idle waiting for fwd finish: 187574
id: attention_column ,Total cycles spent idle waiting for weight grad finish: 0
id: attention_column ,Total cycles spent idle waiting for input grad finish: 0
id: attention_column ,Total cycles spent on fwd pass comm: 187574
id: attention_column ,Total cycles spent on weight grad comm: 0
id: attention_column ,Total cycles spent on input grad comm: 0
*******************
Layer id: attention_row
Total collectives issued for this layer: 1
*************************  Workload stats  ************************* attention_row
id: attention_row ,Total cycles spent on fwd pass compute: 1
id: attention_row ,Total cycles spent on weight grad compute: 1
id: attention_row ,Total cycles spent on input grad compute: 1
id: attention_row ,Total cycles spent idle waiting for fwd finish: 187574
id: attention_row ,Total cycles spent idle waiting for weight grad finish: 0
id: attention_row ,Total cycles spent idle waiting for input grad finish: 0
id: attention_row ,Total cycles spent on fwd pass comm: 187574
id: attention_row ,Total cycles spent on weight grad comm: 0
id: attention_row ,Total cycles spent on input grad comm: 0
*******************
Layer id: mlp_moelayer
Total collectives issued for this layer: 2
*************************  Workload stats  ************************* mlp_moelayer
id: mlp_moelayer ,Total cycles spent on fwd pass compute: 1
id: mlp_moelayer ,Total cycles spent on weight grad compute: 1
id: mlp_moelayer ,Total cycles spent on input grad compute: 1
id: mlp_moelayer ,Total cycles spent idle waiting for fwd finish: 1742
id: mlp_moelayer ,Total cycles spent idle waiting for weight grad finish: 0
id: mlp_moelayer ,Total cycles spent idle waiting for input grad finish: 1742
id: mlp_moelayer ,Total cycles spent on fwd pass comm: 1742
id: mlp_moelayer ,Total cycles spent on weight grad comm: 0
id: mlp_moelayer ,Total cycles spent on input grad comm: 1742
*******************
Layer id: mlp_moelayer
Total collectives issued for this layer: 2
*************************  Workload stats  ************************* mlp_moelayer
id: mlp_moelayer ,Total cycles spent on fwd pass compute: 1
id: mlp_moelayer ,Total cycles spent on weight grad compute: 1
id: mlp_moelayer ,Total cycles spent on input grad compute: 1
id: mlp_moelayer ,Total cycles spent idle waiting for fwd finish: 94367
id: mlp_moelayer ,Total cycles spent idle waiting for weight grad finish: 0
id: mlp_moelayer ,Total cycles spent idle waiting for input grad finish: 94367
id: mlp_moelayer ,Total cycles spent on fwd pass comm: 94367
id: mlp_moelayer ,Total cycles spent on weight grad comm: 0
id: mlp_moelayer ,Total cycles spent on input grad comm: 94367
*******************
Layer id: mlp_moelayer
Total collectives issued for this layer: 2
*************************  Workload stats  ************************* mlp_moelayer
id: mlp_moelayer ,Total cycles spent on fwd pass compute: 1
id: mlp_moelayer ,Total cycles spent on weight grad compute: 1
id: mlp_moelayer ,Total cycles spent on input grad compute: 1
id: mlp_moelayer ,Total cycles spent idle waiting for fwd finish: 373987
id: mlp_moelayer ,Total cycles spent idle waiting for weight grad finish: 0
id: mlp_moelayer ,Total cycles spent idle waiting for input grad finish: 373987
id: mlp_moelayer ,Total cycles spent on fwd pass comm: 373987
id: mlp_moelayer ,Total cycles spent on weight grad comm: 0
id: mlp_moelayer ,Total cycles spent on input grad comm: 373987
*******************
Layer id: mlp_moelayer
Total collectives issued for this layer: 2
*************************  Workload stats  ************************* mlp_moelayer
id: mlp_moelayer ,Total cycles spent on fwd pass compute: 1
id: mlp_moelayer ,Total cycles spent on weight grad compute: 1
id: mlp_moelayer ,Total cycles spent on input grad compute: 1
id: mlp_moelayer ,Total cycles spent idle waiting for fwd finish: 373986
id: mlp_moelayer ,Total cycles spent idle waiting for weight grad finish: 0
id: mlp_moelayer ,Total cycles spent idle waiting for input grad finish: 746814
id: mlp_moelayer ,Total cycles spent on fwd pass comm: 373986
id: mlp_moelayer ,Total cycles spent on weight grad comm: 0
id: mlp_moelayer ,Total cycles spent on input grad comm: 746814
*******************
Layer id: mlp_moelayer
Total collectives issued for this layer: 2
*************************  Workload stats  ************************* mlp_moelayer
id: mlp_moelayer ,Total cycles spent on fwd pass compute: 1
id: mlp_moelayer ,Total cycles spent on weight grad compute: 1
id: mlp_moelayer ,Total cycles spent on input grad compute: 1
id: mlp_moelayer ,Total cycles spent idle waiting for fwd finish: 373986
id: mlp_moelayer ,Total cycles spent idle waiting for weight grad finish: 0
id: mlp_moelayer ,Total cycles spent idle waiting for input grad finish: 373986
id: mlp_moelayer ,Total cycles spent on fwd pass comm: 373986
id: mlp_moelayer ,Total cycles spent on weight grad comm: 0
id: mlp_moelayer ,Total cycles spent on input grad comm: 373986
*******************
Layer id: mlp_moelayer
Total collectives issued for this layer: 2
*************************  Workload stats  ************************* mlp_moelayer
id: mlp_moelayer ,Total cycles spent on fwd pass compute: 1
id: mlp_moelayer ,Total cycles spent on weight grad compute: 1
id: mlp_moelayer ,Total cycles spent on input grad compute: 1
id: mlp_moelayer ,Total cycles spent idle waiting for fwd finish: 373987
id: mlp_moelayer ,Total cycles spent idle waiting for weight grad finish: 0
id: mlp_moelayer ,Total cycles spent idle waiting for input grad finish: 373987
id: mlp_moelayer ,Total cycles spent on fwd pass comm: 373987
id: mlp_moelayer ,Total cycles spent on weight grad comm: 0
id: mlp_moelayer ,Total cycles spent on input grad comm: 373987
*******************
Layer id: mlp_moelayer
Total collectives issued for this layer: 2
*************************  Workload stats  ************************* mlp_moelayer
id: mlp_moelayer ,Total cycles spent on fwd pass compute: 1
id: mlp_moelayer ,Total cycles spent on weight grad compute: 1
id: mlp_moelayer ,Total cycles spent on input grad compute: 1
id: mlp_moelayer ,Total cycles spent idle waiting for fwd finish: 94367
id: mlp_moelayer ,Total cycles spent idle waiting for weight grad finish: 0
id: mlp_moelayer ,Total cycles spent idle waiting for input grad finish: 94367
id: mlp_moelayer ,Total cycles spent on fwd pass comm: 94367
id: mlp_moelayer ,Total cycles spent on weight grad comm: 0
id: mlp_moelayer ,Total cycles spent on input grad comm: 94367
*******************
Layer id: attention_column
Total collectives issued for this layer: 1
*************************  Workload stats  ************************* attention_column
id: attention_column ,Total cycles spent on fwd pass compute: 1
id: attention_column ,Total cycles spent on weight grad compute: 1
id: attention_column ,Total cycles spent on input grad compute: 1
id: attention_column ,Total cycles spent idle waiting for fwd finish: 187574
id: attention_column ,Total cycles spent idle waiting for weight grad finish: 0
id: attention_column ,Total cycles spent idle waiting for input grad finish: 0
id: attention_column ,Total cycles spent on fwd pass comm: 187574
id: attention_column ,Total cycles spent on weight grad comm: 0
id: attention_column ,Total cycles spent on input grad comm: 0
*******************
Layer id: attention_row
Total collectives issued for this layer: 1
*************************  Workload stats  ************************* attention_row
id: attention_row ,Total cycles spent on fwd pass compute: 1
id: attention_row ,Total cycles spent on weight grad compute: 1
id: attention_row ,Total cycles spent on input grad compute: 1
id: attention_row ,Total cycles spent idle waiting for fwd finish: 187574
id: attention_row ,Total cycles spent idle waiting for weight grad finish: 0
id: attention_row ,Total cycles spent idle waiting for input grad finish: 0
id: attention_row ,Total cycles spent on fwd pass comm: 187574
id: attention_row ,Total cycles spent on weight grad comm: 0
id: attention_row ,Total cycles spent on input grad comm: 0
*******************
Layer id: mlp_moelayer
Total collectives issued for this layer: 2
*************************  Workload stats  ************************* mlp_moelayer
id: mlp_moelayer ,Total cycles spent on fwd pass compute: 1
id: mlp_moelayer ,Total cycles spent on weight grad compute: 1
id: mlp_moelayer ,Total cycles spent on input grad compute: 1
id: mlp_moelayer ,Total cycles spent idle waiting for fwd finish: 1742
id: mlp_moelayer ,Total cycles spent idle waiting for weight grad finish: 0
id: mlp_moelayer ,Total cycles spent idle waiting for input grad finish: 1742
id: mlp_moelayer ,Total cycles spent on fwd pass comm: 1742
id: mlp_moelayer ,Total cycles spent on weight grad comm: 0
id: mlp_moelayer ,Total cycles spent on input grad comm: 1742
*******************
Layer id: mlp_moelayer
Total collectives issued for this layer: 2
*************************  Workload stats  ************************* mlp_moelayer
id: mlp_moelayer ,Total cycles spent on fwd pass compute: 1
id: mlp_moelayer ,Total cycles spent on weight grad compute: 1
id: mlp_moelayer ,Total cycles spent on input grad compute: 1
id: mlp_moelayer ,Total cycles spent idle waiting for fwd finish: 94367
id: mlp_moelayer ,Total cycles spent idle waiting for weight grad finish: 0
id: mlp_moelayer ,Total cycles spent idle waiting for input grad finish: 94367
id: mlp_moelayer ,Total cycles spent on fwd pass comm: 94367
id: mlp_moelayer ,Total cycles spent on weight grad comm: 0
id: mlp_moelayer ,Total cycles spent on input grad comm: 94367
*******************
Layer id: mlp_moelayer
Total collectives issued for this layer: 2
*************************  Workload stats  ************************* mlp_moelayer
id: mlp_moelayer ,Total cycles spent on fwd pass compute: 1
id: mlp_moelayer ,Total cycles spent on weight grad compute: 1
id: mlp_moelayer ,Total cycles spent on input grad compute: 1
id: mlp_moelayer ,Total cycles spent idle waiting for fwd finish: 373987
id: mlp_moelayer ,Total cycles spent idle waiting for weight grad finish: 0
id: mlp_moelayer ,Total cycles spent idle waiting for input grad finish: 373987
id: mlp_moelayer ,Total cycles spent on fwd pass comm: 373987
id: mlp_moelayer ,Total cycles spent on weight grad comm: 0
id: mlp_moelayer ,Total cycles spent on input grad comm: 373987
*******************
Layer id: mlp_moelayer
Total collectives issued for this layer: 2
*************************  Workload stats  ************************* mlp_moelayer
id: mlp_moelayer ,Total cycles spent on fwd pass compute: 1
id: mlp_moelayer ,Total cycles spent on weight grad compute: 1
id: mlp_moelayer ,Total cycles spent on input grad compute: 1
id: mlp_moelayer ,Total cycles spent idle waiting for fwd finish: 373986
id: mlp_moelayer ,Total cycles spent idle waiting for weight grad finish: 0
id: mlp_moelayer ,Total cycles spent idle waiting for input grad finish: 746814
id: mlp_moelayer ,Total cycles spent on fwd pass comm: 373986
id: mlp_moelayer ,Total cycles spent on weight grad comm: 0
id: mlp_moelayer ,Total cycles spent on input grad comm: 746814
*******************
Layer id: mlp_moelayer
Total collectives issued for this layer: 2
*************************  Workload stats  ************************* mlp_moelayer
id: mlp_moelayer ,Total cycles spent on fwd pass compute: 1
id: mlp_moelayer ,Total cycles spent on weight grad compute: 1
id: mlp_moelayer ,Total cycles spent on input grad compute: 1
id: mlp_moelayer ,Total cycles spent idle waiting for fwd finish: 373986
id: mlp_moelayer ,Total cycles spent idle waiting for weight grad finish: 0
id: mlp_moelayer ,Total cycles spent idle waiting for input grad finish: 373986
id: mlp_moelayer ,Total cycles spent on fwd pass comm: 373986
id: mlp_moelayer ,Total cycles spent on weight grad comm: 0
id: mlp_moelayer ,Total cycles spent on input grad comm: 373986
*******************
Layer id: mlp_moelayer
Total collectives issued for this layer: 2
*************************  Workload stats  ************************* mlp_moelayer
id: mlp_moelayer ,Total cycles spent on fwd pass compute: 1
id: mlp_moelayer ,Total cycles spent on weight grad compute: 1
id: mlp_moelayer ,Total cycles spent on input grad compute: 1
id: mlp_moelayer ,Total cycles spent idle waiting for fwd finish: 373987
id: mlp_moelayer ,Total cycles spent idle waiting for weight grad finish: 0
id: mlp_moelayer ,Total cycles spent idle waiting for input grad finish: 373987
id: mlp_moelayer ,Total cycles spent on fwd pass comm: 373987
id: mlp_moelayer ,Total cycles spent on weight grad comm: 0
id: mlp_moelayer ,Total cycles spent on input grad comm: 373987
*******************
Layer id: mlp_moelayer
Total collectives issued for this layer: 2
*************************  Workload stats  ************************* mlp_moelayer
id: mlp_moelayer ,Total cycles spent on fwd pass compute: 1
id: mlp_moelayer ,Total cycles spent on weight grad compute: 1
id: mlp_moelayer ,Total cycles spent on input grad compute: 1
id: mlp_moelayer ,Total cycles spent idle waiting for fwd finish: 94367
id: mlp_moelayer ,Total cycles spent idle waiting for weight grad finish: 0
id: mlp_moelayer ,Total cycles spent idle waiting for input grad finish: 94367
id: mlp_moelayer ,Total cycles spent on fwd pass comm: 94367
id: mlp_moelayer ,Total cycles spent on weight grad comm: 0
id: mlp_moelayer ,Total cycles spent on input grad comm: 94367
*******************
Layer id: attention_column
Total collectives issued for this layer: 1
*************************  Workload stats  ************************* attention_column
id: attention_column ,Total cycles spent on fwd pass compute: 1
id: attention_column ,Total cycles spent on weight grad compute: 1
id: attention_column ,Total cycles spent on input grad compute: 1
id: attention_column ,Total cycles spent idle waiting for fwd finish: 187574
id: attention_column ,Total cycles spent idle waiting for weight grad finish: 0
id: attention_column ,Total cycles spent idle waiting for input grad finish: 0
id: attention_column ,Total cycles spent on fwd pass comm: 187574
id: attention_column ,Total cycles spent on weight grad comm: 0
id: attention_column ,Total cycles spent on input grad comm: 0
*******************
Layer id: attention_row
Total collectives issued for this layer: 1
*************************  Workload stats  ************************* attention_row
id: attention_row ,Total cycles spent on fwd pass compute: 1
id: attention_row ,Total cycles spent on weight grad compute: 1
id: attention_row ,Total cycles spent on input grad compute: 1
id: attention_row ,Total cycles spent idle waiting for fwd finish: 187574
id: attention_row ,Total cycles spent idle waiting for weight grad finish: 0
id: attention_row ,Total cycles spent idle waiting for input grad finish: 0
id: attention_row ,Total cycles spent on fwd pass comm: 187574
id: attention_row ,Total cycles spent on weight grad comm: 0
id: attention_row ,Total cycles spent on input grad comm: 0
*******************
Layer id: mlp_moelayer
Total collectives issued for this layer: 2
*************************  Workload stats  ************************* mlp_moelayer
id: mlp_moelayer ,Total cycles spent on fwd pass compute: 1
id: mlp_moelayer ,Total cycles spent on weight grad compute: 1
id: mlp_moelayer ,Total cycles spent on input grad compute: 1
id: mlp_moelayer ,Total cycles spent idle waiting for fwd finish: 1742
id: mlp_moelayer ,Total cycles spent idle waiting for weight grad finish: 0
id: mlp_moelayer ,Total cycles spent idle waiting for input grad finish: 1742
id: mlp_moelayer ,Total cycles spent on fwd pass comm: 1742
id: mlp_moelayer ,Total cycles spent on weight grad comm: 0
id: mlp_moelayer ,Total cycles spent on input grad comm: 1742
*******************
Layer id: mlp_moelayer
Total collectives issued for this layer: 2
*************************  Workload stats  ************************* mlp_moelayer
id: mlp_moelayer ,Total cycles spent on fwd pass compute: 1
id: mlp_moelayer ,Total cycles spent on weight grad compute: 1
id: mlp_moelayer ,Total cycles spent on input grad compute: 1
id: mlp_moelayer ,Total cycles spent idle waiting for fwd finish: 94367
id: mlp_moelayer ,Total cycles spent idle waiting for weight grad finish: 0
id: mlp_moelayer ,Total cycles spent idle waiting for input grad finish: 94367
id: mlp_moelayer ,Total cycles spent on fwd pass comm: 94367
id: mlp_moelayer ,Total cycles spent on weight grad comm: 0
id: mlp_moelayer ,Total cycles spent on input grad comm: 94367
*******************
Layer id: mlp_moelayer
Total collectives issued for this layer: 2
*************************  Workload stats  ************************* mlp_moelayer
id: mlp_moelayer ,Total cycles spent on fwd pass compute: 1
id: mlp_moelayer ,Total cycles spent on weight grad compute: 1
id: mlp_moelayer ,Total cycles spent on input grad compute: 1
id: mlp_moelayer ,Total cycles spent idle waiting for fwd finish: 373987
id: mlp_moelayer ,Total cycles spent idle waiting for weight grad finish: 0
id: mlp_moelayer ,Total cycles spent idle waiting for input grad finish: 373987
id: mlp_moelayer ,Total cycles spent on fwd pass comm: 373987
id: mlp_moelayer ,Total cycles spent on weight grad comm: 0
id: mlp_moelayer ,Total cycles spent on input grad comm: 373987
*******************
Layer id: mlp_moelayer
Total collectives issued for this layer: 2
*************************  Workload stats  ************************* mlp_moelayer
id: mlp_moelayer ,Total cycles spent on fwd pass compute: 1
id: mlp_moelayer ,Total cycles spent on weight grad compute: 1
id: mlp_moelayer ,Total cycles spent on input grad compute: 1
id: mlp_moelayer ,Total cycles spent idle waiting for fwd finish: 373986
id: mlp_moelayer ,Total cycles spent idle waiting for weight grad finish: 0
id: mlp_moelayer ,Total cycles spent idle waiting for input grad finish: 746814
id: mlp_moelayer ,Total cycles spent on fwd pass comm: 373986
id: mlp_moelayer ,Total cycles spent on weight grad comm: 0
id: mlp_moelayer ,Total cycles spent on input grad comm: 746814
*******************
Layer id: mlp_moelayer
Total collectives issued for this layer: 2
*************************  Workload stats  ************************* mlp_moelayer
id: mlp_moelayer ,Total cycles spent on fwd pass compute: 1
id: mlp_moelayer ,Total cycles spent on weight grad compute: 1
id: mlp_moelayer ,Total cycles spent on input grad compute: 1
id: mlp_moelayer ,Total cycles spent idle waiting for fwd finish: 373986
id: mlp_moelayer ,Total cycles spent idle waiting for weight grad finish: 0
id: mlp_moelayer ,Total cycles spent idle waiting for input grad finish: 373986
id: mlp_moelayer ,Total cycles spent on fwd pass comm: 373986
id: mlp_moelayer ,Total cycles spent on weight grad comm: 0
id: mlp_moelayer ,Total cycles spent on input grad comm: 373986
*******************
Layer id: mlp_moelayer
Total collectives issued for this layer: 2
*************************  Workload stats  ************************* mlp_moelayer
id: mlp_moelayer ,Total cycles spent on fwd pass compute: 1
id: mlp_moelayer ,Total cycles spent on weight grad compute: 1
id: mlp_moelayer ,Total cycles spent on input grad compute: 1
id: mlp_moelayer ,Total cycles spent idle waiting for fwd finish: 373987
id: mlp_moelayer ,Total cycles spent idle waiting for weight grad finish: 0
id: mlp_moelayer ,Total cycles spent idle waiting for input grad finish: 373987
id: mlp_moelayer ,Total cycles spent on fwd pass comm: 373987
id: mlp_moelayer ,Total cycles spent on weight grad comm: 0
id: mlp_moelayer ,Total cycles spent on input grad comm: 373987
*******************
Layer id: mlp_moelayer
Total collectives issued for this layer: 2
*************************  Workload stats  ************************* mlp_moelayer
id: mlp_moelayer ,Total cycles spent on fwd pass compute: 1
id: mlp_moelayer ,Total cycles spent on weight grad compute: 1
id: mlp_moelayer ,Total cycles spent on input grad compute: 1
id: mlp_moelayer ,Total cycles spent idle waiting for fwd finish: 94367
id: mlp_moelayer ,Total cycles spent idle waiting for weight grad finish: 0
id: mlp_moelayer ,Total cycles spent idle waiting for input grad finish: 94367
id: mlp_moelayer ,Total cycles spent on fwd pass comm: 94367
id: mlp_moelayer ,Total cycles spent on weight grad comm: 0
id: mlp_moelayer ,Total cycles spent on input grad comm: 94367
*******************
Layer id: attention_column
Total collectives issued for this layer: 1
*************************  Workload stats  ************************* attention_column
id: attention_column ,Total cycles spent on fwd pass compute: 1
id: attention_column ,Total cycles spent on weight grad compute: 1
id: attention_column ,Total cycles spent on input grad compute: 1
id: attention_column ,Total cycles spent idle waiting for fwd finish: 187574
id: attention_column ,Total cycles spent idle waiting for weight grad finish: 0
id: attention_column ,Total cycles spent idle waiting for input grad finish: 0
id: attention_column ,Total cycles spent on fwd pass comm: 187574
id: attention_column ,Total cycles spent on weight grad comm: 0
id: attention_column ,Total cycles spent on input grad comm: 0
*******************
Layer id: attention_row
Total collectives issued for this layer: 1
*************************  Workload stats  ************************* attention_row
id: attention_row ,Total cycles spent on fwd pass compute: 1
id: attention_row ,Total cycles spent on weight grad compute: 1
id: attention_row ,Total cycles spent on input grad compute: 1
id: attention_row ,Total cycles spent idle waiting for fwd finish: 187574
id: attention_row ,Total cycles spent idle waiting for weight grad finish: 0
id: attention_row ,Total cycles spent idle waiting for input grad finish: 0
id: attention_row ,Total cycles spent on fwd pass comm: 187574
id: attention_row ,Total cycles spent on weight grad comm: 0
id: attention_row ,Total cycles spent on input grad comm: 0
*******************
Layer id: mlp_moelayer
Total collectives issued for this layer: 2
*************************  Workload stats  ************************* mlp_moelayer
id: mlp_moelayer ,Total cycles spent on fwd pass compute: 1
id: mlp_moelayer ,Total cycles spent on weight grad compute: 1
id: mlp_moelayer ,Total cycles spent on input grad compute: 1
id: mlp_moelayer ,Total cycles spent idle waiting for fwd finish: 1742
id: mlp_moelayer ,Total cycles spent idle waiting for weight grad finish: 0
id: mlp_moelayer ,Total cycles spent idle waiting for input grad finish: 1742
id: mlp_moelayer ,Total cycles spent on fwd pass comm: 1742
id: mlp_moelayer ,Total cycles spent on weight grad comm: 0
id: mlp_moelayer ,Total cycles spent on input grad comm: 1742
*******************
Layer id: mlp_moelayer
Total collectives issued for this layer: 2
*************************  Workload stats  ************************* mlp_moelayer
id: mlp_moelayer ,Total cycles spent on fwd pass compute: 1
id: mlp_moelayer ,Total cycles spent on weight grad compute: 1
id: mlp_moelayer ,Total cycles spent on input grad compute: 1
id: mlp_moelayer ,Total cycles spent idle waiting for fwd finish: 94367
id: mlp_moelayer ,Total cycles spent idle waiting for weight grad finish: 0
id: mlp_moelayer ,Total cycles spent idle waiting for input grad finish: 94367
id: mlp_moelayer ,Total cycles spent on fwd pass comm: 94367
id: mlp_moelayer ,Total cycles spent on weight grad comm: 0
id: mlp_moelayer ,Total cycles spent on input grad comm: 94367
*******************
Layer id: mlp_moelayer
Total collectives issued for this layer: 2
*************************  Workload stats  ************************* mlp_moelayer
id: mlp_moelayer ,Total cycles spent on fwd pass compute: 1
id: mlp_moelayer ,Total cycles spent on weight grad compute: 1
id: mlp_moelayer ,Total cycles spent on input grad compute: 1
id: mlp_moelayer ,Total cycles spent idle waiting for fwd finish: 373987
id: mlp_moelayer ,Total cycles spent idle waiting for weight grad finish: 0
id: mlp_moelayer ,Total cycles spent idle waiting for input grad finish: 373987
id: mlp_moelayer ,Total cycles spent on fwd pass comm: 373987
id: mlp_moelayer ,Total cycles spent on weight grad comm: 0
id: mlp_moelayer ,Total cycles spent on input grad comm: 373987
*******************
Layer id: mlp_moelayer
Total collectives issued for this layer: 2
*************************  Workload stats  ************************* mlp_moelayer
id: mlp_moelayer ,Total cycles spent on fwd pass compute: 1
id: mlp_moelayer ,Total cycles spent on weight grad compute: 1
id: mlp_moelayer ,Total cycles spent on input grad compute: 1
id: mlp_moelayer ,Total cycles spent idle waiting for fwd finish: 373986
id: mlp_moelayer ,Total cycles spent idle waiting for weight grad finish: 0
id: mlp_moelayer ,Total cycles spent idle waiting for input grad finish: 746814
id: mlp_moelayer ,Total cycles spent on fwd pass comm: 373986
id: mlp_moelayer ,Total cycles spent on weight grad comm: 0
id: mlp_moelayer ,Total cycles spent on input grad comm: 746814
*******************
Layer id: mlp_moelayer
Total collectives issued for this layer: 2
*************************  Workload stats  ************************* mlp_moelayer
id: mlp_moelayer ,Total cycles spent on fwd pass compute: 1
id: mlp_moelayer ,Total cycles spent on weight grad compute: 1
id: mlp_moelayer ,Total cycles spent on input grad compute: 1
id: mlp_moelayer ,Total cycles spent idle waiting for fwd finish: 373986
id: mlp_moelayer ,Total cycles spent idle waiting for weight grad finish: 0
id: mlp_moelayer ,Total cycles spent idle waiting for input grad finish: 373986
id: mlp_moelayer ,Total cycles spent on fwd pass comm: 373986
id: mlp_moelayer ,Total cycles spent on weight grad comm: 0
id: mlp_moelayer ,Total cycles spent on input grad comm: 373986
*******************
Layer id: mlp_moelayer
Total collectives issued for this layer: 2
*************************  Workload stats  ************************* mlp_moelayer
id: mlp_moelayer ,Total cycles spent on fwd pass compute: 1
id: mlp_moelayer ,Total cycles spent on weight grad compute: 1
id: mlp_moelayer ,Total cycles spent on input grad compute: 1
id: mlp_moelayer ,Total cycles spent idle waiting for fwd finish: 373987
id: mlp_moelayer ,Total cycles spent idle waiting for weight grad finish: 0
id: mlp_moelayer ,Total cycles spent idle waiting for input grad finish: 373987
id: mlp_moelayer ,Total cycles spent on fwd pass comm: 373987
id: mlp_moelayer ,Total cycles spent on weight grad comm: 0
id: mlp_moelayer ,Total cycles spent on input grad comm: 373987
*******************
Layer id: mlp_moelayer
Total collectives issued for this layer: 2
*************************  Workload stats  ************************* mlp_moelayer
id: mlp_moelayer ,Total cycles spent on fwd pass compute: 1
id: mlp_moelayer ,Total cycles spent on weight grad compute: 1
id: mlp_moelayer ,Total cycles spent on input grad compute: 1
id: mlp_moelayer ,Total cycles spent idle waiting for fwd finish: 94367
id: mlp_moelayer ,Total cycles spent idle waiting for weight grad finish: 0
id: mlp_moelayer ,Total cycles spent idle waiting for input grad finish: 94367
id: mlp_moelayer ,Total cycles spent on fwd pass comm: 94367
id: mlp_moelayer ,Total cycles spent on weight grad comm: 0
id: mlp_moelayer ,Total cycles spent on input grad comm: 94367
*******************
Layer id: attention_column
Total collectives issued for this layer: 1
*************************  Workload stats  ************************* attention_column
id: attention_column ,Total cycles spent on fwd pass compute: 1
id: attention_column ,Total cycles spent on weight grad compute: 1
id: attention_column ,Total cycles spent on input grad compute: 1
id: attention_column ,Total cycles spent idle waiting for fwd finish: 187574
id: attention_column ,Total cycles spent idle waiting for weight grad finish: 0
id: attention_column ,Total cycles spent idle waiting for input grad finish: 0
id: attention_column ,Total cycles spent on fwd pass comm: 187574
id: attention_column ,Total cycles spent on weight grad comm: 0
id: attention_column ,Total cycles spent on input grad comm: 0
*******************
Layer id: attention_row
Total collectives issued for this layer: 1
*************************  Workload stats  ************************* attention_row
id: attention_row ,Total cycles spent on fwd pass compute: 1
id: attention_row ,Total cycles spent on weight grad compute: 1
id: attention_row ,Total cycles spent on input grad compute: 1
id: attention_row ,Total cycles spent idle waiting for fwd finish: 187574
id: attention_row ,Total cycles spent idle waiting for weight grad finish: 0
id: attention_row ,Total cycles spent idle waiting for input grad finish: 0
id: attention_row ,Total cycles spent on fwd pass comm: 187574
id: attention_row ,Total cycles spent on weight grad comm: 0
id: attention_row ,Total cycles spent on input grad comm: 0
*******************
Layer id: mlp_moelayer
Total collectives issued for this layer: 2
*************************  Workload stats  ************************* mlp_moelayer
id: mlp_moelayer ,Total cycles spent on fwd pass compute: 1
id: mlp_moelayer ,Total cycles spent on weight grad compute: 1
id: mlp_moelayer ,Total cycles spent on input grad compute: 1
id: mlp_moelayer ,Total cycles spent idle waiting for fwd finish: 1742
id: mlp_moelayer ,Total cycles spent idle waiting for weight grad finish: 0
id: mlp_moelayer ,Total cycles spent idle waiting for input grad finish: 1742
id: mlp_moelayer ,Total cycles spent on fwd pass comm: 1742
id: mlp_moelayer ,Total cycles spent on weight grad comm: 0
id: mlp_moelayer ,Total cycles spent on input grad comm: 1742
*******************
Layer id: mlp_moelayer
Total collectives issued for this layer: 2
*************************  Workload stats  ************************* mlp_moelayer
id: mlp_moelayer ,Total cycles spent on fwd pass compute: 1
id: mlp_moelayer ,Total cycles spent on weight grad compute: 1
id: mlp_moelayer ,Total cycles spent on input grad compute: 1
id: mlp_moelayer ,Total cycles spent idle waiting for fwd finish: 94367
id: mlp_moelayer ,Total cycles spent idle waiting for weight grad finish: 0
id: mlp_moelayer ,Total cycles spent idle waiting for input grad finish: 94367
id: mlp_moelayer ,Total cycles spent on fwd pass comm: 94367
id: mlp_moelayer ,Total cycles spent on weight grad comm: 0
id: mlp_moelayer ,Total cycles spent on input grad comm: 94367
*******************
Layer id: mlp_moelayer
Total collectives issued for this layer: 2
*************************  Workload stats  ************************* mlp_moelayer
id: mlp_moelayer ,Total cycles spent on fwd pass compute: 1
id: mlp_moelayer ,Total cycles spent on weight grad compute: 1
id: mlp_moelayer ,Total cycles spent on input grad compute: 1
id: mlp_moelayer ,Total cycles spent idle waiting for fwd finish: 373987
id: mlp_moelayer ,Total cycles spent idle waiting for weight grad finish: 0
id: mlp_moelayer ,Total cycles spent idle waiting for input grad finish: 373987
id: mlp_moelayer ,Total cycles spent on fwd pass comm: 373987
id: mlp_moelayer ,Total cycles spent on weight grad comm: 0
id: mlp_moelayer ,Total cycles spent on input grad comm: 373987
*******************
Layer id: mlp_moelayer
Total collectives issued for this layer: 2
*************************  Workload stats  ************************* mlp_moelayer
id: mlp_moelayer ,Total cycles spent on fwd pass compute: 1
id: mlp_moelayer ,Total cycles spent on weight grad compute: 1
id: mlp_moelayer ,Total cycles spent on input grad compute: 1
id: mlp_moelayer ,Total cycles spent idle waiting for fwd finish: 373986
id: mlp_moelayer ,Total cycles spent idle waiting for weight grad finish: 0
id: mlp_moelayer ,Total cycles spent idle waiting for input grad finish: 746814
id: mlp_moelayer ,Total cycles spent on fwd pass comm: 373986
id: mlp_moelayer ,Total cycles spent on weight grad comm: 0
id: mlp_moelayer ,Total cycles spent on input grad comm: 746814
*******************
Layer id: mlp_moelayer
Total collectives issued for this layer: 2
*************************  Workload stats  ************************* mlp_moelayer
id: mlp_moelayer ,Total cycles spent on fwd pass compute: 1
id: mlp_moelayer ,Total cycles spent on weight grad compute: 1
id: mlp_moelayer ,Total cycles spent on input grad compute: 1
id: mlp_moelayer ,Total cycles spent idle waiting for fwd finish: 373986
id: mlp_moelayer ,Total cycles spent idle waiting for weight grad finish: 0
id: mlp_moelayer ,Total cycles spent idle waiting for input grad finish: 373986
id: mlp_moelayer ,Total cycles spent on fwd pass comm: 373986
id: mlp_moelayer ,Total cycles spent on weight grad comm: 0
id: mlp_moelayer ,Total cycles spent on input grad comm: 373986
*******************
Layer id: mlp_moelayer
Total collectives issued for this layer: 2
*************************  Workload stats  ************************* mlp_moelayer
id: mlp_moelayer ,Total cycles spent on fwd pass compute: 1
id: mlp_moelayer ,Total cycles spent on weight grad compute: 1
id: mlp_moelayer ,Total cycles spent on input grad compute: 1
id: mlp_moelayer ,Total cycles spent idle waiting for fwd finish: 373987
id: mlp_moelayer ,Total cycles spent idle waiting for weight grad finish: 0
id: mlp_moelayer ,Total cycles spent idle waiting for input grad finish: 373987
id: mlp_moelayer ,Total cycles spent on fwd pass comm: 373987
id: mlp_moelayer ,Total cycles spent on weight grad comm: 0
id: mlp_moelayer ,Total cycles spent on input grad comm: 373987
*******************
Layer id: mlp_moelayer
Total collectives issued for this layer: 2
*************************  Workload stats  ************************* mlp_moelayer
id: mlp_moelayer ,Total cycles spent on fwd pass compute: 1
id: mlp_moelayer ,Total cycles spent on weight grad compute: 1
id: mlp_moelayer ,Total cycles spent on input grad compute: 1
id: mlp_moelayer ,Total cycles spent idle waiting for fwd finish: 94367
id: mlp_moelayer ,Total cycles spent idle waiting for weight grad finish: 0
id: mlp_moelayer ,Total cycles spent idle waiting for input grad finish: 94367
id: mlp_moelayer ,Total cycles spent on fwd pass comm: 94367
id: mlp_moelayer ,Total cycles spent on weight grad comm: 0
id: mlp_moelayer ,Total cycles spent on input grad comm: 94367
*******************
Layer id: attention_column
Total collectives issued for this layer: 1
*************************  Workload stats  ************************* attention_column
id: attention_column ,Total cycles spent on fwd pass compute: 1
id: attention_column ,Total cycles spent on weight grad compute: 1
id: attention_column ,Total cycles spent on input grad compute: 1
id: attention_column ,Total cycles spent idle waiting for fwd finish: 187574
id: attention_column ,Total cycles spent idle waiting for weight grad finish: 0
id: attention_column ,Total cycles spent idle waiting for input grad finish: 0
id: attention_column ,Total cycles spent on fwd pass comm: 187574
id: attention_column ,Total cycles spent on weight grad comm: 0
id: attention_column ,Total cycles spent on input grad comm: 0
*******************
Layer id: attention_row
Total collectives issued for this layer: 1
*************************  Workload stats  ************************* attention_row
id: attention_row ,Total cycles spent on fwd pass compute: 1
id: attention_row ,Total cycles spent on weight grad compute: 1
id: attention_row ,Total cycles spent on input grad compute: 1
id: attention_row ,Total cycles spent idle waiting for fwd finish: 187574
id: attention_row ,Total cycles spent idle waiting for weight grad finish: 0
id: attention_row ,Total cycles spent idle waiting for input grad finish: 0
id: attention_row ,Total cycles spent on fwd pass comm: 187574
id: attention_row ,Total cycles spent on weight grad comm: 0
id: attention_row ,Total cycles spent on input grad comm: 0
*******************
Layer id: mlp_moelayer
Total collectives issued for this layer: 2
*************************  Workload stats  ************************* mlp_moelayer
id: mlp_moelayer ,Total cycles spent on fwd pass compute: 1
id: mlp_moelayer ,Total cycles spent on weight grad compute: 1
id: mlp_moelayer ,Total cycles spent on input grad compute: 1
id: mlp_moelayer ,Total cycles spent idle waiting for fwd finish: 1742
id: mlp_moelayer ,Total cycles spent idle waiting for weight grad finish: 0
id: mlp_moelayer ,Total cycles spent idle waiting for input grad finish: 1742
id: mlp_moelayer ,Total cycles spent on fwd pass comm: 1742
id: mlp_moelayer ,Total cycles spent on weight grad comm: 0
id: mlp_moelayer ,Total cycles spent on input grad comm: 1742
*******************
Layer id: mlp_moelayer
Total collectives issued for this layer: 2
*************************  Workload stats  ************************* mlp_moelayer
id: mlp_moelayer ,Total cycles spent on fwd pass compute: 1
id: mlp_moelayer ,Total cycles spent on weight grad compute: 1
id: mlp_moelayer ,Total cycles spent on input grad compute: 1
id: mlp_moelayer ,Total cycles spent idle waiting for fwd finish: 94367
id: mlp_moelayer ,Total cycles spent idle waiting for weight grad finish: 0
id: mlp_moelayer ,Total cycles spent idle waiting for input grad finish: 94367
id: mlp_moelayer ,Total cycles spent on fwd pass comm: 94367
id: mlp_moelayer ,Total cycles spent on weight grad comm: 0
id: mlp_moelayer ,Total cycles spent on input grad comm: 94367
*******************
Layer id: mlp_moelayer
Total collectives issued for this layer: 2
*************************  Workload stats  ************************* mlp_moelayer
id: mlp_moelayer ,Total cycles spent on fwd pass compute: 1
id: mlp_moelayer ,Total cycles spent on weight grad compute: 1
id: mlp_moelayer ,Total cycles spent on input grad compute: 1
id: mlp_moelayer ,Total cycles spent idle waiting for fwd finish: 373987
id: mlp_moelayer ,Total cycles spent idle waiting for weight grad finish: 0
id: mlp_moelayer ,Total cycles spent idle waiting for input grad finish: 373987
id: mlp_moelayer ,Total cycles spent on fwd pass comm: 373987
id: mlp_moelayer ,Total cycles spent on weight grad comm: 0
id: mlp_moelayer ,Total cycles spent on input grad comm: 373987
*******************
Layer id: mlp_moelayer
Total collectives issued for this layer: 2
*************************  Workload stats  ************************* mlp_moelayer
id: mlp_moelayer ,Total cycles spent on fwd pass compute: 1
id: mlp_moelayer ,Total cycles spent on weight grad compute: 1
id: mlp_moelayer ,Total cycles spent on input grad compute: 1
id: mlp_moelayer ,Total cycles spent idle waiting for fwd finish: 373986
id: mlp_moelayer ,Total cycles spent idle waiting for weight grad finish: 0
id: mlp_moelayer ,Total cycles spent idle waiting for input grad finish: 746814
id: mlp_moelayer ,Total cycles spent on fwd pass comm: 373986
id: mlp_moelayer ,Total cycles spent on weight grad comm: 0
id: mlp_moelayer ,Total cycles spent on input grad comm: 746814
*******************
Layer id: mlp_moelayer
Total collectives issued for this layer: 2
*************************  Workload stats  ************************* mlp_moelayer
id: mlp_moelayer ,Total cycles spent on fwd pass compute: 1
id: mlp_moelayer ,Total cycles spent on weight grad compute: 1
id: mlp_moelayer ,Total cycles spent on input grad compute: 1
id: mlp_moelayer ,Total cycles spent idle waiting for fwd finish: 373986
id: mlp_moelayer ,Total cycles spent idle waiting for weight grad finish: 0
id: mlp_moelayer ,Total cycles spent idle waiting for input grad finish: 373986
id: mlp_moelayer ,Total cycles spent on fwd pass comm: 373986
id: mlp_moelayer ,Total cycles spent on weight grad comm: 0
id: mlp_moelayer ,Total cycles spent on input grad comm: 373986
*******************
Layer id: mlp_moelayer
Total collectives issued for this layer: 2
*************************  Workload stats  ************************* mlp_moelayer
id: mlp_moelayer ,Total cycles spent on fwd pass compute: 1
id: mlp_moelayer ,Total cycles spent on weight grad compute: 1
id: mlp_moelayer ,Total cycles spent on input grad compute: 1
id: mlp_moelayer ,Total cycles spent idle waiting for fwd finish: 373987
id: mlp_moelayer ,Total cycles spent idle waiting for weight grad finish: 0
id: mlp_moelayer ,Total cycles spent idle waiting for input grad finish: 373987
id: mlp_moelayer ,Total cycles spent on fwd pass comm: 373987
id: mlp_moelayer ,Total cycles spent on weight grad comm: 0
id: mlp_moelayer ,Total cycles spent on input grad comm: 373987
*******************
Layer id: mlp_moelayer
Total collectives issued for this layer: 2
*************************  Workload stats  ************************* mlp_moelayer
id: mlp_moelayer ,Total cycles spent on fwd pass compute: 1
id: mlp_moelayer ,Total cycles spent on weight grad compute: 1
id: mlp_moelayer ,Total cycles spent on input grad compute: 1
id: mlp_moelayer ,Total cycles spent idle waiting for fwd finish: 94367
id: mlp_moelayer ,Total cycles spent idle waiting for weight grad finish: 0
id: mlp_moelayer ,Total cycles spent idle waiting for input grad finish: 94367
id: mlp_moelayer ,Total cycles spent on fwd pass comm: 94367
id: mlp_moelayer ,Total cycles spent on weight grad comm: 0
id: mlp_moelayer ,Total cycles spent on input grad comm: 94367
*******************
Layer id: final_column
Total collectives issued for this layer: 1
*************************  Workload stats  ************************* final_column
id: final_column ,Total cycles spent on fwd pass compute: 1
id: final_column ,Total cycles spent on weight grad compute: 1
id: final_column ,Total cycles spent on input grad compute: 1
id: final_column ,Total cycles spent idle waiting for fwd finish: 187574
id: final_column ,Total cycles spent idle waiting for weight grad finish: 0
id: final_column ,Total cycles spent idle waiting for input grad finish: 0
id: final_column ,Total cycles spent on fwd pass comm: 187574
id: final_column ,Total cycles spent on weight grad comm: 0
id: final_column ,Total cycles spent on input grad comm: 0
*******************
Layer id: embedding_norm
Total collectives issued for this layer: 1
*************************  Workload stats  ************************* embedding_norm
id: embedding_norm ,Total cycles spent on fwd pass compute: 1
id: embedding_norm ,Total cycles spent on weight grad compute: 1
id: embedding_norm ,Total cycles spent on input grad compute: 1
id: embedding_norm ,Total cycles spent idle waiting for fwd finish: 2914914
id: embedding_norm ,Total cycles spent idle waiting for weight grad finish: 0
id: embedding_norm ,Total cycles spent idle waiting for input grad finish: 0
id: embedding_norm ,Total cycles spent on fwd pass comm: 2914914
id: embedding_norm ,Total cycles spent on weight grad comm: 0
id: embedding_norm ,Total cycles spent on input grad comm: 0
*******************
Layer id: embedding_layer
Total collectives issued for this layer: 0
*************************  Workload stats  ************************* embedding_layer
id: embedding_layer ,Total cycles spent on fwd pass compute: 1
id: embedding_layer ,Total cycles spent on weight grad compute: 1
id: embedding_layer ,Total cycles spent on input grad compute: 1
id: embedding_layer ,Total cycles spent idle waiting for fwd finish: 0
id: embedding_layer ,Total cycles spent idle waiting for weight grad finish: 0
id: embedding_layer ,Total cycles spent idle waiting for input grad finish: 0
id: embedding_layer ,Total cycles spent on fwd pass comm: 0
id: embedding_layer ,Total cycles spent on weight grad comm: 0
id: embedding_layer ,Total cycles spent on input grad comm: 0
*******************
Layer id: attention_column
Total collectives issued for this layer: 1
*************************  Workload stats  ************************* attention_column
id: attention_column ,Total cycles spent on fwd pass compute: 1
id: attention_column ,Total cycles spent on weight grad compute: 1
id: attention_column ,Total cycles spent on input grad compute: 1
id: attention_column ,Total cycles spent idle waiting for fwd finish: 187574
id: attention_column ,Total cycles spent idle waiting for weight grad finish: 0
id: attention_column ,Total cycles spent idle waiting for input grad finish: 0
id: attention_column ,Total cycles spent on fwd pass comm: 187574
id: attention_column ,Total cycles spent on weight grad comm: 0
id: attention_column ,Total cycles spent on input grad comm: 0
*******************
Layer id: attention_row
Total collectives issued for this layer: 1
*************************  Workload stats  ************************* attention_row
id: attention_row ,Total cycles spent on fwd pass compute: 1
id: attention_row ,Total cycles spent on weight grad compute: 1
id: attention_row ,Total cycles spent on input grad compute: 1
id: attention_row ,Total cycles spent idle waiting for fwd finish: 187574
id: attention_row ,Total cycles spent idle waiting for weight grad finish: 0
id: attention_row ,Total cycles spent idle waiting for input grad finish: 0
id: attention_row ,Total cycles spent on fwd pass comm: 187574
id: attention_row ,Total cycles spent on weight grad comm: 0
id: attention_row ,Total cycles spent on input grad comm: 0
*******************
Layer id: mlp_moelayer
Total collectives issued for this layer: 2
*************************  Workload stats  ************************* mlp_moelayer
id: mlp_moelayer ,Total cycles spent on fwd pass compute: 1
id: mlp_moelayer ,Total cycles spent on weight grad compute: 1
id: mlp_moelayer ,Total cycles spent on input grad compute: 1
id: mlp_moelayer ,Total cycles spent idle waiting for fwd finish: 1742
id: mlp_moelayer ,Total cycles spent idle waiting for weight grad finish: 0
id: mlp_moelayer ,Total cycles spent idle waiting for input grad finish: 1742
id: mlp_moelayer ,Total cycles spent on fwd pass comm: 1742
id: mlp_moelayer ,Total cycles spent on weight grad comm: 0
id: mlp_moelayer ,Total cycles spent on input grad comm: 1742
*******************
Layer id: mlp_moelayer
Total collectives issued for this layer: 2
*************************  Workload stats  ************************* mlp_moelayer
id: mlp_moelayer ,Total cycles spent on fwd pass compute: 1
id: mlp_moelayer ,Total cycles spent on weight grad compute: 1
id: mlp_moelayer ,Total cycles spent on input grad compute: 1
id: mlp_moelayer ,Total cycles spent idle waiting for fwd finish: 94367
id: mlp_moelayer ,Total cycles spent idle waiting for weight grad finish: 0
id: mlp_moelayer ,Total cycles spent idle waiting for input grad finish: 94367
id: mlp_moelayer ,Total cycles spent on fwd pass comm: 94367
id: mlp_moelayer ,Total cycles spent on weight grad comm: 0
id: mlp_moelayer ,Total cycles spent on input grad comm: 94367
*******************
Layer id: mlp_moelayer
Total collectives issued for this layer: 2
*************************  Workload stats  ************************* mlp_moelayer
id: mlp_moelayer ,Total cycles spent on fwd pass compute: 1
id: mlp_moelayer ,Total cycles spent on weight grad compute: 1
id: mlp_moelayer ,Total cycles spent on input grad compute: 1
id: mlp_moelayer ,Total cycles spent idle waiting for fwd finish: 373987
id: mlp_moelayer ,Total cycles spent idle waiting for weight grad finish: 0
id: mlp_moelayer ,Total cycles spent idle waiting for input grad finish: 373987
id: mlp_moelayer ,Total cycles spent on fwd pass comm: 373987
id: mlp_moelayer ,Total cycles spent on weight grad comm: 0
id: mlp_moelayer ,Total cycles spent on input grad comm: 373987
*******************
Layer id: mlp_moelayer
Total collectives issued for this layer: 2
*************************  Workload stats  ************************* mlp_moelayer
id: mlp_moelayer ,Total cycles spent on fwd pass compute: 1
id: mlp_moelayer ,Total cycles spent on weight grad compute: 1
id: mlp_moelayer ,Total cycles spent on input grad compute: 1
id: mlp_moelayer ,Total cycles spent idle waiting for fwd finish: 373986
id: mlp_moelayer ,Total cycles spent idle waiting for weight grad finish: 0
id: mlp_moelayer ,Total cycles spent idle waiting for input grad finish: 746814
id: mlp_moelayer ,Total cycles spent on fwd pass comm: 373986
id: mlp_moelayer ,Total cycles spent on weight grad comm: 0
id: mlp_moelayer ,Total cycles spent on input grad comm: 746814
*******************
Layer id: mlp_moelayer
Total collectives issued for this layer: 2
*************************  Workload stats  ************************* mlp_moelayer
id: mlp_moelayer ,Total cycles spent on fwd pass compute: 1
id: mlp_moelayer ,Total cycles spent on weight grad compute: 1
id: mlp_moelayer ,Total cycles spent on input grad compute: 1
id: mlp_moelayer ,Total cycles spent idle waiting for fwd finish: 373986
id: mlp_moelayer ,Total cycles spent idle waiting for weight grad finish: 0
id: mlp_moelayer ,Total cycles spent idle waiting for input grad finish: 373986
id: mlp_moelayer ,Total cycles spent on fwd pass comm: 373986
id: mlp_moelayer ,Total cycles spent on weight grad comm: 0
id: mlp_moelayer ,Total cycles spent on input grad comm: 373986
*******************
Layer id: mlp_moelayer
Total collectives issued for this layer: 2
*************************  Workload stats  ************************* mlp_moelayer
id: mlp_moelayer ,Total cycles spent on fwd pass compute: 1
id: mlp_moelayer ,Total cycles spent on weight grad compute: 1
id: mlp_moelayer ,Total cycles spent on input grad compute: 1
id: mlp_moelayer ,Total cycles spent idle waiting for fwd finish: 373987
id: mlp_moelayer ,Total cycles spent idle waiting for weight grad finish: 0
id: mlp_moelayer ,Total cycles spent idle waiting for input grad finish: 373987
id: mlp_moelayer ,Total cycles spent on fwd pass comm: 373987
id: mlp_moelayer ,Total cycles spent on weight grad comm: 0
id: mlp_moelayer ,Total cycles spent on input grad comm: 373987
*******************
Layer id: mlp_moelayer
Total collectives issued for this layer: 2
*************************  Workload stats  ************************* mlp_moelayer
id: mlp_moelayer ,Total cycles spent on fwd pass compute: 1
id: mlp_moelayer ,Total cycles spent on weight grad compute: 1
id: mlp_moelayer ,Total cycles spent on input grad compute: 1
id: mlp_moelayer ,Total cycles spent idle waiting for fwd finish: 94367
id: mlp_moelayer ,Total cycles spent idle waiting for weight grad finish: 0
id: mlp_moelayer ,Total cycles spent idle waiting for input grad finish: 94367
id: mlp_moelayer ,Total cycles spent on fwd pass comm: 94367
id: mlp_moelayer ,Total cycles spent on weight grad comm: 0
id: mlp_moelayer ,Total cycles spent on input grad comm: 94367
*******************
Layer id: attention_column
Total collectives issued for this layer: 1
*************************  Workload stats  ************************* attention_column
id: attention_column ,Total cycles spent on fwd pass compute: 1
id: attention_column ,Total cycles spent on weight grad compute: 1
id: attention_column ,Total cycles spent on input grad compute: 1
id: attention_column ,Total cycles spent idle waiting for fwd finish: 187574
id: attention_column ,Total cycles spent idle waiting for weight grad finish: 0
id: attention_column ,Total cycles spent idle waiting for input grad finish: 0
id: attention_column ,Total cycles spent on fwd pass comm: 187574
id: attention_column ,Total cycles spent on weight grad comm: 0
id: attention_column ,Total cycles spent on input grad comm: 0
*******************
Layer id: attention_row
Total collectives issued for this layer: 1
*************************  Workload stats  ************************* attention_row
id: attention_row ,Total cycles spent on fwd pass compute: 1
id: attention_row ,Total cycles spent on weight grad compute: 1
id: attention_row ,Total cycles spent on input grad compute: 1
id: attention_row ,Total cycles spent idle waiting for fwd finish: 187574
id: attention_row ,Total cycles spent idle waiting for weight grad finish: 0
id: attention_row ,Total cycles spent idle waiting for input grad finish: 0
id: attention_row ,Total cycles spent on fwd pass comm: 187574
id: attention_row ,Total cycles spent on weight grad comm: 0
id: attention_row ,Total cycles spent on input grad comm: 0
*******************
Layer id: mlp_moelayer
Total collectives issued for this layer: 2
*************************  Workload stats  ************************* mlp_moelayer
id: mlp_moelayer ,Total cycles spent on fwd pass compute: 1
id: mlp_moelayer ,Total cycles spent on weight grad compute: 1
id: mlp_moelayer ,Total cycles spent on input grad compute: 1
id: mlp_moelayer ,Total cycles spent idle waiting for fwd finish: 1742
id: mlp_moelayer ,Total cycles spent idle waiting for weight grad finish: 0
id: mlp_moelayer ,Total cycles spent idle waiting for input grad finish: 1742
id: mlp_moelayer ,Total cycles spent on fwd pass comm: 1742
id: mlp_moelayer ,Total cycles spent on weight grad comm: 0
id: mlp_moelayer ,Total cycles spent on input grad comm: 1742
*******************
Layer id: mlp_moelayer
Total collectives issued for this layer: 2
*************************  Workload stats  ************************* mlp_moelayer
id: mlp_moelayer ,Total cycles spent on fwd pass compute: 1
id: mlp_moelayer ,Total cycles spent on weight grad compute: 1
id: mlp_moelayer ,Total cycles spent on input grad compute: 1
id: mlp_moelayer ,Total cycles spent idle waiting for fwd finish: 94367
id: mlp_moelayer ,Total cycles spent idle waiting for weight grad finish: 0
id: mlp_moelayer ,Total cycles spent idle waiting for input grad finish: 94367
id: mlp_moelayer ,Total cycles spent on fwd pass comm: 94367
id: mlp_moelayer ,Total cycles spent on weight grad comm: 0
id: mlp_moelayer ,Total cycles spent on input grad comm: 94367
*******************
Layer id: mlp_moelayer
Total collectives issued for this layer: 2
*************************  Workload stats  ************************* mlp_moelayer
id: mlp_moelayer ,Total cycles spent on fwd pass compute: 1
id: mlp_moelayer ,Total cycles spent on weight grad compute: 1
id: mlp_moelayer ,Total cycles spent on input grad compute: 1
id: mlp_moelayer ,Total cycles spent idle waiting for fwd finish: 373987
id: mlp_moelayer ,Total cycles spent idle waiting for weight grad finish: 0
id: mlp_moelayer ,Total cycles spent idle waiting for input grad finish: 373987
id: mlp_moelayer ,Total cycles spent on fwd pass comm: 373987
id: mlp_moelayer ,Total cycles spent on weight grad comm: 0
id: mlp_moelayer ,Total cycles spent on input grad comm: 373987
*******************
Layer id: mlp_moelayer
Total collectives issued for this layer: 2
*************************  Workload stats  ************************* mlp_moelayer
id: mlp_moelayer ,Total cycles spent on fwd pass compute: 1
id: mlp_moelayer ,Total cycles spent on weight grad compute: 1
id: mlp_moelayer ,Total cycles spent on input grad compute: 1
id: mlp_moelayer ,Total cycles spent idle waiting for fwd finish: 373986
id: mlp_moelayer ,Total cycles spent idle waiting for weight grad finish: 0
id: mlp_moelayer ,Total cycles spent idle waiting for input grad finish: 746814
id: mlp_moelayer ,Total cycles spent on fwd pass comm: 373986
id: mlp_moelayer ,Total cycles spent on weight grad comm: 0
id: mlp_moelayer ,Total cycles spent on input grad comm: 746814
*******************
Layer id: mlp_moelayer
Total collectives issued for this layer: 2
*************************  Workload stats  ************************* mlp_moelayer
id: mlp_moelayer ,Total cycles spent on fwd pass compute: 1
id: mlp_moelayer ,Total cycles spent on weight grad compute: 1
id: mlp_moelayer ,Total cycles spent on input grad compute: 1
id: mlp_moelayer ,Total cycles spent idle waiting for fwd finish: 373986
id: mlp_moelayer ,Total cycles spent idle waiting for weight grad finish: 0
id: mlp_moelayer ,Total cycles spent idle waiting for input grad finish: 373986
id: mlp_moelayer ,Total cycles spent on fwd pass comm: 373986
id: mlp_moelayer ,Total cycles spent on weight grad comm: 0
id: mlp_moelayer ,Total cycles spent on input grad comm: 373986
*******************
Layer id: mlp_moelayer
Total collectives issued for this layer: 2
*************************  Workload stats  ************************* mlp_moelayer
id: mlp_moelayer ,Total cycles spent on fwd pass compute: 1
id: mlp_moelayer ,Total cycles spent on weight grad compute: 1
id: mlp_moelayer ,Total cycles spent on input grad compute: 1
id: mlp_moelayer ,Total cycles spent idle waiting for fwd finish: 373987
id: mlp_moelayer ,Total cycles spent idle waiting for weight grad finish: 0
id: mlp_moelayer ,Total cycles spent idle waiting for input grad finish: 373987
id: mlp_moelayer ,Total cycles spent on fwd pass comm: 373987
id: mlp_moelayer ,Total cycles spent on weight grad comm: 0
id: mlp_moelayer ,Total cycles spent on input grad comm: 373987
*******************
Layer id: mlp_moelayer
Total collectives issued for this layer: 2
*************************  Workload stats  ************************* mlp_moelayer
id: mlp_moelayer ,Total cycles spent on fwd pass compute: 1
id: mlp_moelayer ,Total cycles spent on weight grad compute: 1
id: mlp_moelayer ,Total cycles spent on input grad compute: 1
id: mlp_moelayer ,Total cycles spent idle waiting for fwd finish: 94367
id: mlp_moelayer ,Total cycles spent idle waiting for weight grad finish: 0
id: mlp_moelayer ,Total cycles spent idle waiting for input grad finish: 94367
id: mlp_moelayer ,Total cycles spent on fwd pass comm: 94367
id: mlp_moelayer ,Total cycles spent on weight grad comm: 0
id: mlp_moelayer ,Total cycles spent on input grad comm: 94367
*******************
Layer id: attention_column
Total collectives issued for this layer: 1
*************************  Workload stats  ************************* attention_column
id: attention_column ,Total cycles spent on fwd pass compute: 1
id: attention_column ,Total cycles spent on weight grad compute: 1
id: attention_column ,Total cycles spent on input grad compute: 1
id: attention_column ,Total cycles spent idle waiting for fwd finish: 187574
id: attention_column ,Total cycles spent idle waiting for weight grad finish: 0
id: attention_column ,Total cycles spent idle waiting for input grad finish: 0
id: attention_column ,Total cycles spent on fwd pass comm: 187574
id: attention_column ,Total cycles spent on weight grad comm: 0
id: attention_column ,Total cycles spent on input grad comm: 0
*******************
Layer id: attention_row
Total collectives issued for this layer: 1
*************************  Workload stats  ************************* attention_row
id: attention_row ,Total cycles spent on fwd pass compute: 1
id: attention_row ,Total cycles spent on weight grad compute: 1
id: attention_row ,Total cycles spent on input grad compute: 1
id: attention_row ,Total cycles spent idle waiting for fwd finish: 187574
id: attention_row ,Total cycles spent idle waiting for weight grad finish: 0
id: attention_row ,Total cycles spent idle waiting for input grad finish: 0
id: attention_row ,Total cycles spent on fwd pass comm: 187574
id: attention_row ,Total cycles spent on weight grad comm: 0
id: attention_row ,Total cycles spent on input grad comm: 0
*******************
Layer id: mlp_moelayer
Total collectives issued for this layer: 2
*************************  Workload stats  ************************* mlp_moelayer
id: mlp_moelayer ,Total cycles spent on fwd pass compute: 1
id: mlp_moelayer ,Total cycles spent on weight grad compute: 1
id: mlp_moelayer ,Total cycles spent on input grad compute: 1
id: mlp_moelayer ,Total cycles spent idle waiting for fwd finish: 1742
id: mlp_moelayer ,Total cycles spent idle waiting for weight grad finish: 0
id: mlp_moelayer ,Total cycles spent idle waiting for input grad finish: 1742
id: mlp_moelayer ,Total cycles spent on fwd pass comm: 1742
id: mlp_moelayer ,Total cycles spent on weight grad comm: 0
id: mlp_moelayer ,Total cycles spent on input grad comm: 1742
*******************
Layer id: mlp_moelayer
Total collectives issued for this layer: 2
*************************  Workload stats  ************************* mlp_moelayer
id: mlp_moelayer ,Total cycles spent on fwd pass compute: 1
id: mlp_moelayer ,Total cycles spent on weight grad compute: 1
id: mlp_moelayer ,Total cycles spent on input grad compute: 1
id: mlp_moelayer ,Total cycles spent idle waiting for fwd finish: 94367
id: mlp_moelayer ,Total cycles spent idle waiting for weight grad finish: 0
id: mlp_moelayer ,Total cycles spent idle waiting for input grad finish: 94367
id: mlp_moelayer ,Total cycles spent on fwd pass comm: 94367
id: mlp_moelayer ,Total cycles spent on weight grad comm: 0
id: mlp_moelayer ,Total cycles spent on input grad comm: 94367
*******************
Layer id: mlp_moelayer
Total collectives issued for this layer: 2
*************************  Workload stats  ************************* mlp_moelayer
id: mlp_moelayer ,Total cycles spent on fwd pass compute: 1
id: mlp_moelayer ,Total cycles spent on weight grad compute: 1
id: mlp_moelayer ,Total cycles spent on input grad compute: 1
id: mlp_moelayer ,Total cycles spent idle waiting for fwd finish: 373987
id: mlp_moelayer ,Total cycles spent idle waiting for weight grad finish: 0
id: mlp_moelayer ,Total cycles spent idle waiting for input grad finish: 373987
id: mlp_moelayer ,Total cycles spent on fwd pass comm: 373987
id: mlp_moelayer ,Total cycles spent on weight grad comm: 0
id: mlp_moelayer ,Total cycles spent on input grad comm: 373987
*******************
Layer id: mlp_moelayer
Total collectives issued for this layer: 2
*************************  Workload stats  ************************* mlp_moelayer
id: mlp_moelayer ,Total cycles spent on fwd pass compute: 1
id: mlp_moelayer ,Total cycles spent on weight grad compute: 1
id: mlp_moelayer ,Total cycles spent on input grad compute: 1
id: mlp_moelayer ,Total cycles spent idle waiting for fwd finish: 373986
id: mlp_moelayer ,Total cycles spent idle waiting for weight grad finish: 0
id: mlp_moelayer ,Total cycles spent idle waiting for input grad finish: 746814
id: mlp_moelayer ,Total cycles spent on fwd pass comm: 373986
id: mlp_moelayer ,Total cycles spent on weight grad comm: 0
id: mlp_moelayer ,Total cycles spent on input grad comm: 746814
*******************
Layer id: mlp_moelayer
Total collectives issued for this layer: 2
*************************  Workload stats  ************************* mlp_moelayer
id: mlp_moelayer ,Total cycles spent on fwd pass compute: 1
id: mlp_moelayer ,Total cycles spent on weight grad compute: 1
id: mlp_moelayer ,Total cycles spent on input grad compute: 1
id: mlp_moelayer ,Total cycles spent idle waiting for fwd finish: 373986
id: mlp_moelayer ,Total cycles spent idle waiting for weight grad finish: 0
id: mlp_moelayer ,Total cycles spent idle waiting for input grad finish: 373986
id: mlp_moelayer ,Total cycles spent on fwd pass comm: 373986
id: mlp_moelayer ,Total cycles spent on weight grad comm: 0
id: mlp_moelayer ,Total cycles spent on input grad comm: 373986
*******************
Layer id: mlp_moelayer
Total collectives issued for this layer: 2
*************************  Workload stats  ************************* mlp_moelayer
id: mlp_moelayer ,Total cycles spent on fwd pass compute: 1
id: mlp_moelayer ,Total cycles spent on weight grad compute: 1
id: mlp_moelayer ,Total cycles spent on input grad compute: 1
id: mlp_moelayer ,Total cycles spent idle waiting for fwd finish: 373987
id: mlp_moelayer ,Total cycles spent idle waiting for weight grad finish: 0
id: mlp_moelayer ,Total cycles spent idle waiting for input grad finish: 373987
id: mlp_moelayer ,Total cycles spent on fwd pass comm: 373987
id: mlp_moelayer ,Total cycles spent on weight grad comm: 0
id: mlp_moelayer ,Total cycles spent on input grad comm: 373987
*******************
Layer id: mlp_moelayer
Total collectives issued for this layer: 2
*************************  Workload stats  ************************* mlp_moelayer
id: mlp_moelayer ,Total cycles spent on fwd pass compute: 1
id: mlp_moelayer ,Total cycles spent on weight grad compute: 1
id: mlp_moelayer ,Total cycles spent on input grad compute: 1
id: mlp_moelayer ,Total cycles spent idle waiting for fwd finish: 94367
id: mlp_moelayer ,Total cycles spent idle waiting for weight grad finish: 0
id: mlp_moelayer ,Total cycles spent idle waiting for input grad finish: 94367
id: mlp_moelayer ,Total cycles spent on fwd pass comm: 94367
id: mlp_moelayer ,Total cycles spent on weight grad comm: 0
id: mlp_moelayer ,Total cycles spent on input grad comm: 94367
*******************
Layer id: attention_column
Total collectives issued for this layer: 1
*************************  Workload stats  ************************* attention_column
id: attention_column ,Total cycles spent on fwd pass compute: 1
id: attention_column ,Total cycles spent on weight grad compute: 1
id: attention_column ,Total cycles spent on input grad compute: 1
id: attention_column ,Total cycles spent idle waiting for fwd finish: 187574
id: attention_column ,Total cycles spent idle waiting for weight grad finish: 0
id: attention_column ,Total cycles spent idle waiting for input grad finish: 0
id: attention_column ,Total cycles spent on fwd pass comm: 187574
id: attention_column ,Total cycles spent on weight grad comm: 0
id: attention_column ,Total cycles spent on input grad comm: 0
*******************
Layer id: attention_row
Total collectives issued for this layer: 1
*************************  Workload stats  ************************* attention_row
id: attention_row ,Total cycles spent on fwd pass compute: 1
id: attention_row ,Total cycles spent on weight grad compute: 1
id: attention_row ,Total cycles spent on input grad compute: 1
id: attention_row ,Total cycles spent idle waiting for fwd finish: 187574
id: attention_row ,Total cycles spent idle waiting for weight grad finish: 0
id: attention_row ,Total cycles spent idle waiting for input grad finish: 0
id: attention_row ,Total cycles spent on fwd pass comm: 187574
id: attention_row ,Total cycles spent on weight grad comm: 0
id: attention_row ,Total cycles spent on input grad comm: 0
*******************
Layer id: mlp_moelayer
Total collectives issued for this layer: 2
*************************  Workload stats  ************************* mlp_moelayer
id: mlp_moelayer ,Total cycles spent on fwd pass compute: 1
id: mlp_moelayer ,Total cycles spent on weight grad compute: 1
id: mlp_moelayer ,Total cycles spent on input grad compute: 1
id: mlp_moelayer ,Total cycles spent idle waiting for fwd finish: 1742
id: mlp_moelayer ,Total cycles spent idle waiting for weight grad finish: 0
id: mlp_moelayer ,Total cycles spent idle waiting for input grad finish: 1742
id: mlp_moelayer ,Total cycles spent on fwd pass comm: 1742
id: mlp_moelayer ,Total cycles spent on weight grad comm: 0
id: mlp_moelayer ,Total cycles spent on input grad comm: 1742
*******************
Layer id: mlp_moelayer
Total collectives issued for this layer: 2
*************************  Workload stats  ************************* mlp_moelayer
id: mlp_moelayer ,Total cycles spent on fwd pass compute: 1
id: mlp_moelayer ,Total cycles spent on weight grad compute: 1
id: mlp_moelayer ,Total cycles spent on input grad compute: 1
id: mlp_moelayer ,Total cycles spent idle waiting for fwd finish: 94367
id: mlp_moelayer ,Total cycles spent idle waiting for weight grad finish: 0
id: mlp_moelayer ,Total cycles spent idle waiting for input grad finish: 94367
id: mlp_moelayer ,Total cycles spent on fwd pass comm: 94367
id: mlp_moelayer ,Total cycles spent on weight grad comm: 0
id: mlp_moelayer ,Total cycles spent on input grad comm: 94367
*******************
Layer id: mlp_moelayer
Total collectives issued for this layer: 2
*************************  Workload stats  ************************* mlp_moelayer
id: mlp_moelayer ,Total cycles spent on fwd pass compute: 1
id: mlp_moelayer ,Total cycles spent on weight grad compute: 1
id: mlp_moelayer ,Total cycles spent on input grad compute: 1
id: mlp_moelayer ,Total cycles spent idle waiting for fwd finish: 373987
id: mlp_moelayer ,Total cycles spent idle waiting for weight grad finish: 0
id: mlp_moelayer ,Total cycles spent idle waiting for input grad finish: 373987
id: mlp_moelayer ,Total cycles spent on fwd pass comm: 373987
id: mlp_moelayer ,Total cycles spent on weight grad comm: 0
id: mlp_moelayer ,Total cycles spent on input grad comm: 373987
*******************
Layer id: mlp_moelayer
Total collectives issued for this layer: 2
*************************  Workload stats  ************************* mlp_moelayer
id: mlp_moelayer ,Total cycles spent on fwd pass compute: 1
id: mlp_moelayer ,Total cycles spent on weight grad compute: 1
id: mlp_moelayer ,Total cycles spent on input grad compute: 1
id: mlp_moelayer ,Total cycles spent idle waiting for fwd finish: 373986
id: mlp_moelayer ,Total cycles spent idle waiting for weight grad finish: 0
id: mlp_moelayer ,Total cycles spent idle waiting for input grad finish: 746814
id: mlp_moelayer ,Total cycles spent on fwd pass comm: 373986
id: mlp_moelayer ,Total cycles spent on weight grad comm: 0
id: mlp_moelayer ,Total cycles spent on input grad comm: 746814
*******************
Layer id: mlp_moelayer
Total collectives issued for this layer: 2
*************************  Workload stats  ************************* mlp_moelayer
id: mlp_moelayer ,Total cycles spent on fwd pass compute: 1
id: mlp_moelayer ,Total cycles spent on weight grad compute: 1
id: mlp_moelayer ,Total cycles spent on input grad compute: 1
id: mlp_moelayer ,Total cycles spent idle waiting for fwd finish: 373986
id: mlp_moelayer ,Total cycles spent idle waiting for weight grad finish: 0
id: mlp_moelayer ,Total cycles spent idle waiting for input grad finish: 373986
id: mlp_moelayer ,Total cycles spent on fwd pass comm: 373986
id: mlp_moelayer ,Total cycles spent on weight grad comm: 0
id: mlp_moelayer ,Total cycles spent on input grad comm: 373986
*******************
Layer id: mlp_moelayer
Total collectives issued for this layer: 2
*************************  Workload stats  ************************* mlp_moelayer
id: mlp_moelayer ,Total cycles spent on fwd pass compute: 1
id: mlp_moelayer ,Total cycles spent on weight grad compute: 1
id: mlp_moelayer ,Total cycles spent on input grad compute: 1
id: mlp_moelayer ,Total cycles spent idle waiting for fwd finish: 373987
id: mlp_moelayer ,Total cycles spent idle waiting for weight grad finish: 0
id: mlp_moelayer ,Total cycles spent idle waiting for input grad finish: 373987
id: mlp_moelayer ,Total cycles spent on fwd pass comm: 373987
id: mlp_moelayer ,Total cycles spent on weight grad comm: 0
id: mlp_moelayer ,Total cycles spent on input grad comm: 373987
*******************
Layer id: mlp_moelayer
Total collectives issued for this layer: 2
*************************  Workload stats  ************************* mlp_moelayer
id: mlp_moelayer ,Total cycles spent on fwd pass compute: 1
id: mlp_moelayer ,Total cycles spent on weight grad compute: 1
id: mlp_moelayer ,Total cycles spent on input grad compute: 1
id: mlp_moelayer ,Total cycles spent idle waiting for fwd finish: 94367
id: mlp_moelayer ,Total cycles spent idle waiting for weight grad finish: 0
id: mlp_moelayer ,Total cycles spent idle waiting for input grad finish: 94367
id: mlp_moelayer ,Total cycles spent on fwd pass comm: 94367
id: mlp_moelayer ,Total cycles spent on weight grad comm: 0
id: mlp_moelayer ,Total cycles spent on input grad comm: 94367
*******************
Layer id: attention_column
Total collectives issued for this layer: 1
*************************  Workload stats  ************************* attention_column
id: attention_column ,Total cycles spent on fwd pass compute: 1
id: attention_column ,Total cycles spent on weight grad compute: 1
id: attention_column ,Total cycles spent on input grad compute: 1
id: attention_column ,Total cycles spent idle waiting for fwd finish: 187574
id: attention_column ,Total cycles spent idle waiting for weight grad finish: 0
id: attention_column ,Total cycles spent idle waiting for input grad finish: 0
id: attention_column ,Total cycles spent on fwd pass comm: 187574
id: attention_column ,Total cycles spent on weight grad comm: 0
id: attention_column ,Total cycles spent on input grad comm: 0
*******************
Layer id: attention_row
Total collectives issued for this layer: 1
*************************  Workload stats  ************************* attention_row
id: attention_row ,Total cycles spent on fwd pass compute: 1
id: attention_row ,Total cycles spent on weight grad compute: 1
id: attention_row ,Total cycles spent on input grad compute: 1
id: attention_row ,Total cycles spent idle waiting for fwd finish: 187574
id: attention_row ,Total cycles spent idle waiting for weight grad finish: 0
id: attention_row ,Total cycles spent idle waiting for input grad finish: 0
id: attention_row ,Total cycles spent on fwd pass comm: 187574
id: attention_row ,Total cycles spent on weight grad comm: 0
id: attention_row ,Total cycles spent on input grad comm: 0
*******************
Layer id: mlp_moelayer
Total collectives issued for this layer: 2
*************************  Workload stats  ************************* mlp_moelayer
id: mlp_moelayer ,Total cycles spent on fwd pass compute: 1
id: mlp_moelayer ,Total cycles spent on weight grad compute: 1
id: mlp_moelayer ,Total cycles spent on input grad compute: 1
id: mlp_moelayer ,Total cycles spent idle waiting for fwd finish: 1742
id: mlp_moelayer ,Total cycles spent idle waiting for weight grad finish: 0
id: mlp_moelayer ,Total cycles spent idle waiting for input grad finish: 1742
id: mlp_moelayer ,Total cycles spent on fwd pass comm: 1742
id: mlp_moelayer ,Total cycles spent on weight grad comm: 0
id: mlp_moelayer ,Total cycles spent on input grad comm: 1742
*******************
Layer id: mlp_moelayer
Total collectives issued for this layer: 2
*************************  Workload stats  ************************* mlp_moelayer
id: mlp_moelayer ,Total cycles spent on fwd pass compute: 1
id: mlp_moelayer ,Total cycles spent on weight grad compute: 1
id: mlp_moelayer ,Total cycles spent on input grad compute: 1
id: mlp_moelayer ,Total cycles spent idle waiting for fwd finish: 94367
id: mlp_moelayer ,Total cycles spent idle waiting for weight grad finish: 0
id: mlp_moelayer ,Total cycles spent idle waiting for input grad finish: 94367
id: mlp_moelayer ,Total cycles spent on fwd pass comm: 94367
id: mlp_moelayer ,Total cycles spent on weight grad comm: 0
id: mlp_moelayer ,Total cycles spent on input grad comm: 94367
*******************
Layer id: mlp_moelayer
Total collectives issued for this layer: 2
*************************  Workload stats  ************************* mlp_moelayer
id: mlp_moelayer ,Total cycles spent on fwd pass compute: 1
id: mlp_moelayer ,Total cycles spent on weight grad compute: 1
id: mlp_moelayer ,Total cycles spent on input grad compute: 1
id: mlp_moelayer ,Total cycles spent idle waiting for fwd finish: 373987
id: mlp_moelayer ,Total cycles spent idle waiting for weight grad finish: 0
id: mlp_moelayer ,Total cycles spent idle waiting for input grad finish: 373987
id: mlp_moelayer ,Total cycles spent on fwd pass comm: 373987
id: mlp_moelayer ,Total cycles spent on weight grad comm: 0
id: mlp_moelayer ,Total cycles spent on input grad comm: 373987
*******************
Layer id: mlp_moelayer
Total collectives issued for this layer: 2
*************************  Workload stats  ************************* mlp_moelayer
id: mlp_moelayer ,Total cycles spent on fwd pass compute: 1
id: mlp_moelayer ,Total cycles spent on weight grad compute: 1
id: mlp_moelayer ,Total cycles spent on input grad compute: 1
id: mlp_moelayer ,Total cycles spent idle waiting for fwd finish: 373986
id: mlp_moelayer ,Total cycles spent idle waiting for weight grad finish: 0
id: mlp_moelayer ,Total cycles spent idle waiting for input grad finish: 746814
id: mlp_moelayer ,Total cycles spent on fwd pass comm: 373986
id: mlp_moelayer ,Total cycles spent on weight grad comm: 0
id: mlp_moelayer ,Total cycles spent on input grad comm: 746814
*******************
Layer id: mlp_moelayer
Total collectives issued for this layer: 2
*************************  Workload stats  ************************* mlp_moelayer
id: mlp_moelayer ,Total cycles spent on fwd pass compute: 1
id: mlp_moelayer ,Total cycles spent on weight grad compute: 1
id: mlp_moelayer ,Total cycles spent on input grad compute: 1
id: mlp_moelayer ,Total cycles spent idle waiting for fwd finish: 373986
id: mlp_moelayer ,Total cycles spent idle waiting for weight grad finish: 0
id: mlp_moelayer ,Total cycles spent idle waiting for input grad finish: 373986
id: mlp_moelayer ,Total cycles spent on fwd pass comm: 373986
id: mlp_moelayer ,Total cycles spent on weight grad comm: 0
id: mlp_moelayer ,Total cycles spent on input grad comm: 373986
*******************
Layer id: mlp_moelayer
Total collectives issued for this layer: 2
*************************  Workload stats  ************************* mlp_moelayer
id: mlp_moelayer ,Total cycles spent on fwd pass compute: 1
id: mlp_moelayer ,Total cycles spent on weight grad compute: 1
id: mlp_moelayer ,Total cycles spent on input grad compute: 1
id: mlp_moelayer ,Total cycles spent idle waiting for fwd finish: 373987
id: mlp_moelayer ,Total cycles spent idle waiting for weight grad finish: 0
id: mlp_moelayer ,Total cycles spent idle waiting for input grad finish: 373987
id: mlp_moelayer ,Total cycles spent on fwd pass comm: 373987
id: mlp_moelayer ,Total cycles spent on weight grad comm: 0
id: mlp_moelayer ,Total cycles spent on input grad comm: 373987
*******************
Layer id: mlp_moelayer
Total collectives issued for this layer: 2
*************************  Workload stats  ************************* mlp_moelayer
id: mlp_moelayer ,Total cycles spent on fwd pass compute: 1
id: mlp_moelayer ,Total cycles spent on weight grad compute: 1
id: mlp_moelayer ,Total cycles spent on input grad compute: 1
id: mlp_moelayer ,Total cycles spent idle waiting for fwd finish: 94367
id: mlp_moelayer ,Total cycles spent idle waiting for weight grad finish: 0
id: mlp_moelayer ,Total cycles spent idle waiting for input grad finish: 94367
id: mlp_moelayer ,Total cycles spent on fwd pass comm: 94367
id: mlp_moelayer ,Total cycles spent on weight grad comm: 0
id: mlp_moelayer ,Total cycles spent on input grad comm: 94367
*******************
Layer id: attention_column
Total collectives issued for this layer: 1
*************************  Workload stats  ************************* attention_column
id: attention_column ,Total cycles spent on fwd pass compute: 1
id: attention_column ,Total cycles spent on weight grad compute: 1
id: attention_column ,Total cycles spent on input grad compute: 1
id: attention_column ,Total cycles spent idle waiting for fwd finish: 187574
id: attention_column ,Total cycles spent idle waiting for weight grad finish: 0
id: attention_column ,Total cycles spent idle waiting for input grad finish: 0
id: attention_column ,Total cycles spent on fwd pass comm: 187574
id: attention_column ,Total cycles spent on weight grad comm: 0
id: attention_column ,Total cycles spent on input grad comm: 0
*******************
Layer id: attention_row
Total collectives issued for this layer: 1
*************************  Workload stats  ************************* attention_row
id: attention_row ,Total cycles spent on fwd pass compute: 1
id: attention_row ,Total cycles spent on weight grad compute: 1
id: attention_row ,Total cycles spent on input grad compute: 1
id: attention_row ,Total cycles spent idle waiting for fwd finish: 187574
id: attention_row ,Total cycles spent idle waiting for weight grad finish: 0
id: attention_row ,Total cycles spent idle waiting for input grad finish: 0
id: attention_row ,Total cycles spent on fwd pass comm: 187574
id: attention_row ,Total cycles spent on weight grad comm: 0
id: attention_row ,Total cycles spent on input grad comm: 0
*******************
Layer id: mlp_moelayer
Total collectives issued for this layer: 2
*************************  Workload stats  ************************* mlp_moelayer
id: mlp_moelayer ,Total cycles spent on fwd pass compute: 1
id: mlp_moelayer ,Total cycles spent on weight grad compute: 1
id: mlp_moelayer ,Total cycles spent on input grad compute: 1
id: mlp_moelayer ,Total cycles spent idle waiting for fwd finish: 1742
id: mlp_moelayer ,Total cycles spent idle waiting for weight grad finish: 0
id: mlp_moelayer ,Total cycles spent idle waiting for input grad finish: 1742
id: mlp_moelayer ,Total cycles spent on fwd pass comm: 1742
id: mlp_moelayer ,Total cycles spent on weight grad comm: 0
id: mlp_moelayer ,Total cycles spent on input grad comm: 1742
*******************
Layer id: mlp_moelayer
Total collectives issued for this layer: 2
*************************  Workload stats  ************************* mlp_moelayer
id: mlp_moelayer ,Total cycles spent on fwd pass compute: 1
id: mlp_moelayer ,Total cycles spent on weight grad compute: 1
id: mlp_moelayer ,Total cycles spent on input grad compute: 1
id: mlp_moelayer ,Total cycles spent idle waiting for fwd finish: 94367
id: mlp_moelayer ,Total cycles spent idle waiting for weight grad finish: 0
id: mlp_moelayer ,Total cycles spent idle waiting for input grad finish: 94367
id: mlp_moelayer ,Total cycles spent on fwd pass comm: 94367
id: mlp_moelayer ,Total cycles spent on weight grad comm: 0
id: mlp_moelayer ,Total cycles spent on input grad comm: 94367
*******************
Layer id: mlp_moelayer
Total collectives issued for this layer: 2
*************************  Workload stats  ************************* mlp_moelayer
id: mlp_moelayer ,Total cycles spent on fwd pass compute: 1
id: mlp_moelayer ,Total cycles spent on weight grad compute: 1
id: mlp_moelayer ,Total cycles spent on input grad compute: 1
id: mlp_moelayer ,Total cycles spent idle waiting for fwd finish: 373987
id: mlp_moelayer ,Total cycles spent idle waiting for weight grad finish: 0
id: mlp_moelayer ,Total cycles spent idle waiting for input grad finish: 373987
id: mlp_moelayer ,Total cycles spent on fwd pass comm: 373987
id: mlp_moelayer ,Total cycles spent on weight grad comm: 0
id: mlp_moelayer ,Total cycles spent on input grad comm: 373987
*******************
Layer id: mlp_moelayer
Total collectives issued for this layer: 2
*************************  Workload stats  ************************* mlp_moelayer
id: mlp_moelayer ,Total cycles spent on fwd pass compute: 1
id: mlp_moelayer ,Total cycles spent on weight grad compute: 1
id: mlp_moelayer ,Total cycles spent on input grad compute: 1
id: mlp_moelayer ,Total cycles spent idle waiting for fwd finish: 373986
id: mlp_moelayer ,Total cycles spent idle waiting for weight grad finish: 0
id: mlp_moelayer ,Total cycles spent idle waiting for input grad finish: 746814
id: mlp_moelayer ,Total cycles spent on fwd pass comm: 373986
id: mlp_moelayer ,Total cycles spent on weight grad comm: 0
id: mlp_moelayer ,Total cycles spent on input grad comm: 746814
*******************
Layer id: mlp_moelayer
Total collectives issued for this layer: 2
*************************  Workload stats  ************************* mlp_moelayer
id: mlp_moelayer ,Total cycles spent on fwd pass compute: 1
id: mlp_moelayer ,Total cycles spent on weight grad compute: 1
id: mlp_moelayer ,Total cycles spent on input grad compute: 1
id: mlp_moelayer ,Total cycles spent idle waiting for fwd finish: 373986
id: mlp_moelayer ,Total cycles spent idle waiting for weight grad finish: 0
id: mlp_moelayer ,Total cycles spent idle waiting for input grad finish: 373986
id: mlp_moelayer ,Total cycles spent on fwd pass comm: 373986
id: mlp_moelayer ,Total cycles spent on weight grad comm: 0
id: mlp_moelayer ,Total cycles spent on input grad comm: 373986
*******************
Layer id: mlp_moelayer
Total collectives issued for this layer: 2
*************************  Workload stats  ************************* mlp_moelayer
id: mlp_moelayer ,Total cycles spent on fwd pass compute: 1
id: mlp_moelayer ,Total cycles spent on weight grad compute: 1
id: mlp_moelayer ,Total cycles spent on input grad compute: 1
id: mlp_moelayer ,Total cycles spent idle waiting for fwd finish: 373987
id: mlp_moelayer ,Total cycles spent idle waiting for weight grad finish: 0
id: mlp_moelayer ,Total cycles spent idle waiting for input grad finish: 373987
id: mlp_moelayer ,Total cycles spent on fwd pass comm: 373987
id: mlp_moelayer ,Total cycles spent on weight grad comm: 0
id: mlp_moelayer ,Total cycles spent on input grad comm: 373987
*******************
Layer id: mlp_moelayer
Total collectives issued for this layer: 2
*************************  Workload stats  ************************* mlp_moelayer
id: mlp_moelayer ,Total cycles spent on fwd pass compute: 1
id: mlp_moelayer ,Total cycles spent on weight grad compute: 1
id: mlp_moelayer ,Total cycles spent on input grad compute: 1
id: mlp_moelayer ,Total cycles spent idle waiting for fwd finish: 94367
id: mlp_moelayer ,Total cycles spent idle waiting for weight grad finish: 0
id: mlp_moelayer ,Total cycles spent idle waiting for input grad finish: 94367
id: mlp_moelayer ,Total cycles spent on fwd pass comm: 94367
id: mlp_moelayer ,Total cycles spent on weight grad comm: 0
id: mlp_moelayer ,Total cycles spent on input grad comm: 94367
*******************
Layer id: attention_column
Total collectives issued for this layer: 1
*************************  Workload stats  ************************* attention_column
id: attention_column ,Total cycles spent on fwd pass compute: 1
id: attention_column ,Total cycles spent on weight grad compute: 1
id: attention_column ,Total cycles spent on input grad compute: 1
id: attention_column ,Total cycles spent idle waiting for fwd finish: 187574
id: attention_column ,Total cycles spent idle waiting for weight grad finish: 0
id: attention_column ,Total cycles spent idle waiting for input grad finish: 0
id: attention_column ,Total cycles spent on fwd pass comm: 187574
id: attention_column ,Total cycles spent on weight grad comm: 0
id: attention_column ,Total cycles spent on input grad comm: 0
*******************
Layer id: attention_row
Total collectives issued for this layer: 1
*************************  Workload stats  ************************* attention_row
id: attention_row ,Total cycles spent on fwd pass compute: 1
id: attention_row ,Total cycles spent on weight grad compute: 1
id: attention_row ,Total cycles spent on input grad compute: 1
id: attention_row ,Total cycles spent idle waiting for fwd finish: 187574
id: attention_row ,Total cycles spent idle waiting for weight grad finish: 0
id: attention_row ,Total cycles spent idle waiting for input grad finish: 0
id: attention_row ,Total cycles spent on fwd pass comm: 187574
id: attention_row ,Total cycles spent on weight grad comm: 0
id: attention_row ,Total cycles spent on input grad comm: 0
*******************
Layer id: mlp_moelayer
Total collectives issued for this layer: 2
*************************  Workload stats  ************************* mlp_moelayer
id: mlp_moelayer ,Total cycles spent on fwd pass compute: 1
id: mlp_moelayer ,Total cycles spent on weight grad compute: 1
id: mlp_moelayer ,Total cycles spent on input grad compute: 1
id: mlp_moelayer ,Total cycles spent idle waiting for fwd finish: 1742
id: mlp_moelayer ,Total cycles spent idle waiting for weight grad finish: 0
id: mlp_moelayer ,Total cycles spent idle waiting for input grad finish: 1742
id: mlp_moelayer ,Total cycles spent on fwd pass comm: 1742
id: mlp_moelayer ,Total cycles spent on weight grad comm: 0
id: mlp_moelayer ,Total cycles spent on input grad comm: 1742
*******************
Layer id: mlp_moelayer
Total collectives issued for this layer: 2
*************************  Workload stats  ************************* mlp_moelayer
id: mlp_moelayer ,Total cycles spent on fwd pass compute: 1
id: mlp_moelayer ,Total cycles spent on weight grad compute: 1
id: mlp_moelayer ,Total cycles spent on input grad compute: 1
id: mlp_moelayer ,Total cycles spent idle waiting for fwd finish: 94367
id: mlp_moelayer ,Total cycles spent idle waiting for weight grad finish: 0
id: mlp_moelayer ,Total cycles spent idle waiting for input grad finish: 94367
id: mlp_moelayer ,Total cycles spent on fwd pass comm: 94367
id: mlp_moelayer ,Total cycles spent on weight grad comm: 0
id: mlp_moelayer ,Total cycles spent on input grad comm: 94367
*******************
Layer id: mlp_moelayer
Total collectives issued for this layer: 2
*************************  Workload stats  ************************* mlp_moelayer
id: mlp_moelayer ,Total cycles spent on fwd pass compute: 1
id: mlp_moelayer ,Total cycles spent on weight grad compute: 1
id: mlp_moelayer ,Total cycles spent on input grad compute: 1
id: mlp_moelayer ,Total cycles spent idle waiting for fwd finish: 373987
id: mlp_moelayer ,Total cycles spent idle waiting for weight grad finish: 0
id: mlp_moelayer ,Total cycles spent idle waiting for input grad finish: 373987
id: mlp_moelayer ,Total cycles spent on fwd pass comm: 373987
id: mlp_moelayer ,Total cycles spent on weight grad comm: 0
id: mlp_moelayer ,Total cycles spent on input grad comm: 373987
*******************
Layer id: mlp_moelayer
Total collectives issued for this layer: 2
*************************  Workload stats  ************************* mlp_moelayer
id: mlp_moelayer ,Total cycles spent on fwd pass compute: 1
id: mlp_moelayer ,Total cycles spent on weight grad compute: 1
id: mlp_moelayer ,Total cycles spent on input grad compute: 1
id: mlp_moelayer ,Total cycles spent idle waiting for fwd finish: 373986
id: mlp_moelayer ,Total cycles spent idle waiting for weight grad finish: 0
id: mlp_moelayer ,Total cycles spent idle waiting for input grad finish: 746814
id: mlp_moelayer ,Total cycles spent on fwd pass comm: 373986
id: mlp_moelayer ,Total cycles spent on weight grad comm: 0
id: mlp_moelayer ,Total cycles spent on input grad comm: 746814
*******************
Layer id: mlp_moelayer
Total collectives issued for this layer: 2
*************************  Workload stats  ************************* mlp_moelayer
id: mlp_moelayer ,Total cycles spent on fwd pass compute: 1
id: mlp_moelayer ,Total cycles spent on weight grad compute: 1
id: mlp_moelayer ,Total cycles spent on input grad compute: 1
id: mlp_moelayer ,Total cycles spent idle waiting for fwd finish: 373986
id: mlp_moelayer ,Total cycles spent idle waiting for weight grad finish: 0
id: mlp_moelayer ,Total cycles spent idle waiting for input grad finish: 373986
id: mlp_moelayer ,Total cycles spent on fwd pass comm: 373986
id: mlp_moelayer ,Total cycles spent on weight grad comm: 0
id: mlp_moelayer ,Total cycles spent on input grad comm: 373986
*******************
Layer id: mlp_moelayer
Total collectives issued for this layer: 2
*************************  Workload stats  ************************* mlp_moelayer
id: mlp_moelayer ,Total cycles spent on fwd pass compute: 1
id: mlp_moelayer ,Total cycles spent on weight grad compute: 1
id: mlp_moelayer ,Total cycles spent on input grad compute: 1
id: mlp_moelayer ,Total cycles spent idle waiting for fwd finish: 373987
id: mlp_moelayer ,Total cycles spent idle waiting for weight grad finish: 0
id: mlp_moelayer ,Total cycles spent idle waiting for input grad finish: 373987
id: mlp_moelayer ,Total cycles spent on fwd pass comm: 373987
id: mlp_moelayer ,Total cycles spent on weight grad comm: 0
id: mlp_moelayer ,Total cycles spent on input grad comm: 373987
*******************
Layer id: mlp_moelayer
Total collectives issued for this layer: 2
*************************  Workload stats  ************************* mlp_moelayer
id: mlp_moelayer ,Total cycles spent on fwd pass compute: 1
id: mlp_moelayer ,Total cycles spent on weight grad compute: 1
id: mlp_moelayer ,Total cycles spent on input grad compute: 1
id: mlp_moelayer ,Total cycles spent idle waiting for fwd finish: 94367
id: mlp_moelayer ,Total cycles spent idle waiting for weight grad finish: 0
id: mlp_moelayer ,Total cycles spent idle waiting for input grad finish: 94367
id: mlp_moelayer ,Total cycles spent on fwd pass comm: 94367
id: mlp_moelayer ,Total cycles spent on weight grad comm: 0
id: mlp_moelayer ,Total cycles spent on input grad comm: 94367
*******************
Layer id: attention_column
Total collectives issued for this layer: 1
*************************  Workload stats  ************************* attention_column
id: attention_column ,Total cycles spent on fwd pass compute: 1
id: attention_column ,Total cycles spent on weight grad compute: 1
id: attention_column ,Total cycles spent on input grad compute: 1
id: attention_column ,Total cycles spent idle waiting for fwd finish: 187574
id: attention_column ,Total cycles spent idle waiting for weight grad finish: 0
id: attention_column ,Total cycles spent idle waiting for input grad finish: 0
id: attention_column ,Total cycles spent on fwd pass comm: 187574
id: attention_column ,Total cycles spent on weight grad comm: 0
id: attention_column ,Total cycles spent on input grad comm: 0
*******************
Layer id: attention_row
Total collectives issued for this layer: 1
*************************  Workload stats  ************************* attention_row
id: attention_row ,Total cycles spent on fwd pass compute: 1
id: attention_row ,Total cycles spent on weight grad compute: 1
id: attention_row ,Total cycles spent on input grad compute: 1
id: attention_row ,Total cycles spent idle waiting for fwd finish: 187574
id: attention_row ,Total cycles spent idle waiting for weight grad finish: 0
id: attention_row ,Total cycles spent idle waiting for input grad finish: 0
id: attention_row ,Total cycles spent on fwd pass comm: 187574
id: attention_row ,Total cycles spent on weight grad comm: 0
id: attention_row ,Total cycles spent on input grad comm: 0
*******************
Layer id: mlp_moelayer
Total collectives issued for this layer: 2
*************************  Workload stats  ************************* mlp_moelayer
id: mlp_moelayer ,Total cycles spent on fwd pass compute: 1
id: mlp_moelayer ,Total cycles spent on weight grad compute: 1
id: mlp_moelayer ,Total cycles spent on input grad compute: 1
id: mlp_moelayer ,Total cycles spent idle waiting for fwd finish: 1742
id: mlp_moelayer ,Total cycles spent idle waiting for weight grad finish: 0
id: mlp_moelayer ,Total cycles spent idle waiting for input grad finish: 1742
id: mlp_moelayer ,Total cycles spent on fwd pass comm: 1742
id: mlp_moelayer ,Total cycles spent on weight grad comm: 0
id: mlp_moelayer ,Total cycles spent on input grad comm: 1742
*******************
Layer id: mlp_moelayer
Total collectives issued for this layer: 2
*************************  Workload stats  ************************* mlp_moelayer
id: mlp_moelayer ,Total cycles spent on fwd pass compute: 1
id: mlp_moelayer ,Total cycles spent on weight grad compute: 1
id: mlp_moelayer ,Total cycles spent on input grad compute: 1
id: mlp_moelayer ,Total cycles spent idle waiting for fwd finish: 94367
id: mlp_moelayer ,Total cycles spent idle waiting for weight grad finish: 0
id: mlp_moelayer ,Total cycles spent idle waiting for input grad finish: 94367
id: mlp_moelayer ,Total cycles spent on fwd pass comm: 94367
id: mlp_moelayer ,Total cycles spent on weight grad comm: 0
id: mlp_moelayer ,Total cycles spent on input grad comm: 94367
*******************
Layer id: mlp_moelayer
Total collectives issued for this layer: 2
*************************  Workload stats  ************************* mlp_moelayer
id: mlp_moelayer ,Total cycles spent on fwd pass compute: 1
id: mlp_moelayer ,Total cycles spent on weight grad compute: 1
id: mlp_moelayer ,Total cycles spent on input grad compute: 1
id: mlp_moelayer ,Total cycles spent idle waiting for fwd finish: 373987
id: mlp_moelayer ,Total cycles spent idle waiting for weight grad finish: 0
id: mlp_moelayer ,Total cycles spent idle waiting for input grad finish: 373987
id: mlp_moelayer ,Total cycles spent on fwd pass comm: 373987
id: mlp_moelayer ,Total cycles spent on weight grad comm: 0
id: mlp_moelayer ,Total cycles spent on input grad comm: 373987
*******************
Layer id: mlp_moelayer
Total collectives issued for this layer: 2
*************************  Workload stats  ************************* mlp_moelayer
id: mlp_moelayer ,Total cycles spent on fwd pass compute: 1
id: mlp_moelayer ,Total cycles spent on weight grad compute: 1
id: mlp_moelayer ,Total cycles spent on input grad compute: 1
id: mlp_moelayer ,Total cycles spent idle waiting for fwd finish: 373986
id: mlp_moelayer ,Total cycles spent idle waiting for weight grad finish: 0
id: mlp_moelayer ,Total cycles spent idle waiting for input grad finish: 746814
id: mlp_moelayer ,Total cycles spent on fwd pass comm: 373986
id: mlp_moelayer ,Total cycles spent on weight grad comm: 0
id: mlp_moelayer ,Total cycles spent on input grad comm: 746814
*******************
Layer id: mlp_moelayer
Total collectives issued for this layer: 2
*************************  Workload stats  ************************* mlp_moelayer
id: mlp_moelayer ,Total cycles spent on fwd pass compute: 1
id: mlp_moelayer ,Total cycles spent on weight grad compute: 1
id: mlp_moelayer ,Total cycles spent on input grad compute: 1
id: mlp_moelayer ,Total cycles spent idle waiting for fwd finish: 373986
id: mlp_moelayer ,Total cycles spent idle waiting for weight grad finish: 0
id: mlp_moelayer ,Total cycles spent idle waiting for input grad finish: 373986
id: mlp_moelayer ,Total cycles spent on fwd pass comm: 373986
id: mlp_moelayer ,Total cycles spent on weight grad comm: 0
id: mlp_moelayer ,Total cycles spent on input grad comm: 373986
*******************
Layer id: mlp_moelayer
Total collectives issued for this layer: 2
*************************  Workload stats  ************************* mlp_moelayer
id: mlp_moelayer ,Total cycles spent on fwd pass compute: 1
id: mlp_moelayer ,Total cycles spent on weight grad compute: 1
id: mlp_moelayer ,Total cycles spent on input grad compute: 1
id: mlp_moelayer ,Total cycles spent idle waiting for fwd finish: 373987
id: mlp_moelayer ,Total cycles spent idle waiting for weight grad finish: 0
id: mlp_moelayer ,Total cycles spent idle waiting for input grad finish: 373987
id: mlp_moelayer ,Total cycles spent on fwd pass comm: 373987
id: mlp_moelayer ,Total cycles spent on weight grad comm: 0
id: mlp_moelayer ,Total cycles spent on input grad comm: 373987
*******************
Layer id: mlp_moelayer
Total collectives issued for this layer: 2
*************************  Workload stats  ************************* mlp_moelayer
id: mlp_moelayer ,Total cycles spent on fwd pass compute: 1
id: mlp_moelayer ,Total cycles spent on weight grad compute: 1
id: mlp_moelayer ,Total cycles spent on input grad compute: 1
id: mlp_moelayer ,Total cycles spent idle waiting for fwd finish: 94367
id: mlp_moelayer ,Total cycles spent idle waiting for weight grad finish: 0
id: mlp_moelayer ,Total cycles spent idle waiting for input grad finish: 94367
id: mlp_moelayer ,Total cycles spent on fwd pass comm: 94367
id: mlp_moelayer ,Total cycles spent on weight grad comm: 0
id: mlp_moelayer ,Total cycles spent on input grad comm: 94367
*******************
Layer id: final_column
Total collectives issued for this layer: 1
*************************  Workload stats  ************************* final_column
id: final_column ,Total cycles spent on fwd pass compute: 1
id: final_column ,Total cycles spent on weight grad compute: 1
id: final_column ,Total cycles spent on input grad compute: 1
id: final_column ,Total cycles spent idle waiting for fwd finish: 187574
id: final_column ,Total cycles spent idle waiting for weight grad finish: 0
id: final_column ,Total cycles spent idle waiting for input grad finish: 0
id: final_column ,Total cycles spent on fwd pass comm: 187574
id: final_column ,Total cycles spent on weight grad comm: 0
id: final_column ,Total cycles spent on input grad comm: 0
*******************
Layer id: embedding_norm
Total collectives issued for this layer: 1
*************************  Workload stats  ************************* embedding_norm
id: embedding_norm ,Total cycles spent on fwd pass compute: 1
id: embedding_norm ,Total cycles spent on weight grad compute: 1
id: embedding_norm ,Total cycles spent on input grad compute: 1
id: embedding_norm ,Total cycles spent idle waiting for fwd finish: 2914914
id: embedding_norm ,Total cycles spent idle waiting for weight grad finish: 0
id: embedding_norm ,Total cycles spent idle waiting for input grad finish: 0
id: embedding_norm ,Total cycles spent on fwd pass comm: 2914914
id: embedding_norm ,Total cycles spent on weight grad comm: 0
id: embedding_norm ,Total cycles spent on input grad comm: 0
*******************
Layer id: embedding_layer
Total collectives issued for this layer: 0
*************************  Workload stats  ************************* embedding_layer
id: embedding_layer ,Total cycles spent on fwd pass compute: 1
id: embedding_layer ,Total cycles spent on weight grad compute: 1
id: embedding_layer ,Total cycles spent on input grad compute: 1
id: embedding_layer ,Total cycles spent idle waiting for fwd finish: 0
id: embedding_layer ,Total cycles spent idle waiting for weight grad finish: 0
id: embedding_layer ,Total cycles spent idle waiting for input grad finish: 0
id: embedding_layer ,Total cycles spent on fwd pass comm: 0
id: embedding_layer ,Total cycles spent on weight grad comm: 0
id: embedding_layer ,Total cycles spent on input grad comm: 0
*******************
Layer id: attention_column
Total collectives issued for this layer: 1
*************************  Workload stats  ************************* attention_column
id: attention_column ,Total cycles spent on fwd pass compute: 1
id: attention_column ,Total cycles spent on weight grad compute: 1
id: attention_column ,Total cycles spent on input grad compute: 1
id: attention_column ,Total cycles spent idle waiting for fwd finish: 187574
id: attention_column ,Total cycles spent idle waiting for weight grad finish: 0
id: attention_column ,Total cycles spent idle waiting for input grad finish: 0
id: attention_column ,Total cycles spent on fwd pass comm: 187574
id: attention_column ,Total cycles spent on weight grad comm: 0
id: attention_column ,Total cycles spent on input grad comm: 0
*******************
Layer id: attention_row
Total collectives issued for this layer: 1
*************************  Workload stats  ************************* attention_row
id: attention_row ,Total cycles spent on fwd pass compute: 1
id: attention_row ,Total cycles spent on weight grad compute: 1
id: attention_row ,Total cycles spent on input grad compute: 1
id: attention_row ,Total cycles spent idle waiting for fwd finish: 187574
id: attention_row ,Total cycles spent idle waiting for weight grad finish: 0
id: attention_row ,Total cycles spent idle waiting for input grad finish: 0
id: attention_row ,Total cycles spent on fwd pass comm: 187574
id: attention_row ,Total cycles spent on weight grad comm: 0
id: attention_row ,Total cycles spent on input grad comm: 0
*******************
Layer id: mlp_moelayer
Total collectives issued for this layer: 2
*************************  Workload stats  ************************* mlp_moelayer
id: mlp_moelayer ,Total cycles spent on fwd pass compute: 1
id: mlp_moelayer ,Total cycles spent on weight grad compute: 1
id: mlp_moelayer ,Total cycles spent on input grad compute: 1
id: mlp_moelayer ,Total cycles spent idle waiting for fwd finish: 1742
id: mlp_moelayer ,Total cycles spent idle waiting for weight grad finish: 0
id: mlp_moelayer ,Total cycles spent idle waiting for input grad finish: 1742
id: mlp_moelayer ,Total cycles spent on fwd pass comm: 1742
id: mlp_moelayer ,Total cycles spent on weight grad comm: 0
id: mlp_moelayer ,Total cycles spent on input grad comm: 1742
*******************
Layer id: mlp_moelayer
Total collectives issued for this layer: 2
*************************  Workload stats  ************************* mlp_moelayer
id: mlp_moelayer ,Total cycles spent on fwd pass compute: 1
id: mlp_moelayer ,Total cycles spent on weight grad compute: 1
id: mlp_moelayer ,Total cycles spent on input grad compute: 1
id: mlp_moelayer ,Total cycles spent idle waiting for fwd finish: 94367
id: mlp_moelayer ,Total cycles spent idle waiting for weight grad finish: 0
id: mlp_moelayer ,Total cycles spent idle waiting for input grad finish: 94367
id: mlp_moelayer ,Total cycles spent on fwd pass comm: 94367
id: mlp_moelayer ,Total cycles spent on weight grad comm: 0
id: mlp_moelayer ,Total cycles spent on input grad comm: 94367
*******************
Layer id: mlp_moelayer
Total collectives issued for this layer: 2
*************************  Workload stats  ************************* mlp_moelayer
id: mlp_moelayer ,Total cycles spent on fwd pass compute: 1
id: mlp_moelayer ,Total cycles spent on weight grad compute: 1
id: mlp_moelayer ,Total cycles spent on input grad compute: 1
id: mlp_moelayer ,Total cycles spent idle waiting for fwd finish: 373987
id: mlp_moelayer ,Total cycles spent idle waiting for weight grad finish: 0
id: mlp_moelayer ,Total cycles spent idle waiting for input grad finish: 373987
id: mlp_moelayer ,Total cycles spent on fwd pass comm: 373987
id: mlp_moelayer ,Total cycles spent on weight grad comm: 0
id: mlp_moelayer ,Total cycles spent on input grad comm: 373987
*******************
Layer id: mlp_moelayer
Total collectives issued for this layer: 2
*************************  Workload stats  ************************* mlp_moelayer
id: mlp_moelayer ,Total cycles spent on fwd pass compute: 1
id: mlp_moelayer ,Total cycles spent on weight grad compute: 1
id: mlp_moelayer ,Total cycles spent on input grad compute: 1
id: mlp_moelayer ,Total cycles spent idle waiting for fwd finish: 373986
id: mlp_moelayer ,Total cycles spent idle waiting for weight grad finish: 0
id: mlp_moelayer ,Total cycles spent idle waiting for input grad finish: 746814
id: mlp_moelayer ,Total cycles spent on fwd pass comm: 373986
id: mlp_moelayer ,Total cycles spent on weight grad comm: 0
id: mlp_moelayer ,Total cycles spent on input grad comm: 746814
*******************
Layer id: mlp_moelayer
Total collectives issued for this layer: 2
*************************  Workload stats  ************************* mlp_moelayer
id: mlp_moelayer ,Total cycles spent on fwd pass compute: 1
id: mlp_moelayer ,Total cycles spent on weight grad compute: 1
id: mlp_moelayer ,Total cycles spent on input grad compute: 1
id: mlp_moelayer ,Total cycles spent idle waiting for fwd finish: 373986
id: mlp_moelayer ,Total cycles spent idle waiting for weight grad finish: 0
id: mlp_moelayer ,Total cycles spent idle waiting for input grad finish: 373986
id: mlp_moelayer ,Total cycles spent on fwd pass comm: 373986
id: mlp_moelayer ,Total cycles spent on weight grad comm: 0
id: mlp_moelayer ,Total cycles spent on input grad comm: 373986
*******************
Layer id: mlp_moelayer
Total collectives issued for this layer: 2
*************************  Workload stats  ************************* mlp_moelayer
id: mlp_moelayer ,Total cycles spent on fwd pass compute: 1
id: mlp_moelayer ,Total cycles spent on weight grad compute: 1
id: mlp_moelayer ,Total cycles spent on input grad compute: 1
id: mlp_moelayer ,Total cycles spent idle waiting for fwd finish: 373987
id: mlp_moelayer ,Total cycles spent idle waiting for weight grad finish: 0
id: mlp_moelayer ,Total cycles spent idle waiting for input grad finish: 373987
id: mlp_moelayer ,Total cycles spent on fwd pass comm: 373987
id: mlp_moelayer ,Total cycles spent on weight grad comm: 0
id: mlp_moelayer ,Total cycles spent on input grad comm: 373987
*******************
Layer id: mlp_moelayer
Total collectives issued for this layer: 2
*************************  Workload stats  ************************* mlp_moelayer
id: mlp_moelayer ,Total cycles spent on fwd pass compute: 1
id: mlp_moelayer ,Total cycles spent on weight grad compute: 1
id: mlp_moelayer ,Total cycles spent on input grad compute: 1
id: mlp_moelayer ,Total cycles spent idle waiting for fwd finish: 94367
id: mlp_moelayer ,Total cycles spent idle waiting for weight grad finish: 0
id: mlp_moelayer ,Total cycles spent idle waiting for input grad finish: 94367
id: mlp_moelayer ,Total cycles spent on fwd pass comm: 94367
id: mlp_moelayer ,Total cycles spent on weight grad comm: 0
id: mlp_moelayer ,Total cycles spent on input grad comm: 94367
*******************
Layer id: attention_column
Total collectives issued for this layer: 1
*************************  Workload stats  ************************* attention_column
id: attention_column ,Total cycles spent on fwd pass compute: 1
id: attention_column ,Total cycles spent on weight grad compute: 1
id: attention_column ,Total cycles spent on input grad compute: 1
id: attention_column ,Total cycles spent idle waiting for fwd finish: 187574
id: attention_column ,Total cycles spent idle waiting for weight grad finish: 0
id: attention_column ,Total cycles spent idle waiting for input grad finish: 0
id: attention_column ,Total cycles spent on fwd pass comm: 187574
id: attention_column ,Total cycles spent on weight grad comm: 0
id: attention_column ,Total cycles spent on input grad comm: 0
*******************
Layer id: attention_row
Total collectives issued for this layer: 1
*************************  Workload stats  ************************* attention_row
id: attention_row ,Total cycles spent on fwd pass compute: 1
id: attention_row ,Total cycles spent on weight grad compute: 1
id: attention_row ,Total cycles spent on input grad compute: 1
id: attention_row ,Total cycles spent idle waiting for fwd finish: 187574
id: attention_row ,Total cycles spent idle waiting for weight grad finish: 0
id: attention_row ,Total cycles spent idle waiting for input grad finish: 0
id: attention_row ,Total cycles spent on fwd pass comm: 187574
id: attention_row ,Total cycles spent on weight grad comm: 0
id: attention_row ,Total cycles spent on input grad comm: 0
*******************
Layer id: mlp_moelayer
Total collectives issued for this layer: 2
*************************  Workload stats  ************************* mlp_moelayer
id: mlp_moelayer ,Total cycles spent on fwd pass compute: 1
id: mlp_moelayer ,Total cycles spent on weight grad compute: 1
id: mlp_moelayer ,Total cycles spent on input grad compute: 1
id: mlp_moelayer ,Total cycles spent idle waiting for fwd finish: 1742
id: mlp_moelayer ,Total cycles spent idle waiting for weight grad finish: 0
id: mlp_moelayer ,Total cycles spent idle waiting for input grad finish: 1742
id: mlp_moelayer ,Total cycles spent on fwd pass comm: 1742
id: mlp_moelayer ,Total cycles spent on weight grad comm: 0
id: mlp_moelayer ,Total cycles spent on input grad comm: 1742
*******************
Layer id: mlp_moelayer
Total collectives issued for this layer: 2
*************************  Workload stats  ************************* mlp_moelayer
id: mlp_moelayer ,Total cycles spent on fwd pass compute: 1
id: mlp_moelayer ,Total cycles spent on weight grad compute: 1
id: mlp_moelayer ,Total cycles spent on input grad compute: 1
id: mlp_moelayer ,Total cycles spent idle waiting for fwd finish: 94367
id: mlp_moelayer ,Total cycles spent idle waiting for weight grad finish: 0
id: mlp_moelayer ,Total cycles spent idle waiting for input grad finish: 94367
id: mlp_moelayer ,Total cycles spent on fwd pass comm: 94367
id: mlp_moelayer ,Total cycles spent on weight grad comm: 0
id: mlp_moelayer ,Total cycles spent on input grad comm: 94367
*******************
Layer id: mlp_moelayer
Total collectives issued for this layer: 2
*************************  Workload stats  ************************* mlp_moelayer
id: mlp_moelayer ,Total cycles spent on fwd pass compute: 1
id: mlp_moelayer ,Total cycles spent on weight grad compute: 1
id: mlp_moelayer ,Total cycles spent on input grad compute: 1
id: mlp_moelayer ,Total cycles spent idle waiting for fwd finish: 373987
id: mlp_moelayer ,Total cycles spent idle waiting for weight grad finish: 0
id: mlp_moelayer ,Total cycles spent idle waiting for input grad finish: 373987
id: mlp_moelayer ,Total cycles spent on fwd pass comm: 373987
id: mlp_moelayer ,Total cycles spent on weight grad comm: 0
id: mlp_moelayer ,Total cycles spent on input grad comm: 373987
*******************
Layer id: mlp_moelayer
Total collectives issued for this layer: 2
*************************  Workload stats  ************************* mlp_moelayer
id: mlp_moelayer ,Total cycles spent on fwd pass compute: 1
id: mlp_moelayer ,Total cycles spent on weight grad compute: 1
id: mlp_moelayer ,Total cycles spent on input grad compute: 1
id: mlp_moelayer ,Total cycles spent idle waiting for fwd finish: 373986
id: mlp_moelayer ,Total cycles spent idle waiting for weight grad finish: 0
id: mlp_moelayer ,Total cycles spent idle waiting for input grad finish: 746814
id: mlp_moelayer ,Total cycles spent on fwd pass comm: 373986
id: mlp_moelayer ,Total cycles spent on weight grad comm: 0
id: mlp_moelayer ,Total cycles spent on input grad comm: 746814
*******************
Layer id: mlp_moelayer
Total collectives issued for this layer: 2
*************************  Workload stats  ************************* mlp_moelayer
id: mlp_moelayer ,Total cycles spent on fwd pass compute: 1
id: mlp_moelayer ,Total cycles spent on weight grad compute: 1
id: mlp_moelayer ,Total cycles spent on input grad compute: 1
id: mlp_moelayer ,Total cycles spent idle waiting for fwd finish: 373986
id: mlp_moelayer ,Total cycles spent idle waiting for weight grad finish: 0
id: mlp_moelayer ,Total cycles spent idle waiting for input grad finish: 373986
id: mlp_moelayer ,Total cycles spent on fwd pass comm: 373986
id: mlp_moelayer ,Total cycles spent on weight grad comm: 0
id: mlp_moelayer ,Total cycles spent on input grad comm: 373986
*******************
Layer id: mlp_moelayer
Total collectives issued for this layer: 2
*************************  Workload stats  ************************* mlp_moelayer
id: mlp_moelayer ,Total cycles spent on fwd pass compute: 1
id: mlp_moelayer ,Total cycles spent on weight grad compute: 1
id: mlp_moelayer ,Total cycles spent on input grad compute: 1
id: mlp_moelayer ,Total cycles spent idle waiting for fwd finish: 373987
id: mlp_moelayer ,Total cycles spent idle waiting for weight grad finish: 0
id: mlp_moelayer ,Total cycles spent idle waiting for input grad finish: 373987
id: mlp_moelayer ,Total cycles spent on fwd pass comm: 373987
id: mlp_moelayer ,Total cycles spent on weight grad comm: 0
id: mlp_moelayer ,Total cycles spent on input grad comm: 373987
*******************
Layer id: mlp_moelayer
Total collectives issued for this layer: 2
*************************  Workload stats  ************************* mlp_moelayer
id: mlp_moelayer ,Total cycles spent on fwd pass compute: 1
id: mlp_moelayer ,Total cycles spent on weight grad compute: 1
id: mlp_moelayer ,Total cycles spent on input grad compute: 1
id: mlp_moelayer ,Total cycles spent idle waiting for fwd finish: 94367
id: mlp_moelayer ,Total cycles spent idle waiting for weight grad finish: 0
id: mlp_moelayer ,Total cycles spent idle waiting for input grad finish: 94367
id: mlp_moelayer ,Total cycles spent on fwd pass comm: 94367
id: mlp_moelayer ,Total cycles spent on weight grad comm: 0
id: mlp_moelayer ,Total cycles spent on input grad comm: 94367
*******************
Layer id: attention_column
Total collectives issued for this layer: 1
*************************  Workload stats  ************************* attention_column
id: attention_column ,Total cycles spent on fwd pass compute: 1
id: attention_column ,Total cycles spent on weight grad compute: 1
id: attention_column ,Total cycles spent on input grad compute: 1
id: attention_column ,Total cycles spent idle waiting for fwd finish: 187574
id: attention_column ,Total cycles spent idle waiting for weight grad finish: 0
id: attention_column ,Total cycles spent idle waiting for input grad finish: 0
id: attention_column ,Total cycles spent on fwd pass comm: 187574
id: attention_column ,Total cycles spent on weight grad comm: 0
id: attention_column ,Total cycles spent on input grad comm: 0
*******************
Layer id: attention_row
Total collectives issued for this layer: 1
*************************  Workload stats  ************************* attention_row
id: attention_row ,Total cycles spent on fwd pass compute: 1
id: attention_row ,Total cycles spent on weight grad compute: 1
id: attention_row ,Total cycles spent on input grad compute: 1
id: attention_row ,Total cycles spent idle waiting for fwd finish: 187574
id: attention_row ,Total cycles spent idle waiting for weight grad finish: 0
id: attention_row ,Total cycles spent idle waiting for input grad finish: 0
id: attention_row ,Total cycles spent on fwd pass comm: 187574
id: attention_row ,Total cycles spent on weight grad comm: 0
id: attention_row ,Total cycles spent on input grad comm: 0
*******************
Layer id: mlp_moelayer
Total collectives issued for this layer: 2
*************************  Workload stats  ************************* mlp_moelayer
id: mlp_moelayer ,Total cycles spent on fwd pass compute: 1
id: mlp_moelayer ,Total cycles spent on weight grad compute: 1
id: mlp_moelayer ,Total cycles spent on input grad compute: 1
id: mlp_moelayer ,Total cycles spent idle waiting for fwd finish: 1742
id: mlp_moelayer ,Total cycles spent idle waiting for weight grad finish: 0
id: mlp_moelayer ,Total cycles spent idle waiting for input grad finish: 1742
id: mlp_moelayer ,Total cycles spent on fwd pass comm: 1742
id: mlp_moelayer ,Total cycles spent on weight grad comm: 0
id: mlp_moelayer ,Total cycles spent on input grad comm: 1742
*******************
Layer id: mlp_moelayer
Total collectives issued for this layer: 2
*************************  Workload stats  ************************* mlp_moelayer
id: mlp_moelayer ,Total cycles spent on fwd pass compute: 1
id: mlp_moelayer ,Total cycles spent on weight grad compute: 1
id: mlp_moelayer ,Total cycles spent on input grad compute: 1
id: mlp_moelayer ,Total cycles spent idle waiting for fwd finish: 94367
id: mlp_moelayer ,Total cycles spent idle waiting for weight grad finish: 0
id: mlp_moelayer ,Total cycles spent idle waiting for input grad finish: 94367
id: mlp_moelayer ,Total cycles spent on fwd pass comm: 94367
id: mlp_moelayer ,Total cycles spent on weight grad comm: 0
id: mlp_moelayer ,Total cycles spent on input grad comm: 94367
*******************
Layer id: mlp_moelayer
Total collectives issued for this layer: 2
*************************  Workload stats  ************************* mlp_moelayer
id: mlp_moelayer ,Total cycles spent on fwd pass compute: 1
id: mlp_moelayer ,Total cycles spent on weight grad compute: 1
id: mlp_moelayer ,Total cycles spent on input grad compute: 1
id: mlp_moelayer ,Total cycles spent idle waiting for fwd finish: 373987
id: mlp_moelayer ,Total cycles spent idle waiting for weight grad finish: 0
id: mlp_moelayer ,Total cycles spent idle waiting for input grad finish: 373987
id: mlp_moelayer ,Total cycles spent on fwd pass comm: 373987
id: mlp_moelayer ,Total cycles spent on weight grad comm: 0
id: mlp_moelayer ,Total cycles spent on input grad comm: 373987
*******************
Layer id: mlp_moelayer
Total collectives issued for this layer: 2
*************************  Workload stats  ************************* mlp_moelayer
id: mlp_moelayer ,Total cycles spent on fwd pass compute: 1
id: mlp_moelayer ,Total cycles spent on weight grad compute: 1
id: mlp_moelayer ,Total cycles spent on input grad compute: 1
id: mlp_moelayer ,Total cycles spent idle waiting for fwd finish: 373986
id: mlp_moelayer ,Total cycles spent idle waiting for weight grad finish: 0
id: mlp_moelayer ,Total cycles spent idle waiting for input grad finish: 746814
id: mlp_moelayer ,Total cycles spent on fwd pass comm: 373986
id: mlp_moelayer ,Total cycles spent on weight grad comm: 0
id: mlp_moelayer ,Total cycles spent on input grad comm: 746814
*******************
Layer id: mlp_moelayer
Total collectives issued for this layer: 2
*************************  Workload stats  ************************* mlp_moelayer
id: mlp_moelayer ,Total cycles spent on fwd pass compute: 1
id: mlp_moelayer ,Total cycles spent on weight grad compute: 1
id: mlp_moelayer ,Total cycles spent on input grad compute: 1
id: mlp_moelayer ,Total cycles spent idle waiting for fwd finish: 373986
id: mlp_moelayer ,Total cycles spent idle waiting for weight grad finish: 0
id: mlp_moelayer ,Total cycles spent idle waiting for input grad finish: 373986
id: mlp_moelayer ,Total cycles spent on fwd pass comm: 373986
id: mlp_moelayer ,Total cycles spent on weight grad comm: 0
id: mlp_moelayer ,Total cycles spent on input grad comm: 373986
*******************
Layer id: mlp_moelayer
Total collectives issued for this layer: 2
*************************  Workload stats  ************************* mlp_moelayer
id: mlp_moelayer ,Total cycles spent on fwd pass compute: 1
id: mlp_moelayer ,Total cycles spent on weight grad compute: 1
id: mlp_moelayer ,Total cycles spent on input grad compute: 1
id: mlp_moelayer ,Total cycles spent idle waiting for fwd finish: 373987
id: mlp_moelayer ,Total cycles spent idle waiting for weight grad finish: 0
id: mlp_moelayer ,Total cycles spent idle waiting for input grad finish: 373987
id: mlp_moelayer ,Total cycles spent on fwd pass comm: 373987
id: mlp_moelayer ,Total cycles spent on weight grad comm: 0
id: mlp_moelayer ,Total cycles spent on input grad comm: 373987
*******************
Layer id: mlp_moelayer
Total collectives issued for this layer: 2
*************************  Workload stats  ************************* mlp_moelayer
id: mlp_moelayer ,Total cycles spent on fwd pass compute: 1
id: mlp_moelayer ,Total cycles spent on weight grad compute: 1
id: mlp_moelayer ,Total cycles spent on input grad compute: 1
id: mlp_moelayer ,Total cycles spent idle waiting for fwd finish: 94367
id: mlp_moelayer ,Total cycles spent idle waiting for weight grad finish: 0
id: mlp_moelayer ,Total cycles spent idle waiting for input grad finish: 94367
id: mlp_moelayer ,Total cycles spent on fwd pass comm: 94367
id: mlp_moelayer ,Total cycles spent on weight grad comm: 0
id: mlp_moelayer ,Total cycles spent on input grad comm: 94367
*******************
Layer id: attention_column
Total collectives issued for this layer: 1
*************************  Workload stats  ************************* attention_column
id: attention_column ,Total cycles spent on fwd pass compute: 1
id: attention_column ,Total cycles spent on weight grad compute: 1
id: attention_column ,Total cycles spent on input grad compute: 1
id: attention_column ,Total cycles spent idle waiting for fwd finish: 187574
id: attention_column ,Total cycles spent idle waiting for weight grad finish: 0
id: attention_column ,Total cycles spent idle waiting for input grad finish: 0
id: attention_column ,Total cycles spent on fwd pass comm: 187574
id: attention_column ,Total cycles spent on weight grad comm: 0
id: attention_column ,Total cycles spent on input grad comm: 0
*******************
Layer id: attention_row
Total collectives issued for this layer: 1
*************************  Workload stats  ************************* attention_row
id: attention_row ,Total cycles spent on fwd pass compute: 1
id: attention_row ,Total cycles spent on weight grad compute: 1
id: attention_row ,Total cycles spent on input grad compute: 1
id: attention_row ,Total cycles spent idle waiting for fwd finish: 187574
id: attention_row ,Total cycles spent idle waiting for weight grad finish: 0
id: attention_row ,Total cycles spent idle waiting for input grad finish: 0
id: attention_row ,Total cycles spent on fwd pass comm: 187574
id: attention_row ,Total cycles spent on weight grad comm: 0
id: attention_row ,Total cycles spent on input grad comm: 0
*******************
Layer id: mlp_moelayer
Total collectives issued for this layer: 2
*************************  Workload stats  ************************* mlp_moelayer
id: mlp_moelayer ,Total cycles spent on fwd pass compute: 1
id: mlp_moelayer ,Total cycles spent on weight grad compute: 1
id: mlp_moelayer ,Total cycles spent on input grad compute: 1
id: mlp_moelayer ,Total cycles spent idle waiting for fwd finish: 1742
id: mlp_moelayer ,Total cycles spent idle waiting for weight grad finish: 0
id: mlp_moelayer ,Total cycles spent idle waiting for input grad finish: 1742
id: mlp_moelayer ,Total cycles spent on fwd pass comm: 1742
id: mlp_moelayer ,Total cycles spent on weight grad comm: 0
id: mlp_moelayer ,Total cycles spent on input grad comm: 1742
*******************
Layer id: mlp_moelayer
Total collectives issued for this layer: 2
*************************  Workload stats  ************************* mlp_moelayer
id: mlp_moelayer ,Total cycles spent on fwd pass compute: 1
id: mlp_moelayer ,Total cycles spent on weight grad compute: 1
id: mlp_moelayer ,Total cycles spent on input grad compute: 1
id: mlp_moelayer ,Total cycles spent idle waiting for fwd finish: 94367
id: mlp_moelayer ,Total cycles spent idle waiting for weight grad finish: 0
id: mlp_moelayer ,Total cycles spent idle waiting for input grad finish: 94367
id: mlp_moelayer ,Total cycles spent on fwd pass comm: 94367
id: mlp_moelayer ,Total cycles spent on weight grad comm: 0
id: mlp_moelayer ,Total cycles spent on input grad comm: 94367
*******************
Layer id: mlp_moelayer
Total collectives issued for this layer: 2
*************************  Workload stats  ************************* mlp_moelayer
id: mlp_moelayer ,Total cycles spent on fwd pass compute: 1
id: mlp_moelayer ,Total cycles spent on weight grad compute: 1
id: mlp_moelayer ,Total cycles spent on input grad compute: 1
id: mlp_moelayer ,Total cycles spent idle waiting for fwd finish: 373987
id: mlp_moelayer ,Total cycles spent idle waiting for weight grad finish: 0
id: mlp_moelayer ,Total cycles spent idle waiting for input grad finish: 373987
id: mlp_moelayer ,Total cycles spent on fwd pass comm: 373987
id: mlp_moelayer ,Total cycles spent on weight grad comm: 0
id: mlp_moelayer ,Total cycles spent on input grad comm: 373987
*******************
Layer id: mlp_moelayer
Total collectives issued for this layer: 2
*************************  Workload stats  ************************* mlp_moelayer
id: mlp_moelayer ,Total cycles spent on fwd pass compute: 1
id: mlp_moelayer ,Total cycles spent on weight grad compute: 1
id: mlp_moelayer ,Total cycles spent on input grad compute: 1
id: mlp_moelayer ,Total cycles spent idle waiting for fwd finish: 373986
id: mlp_moelayer ,Total cycles spent idle waiting for weight grad finish: 0
id: mlp_moelayer ,Total cycles spent idle waiting for input grad finish: 746814
id: mlp_moelayer ,Total cycles spent on fwd pass comm: 373986
id: mlp_moelayer ,Total cycles spent on weight grad comm: 0
id: mlp_moelayer ,Total cycles spent on input grad comm: 746814
*******************
Layer id: mlp_moelayer
Total collectives issued for this layer: 2
*************************  Workload stats  ************************* mlp_moelayer
id: mlp_moelayer ,Total cycles spent on fwd pass compute: 1
id: mlp_moelayer ,Total cycles spent on weight grad compute: 1
id: mlp_moelayer ,Total cycles spent on input grad compute: 1
id: mlp_moelayer ,Total cycles spent idle waiting for fwd finish: 373986
id: mlp_moelayer ,Total cycles spent idle waiting for weight grad finish: 0
id: mlp_moelayer ,Total cycles spent idle waiting for input grad finish: 373986
id: mlp_moelayer ,Total cycles spent on fwd pass comm: 373986
id: mlp_moelayer ,Total cycles spent on weight grad comm: 0
id: mlp_moelayer ,Total cycles spent on input grad comm: 373986
*******************
Layer id: mlp_moelayer
Total collectives issued for this layer: 2
*************************  Workload stats  ************************* mlp_moelayer
id: mlp_moelayer ,Total cycles spent on fwd pass compute: 1
id: mlp_moelayer ,Total cycles spent on weight grad compute: 1
id: mlp_moelayer ,Total cycles spent on input grad compute: 1
id: mlp_moelayer ,Total cycles spent idle waiting for fwd finish: 373987
id: mlp_moelayer ,Total cycles spent idle waiting for weight grad finish: 0
id: mlp_moelayer ,Total cycles spent idle waiting for input grad finish: 373987
id: mlp_moelayer ,Total cycles spent on fwd pass comm: 373987
id: mlp_moelayer ,Total cycles spent on weight grad comm: 0
id: mlp_moelayer ,Total cycles spent on input grad comm: 373987
*******************
Layer id: mlp_moelayer
Total collectives issued for this layer: 2
*************************  Workload stats  ************************* mlp_moelayer
id: mlp_moelayer ,Total cycles spent on fwd pass compute: 1
id: mlp_moelayer ,Total cycles spent on weight grad compute: 1
id: mlp_moelayer ,Total cycles spent on input grad compute: 1
id: mlp_moelayer ,Total cycles spent idle waiting for fwd finish: 94367
id: mlp_moelayer ,Total cycles spent idle waiting for weight grad finish: 0
id: mlp_moelayer ,Total cycles spent idle waiting for input grad finish: 94367
id: mlp_moelayer ,Total cycles spent on fwd pass comm: 94367
id: mlp_moelayer ,Total cycles spent on weight grad comm: 0
id: mlp_moelayer ,Total cycles spent on input grad comm: 94367
*******************
Layer id: attention_column
Total collectives issued for this layer: 1
*************************  Workload stats  ************************* attention_column
id: attention_column ,Total cycles spent on fwd pass compute: 1
id: attention_column ,Total cycles spent on weight grad compute: 1
id: attention_column ,Total cycles spent on input grad compute: 1
id: attention_column ,Total cycles spent idle waiting for fwd finish: 187574
id: attention_column ,Total cycles spent idle waiting for weight grad finish: 0
id: attention_column ,Total cycles spent idle waiting for input grad finish: 0
id: attention_column ,Total cycles spent on fwd pass comm: 187574
id: attention_column ,Total cycles spent on weight grad comm: 0
id: attention_column ,Total cycles spent on input grad comm: 0
*******************
Layer id: attention_row
Total collectives issued for this layer: 1
*************************  Workload stats  ************************* attention_row
id: attention_row ,Total cycles spent on fwd pass compute: 1
id: attention_row ,Total cycles spent on weight grad compute: 1
id: attention_row ,Total cycles spent on input grad compute: 1
id: attention_row ,Total cycles spent idle waiting for fwd finish: 187574
id: attention_row ,Total cycles spent idle waiting for weight grad finish: 0
id: attention_row ,Total cycles spent idle waiting for input grad finish: 0
id: attention_row ,Total cycles spent on fwd pass comm: 187574
id: attention_row ,Total cycles spent on weight grad comm: 0
id: attention_row ,Total cycles spent on input grad comm: 0
*******************
Layer id: mlp_moelayer
Total collectives issued for this layer: 2
*************************  Workload stats  ************************* mlp_moelayer
id: mlp_moelayer ,Total cycles spent on fwd pass compute: 1
id: mlp_moelayer ,Total cycles spent on weight grad compute: 1
id: mlp_moelayer ,Total cycles spent on input grad compute: 1
id: mlp_moelayer ,Total cycles spent idle waiting for fwd finish: 1742
id: mlp_moelayer ,Total cycles spent idle waiting for weight grad finish: 0
id: mlp_moelayer ,Total cycles spent idle waiting for input grad finish: 1742
id: mlp_moelayer ,Total cycles spent on fwd pass comm: 1742
id: mlp_moelayer ,Total cycles spent on weight grad comm: 0
id: mlp_moelayer ,Total cycles spent on input grad comm: 1742
*******************
Layer id: mlp_moelayer
Total collectives issued for this layer: 2
*************************  Workload stats  ************************* mlp_moelayer
id: mlp_moelayer ,Total cycles spent on fwd pass compute: 1
id: mlp_moelayer ,Total cycles spent on weight grad compute: 1
id: mlp_moelayer ,Total cycles spent on input grad compute: 1
id: mlp_moelayer ,Total cycles spent idle waiting for fwd finish: 94367
id: mlp_moelayer ,Total cycles spent idle waiting for weight grad finish: 0
id: mlp_moelayer ,Total cycles spent idle waiting for input grad finish: 94367
id: mlp_moelayer ,Total cycles spent on fwd pass comm: 94367
id: mlp_moelayer ,Total cycles spent on weight grad comm: 0
id: mlp_moelayer ,Total cycles spent on input grad comm: 94367
*******************
Layer id: mlp_moelayer
Total collectives issued for this layer: 2
*************************  Workload stats  ************************* mlp_moelayer
id: mlp_moelayer ,Total cycles spent on fwd pass compute: 1
id: mlp_moelayer ,Total cycles spent on weight grad compute: 1
id: mlp_moelayer ,Total cycles spent on input grad compute: 1
id: mlp_moelayer ,Total cycles spent idle waiting for fwd finish: 373987
id: mlp_moelayer ,Total cycles spent idle waiting for weight grad finish: 0
id: mlp_moelayer ,Total cycles spent idle waiting for input grad finish: 373987
id: mlp_moelayer ,Total cycles spent on fwd pass comm: 373987
id: mlp_moelayer ,Total cycles spent on weight grad comm: 0
id: mlp_moelayer ,Total cycles spent on input grad comm: 373987
*******************
Layer id: mlp_moelayer
Total collectives issued for this layer: 2
*************************  Workload stats  ************************* mlp_moelayer
id: mlp_moelayer ,Total cycles spent on fwd pass compute: 1
id: mlp_moelayer ,Total cycles spent on weight grad compute: 1
id: mlp_moelayer ,Total cycles spent on input grad compute: 1
id: mlp_moelayer ,Total cycles spent idle waiting for fwd finish: 373986
id: mlp_moelayer ,Total cycles spent idle waiting for weight grad finish: 0
id: mlp_moelayer ,Total cycles spent idle waiting for input grad finish: 746814
id: mlp_moelayer ,Total cycles spent on fwd pass comm: 373986
id: mlp_moelayer ,Total cycles spent on weight grad comm: 0
id: mlp_moelayer ,Total cycles spent on input grad comm: 746814
*******************
Layer id: mlp_moelayer
Total collectives issued for this layer: 2
*************************  Workload stats  ************************* mlp_moelayer
id: mlp_moelayer ,Total cycles spent on fwd pass compute: 1
id: mlp_moelayer ,Total cycles spent on weight grad compute: 1
id: mlp_moelayer ,Total cycles spent on input grad compute: 1
id: mlp_moelayer ,Total cycles spent idle waiting for fwd finish: 373986
id: mlp_moelayer ,Total cycles spent idle waiting for weight grad finish: 0
id: mlp_moelayer ,Total cycles spent idle waiting for input grad finish: 373986
id: mlp_moelayer ,Total cycles spent on fwd pass comm: 373986
id: mlp_moelayer ,Total cycles spent on weight grad comm: 0
id: mlp_moelayer ,Total cycles spent on input grad comm: 373986
*******************
Layer id: mlp_moelayer
Total collectives issued for this layer: 2
*************************  Workload stats  ************************* mlp_moelayer
id: mlp_moelayer ,Total cycles spent on fwd pass compute: 1
id: mlp_moelayer ,Total cycles spent on weight grad compute: 1
id: mlp_moelayer ,Total cycles spent on input grad compute: 1
id: mlp_moelayer ,Total cycles spent idle waiting for fwd finish: 373987
id: mlp_moelayer ,Total cycles spent idle waiting for weight grad finish: 0
id: mlp_moelayer ,Total cycles spent idle waiting for input grad finish: 373987
id: mlp_moelayer ,Total cycles spent on fwd pass comm: 373987
id: mlp_moelayer ,Total cycles spent on weight grad comm: 0
id: mlp_moelayer ,Total cycles spent on input grad comm: 373987
*******************
Layer id: mlp_moelayer
Total collectives issued for this layer: 2
*************************  Workload stats  ************************* mlp_moelayer
id: mlp_moelayer ,Total cycles spent on fwd pass compute: 1
id: mlp_moelayer ,Total cycles spent on weight grad compute: 1
id: mlp_moelayer ,Total cycles spent on input grad compute: 1
id: mlp_moelayer ,Total cycles spent idle waiting for fwd finish: 94367
id: mlp_moelayer ,Total cycles spent idle waiting for weight grad finish: 0
id: mlp_moelayer ,Total cycles spent idle waiting for input grad finish: 94367
id: mlp_moelayer ,Total cycles spent on fwd pass comm: 94367
id: mlp_moelayer ,Total cycles spent on weight grad comm: 0
id: mlp_moelayer ,Total cycles spent on input grad comm: 94367
*******************
Layer id: attention_column
Total collectives issued for this layer: 1
*************************  Workload stats  ************************* attention_column
id: attention_column ,Total cycles spent on fwd pass compute: 1
id: attention_column ,Total cycles spent on weight grad compute: 1
id: attention_column ,Total cycles spent on input grad compute: 1
id: attention_column ,Total cycles spent idle waiting for fwd finish: 187574
id: attention_column ,Total cycles spent idle waiting for weight grad finish: 0
id: attention_column ,Total cycles spent idle waiting for input grad finish: 0
id: attention_column ,Total cycles spent on fwd pass comm: 187574
id: attention_column ,Total cycles spent on weight grad comm: 0
id: attention_column ,Total cycles spent on input grad comm: 0
*******************
Layer id: attention_row
Total collectives issued for this layer: 1
*************************  Workload stats  ************************* attention_row
id: attention_row ,Total cycles spent on fwd pass compute: 1
id: attention_row ,Total cycles spent on weight grad compute: 1
id: attention_row ,Total cycles spent on input grad compute: 1
id: attention_row ,Total cycles spent idle waiting for fwd finish: 187574
id: attention_row ,Total cycles spent idle waiting for weight grad finish: 0
id: attention_row ,Total cycles spent idle waiting for input grad finish: 0
id: attention_row ,Total cycles spent on fwd pass comm: 187574
id: attention_row ,Total cycles spent on weight grad comm: 0
id: attention_row ,Total cycles spent on input grad comm: 0
*******************
Layer id: mlp_moelayer
Total collectives issued for this layer: 2
*************************  Workload stats  ************************* mlp_moelayer
id: mlp_moelayer ,Total cycles spent on fwd pass compute: 1
id: mlp_moelayer ,Total cycles spent on weight grad compute: 1
id: mlp_moelayer ,Total cycles spent on input grad compute: 1
id: mlp_moelayer ,Total cycles spent idle waiting for fwd finish: 1742
id: mlp_moelayer ,Total cycles spent idle waiting for weight grad finish: 0
id: mlp_moelayer ,Total cycles spent idle waiting for input grad finish: 1742
id: mlp_moelayer ,Total cycles spent on fwd pass comm: 1742
id: mlp_moelayer ,Total cycles spent on weight grad comm: 0
id: mlp_moelayer ,Total cycles spent on input grad comm: 1742
*******************
Layer id: mlp_moelayer
Total collectives issued for this layer: 2
*************************  Workload stats  ************************* mlp_moelayer
id: mlp_moelayer ,Total cycles spent on fwd pass compute: 1
id: mlp_moelayer ,Total cycles spent on weight grad compute: 1
id: mlp_moelayer ,Total cycles spent on input grad compute: 1
id: mlp_moelayer ,Total cycles spent idle waiting for fwd finish: 94367
id: mlp_moelayer ,Total cycles spent idle waiting for weight grad finish: 0
id: mlp_moelayer ,Total cycles spent idle waiting for input grad finish: 94367
id: mlp_moelayer ,Total cycles spent on fwd pass comm: 94367
id: mlp_moelayer ,Total cycles spent on weight grad comm: 0
id: mlp_moelayer ,Total cycles spent on input grad comm: 94367
*******************
Layer id: mlp_moelayer
Total collectives issued for this layer: 2
*************************  Workload stats  ************************* mlp_moelayer
id: mlp_moelayer ,Total cycles spent on fwd pass compute: 1
id: mlp_moelayer ,Total cycles spent on weight grad compute: 1
id: mlp_moelayer ,Total cycles spent on input grad compute: 1
id: mlp_moelayer ,Total cycles spent idle waiting for fwd finish: 373987
id: mlp_moelayer ,Total cycles spent idle waiting for weight grad finish: 0
id: mlp_moelayer ,Total cycles spent idle waiting for input grad finish: 373987
id: mlp_moelayer ,Total cycles spent on fwd pass comm: 373987
id: mlp_moelayer ,Total cycles spent on weight grad comm: 0
id: mlp_moelayer ,Total cycles spent on input grad comm: 373987
*******************
Layer id: mlp_moelayer
Total collectives issued for this layer: 2
*************************  Workload stats  ************************* mlp_moelayer
id: mlp_moelayer ,Total cycles spent on fwd pass compute: 1
id: mlp_moelayer ,Total cycles spent on weight grad compute: 1
id: mlp_moelayer ,Total cycles spent on input grad compute: 1
id: mlp_moelayer ,Total cycles spent idle waiting for fwd finish: 373986
id: mlp_moelayer ,Total cycles spent idle waiting for weight grad finish: 0
id: mlp_moelayer ,Total cycles spent idle waiting for input grad finish: 746814
id: mlp_moelayer ,Total cycles spent on fwd pass comm: 373986
id: mlp_moelayer ,Total cycles spent on weight grad comm: 0
id: mlp_moelayer ,Total cycles spent on input grad comm: 746814
*******************
Layer id: mlp_moelayer
Total collectives issued for this layer: 2
*************************  Workload stats  ************************* mlp_moelayer
id: mlp_moelayer ,Total cycles spent on fwd pass compute: 1
id: mlp_moelayer ,Total cycles spent on weight grad compute: 1
id: mlp_moelayer ,Total cycles spent on input grad compute: 1
id: mlp_moelayer ,Total cycles spent idle waiting for fwd finish: 373986
id: mlp_moelayer ,Total cycles spent idle waiting for weight grad finish: 0
id: mlp_moelayer ,Total cycles spent idle waiting for input grad finish: 373986
id: mlp_moelayer ,Total cycles spent on fwd pass comm: 373986
id: mlp_moelayer ,Total cycles spent on weight grad comm: 0
id: mlp_moelayer ,Total cycles spent on input grad comm: 373986
*******************
Layer id: mlp_moelayer
Total collectives issued for this layer: 2
*************************  Workload stats  ************************* mlp_moelayer
id: mlp_moelayer ,Total cycles spent on fwd pass compute: 1
id: mlp_moelayer ,Total cycles spent on weight grad compute: 1
id: mlp_moelayer ,Total cycles spent on input grad compute: 1
id: mlp_moelayer ,Total cycles spent idle waiting for fwd finish: 373987
id: mlp_moelayer ,Total cycles spent idle waiting for weight grad finish: 0
id: mlp_moelayer ,Total cycles spent idle waiting for input grad finish: 373987
id: mlp_moelayer ,Total cycles spent on fwd pass comm: 373987
id: mlp_moelayer ,Total cycles spent on weight grad comm: 0
id: mlp_moelayer ,Total cycles spent on input grad comm: 373987
*******************
Layer id: mlp_moelayer
Total collectives issued for this layer: 2
*************************  Workload stats  ************************* mlp_moelayer
id: mlp_moelayer ,Total cycles spent on fwd pass compute: 1
id: mlp_moelayer ,Total cycles spent on weight grad compute: 1
id: mlp_moelayer ,Total cycles spent on input grad compute: 1
id: mlp_moelayer ,Total cycles spent idle waiting for fwd finish: 94367
id: mlp_moelayer ,Total cycles spent idle waiting for weight grad finish: 0
id: mlp_moelayer ,Total cycles spent idle waiting for input grad finish: 94367
id: mlp_moelayer ,Total cycles spent on fwd pass comm: 94367
id: mlp_moelayer ,Total cycles spent on weight grad comm: 0
id: mlp_moelayer ,Total cycles spent on input grad comm: 94367
*******************
Layer id: attention_column
Total collectives issued for this layer: 1
*************************  Workload stats  ************************* attention_column
id: attention_column ,Total cycles spent on fwd pass compute: 1
id: attention_column ,Total cycles spent on weight grad compute: 1
id: attention_column ,Total cycles spent on input grad compute: 1
id: attention_column ,Total cycles spent idle waiting for fwd finish: 187574
id: attention_column ,Total cycles spent idle waiting for weight grad finish: 0
id: attention_column ,Total cycles spent idle waiting for input grad finish: 0
id: attention_column ,Total cycles spent on fwd pass comm: 187574
id: attention_column ,Total cycles spent on weight grad comm: 0
id: attention_column ,Total cycles spent on input grad comm: 0
*******************
Layer id: attention_row
Total collectives issued for this layer: 1
*************************  Workload stats  ************************* attention_row
id: attention_row ,Total cycles spent on fwd pass compute: 1
id: attention_row ,Total cycles spent on weight grad compute: 1
id: attention_row ,Total cycles spent on input grad compute: 1
id: attention_row ,Total cycles spent idle waiting for fwd finish: 187574
id: attention_row ,Total cycles spent idle waiting for weight grad finish: 0
id: attention_row ,Total cycles spent idle waiting for input grad finish: 0
id: attention_row ,Total cycles spent on fwd pass comm: 187574
id: attention_row ,Total cycles spent on weight grad comm: 0
id: attention_row ,Total cycles spent on input grad comm: 0
*******************
Layer id: mlp_moelayer
Total collectives issued for this layer: 2
*************************  Workload stats  ************************* mlp_moelayer
id: mlp_moelayer ,Total cycles spent on fwd pass compute: 1
id: mlp_moelayer ,Total cycles spent on weight grad compute: 1
id: mlp_moelayer ,Total cycles spent on input grad compute: 1
id: mlp_moelayer ,Total cycles spent idle waiting for fwd finish: 1742
id: mlp_moelayer ,Total cycles spent idle waiting for weight grad finish: 0
id: mlp_moelayer ,Total cycles spent idle waiting for input grad finish: 1742
id: mlp_moelayer ,Total cycles spent on fwd pass comm: 1742
id: mlp_moelayer ,Total cycles spent on weight grad comm: 0
id: mlp_moelayer ,Total cycles spent on input grad comm: 1742
*******************
Layer id: mlp_moelayer
Total collectives issued for this layer: 2
*************************  Workload stats  ************************* mlp_moelayer
id: mlp_moelayer ,Total cycles spent on fwd pass compute: 1
id: mlp_moelayer ,Total cycles spent on weight grad compute: 1
id: mlp_moelayer ,Total cycles spent on input grad compute: 1
id: mlp_moelayer ,Total cycles spent idle waiting for fwd finish: 94367
id: mlp_moelayer ,Total cycles spent idle waiting for weight grad finish: 0
id: mlp_moelayer ,Total cycles spent idle waiting for input grad finish: 94367
id: mlp_moelayer ,Total cycles spent on fwd pass comm: 94367
id: mlp_moelayer ,Total cycles spent on weight grad comm: 0
id: mlp_moelayer ,Total cycles spent on input grad comm: 94367
*******************
Layer id: mlp_moelayer
Total collectives issued for this layer: 2
*************************  Workload stats  ************************* mlp_moelayer
id: mlp_moelayer ,Total cycles spent on fwd pass compute: 1
id: mlp_moelayer ,Total cycles spent on weight grad compute: 1
id: mlp_moelayer ,Total cycles spent on input grad compute: 1
id: mlp_moelayer ,Total cycles spent idle waiting for fwd finish: 373987
id: mlp_moelayer ,Total cycles spent idle waiting for weight grad finish: 0
id: mlp_moelayer ,Total cycles spent idle waiting for input grad finish: 373987
id: mlp_moelayer ,Total cycles spent on fwd pass comm: 373987
id: mlp_moelayer ,Total cycles spent on weight grad comm: 0
id: mlp_moelayer ,Total cycles spent on input grad comm: 373987
*******************
Layer id: mlp_moelayer
Total collectives issued for this layer: 2
*************************  Workload stats  ************************* mlp_moelayer
id: mlp_moelayer ,Total cycles spent on fwd pass compute: 1
id: mlp_moelayer ,Total cycles spent on weight grad compute: 1
id: mlp_moelayer ,Total cycles spent on input grad compute: 1
id: mlp_moelayer ,Total cycles spent idle waiting for fwd finish: 373986
id: mlp_moelayer ,Total cycles spent idle waiting for weight grad finish: 0
id: mlp_moelayer ,Total cycles spent idle waiting for input grad finish: 746814
id: mlp_moelayer ,Total cycles spent on fwd pass comm: 373986
id: mlp_moelayer ,Total cycles spent on weight grad comm: 0
id: mlp_moelayer ,Total cycles spent on input grad comm: 746814
*******************
Layer id: mlp_moelayer
Total collectives issued for this layer: 2
*************************  Workload stats  ************************* mlp_moelayer
id: mlp_moelayer ,Total cycles spent on fwd pass compute: 1
id: mlp_moelayer ,Total cycles spent on weight grad compute: 1
id: mlp_moelayer ,Total cycles spent on input grad compute: 1
id: mlp_moelayer ,Total cycles spent idle waiting for fwd finish: 373986
id: mlp_moelayer ,Total cycles spent idle waiting for weight grad finish: 0
id: mlp_moelayer ,Total cycles spent idle waiting for input grad finish: 373986
id: mlp_moelayer ,Total cycles spent on fwd pass comm: 373986
id: mlp_moelayer ,Total cycles spent on weight grad comm: 0
id: mlp_moelayer ,Total cycles spent on input grad comm: 373986
*******************
Layer id: mlp_moelayer
Total collectives issued for this layer: 2
*************************  Workload stats  ************************* mlp_moelayer
id: mlp_moelayer ,Total cycles spent on fwd pass compute: 1
id: mlp_moelayer ,Total cycles spent on weight grad compute: 1
id: mlp_moelayer ,Total cycles spent on input grad compute: 1
id: mlp_moelayer ,Total cycles spent idle waiting for fwd finish: 373987
id: mlp_moelayer ,Total cycles spent idle waiting for weight grad finish: 0
id: mlp_moelayer ,Total cycles spent idle waiting for input grad finish: 373987
id: mlp_moelayer ,Total cycles spent on fwd pass comm: 373987
id: mlp_moelayer ,Total cycles spent on weight grad comm: 0
id: mlp_moelayer ,Total cycles spent on input grad comm: 373987
*******************
Layer id: mlp_moelayer
Total collectives issued for this layer: 2
*************************  Workload stats  ************************* mlp_moelayer
id: mlp_moelayer ,Total cycles spent on fwd pass compute: 1
id: mlp_moelayer ,Total cycles spent on weight grad compute: 1
id: mlp_moelayer ,Total cycles spent on input grad compute: 1
id: mlp_moelayer ,Total cycles spent idle waiting for fwd finish: 94367
id: mlp_moelayer ,Total cycles spent idle waiting for weight grad finish: 0
id: mlp_moelayer ,Total cycles spent idle waiting for input grad finish: 94367
id: mlp_moelayer ,Total cycles spent on fwd pass comm: 94367
id: mlp_moelayer ,Total cycles spent on weight grad comm: 0
id: mlp_moelayer ,Total cycles spent on input grad comm: 94367
*******************
Layer id: attention_column
Total collectives issued for this layer: 1
*************************  Workload stats  ************************* attention_column
id: attention_column ,Total cycles spent on fwd pass compute: 1
id: attention_column ,Total cycles spent on weight grad compute: 1
id: attention_column ,Total cycles spent on input grad compute: 1
id: attention_column ,Total cycles spent idle waiting for fwd finish: 187574
id: attention_column ,Total cycles spent idle waiting for weight grad finish: 0
id: attention_column ,Total cycles spent idle waiting for input grad finish: 0
id: attention_column ,Total cycles spent on fwd pass comm: 187574
id: attention_column ,Total cycles spent on weight grad comm: 0
id: attention_column ,Total cycles spent on input grad comm: 0
*******************
Layer id: attention_row
Total collectives issued for this layer: 1
*************************  Workload stats  ************************* attention_row
id: attention_row ,Total cycles spent on fwd pass compute: 1
id: attention_row ,Total cycles spent on weight grad compute: 1
id: attention_row ,Total cycles spent on input grad compute: 1
id: attention_row ,Total cycles spent idle waiting for fwd finish: 187574
id: attention_row ,Total cycles spent idle waiting for weight grad finish: 0
id: attention_row ,Total cycles spent idle waiting for input grad finish: 0
id: attention_row ,Total cycles spent on fwd pass comm: 187574
id: attention_row ,Total cycles spent on weight grad comm: 0
id: attention_row ,Total cycles spent on input grad comm: 0
*******************
Layer id: mlp_moelayer
Total collectives issued for this layer: 2
*************************  Workload stats  ************************* mlp_moelayer
id: mlp_moelayer ,Total cycles spent on fwd pass compute: 1
id: mlp_moelayer ,Total cycles spent on weight grad compute: 1
id: mlp_moelayer ,Total cycles spent on input grad compute: 1
id: mlp_moelayer ,Total cycles spent idle waiting for fwd finish: 1742
id: mlp_moelayer ,Total cycles spent idle waiting for weight grad finish: 0
id: mlp_moelayer ,Total cycles spent idle waiting for input grad finish: 1742
id: mlp_moelayer ,Total cycles spent on fwd pass comm: 1742
id: mlp_moelayer ,Total cycles spent on weight grad comm: 0
id: mlp_moelayer ,Total cycles spent on input grad comm: 1742
*******************
Layer id: mlp_moelayer
Total collectives issued for this layer: 2
*************************  Workload stats  ************************* mlp_moelayer
id: mlp_moelayer ,Total cycles spent on fwd pass compute: 1
id: mlp_moelayer ,Total cycles spent on weight grad compute: 1
id: mlp_moelayer ,Total cycles spent on input grad compute: 1
id: mlp_moelayer ,Total cycles spent idle waiting for fwd finish: 94367
id: mlp_moelayer ,Total cycles spent idle waiting for weight grad finish: 0
id: mlp_moelayer ,Total cycles spent idle waiting for input grad finish: 94367
id: mlp_moelayer ,Total cycles spent on fwd pass comm: 94367
id: mlp_moelayer ,Total cycles spent on weight grad comm: 0
id: mlp_moelayer ,Total cycles spent on input grad comm: 94367
*******************
Layer id: mlp_moelayer
Total collectives issued for this layer: 2
*************************  Workload stats  ************************* mlp_moelayer
id: mlp_moelayer ,Total cycles spent on fwd pass compute: 1
id: mlp_moelayer ,Total cycles spent on weight grad compute: 1
id: mlp_moelayer ,Total cycles spent on input grad compute: 1
id: mlp_moelayer ,Total cycles spent idle waiting for fwd finish: 373987
id: mlp_moelayer ,Total cycles spent idle waiting for weight grad finish: 0
id: mlp_moelayer ,Total cycles spent idle waiting for input grad finish: 373987
id: mlp_moelayer ,Total cycles spent on fwd pass comm: 373987
id: mlp_moelayer ,Total cycles spent on weight grad comm: 0
id: mlp_moelayer ,Total cycles spent on input grad comm: 373987
*******************
Layer id: mlp_moelayer
Total collectives issued for this layer: 2
*************************  Workload stats  ************************* mlp_moelayer
id: mlp_moelayer ,Total cycles spent on fwd pass compute: 1
id: mlp_moelayer ,Total cycles spent on weight grad compute: 1
id: mlp_moelayer ,Total cycles spent on input grad compute: 1
id: mlp_moelayer ,Total cycles spent idle waiting for fwd finish: 373986
id: mlp_moelayer ,Total cycles spent idle waiting for weight grad finish: 0
id: mlp_moelayer ,Total cycles spent idle waiting for input grad finish: 746814
id: mlp_moelayer ,Total cycles spent on fwd pass comm: 373986
id: mlp_moelayer ,Total cycles spent on weight grad comm: 0
id: mlp_moelayer ,Total cycles spent on input grad comm: 746814
*******************
Layer id: mlp_moelayer
Total collectives issued for this layer: 2
*************************  Workload stats  ************************* mlp_moelayer
id: mlp_moelayer ,Total cycles spent on fwd pass compute: 1
id: mlp_moelayer ,Total cycles spent on weight grad compute: 1
id: mlp_moelayer ,Total cycles spent on input grad compute: 1
id: mlp_moelayer ,Total cycles spent idle waiting for fwd finish: 373986
id: mlp_moelayer ,Total cycles spent idle waiting for weight grad finish: 0
id: mlp_moelayer ,Total cycles spent idle waiting for input grad finish: 373986
id: mlp_moelayer ,Total cycles spent on fwd pass comm: 373986
id: mlp_moelayer ,Total cycles spent on weight grad comm: 0
id: mlp_moelayer ,Total cycles spent on input grad comm: 373986
*******************
Layer id: mlp_moelayer
Total collectives issued for this layer: 2
*************************  Workload stats  ************************* mlp_moelayer
id: mlp_moelayer ,Total cycles spent on fwd pass compute: 1
id: mlp_moelayer ,Total cycles spent on weight grad compute: 1
id: mlp_moelayer ,Total cycles spent on input grad compute: 1
id: mlp_moelayer ,Total cycles spent idle waiting for fwd finish: 373987
id: mlp_moelayer ,Total cycles spent idle waiting for weight grad finish: 0
id: mlp_moelayer ,Total cycles spent idle waiting for input grad finish: 373987
id: mlp_moelayer ,Total cycles spent on fwd pass comm: 373987
id: mlp_moelayer ,Total cycles spent on weight grad comm: 0
id: mlp_moelayer ,Total cycles spent on input grad comm: 373987
*******************
Layer id: mlp_moelayer
Total collectives issued for this layer: 2
*************************  Workload stats  ************************* mlp_moelayer
id: mlp_moelayer ,Total cycles spent on fwd pass compute: 1
id: mlp_moelayer ,Total cycles spent on weight grad compute: 1
id: mlp_moelayer ,Total cycles spent on input grad compute: 1
id: mlp_moelayer ,Total cycles spent idle waiting for fwd finish: 94367
id: mlp_moelayer ,Total cycles spent idle waiting for weight grad finish: 0
id: mlp_moelayer ,Total cycles spent idle waiting for input grad finish: 94367
id: mlp_moelayer ,Total cycles spent on fwd pass comm: 94367
id: mlp_moelayer ,Total cycles spent on weight grad comm: 0
id: mlp_moelayer ,Total cycles spent on input grad comm: 94367
*******************
Layer id: final_column
Total collectives issued for this layer: 1
*************************  Workload stats  ************************* final_column
id: final_column ,Total cycles spent on fwd pass compute: 1
id: final_column ,Total cycles spent on weight grad compute: 1
id: final_column ,Total cycles spent on input grad compute: 1
id: final_column ,Total cycles spent idle waiting for fwd finish: 187574
id: final_column ,Total cycles spent idle waiting for weight grad finish: 0
id: final_column ,Total cycles spent idle waiting for input grad finish: 0
id: final_column ,Total cycles spent on fwd pass comm: 187574
id: final_column ,Total cycles spent on weight grad comm: 0
id: final_column ,Total cycles spent on input grad comm: 0
*******************
Layer id: embedding_norm
Total collectives issued for this layer: 1
*************************  Workload stats  ************************* embedding_norm
id: embedding_norm ,Total cycles spent on fwd pass compute: 1
id: embedding_norm ,Total cycles spent on weight grad compute: 1
id: embedding_norm ,Total cycles spent on input grad compute: 1
id: embedding_norm ,Total cycles spent idle waiting for fwd finish: 2914914
id: embedding_norm ,Total cycles spent idle waiting for weight grad finish: 0
id: embedding_norm ,Total cycles spent idle waiting for input grad finish: 0
id: embedding_norm ,Total cycles spent on fwd pass comm: 2914914
id: embedding_norm ,Total cycles spent on weight grad comm: 0
id: embedding_norm ,Total cycles spent on input grad comm: 0
*******************
Layer id: cross_entropy1
Total collectives issued for this layer: 1
*************************  Workload stats  ************************* cross_entropy1
id: cross_entropy1 ,Total cycles spent on fwd pass compute: 0
id: cross_entropy1 ,Total cycles spent on weight grad compute: 0
id: cross_entropy1 ,Total cycles spent on input grad compute: 0
id: cross_entropy1 ,Total cycles spent idle waiting for fwd finish: 2339
id: cross_entropy1 ,Total cycles spent idle waiting for weight grad finish: 0
id: cross_entropy1 ,Total cycles spent idle waiting for input grad finish: 0
id: cross_entropy1 ,Total cycles spent on fwd pass comm: 2339
id: cross_entropy1 ,Total cycles spent on weight grad comm: 0
id: cross_entropy1 ,Total cycles spent on input grad comm: 0
*******************
Layer id: cross_entropy2
Total collectives issued for this layer: 1
*************************  Workload stats  ************************* cross_entropy2
id: cross_entropy2 ,Total cycles spent on fwd pass compute: 0
id: cross_entropy2 ,Total cycles spent on weight grad compute: 0
id: cross_entropy2 ,Total cycles spent on input grad compute: 0
id: cross_entropy2 ,Total cycles spent idle waiting for fwd finish: 2339
id: cross_entropy2 ,Total cycles spent idle waiting for weight grad finish: 0
id: cross_entropy2 ,Total cycles spent idle waiting for input grad finish: 0
id: cross_entropy2 ,Total cycles spent on fwd pass comm: 2339
id: cross_entropy2 ,Total cycles spent on weight grad comm: 0
id: cross_entropy2 ,Total cycles spent on input grad comm: 0
*******************
Layer id: cross_entropy3
Total collectives issued for this layer: 1
*************************  Workload stats  ************************* cross_entropy3
id: cross_entropy3 ,Total cycles spent on fwd pass compute: 0
id: cross_entropy3 ,Total cycles spent on weight grad compute: 0
id: cross_entropy3 ,Total cycles spent on input grad compute: 0
id: cross_entropy3 ,Total cycles spent idle waiting for fwd finish: 2339
id: cross_entropy3 ,Total cycles spent idle waiting for weight grad finish: 0
id: cross_entropy3 ,Total cycles spent idle waiting for input grad finish: 0
id: cross_entropy3 ,Total cycles spent on fwd pass comm: 2339
id: cross_entropy3 ,Total cycles spent on weight grad comm: 0
id: cross_entropy3 ,Total cycles spent on input grad comm: 0
*******************
Layer id: optimizer1
Total collectives issued for this layer: 1
*************************  Workload stats  ************************* optimizer1
id: optimizer1 ,Total cycles spent on fwd pass compute: 0
id: optimizer1 ,Total cycles spent on weight grad compute: 0
id: optimizer1 ,Total cycles spent on input grad compute: 0
id: optimizer1 ,Total cycles spent idle waiting for fwd finish: 2247
id: optimizer1 ,Total cycles spent idle waiting for weight grad finish: 0
id: optimizer1 ,Total cycles spent idle waiting for input grad finish: 0
id: optimizer1 ,Total cycles spent on fwd pass comm: 2247
id: optimizer1 ,Total cycles spent on weight grad comm: 0
id: optimizer1 ,Total cycles spent on input grad comm: 0
*******************
Layer id: optimizer2
Total collectives issued for this layer: 1
*************************  Workload stats  ************************* optimizer2
id: optimizer2 ,Total cycles spent on fwd pass compute: 0
id: optimizer2 ,Total cycles spent on weight grad compute: 0
id: optimizer2 ,Total cycles spent on input grad compute: 0
id: optimizer2 ,Total cycles spent idle waiting for fwd finish: 2247
id: optimizer2 ,Total cycles spent idle waiting for weight grad finish: 0
id: optimizer2 ,Total cycles spent idle waiting for input grad finish: 0
id: optimizer2 ,Total cycles spent on fwd pass comm: 2247
id: optimizer2 ,Total cycles spent on weight grad comm: 0
id: optimizer2 ,Total cycles spent on input grad comm: 0
*******************
Layer id: optimizer3
Total collectives issued for this layer: 1
*************************  Workload stats  ************************* optimizer3
id: optimizer3 ,Total cycles spent on fwd pass compute: 0
id: optimizer3 ,Total cycles spent on weight grad compute: 0
id: optimizer3 ,Total cycles spent on input grad compute: 0
id: optimizer3 ,Total cycles spent idle waiting for fwd finish: 2247
id: optimizer3 ,Total cycles spent idle waiting for weight grad finish: 0
id: optimizer3 ,Total cycles spent idle waiting for input grad finish: 0
id: optimizer3 ,Total cycles spent on fwd pass comm: 2247
id: optimizer3 ,Total cycles spent on weight grad comm: 0
id: optimizer3 ,Total cycles spent on input grad comm: 0
*******************
Layer id: optimizer4
Total collectives issued for this layer: 1
*************************  Workload stats  ************************* optimizer4
id: optimizer4 ,Total cycles spent on fwd pass compute: 0
id: optimizer4 ,Total cycles spent on weight grad compute: 0
id: optimizer4 ,Total cycles spent on input grad compute: 0
id: optimizer4 ,Total cycles spent idle waiting for fwd finish: 2247
id: optimizer4 ,Total cycles spent idle waiting for weight grad finish: 0
id: optimizer4 ,Total cycles spent idle waiting for input grad finish: 0
id: optimizer4 ,Total cycles spent on fwd pass comm: 2247
id: optimizer4 ,Total cycles spent on weight grad comm: 0
id: optimizer4 ,Total cycles spent on input grad comm: 0
*************************
all passes finished at time: 184825989, id of first layer: grad_norm
path to create csvs is: ./ncclFlowModel_
success in openning file
DEBUG_SIM_END: Node 0 FINISH CONDITION MET - calling sim_finish!
Simulation completed: all workloads finished
DEBUG_SIM_END: Node 0 calling NI->sim_finish()
DEBUG_SIM_FINISH: Entering sim_finish() for rank 0
DEBUG_SIM_FINISH: nodeHash size: 64
DEBUG_SIM_FINISH: Printing per-node statistics:
All data sent from node 0 is 20722401280
All data received by node 0 is 20722401280
All data sent from node 1 is 20722401280
All data received by node 1 is 20722401280
All data sent from node 2 is 1572356096
All data received by node 2 is 1572356096
All data sent from node 3 is 1572356096
All data received by node 3 is 1572356096
All data sent from node 4 is 1572356096
All data received by node 4 is 1572356096
All data sent from node 5 is 1572356096
All data received by node 5 is 1572356096
All data sent from node 6 is 1572356096
All data received by node 6 is 1572356096
All data sent from node 7 is 1572356096
All data received by node 7 is 1572356096
All data sent from node 8 is 1572356096
All data received by node 8 is 1572356096
All data sent from node 9 is 1572356096
All data received by node 9 is 1572356096
All data sent from node 10 is 1572356096
All data received by node 10 is 1572356096
All data sent from node 11 is 1572356096
All data received by node 11 is 1572356096
All data sent from node 12 is 1572356096
All data received by node 12 is 1572356096
All data sent from node 13 is 1572356096
All data received by node 13 is 1572356096
All data sent from node 14 is 1572356096
All data received by node 14 is 1572356096
All data sent from node 15 is 1572356096
All data received by node 15 is 1572356096
All data sent from node 16 is 1572356096
All data received by node 16 is 1572356096
All data sent from node 17 is 1572356096
All data received by node 17 is 1572356096
All data sent from node 18 is 1572356096
All data received by node 18 is 1572356096
All data sent from node 19 is 1572356096
All data received by node 19 is 1572356096
All data sent from node 20 is 1572356096
All data received by node 20 is 1572356096
All data sent from node 21 is 1572356096
All data received by node 21 is 1572356096
All data sent from node 22 is 1572356096
All data received by node 22 is 1572356096
All data sent from node 23 is 1572356096
All data received by node 23 is 1572356096
All data sent from node 24 is 1572356096
All data received by node 24 is 1572356096
All data sent from node 25 is 1572356096
All data received by node 25 is 1572356096
All data sent from node 26 is 1572356096
All data received by node 26 is 1572356096
All data sent from node 27 is 1572356096
All data received by node 27 is 1572356096
All data sent from node 28 is 1572356096
All data received by node 28 is 1572356096
All data sent from node 29 is 1572356096
All data received by node 29 is 1572356096
All data sent from node 30 is 1572356096
All data received by node 30 is 1572356096
All data sent from node 31 is 1572356096
All data received by node 31 is 1572356096
DEBUG_SIM_FINISH: Completed processing in sim_finish(), returning normally
*****
Time to exit: Wed Aug 27 01:05:31 2025
all-reduce Collective implementation: NcclFlowModel
reduce-scatter Collective implementation: NcclFlowModel
all-gather Collective implementation: NcclFlowModel
all-to-all Collective implementation: NcclFlowModel
Collective optimization: baseline
Total sim duration: 0:2 hours
Total streams injected: 529
Total streams finished: 529
Percentage of finished streams: 100 %
DEBUG_FINAL_COUNT: Node 0 final stream_counter value: 529

*****
Debug: Simulator::Run() completed
Debug: Simulator stopped
Debug: Simulator destroyed
