[TOPOLOGY_DEBUG] Setting up network topology:
[TOPOLOGY_DEBUG]   node_num=32 gpus_per_server=8
[TOPOLOGY_DEBUG]   nvswitch_num=0 switch_num=0
[TOPOLOGY_DEBUG]   link_num=496 enable_ub_mesh=0
[UB_MESH_DEBUG] Detected UB mesh topology - implementing distributed routing
[LINK_DEBUG] Creating link 0: src=0 dst=1 rate=7200Gbps delay=0.000025ms original_switch_id=0 effective_switch_id=0
[LINK_DEBUG] Creating link 1: src=0 dst=2 rate=7200Gbps delay=0.000025ms original_switch_id=0 effective_switch_id=0
[LINK_DEBUG] Creating link 2: src=0 dst=3 rate=7200Gbps delay=0.000025ms original_switch_id=0 effective_switch_id=0
[LINK_DEBUG] Creating link 3: src=0 dst=4 rate=7200Gbps delay=0.000025ms original_switch_id=0 effective_switch_id=0
[LINK_DEBUG] Creating link 4: src=0 dst=5 rate=7200Gbps delay=0.000025ms original_switch_id=0 effective_switch_id=0
[LINK_DEBUG] Creating link 5: src=0 dst=6 rate=7200Gbps delay=0.000025ms original_switch_id=0 effective_switch_id=0
[LINK_DEBUG] Creating link 6: src=0 dst=7 rate=7200Gbps delay=0.000025ms original_switch_id=0 effective_switch_id=0
[LINK_DEBUG] Creating link 7: src=0 dst=8 rate=2800Gbps delay=0.0005ms original_switch_id=0 effective_switch_id=0
[LINK_DEBUG] Creating link 8: src=0 dst=9 rate=2800Gbps delay=0.0005ms original_switch_id=0 effective_switch_id=0
[LINK_DEBUG] Creating link 9: src=0 dst=10 rate=2800Gbps delay=0.0005ms original_switch_id=0 effective_switch_id=0
[LINK_DEBUG] Creating link 10: src=0 dst=11 rate=2800Gbps delay=0.0005ms original_switch_id=0 effective_switch_id=0
[LINK_DEBUG] Creating link 11: src=0 dst=12 rate=2800Gbps delay=0.0005ms original_switch_id=0 effective_switch_id=0
[LINK_DEBUG] Creating link 12: src=0 dst=13 rate=2800Gbps delay=0.0005ms original_switch_id=0 effective_switch_id=0
[LINK_DEBUG] Creating link 13: src=0 dst=14 rate=2800Gbps delay=0.0005ms original_switch_id=0 effective_switch_id=0
[LINK_DEBUG] Creating link 14: src=0 dst=15 rate=2800Gbps delay=0.0005ms original_switch_id=0 effective_switch_id=0
[LINK_DEBUG] Creating link 15: src=0 dst=16 rate=2800Gbps delay=0.0005ms original_switch_id=0 effective_switch_id=0
[LINK_DEBUG] Creating link 16: src=0 dst=17 rate=2800Gbps delay=0.0005ms original_switch_id=0 effective_switch_id=0
[LINK_DEBUG] Creating link 17: src=0 dst=18 rate=2800Gbps delay=0.0005ms original_switch_id=0 effective_switch_id=0
[LINK_DEBUG] Creating link 18: src=0 dst=19 rate=2800Gbps delay=0.0005ms original_switch_id=0 effective_switch_id=0
[LINK_DEBUG] Creating link 19: src=0 dst=20 rate=2800Gbps delay=0.0005ms original_switch_id=0 effective_switch_id=0
[LINK_DEBUG] Creating link 20: src=0 dst=21 rate=2800Gbps delay=0.0005ms original_switch_id=0 effective_switch_id=0
[LINK_DEBUG] Creating link 21: src=0 dst=22 rate=2800Gbps delay=0.0005ms original_switch_id=0 effective_switch_id=0
[LINK_DEBUG] Creating link 22: src=0 dst=23 rate=2800Gbps delay=0.0005ms original_switch_id=0 effective_switch_id=0
[LINK_DEBUG] Creating link 23: src=0 dst=24 rate=2800Gbps delay=0.0005ms original_switch_id=0 effective_switch_id=0
[LINK_DEBUG] Creating link 24: src=0 dst=25 rate=2800Gbps delay=0.0005ms original_switch_id=0 effective_switch_id=0
[LINK_DEBUG] Creating link 25: src=0 dst=26 rate=2800Gbps delay=0.0005ms original_switch_id=0 effective_switch_id=0
[LINK_DEBUG] Creating link 26: src=0 dst=27 rate=2800Gbps delay=0.0005ms original_switch_id=0 effective_switch_id=0
[LINK_DEBUG] Creating link 27: src=0 dst=28 rate=2800Gbps delay=0.0005ms original_switch_id=0 effective_switch_id=0
[LINK_DEBUG] Creating link 28: src=0 dst=29 rate=2800Gbps delay=0.0005ms original_switch_id=0 effective_switch_id=0
[LINK_DEBUG] Creating link 29: src=0 dst=30 rate=2800Gbps delay=0.0005ms original_switch_id=0 effective_switch_id=0
[LINK_DEBUG] Creating link 30: src=0 dst=31 rate=2800Gbps delay=0.0005ms original_switch_id=0 effective_switch_id=0
[LINK_DEBUG] Creating link 31: src=1 dst=2 rate=7200Gbps delay=0.000025ms original_switch_id=0 effective_switch_id=1
[LINK_DEBUG] Creating link 32: src=1 dst=3 rate=7200Gbps delay=0.000025ms original_switch_id=0 effective_switch_id=1
[LINK_DEBUG] Creating link 33: src=1 dst=4 rate=7200Gbps delay=0.000025ms original_switch_id=0 effective_switch_id=1
[LINK_DEBUG] Creating link 34: src=1 dst=5 rate=7200Gbps delay=0.000025ms original_switch_id=0 effective_switch_id=1
[LINK_DEBUG] Creating link 35: src=1 dst=6 rate=7200Gbps delay=0.000025ms original_switch_id=0 effective_switch_id=1
[LINK_DEBUG] Creating link 36: src=1 dst=7 rate=7200Gbps delay=0.000025ms original_switch_id=0 effective_switch_id=1
[LINK_DEBUG] Creating link 37: src=1 dst=8 rate=2800Gbps delay=0.0005ms original_switch_id=0 effective_switch_id=1
[LINK_DEBUG] Creating link 38: src=1 dst=9 rate=2800Gbps delay=0.0005ms original_switch_id=0 effective_switch_id=1
[LINK_DEBUG] Creating link 39: src=1 dst=10 rate=2800Gbps delay=0.0005ms original_switch_id=0 effective_switch_id=1
[LINK_DEBUG] Creating link 40: src=1 dst=11 rate=2800Gbps delay=0.0005ms original_switch_id=0 effective_switch_id=1
[LINK_DEBUG] Creating link 41: src=1 dst=12 rate=2800Gbps delay=0.0005ms original_switch_id=0 effective_switch_id=1
[LINK_DEBUG] Creating link 42: src=1 dst=13 rate=2800Gbps delay=0.0005ms original_switch_id=0 effective_switch_id=1
[LINK_DEBUG] Creating link 43: src=1 dst=14 rate=2800Gbps delay=0.0005ms original_switch_id=0 effective_switch_id=1
[LINK_DEBUG] Creating link 44: src=1 dst=15 rate=2800Gbps delay=0.0005ms original_switch_id=0 effective_switch_id=1
[LINK_DEBUG] Creating link 45: src=1 dst=16 rate=2800Gbps delay=0.0005ms original_switch_id=0 effective_switch_id=1
[LINK_DEBUG] Creating link 46: src=1 dst=17 rate=2800Gbps delay=0.0005ms original_switch_id=0 effective_switch_id=1
[LINK_DEBUG] Creating link 47: src=1 dst=18 rate=2800Gbps delay=0.0005ms original_switch_id=0 effective_switch_id=1
[LINK_DEBUG] Creating link 48: src=1 dst=19 rate=2800Gbps delay=0.0005ms original_switch_id=0 effective_switch_id=1
[LINK_DEBUG] Creating link 49: src=1 dst=20 rate=2800Gbps delay=0.0005ms original_switch_id=0 effective_switch_id=1
[LINK_DEBUG] Creating link 50: src=1 dst=21 rate=2800Gbps delay=0.0005ms original_switch_id=0 effective_switch_id=1
[LINK_DEBUG] Creating link 51: src=1 dst=22 rate=2800Gbps delay=0.0005ms original_switch_id=0 effective_switch_id=1
[LINK_DEBUG] Creating link 52: src=1 dst=23 rate=2800Gbps delay=0.0005ms original_switch_id=0 effective_switch_id=1
[LINK_DEBUG] Creating link 53: src=1 dst=24 rate=2800Gbps delay=0.0005ms original_switch_id=0 effective_switch_id=1
[LINK_DEBUG] Creating link 54: src=1 dst=25 rate=2800Gbps delay=0.0005ms original_switch_id=0 effective_switch_id=1
[LINK_DEBUG] Creating link 55: src=1 dst=26 rate=2800Gbps delay=0.0005ms original_switch_id=0 effective_switch_id=1
[LINK_DEBUG] Creating link 56: src=1 dst=27 rate=2800Gbps delay=0.0005ms original_switch_id=0 effective_switch_id=1
[LINK_DEBUG] Creating link 57: src=1 dst=28 rate=2800Gbps delay=0.0005ms original_switch_id=0 effective_switch_id=1
[LINK_DEBUG] Creating link 58: src=1 dst=29 rate=2800Gbps delay=0.0005ms original_switch_id=0 effective_switch_id=1
[LINK_DEBUG] Creating link 59: src=1 dst=30 rate=2800Gbps delay=0.0005ms original_switch_id=0 effective_switch_id=1
[LINK_DEBUG] Creating link 60: src=1 dst=31 rate=2800Gbps delay=0.0005ms original_switch_id=0 effective_switch_id=1
[LINK_DEBUG] Creating link 61: src=2 dst=3 rate=7200Gbps delay=0.000025ms original_switch_id=0 effective_switch_id=2
[LINK_DEBUG] Creating link 62: src=2 dst=4 rate=7200Gbps delay=0.000025ms original_switch_id=0 effective_switch_id=2
[LINK_DEBUG] Creating link 63: src=2 dst=5 rate=7200Gbps delay=0.000025ms original_switch_id=0 effective_switch_id=2
[LINK_DEBUG] Creating link 64: src=2 dst=6 rate=7200Gbps delay=0.000025ms original_switch_id=0 effective_switch_id=2
[LINK_DEBUG] Creating link 65: src=2 dst=7 rate=7200Gbps delay=0.000025ms original_switch_id=0 effective_switch_id=2
[LINK_DEBUG] Creating link 66: src=2 dst=8 rate=2800Gbps delay=0.0005ms original_switch_id=0 effective_switch_id=2
[LINK_DEBUG] Creating link 67: src=2 dst=9 rate=2800Gbps delay=0.0005ms original_switch_id=0 effective_switch_id=2
[LINK_DEBUG] Creating link 68: src=2 dst=10 rate=2800Gbps delay=0.0005ms original_switch_id=0 effective_switch_id=2
[LINK_DEBUG] Creating link 69: src=2 dst=11 rate=2800Gbps delay=0.0005ms original_switch_id=0 effective_switch_id=2
[LINK_DEBUG] Creating link 70: src=2 dst=12 rate=2800Gbps delay=0.0005ms original_switch_id=0 effective_switch_id=2
[LINK_DEBUG] Creating link 71: src=2 dst=13 rate=2800Gbps delay=0.0005ms original_switch_id=0 effective_switch_id=2
[LINK_DEBUG] Creating link 72: src=2 dst=14 rate=2800Gbps delay=0.0005ms original_switch_id=0 effective_switch_id=2
[LINK_DEBUG] Creating link 73: src=2 dst=15 rate=2800Gbps delay=0.0005ms original_switch_id=0 effective_switch_id=2
[LINK_DEBUG] Creating link 74: src=2 dst=16 rate=2800Gbps delay=0.0005ms original_switch_id=0 effective_switch_id=2
[LINK_DEBUG] Creating link 75: src=2 dst=17 rate=2800Gbps delay=0.0005ms original_switch_id=0 effective_switch_id=2
[LINK_DEBUG] Creating link 76: src=2 dst=18 rate=2800Gbps delay=0.0005ms original_switch_id=0 effective_switch_id=2
[LINK_DEBUG] Creating link 77: src=2 dst=19 rate=2800Gbps delay=0.0005ms original_switch_id=0 effective_switch_id=2
[LINK_DEBUG] Creating link 78: src=2 dst=20 rate=2800Gbps delay=0.0005ms original_switch_id=0 effective_switch_id=2
[LINK_DEBUG] Creating link 79: src=2 dst=21 rate=2800Gbps delay=0.0005ms original_switch_id=0 effective_switch_id=2
[LINK_DEBUG] Creating link 80: src=2 dst=22 rate=2800Gbps delay=0.0005ms original_switch_id=0 effective_switch_id=2
[LINK_DEBUG] Creating link 81: src=2 dst=23 rate=2800Gbps delay=0.0005ms original_switch_id=0 effective_switch_id=2
[LINK_DEBUG] Creating link 82: src=2 dst=24 rate=2800Gbps delay=0.0005ms original_switch_id=0 effective_switch_id=2
[LINK_DEBUG] Creating link 83: src=2 dst=25 rate=2800Gbps delay=0.0005ms original_switch_id=0 effective_switch_id=2
[LINK_DEBUG] Creating link 84: src=2 dst=26 rate=2800Gbps delay=0.0005ms original_switch_id=0 effective_switch_id=2
[LINK_DEBUG] Creating link 85: src=2 dst=27 rate=2800Gbps delay=0.0005ms original_switch_id=0 effective_switch_id=2
[LINK_DEBUG] Creating link 86: src=2 dst=28 rate=2800Gbps delay=0.0005ms original_switch_id=0 effective_switch_id=2
[LINK_DEBUG] Creating link 87: src=2 dst=29 rate=2800Gbps delay=0.0005ms original_switch_id=0 effective_switch_id=2
[LINK_DEBUG] Creating link 88: src=2 dst=30 rate=2800Gbps delay=0.0005ms original_switch_id=0 effective_switch_id=2
[LINK_DEBUG] Creating link 89: src=2 dst=31 rate=2800Gbps delay=0.0005ms original_switch_id=0 effective_switch_id=2
[LINK_DEBUG] Creating link 90: src=3 dst=4 rate=7200Gbps delay=0.000025ms original_switch_id=0 effective_switch_id=3
[LINK_DEBUG] Creating link 91: src=3 dst=5 rate=7200Gbps delay=0.000025ms original_switch_id=0 effective_switch_id=3
[LINK_DEBUG] Creating link 92: src=3 dst=6 rate=7200Gbps delay=0.000025ms original_switch_id=0 effective_switch_id=3
[LINK_DEBUG] Creating link 93: src=3 dst=7 rate=7200Gbps delay=0.000025ms original_switch_id=0 effective_switch_id=3
[LINK_DEBUG] Creating link 94: src=3 dst=8 rate=2800Gbps delay=0.0005ms original_switch_id=0 effective_switch_id=3
[LINK_DEBUG] Creating link 95: src=3 dst=9 rate=2800Gbps delay=0.0005ms original_switch_id=0 effective_switch_id=3
[LINK_DEBUG] Creating link 96: src=3 dst=10 rate=2800Gbps delay=0.0005ms original_switch_id=0 effective_switch_id=3
[LINK_DEBUG] Creating link 97: src=3 dst=11 rate=2800Gbps delay=0.0005ms original_switch_id=0 effective_switch_id=3
[LINK_DEBUG] Creating link 98: src=3 dst=12 rate=2800Gbps delay=0.0005ms original_switch_id=0 effective_switch_id=3
[LINK_DEBUG] Creating link 99: src=3 dst=13 rate=2800Gbps delay=0.0005ms original_switch_id=0 effective_switch_id=3
[LINK_DEBUG] Creating link 100: src=3 dst=14 rate=2800Gbps delay=0.0005ms original_switch_id=0 effective_switch_id=3
[LINK_DEBUG] Creating link 101: src=3 dst=15 rate=2800Gbps delay=0.0005ms original_switch_id=0 effective_switch_id=3
[LINK_DEBUG] Creating link 102: src=3 dst=16 rate=2800Gbps delay=0.0005ms original_switch_id=0 effective_switch_id=3
[LINK_DEBUG] Creating link 103: src=3 dst=17 rate=2800Gbps delay=0.0005ms original_switch_id=0 effective_switch_id=3
[LINK_DEBUG] Creating link 104: src=3 dst=18 rate=2800Gbps delay=0.0005ms original_switch_id=0 effective_switch_id=3
[LINK_DEBUG] Creating link 105: src=3 dst=19 rate=2800Gbps delay=0.0005ms original_switch_id=0 effective_switch_id=3
[LINK_DEBUG] Creating link 106: src=3 dst=20 rate=2800Gbps delay=0.0005ms original_switch_id=0 effective_switch_id=3
[LINK_DEBUG] Creating link 107: src=3 dst=21 rate=2800Gbps delay=0.0005ms original_switch_id=0 effective_switch_id=3
[LINK_DEBUG] Creating link 108: src=3 dst=22 rate=2800Gbps delay=0.0005ms original_switch_id=0 effective_switch_id=3
[LINK_DEBUG] Creating link 109: src=3 dst=23 rate=2800Gbps delay=0.0005ms original_switch_id=0 effective_switch_id=3
[LINK_DEBUG] Creating link 110: src=3 dst=24 rate=2800Gbps delay=0.0005ms original_switch_id=0 effective_switch_id=3
[LINK_DEBUG] Creating link 111: src=3 dst=25 rate=2800Gbps delay=0.0005ms original_switch_id=0 effective_switch_id=3
[LINK_DEBUG] Creating link 112: src=3 dst=26 rate=2800Gbps delay=0.0005ms original_switch_id=0 effective_switch_id=3
[LINK_DEBUG] Creating link 113: src=3 dst=27 rate=2800Gbps delay=0.0005ms original_switch_id=0 effective_switch_id=3
[LINK_DEBUG] Creating link 114: src=3 dst=28 rate=2800Gbps delay=0.0005ms original_switch_id=0 effective_switch_id=3
[LINK_DEBUG] Creating link 115: src=3 dst=29 rate=2800Gbps delay=0.0005ms original_switch_id=0 effective_switch_id=3
[LINK_DEBUG] Creating link 116: src=3 dst=30 rate=2800Gbps delay=0.0005ms original_switch_id=0 effective_switch_id=3
[LINK_DEBUG] Creating link 117: src=3 dst=31 rate=2800Gbps delay=0.0005ms original_switch_id=0 effective_switch_id=3
[LINK_DEBUG] Creating link 118: src=4 dst=5 rate=7200Gbps delay=0.000025ms original_switch_id=0 effective_switch_id=4
[LINK_DEBUG] Creating link 119: src=4 dst=6 rate=7200Gbps delay=0.000025ms original_switch_id=0 effective_switch_id=4
[LINK_DEBUG] Creating link 120: src=4 dst=7 rate=7200Gbps delay=0.000025ms original_switch_id=0 effective_switch_id=4
[LINK_DEBUG] Creating link 121: src=4 dst=8 rate=2800Gbps delay=0.0005ms original_switch_id=0 effective_switch_id=4
[LINK_DEBUG] Creating link 122: src=4 dst=9 rate=2800Gbps delay=0.0005ms original_switch_id=0 effective_switch_id=4
[LINK_DEBUG] Creating link 123: src=4 dst=10 rate=2800Gbps delay=0.0005ms original_switch_id=0 effective_switch_id=4
[LINK_DEBUG] Creating link 124: src=4 dst=11 rate=2800Gbps delay=0.0005ms original_switch_id=0 effective_switch_id=4
[LINK_DEBUG] Creating link 125: src=4 dst=12 rate=2800Gbps delay=0.0005ms original_switch_id=0 effective_switch_id=4
[LINK_DEBUG] Creating link 126: src=4 dst=13 rate=2800Gbps delay=0.0005ms original_switch_id=0 effective_switch_id=4
[LINK_DEBUG] Creating link 127: src=4 dst=14 rate=2800Gbps delay=0.0005ms original_switch_id=0 effective_switch_id=4
[LINK_DEBUG] Creating link 128: src=4 dst=15 rate=2800Gbps delay=0.0005ms original_switch_id=0 effective_switch_id=4
[LINK_DEBUG] Creating link 129: src=4 dst=16 rate=2800Gbps delay=0.0005ms original_switch_id=0 effective_switch_id=4
[LINK_DEBUG] Creating link 130: src=4 dst=17 rate=2800Gbps delay=0.0005ms original_switch_id=0 effective_switch_id=4
[LINK_DEBUG] Creating link 131: src=4 dst=18 rate=2800Gbps delay=0.0005ms original_switch_id=0 effective_switch_id=4
[LINK_DEBUG] Creating link 132: src=4 dst=19 rate=2800Gbps delay=0.0005ms original_switch_id=0 effective_switch_id=4
[LINK_DEBUG] Creating link 133: src=4 dst=20 rate=2800Gbps delay=0.0005ms original_switch_id=0 effective_switch_id=4
[LINK_DEBUG] Creating link 134: src=4 dst=21 rate=2800Gbps delay=0.0005ms original_switch_id=0 effective_switch_id=4
[LINK_DEBUG] Creating link 135: src=4 dst=22 rate=2800Gbps delay=0.0005ms original_switch_id=0 effective_switch_id=4
[LINK_DEBUG] Creating link 136: src=4 dst=23 rate=2800Gbps delay=0.0005ms original_switch_id=0 effective_switch_id=4
[LINK_DEBUG] Creating link 137: src=4 dst=24 rate=2800Gbps delay=0.0005ms original_switch_id=0 effective_switch_id=4
[LINK_DEBUG] Creating link 138: src=4 dst=25 rate=2800Gbps delay=0.0005ms original_switch_id=0 effective_switch_id=4
[LINK_DEBUG] Creating link 139: src=4 dst=26 rate=2800Gbps delay=0.0005ms original_switch_id=0 effective_switch_id=4
[LINK_DEBUG] Creating link 140: src=4 dst=27 rate=2800Gbps delay=0.0005ms original_switch_id=0 effective_switch_id=4
[LINK_DEBUG] Creating link 141: src=4 dst=28 rate=2800Gbps delay=0.0005ms original_switch_id=0 effective_switch_id=4
[LINK_DEBUG] Creating link 142: src=4 dst=29 rate=2800Gbps delay=0.0005ms original_switch_id=0 effective_switch_id=4
[LINK_DEBUG] Creating link 143: src=4 dst=30 rate=2800Gbps delay=0.0005ms original_switch_id=0 effective_switch_id=4
[LINK_DEBUG] Creating link 144: src=4 dst=31 rate=2800Gbps delay=0.0005ms original_switch_id=0 effective_switch_id=4
[LINK_DEBUG] Creating link 145: src=5 dst=6 rate=7200Gbps delay=0.000025ms original_switch_id=0 effective_switch_id=5
[LINK_DEBUG] Creating link 146: src=5 dst=7 rate=7200Gbps delay=0.000025ms original_switch_id=0 effective_switch_id=5
[LINK_DEBUG] Creating link 147: src=5 dst=8 rate=2800Gbps delay=0.0005ms original_switch_id=0 effective_switch_id=5
[LINK_DEBUG] Creating link 148: src=5 dst=9 rate=2800Gbps delay=0.0005ms original_switch_id=0 effective_switch_id=5
[LINK_DEBUG] Creating link 149: src=5 dst=10 rate=2800Gbps delay=0.0005ms original_switch_id=0 effective_switch_id=5
[LINK_DEBUG] Creating link 150: src=5 dst=11 rate=2800Gbps delay=0.0005ms original_switch_id=0 effective_switch_id=5
[LINK_DEBUG] Creating link 151: src=5 dst=12 rate=2800Gbps delay=0.0005ms original_switch_id=0 effective_switch_id=5
[LINK_DEBUG] Creating link 152: src=5 dst=13 rate=2800Gbps delay=0.0005ms original_switch_id=0 effective_switch_id=5
[LINK_DEBUG] Creating link 153: src=5 dst=14 rate=2800Gbps delay=0.0005ms original_switch_id=0 effective_switch_id=5
[LINK_DEBUG] Creating link 154: src=5 dst=15 rate=2800Gbps delay=0.0005ms original_switch_id=0 effective_switch_id=5
[LINK_DEBUG] Creating link 155: src=5 dst=16 rate=2800Gbps delay=0.0005ms original_switch_id=0 effective_switch_id=5
[LINK_DEBUG] Creating link 156: src=5 dst=17 rate=2800Gbps delay=0.0005ms original_switch_id=0 effective_switch_id=5
[LINK_DEBUG] Creating link 157: src=5 dst=18 rate=2800Gbps delay=0.0005ms original_switch_id=0 effective_switch_id=5
[LINK_DEBUG] Creating link 158: src=5 dst=19 rate=2800Gbps delay=0.0005ms original_switch_id=0 effective_switch_id=5
[LINK_DEBUG] Creating link 159: src=5 dst=20 rate=2800Gbps delay=0.0005ms original_switch_id=0 effective_switch_id=5
[LINK_DEBUG] Creating link 160: src=5 dst=21 rate=2800Gbps delay=0.0005ms original_switch_id=0 effective_switch_id=5
[LINK_DEBUG] Creating link 161: src=5 dst=22 rate=2800Gbps delay=0.0005ms original_switch_id=0 effective_switch_id=5
[LINK_DEBUG] Creating link 162: src=5 dst=23 rate=2800Gbps delay=0.0005ms original_switch_id=0 effective_switch_id=5
[LINK_DEBUG] Creating link 163: src=5 dst=24 rate=2800Gbps delay=0.0005ms original_switch_id=0 effective_switch_id=5
[LINK_DEBUG] Creating link 164: src=5 dst=25 rate=2800Gbps delay=0.0005ms original_switch_id=0 effective_switch_id=5
[LINK_DEBUG] Creating link 165: src=5 dst=26 rate=2800Gbps delay=0.0005ms original_switch_id=0 effective_switch_id=5
[LINK_DEBUG] Creating link 166: src=5 dst=27 rate=2800Gbps delay=0.0005ms original_switch_id=0 effective_switch_id=5
[LINK_DEBUG] Creating link 167: src=5 dst=28 rate=2800Gbps delay=0.0005ms original_switch_id=0 effective_switch_id=5
[LINK_DEBUG] Creating link 168: src=5 dst=29 rate=2800Gbps delay=0.0005ms original_switch_id=0 effective_switch_id=5
[LINK_DEBUG] Creating link 169: src=5 dst=30 rate=2800Gbps delay=0.0005ms original_switch_id=0 effective_switch_id=5
[LINK_DEBUG] Creating link 170: src=5 dst=31 rate=2800Gbps delay=0.0005ms original_switch_id=0 effective_switch_id=5
[LINK_DEBUG] Creating link 171: src=6 dst=7 rate=7200Gbps delay=0.000025ms original_switch_id=0 effective_switch_id=6
[LINK_DEBUG] Creating link 172: src=6 dst=8 rate=2800Gbps delay=0.0005ms original_switch_id=0 effective_switch_id=6
[LINK_DEBUG] Creating link 173: src=6 dst=9 rate=2800Gbps delay=0.0005ms original_switch_id=0 effective_switch_id=6
[LINK_DEBUG] Creating link 174: src=6 dst=10 rate=2800Gbps delay=0.0005ms original_switch_id=0 effective_switch_id=6
[LINK_DEBUG] Creating link 175: src=6 dst=11 rate=2800Gbps delay=0.0005ms original_switch_id=0 effective_switch_id=6
[LINK_DEBUG] Creating link 176: src=6 dst=12 rate=2800Gbps delay=0.0005ms original_switch_id=0 effective_switch_id=6
[LINK_DEBUG] Creating link 177: src=6 dst=13 rate=2800Gbps delay=0.0005ms original_switch_id=0 effective_switch_id=6
[LINK_DEBUG] Creating link 178: src=6 dst=14 rate=2800Gbps delay=0.0005ms original_switch_id=0 effective_switch_id=6
[LINK_DEBUG] Creating link 179: src=6 dst=15 rate=2800Gbps delay=0.0005ms original_switch_id=0 effective_switch_id=6
[LINK_DEBUG] Creating link 180: src=6 dst=16 rate=2800Gbps delay=0.0005ms original_switch_id=0 effective_switch_id=6
[LINK_DEBUG] Creating link 181: src=6 dst=17 rate=2800Gbps delay=0.0005ms original_switch_id=0 effective_switch_id=6
[LINK_DEBUG] Creating link 182: src=6 dst=18 rate=2800Gbps delay=0.0005ms original_switch_id=0 effective_switch_id=6
[LINK_DEBUG] Creating link 183: src=6 dst=19 rate=2800Gbps delay=0.0005ms original_switch_id=0 effective_switch_id=6
[LINK_DEBUG] Creating link 184: src=6 dst=20 rate=2800Gbps delay=0.0005ms original_switch_id=0 effective_switch_id=6
[LINK_DEBUG] Creating link 185: src=6 dst=21 rate=2800Gbps delay=0.0005ms original_switch_id=0 effective_switch_id=6
[LINK_DEBUG] Creating link 186: src=6 dst=22 rate=2800Gbps delay=0.0005ms original_switch_id=0 effective_switch_id=6
[LINK_DEBUG] Creating link 187: src=6 dst=23 rate=2800Gbps delay=0.0005ms original_switch_id=0 effective_switch_id=6
[LINK_DEBUG] Creating link 188: src=6 dst=24 rate=2800Gbps delay=0.0005ms original_switch_id=0 effective_switch_id=6
[LINK_DEBUG] Creating link 189: src=6 dst=25 rate=2800Gbps delay=0.0005ms original_switch_id=0 effective_switch_id=6
[LINK_DEBUG] Creating link 190: src=6 dst=26 rate=2800Gbps delay=0.0005ms original_switch_id=0 effective_switch_id=6
[LINK_DEBUG] Creating link 191: src=6 dst=27 rate=2800Gbps delay=0.0005ms original_switch_id=0 effective_switch_id=6
[LINK_DEBUG] Creating link 192: src=6 dst=28 rate=2800Gbps delay=0.0005ms original_switch_id=0 effective_switch_id=6
[LINK_DEBUG] Creating link 193: src=6 dst=29 rate=2800Gbps delay=0.0005ms original_switch_id=0 effective_switch_id=6
[LINK_DEBUG] Creating link 194: src=6 dst=30 rate=2800Gbps delay=0.0005ms original_switch_id=0 effective_switch_id=6
[LINK_DEBUG] Creating link 195: src=6 dst=31 rate=2800Gbps delay=0.0005ms original_switch_id=0 effective_switch_id=6
[LINK_DEBUG] Creating link 196: src=7 dst=8 rate=2800Gbps delay=0.0005ms original_switch_id=0 effective_switch_id=7
[LINK_DEBUG] Creating link 197: src=7 dst=9 rate=2800Gbps delay=0.0005ms original_switch_id=0 effective_switch_id=7
[LINK_DEBUG] Creating link 198: src=7 dst=10 rate=2800Gbps delay=0.0005ms original_switch_id=0 effective_switch_id=7
[LINK_DEBUG] Creating link 199: src=7 dst=11 rate=2800Gbps delay=0.0005ms original_switch_id=0 effective_switch_id=7
[LINK_DEBUG] Creating link 200: src=7 dst=12 rate=2800Gbps delay=0.0005ms original_switch_id=0 effective_switch_id=7
[LINK_DEBUG] Creating link 201: src=7 dst=13 rate=2800Gbps delay=0.0005ms original_switch_id=0 effective_switch_id=7
[LINK_DEBUG] Creating link 202: src=7 dst=14 rate=2800Gbps delay=0.0005ms original_switch_id=0 effective_switch_id=7
[LINK_DEBUG] Creating link 203: src=7 dst=15 rate=2800Gbps delay=0.0005ms original_switch_id=0 effective_switch_id=7
[LINK_DEBUG] Creating link 204: src=7 dst=16 rate=2800Gbps delay=0.0005ms original_switch_id=0 effective_switch_id=7
[LINK_DEBUG] Creating link 205: src=7 dst=17 rate=2800Gbps delay=0.0005ms original_switch_id=0 effective_switch_id=7
[LINK_DEBUG] Creating link 206: src=7 dst=18 rate=2800Gbps delay=0.0005ms original_switch_id=0 effective_switch_id=7
[LINK_DEBUG] Creating link 207: src=7 dst=19 rate=2800Gbps delay=0.0005ms original_switch_id=0 effective_switch_id=7
[LINK_DEBUG] Creating link 208: src=7 dst=20 rate=2800Gbps delay=0.0005ms original_switch_id=0 effective_switch_id=7
[LINK_DEBUG] Creating link 209: src=7 dst=21 rate=2800Gbps delay=0.0005ms original_switch_id=0 effective_switch_id=7
[LINK_DEBUG] Creating link 210: src=7 dst=22 rate=2800Gbps delay=0.0005ms original_switch_id=0 effective_switch_id=7
[LINK_DEBUG] Creating link 211: src=7 dst=23 rate=2800Gbps delay=0.0005ms original_switch_id=0 effective_switch_id=7
[LINK_DEBUG] Creating link 212: src=7 dst=24 rate=2800Gbps delay=0.0005ms original_switch_id=0 effective_switch_id=7
[LINK_DEBUG] Creating link 213: src=7 dst=25 rate=2800Gbps delay=0.0005ms original_switch_id=0 effective_switch_id=7
[LINK_DEBUG] Creating link 214: src=7 dst=26 rate=2800Gbps delay=0.0005ms original_switch_id=0 effective_switch_id=7
[LINK_DEBUG] Creating link 215: src=7 dst=27 rate=2800Gbps delay=0.0005ms original_switch_id=0 effective_switch_id=7
[LINK_DEBUG] Creating link 216: src=7 dst=28 rate=2800Gbps delay=0.0005ms original_switch_id=0 effective_switch_id=7
[LINK_DEBUG] Creating link 217: src=7 dst=29 rate=2800Gbps delay=0.0005ms original_switch_id=0 effective_switch_id=7
[LINK_DEBUG] Creating link 218: src=7 dst=30 rate=2800Gbps delay=0.0005ms original_switch_id=0 effective_switch_id=7
[LINK_DEBUG] Creating link 219: src=7 dst=31 rate=2800Gbps delay=0.0005ms original_switch_id=0 effective_switch_id=7
[LINK_DEBUG] Creating link 220: src=8 dst=9 rate=7200Gbps delay=0.000025ms original_switch_id=0 effective_switch_id=8
[LINK_DEBUG] Creating link 221: src=8 dst=10 rate=7200Gbps delay=0.000025ms original_switch_id=0 effective_switch_id=8
[LINK_DEBUG] Creating link 222: src=8 dst=11 rate=7200Gbps delay=0.000025ms original_switch_id=0 effective_switch_id=8
[LINK_DEBUG] Creating link 223: src=8 dst=12 rate=7200Gbps delay=0.000025ms original_switch_id=0 effective_switch_id=8
[LINK_DEBUG] Creating link 224: src=8 dst=13 rate=7200Gbps delay=0.000025ms original_switch_id=0 effective_switch_id=8
[LINK_DEBUG] Creating link 225: src=8 dst=14 rate=7200Gbps delay=0.000025ms original_switch_id=0 effective_switch_id=8
[LINK_DEBUG] Creating link 226: src=8 dst=15 rate=7200Gbps delay=0.000025ms original_switch_id=0 effective_switch_id=8
[LINK_DEBUG] Creating link 227: src=8 dst=16 rate=2800Gbps delay=0.0005ms original_switch_id=0 effective_switch_id=8
[LINK_DEBUG] Creating link 228: src=8 dst=17 rate=2800Gbps delay=0.0005ms original_switch_id=0 effective_switch_id=8
[LINK_DEBUG] Creating link 229: src=8 dst=18 rate=2800Gbps delay=0.0005ms original_switch_id=0 effective_switch_id=8
[LINK_DEBUG] Creating link 230: src=8 dst=19 rate=2800Gbps delay=0.0005ms original_switch_id=0 effective_switch_id=8
[LINK_DEBUG] Creating link 231: src=8 dst=20 rate=2800Gbps delay=0.0005ms original_switch_id=0 effective_switch_id=8
[LINK_DEBUG] Creating link 232: src=8 dst=21 rate=2800Gbps delay=0.0005ms original_switch_id=0 effective_switch_id=8
[LINK_DEBUG] Creating link 233: src=8 dst=22 rate=2800Gbps delay=0.0005ms original_switch_id=0 effective_switch_id=8
[LINK_DEBUG] Creating link 234: src=8 dst=23 rate=2800Gbps delay=0.0005ms original_switch_id=0 effective_switch_id=8
[LINK_DEBUG] Creating link 235: src=8 dst=24 rate=2800Gbps delay=0.0005ms original_switch_id=0 effective_switch_id=8
[LINK_DEBUG] Creating link 236: src=8 dst=25 rate=2800Gbps delay=0.0005ms original_switch_id=0 effective_switch_id=8
[LINK_DEBUG] Creating link 237: src=8 dst=26 rate=2800Gbps delay=0.0005ms original_switch_id=0 effective_switch_id=8
[LINK_DEBUG] Creating link 238: src=8 dst=27 rate=2800Gbps delay=0.0005ms original_switch_id=0 effective_switch_id=8
[LINK_DEBUG] Creating link 239: src=8 dst=28 rate=2800Gbps delay=0.0005ms original_switch_id=0 effective_switch_id=8
[LINK_DEBUG] Creating link 240: src=8 dst=29 rate=2800Gbps delay=0.0005ms original_switch_id=0 effective_switch_id=8
[LINK_DEBUG] Creating link 241: src=8 dst=30 rate=2800Gbps delay=0.0005ms original_switch_id=0 effective_switch_id=8
[LINK_DEBUG] Creating link 242: src=8 dst=31 rate=2800Gbps delay=0.0005ms original_switch_id=0 effective_switch_id=8
[LINK_DEBUG] Creating link 243: src=9 dst=10 rate=7200Gbps delay=0.000025ms original_switch_id=0 effective_switch_id=9
[LINK_DEBUG] Creating link 244: src=9 dst=11 rate=7200Gbps delay=0.000025ms original_switch_id=0 effective_switch_id=9
[LINK_DEBUG] Creating link 245: src=9 dst=12 rate=7200Gbps delay=0.000025ms original_switch_id=0 effective_switch_id=9
[LINK_DEBUG] Creating link 246: src=9 dst=13 rate=7200Gbps delay=0.000025ms original_switch_id=0 effective_switch_id=9
[LINK_DEBUG] Creating link 247: src=9 dst=14 rate=7200Gbps delay=0.000025ms original_switch_id=0 effective_switch_id=9
[LINK_DEBUG] Creating link 248: src=9 dst=15 rate=7200Gbps delay=0.000025ms original_switch_id=0 effective_switch_id=9
[LINK_DEBUG] Creating link 249: src=9 dst=16 rate=2800Gbps delay=0.0005ms original_switch_id=0 effective_switch_id=9
[LINK_DEBUG] Creating link 250: src=9 dst=17 rate=2800Gbps delay=0.0005ms original_switch_id=0 effective_switch_id=9
[LINK_DEBUG] Creating link 251: src=9 dst=18 rate=2800Gbps delay=0.0005ms original_switch_id=0 effective_switch_id=9
[LINK_DEBUG] Creating link 252: src=9 dst=19 rate=2800Gbps delay=0.0005ms original_switch_id=0 effective_switch_id=9
[LINK_DEBUG] Creating link 253: src=9 dst=20 rate=2800Gbps delay=0.0005ms original_switch_id=0 effective_switch_id=9
[LINK_DEBUG] Creating link 254: src=9 dst=21 rate=2800Gbps delay=0.0005ms original_switch_id=0 effective_switch_id=9
[LINK_DEBUG] Creating link 255: src=9 dst=22 rate=2800Gbps delay=0.0005ms original_switch_id=0 effective_switch_id=9
[LINK_DEBUG] Creating link 256: src=9 dst=23 rate=2800Gbps delay=0.0005ms original_switch_id=0 effective_switch_id=9
[LINK_DEBUG] Creating link 257: src=9 dst=24 rate=2800Gbps delay=0.0005ms original_switch_id=0 effective_switch_id=9
[LINK_DEBUG] Creating link 258: src=9 dst=25 rate=2800Gbps delay=0.0005ms original_switch_id=0 effective_switch_id=9
[LINK_DEBUG] Creating link 259: src=9 dst=26 rate=2800Gbps delay=0.0005ms original_switch_id=0 effective_switch_id=9
[LINK_DEBUG] Creating link 260: src=9 dst=27 rate=2800Gbps delay=0.0005ms original_switch_id=0 effective_switch_id=9
[LINK_DEBUG] Creating link 261: src=9 dst=28 rate=2800Gbps delay=0.0005ms original_switch_id=0 effective_switch_id=9
[LINK_DEBUG] Creating link 262: src=9 dst=29 rate=2800Gbps delay=0.0005ms original_switch_id=0 effective_switch_id=9
[LINK_DEBUG] Creating link 263: src=9 dst=30 rate=2800Gbps delay=0.0005ms original_switch_id=0 effective_switch_id=9
[LINK_DEBUG] Creating link 264: src=9 dst=31 rate=2800Gbps delay=0.0005ms original_switch_id=0 effective_switch_id=9
[LINK_DEBUG] Creating link 265: src=10 dst=11 rate=7200Gbps delay=0.000025ms original_switch_id=0 effective_switch_id=10
[LINK_DEBUG] Creating link 266: src=10 dst=12 rate=7200Gbps delay=0.000025ms original_switch_id=0 effective_switch_id=10
[LINK_DEBUG] Creating link 267: src=10 dst=13 rate=7200Gbps delay=0.000025ms original_switch_id=0 effective_switch_id=10
[LINK_DEBUG] Creating link 268: src=10 dst=14 rate=7200Gbps delay=0.000025ms original_switch_id=0 effective_switch_id=10
[LINK_DEBUG] Creating link 269: src=10 dst=15 rate=7200Gbps delay=0.000025ms original_switch_id=0 effective_switch_id=10
[LINK_DEBUG] Creating link 270: src=10 dst=16 rate=2800Gbps delay=0.0005ms original_switch_id=0 effective_switch_id=10
[LINK_DEBUG] Creating link 271: src=10 dst=17 rate=2800Gbps delay=0.0005ms original_switch_id=0 effective_switch_id=10
[LINK_DEBUG] Creating link 272: src=10 dst=18 rate=2800Gbps delay=0.0005ms original_switch_id=0 effective_switch_id=10
[LINK_DEBUG] Creating link 273: src=10 dst=19 rate=2800Gbps delay=0.0005ms original_switch_id=0 effective_switch_id=10
[LINK_DEBUG] Creating link 274: src=10 dst=20 rate=2800Gbps delay=0.0005ms original_switch_id=0 effective_switch_id=10
[LINK_DEBUG] Creating link 275: src=10 dst=21 rate=2800Gbps delay=0.0005ms original_switch_id=0 effective_switch_id=10
[LINK_DEBUG] Creating link 276: src=10 dst=22 rate=2800Gbps delay=0.0005ms original_switch_id=0 effective_switch_id=10
[LINK_DEBUG] Creating link 277: src=10 dst=23 rate=2800Gbps delay=0.0005ms original_switch_id=0 effective_switch_id=10
[LINK_DEBUG] Creating link 278: src=10 dst=24 rate=2800Gbps delay=0.0005ms original_switch_id=0 effective_switch_id=10
[LINK_DEBUG] Creating link 279: src=10 dst=25 rate=2800Gbps delay=0.0005ms original_switch_id=0 effective_switch_id=10
[LINK_DEBUG] Creating link 280: src=10 dst=26 rate=2800Gbps delay=0.0005ms original_switch_id=0 effective_switch_id=10
[LINK_DEBUG] Creating link 281: src=10 dst=27 rate=2800Gbps delay=0.0005ms original_switch_id=0 effective_switch_id=10
[LINK_DEBUG] Creating link 282: src=10 dst=28 rate=2800Gbps delay=0.0005ms original_switch_id=0 effective_switch_id=10
[LINK_DEBUG] Creating link 283: src=10 dst=29 rate=2800Gbps delay=0.0005ms original_switch_id=0 effective_switch_id=10
[LINK_DEBUG] Creating link 284: src=10 dst=30 rate=2800Gbps delay=0.0005ms original_switch_id=0 effective_switch_id=10
[LINK_DEBUG] Creating link 285: src=10 dst=31 rate=2800Gbps delay=0.0005ms original_switch_id=0 effective_switch_id=10
[LINK_DEBUG] Creating link 286: src=11 dst=12 rate=7200Gbps delay=0.000025ms original_switch_id=0 effective_switch_id=11
[LINK_DEBUG] Creating link 287: src=11 dst=13 rate=7200Gbps delay=0.000025ms original_switch_id=0 effective_switch_id=11
[LINK_DEBUG] Creating link 288: src=11 dst=14 rate=7200Gbps delay=0.000025ms original_switch_id=0 effective_switch_id=11
[LINK_DEBUG] Creating link 289: src=11 dst=15 rate=7200Gbps delay=0.000025ms original_switch_id=0 effective_switch_id=11
[LINK_DEBUG] Creating link 290: src=11 dst=16 rate=2800Gbps delay=0.0005ms original_switch_id=0 effective_switch_id=11
[LINK_DEBUG] Creating link 291: src=11 dst=17 rate=2800Gbps delay=0.0005ms original_switch_id=0 effective_switch_id=11
[LINK_DEBUG] Creating link 292: src=11 dst=18 rate=2800Gbps delay=0.0005ms original_switch_id=0 effective_switch_id=11
[LINK_DEBUG] Creating link 293: src=11 dst=19 rate=2800Gbps delay=0.0005ms original_switch_id=0 effective_switch_id=11
[LINK_DEBUG] Creating link 294: src=11 dst=20 rate=2800Gbps delay=0.0005ms original_switch_id=0 effective_switch_id=11
[LINK_DEBUG] Creating link 295: src=11 dst=21 rate=2800Gbps delay=0.0005ms original_switch_id=0 effective_switch_id=11
[LINK_DEBUG] Creating link 296: src=11 dst=22 rate=2800Gbps delay=0.0005ms original_switch_id=0 effective_switch_id=11
[LINK_DEBUG] Creating link 297: src=11 dst=23 rate=2800Gbps delay=0.0005ms original_switch_id=0 effective_switch_id=11
[LINK_DEBUG] Creating link 298: src=11 dst=24 rate=2800Gbps delay=0.0005ms original_switch_id=0 effective_switch_id=11
[LINK_DEBUG] Creating link 299: src=11 dst=25 rate=2800Gbps delay=0.0005ms original_switch_id=0 effective_switch_id=11
[LINK_DEBUG] Creating link 300: src=11 dst=26 rate=2800Gbps delay=0.0005ms original_switch_id=0 effective_switch_id=11
[LINK_DEBUG] Creating link 301: src=11 dst=27 rate=2800Gbps delay=0.0005ms original_switch_id=0 effective_switch_id=11
[LINK_DEBUG] Creating link 302: src=11 dst=28 rate=2800Gbps delay=0.0005ms original_switch_id=0 effective_switch_id=11
[LINK_DEBUG] Creating link 303: src=11 dst=29 rate=2800Gbps delay=0.0005ms original_switch_id=0 effective_switch_id=11
[LINK_DEBUG] Creating link 304: src=11 dst=30 rate=2800Gbps delay=0.0005ms original_switch_id=0 effective_switch_id=11
[LINK_DEBUG] Creating link 305: src=11 dst=31 rate=2800Gbps delay=0.0005ms original_switch_id=0 effective_switch_id=11
[LINK_DEBUG] Creating link 306: src=12 dst=13 rate=7200Gbps delay=0.000025ms original_switch_id=0 effective_switch_id=12
[LINK_DEBUG] Creating link 307: src=12 dst=14 rate=7200Gbps delay=0.000025ms original_switch_id=0 effective_switch_id=12
[LINK_DEBUG] Creating link 308: src=12 dst=15 rate=7200Gbps delay=0.000025ms original_switch_id=0 effective_switch_id=12
[LINK_DEBUG] Creating link 309: src=12 dst=16 rate=2800Gbps delay=0.0005ms original_switch_id=0 effective_switch_id=12
[LINK_DEBUG] Creating link 310: src=12 dst=17 rate=2800Gbps delay=0.0005ms original_switch_id=0 effective_switch_id=12
[LINK_DEBUG] Creating link 311: src=12 dst=18 rate=2800Gbps delay=0.0005ms original_switch_id=0 effective_switch_id=12
[LINK_DEBUG] Creating link 312: src=12 dst=19 rate=2800Gbps delay=0.0005ms original_switch_id=0 effective_switch_id=12
[LINK_DEBUG] Creating link 313: src=12 dst=20 rate=2800Gbps delay=0.0005ms original_switch_id=0 effective_switch_id=12
[LINK_DEBUG] Creating link 314: src=12 dst=21 rate=2800Gbps delay=0.0005ms original_switch_id=0 effective_switch_id=12
[LINK_DEBUG] Creating link 315: src=12 dst=22 rate=2800Gbps delay=0.0005ms original_switch_id=0 effective_switch_id=12
[LINK_DEBUG] Creating link 316: src=12 dst=23 rate=2800Gbps delay=0.0005ms original_switch_id=0 effective_switch_id=12
[LINK_DEBUG] Creating link 317: src=12 dst=24 rate=2800Gbps delay=0.0005ms original_switch_id=0 effective_switch_id=12
[LINK_DEBUG] Creating link 318: src=12 dst=25 rate=2800Gbps delay=0.0005ms original_switch_id=0 effective_switch_id=12
[LINK_DEBUG] Creating link 319: src=12 dst=26 rate=2800Gbps delay=0.0005ms original_switch_id=0 effective_switch_id=12
[LINK_DEBUG] Creating link 320: src=12 dst=27 rate=2800Gbps delay=0.0005ms original_switch_id=0 effective_switch_id=12
[LINK_DEBUG] Creating link 321: src=12 dst=28 rate=2800Gbps delay=0.0005ms original_switch_id=0 effective_switch_id=12
[LINK_DEBUG] Creating link 322: src=12 dst=29 rate=2800Gbps delay=0.0005ms original_switch_id=0 effective_switch_id=12
[LINK_DEBUG] Creating link 323: src=12 dst=30 rate=2800Gbps delay=0.0005ms original_switch_id=0 effective_switch_id=12
[LINK_DEBUG] Creating link 324: src=12 dst=31 rate=2800Gbps delay=0.0005ms original_switch_id=0 effective_switch_id=12
[LINK_DEBUG] Creating link 325: src=13 dst=14 rate=7200Gbps delay=0.000025ms original_switch_id=0 effective_switch_id=13
[LINK_DEBUG] Creating link 326: src=13 dst=15 rate=7200Gbps delay=0.000025ms original_switch_id=0 effective_switch_id=13
[LINK_DEBUG] Creating link 327: src=13 dst=16 rate=2800Gbps delay=0.0005ms original_switch_id=0 effective_switch_id=13
[LINK_DEBUG] Creating link 328: src=13 dst=17 rate=2800Gbps delay=0.0005ms original_switch_id=0 effective_switch_id=13
[LINK_DEBUG] Creating link 329: src=13 dst=18 rate=2800Gbps delay=0.0005ms original_switch_id=0 effective_switch_id=13
[LINK_DEBUG] Creating link 330: src=13 dst=19 rate=2800Gbps delay=0.0005ms original_switch_id=0 effective_switch_id=13
[LINK_DEBUG] Creating link 331: src=13 dst=20 rate=2800Gbps delay=0.0005ms original_switch_id=0 effective_switch_id=13
[LINK_DEBUG] Creating link 332: src=13 dst=21 rate=2800Gbps delay=0.0005ms original_switch_id=0 effective_switch_id=13
[LINK_DEBUG] Creating link 333: src=13 dst=22 rate=2800Gbps delay=0.0005ms original_switch_id=0 effective_switch_id=13
[LINK_DEBUG] Creating link 334: src=13 dst=23 rate=2800Gbps delay=0.0005ms original_switch_id=0 effective_switch_id=13
[LINK_DEBUG] Creating link 335: src=13 dst=24 rate=2800Gbps delay=0.0005ms original_switch_id=0 effective_switch_id=13
[LINK_DEBUG] Creating link 336: src=13 dst=25 rate=2800Gbps delay=0.0005ms original_switch_id=0 effective_switch_id=13
[LINK_DEBUG] Creating link 337: src=13 dst=26 rate=2800Gbps delay=0.0005ms original_switch_id=0 effective_switch_id=13
[LINK_DEBUG] Creating link 338: src=13 dst=27 rate=2800Gbps delay=0.0005ms original_switch_id=0 effective_switch_id=13
[LINK_DEBUG] Creating link 339: src=13 dst=28 rate=2800Gbps delay=0.0005ms original_switch_id=0 effective_switch_id=13
[LINK_DEBUG] Creating link 340: src=13 dst=29 rate=2800Gbps delay=0.0005ms original_switch_id=0 effective_switch_id=13
[LINK_DEBUG] Creating link 341: src=13 dst=30 rate=2800Gbps delay=0.0005ms original_switch_id=0 effective_switch_id=13
[LINK_DEBUG] Creating link 342: src=13 dst=31 rate=2800Gbps delay=0.0005ms original_switch_id=0 effective_switch_id=13
[LINK_DEBUG] Creating link 343: src=14 dst=15 rate=7200Gbps delay=0.000025ms original_switch_id=0 effective_switch_id=14
[LINK_DEBUG] Creating link 344: src=14 dst=16 rate=2800Gbps delay=0.0005ms original_switch_id=0 effective_switch_id=14
[LINK_DEBUG] Creating link 345: src=14 dst=17 rate=2800Gbps delay=0.0005ms original_switch_id=0 effective_switch_id=14
[LINK_DEBUG] Creating link 346: src=14 dst=18 rate=2800Gbps delay=0.0005ms original_switch_id=0 effective_switch_id=14
[LINK_DEBUG] Creating link 347: src=14 dst=19 rate=2800Gbps delay=0.0005ms original_switch_id=0 effective_switch_id=14
[LINK_DEBUG] Creating link 348: src=14 dst=20 rate=2800Gbps delay=0.0005ms original_switch_id=0 effective_switch_id=14
[LINK_DEBUG] Creating link 349: src=14 dst=21 rate=2800Gbps delay=0.0005ms original_switch_id=0 effective_switch_id=14
[LINK_DEBUG] Creating link 350: src=14 dst=22 rate=2800Gbps delay=0.0005ms original_switch_id=0 effective_switch_id=14
[LINK_DEBUG] Creating link 351: src=14 dst=23 rate=2800Gbps delay=0.0005ms original_switch_id=0 effective_switch_id=14
[LINK_DEBUG] Creating link 352: src=14 dst=24 rate=2800Gbps delay=0.0005ms original_switch_id=0 effective_switch_id=14
[LINK_DEBUG] Creating link 353: src=14 dst=25 rate=2800Gbps delay=0.0005ms original_switch_id=0 effective_switch_id=14
[LINK_DEBUG] Creating link 354: src=14 dst=26 rate=2800Gbps delay=0.0005ms original_switch_id=0 effective_switch_id=14
[LINK_DEBUG] Creating link 355: src=14 dst=27 rate=2800Gbps delay=0.0005ms original_switch_id=0 effective_switch_id=14
[LINK_DEBUG] Creating link 356: src=14 dst=28 rate=2800Gbps delay=0.0005ms original_switch_id=0 effective_switch_id=14
[LINK_DEBUG] Creating link 357: src=14 dst=29 rate=2800Gbps delay=0.0005ms original_switch_id=0 effective_switch_id=14
[LINK_DEBUG] Creating link 358: src=14 dst=30 rate=2800Gbps delay=0.0005ms original_switch_id=0 effective_switch_id=14
[LINK_DEBUG] Creating link 359: src=14 dst=31 rate=2800Gbps delay=0.0005ms original_switch_id=0 effective_switch_id=14
[LINK_DEBUG] Creating link 360: src=15 dst=16 rate=2800Gbps delay=0.0005ms original_switch_id=0 effective_switch_id=15
[LINK_DEBUG] Creating link 361: src=15 dst=17 rate=2800Gbps delay=0.0005ms original_switch_id=0 effective_switch_id=15
[LINK_DEBUG] Creating link 362: src=15 dst=18 rate=2800Gbps delay=0.0005ms original_switch_id=0 effective_switch_id=15
[LINK_DEBUG] Creating link 363: src=15 dst=19 rate=2800Gbps delay=0.0005ms original_switch_id=0 effective_switch_id=15
[LINK_DEBUG] Creating link 364: src=15 dst=20 rate=2800Gbps delay=0.0005ms original_switch_id=0 effective_switch_id=15
[LINK_DEBUG] Creating link 365: src=15 dst=21 rate=2800Gbps delay=0.0005ms original_switch_id=0 effective_switch_id=15
[LINK_DEBUG] Creating link 366: src=15 dst=22 rate=2800Gbps delay=0.0005ms original_switch_id=0 effective_switch_id=15
[LINK_DEBUG] Creating link 367: src=15 dst=23 rate=2800Gbps delay=0.0005ms original_switch_id=0 effective_switch_id=15
[LINK_DEBUG] Creating link 368: src=15 dst=24 rate=2800Gbps delay=0.0005ms original_switch_id=0 effective_switch_id=15
[LINK_DEBUG] Creating link 369: src=15 dst=25 rate=2800Gbps delay=0.0005ms original_switch_id=0 effective_switch_id=15
[LINK_DEBUG] Creating link 370: src=15 dst=26 rate=2800Gbps delay=0.0005ms original_switch_id=0 effective_switch_id=15
[LINK_DEBUG] Creating link 371: src=15 dst=27 rate=2800Gbps delay=0.0005ms original_switch_id=0 effective_switch_id=15
[LINK_DEBUG] Creating link 372: src=15 dst=28 rate=2800Gbps delay=0.0005ms original_switch_id=0 effective_switch_id=15
[LINK_DEBUG] Creating link 373: src=15 dst=29 rate=2800Gbps delay=0.0005ms original_switch_id=0 effective_switch_id=15
[LINK_DEBUG] Creating link 374: src=15 dst=30 rate=2800Gbps delay=0.0005ms original_switch_id=0 effective_switch_id=15
[LINK_DEBUG] Creating link 375: src=15 dst=31 rate=2800Gbps delay=0.0005ms original_switch_id=0 effective_switch_id=15
[LINK_DEBUG] Creating link 376: src=16 dst=17 rate=7200Gbps delay=0.000025ms original_switch_id=0 effective_switch_id=16
[LINK_DEBUG] Creating link 377: src=16 dst=18 rate=7200Gbps delay=0.000025ms original_switch_id=0 effective_switch_id=16
[LINK_DEBUG] Creating link 378: src=16 dst=19 rate=7200Gbps delay=0.000025ms original_switch_id=0 effective_switch_id=16
[LINK_DEBUG] Creating link 379: src=16 dst=20 rate=7200Gbps delay=0.000025ms original_switch_id=0 effective_switch_id=16
[LINK_DEBUG] Creating link 380: src=16 dst=21 rate=7200Gbps delay=0.000025ms original_switch_id=0 effective_switch_id=16
[LINK_DEBUG] Creating link 381: src=16 dst=22 rate=7200Gbps delay=0.000025ms original_switch_id=0 effective_switch_id=16
[LINK_DEBUG] Creating link 382: src=16 dst=23 rate=7200Gbps delay=0.000025ms original_switch_id=0 effective_switch_id=16
[LINK_DEBUG] Creating link 383: src=16 dst=24 rate=2800Gbps delay=0.0005ms original_switch_id=0 effective_switch_id=16
[LINK_DEBUG] Creating link 384: src=16 dst=25 rate=2800Gbps delay=0.0005ms original_switch_id=0 effective_switch_id=16
[LINK_DEBUG] Creating link 385: src=16 dst=26 rate=2800Gbps delay=0.0005ms original_switch_id=0 effective_switch_id=16
[LINK_DEBUG] Creating link 386: src=16 dst=27 rate=2800Gbps delay=0.0005ms original_switch_id=0 effective_switch_id=16
[LINK_DEBUG] Creating link 387: src=16 dst=28 rate=2800Gbps delay=0.0005ms original_switch_id=0 effective_switch_id=16
[LINK_DEBUG] Creating link 388: src=16 dst=29 rate=2800Gbps delay=0.0005ms original_switch_id=0 effective_switch_id=16
[LINK_DEBUG] Creating link 389: src=16 dst=30 rate=2800Gbps delay=0.0005ms original_switch_id=0 effective_switch_id=16
[LINK_DEBUG] Creating link 390: src=16 dst=31 rate=2800Gbps delay=0.0005ms original_switch_id=0 effective_switch_id=16
[LINK_DEBUG] Creating link 391: src=17 dst=18 rate=7200Gbps delay=0.000025ms original_switch_id=0 effective_switch_id=17
[LINK_DEBUG] Creating link 392: src=17 dst=19 rate=7200Gbps delay=0.000025ms original_switch_id=0 effective_switch_id=17
[LINK_DEBUG] Creating link 393: src=17 dst=20 rate=7200Gbps delay=0.000025ms original_switch_id=0 effective_switch_id=17
[LINK_DEBUG] Creating link 394: src=17 dst=21 rate=7200Gbps delay=0.000025ms original_switch_id=0 effective_switch_id=17
[LINK_DEBUG] Creating link 395: src=17 dst=22 rate=7200Gbps delay=0.000025ms original_switch_id=0 effective_switch_id=17
[LINK_DEBUG] Creating link 396: src=17 dst=23 rate=7200Gbps delay=0.000025ms original_switch_id=0 effective_switch_id=17
[LINK_DEBUG] Creating link 397: src=17 dst=24 rate=2800Gbps delay=0.0005ms original_switch_id=0 effective_switch_id=17
[LINK_DEBUG] Creating link 398: src=17 dst=25 rate=2800Gbps delay=0.0005ms original_switch_id=0 effective_switch_id=17
[LINK_DEBUG] Creating link 399: src=17 dst=26 rate=2800Gbps delay=0.0005ms original_switch_id=0 effective_switch_id=17
[LINK_DEBUG] Creating link 400: src=17 dst=27 rate=2800Gbps delay=0.0005ms original_switch_id=0 effective_switch_id=17
[LINK_DEBUG] Creating link 401: src=17 dst=28 rate=2800Gbps delay=0.0005ms original_switch_id=0 effective_switch_id=17
[LINK_DEBUG] Creating link 402: src=17 dst=29 rate=2800Gbps delay=0.0005ms original_switch_id=0 effective_switch_id=17
[LINK_DEBUG] Creating link 403: src=17 dst=30 rate=2800Gbps delay=0.0005ms original_switch_id=0 effective_switch_id=17
[LINK_DEBUG] Creating link 404: src=17 dst=31 rate=2800Gbps delay=0.0005ms original_switch_id=0 effective_switch_id=17
[LINK_DEBUG] Creating link 405: src=18 dst=19 rate=7200Gbps delay=0.000025ms original_switch_id=0 effective_switch_id=18
[LINK_DEBUG] Creating link 406: src=18 dst=20 rate=7200Gbps delay=0.000025ms original_switch_id=0 effective_switch_id=18
[LINK_DEBUG] Creating link 407: src=18 dst=21 rate=7200Gbps delay=0.000025ms original_switch_id=0 effective_switch_id=18
[LINK_DEBUG] Creating link 408: src=18 dst=22 rate=7200Gbps delay=0.000025ms original_switch_id=0 effective_switch_id=18
[LINK_DEBUG] Creating link 409: src=18 dst=23 rate=7200Gbps delay=0.000025ms original_switch_id=0 effective_switch_id=18
[LINK_DEBUG] Creating link 410: src=18 dst=24 rate=2800Gbps delay=0.0005ms original_switch_id=0 effective_switch_id=18
[LINK_DEBUG] Creating link 411: src=18 dst=25 rate=2800Gbps delay=0.0005ms original_switch_id=0 effective_switch_id=18
[LINK_DEBUG] Creating link 412: src=18 dst=26 rate=2800Gbps delay=0.0005ms original_switch_id=0 effective_switch_id=18
[LINK_DEBUG] Creating link 413: src=18 dst=27 rate=2800Gbps delay=0.0005ms original_switch_id=0 effective_switch_id=18
[LINK_DEBUG] Creating link 414: src=18 dst=28 rate=2800Gbps delay=0.0005ms original_switch_id=0 effective_switch_id=18
[LINK_DEBUG] Creating link 415: src=18 dst=29 rate=2800Gbps delay=0.0005ms original_switch_id=0 effective_switch_id=18
[LINK_DEBUG] Creating link 416: src=18 dst=30 rate=2800Gbps delay=0.0005ms original_switch_id=0 effective_switch_id=18
[LINK_DEBUG] Creating link 417: src=18 dst=31 rate=2800Gbps delay=0.0005ms original_switch_id=0 effective_switch_id=18
[LINK_DEBUG] Creating link 418: src=19 dst=20 rate=7200Gbps delay=0.000025ms original_switch_id=0 effective_switch_id=19
[LINK_DEBUG] Creating link 419: src=19 dst=21 rate=7200Gbps delay=0.000025ms original_switch_id=0 effective_switch_id=19
[LINK_DEBUG] Creating link 420: src=19 dst=22 rate=7200Gbps delay=0.000025ms original_switch_id=0 effective_switch_id=19
[LINK_DEBUG] Creating link 421: src=19 dst=23 rate=7200Gbps delay=0.000025ms original_switch_id=0 effective_switch_id=19
[LINK_DEBUG] Creating link 422: src=19 dst=24 rate=2800Gbps delay=0.0005ms original_switch_id=0 effective_switch_id=19
[LINK_DEBUG] Creating link 423: src=19 dst=25 rate=2800Gbps delay=0.0005ms original_switch_id=0 effective_switch_id=19
[LINK_DEBUG] Creating link 424: src=19 dst=26 rate=2800Gbps delay=0.0005ms original_switch_id=0 effective_switch_id=19
[LINK_DEBUG] Creating link 425: src=19 dst=27 rate=2800Gbps delay=0.0005ms original_switch_id=0 effective_switch_id=19
[LINK_DEBUG] Creating link 426: src=19 dst=28 rate=2800Gbps delay=0.0005ms original_switch_id=0 effective_switch_id=19
[LINK_DEBUG] Creating link 427: src=19 dst=29 rate=2800Gbps delay=0.0005ms original_switch_id=0 effective_switch_id=19
[LINK_DEBUG] Creating link 428: src=19 dst=30 rate=2800Gbps delay=0.0005ms original_switch_id=0 effective_switch_id=19
[LINK_DEBUG] Creating link 429: src=19 dst=31 rate=2800Gbps delay=0.0005ms original_switch_id=0 effective_switch_id=19
[LINK_DEBUG] Creating link 430: src=20 dst=21 rate=7200Gbps delay=0.000025ms original_switch_id=0 effective_switch_id=20
[LINK_DEBUG] Creating link 431: src=20 dst=22 rate=7200Gbps delay=0.000025ms original_switch_id=0 effective_switch_id=20
[LINK_DEBUG] Creating link 432: src=20 dst=23 rate=7200Gbps delay=0.000025ms original_switch_id=0 effective_switch_id=20
[LINK_DEBUG] Creating link 433: src=20 dst=24 rate=2800Gbps delay=0.0005ms original_switch_id=0 effective_switch_id=20
[LINK_DEBUG] Creating link 434: src=20 dst=25 rate=2800Gbps delay=0.0005ms original_switch_id=0 effective_switch_id=20
[LINK_DEBUG] Creating link 435: src=20 dst=26 rate=2800Gbps delay=0.0005ms original_switch_id=0 effective_switch_id=20
[LINK_DEBUG] Creating link 436: src=20 dst=27 rate=2800Gbps delay=0.0005ms original_switch_id=0 effective_switch_id=20
[LINK_DEBUG] Creating link 437: src=20 dst=28 rate=2800Gbps delay=0.0005ms original_switch_id=0 effective_switch_id=20
[LINK_DEBUG] Creating link 438: src=20 dst=29 rate=2800Gbps delay=0.0005ms original_switch_id=0 effective_switch_id=20
[LINK_DEBUG] Creating link 439: src=20 dst=30 rate=2800Gbps delay=0.0005ms original_switch_id=0 effective_switch_id=20
[LINK_DEBUG] Creating link 440: src=20 dst=31 rate=2800Gbps delay=0.0005ms original_switch_id=0 effective_switch_id=20
[LINK_DEBUG] Creating link 441: src=21 dst=22 rate=7200Gbps delay=0.000025ms original_switch_id=0 effective_switch_id=21
[LINK_DEBUG] Creating link 442: src=21 dst=23 rate=7200Gbps delay=0.000025ms original_switch_id=0 effective_switch_id=21
[LINK_DEBUG] Creating link 443: src=21 dst=24 rate=2800Gbps delay=0.0005ms original_switch_id=0 effective_switch_id=21
[LINK_DEBUG] Creating link 444: src=21 dst=25 rate=2800Gbps delay=0.0005ms original_switch_id=0 effective_switch_id=21
[LINK_DEBUG] Creating link 445: src=21 dst=26 rate=2800Gbps delay=0.0005ms original_switch_id=0 effective_switch_id=21
[LINK_DEBUG] Creating link 446: src=21 dst=27 rate=2800Gbps delay=0.0005ms original_switch_id=0 effective_switch_id=21
[LINK_DEBUG] Creating link 447: src=21 dst=28 rate=2800Gbps delay=0.0005ms original_switch_id=0 effective_switch_id=21
[LINK_DEBUG] Creating link 448: src=21 dst=29 rate=2800Gbps delay=0.0005ms original_switch_id=0 effective_switch_id=21
[LINK_DEBUG] Creating link 449: src=21 dst=30 rate=2800Gbps delay=0.0005ms original_switch_id=0 effective_switch_id=21
[LINK_DEBUG] Creating link 450: src=21 dst=31 rate=2800Gbps delay=0.0005ms original_switch_id=0 effective_switch_id=21
[LINK_DEBUG] Creating link 451: src=22 dst=23 rate=7200Gbps delay=0.000025ms original_switch_id=0 effective_switch_id=22
[LINK_DEBUG] Creating link 452: src=22 dst=24 rate=2800Gbps delay=0.0005ms original_switch_id=0 effective_switch_id=22
[LINK_DEBUG] Creating link 453: src=22 dst=25 rate=2800Gbps delay=0.0005ms original_switch_id=0 effective_switch_id=22
[LINK_DEBUG] Creating link 454: src=22 dst=26 rate=2800Gbps delay=0.0005ms original_switch_id=0 effective_switch_id=22
[LINK_DEBUG] Creating link 455: src=22 dst=27 rate=2800Gbps delay=0.0005ms original_switch_id=0 effective_switch_id=22
[LINK_DEBUG] Creating link 456: src=22 dst=28 rate=2800Gbps delay=0.0005ms original_switch_id=0 effective_switch_id=22
[LINK_DEBUG] Creating link 457: src=22 dst=29 rate=2800Gbps delay=0.0005ms original_switch_id=0 effective_switch_id=22
[LINK_DEBUG] Creating link 458: src=22 dst=30 rate=2800Gbps delay=0.0005ms original_switch_id=0 effective_switch_id=22
[LINK_DEBUG] Creating link 459: src=22 dst=31 rate=2800Gbps delay=0.0005ms original_switch_id=0 effective_switch_id=22
[LINK_DEBUG] Creating link 460: src=23 dst=24 rate=2800Gbps delay=0.0005ms original_switch_id=0 effective_switch_id=23
[LINK_DEBUG] Creating link 461: src=23 dst=25 rate=2800Gbps delay=0.0005ms original_switch_id=0 effective_switch_id=23
[LINK_DEBUG] Creating link 462: src=23 dst=26 rate=2800Gbps delay=0.0005ms original_switch_id=0 effective_switch_id=23
[LINK_DEBUG] Creating link 463: src=23 dst=27 rate=2800Gbps delay=0.0005ms original_switch_id=0 effective_switch_id=23
[LINK_DEBUG] Creating link 464: src=23 dst=28 rate=2800Gbps delay=0.0005ms original_switch_id=0 effective_switch_id=23
[LINK_DEBUG] Creating link 465: src=23 dst=29 rate=2800Gbps delay=0.0005ms original_switch_id=0 effective_switch_id=23
[LINK_DEBUG] Creating link 466: src=23 dst=30 rate=2800Gbps delay=0.0005ms original_switch_id=0 effective_switch_id=23
[LINK_DEBUG] Creating link 467: src=23 dst=31 rate=2800Gbps delay=0.0005ms original_switch_id=0 effective_switch_id=23
[LINK_DEBUG] Creating link 468: src=24 dst=25 rate=7200Gbps delay=0.000025ms original_switch_id=0 effective_switch_id=24
[LINK_DEBUG] Creating link 469: src=24 dst=26 rate=7200Gbps delay=0.000025ms original_switch_id=0 effective_switch_id=24
[LINK_DEBUG] Creating link 470: src=24 dst=27 rate=7200Gbps delay=0.000025ms original_switch_id=0 effective_switch_id=24
[LINK_DEBUG] Creating link 471: src=24 dst=28 rate=7200Gbps delay=0.000025ms original_switch_id=0 effective_switch_id=24
[LINK_DEBUG] Creating link 472: src=24 dst=29 rate=7200Gbps delay=0.000025ms original_switch_id=0 effective_switch_id=24
[LINK_DEBUG] Creating link 473: src=24 dst=30 rate=7200Gbps delay=0.000025ms original_switch_id=0 effective_switch_id=24
[LINK_DEBUG] Creating link 474: src=24 dst=31 rate=7200Gbps delay=0.000025ms original_switch_id=0 effective_switch_id=24
[LINK_DEBUG] Creating link 475: src=25 dst=26 rate=7200Gbps delay=0.000025ms original_switch_id=0 effective_switch_id=25
[LINK_DEBUG] Creating link 476: src=25 dst=27 rate=7200Gbps delay=0.000025ms original_switch_id=0 effective_switch_id=25
[LINK_DEBUG] Creating link 477: src=25 dst=28 rate=7200Gbps delay=0.000025ms original_switch_id=0 effective_switch_id=25
[LINK_DEBUG] Creating link 478: src=25 dst=29 rate=7200Gbps delay=0.000025ms original_switch_id=0 effective_switch_id=25
[LINK_DEBUG] Creating link 479: src=25 dst=30 rate=7200Gbps delay=0.000025ms original_switch_id=0 effective_switch_id=25
[LINK_DEBUG] Creating link 480: src=25 dst=31 rate=7200Gbps delay=0.000025ms original_switch_id=0 effective_switch_id=25
[LINK_DEBUG] Creating link 481: src=26 dst=27 rate=7200Gbps delay=0.000025ms original_switch_id=0 effective_switch_id=26
[LINK_DEBUG] Creating link 482: src=26 dst=28 rate=7200Gbps delay=0.000025ms original_switch_id=0 effective_switch_id=26
[LINK_DEBUG] Creating link 483: src=26 dst=29 rate=7200Gbps delay=0.000025ms original_switch_id=0 effective_switch_id=26
[LINK_DEBUG] Creating link 484: src=26 dst=30 rate=7200Gbps delay=0.000025ms original_switch_id=0 effective_switch_id=26
[LINK_DEBUG] Creating link 485: src=26 dst=31 rate=7200Gbps delay=0.000025ms original_switch_id=0 effective_switch_id=26
[LINK_DEBUG] Creating link 486: src=27 dst=28 rate=7200Gbps delay=0.000025ms original_switch_id=0 effective_switch_id=27
[LINK_DEBUG] Creating link 487: src=27 dst=29 rate=7200Gbps delay=0.000025ms original_switch_id=0 effective_switch_id=27
[LINK_DEBUG] Creating link 488: src=27 dst=30 rate=7200Gbps delay=0.000025ms original_switch_id=0 effective_switch_id=27
[LINK_DEBUG] Creating link 489: src=27 dst=31 rate=7200Gbps delay=0.000025ms original_switch_id=0 effective_switch_id=27
[LINK_DEBUG] Creating link 490: src=28 dst=29 rate=7200Gbps delay=0.000025ms original_switch_id=0 effective_switch_id=28
[LINK_DEBUG] Creating link 491: src=28 dst=30 rate=7200Gbps delay=0.000025ms original_switch_id=0 effective_switch_id=28
[LINK_DEBUG] Creating link 492: src=28 dst=31 rate=7200Gbps delay=0.000025ms original_switch_id=0 effective_switch_id=28
[LINK_DEBUG] Creating link 493: src=29 dst=30 rate=7200Gbps delay=0.000025ms original_switch_id=0 effective_switch_id=29
[LINK_DEBUG] Creating link 494: src=29 dst=31 rate=7200Gbps delay=0.000025ms original_switch_id=0 effective_switch_id=29
[LINK_DEBUG] Creating link 495: src=30 dst=31 rate=7200Gbps delay=0.000025ms original_switch_id=0 effective_switch_id=30
[UB_MESH_DEBUG] Using UB mesh direct routing
[UB_MESH_ROUTE] Calculating direct mesh routes for host 0
[UB_MESH_ROUTE] Calculating direct mesh routes for host 1
[UB_MESH_ROUTE] Calculating direct mesh routes for host 2
[UB_MESH_ROUTE] Calculating direct mesh routes for host 3
[UB_MESH_ROUTE] Calculating direct mesh routes for host 4
[UB_MESH_ROUTE] Calculating direct mesh routes for host 5
[UB_MESH_ROUTE] Calculating direct mesh routes for host 6
[UB_MESH_ROUTE] Calculating direct mesh routes for host 7
[UB_MESH_ROUTE] Calculating direct mesh routes for host 8
[UB_MESH_ROUTE] Calculating direct mesh routes for host 9
[UB_MESH_ROUTE] Calculating direct mesh routes for host 10
[UB_MESH_ROUTE] Calculating direct mesh routes for host 11
[UB_MESH_ROUTE] Calculating direct mesh routes for host 12
[UB_MESH_ROUTE] Calculating direct mesh routes for host 13
[UB_MESH_ROUTE] Calculating direct mesh routes for host 14
[UB_MESH_ROUTE] Calculating direct mesh routes for host 15
[UB_MESH_ROUTE] Calculating direct mesh routes for host 16
[UB_MESH_ROUTE] Calculating direct mesh routes for host 17
[UB_MESH_ROUTE] Calculating direct mesh routes for host 18
[UB_MESH_ROUTE] Calculating direct mesh routes for host 19
[UB_MESH_ROUTE] Calculating direct mesh routes for host 20
[UB_MESH_ROUTE] Calculating direct mesh routes for host 21
[UB_MESH_ROUTE] Calculating direct mesh routes for host 22
[UB_MESH_ROUTE] Calculating direct mesh routes for host 23
[UB_MESH_ROUTE] Calculating direct mesh routes for host 24
[UB_MESH_ROUTE] Calculating direct mesh routes for host 25
[UB_MESH_ROUTE] Calculating direct mesh routes for host 26
[UB_MESH_ROUTE] Calculating direct mesh routes for host 27
[UB_MESH_ROUTE] Calculating direct mesh routes for host 28
[UB_MESH_ROUTE] Calculating direct mesh routes for host 29
[UB_MESH_ROUTE] Calculating direct mesh routes for host 30
[UB_MESH_ROUTE] Calculating direct mesh routes for host 31

[PATH_DEBUG] ========== ROUTING PATHS ==========
[PATH_DEBUG] Host 21 -> Host 22 (hops: 1) Path: 21 -> 22
[PATH_DEBUG] Host 21 -> Host 23 (hops: 1) Path: 21 -> 23
[PATH_DEBUG] Host 21 -> Host 24 (hops: 1) Path: 21 -> 24
[PATH_DEBUG] Host 21 -> Host 25 (hops: 1) Path: 21 -> 25
[PATH_DEBUG] Host 21 -> Host 26 (hops: 1) Path: 21 -> 26
[PATH_DEBUG] Host 21 -> Host 27 (hops: 1) Path: 21 -> 27
[PATH_DEBUG] Host 21 -> Host 28 (hops: 1) Path: 21 -> 28
[PATH_DEBUG] Host 21 -> Host 29 (hops: 1) Path: 21 -> 29
[PATH_DEBUG] Host 21 -> Host 30 (hops: 1) Path: 21 -> 30
[PATH_DEBUG] Host 21 -> Host 31 (hops: 1) Path: 21 -> 31
[PATH_DEBUG] Host 22 -> Host 23 (hops: 1) Path: 22 -> 23
[PATH_DEBUG] Host 22 -> Host 24 (hops: 1) Path: 22 -> 24
[PATH_DEBUG] Host 22 -> Host 25 (hops: 1) Path: 22 -> 25
[PATH_DEBUG] Host 22 -> Host 26 (hops: 1) Path: 22 -> 26
[PATH_DEBUG] Host 22 -> Host 27 (hops: 1) Path: 22 -> 27
[PATH_DEBUG] Host 22 -> Host 28 (hops: 1) Path: 22 -> 28
[PATH_DEBUG] Host 22 -> Host 29 (hops: 1) Path: 22 -> 29
[PATH_DEBUG] Host 22 -> Host 30 (hops: 1) Path: 22 -> 30
[PATH_DEBUG] Host 22 -> Host 31 (hops: 1) Path: 22 -> 31
[PATH_DEBUG] Host 23 -> Host 24 (hops: 1) Path: 23 -> 24
[PATH_DEBUG] Host 23 -> Host 25 (hops: 1) Path: 23 -> 25
[PATH_DEBUG] Host 23 -> Host 26 (hops: 1) Path: 23 -> 26
[PATH_DEBUG] Host 23 -> Host 27 (hops: 1) Path: 23 -> 27
[PATH_DEBUG] Host 23 -> Host 28 (hops: 1) Path: 23 -> 28
[PATH_DEBUG] Host 23 -> Host 29 (hops: 1) Path: 23 -> 29
[PATH_DEBUG] Host 23 -> Host 30 (hops: 1) Path: 23 -> 30
[PATH_DEBUG] Host 23 -> Host 31 (hops: 1) Path: 23 -> 31
[PATH_DEBUG] Host 24 -> Host 25 (hops: 1) Path: 24 -> 25
[PATH_DEBUG] Host 24 -> Host 26 (hops: 1) Path: 24 -> 26
[PATH_DEBUG] Host 24 -> Host 27 (hops: 1) Path: 24 -> 27
[PATH_DEBUG] Host 24 -> Host 28 (hops: 1) Path: 24 -> 28
[PATH_DEBUG] Host 24 -> Host 29 (hops: 1) Path: 24 -> 29
[PATH_DEBUG] Host 24 -> Host 30 (hops: 1) Path: 24 -> 30
[PATH_DEBUG] Host 24 -> Host 31 (hops: 1) Path: 24 -> 31
[PATH_DEBUG] Host 25 -> Host 26 (hops: 1) Path: 25 -> 26
[PATH_DEBUG] Host 25 -> Host 27 (hops: 1) Path: 25 -> 27
[PATH_DEBUG] Host 25 -> Host 28 (hops: 1) Path: 25 -> 28
[PATH_DEBUG] Host 25 -> Host 29 (hops: 1) Path: 25 -> 29
[PATH_DEBUG] Host 25 -> Host 30 (hops: 1) Path: 25 -> 30
[PATH_DEBUG] Host 25 -> Host 31 (hops: 1) Path: 25 -> 31
[PATH_DEBUG] Host 26 -> Host 27 (hops: 1) Path: 26 -> 27
[PATH_DEBUG] Host 26 -> Host 28 (hops: 1) Path: 26 -> 28
[PATH_DEBUG] Host 26 -> Host 29 (hops: 1) Path: 26 -> 29
[PATH_DEBUG] Host 26 -> Host 30 (hops: 1) Path: 26 -> 30
[PATH_DEBUG] Host 26 -> Host 31 (hops: 1) Path: 26 -> 31
[PATH_DEBUG] Host 27 -> Host 28 (hops: 1) Path: 27 -> 28
[PATH_DEBUG] Host 27 -> Host 29 (hops: 1) Path: 27 -> 29
[PATH_DEBUG] Host 27 -> Host 30 (hops: 1) Path: 27 -> 30
[PATH_DEBUG] Host 27 -> Host 31 (hops: 1) Path: 27 -> 31
[PATH_DEBUG] Host 28 -> Host 29 (hops: 1) Path: 28 -> 29
[PATH_DEBUG] Host 28 -> Host 30 (hops: 1) Path: 28 -> 30
[PATH_DEBUG] Host 28 -> Host 31 (hops: 1) Path: 28 -> 31
[PATH_DEBUG] Host 29 -> Host 30 (hops: 1) Path: 29 -> 30
[PATH_DEBUG] Host 29 -> Host 31 (hops: 1) Path: 29 -> 31
[PATH_DEBUG] Host 30 -> Host 31 (hops: 1) Path: 30 -> 31
[PATH_DEBUG] Host 0 -> Host 21 (hops: 1) Path: 0 -> 21
[PATH_DEBUG] Host 0 -> Host 22 (hops: 1) Path: 0 -> 22
[PATH_DEBUG] Host 0 -> Host 23 (hops: 1) Path: 0 -> 23
[PATH_DEBUG] Host 0 -> Host 24 (hops: 1) Path: 0 -> 24
[PATH_DEBUG] Host 0 -> Host 25 (hops: 1) Path: 0 -> 25
[PATH_DEBUG] Host 0 -> Host 26 (hops: 1) Path: 0 -> 26
[PATH_DEBUG] Host 0 -> Host 27 (hops: 1) Path: 0 -> 27
[PATH_DEBUG] Host 0 -> Host 28 (hops: 1) Path: 0 -> 28
[PATH_DEBUG] Host 0 -> Host 29 (hops: 1) Path: 0 -> 29
[PATH_DEBUG] Host 0 -> Host 30 (hops: 1) Path: 0 -> 30
[PATH_DEBUG] Host 0 -> Host 31 (hops: 1) Path: 0 -> 31
[PATH_DEBUG] Host 0 -> Host 1 (hops: 1) Path: 0 -> 1
[PATH_DEBUG] Host 0 -> Host 2 (hops: 1) Path: 0 -> 2
[PATH_DEBUG] Host 0 -> Host 3 (hops: 1) Path: 0 -> 3
[PATH_DEBUG] Host 0 -> Host 4 (hops: 1) Path: 0 -> 4
[PATH_DEBUG] Host 0 -> Host 5 (hops: 1) Path: 0 -> 5
[PATH_DEBUG] Host 0 -> Host 6 (hops: 1) Path: 0 -> 6
[PATH_DEBUG] Host 0 -> Host 7 (hops: 1) Path: 0 -> 7
[PATH_DEBUG] Host 0 -> Host 8 (hops: 1) Path: 0 -> 8
[PATH_DEBUG] Host 0 -> Host 18 (hops: 1) Path: 0 -> 18
[PATH_DEBUG] Host 0 -> Host 17 (hops: 1) Path: 0 -> 17
[PATH_DEBUG] Host 0 -> Host 9 (hops: 1) Path: 0 -> 9
[PATH_DEBUG] Host 0 -> Host 10 (hops: 1) Path: 0 -> 10
[PATH_DEBUG] Host 0 -> Host 11 (hops: 1) Path: 0 -> 11
[PATH_DEBUG] Host 0 -> Host 12 (hops: 1) Path: 0 -> 12
[PATH_DEBUG] Host 0 -> Host 13 (hops: 1) Path: 0 -> 13
[PATH_DEBUG] Host 0 -> Host 14 (hops: 1) Path: 0 -> 14
[PATH_DEBUG] Host 0 -> Host 15 (hops: 1) Path: 0 -> 15
[PATH_DEBUG] Host 0 -> Host 16 (hops: 1) Path: 0 -> 16
[PATH_DEBUG] Host 0 -> Host 19 (hops: 1) Path: 0 -> 19
[PATH_DEBUG] Host 0 -> Host 20 (hops: 1) Path: 0 -> 20
[PATH_DEBUG] Host 1 -> Host 21 (hops: 1) Path: 1 -> 21
[PATH_DEBUG] Host 1 -> Host 22 (hops: 1) Path: 1 -> 22
[PATH_DEBUG] Host 1 -> Host 23 (hops: 1) Path: 1 -> 23
[PATH_DEBUG] Host 1 -> Host 24 (hops: 1) Path: 1 -> 24
[PATH_DEBUG] Host 1 -> Host 25 (hops: 1) Path: 1 -> 25
[PATH_DEBUG] Host 1 -> Host 26 (hops: 1) Path: 1 -> 26
[PATH_DEBUG] Host 1 -> Host 27 (hops: 1) Path: 1 -> 27
[PATH_DEBUG] Host 1 -> Host 28 (hops: 1) Path: 1 -> 28
[PATH_DEBUG] Host 1 -> Host 29 (hops: 1) Path: 1 -> 29
[PATH_DEBUG] Host 1 -> Host 30 (hops: 1) Path: 1 -> 30
[PATH_DEBUG] Host 1 -> Host 31 (hops: 1) Path: 1 -> 31
[PATH_DEBUG] Host 1 -> Host 2 (hops: 1) Path: 1 -> 2
[PATH_DEBUG] Host 1 -> Host 3 (hops: 1) Path: 1 -> 3
[PATH_DEBUG] Host 1 -> Host 4 (hops: 1) Path: 1 -> 4
[PATH_DEBUG] Host 1 -> Host 5 (hops: 1) Path: 1 -> 5
[PATH_DEBUG] Host 1 -> Host 6 (hops: 1) Path: 1 -> 6
[PATH_DEBUG] Host 1 -> Host 7 (hops: 1) Path: 1 -> 7
[PATH_DEBUG] Host 1 -> Host 8 (hops: 1) Path: 1 -> 8
[PATH_DEBUG] Host 1 -> Host 18 (hops: 1) Path: 1 -> 18
[PATH_DEBUG] Host 1 -> Host 17 (hops: 1) Path: 1 -> 17
[PATH_DEBUG] Host 1 -> Host 9 (hops: 1) Path: 1 -> 9
[PATH_DEBUG] Host 1 -> Host 10 (hops: 1) Path: 1 -> 10
[PATH_DEBUG] Host 1 -> Host 11 (hops: 1) Path: 1 -> 11
[PATH_DEBUG] Host 1 -> Host 12 (hops: 1) Path: 1 -> 12
[PATH_DEBUG] Host 1 -> Host 13 (hops: 1) Path: 1 -> 13
[PATH_DEBUG] Host 1 -> Host 14 (hops: 1) Path: 1 -> 14
[PATH_DEBUG] Host 1 -> Host 15 (hops: 1) Path: 1 -> 15
[PATH_DEBUG] Host 1 -> Host 16 (hops: 1) Path: 1 -> 16
[PATH_DEBUG] Host 1 -> Host 19 (hops: 1) Path: 1 -> 19
[PATH_DEBUG] Host 1 -> Host 20 (hops: 1) Path: 1 -> 20
[PATH_DEBUG] Host 2 -> Host 21 (hops: 1) Path: 2 -> 21
[PATH_DEBUG] Host 2 -> Host 22 (hops: 1) Path: 2 -> 22
[PATH_DEBUG] Host 2 -> Host 23 (hops: 1) Path: 2 -> 23
[PATH_DEBUG] Host 2 -> Host 24 (hops: 1) Path: 2 -> 24
[PATH_DEBUG] Host 2 -> Host 25 (hops: 1) Path: 2 -> 25
[PATH_DEBUG] Host 2 -> Host 26 (hops: 1) Path: 2 -> 26
[PATH_DEBUG] Host 2 -> Host 27 (hops: 1) Path: 2 -> 27
[PATH_DEBUG] Host 2 -> Host 28 (hops: 1) Path: 2 -> 28
[PATH_DEBUG] Host 2 -> Host 29 (hops: 1) Path: 2 -> 29
[PATH_DEBUG] Host 2 -> Host 30 (hops: 1) Path: 2 -> 30
[PATH_DEBUG] Host 2 -> Host 31 (hops: 1) Path: 2 -> 31
[PATH_DEBUG] Host 2 -> Host 3 (hops: 1) Path: 2 -> 3
[PATH_DEBUG] Host 2 -> Host 4 (hops: 1) Path: 2 -> 4
[PATH_DEBUG] Host 2 -> Host 5 (hops: 1) Path: 2 -> 5
[PATH_DEBUG] Host 2 -> Host 6 (hops: 1) Path: 2 -> 6
[PATH_DEBUG] Host 2 -> Host 7 (hops: 1) Path: 2 -> 7
[PATH_DEBUG] Host 2 -> Host 8 (hops: 1) Path: 2 -> 8
[PATH_DEBUG] Host 2 -> Host 18 (hops: 1) Path: 2 -> 18
[PATH_DEBUG] Host 2 -> Host 17 (hops: 1) Path: 2 -> 17
[PATH_DEBUG] Host 2 -> Host 9 (hops: 1) Path: 2 -> 9
[PATH_DEBUG] Host 2 -> Host 10 (hops: 1) Path: 2 -> 10
[PATH_DEBUG] Host 2 -> Host 11 (hops: 1) Path: 2 -> 11
[PATH_DEBUG] Host 2 -> Host 12 (hops: 1) Path: 2 -> 12
[PATH_DEBUG] Host 2 -> Host 13 (hops: 1) Path: 2 -> 13
[PATH_DEBUG] Host 2 -> Host 14 (hops: 1) Path: 2 -> 14
[PATH_DEBUG] Host 2 -> Host 15 (hops: 1) Path: 2 -> 15
[PATH_DEBUG] Host 2 -> Host 16 (hops: 1) Path: 2 -> 16
[PATH_DEBUG] Host 2 -> Host 19 (hops: 1) Path: 2 -> 19
[PATH_DEBUG] Host 2 -> Host 20 (hops: 1) Path: 2 -> 20
[PATH_DEBUG] Host 3 -> Host 21 (hops: 1) Path: 3 -> 21
[PATH_DEBUG] Host 3 -> Host 22 (hops: 1) Path: 3 -> 22
[PATH_DEBUG] Host 3 -> Host 23 (hops: 1) Path: 3 -> 23
[PATH_DEBUG] Host 3 -> Host 24 (hops: 1) Path: 3 -> 24
[PATH_DEBUG] Host 3 -> Host 25 (hops: 1) Path: 3 -> 25
[PATH_DEBUG] Host 3 -> Host 26 (hops: 1) Path: 3 -> 26
[PATH_DEBUG] Host 3 -> Host 27 (hops: 1) Path: 3 -> 27
[PATH_DEBUG] Host 3 -> Host 28 (hops: 1) Path: 3 -> 28
[PATH_DEBUG] Host 3 -> Host 29 (hops: 1) Path: 3 -> 29
[PATH_DEBUG] Host 3 -> Host 30 (hops: 1) Path: 3 -> 30
[PATH_DEBUG] Host 3 -> Host 31 (hops: 1) Path: 3 -> 31
[PATH_DEBUG] Host 3 -> Host 4 (hops: 1) Path: 3 -> 4
[PATH_DEBUG] Host 3 -> Host 5 (hops: 1) Path: 3 -> 5
[PATH_DEBUG] Host 3 -> Host 6 (hops: 1) Path: 3 -> 6
[PATH_DEBUG] Host 3 -> Host 7 (hops: 1) Path: 3 -> 7
[PATH_DEBUG] Host 3 -> Host 8 (hops: 1) Path: 3 -> 8
[PATH_DEBUG] Host 3 -> Host 18 (hops: 1) Path: 3 -> 18
[PATH_DEBUG] Host 3 -> Host 17 (hops: 1) Path: 3 -> 17
[PATH_DEBUG] Host 3 -> Host 9 (hops: 1) Path: 3 -> 9
[PATH_DEBUG] Host 3 -> Host 10 (hops: 1) Path: 3 -> 10
[PATH_DEBUG] Host 3 -> Host 11 (hops: 1) Path: 3 -> 11
[PATH_DEBUG] Host 3 -> Host 12 (hops: 1) Path: 3 -> 12
[PATH_DEBUG] Host 3 -> Host 13 (hops: 1) Path: 3 -> 13
[PATH_DEBUG] Host 3 -> Host 14 (hops: 1) Path: 3 -> 14
[PATH_DEBUG] Host 3 -> Host 15 (hops: 1) Path: 3 -> 15
[PATH_DEBUG] Host 3 -> Host 16 (hops: 1) Path: 3 -> 16
[PATH_DEBUG] Host 3 -> Host 19 (hops: 1) Path: 3 -> 19
[PATH_DEBUG] Host 3 -> Host 20 (hops: 1) Path: 3 -> 20
[PATH_DEBUG] Host 4 -> Host 21 (hops: 1) Path: 4 -> 21
[PATH_DEBUG] Host 4 -> Host 22 (hops: 1) Path: 4 -> 22
[PATH_DEBUG] Host 4 -> Host 23 (hops: 1) Path: 4 -> 23
[PATH_DEBUG] Host 4 -> Host 24 (hops: 1) Path: 4 -> 24
[PATH_DEBUG] Host 4 -> Host 25 (hops: 1) Path: 4 -> 25
[PATH_DEBUG] Host 4 -> Host 26 (hops: 1) Path: 4 -> 26
[PATH_DEBUG] Host 4 -> Host 27 (hops: 1) Path: 4 -> 27
[PATH_DEBUG] Host 4 -> Host 28 (hops: 1) Path: 4 -> 28
[PATH_DEBUG] Host 4 -> Host 29 (hops: 1) Path: 4 -> 29
[PATH_DEBUG] Host 4 -> Host 30 (hops: 1) Path: 4 -> 30
[PATH_DEBUG] Host 4 -> Host 31 (hops: 1) Path: 4 -> 31
[PATH_DEBUG] Host 4 -> Host 5 (hops: 1) Path: 4 -> 5
[PATH_DEBUG] Host 4 -> Host 6 (hops: 1) Path: 4 -> 6
[PATH_DEBUG] Host 4 -> Host 7 (hops: 1) Path: 4 -> 7
[PATH_DEBUG] Host 4 -> Host 8 (hops: 1) Path: 4 -> 8
[PATH_DEBUG] Host 4 -> Host 18 (hops: 1) Path: 4 -> 18
[PATH_DEBUG] Host 4 -> Host 17 (hops: 1) Path: 4 -> 17
[PATH_DEBUG] Host 4 -> Host 9 (hops: 1) Path: 4 -> 9
[PATH_DEBUG] Host 4 -> Host 10 (hops: 1) Path: 4 -> 10
[PATH_DEBUG] Host 4 -> Host 11 (hops: 1) Path: 4 -> 11
[PATH_DEBUG] Host 4 -> Host 12 (hops: 1) Path: 4 -> 12
[PATH_DEBUG] Host 4 -> Host 13 (hops: 1) Path: 4 -> 13
[PATH_DEBUG] Host 4 -> Host 14 (hops: 1) Path: 4 -> 14
[PATH_DEBUG] Host 4 -> Host 15 (hops: 1) Path: 4 -> 15
[PATH_DEBUG] Host 4 -> Host 16 (hops: 1) Path: 4 -> 16
[PATH_DEBUG] Host 4 -> Host 19 (hops: 1) Path: 4 -> 19
[PATH_DEBUG] Host 4 -> Host 20 (hops: 1) Path: 4 -> 20
[PATH_DEBUG] Host 5 -> Host 21 (hops: 1) Path: 5 -> 21
[PATH_DEBUG] Host 5 -> Host 22 (hops: 1) Path: 5 -> 22
[PATH_DEBUG] Host 5 -> Host 23 (hops: 1) Path: 5 -> 23
[PATH_DEBUG] Host 5 -> Host 24 (hops: 1) Path: 5 -> 24
[PATH_DEBUG] Host 5 -> Host 25 (hops: 1) Path: 5 -> 25
[PATH_DEBUG] Host 5 -> Host 26 (hops: 1) Path: 5 -> 26
[PATH_DEBUG] Host 5 -> Host 27 (hops: 1) Path: 5 -> 27
[PATH_DEBUG] Host 5 -> Host 28 (hops: 1) Path: 5 -> 28
[PATH_DEBUG] Host 5 -> Host 29 (hops: 1) Path: 5 -> 29
[PATH_DEBUG] Host 5 -> Host 30 (hops: 1) Path: 5 -> 30
[PATH_DEBUG] Host 5 -> Host 31 (hops: 1) Path: 5 -> 31
[PATH_DEBUG] Host 5 -> Host 6 (hops: 1) Path: 5 -> 6
[PATH_DEBUG] Host 5 -> Host 7 (hops: 1) Path: 5 -> 7
[PATH_DEBUG] Host 5 -> Host 8 (hops: 1) Path: 5 -> 8
[PATH_DEBUG] Host 5 -> Host 18 (hops: 1) Path: 5 -> 18
[PATH_DEBUG] Host 5 -> Host 17 (hops: 1) Path: 5 -> 17
[PATH_DEBUG] Host 5 -> Host 9 (hops: 1) Path: 5 -> 9
[PATH_DEBUG] Host 5 -> Host 10 (hops: 1) Path: 5 -> 10
[PATH_DEBUG] Host 5 -> Host 11 (hops: 1) Path: 5 -> 11
[PATH_DEBUG] Host 5 -> Host 12 (hops: 1) Path: 5 -> 12
[PATH_DEBUG] Host 5 -> Host 13 (hops: 1) Path: 5 -> 13
[PATH_DEBUG] Host 5 -> Host 14 (hops: 1) Path: 5 -> 14
[PATH_DEBUG] Host 5 -> Host 15 (hops: 1) Path: 5 -> 15
[PATH_DEBUG] Host 5 -> Host 16 (hops: 1) Path: 5 -> 16
[PATH_DEBUG] Host 5 -> Host 19 (hops: 1) Path: 5 -> 19
[PATH_DEBUG] Host 5 -> Host 20 (hops: 1) Path: 5 -> 20
[PATH_DEBUG] Host 6 -> Host 21 (hops: 1) Path: 6 -> 21
[PATH_DEBUG] Host 6 -> Host 22 (hops: 1) Path: 6 -> 22
[PATH_DEBUG] Host 6 -> Host 23 (hops: 1) Path: 6 -> 23
[PATH_DEBUG] Host 6 -> Host 24 (hops: 1) Path: 6 -> 24
[PATH_DEBUG] Host 6 -> Host 25 (hops: 1) Path: 6 -> 25
[PATH_DEBUG] Host 6 -> Host 26 (hops: 1) Path: 6 -> 26
[PATH_DEBUG] Host 6 -> Host 27 (hops: 1) Path: 6 -> 27
[PATH_DEBUG] Host 6 -> Host 28 (hops: 1) Path: 6 -> 28
[PATH_DEBUG] Host 6 -> Host 29 (hops: 1) Path: 6 -> 29
[PATH_DEBUG] Host 6 -> Host 30 (hops: 1) Path: 6 -> 30
[PATH_DEBUG] Host 6 -> Host 31 (hops: 1) Path: 6 -> 31
[PATH_DEBUG] Host 6 -> Host 7 (hops: 1) Path: 6 -> 7
[PATH_DEBUG] Host 6 -> Host 8 (hops: 1) Path: 6 -> 8
[PATH_DEBUG] Host 6 -> Host 18 (hops: 1) Path: 6 -> 18
[PATH_DEBUG] Host 6 -> Host 17 (hops: 1) Path: 6 -> 17
[PATH_DEBUG] Host 6 -> Host 9 (hops: 1) Path: 6 -> 9
[PATH_DEBUG] Host 6 -> Host 10 (hops: 1) Path: 6 -> 10
[PATH_DEBUG] Host 6 -> Host 11 (hops: 1) Path: 6 -> 11
[PATH_DEBUG] Host 6 -> Host 12 (hops: 1) Path: 6 -> 12
[PATH_DEBUG] Host 6 -> Host 13 (hops: 1) Path: 6 -> 13
[PATH_DEBUG] Host 6 -> Host 14 (hops: 1) Path: 6 -> 14
[PATH_DEBUG] Host 6 -> Host 15 (hops: 1) Path: 6 -> 15
[PATH_DEBUG] Host 6 -> Host 16 (hops: 1) Path: 6 -> 16
[PATH_DEBUG] Host 6 -> Host 19 (hops: 1) Path: 6 -> 19
[PATH_DEBUG] Host 6 -> Host 20 (hops: 1) Path: 6 -> 20
[PATH_DEBUG] Host 7 -> Host 21 (hops: 1) Path: 7 -> 21
[PATH_DEBUG] Host 7 -> Host 22 (hops: 1) Path: 7 -> 22
[PATH_DEBUG] Host 7 -> Host 23 (hops: 1) Path: 7 -> 23
[PATH_DEBUG] Host 7 -> Host 24 (hops: 1) Path: 7 -> 24
[PATH_DEBUG] Host 7 -> Host 25 (hops: 1) Path: 7 -> 25
[PATH_DEBUG] Host 7 -> Host 26 (hops: 1) Path: 7 -> 26
[PATH_DEBUG] Host 7 -> Host 27 (hops: 1) Path: 7 -> 27
[PATH_DEBUG] Host 7 -> Host 28 (hops: 1) Path: 7 -> 28
[PATH_DEBUG] Host 7 -> Host 29 (hops: 1) Path: 7 -> 29
[PATH_DEBUG] Host 7 -> Host 30 (hops: 1) Path: 7 -> 30
[PATH_DEBUG] Host 7 -> Host 31 (hops: 1) Path: 7 -> 31
[PATH_DEBUG] Host 7 -> Host 8 (hops: 1) Path: 7 -> 8
[PATH_DEBUG] Host 7 -> Host 18 (hops: 1) Path: 7 -> 18
[PATH_DEBUG] Host 7 -> Host 17 (hops: 1) Path: 7 -> 17
[PATH_DEBUG] Host 7 -> Host 9 (hops: 1) Path: 7 -> 9
[PATH_DEBUG] Host 7 -> Host 10 (hops: 1) Path: 7 -> 10
[PATH_DEBUG] Host 7 -> Host 11 (hops: 1) Path: 7 -> 11
[PATH_DEBUG] Host 7 -> Host 12 (hops: 1) Path: 7 -> 12
[PATH_DEBUG] Host 7 -> Host 13 (hops: 1) Path: 7 -> 13
[PATH_DEBUG] Host 7 -> Host 14 (hops: 1) Path: 7 -> 14
[PATH_DEBUG] Host 7 -> Host 15 (hops: 1) Path: 7 -> 15
[PATH_DEBUG] Host 7 -> Host 16 (hops: 1) Path: 7 -> 16
[PATH_DEBUG] Host 7 -> Host 19 (hops: 1) Path: 7 -> 19
[PATH_DEBUG] Host 7 -> Host 20 (hops: 1) Path: 7 -> 20
[PATH_DEBUG] Host 8 -> Host 21 (hops: 1) Path: 8 -> 21
[PATH_DEBUG] Host 8 -> Host 22 (hops: 1) Path: 8 -> 22
[PATH_DEBUG] Host 8 -> Host 23 (hops: 1) Path: 8 -> 23
[PATH_DEBUG] Host 8 -> Host 24 (hops: 1) Path: 8 -> 24
[PATH_DEBUG] Host 8 -> Host 25 (hops: 1) Path: 8 -> 25
[PATH_DEBUG] Host 8 -> Host 26 (hops: 1) Path: 8 -> 26
[PATH_DEBUG] Host 8 -> Host 27 (hops: 1) Path: 8 -> 27
[PATH_DEBUG] Host 8 -> Host 28 (hops: 1) Path: 8 -> 28
[PATH_DEBUG] Host 8 -> Host 29 (hops: 1) Path: 8 -> 29
[PATH_DEBUG] Host 8 -> Host 30 (hops: 1) Path: 8 -> 30
[PATH_DEBUG] Host 8 -> Host 31 (hops: 1) Path: 8 -> 31
[PATH_DEBUG] Host 8 -> Host 18 (hops: 1) Path: 8 -> 18
[PATH_DEBUG] Host 8 -> Host 17 (hops: 1) Path: 8 -> 17
[PATH_DEBUG] Host 8 -> Host 9 (hops: 1) Path: 8 -> 9
[PATH_DEBUG] Host 8 -> Host 10 (hops: 1) Path: 8 -> 10
[PATH_DEBUG] Host 8 -> Host 11 (hops: 1) Path: 8 -> 11
[PATH_DEBUG] Host 8 -> Host 12 (hops: 1) Path: 8 -> 12
[PATH_DEBUG] Host 8 -> Host 13 (hops: 1) Path: 8 -> 13
[PATH_DEBUG] Host 8 -> Host 14 (hops: 1) Path: 8 -> 14
[PATH_DEBUG] Host 8 -> Host 15 (hops: 1) Path: 8 -> 15
[PATH_DEBUG] Host 8 -> Host 16 (hops: 1) Path: 8 -> 16
[PATH_DEBUG] Host 8 -> Host 19 (hops: 1) Path: 8 -> 19
[PATH_DEBUG] Host 8 -> Host 20 (hops: 1) Path: 8 -> 20
[PATH_DEBUG] Host 18 -> Host 21 (hops: 1) Path: 18 -> 21
[PATH_DEBUG] Host 18 -> Host 22 (hops: 1) Path: 18 -> 22
[PATH_DEBUG] Host 18 -> Host 23 (hops: 1) Path: 18 -> 23
[PATH_DEBUG] Host 18 -> Host 24 (hops: 1) Path: 18 -> 24
[PATH_DEBUG] Host 18 -> Host 25 (hops: 1) Path: 18 -> 25
[PATH_DEBUG] Host 18 -> Host 26 (hops: 1) Path: 18 -> 26
[PATH_DEBUG] Host 18 -> Host 27 (hops: 1) Path: 18 -> 27
[PATH_DEBUG] Host 18 -> Host 28 (hops: 1) Path: 18 -> 28
[PATH_DEBUG] Host 18 -> Host 29 (hops: 1) Path: 18 -> 29
[PATH_DEBUG] Host 18 -> Host 30 (hops: 1) Path: 18 -> 30
[PATH_DEBUG] Host 18 -> Host 31 (hops: 1) Path: 18 -> 31
[PATH_DEBUG] Host 18 -> Host 19 (hops: 1) Path: 18 -> 19
[PATH_DEBUG] Host 18 -> Host 20 (hops: 1) Path: 18 -> 20
[PATH_DEBUG] Host 17 -> Host 21 (hops: 1) Path: 17 -> 21
[PATH_DEBUG] Host 17 -> Host 22 (hops: 1) Path: 17 -> 22
[PATH_DEBUG] Host 17 -> Host 23 (hops: 1) Path: 17 -> 23
[PATH_DEBUG] Host 17 -> Host 24 (hops: 1) Path: 17 -> 24
[PATH_DEBUG] Host 17 -> Host 25 (hops: 1) Path: 17 -> 25
[PATH_DEBUG] Host 17 -> Host 26 (hops: 1) Path: 17 -> 26
[PATH_DEBUG] Host 17 -> Host 27 (hops: 1) Path: 17 -> 27
[PATH_DEBUG] Host 17 -> Host 28 (hops: 1) Path: 17 -> 28
[PATH_DEBUG] Host 17 -> Host 29 (hops: 1) Path: 17 -> 29
[PATH_DEBUG] Host 17 -> Host 30 (hops: 1) Path: 17 -> 30
[PATH_DEBUG] Host 17 -> Host 31 (hops: 1) Path: 17 -> 31
[PATH_DEBUG] Host 17 -> Host 18 (hops: 1) Path: 17 -> 18
[PATH_DEBUG] Host 17 -> Host 19 (hops: 1) Path: 17 -> 19
[PATH_DEBUG] Host 17 -> Host 20 (hops: 1) Path: 17 -> 20
[PATH_DEBUG] Host 9 -> Host 21 (hops: 1) Path: 9 -> 21
[PATH_DEBUG] Host 9 -> Host 22 (hops: 1) Path: 9 -> 22
[PATH_DEBUG] Host 9 -> Host 23 (hops: 1) Path: 9 -> 23
[PATH_DEBUG] Host 9 -> Host 24 (hops: 1) Path: 9 -> 24
[PATH_DEBUG] Host 9 -> Host 25 (hops: 1) Path: 9 -> 25
[PATH_DEBUG] Host 9 -> Host 26 (hops: 1) Path: 9 -> 26
[PATH_DEBUG] Host 9 -> Host 27 (hops: 1) Path: 9 -> 27
[PATH_DEBUG] Host 9 -> Host 28 (hops: 1) Path: 9 -> 28
[PATH_DEBUG] Host 9 -> Host 29 (hops: 1) Path: 9 -> 29
[PATH_DEBUG] Host 9 -> Host 30 (hops: 1) Path: 9 -> 30
[PATH_DEBUG] Host 9 -> Host 31 (hops: 1) Path: 9 -> 31
[PATH_DEBUG] Host 9 -> Host 18 (hops: 1) Path: 9 -> 18
[PATH_DEBUG] Host 9 -> Host 17 (hops: 1) Path: 9 -> 17
[PATH_DEBUG] Host 9 -> Host 10 (hops: 1) Path: 9 -> 10
[PATH_DEBUG] Host 9 -> Host 11 (hops: 1) Path: 9 -> 11
[PATH_DEBUG] Host 9 -> Host 12 (hops: 1) Path: 9 -> 12
[PATH_DEBUG] Host 9 -> Host 13 (hops: 1) Path: 9 -> 13
[PATH_DEBUG] Host 9 -> Host 14 (hops: 1) Path: 9 -> 14
[PATH_DEBUG] Host 9 -> Host 15 (hops: 1) Path: 9 -> 15
[PATH_DEBUG] Host 9 -> Host 16 (hops: 1) Path: 9 -> 16
[PATH_DEBUG] Host 9 -> Host 19 (hops: 1) Path: 9 -> 19
[PATH_DEBUG] Host 9 -> Host 20 (hops: 1) Path: 9 -> 20
[PATH_DEBUG] Host 10 -> Host 21 (hops: 1) Path: 10 -> 21
[PATH_DEBUG] Host 10 -> Host 22 (hops: 1) Path: 10 -> 22
[PATH_DEBUG] Host 10 -> Host 23 (hops: 1) Path: 10 -> 23
[PATH_DEBUG] Host 10 -> Host 24 (hops: 1) Path: 10 -> 24
[PATH_DEBUG] Host 10 -> Host 25 (hops: 1) Path: 10 -> 25
[PATH_DEBUG] Host 10 -> Host 26 (hops: 1) Path: 10 -> 26
[PATH_DEBUG] Host 10 -> Host 27 (hops: 1) Path: 10 -> 27
[PATH_DEBUG] Host 10 -> Host 28 (hops: 1) Path: 10 -> 28
[PATH_DEBUG] Host 10 -> Host 29 (hops: 1) Path: 10 -> 29
[PATH_DEBUG] Host 10 -> Host 30 (hops: 1) Path: 10 -> 30
[PATH_DEBUG] Host 10 -> Host 31 (hops: 1) Path: 10 -> 31
[PATH_DEBUG] Host 10 -> Host 18 (hops: 1) Path: 10 -> 18
[PATH_DEBUG] Host 10 -> Host 17 (hops: 1) Path: 10 -> 17
[PATH_DEBUG] Host 10 -> Host 11 (hops: 1) Path: 10 -> 11
[PATH_DEBUG] Host 10 -> Host 12 (hops: 1) Path: 10 -> 12
[PATH_DEBUG] Host 10 -> Host 13 (hops: 1) Path: 10 -> 13
[PATH_DEBUG] Host 10 -> Host 14 (hops: 1) Path: 10 -> 14
[PATH_DEBUG] Host 10 -> Host 15 (hops: 1) Path: 10 -> 15
[PATH_DEBUG] Host 10 -> Host 16 (hops: 1) Path: 10 -> 16
[PATH_DEBUG] Host 10 -> Host 19 (hops: 1) Path: 10 -> 19
[PATH_DEBUG] Host 10 -> Host 20 (hops: 1) Path: 10 -> 20
[PATH_DEBUG] Host 11 -> Host 21 (hops: 1) Path: 11 -> 21
[PATH_DEBUG] Host 11 -> Host 22 (hops: 1) Path: 11 -> 22
[PATH_DEBUG] Host 11 -> Host 23 (hops: 1) Path: 11 -> 23
[PATH_DEBUG] Host 11 -> Host 24 (hops: 1) Path: 11 -> 24
[PATH_DEBUG] Host 11 -> Host 25 (hops: 1) Path: 11 -> 25
[PATH_DEBUG] Host 11 -> Host 26 (hops: 1) Path: 11 -> 26
[PATH_DEBUG] Host 11 -> Host 27 (hops: 1) Path: 11 -> 27
[PATH_DEBUG] Host 11 -> Host 28 (hops: 1) Path: 11 -> 28
[PATH_DEBUG] Host 11 -> Host 29 (hops: 1) Path: 11 -> 29
[PATH_DEBUG] Host 11 -> Host 30 (hops: 1) Path: 11 -> 30
[PATH_DEBUG] Host 11 -> Host 31 (hops: 1) Path: 11 -> 31
[PATH_DEBUG] Host 11 -> Host 18 (hops: 1) Path: 11 -> 18
[PATH_DEBUG] Host 11 -> Host 17 (hops: 1) Path: 11 -> 17
[PATH_DEBUG] Host 11 -> Host 12 (hops: 1) Path: 11 -> 12
[PATH_DEBUG] Host 11 -> Host 13 (hops: 1) Path: 11 -> 13
[PATH_DEBUG] Host 11 -> Host 14 (hops: 1) Path: 11 -> 14
[PATH_DEBUG] Host 11 -> Host 15 (hops: 1) Path: 11 -> 15
[PATH_DEBUG] Host 11 -> Host 16 (hops: 1) Path: 11 -> 16
[PATH_DEBUG] Host 11 -> Host 19 (hops: 1) Path: 11 -> 19
[PATH_DEBUG] Host 11 -> Host 20 (hops: 1) Path: 11 -> 20
[PATH_DEBUG] Host 12 -> Host 21 (hops: 1) Path: 12 -> 21
[PATH_DEBUG] Host 12 -> Host 22 (hops: 1) Path: 12 -> 22
[PATH_DEBUG] Host 12 -> Host 23 (hops: 1) Path: 12 -> 23
[PATH_DEBUG] Host 12 -> Host 24 (hops: 1) Path: 12 -> 24
[PATH_DEBUG] Host 12 -> Host 25 (hops: 1) Path: 12 -> 25
[PATH_DEBUG] Host 12 -> Host 26 (hops: 1) Path: 12 -> 26
[PATH_DEBUG] Host 12 -> Host 27 (hops: 1) Path: 12 -> 27
[PATH_DEBUG] Host 12 -> Host 28 (hops: 1) Path: 12 -> 28
[PATH_DEBUG] Host 12 -> Host 29 (hops: 1) Path: 12 -> 29
[PATH_DEBUG] Host 12 -> Host 30 (hops: 1) Path: 12 -> 30
[PATH_DEBUG] Host 12 -> Host 31 (hops: 1) Path: 12 -> 31
[PATH_DEBUG] Host 12 -> Host 18 (hops: 1) Path: 12 -> 18
[PATH_DEBUG] Host 12 -> Host 17 (hops: 1) Path: 12 -> 17
[PATH_DEBUG] Host 12 -> Host 13 (hops: 1) Path: 12 -> 13
[PATH_DEBUG] Host 12 -> Host 14 (hops: 1) Path: 12 -> 14
[PATH_DEBUG] Host 12 -> Host 15 (hops: 1) Path: 12 -> 15
[PATH_DEBUG] Host 12 -> Host 16 (hops: 1) Path: 12 -> 16
[PATH_DEBUG] Host 12 -> Host 19 (hops: 1) Path: 12 -> 19
[PATH_DEBUG] Host 12 -> Host 20 (hops: 1) Path: 12 -> 20
[PATH_DEBUG] Host 13 -> Host 21 (hops: 1) Path: 13 -> 21
[PATH_DEBUG] Host 13 -> Host 22 (hops: 1) Path: 13 -> 22
[PATH_DEBUG] Host 13 -> Host 23 (hops: 1) Path: 13 -> 23
[PATH_DEBUG] Host 13 -> Host 24 (hops: 1) Path: 13 -> 24
[PATH_DEBUG] Host 13 -> Host 25 (hops: 1) Path: 13 -> 25
[PATH_DEBUG] Host 13 -> Host 26 (hops: 1) Path: 13 -> 26
[PATH_DEBUG] Host 13 -> Host 27 (hops: 1) Path: 13 -> 27
[PATH_DEBUG] Host 13 -> Host 28 (hops: 1) Path: 13 -> 28
[PATH_DEBUG] Host 13 -> Host 29 (hops: 1) Path: 13 -> 29
[PATH_DEBUG] Host 13 -> Host 30 (hops: 1) Path: 13 -> 30
[PATH_DEBUG] Host 13 -> Host 31 (hops: 1) Path: 13 -> 31
[PATH_DEBUG] Host 13 -> Host 18 (hops: 1) Path: 13 -> 18
[PATH_DEBUG] Host 13 -> Host 17 (hops: 1) Path: 13 -> 17
[PATH_DEBUG] Host 13 -> Host 14 (hops: 1) Path: 13 -> 14
[PATH_DEBUG] Host 13 -> Host 15 (hops: 1) Path: 13 -> 15
[PATH_DEBUG] Host 13 -> Host 16 (hops: 1) Path: 13 -> 16
[PATH_DEBUG] Host 13 -> Host 19 (hops: 1) Path: 13 -> 19
[PATH_DEBUG] Host 13 -> Host 20 (hops: 1) Path: 13 -> 20
[PATH_DEBUG] Host 14 -> Host 21 (hops: 1) Path: 14 -> 21
[PATH_DEBUG] Host 14 -> Host 22 (hops: 1) Path: 14 -> 22
[PATH_DEBUG] Host 14 -> Host 23 (hops: 1) Path: 14 -> 23
[PATH_DEBUG] Host 14 -> Host 24 (hops: 1) Path: 14 -> 24
[PATH_DEBUG] Host 14 -> Host 25 (hops: 1) Path: 14 -> 25
[PATH_DEBUG] Host 14 -> Host 26 (hops: 1) Path: 14 -> 26
[PATH_DEBUG] Host 14 -> Host 27 (hops: 1) Path: 14 -> 27
[PATH_DEBUG] Host 14 -> Host 28 (hops: 1) Path: 14 -> 28
[PATH_DEBUG] Host 14 -> Host 29 (hops: 1) Path: 14 -> 29
[PATH_DEBUG] Host 14 -> Host 30 (hops: 1) Path: 14 -> 30
[PATH_DEBUG] Host 14 -> Host 31 (hops: 1) Path: 14 -> 31
[PATH_DEBUG] Host 14 -> Host 18 (hops: 1) Path: 14 -> 18
[PATH_DEBUG] Host 14 -> Host 17 (hops: 1) Path: 14 -> 17
[PATH_DEBUG] Host 14 -> Host 15 (hops: 1) Path: 14 -> 15
[PATH_DEBUG] Host 14 -> Host 16 (hops: 1) Path: 14 -> 16
[PATH_DEBUG] Host 14 -> Host 19 (hops: 1) Path: 14 -> 19
[PATH_DEBUG] Host 14 -> Host 20 (hops: 1) Path: 14 -> 20
[PATH_DEBUG] Host 15 -> Host 21 (hops: 1) Path: 15 -> 21
[PATH_DEBUG] Host 15 -> Host 22 (hops: 1) Path: 15 -> 22
[PATH_DEBUG] Host 15 -> Host 23 (hops: 1) Path: 15 -> 23
[PATH_DEBUG] Host 15 -> Host 24 (hops: 1) Path: 15 -> 24
[PATH_DEBUG] Host 15 -> Host 25 (hops: 1) Path: 15 -> 25
[PATH_DEBUG] Host 15 -> Host 26 (hops: 1) Path: 15 -> 26
[PATH_DEBUG] Host 15 -> Host 27 (hops: 1) Path: 15 -> 27
[PATH_DEBUG] Host 15 -> Host 28 (hops: 1) Path: 15 -> 28
[PATH_DEBUG] Host 15 -> Host 29 (hops: 1) Path: 15 -> 29
[PATH_DEBUG] Host 15 -> Host 30 (hops: 1) Path: 15 -> 30
[PATH_DEBUG] Host 15 -> Host 31 (hops: 1) Path: 15 -> 31
[PATH_DEBUG] Host 15 -> Host 18 (hops: 1) Path: 15 -> 18
[PATH_DEBUG] Host 15 -> Host 17 (hops: 1) Path: 15 -> 17
[PATH_DEBUG] Host 15 -> Host 16 (hops: 1) Path: 15 -> 16
[PATH_DEBUG] Host 15 -> Host 19 (hops: 1) Path: 15 -> 19
[PATH_DEBUG] Host 15 -> Host 20 (hops: 1) Path: 15 -> 20
[PATH_DEBUG] Host 16 -> Host 21 (hops: 1) Path: 16 -> 21
[PATH_DEBUG] Host 16 -> Host 22 (hops: 1) Path: 16 -> 22
[PATH_DEBUG] Host 16 -> Host 23 (hops: 1) Path: 16 -> 23
[PATH_DEBUG] Host 16 -> Host 24 (hops: 1) Path: 16 -> 24
[PATH_DEBUG] Host 16 -> Host 25 (hops: 1) Path: 16 -> 25
[PATH_DEBUG] Host 16 -> Host 26 (hops: 1) Path: 16 -> 26
[PATH_DEBUG] Host 16 -> Host 27 (hops: 1) Path: 16 -> 27
[PATH_DEBUG] Host 16 -> Host 28 (hops: 1) Path: 16 -> 28
[PATH_DEBUG] Host 16 -> Host 29 (hops: 1) Path: 16 -> 29
[PATH_DEBUG] Host 16 -> Host 30 (hops: 1) Path: 16 -> 30
[PATH_DEBUG] Host 16 -> Host 31 (hops: 1) Path: 16 -> 31
[PATH_DEBUG] Host 16 -> Host 18 (hops: 1) Path: 16 -> 18
[PATH_DEBUG] Host 16 -> Host 17 (hops: 1) Path: 16 -> 17
[PATH_DEBUG] Host 16 -> Host 19 (hops: 1) Path: 16 -> 19
[PATH_DEBUG] Host 16 -> Host 20 (hops: 1) Path: 16 -> 20
[PATH_DEBUG] Host 19 -> Host 21 (hops: 1) Path: 19 -> 21
[PATH_DEBUG] Host 19 -> Host 22 (hops: 1) Path: 19 -> 22
[PATH_DEBUG] Host 19 -> Host 23 (hops: 1) Path: 19 -> 23
[PATH_DEBUG] Host 19 -> Host 24 (hops: 1) Path: 19 -> 24
[PATH_DEBUG] Host 19 -> Host 25 (hops: 1) Path: 19 -> 25
[PATH_DEBUG] Host 19 -> Host 26 (hops: 1) Path: 19 -> 26
[PATH_DEBUG] Host 19 -> Host 27 (hops: 1) Path: 19 -> 27
[PATH_DEBUG] Host 19 -> Host 28 (hops: 1) Path: 19 -> 28
[PATH_DEBUG] Host 19 -> Host 29 (hops: 1) Path: 19 -> 29
[PATH_DEBUG] Host 19 -> Host 30 (hops: 1) Path: 19 -> 30
[PATH_DEBUG] Host 19 -> Host 31 (hops: 1) Path: 19 -> 31
[PATH_DEBUG] Host 19 -> Host 20 (hops: 1) Path: 19 -> 20
[PATH_DEBUG] Host 20 -> Host 21 (hops: 1) Path: 20 -> 21
[PATH_DEBUG] Host 20 -> Host 22 (hops: 1) Path: 20 -> 22
[PATH_DEBUG] Host 20 -> Host 23 (hops: 1) Path: 20 -> 23
[PATH_DEBUG] Host 20 -> Host 24 (hops: 1) Path: 20 -> 24
[PATH_DEBUG] Host 20 -> Host 25 (hops: 1) Path: 20 -> 25
[PATH_DEBUG] Host 20 -> Host 26 (hops: 1) Path: 20 -> 26
[PATH_DEBUG] Host 20 -> Host 27 (hops: 1) Path: 20 -> 27
[PATH_DEBUG] Host 20 -> Host 28 (hops: 1) Path: 20 -> 28
[PATH_DEBUG] Host 20 -> Host 29 (hops: 1) Path: 20 -> 29
[PATH_DEBUG] Host 20 -> Host 30 (hops: 1) Path: 20 -> 30
[PATH_DEBUG] Host 20 -> Host 31 (hops: 1) Path: 20 -> 31
[PATH_DEBUG] ========== END PATHS ==========

maxRtt=1025 maxBdp=89687
Running Simulation.
DEBUG: Detected configuration:
  Total nodes from topology: 32
  Switch nodes: 0
  GPU nodes: 32
  TP size: 2
DEBUG_SYS: Loading system input file: /home/parozario/newSimAI/Comp_499B-/UB_mesh_system_input.txt
Success in opening system file
Var is: all-reduce-implementation: ,val is: NcclFlowModel
Var is: reduce-scatter-implementation: ,val is: NcclFlowModel
Var is: all-gather-implementation: ,val is: NcclFlowModel
Var is: all-to-all-implementation: ,val is: NcclFlowModel
Var is: scheduling-policy: ,val is: LIFO
Var is: collective-optimization: ,val is: baseline
Var is:  ,val is: baseline
The final active chunks per dimension 1 after allocating to queues is: 1
DEBUG_BACKEND: Node 0 detected backend type: NS3
ring of node 0, id: 0 dimension: local total nodes in ring: 32 index in ring: 0 offset: 1total nodes in ring: 32
ring of node 0, id: 0 dimension: local total nodes in ring: 32 index in ring: 0 offset: 1total nodes in ring: 32
ring of node 0, id: 0 dimension: local total nodes in ring: 32 index in ring: 0 offset: 1total nodes in ring: 32
ring of node 0, id: 0 dimension: local total nodes in ring: 32 index in ring: 0 offset: 1total nodes in ring: 32
total nodes: 32
Success in opening workload file
model_parallel_NPU_group is 2
checkpoints layers are: 
layers initiating fwd_in_bckwd are: 
ring of node 0, id: 0 dimension: local total nodes in ring: 2 index in ring: 0 offset: 1total nodes in ring: 2
ring of node 0, id: 0 dimension: local total nodes in ring: 16 index in ring: 0 offset: 2total nodes in ring: 16
ring of node 0, id: 0 dimension: local total nodes in ring: 2 index in ring: 0 offset: 1total nodes in ring: 2
ring of node 0, id: 0 dimension: local total nodes in ring: 16 index in ring: 0 offset: 2total nodes in ring: 16
ring of node 0, id: 0 dimension: local total nodes in ring: 2 index in ring: 0 offset: 1total nodes in ring: 2
ring of node 0, id: 0 dimension: local total nodes in ring: 16 index in ring: 0 offset: 2total nodes in ring: 16
ring of node 0, id: 0 dimension: local total nodes in ring: 2 index in ring: 0 offset: 1total nodes in ring: 2
ring of node 0, id: 0 dimension: local total nodes in ring: 16 index in ring: 0 offset: 2total nodes in ring: 16
DEBUG_POLICY: TransformerFwdInBckwd, model_parallel_npu_group=2, model_parallel_boundary=0
DEBUG_POLICY: model dimensions: 1 0 0 0 0 0 0 0 0 0 
pp_commize:0
id: grad_norm , depen: -1 , wg_comp_time: 1
id: embedding_layer , depen: -1 , wg_comp_time: 1
id: attention_column , depen: -1 , wg_comp_time: 1
id: attention_row , depen: -1 , wg_comp_time: 1
id: mlp_moelayer , depen: -1 , wg_comp_time: 1
id: mlp_moelayer , depen: -1 , wg_comp_time: 1
id: mlp_moelayer , depen: -1 , wg_comp_time: 1
id: mlp_moelayer , depen: -1 , wg_comp_time: 1
id: mlp_moelayer , depen: -1 , wg_comp_time: 1
id: mlp_moelayer , depen: -1 , wg_comp_time: 1
id: mlp_moelayer , depen: -1 , wg_comp_time: 1
id: attention_column , depen: -1 , wg_comp_time: 1
id: attention_row , depen: -1 , wg_comp_time: 1
id: mlp_moelayer , depen: -1 , wg_comp_time: 1
id: mlp_moelayer , depen: -1 , wg_comp_time: 1
id: mlp_moelayer , depen: -1 , wg_comp_time: 1
id: mlp_moelayer , depen: -1 , wg_comp_time: 1
id: mlp_moelayer , depen: -1 , wg_comp_time: 1
id: mlp_moelayer , depen: -1 , wg_comp_time: 1
id: mlp_moelayer , depen: -1 , wg_comp_time: 1
id: attention_column , depen: -1 , wg_comp_time: 1
id: attention_row , depen: -1 , wg_comp_time: 1
id: mlp_moelayer , depen: -1 , wg_comp_time: 1
id: mlp_moelayer , depen: -1 , wg_comp_time: 1
id: mlp_moelayer , depen: -1 , wg_comp_time: 1
id: mlp_moelayer , depen: -1 , wg_comp_time: 1
id: mlp_moelayer , depen: -1 , wg_comp_time: 1
id: mlp_moelayer , depen: -1 , wg_comp_time: 1
id: mlp_moelayer , depen: -1 , wg_comp_time: 1
id: attention_column , depen: -1 , wg_comp_time: 1
id: attention_row , depen: -1 , wg_comp_time: 1
id: mlp_moelayer , depen: -1 , wg_comp_time: 1
id: mlp_moelayer , depen: -1 , wg_comp_time: 1
id: mlp_moelayer , depen: -1 , wg_comp_time: 1
id: mlp_moelayer , depen: -1 , wg_comp_time: 1
id: mlp_moelayer , depen: -1 , wg_comp_time: 1
id: mlp_moelayer , depen: -1 , wg_comp_time: 1
id: mlp_moelayer , depen: -1 , wg_comp_time: 1
id: attention_column , depen: -1 , wg_comp_time: 1
id: attention_row , depen: -1 , wg_comp_time: 1
id: mlp_moelayer , depen: -1 , wg_comp_time: 1
id: mlp_moelayer , depen: -1 , wg_comp_time: 1
id: mlp_moelayer , depen: -1 , wg_comp_time: 1
id: mlp_moelayer , depen: -1 , wg_comp_time: 1
id: mlp_moelayer , depen: -1 , wg_comp_time: 1
id: mlp_moelayer , depen: -1 , wg_comp_time: 1
id: mlp_moelayer , depen: -1 , wg_comp_time: 1
id: attention_column , depen: -1 , wg_comp_time: 1
id: attention_row , depen: -1 , wg_comp_time: 1
id: mlp_moelayer , depen: -1 , wg_comp_time: 1
id: mlp_moelayer , depen: -1 , wg_comp_time: 1
id: mlp_moelayer , depen: -1 , wg_comp_time: 1
id: mlp_moelayer , depen: -1 , wg_comp_time: 1
id: mlp_moelayer , depen: -1 , wg_comp_time: 1
id: mlp_moelayer , depen: -1 , wg_comp_time: 1
id: mlp_moelayer , depen: -1 , wg_comp_time: 1
id: attention_column , depen: -1 , wg_comp_time: 1
id: attention_row , depen: -1 , wg_comp_time: 1
id: mlp_moelayer , depen: -1 , wg_comp_time: 1
id: mlp_moelayer , depen: -1 , wg_comp_time: 1
id: mlp_moelayer , depen: -1 , wg_comp_time: 1
id: mlp_moelayer , depen: -1 , wg_comp_time: 1
id: mlp_moelayer , depen: -1 , wg_comp_time: 1
id: mlp_moelayer , depen: -1 , wg_comp_time: 1
id: mlp_moelayer , depen: -1 , wg_comp_time: 1
id: attention_column , depen: -1 , wg_comp_time: 1
id: attention_row , depen: -1 , wg_comp_time: 1
id: mlp_moelayer , depen: -1 , wg_comp_time: 1
id: mlp_moelayer , depen: -1 , wg_comp_time: 1
id: mlp_moelayer , depen: -1 , wg_comp_time: 1
id: mlp_moelayer , depen: -1 , wg_comp_time: 1
id: mlp_moelayer , depen: -1 , wg_comp_time: 1
id: mlp_moelayer , depen: -1 , wg_comp_time: 1
id: mlp_moelayer , depen: -1 , wg_comp_time: 1
id: final_column , depen: -1 , wg_comp_time: 1
id: embedding_norm , depen: -1 , wg_comp_time: 1
id: embedding_layer , depen: -1 , wg_comp_time: 1
id: attention_column , depen: -1 , wg_comp_time: 1
id: attention_row , depen: -1 , wg_comp_time: 1
id: mlp_moelayer , depen: -1 , wg_comp_time: 1
id: mlp_moelayer , depen: -1 , wg_comp_time: 1
id: mlp_moelayer , depen: -1 , wg_comp_time: 1
id: mlp_moelayer , depen: -1 , wg_comp_time: 1
id: mlp_moelayer , depen: -1 , wg_comp_time: 1
id: mlp_moelayer , depen: -1 , wg_comp_time: 1
id: mlp_moelayer , depen: -1 , wg_comp_time: 1
id: attention_column , depen: -1 , wg_comp_time: 1
id: attention_row , depen: -1 , wg_comp_time: 1
id: mlp_moelayer , depen: -1 , wg_comp_time: 1
id: mlp_moelayer , depen: -1 , wg_comp_time: 1
id: mlp_moelayer , depen: -1 , wg_comp_time: 1
id: mlp_moelayer , depen: -1 , wg_comp_time: 1
id: mlp_moelayer , depen: -1 , wg_comp_time: 1
id: mlp_moelayer , depen: -1 , wg_comp_time: 1
id: mlp_moelayer , depen: -1 , wg_comp_time: 1
id: attention_column , depen: -1 , wg_comp_time: 1
id: attention_row , depen: -1 , wg_comp_time: 1
id: mlp_moelayer , depen: -1 , wg_comp_time: 1
id: mlp_moelayer , depen: -1 , wg_comp_time: 1
id: mlp_moelayer , depen: -1 , wg_comp_time: 1
id: mlp_moelayer , depen: -1 , wg_comp_time: 1
id: mlp_moelayer , depen: -1 , wg_comp_time: 1
id: mlp_moelayer , depen: -1 , wg_comp_time: 1
id: mlp_moelayer , depen: -1 , wg_comp_time: 1
id: attention_column , depen: -1 , wg_comp_time: 1
id: attention_row , depen: -1 , wg_comp_time: 1
id: mlp_moelayer , depen: -1 , wg_comp_time: 1
id: mlp_moelayer , depen: -1 , wg_comp_time: 1
id: mlp_moelayer , depen: -1 , wg_comp_time: 1
id: mlp_moelayer , depen: -1 , wg_comp_time: 1
id: mlp_moelayer , depen: -1 , wg_comp_time: 1
id: mlp_moelayer , depen: -1 , wg_comp_time: 1
id: mlp_moelayer , depen: -1 , wg_comp_time: 1
id: attention_column , depen: -1 , wg_comp_time: 1
id: attention_row , depen: -1 , wg_comp_time: 1
id: mlp_moelayer , depen: -1 , wg_comp_time: 1
id: mlp_moelayer , depen: -1 , wg_comp_time: 1
id: mlp_moelayer , depen: -1 , wg_comp_time: 1
id: mlp_moelayer , depen: -1 , wg_comp_time: 1
id: mlp_moelayer , depen: -1 , wg_comp_time: 1
id: mlp_moelayer , depen: -1 , wg_comp_time: 1
id: mlp_moelayer , depen: -1 , wg_comp_time: 1
id: attention_column , depen: -1 , wg_comp_time: 1
id: attention_row , depen: -1 , wg_comp_time: 1
id: mlp_moelayer , depen: -1 , wg_comp_time: 1
id: mlp_moelayer , depen: -1 , wg_comp_time: 1
id: mlp_moelayer , depen: -1 , wg_comp_time: 1
id: mlp_moelayer , depen: -1 , wg_comp_time: 1
id: mlp_moelayer , depen: -1 , wg_comp_time: 1
id: mlp_moelayer , depen: -1 , wg_comp_time: 1
id: mlp_moelayer , depen: -1 , wg_comp_time: 1
id: attention_column , depen: -1 , wg_comp_time: 1
id: attention_row , depen: -1 , wg_comp_time: 1
id: mlp_moelayer , depen: -1 , wg_comp_time: 1
id: mlp_moelayer , depen: -1 , wg_comp_time: 1
id: mlp_moelayer , depen: -1 , wg_comp_time: 1
id: mlp_moelayer , depen: -1 , wg_comp_time: 1
id: mlp_moelayer , depen: -1 , wg_comp_time: 1
id: mlp_moelayer , depen: -1 , wg_comp_time: 1
id: mlp_moelayer , depen: -1 , wg_comp_time: 1
id: attention_column , depen: -1 , wg_comp_time: 1
id: attention_row , depen: -1 , wg_comp_time: 1
id: mlp_moelayer , depen: -1 , wg_comp_time: 1
id: mlp_moelayer , depen: -1 , wg_comp_time: 1
id: mlp_moelayer , depen: -1 , wg_comp_time: 1
id: mlp_moelayer , depen: -1 , wg_comp_time: 1
id: mlp_moelayer , depen: -1 , wg_comp_time: 1
id: mlp_moelayer , depen: -1 , wg_comp_time: 1
id: mlp_moelayer , depen: -1 , wg_comp_time: 1
id: final_column , depen: -1 , wg_comp_time: 1
id: embedding_norm , depen: -1 , wg_comp_time: 1
id: embedding_layer , depen: -1 , wg_comp_time: 1
id: attention_column , depen: -1 , wg_comp_time: 1
id: attention_row , depen: -1 , wg_comp_time: 1
id: mlp_moelayer , depen: -1 , wg_comp_time: 1
id: mlp_moelayer , depen: -1 , wg_comp_time: 1
id: mlp_moelayer , depen: -1 , wg_comp_time: 1
id: mlp_moelayer , depen: -1 , wg_comp_time: 1
id: mlp_moelayer , depen: -1 , wg_comp_time: 1
id: mlp_moelayer , depen: -1 , wg_comp_time: 1
id: mlp_moelayer , depen: -1 , wg_comp_time: 1
id: attention_column , depen: -1 , wg_comp_time: 1
id: attention_row , depen: -1 , wg_comp_time: 1
id: mlp_moelayer , depen: -1 , wg_comp_time: 1
id: mlp_moelayer , depen: -1 , wg_comp_time: 1
id: mlp_moelayer , depen: -1 , wg_comp_time: 1
id: mlp_moelayer , depen: -1 , wg_comp_time: 1
id: mlp_moelayer , depen: -1 , wg_comp_time: 1
id: mlp_moelayer , depen: -1 , wg_comp_time: 1
id: mlp_moelayer , depen: -1 , wg_comp_time: 1
id: attention_column , depen: -1 , wg_comp_time: 1
id: attention_row , depen: -1 , wg_comp_time: 1
id: mlp_moelayer , depen: -1 , wg_comp_time: 1
id: mlp_moelayer , depen: -1 , wg_comp_time: 1
id: mlp_moelayer , depen: -1 , wg_comp_time: 1
id: mlp_moelayer , depen: -1 , wg_comp_time: 1
id: mlp_moelayer , depen: -1 , wg_comp_time: 1
id: mlp_moelayer , depen: -1 , wg_comp_time: 1
id: mlp_moelayer , depen: -1 , wg_comp_time: 1
id: attention_column , depen: -1 , wg_comp_time: 1
id: attention_row , depen: -1 , wg_comp_time: 1
id: mlp_moelayer , depen: -1 , wg_comp_time: 1
id: mlp_moelayer , depen: -1 , wg_comp_time: 1
id: mlp_moelayer , depen: -1 , wg_comp_time: 1
id: mlp_moelayer , depen: -1 , wg_comp_time: 1
id: mlp_moelayer , depen: -1 , wg_comp_time: 1
id: mlp_moelayer , depen: -1 , wg_comp_time: 1
id: mlp_moelayer , depen: -1 , wg_comp_time: 1
id: attention_column , depen: -1 , wg_comp_time: 1
id: attention_row , depen: -1 , wg_comp_time: 1
id: mlp_moelayer , depen: -1 , wg_comp_time: 1
id: mlp_moelayer , depen: -1 , wg_comp_time: 1
id: mlp_moelayer , depen: -1 , wg_comp_time: 1
id: mlp_moelayer , depen: -1 , wg_comp_time: 1
id: mlp_moelayer , depen: -1 , wg_comp_time: 1
id: mlp_moelayer , depen: -1 , wg_comp_time: 1
id: mlp_moelayer , depen: -1 , wg_comp_time: 1
id: attention_column , depen: -1 , wg_comp_time: 1
id: attention_row , depen: -1 , wg_comp_time: 1
id: mlp_moelayer , depen: -1 , wg_comp_time: 1
id: mlp_moelayer , depen: -1 , wg_comp_time: 1
id: mlp_moelayer , depen: -1 , wg_comp_time: 1
id: mlp_moelayer , depen: -1 , wg_comp_time: 1
id: mlp_moelayer , depen: -1 , wg_comp_time: 1
id: mlp_moelayer , depen: -1 , wg_comp_time: 1
id: mlp_moelayer , depen: -1 , wg_comp_time: 1
id: attention_column , depen: -1 , wg_comp_time: 1
id: attention_row , depen: -1 , wg_comp_time: 1
id: mlp_moelayer , depen: -1 , wg_comp_time: 1
id: mlp_moelayer , depen: -1 , wg_comp_time: 1
id: mlp_moelayer , depen: -1 , wg_comp_time: 1
id: mlp_moelayer , depen: -1 , wg_comp_time: 1
id: mlp_moelayer , depen: -1 , wg_comp_time: 1
id: mlp_moelayer , depen: -1 , wg_comp_time: 1
id: mlp_moelayer , depen: -1 , wg_comp_time: 1
id: attention_column , depen: -1 , wg_comp_time: 1
id: attention_row , depen: -1 , wg_comp_time: 1
id: mlp_moelayer , depen: -1 , wg_comp_time: 1
id: mlp_moelayer , depen: -1 , wg_comp_time: 1
id: mlp_moelayer , depen: -1 , wg_comp_time: 1
id: mlp_moelayer , depen: -1 , wg_comp_time: 1
id: mlp_moelayer , depen: -1 , wg_comp_time: 1
id: mlp_moelayer , depen: -1 , wg_comp_time: 1
id: mlp_moelayer , depen: -1 , wg_comp_time: 1
id: final_column , depen: -1 , wg_comp_time: 1
id: embedding_norm , depen: -1 , wg_comp_time: 1
id: embedding_layer , depen: -1 , wg_comp_time: 1
id: attention_column , depen: -1 , wg_comp_time: 1
id: attention_row , depen: -1 , wg_comp_time: 1
id: mlp_moelayer , depen: -1 , wg_comp_time: 1
id: mlp_moelayer , depen: -1 , wg_comp_time: 1
id: mlp_moelayer , depen: -1 , wg_comp_time: 1
id: mlp_moelayer , depen: -1 , wg_comp_time: 1
id: mlp_moelayer , depen: -1 , wg_comp_time: 1
id: mlp_moelayer , depen: -1 , wg_comp_time: 1
id: mlp_moelayer , depen: -1 , wg_comp_time: 1
id: attention_column , depen: -1 , wg_comp_time: 1
id: attention_row , depen: -1 , wg_comp_time: 1
id: mlp_moelayer , depen: -1 , wg_comp_time: 1
id: mlp_moelayer , depen: -1 , wg_comp_time: 1
id: mlp_moelayer , depen: -1 , wg_comp_time: 1
id: mlp_moelayer , depen: -1 , wg_comp_time: 1
id: mlp_moelayer , depen: -1 , wg_comp_time: 1
id: mlp_moelayer , depen: -1 , wg_comp_time: 1
id: mlp_moelayer , depen: -1 , wg_comp_time: 1
id: attention_column , depen: -1 , wg_comp_time: 1
id: attention_row , depen: -1 , wg_comp_time: 1
id: mlp_moelayer , depen: -1 , wg_comp_time: 1
id: mlp_moelayer , depen: -1 , wg_comp_time: 1
id: mlp_moelayer , depen: -1 , wg_comp_time: 1
id: mlp_moelayer , depen: -1 , wg_comp_time: 1
id: mlp_moelayer , depen: -1 , wg_comp_time: 1
id: mlp_moelayer , depen: -1 , wg_comp_time: 1
id: mlp_moelayer , depen: -1 , wg_comp_time: 1
id: attention_column , depen: -1 , wg_comp_time: 1
id: attention_row , depen: -1 , wg_comp_time: 1
id: mlp_moelayer , depen: -1 , wg_comp_time: 1
id: mlp_moelayer , depen: -1 , wg_comp_time: 1
id: mlp_moelayer , depen: -1 , wg_comp_time: 1
id: mlp_moelayer , depen: -1 , wg_comp_time: 1
id: mlp_moelayer , depen: -1 , wg_comp_time: 1
id: mlp_moelayer , depen: -1 , wg_comp_time: 1
id: mlp_moelayer , depen: -1 , wg_comp_time: 1
id: attention_column , depen: -1 , wg_comp_time: 1
id: attention_row , depen: -1 , wg_comp_time: 1
id: mlp_moelayer , depen: -1 , wg_comp_time: 1
id: mlp_moelayer , depen: -1 , wg_comp_time: 1
id: mlp_moelayer , depen: -1 , wg_comp_time: 1
id: mlp_moelayer , depen: -1 , wg_comp_time: 1
id: mlp_moelayer , depen: -1 , wg_comp_time: 1
id: mlp_moelayer , depen: -1 , wg_comp_time: 1
id: mlp_moelayer , depen: -1 , wg_comp_time: 1
id: attention_column , depen: -1 , wg_comp_time: 1
id: attention_row , depen: -1 , wg_comp_time: 1
id: mlp_moelayer , depen: -1 , wg_comp_time: 1
id: mlp_moelayer , depen: -1 , wg_comp_time: 1
id: mlp_moelayer , depen: -1 , wg_comp_time: 1
id: mlp_moelayer , depen: -1 , wg_comp_time: 1
id: mlp_moelayer , depen: -1 , wg_comp_time: 1
id: mlp_moelayer , depen: -1 , wg_comp_time: 1
id: mlp_moelayer , depen: -1 , wg_comp_time: 1
id: attention_column , depen: -1 , wg_comp_time: 1
id: attention_row , depen: -1 , wg_comp_time: 1
id: mlp_moelayer , depen: -1 , wg_comp_time: 1
id: mlp_moelayer , depen: -1 , wg_comp_time: 1
id: mlp_moelayer , depen: -1 , wg_comp_time: 1
id: mlp_moelayer , depen: -1 , wg_comp_time: 1
id: mlp_moelayer , depen: -1 , wg_comp_time: 1
id: mlp_moelayer , depen: -1 , wg_comp_time: 1
id: mlp_moelayer , depen: -1 , wg_comp_time: 1
id: attention_column , depen: -1 , wg_comp_time: 1
id: attention_row , depen: -1 , wg_comp_time: 1
id: mlp_moelayer , depen: -1 , wg_comp_time: 1
id: mlp_moelayer , depen: -1 , wg_comp_time: 1
id: mlp_moelayer , depen: -1 , wg_comp_time: 1
id: mlp_moelayer , depen: -1 , wg_comp_time: 1
id: mlp_moelayer , depen: -1 , wg_comp_time: 1
id: mlp_moelayer , depen: -1 , wg_comp_time: 1
id: mlp_moelayer , depen: -1 , wg_comp_time: 1
id: final_column , depen: -1 , wg_comp_time: 1
id: embedding_norm , depen: -1 , wg_comp_time: 1
id: cross_entropy1 , depen: -1 , wg_comp_time: 0
id: cross_entropy2 , depen: -1 , wg_comp_time: 0
id: cross_entropy3 , depen: -1 , wg_comp_time: 0
id: optimizer1 , depen: -1 , wg_comp_time: 0
id: optimizer2 , depen: -1 , wg_comp_time: 0
id: optimizer3 , depen: -1 , wg_comp_time: 0
id: optimizer4 , depen: -1 , wg_comp_time: 0
type: HYBRID_TRANSFORMER_FWD_IN_BCKWD ,num passes: 1 ,lines: 308 compute scale: 1 ,comm scale: 1
stat path: ./ncclFlowModel_ ,total rows: 1 ,stat row: 0
CSV path and filename: ./ncclFlowModel_detailed_32.csv
CSV path and filename: ./ncclFlowModel_EndToEnd.csv
DEBUG_BACKEND: Node 1 detected backend type: NS3
DEBUG_BACKEND: Node 2 detected backend type: NS3
DEBUG_BACKEND: Node 3 detected backend type: NS3
DEBUG_BACKEND: Node 4 detected backend type: NS3
DEBUG_BACKEND: Node 5 detected backend type: NS3
DEBUG_BACKEND: Node 6 detected backend type: NS3
DEBUG_BACKEND: Node 7 detected backend type: NS3
DEBUG_BACKEND: Node 8 detected backend type: NS3
DEBUG_BACKEND: Node 9 detected backend type: NS3
DEBUG_BACKEND: Node 10 detected backend type: NS3
DEBUG_BACKEND: Node 11 detected backend type: NS3
DEBUG_BACKEND: Node 12 detected backend type: NS3
DEBUG_BACKEND: Node 13 detected backend type: NS3
DEBUG_BACKEND: Node 14 detected backend type: NS3
DEBUG_BACKEND: Node 15 detected backend type: NS3
DEBUG_BACKEND: Node 16 detected backend type: NS3
DEBUG_BACKEND: Node 17 detected backend type: NS3
DEBUG_BACKEND: Node 18 detected backend type: NS3
DEBUG_BACKEND: Node 19 detected backend type: NS3
DEBUG_BACKEND: Node 20 detected backend type: NS3
DEBUG_BACKEND: Node 21 detected backend type: NS3
DEBUG_BACKEND: Node 22 detected backend type: NS3
DEBUG_BACKEND: Node 23 detected backend type: NS3
DEBUG_BACKEND: Node 24 detected backend type: NS3
DEBUG_BACKEND: Node 25 detected backend type: NS3
DEBUG_BACKEND: Node 26 detected backend type: NS3
DEBUG_BACKEND: Node 27 detected backend type: NS3
DEBUG_BACKEND: Node 28 detected backend type: NS3
DEBUG_BACKEND: Node 29 detected backend type: NS3
DEBUG_BACKEND: Node 30 detected backend type: NS3
DEBUG_BACKEND: Node 31 detected backend type: NS3
Debug: Before firing workloads
Debug: Firing workload for system 0
Debug: Firing workload for system 1
Debug: Firing workload for system 2
Debug: Firing workload for system 3
Debug: Firing workload for system 4
Debug: Firing workload for system 5
Debug: Firing workload for system 6
Debug: Firing workload for system 7
Debug: Firing workload for system 8
Debug: Firing workload for system 9
Debug: Firing workload for system 10
Debug: Firing workload for system 11
Debug: Firing workload for system 12
Debug: Firing workload for system 13
Debug: Firing workload for system 14
Debug: Firing workload for system 15
Debug: Firing workload for system 16
Debug: Firing workload for system 17
Debug: Firing workload for system 18
Debug: Firing workload for system 19
Debug: Firing workload for system 20
Debug: Firing workload for system 21
Debug: Firing workload for system 22
Debug: Firing workload for system 23
Debug: Firing workload for system 24
Debug: Firing workload for system 25
Debug: Firing workload for system 26
Debug: Firing workload for system 27
Debug: Firing workload for system 28
Debug: Firing workload for system 29
Debug: Firing workload for system 30
Debug: Firing workload for system 31
Debug: All workloads fired, starting simulator
info: all-gather forward pass collective issued for layer: grad_norm, involved dimensions:  1, 0, 0, 0, 0, 0, 0, 0, 0, 0,
DEBUG_SIM_END: Node 0 checking finish condition: finished_workloads=0, event_queue.size()=1, pending_sends.size()=0, initialized=1
***** info: fwd pass comm collective for layer: grad_norm is finished************
info: no forward pass collective for layer: embedding_layer
info: all-gather forward pass collective issued for layer: attention_column, involved dimensions:  1, 0, 0, 0, 0, 0, 0, 0, 0, 0,
***** info: fwd pass comm collective for layer: attention_column is finished************
info: reduce-scatter forward pass collective issued for layer: attention_row, involved dimensions:  1, 0, 0, 0, 0, 0, 0, 0, 0, 0,
***** info: fwd pass comm collective for layer: attention_row is finished************
info: all-gather forward pass collective issued for layer: mlp_moelayer, involved dimensions:  1, 0, 0, 0, 0, 0, 0, 0, 0, 0,
***** info: fwd pass comm collective for layer: mlp_moelayer is finished************
info: all-to-all forward pass collective issued for layer: mlp_moelayer, involved dimensions:  1, 0, 0, 0, 0, 0, 0, 0, 0, 0,
***** info: fwd pass comm collective for layer: mlp_moelayer is finished************
info: all-to-all forward pass collective issued for layer: mlp_moelayer, involved dimensions:  1, 0, 0, 0, 0, 0, 0, 0, 0, 0,
***** info: fwd pass comm collective for layer: mlp_moelayer is finished************
info: all-gather forward pass collective issued for layer: mlp_moelayer, involved dimensions:  1, 0, 0, 0, 0, 0, 0, 0, 0, 0,
***** info: fwd pass comm collective for layer: mlp_moelayer is finished************
info: reduce-scatter forward pass collective issued for layer: mlp_moelayer, involved dimensions:  1, 0, 0, 0, 0, 0, 0, 0, 0, 0,
***** info: fwd pass comm collective for layer: mlp_moelayer is finished************
info: all-to-all forward pass collective issued for layer: mlp_moelayer, involved dimensions:  1, 0, 0, 0, 0, 0, 0, 0, 0, 0,
***** info: fwd pass comm collective for layer: mlp_moelayer is finished************
info: all-to-all forward pass collective issued for layer: mlp_moelayer, involved dimensions:  1, 0, 0, 0, 0, 0, 0, 0, 0, 0,
***** info: fwd pass comm collective for layer: mlp_moelayer is finished************
info: all-gather forward pass collective issued for layer: attention_column, involved dimensions:  1, 0, 0, 0, 0, 0, 0, 0, 0, 0,
***** info: fwd pass comm collective for layer: attention_column is finished************
info: reduce-scatter forward pass collective issued for layer: attention_row, involved dimensions:  1, 0, 0, 0, 0, 0, 0, 0, 0, 0,
***** info: fwd pass comm collective for layer: attention_row is finished************
info: all-gather forward pass collective issued for layer: mlp_moelayer, involved dimensions:  1, 0, 0, 0, 0, 0, 0, 0, 0, 0,
***** info: fwd pass comm collective for layer: mlp_moelayer is finished************
info: all-to-all forward pass collective issued for layer: mlp_moelayer, involved dimensions:  1, 0, 0, 0, 0, 0, 0, 0, 0, 0,
***** info: fwd pass comm collective for layer: mlp_moelayer is finished************
info: all-to-all forward pass collective issued for layer: mlp_moelayer, involved dimensions:  1, 0, 0, 0, 0, 0, 0, 0, 0, 0,
***** info: fwd pass comm collective for layer: mlp_moelayer is finished************
info: all-gather forward pass collective issued for layer: mlp_moelayer, involved dimensions:  1, 0, 0, 0, 0, 0, 0, 0, 0, 0,
***** info: fwd pass comm collective for layer: mlp_moelayer is finished************
info: reduce-scatter forward pass collective issued for layer: mlp_moelayer, involved dimensions:  1, 0, 0, 0, 0, 0, 0, 0, 0, 0,
***** info: fwd pass comm collective for layer: mlp_moelayer is finished************
info: all-to-all forward pass collective issued for layer: mlp_moelayer, involved dimensions:  1, 0, 0, 0, 0, 0, 0, 0, 0, 0,
***** info: fwd pass comm collective for layer: mlp_moelayer is finished************
info: all-to-all forward pass collective issued for layer: mlp_moelayer, involved dimensions:  1, 0, 0, 0, 0, 0, 0, 0, 0, 0,
***** info: fwd pass comm collective for layer: mlp_moelayer is finished************
info: all-gather forward pass collective issued for layer: attention_column, involved dimensions:  1, 0, 0, 0, 0, 0, 0, 0, 0, 0,
***** info: fwd pass comm collective for layer: attention_column is finished************
info: reduce-scatter forward pass collective issued for layer: attention_row, involved dimensions:  1, 0, 0, 0, 0, 0, 0, 0, 0, 0,
***** info: fwd pass comm collective for layer: attention_row is finished************
info: all-gather forward pass collective issued for layer: mlp_moelayer, involved dimensions:  1, 0, 0, 0, 0, 0, 0, 0, 0, 0,
***** info: fwd pass comm collective for layer: mlp_moelayer is finished************
info: all-to-all forward pass collective issued for layer: mlp_moelayer, involved dimensions:  1, 0, 0, 0, 0, 0, 0, 0, 0, 0,
***** info: fwd pass comm collective for layer: mlp_moelayer is finished************
info: all-to-all forward pass collective issued for layer: mlp_moelayer, involved dimensions:  1, 0, 0, 0, 0, 0, 0, 0, 0, 0,
***** info: fwd pass comm collective for layer: mlp_moelayer is finished************
info: all-gather forward pass collective issued for layer: mlp_moelayer, involved dimensions:  1, 0, 0, 0, 0, 0, 0, 0, 0, 0,
***** info: fwd pass comm collective for layer: mlp_moelayer is finished************
info: reduce-scatter forward pass collective issued for layer: mlp_moelayer, involved dimensions:  1, 0, 0, 0, 0, 0, 0, 0, 0, 0,
***** info: fwd pass comm collective for layer: mlp_moelayer is finished************
info: all-to-all forward pass collective issued for layer: mlp_moelayer, involved dimensions:  1, 0, 0, 0, 0, 0, 0, 0, 0, 0,
***** info: fwd pass comm collective for layer: mlp_moelayer is finished************
info: all-to-all forward pass collective issued for layer: mlp_moelayer, involved dimensions:  1, 0, 0, 0, 0, 0, 0, 0, 0, 0,
***** info: fwd pass comm collective for layer: mlp_moelayer is finished************
info: all-gather forward pass collective issued for layer: attention_column, involved dimensions:  1, 0, 0, 0, 0, 0, 0, 0, 0, 0,
***** info: fwd pass comm collective for layer: attention_column is finished************
info: reduce-scatter forward pass collective issued for layer: attention_row, involved dimensions:  1, 0, 0, 0, 0, 0, 0, 0, 0, 0,
***** info: fwd pass comm collective for layer: attention_row is finished************
info: all-gather forward pass collective issued for layer: mlp_moelayer, involved dimensions:  1, 0, 0, 0, 0, 0, 0, 0, 0, 0,
***** info: fwd pass comm collective for layer: mlp_moelayer is finished************
info: all-to-all forward pass collective issued for layer: mlp_moelayer, involved dimensions:  1, 0, 0, 0, 0, 0, 0, 0, 0, 0,
***** info: fwd pass comm collective for layer: mlp_moelayer is finished************
info: all-to-all forward pass collective issued for layer: mlp_moelayer, involved dimensions:  1, 0, 0, 0, 0, 0, 0, 0, 0, 0,
***** info: fwd pass comm collective for layer: mlp_moelayer is finished************
info: all-gather forward pass collective issued for layer: mlp_moelayer, involved dimensions:  1, 0, 0, 0, 0, 0, 0, 0, 0, 0,
***** info: fwd pass comm collective for layer: mlp_moelayer is finished************
info: reduce-scatter forward pass collective issued for layer: mlp_moelayer, involved dimensions:  1, 0, 0, 0, 0, 0, 0, 0, 0, 0,
***** info: fwd pass comm collective for layer: mlp_moelayer is finished************
info: all-to-all forward pass collective issued for layer: mlp_moelayer, involved dimensions:  1, 0, 0, 0, 0, 0, 0, 0, 0, 0,
***** info: fwd pass comm collective for layer: mlp_moelayer is finished************
info: all-to-all forward pass collective issued for layer: mlp_moelayer, involved dimensions:  1, 0, 0, 0, 0, 0, 0, 0, 0, 0,
***** info: fwd pass comm collective for layer: mlp_moelayer is finished************
info: all-gather forward pass collective issued for layer: attention_column, involved dimensions:  1, 0, 0, 0, 0, 0, 0, 0, 0, 0,
***** info: fwd pass comm collective for layer: attention_column is finished************
info: reduce-scatter forward pass collective issued for layer: attention_row, involved dimensions:  1, 0, 0, 0, 0, 0, 0, 0, 0, 0,
***** info: fwd pass comm collective for layer: attention_row is finished************
info: all-gather forward pass collective issued for layer: mlp_moelayer, involved dimensions:  1, 0, 0, 0, 0, 0, 0, 0, 0, 0,
***** info: fwd pass comm collective for layer: mlp_moelayer is finished************
info: all-to-all forward pass collective issued for layer: mlp_moelayer, involved dimensions:  1, 0, 0, 0, 0, 0, 0, 0, 0, 0,
***** info: fwd pass comm collective for layer: mlp_moelayer is finished************
info: all-to-all forward pass collective issued for layer: mlp_moelayer, involved dimensions:  1, 0, 0, 0, 0, 0, 0, 0, 0, 0,
***** info: fwd pass comm collective for layer: mlp_moelayer is finished************
info: all-gather forward pass collective issued for layer: mlp_moelayer, involved dimensions:  1, 0, 0, 0, 0, 0, 0, 0, 0, 0,
***** info: fwd pass comm collective for layer: mlp_moelayer is finished************
info: reduce-scatter forward pass collective issued for layer: mlp_moelayer, involved dimensions:  1, 0, 0, 0, 0, 0, 0, 0, 0, 0,
***** info: fwd pass comm collective for layer: mlp_moelayer is finished************
info: all-to-all forward pass collective issued for layer: mlp_moelayer, involved dimensions:  1, 0, 0, 0, 0, 0, 0, 0, 0, 0,
***** info: fwd pass comm collective for layer: mlp_moelayer is finished************
info: all-to-all forward pass collective issued for layer: mlp_moelayer, involved dimensions:  1, 0, 0, 0, 0, 0, 0, 0, 0, 0,
***** info: fwd pass comm collective for layer: mlp_moelayer is finished************
info: all-gather forward pass collective issued for layer: attention_column, involved dimensions:  1, 0, 0, 0, 0, 0, 0, 0, 0, 0,
***** info: fwd pass comm collective for layer: attention_column is finished************
info: reduce-scatter forward pass collective issued for layer: attention_row, involved dimensions:  1, 0, 0, 0, 0, 0, 0, 0, 0, 0,
***** info: fwd pass comm collective for layer: attention_row is finished************
info: all-gather forward pass collective issued for layer: mlp_moelayer, involved dimensions:  1, 0, 0, 0, 0, 0, 0, 0, 0, 0,
***** info: fwd pass comm collective for layer: mlp_moelayer is finished************
info: all-to-all forward pass collective issued for layer: mlp_moelayer, involved dimensions:  1, 0, 0, 0, 0, 0, 0, 0, 0, 0,
***** info: fwd pass comm collective for layer: mlp_moelayer is finished************
info: all-to-all forward pass collective issued for layer: mlp_moelayer, involved dimensions:  1, 0, 0, 0, 0, 0, 0, 0, 0, 0,
***** info: fwd pass comm collective for layer: mlp_moelayer is finished************
info: all-gather forward pass collective issued for layer: mlp_moelayer, involved dimensions:  1, 0, 0, 0, 0, 0, 0, 0, 0, 0,
***** info: fwd pass comm collective for layer: mlp_moelayer is finished************
info: reduce-scatter forward pass collective issued for layer: mlp_moelayer, involved dimensions:  1, 0, 0, 0, 0, 0, 0, 0, 0, 0,
***** info: fwd pass comm collective for layer: mlp_moelayer is finished************
info: all-to-all forward pass collective issued for layer: mlp_moelayer, involved dimensions:  1, 0, 0, 0, 0, 0, 0, 0, 0, 0,
***** info: fwd pass comm collective for layer: mlp_moelayer is finished************
info: all-to-all forward pass collective issued for layer: mlp_moelayer, involved dimensions:  1, 0, 0, 0, 0, 0, 0, 0, 0, 0,
***** info: fwd pass comm collective for layer: mlp_moelayer is finished************
info: all-gather forward pass collective issued for layer: attention_column, involved dimensions:  1, 0, 0, 0, 0, 0, 0, 0, 0, 0,
***** info: fwd pass comm collective for layer: attention_column is finished************
info: reduce-scatter forward pass collective issued for layer: attention_row, involved dimensions:  1, 0, 0, 0, 0, 0, 0, 0, 0, 0,
***** info: fwd pass comm collective for layer: attention_row is finished************
info: all-gather forward pass collective issued for layer: mlp_moelayer, involved dimensions:  1, 0, 0, 0, 0, 0, 0, 0, 0, 0,
***** info: fwd pass comm collective for layer: mlp_moelayer is finished************
info: all-to-all forward pass collective issued for layer: mlp_moelayer, involved dimensions:  1, 0, 0, 0, 0, 0, 0, 0, 0, 0,
***** info: fwd pass comm collective for layer: mlp_moelayer is finished************
info: all-to-all forward pass collective issued for layer: mlp_moelayer, involved dimensions:  1, 0, 0, 0, 0, 0, 0, 0, 0, 0,
***** info: fwd pass comm collective for layer: mlp_moelayer is finished************
info: all-gather forward pass collective issued for layer: mlp_moelayer, involved dimensions:  1, 0, 0, 0, 0, 0, 0, 0, 0, 0,
***** info: fwd pass comm collective for layer: mlp_moelayer is finished************
info: reduce-scatter forward pass collective issued for layer: mlp_moelayer, involved dimensions:  1, 0, 0, 0, 0, 0, 0, 0, 0, 0,
***** info: fwd pass comm collective for layer: mlp_moelayer is finished************
info: all-to-all forward pass collective issued for layer: mlp_moelayer, involved dimensions:  1, 0, 0, 0, 0, 0, 0, 0, 0, 0,
***** info: fwd pass comm collective for layer: mlp_moelayer is finished************
info: all-to-all forward pass collective issued for layer: mlp_moelayer, involved dimensions:  1, 0, 0, 0, 0, 0, 0, 0, 0, 0,
***** info: fwd pass comm collective for layer: mlp_moelayer is finished************
info: all-gather forward pass collective issued for layer: attention_column, involved dimensions:  1, 0, 0, 0, 0, 0, 0, 0, 0, 0,
***** info: fwd pass comm collective for layer: attention_column is finished************
info: reduce-scatter forward pass collective issued for layer: attention_row, involved dimensions:  1, 0, 0, 0, 0, 0, 0, 0, 0, 0,
***** info: fwd pass comm collective for layer: attention_row is finished************
info: all-gather forward pass collective issued for layer: mlp_moelayer, involved dimensions:  1, 0, 0, 0, 0, 0, 0, 0, 0, 0,
***** info: fwd pass comm collective for layer: mlp_moelayer is finished************
info: all-to-all forward pass collective issued for layer: mlp_moelayer, involved dimensions:  1, 0, 0, 0, 0, 0, 0, 0, 0, 0,
***** info: fwd pass comm collective for layer: mlp_moelayer is finished************
info: all-to-all forward pass collective issued for layer: mlp_moelayer, involved dimensions:  1, 0, 0, 0, 0, 0, 0, 0, 0, 0,
***** info: fwd pass comm collective for layer: mlp_moelayer is finished************
info: all-gather forward pass collective issued for layer: mlp_moelayer, involved dimensions:  1, 0, 0, 0, 0, 0, 0, 0, 0, 0,
***** info: fwd pass comm collective for layer: mlp_moelayer is finished************
info: reduce-scatter forward pass collective issued for layer: mlp_moelayer, involved dimensions:  1, 0, 0, 0, 0, 0, 0, 0, 0, 0,
***** info: fwd pass comm collective for layer: mlp_moelayer is finished************
info: all-to-all forward pass collective issued for layer: mlp_moelayer, involved dimensions:  1, 0, 0, 0, 0, 0, 0, 0, 0, 0,
***** info: fwd pass comm collective for layer: mlp_moelayer is finished************
info: all-to-all forward pass collective issued for layer: mlp_moelayer, involved dimensions:  1, 0, 0, 0, 0, 0, 0, 0, 0, 0,
***** info: fwd pass comm collective for layer: mlp_moelayer is finished************
info: all-gather forward pass collective issued for layer: final_column, involved dimensions:  1, 0, 0, 0, 0, 0, 0, 0, 0, 0,
***** info: fwd pass comm collective for layer: final_column is finished************
info: all-reduce forward pass collective issued for layer: embedding_norm, involved dimensions:  1, 0, 0, 0, 0, 0, 0, 0, 0, 0,
***** info: fwd pass comm collective for layer: embedding_norm is finished************
info: no forward pass collective for layer: embedding_layer
info: all-gather forward pass collective issued for layer: attention_column, involved dimensions:  1, 0, 0, 0, 0, 0, 0, 0, 0, 0,
***** info: fwd pass comm collective for layer: attention_column is finished************
info: reduce-scatter forward pass collective issued for layer: attention_row, involved dimensions:  1, 0, 0, 0, 0, 0, 0, 0, 0, 0,
***** info: fwd pass comm collective for layer: attention_row is finished************
info: all-gather forward pass collective issued for layer: mlp_moelayer, involved dimensions:  1, 0, 0, 0, 0, 0, 0, 0, 0, 0,
***** info: fwd pass comm collective for layer: mlp_moelayer is finished************
info: all-to-all forward pass collective issued for layer: mlp_moelayer, involved dimensions:  1, 0, 0, 0, 0, 0, 0, 0, 0, 0,
***** info: fwd pass comm collective for layer: mlp_moelayer is finished************
info: all-to-all forward pass collective issued for layer: mlp_moelayer, involved dimensions:  1, 0, 0, 0, 0, 0, 0, 0, 0, 0,
***** info: fwd pass comm collective for layer: mlp_moelayer is finished************
info: all-gather forward pass collective issued for layer: mlp_moelayer, involved dimensions:  1, 0, 0, 0, 0, 0, 0, 0, 0, 0,
***** info: fwd pass comm collective for layer: mlp_moelayer is finished************
info: reduce-scatter forward pass collective issued for layer: mlp_moelayer, involved dimensions:  1, 0, 0, 0, 0, 0, 0, 0, 0, 0,
***** info: fwd pass comm collective for layer: mlp_moelayer is finished************
info: all-to-all forward pass collective issued for layer: mlp_moelayer, involved dimensions:  1, 0, 0, 0, 0, 0, 0, 0, 0, 0,
***** info: fwd pass comm collective for layer: mlp_moelayer is finished************
info: all-to-all forward pass collective issued for layer: mlp_moelayer, involved dimensions:  1, 0, 0, 0, 0, 0, 0, 0, 0, 0,
***** info: fwd pass comm collective for layer: mlp_moelayer is finished************
info: all-gather forward pass collective issued for layer: attention_column, involved dimensions:  1, 0, 0, 0, 0, 0, 0, 0, 0, 0,
***** info: fwd pass comm collective for layer: attention_column is finished************
info: reduce-scatter forward pass collective issued for layer: attention_row, involved dimensions:  1, 0, 0, 0, 0, 0, 0, 0, 0, 0,
***** info: fwd pass comm collective for layer: attention_row is finished************
info: all-gather forward pass collective issued for layer: mlp_moelayer, involved dimensions:  1, 0, 0, 0, 0, 0, 0, 0, 0, 0,
***** info: fwd pass comm collective for layer: mlp_moelayer is finished************
info: all-to-all forward pass collective issued for layer: mlp_moelayer, involved dimensions:  1, 0, 0, 0, 0, 0, 0, 0, 0, 0,
***** info: fwd pass comm collective for layer: mlp_moelayer is finished************
info: all-to-all forward pass collective issued for layer: mlp_moelayer, involved dimensions:  1, 0, 0, 0, 0, 0, 0, 0, 0, 0,
***** info: fwd pass comm collective for layer: mlp_moelayer is finished************
info: all-gather forward pass collective issued for layer: mlp_moelayer, involved dimensions:  1, 0, 0, 0, 0, 0, 0, 0, 0, 0,
***** info: fwd pass comm collective for layer: mlp_moelayer is finished************
info: reduce-scatter forward pass collective issued for layer: mlp_moelayer, involved dimensions:  1, 0, 0, 0, 0, 0, 0, 0, 0, 0,
***** info: fwd pass comm collective for layer: mlp_moelayer is finished************
info: all-to-all forward pass collective issued for layer: mlp_moelayer, involved dimensions:  1, 0, 0, 0, 0, 0, 0, 0, 0, 0,
***** info: fwd pass comm collective for layer: mlp_moelayer is finished************
info: all-to-all forward pass collective issued for layer: mlp_moelayer, involved dimensions:  1, 0, 0, 0, 0, 0, 0, 0, 0, 0,
***** info: fwd pass comm collective for layer: mlp_moelayer is finished************
info: all-gather forward pass collective issued for layer: attention_column, involved dimensions:  1, 0, 0, 0, 0, 0, 0, 0, 0, 0,
***** info: fwd pass comm collective for layer: attention_column is finished************
info: reduce-scatter forward pass collective issued for layer: attention_row, involved dimensions:  1, 0, 0, 0, 0, 0, 0, 0, 0, 0,
***** info: fwd pass comm collective for layer: attention_row is finished************
info: all-gather forward pass collective issued for layer: mlp_moelayer, involved dimensions:  1, 0, 0, 0, 0, 0, 0, 0, 0, 0,
***** info: fwd pass comm collective for layer: mlp_moelayer is finished************
info: all-to-all forward pass collective issued for layer: mlp_moelayer, involved dimensions:  1, 0, 0, 0, 0, 0, 0, 0, 0, 0,
***** info: fwd pass comm collective for layer: mlp_moelayer is finished************
info: all-to-all forward pass collective issued for layer: mlp_moelayer, involved dimensions:  1, 0, 0, 0, 0, 0, 0, 0, 0, 0,
***** info: fwd pass comm collective for layer: mlp_moelayer is finished************
info: all-gather forward pass collective issued for layer: mlp_moelayer, involved dimensions:  1, 0, 0, 0, 0, 0, 0, 0, 0, 0,
***** info: fwd pass comm collective for layer: mlp_moelayer is finished************
info: reduce-scatter forward pass collective issued for layer: mlp_moelayer, involved dimensions:  1, 0, 0, 0, 0, 0, 0, 0, 0, 0,
***** info: fwd pass comm collective for layer: mlp_moelayer is finished************
info: all-to-all forward pass collective issued for layer: mlp_moelayer, involved dimensions:  1, 0, 0, 0, 0, 0, 0, 0, 0, 0,
***** info: fwd pass comm collective for layer: mlp_moelayer is finished************
info: all-to-all forward pass collective issued for layer: mlp_moelayer, involved dimensions:  1, 0, 0, 0, 0, 0, 0, 0, 0, 0,
***** info: fwd pass comm collective for layer: mlp_moelayer is finished************
info: all-gather forward pass collective issued for layer: attention_column, involved dimensions:  1, 0, 0, 0, 0, 0, 0, 0, 0, 0,
***** info: fwd pass comm collective for layer: attention_column is finished************
info: reduce-scatter forward pass collective issued for layer: attention_row, involved dimensions:  1, 0, 0, 0, 0, 0, 0, 0, 0, 0,
***** info: fwd pass comm collective for layer: attention_row is finished************
info: all-gather forward pass collective issued for layer: mlp_moelayer, involved dimensions:  1, 0, 0, 0, 0, 0, 0, 0, 0, 0,
***** info: fwd pass comm collective for layer: mlp_moelayer is finished************
info: all-to-all forward pass collective issued for layer: mlp_moelayer, involved dimensions:  1, 0, 0, 0, 0, 0, 0, 0, 0, 0,
***** info: fwd pass comm collective for layer: mlp_moelayer is finished************
info: all-to-all forward pass collective issued for layer: mlp_moelayer, involved dimensions:  1, 0, 0, 0, 0, 0, 0, 0, 0, 0,
***** info: fwd pass comm collective for layer: mlp_moelayer is finished************
info: all-gather forward pass collective issued for layer: mlp_moelayer, involved dimensions:  1, 0, 0, 0, 0, 0, 0, 0, 0, 0,
***** info: fwd pass comm collective for layer: mlp_moelayer is finished************
info: reduce-scatter forward pass collective issued for layer: mlp_moelayer, involved dimensions:  1, 0, 0, 0, 0, 0, 0, 0, 0, 0,
***** info: fwd pass comm collective for layer: mlp_moelayer is finished************
info: all-to-all forward pass collective issued for layer: mlp_moelayer, involved dimensions:  1, 0, 0, 0, 0, 0, 0, 0, 0, 0,
***** info: fwd pass comm collective for layer: mlp_moelayer is finished************
info: all-to-all forward pass collective issued for layer: mlp_moelayer, involved dimensions:  1, 0, 0, 0, 0, 0, 0, 0, 0, 0,
***** info: fwd pass comm collective for layer: mlp_moelayer is finished************
info: all-gather forward pass collective issued for layer: attention_column, involved dimensions:  1, 0, 0, 0, 0, 0, 0, 0, 0, 0,
***** info: fwd pass comm collective for layer: attention_column is finished************
info: reduce-scatter forward pass collective issued for layer: attention_row, involved dimensions:  1, 0, 0, 0, 0, 0, 0, 0, 0, 0,
***** info: fwd pass comm collective for layer: attention_row is finished************
info: all-gather forward pass collective issued for layer: mlp_moelayer, involved dimensions:  1, 0, 0, 0, 0, 0, 0, 0, 0, 0,
***** info: fwd pass comm collective for layer: mlp_moelayer is finished************
info: all-to-all forward pass collective issued for layer: mlp_moelayer, involved dimensions:  1, 0, 0, 0, 0, 0, 0, 0, 0, 0,
***** info: fwd pass comm collective for layer: mlp_moelayer is finished************
info: all-to-all forward pass collective issued for layer: mlp_moelayer, involved dimensions:  1, 0, 0, 0, 0, 0, 0, 0, 0, 0,
***** info: fwd pass comm collective for layer: mlp_moelayer is finished************
info: all-gather forward pass collective issued for layer: mlp_moelayer, involved dimensions:  1, 0, 0, 0, 0, 0, 0, 0, 0, 0,
***** info: fwd pass comm collective for layer: mlp_moelayer is finished************
info: reduce-scatter forward pass collective issued for layer: mlp_moelayer, involved dimensions:  1, 0, 0, 0, 0, 0, 0, 0, 0, 0,
***** info: fwd pass comm collective for layer: mlp_moelayer is finished************
info: all-to-all forward pass collective issued for layer: mlp_moelayer, involved dimensions:  1, 0, 0, 0, 0, 0, 0, 0, 0, 0,
***** info: fwd pass comm collective for layer: mlp_moelayer is finished************
info: all-to-all forward pass collective issued for layer: mlp_moelayer, involved dimensions:  1, 0, 0, 0, 0, 0, 0, 0, 0, 0,
***** info: fwd pass comm collective for layer: mlp_moelayer is finished************
info: all-gather forward pass collective issued for layer: attention_column, involved dimensions:  1, 0, 0, 0, 0, 0, 0, 0, 0, 0,
***** info: fwd pass comm collective for layer: attention_column is finished************
info: reduce-scatter forward pass collective issued for layer: attention_row, involved dimensions:  1, 0, 0, 0, 0, 0, 0, 0, 0, 0,
***** info: fwd pass comm collective for layer: attention_row is finished************
info: all-gather forward pass collective issued for layer: mlp_moelayer, involved dimensions:  1, 0, 0, 0, 0, 0, 0, 0, 0, 0,
***** info: fwd pass comm collective for layer: mlp_moelayer is finished************
info: all-to-all forward pass collective issued for layer: mlp_moelayer, involved dimensions:  1, 0, 0, 0, 0, 0, 0, 0, 0, 0,
***** info: fwd pass comm collective for layer: mlp_moelayer is finished************
info: all-to-all forward pass collective issued for layer: mlp_moelayer, involved dimensions:  1, 0, 0, 0, 0, 0, 0, 0, 0, 0,
***** info: fwd pass comm collective for layer: mlp_moelayer is finished************
info: all-gather forward pass collective issued for layer: mlp_moelayer, involved dimensions:  1, 0, 0, 0, 0, 0, 0, 0, 0, 0,
***** info: fwd pass comm collective for layer: mlp_moelayer is finished************
info: reduce-scatter forward pass collective issued for layer: mlp_moelayer, involved dimensions:  1, 0, 0, 0, 0, 0, 0, 0, 0, 0,
***** info: fwd pass comm collective for layer: mlp_moelayer is finished************
info: all-to-all forward pass collective issued for layer: mlp_moelayer, involved dimensions:  1, 0, 0, 0, 0, 0, 0, 0, 0, 0,
***** info: fwd pass comm collective for layer: mlp_moelayer is finished************
info: all-to-all forward pass collective issued for layer: mlp_moelayer, involved dimensions:  1, 0, 0, 0, 0, 0, 0, 0, 0, 0,
***** info: fwd pass comm collective for layer: mlp_moelayer is finished************
info: all-gather forward pass collective issued for layer: attention_column, involved dimensions:  1, 0, 0, 0, 0, 0, 0, 0, 0, 0,
***** info: fwd pass comm collective for layer: attention_column is finished************
info: reduce-scatter forward pass collective issued for layer: attention_row, involved dimensions:  1, 0, 0, 0, 0, 0, 0, 0, 0, 0,
***** info: fwd pass comm collective for layer: attention_row is finished************
info: all-gather forward pass collective issued for layer: mlp_moelayer, involved dimensions:  1, 0, 0, 0, 0, 0, 0, 0, 0, 0,
***** info: fwd pass comm collective for layer: mlp_moelayer is finished************
info: all-to-all forward pass collective issued for layer: mlp_moelayer, involved dimensions:  1, 0, 0, 0, 0, 0, 0, 0, 0, 0,
***** info: fwd pass comm collective for layer: mlp_moelayer is finished************
info: all-to-all forward pass collective issued for layer: mlp_moelayer, involved dimensions:  1, 0, 0, 0, 0, 0, 0, 0, 0, 0,
***** info: fwd pass comm collective for layer: mlp_moelayer is finished************
info: all-gather forward pass collective issued for layer: mlp_moelayer, involved dimensions:  1, 0, 0, 0, 0, 0, 0, 0, 0, 0,
***** info: fwd pass comm collective for layer: mlp_moelayer is finished************
info: reduce-scatter forward pass collective issued for layer: mlp_moelayer, involved dimensions:  1, 0, 0, 0, 0, 0, 0, 0, 0, 0,
***** info: fwd pass comm collective for layer: mlp_moelayer is finished************
info: all-to-all forward pass collective issued for layer: mlp_moelayer, involved dimensions:  1, 0, 0, 0, 0, 0, 0, 0, 0, 0,
***** info: fwd pass comm collective for layer: mlp_moelayer is finished************
info: all-to-all forward pass collective issued for layer: mlp_moelayer, involved dimensions:  1, 0, 0, 0, 0, 0, 0, 0, 0, 0,
***** info: fwd pass comm collective for layer: mlp_moelayer is finished************
info: all-gather forward pass collective issued for layer: attention_column, involved dimensions:  1, 0, 0, 0, 0, 0, 0, 0, 0, 0,
***** info: fwd pass comm collective for layer: attention_column is finished************
info: reduce-scatter forward pass collective issued for layer: attention_row, involved dimensions:  1, 0, 0, 0, 0, 0, 0, 0, 0, 0,
***** info: fwd pass comm collective for layer: attention_row is finished************
info: all-gather forward pass collective issued for layer: mlp_moelayer, involved dimensions:  1, 0, 0, 0, 0, 0, 0, 0, 0, 0,
***** info: fwd pass comm collective for layer: mlp_moelayer is finished************
info: all-to-all forward pass collective issued for layer: mlp_moelayer, involved dimensions:  1, 0, 0, 0, 0, 0, 0, 0, 0, 0,
***** info: fwd pass comm collective for layer: mlp_moelayer is finished************
info: all-to-all forward pass collective issued for layer: mlp_moelayer, involved dimensions:  1, 0, 0, 0, 0, 0, 0, 0, 0, 0,
***** info: fwd pass comm collective for layer: mlp_moelayer is finished************
info: all-gather forward pass collective issued for layer: mlp_moelayer, involved dimensions:  1, 0, 0, 0, 0, 0, 0, 0, 0, 0,
***** info: fwd pass comm collective for layer: mlp_moelayer is finished************
info: reduce-scatter forward pass collective issued for layer: mlp_moelayer, involved dimensions:  1, 0, 0, 0, 0, 0, 0, 0, 0, 0,
***** info: fwd pass comm collective for layer: mlp_moelayer is finished************
info: all-to-all forward pass collective issued for layer: mlp_moelayer, involved dimensions:  1, 0, 0, 0, 0, 0, 0, 0, 0, 0,
***** info: fwd pass comm collective for layer: mlp_moelayer is finished************
info: all-to-all forward pass collective issued for layer: mlp_moelayer, involved dimensions:  1, 0, 0, 0, 0, 0, 0, 0, 0, 0,
***** info: fwd pass comm collective for layer: mlp_moelayer is finished************
info: all-gather forward pass collective issued for layer: final_column, involved dimensions:  1, 0, 0, 0, 0, 0, 0, 0, 0, 0,
***** info: fwd pass comm collective for layer: final_column is finished************
info: all-reduce forward pass collective issued for layer: embedding_norm, involved dimensions:  1, 0, 0, 0, 0, 0, 0, 0, 0, 0,
***** info: fwd pass comm collective for layer: embedding_norm is finished************
info: no forward pass collective for layer: embedding_layer
info: all-gather forward pass collective issued for layer: attention_column, involved dimensions:  1, 0, 0, 0, 0, 0, 0, 0, 0, 0,
***** info: fwd pass comm collective for layer: attention_column is finished************
info: reduce-scatter forward pass collective issued for layer: attention_row, involved dimensions:  1, 0, 0, 0, 0, 0, 0, 0, 0, 0,
***** info: fwd pass comm collective for layer: attention_row is finished************
info: all-gather forward pass collective issued for layer: mlp_moelayer, involved dimensions:  1, 0, 0, 0, 0, 0, 0, 0, 0, 0,
***** info: fwd pass comm collective for layer: mlp_moelayer is finished************
info: all-to-all forward pass collective issued for layer: mlp_moelayer, involved dimensions:  1, 0, 0, 0, 0, 0, 0, 0, 0, 0,
***** info: fwd pass comm collective for layer: mlp_moelayer is finished************
info: all-to-all forward pass collective issued for layer: mlp_moelayer, involved dimensions:  1, 0, 0, 0, 0, 0, 0, 0, 0, 0,
***** info: fwd pass comm collective for layer: mlp_moelayer is finished************
info: all-gather forward pass collective issued for layer: mlp_moelayer, involved dimensions:  1, 0, 0, 0, 0, 0, 0, 0, 0, 0,
***** info: fwd pass comm collective for layer: mlp_moelayer is finished************
info: reduce-scatter forward pass collective issued for layer: mlp_moelayer, involved dimensions:  1, 0, 0, 0, 0, 0, 0, 0, 0, 0,
***** info: fwd pass comm collective for layer: mlp_moelayer is finished************
info: all-to-all forward pass collective issued for layer: mlp_moelayer, involved dimensions:  1, 0, 0, 0, 0, 0, 0, 0, 0, 0,
***** info: fwd pass comm collective for layer: mlp_moelayer is finished************
info: all-to-all forward pass collective issued for layer: mlp_moelayer, involved dimensions:  1, 0, 0, 0, 0, 0, 0, 0, 0, 0,
***** info: fwd pass comm collective for layer: mlp_moelayer is finished************
info: all-gather forward pass collective issued for layer: attention_column, involved dimensions:  1, 0, 0, 0, 0, 0, 0, 0, 0, 0,
***** info: fwd pass comm collective for layer: attention_column is finished************
info: reduce-scatter forward pass collective issued for layer: attention_row, involved dimensions:  1, 0, 0, 0, 0, 0, 0, 0, 0, 0,
***** info: fwd pass comm collective for layer: attention_row is finished************
info: all-gather forward pass collective issued for layer: mlp_moelayer, involved dimensions:  1, 0, 0, 0, 0, 0, 0, 0, 0, 0,
***** info: fwd pass comm collective for layer: mlp_moelayer is finished************
info: all-to-all forward pass collective issued for layer: mlp_moelayer, involved dimensions:  1, 0, 0, 0, 0, 0, 0, 0, 0, 0,
***** info: fwd pass comm collective for layer: mlp_moelayer is finished************
info: all-to-all forward pass collective issued for layer: mlp_moelayer, involved dimensions:  1, 0, 0, 0, 0, 0, 0, 0, 0, 0,
***** info: fwd pass comm collective for layer: mlp_moelayer is finished************
info: all-gather forward pass collective issued for layer: mlp_moelayer, involved dimensions:  1, 0, 0, 0, 0, 0, 0, 0, 0, 0,
***** info: fwd pass comm collective for layer: mlp_moelayer is finished************
info: reduce-scatter forward pass collective issued for layer: mlp_moelayer, involved dimensions:  1, 0, 0, 0, 0, 0, 0, 0, 0, 0,
***** info: fwd pass comm collective for layer: mlp_moelayer is finished************
info: all-to-all forward pass collective issued for layer: mlp_moelayer, involved dimensions:  1, 0, 0, 0, 0, 0, 0, 0, 0, 0,
***** info: fwd pass comm collective for layer: mlp_moelayer is finished************
info: all-to-all forward pass collective issued for layer: mlp_moelayer, involved dimensions:  1, 0, 0, 0, 0, 0, 0, 0, 0, 0,
***** info: fwd pass comm collective for layer: mlp_moelayer is finished************
info: all-gather forward pass collective issued for layer: attention_column, involved dimensions:  1, 0, 0, 0, 0, 0, 0, 0, 0, 0,
***** info: fwd pass comm collective for layer: attention_column is finished************
info: reduce-scatter forward pass collective issued for layer: attention_row, involved dimensions:  1, 0, 0, 0, 0, 0, 0, 0, 0, 0,
***** info: fwd pass comm collective for layer: attention_row is finished************
info: all-gather forward pass collective issued for layer: mlp_moelayer, involved dimensions:  1, 0, 0, 0, 0, 0, 0, 0, 0, 0,
***** info: fwd pass comm collective for layer: mlp_moelayer is finished************
info: all-to-all forward pass collective issued for layer: mlp_moelayer, involved dimensions:  1, 0, 0, 0, 0, 0, 0, 0, 0, 0,
***** info: fwd pass comm collective for layer: mlp_moelayer is finished************
info: all-to-all forward pass collective issued for layer: mlp_moelayer, involved dimensions:  1, 0, 0, 0, 0, 0, 0, 0, 0, 0,
***** info: fwd pass comm collective for layer: mlp_moelayer is finished************
info: all-gather forward pass collective issued for layer: mlp_moelayer, involved dimensions:  1, 0, 0, 0, 0, 0, 0, 0, 0, 0,
***** info: fwd pass comm collective for layer: mlp_moelayer is finished************
info: reduce-scatter forward pass collective issued for layer: mlp_moelayer, involved dimensions:  1, 0, 0, 0, 0, 0, 0, 0, 0, 0,
***** info: fwd pass comm collective for layer: mlp_moelayer is finished************
info: all-to-all forward pass collective issued for layer: mlp_moelayer, involved dimensions:  1, 0, 0, 0, 0, 0, 0, 0, 0, 0,
***** info: fwd pass comm collective for layer: mlp_moelayer is finished************
info: all-to-all forward pass collective issued for layer: mlp_moelayer, involved dimensions:  1, 0, 0, 0, 0, 0, 0, 0, 0, 0,
***** info: fwd pass comm collective for layer: mlp_moelayer is finished************
info: all-gather forward pass collective issued for layer: attention_column, involved dimensions:  1, 0, 0, 0, 0, 0, 0, 0, 0, 0,
***** info: fwd pass comm collective for layer: attention_column is finished************
info: reduce-scatter forward pass collective issued for layer: attention_row, involved dimensions:  1, 0, 0, 0, 0, 0, 0, 0, 0, 0,
***** info: fwd pass comm collective for layer: attention_row is finished************
info: all-gather forward pass collective issued for layer: mlp_moelayer, involved dimensions:  1, 0, 0, 0, 0, 0, 0, 0, 0, 0,
***** info: fwd pass comm collective for layer: mlp_moelayer is finished************
info: all-to-all forward pass collective issued for layer: mlp_moelayer, involved dimensions:  1, 0, 0, 0, 0, 0, 0, 0, 0, 0,
***** info: fwd pass comm collective for layer: mlp_moelayer is finished************
info: all-to-all forward pass collective issued for layer: mlp_moelayer, involved dimensions:  1, 0, 0, 0, 0, 0, 0, 0, 0, 0,
***** info: fwd pass comm collective for layer: mlp_moelayer is finished************
info: all-gather forward pass collective issued for layer: mlp_moelayer, involved dimensions:  1, 0, 0, 0, 0, 0, 0, 0, 0, 0,
***** info: fwd pass comm collective for layer: mlp_moelayer is finished************
info: reduce-scatter forward pass collective issued for layer: mlp_moelayer, involved dimensions:  1, 0, 0, 0, 0, 0, 0, 0, 0, 0,
***** info: fwd pass comm collective for layer: mlp_moelayer is finished************
info: all-to-all forward pass collective issued for layer: mlp_moelayer, involved dimensions:  1, 0, 0, 0, 0, 0, 0, 0, 0, 0,
***** info: fwd pass comm collective for layer: mlp_moelayer is finished************
info: all-to-all forward pass collective issued for layer: mlp_moelayer, involved dimensions:  1, 0, 0, 0, 0, 0, 0, 0, 0, 0,
***** info: fwd pass comm collective for layer: mlp_moelayer is finished************
info: all-gather forward pass collective issued for layer: attention_column, involved dimensions:  1, 0, 0, 0, 0, 0, 0, 0, 0, 0,
***** info: fwd pass comm collective for layer: attention_column is finished************
info: reduce-scatter forward pass collective issued for layer: attention_row, involved dimensions:  1, 0, 0, 0, 0, 0, 0, 0, 0, 0,
***** info: fwd pass comm collective for layer: attention_row is finished************
info: all-gather forward pass collective issued for layer: mlp_moelayer, involved dimensions:  1, 0, 0, 0, 0, 0, 0, 0, 0, 0,
***** info: fwd pass comm collective for layer: mlp_moelayer is finished************
info: all-to-all forward pass collective issued for layer: mlp_moelayer, involved dimensions:  1, 0, 0, 0, 0, 0, 0, 0, 0, 0,
***** info: fwd pass comm collective for layer: mlp_moelayer is finished************
info: all-to-all forward pass collective issued for layer: mlp_moelayer, involved dimensions:  1, 0, 0, 0, 0, 0, 0, 0, 0, 0,
***** info: fwd pass comm collective for layer: mlp_moelayer is finished************
info: all-gather forward pass collective issued for layer: mlp_moelayer, involved dimensions:  1, 0, 0, 0, 0, 0, 0, 0, 0, 0,
***** info: fwd pass comm collective for layer: mlp_moelayer is finished************
info: reduce-scatter forward pass collective issued for layer: mlp_moelayer, involved dimensions:  1, 0, 0, 0, 0, 0, 0, 0, 0, 0,
***** info: fwd pass comm collective for layer: mlp_moelayer is finished************
info: all-to-all forward pass collective issued for layer: mlp_moelayer, involved dimensions:  1, 0, 0, 0, 0, 0, 0, 0, 0, 0,
***** info: fwd pass comm collective for layer: mlp_moelayer is finished************
info: all-to-all forward pass collective issued for layer: mlp_moelayer, involved dimensions:  1, 0, 0, 0, 0, 0, 0, 0, 0, 0,
***** info: fwd pass comm collective for layer: mlp_moelayer is finished************
info: all-gather forward pass collective issued for layer: attention_column, involved dimensions:  1, 0, 0, 0, 0, 0, 0, 0, 0, 0,
***** info: fwd pass comm collective for layer: attention_column is finished************
info: reduce-scatter forward pass collective issued for layer: attention_row, involved dimensions:  1, 0, 0, 0, 0, 0, 0, 0, 0, 0,
***** info: fwd pass comm collective for layer: attention_row is finished************
info: all-gather forward pass collective issued for layer: mlp_moelayer, involved dimensions:  1, 0, 0, 0, 0, 0, 0, 0, 0, 0,
***** info: fwd pass comm collective for layer: mlp_moelayer is finished************
info: all-to-all forward pass collective issued for layer: mlp_moelayer, involved dimensions:  1, 0, 0, 0, 0, 0, 0, 0, 0, 0,
***** info: fwd pass comm collective for layer: mlp_moelayer is finished************
info: all-to-all forward pass collective issued for layer: mlp_moelayer, involved dimensions:  1, 0, 0, 0, 0, 0, 0, 0, 0, 0,
***** info: fwd pass comm collective for layer: mlp_moelayer is finished************
info: all-gather forward pass collective issued for layer: mlp_moelayer, involved dimensions:  1, 0, 0, 0, 0, 0, 0, 0, 0, 0,
***** info: fwd pass comm collective for layer: mlp_moelayer is finished************
info: reduce-scatter forward pass collective issued for layer: mlp_moelayer, involved dimensions:  1, 0, 0, 0, 0, 0, 0, 0, 0, 0,
***** info: fwd pass comm collective for layer: mlp_moelayer is finished************
info: all-to-all forward pass collective issued for layer: mlp_moelayer, involved dimensions:  1, 0, 0, 0, 0, 0, 0, 0, 0, 0,
***** info: fwd pass comm collective for layer: mlp_moelayer is finished************
info: all-to-all forward pass collective issued for layer: mlp_moelayer, involved dimensions:  1, 0, 0, 0, 0, 0, 0, 0, 0, 0,
***** info: fwd pass comm collective for layer: mlp_moelayer is finished************
info: all-gather forward pass collective issued for layer: attention_column, involved dimensions:  1, 0, 0, 0, 0, 0, 0, 0, 0, 0,
***** info: fwd pass comm collective for layer: attention_column is finished************
info: reduce-scatter forward pass collective issued for layer: attention_row, involved dimensions:  1, 0, 0, 0, 0, 0, 0, 0, 0, 0,
***** info: fwd pass comm collective for layer: attention_row is finished************
info: all-gather forward pass collective issued for layer: mlp_moelayer, involved dimensions:  1, 0, 0, 0, 0, 0, 0, 0, 0, 0,
***** info: fwd pass comm collective for layer: mlp_moelayer is finished************
info: all-to-all forward pass collective issued for layer: mlp_moelayer, involved dimensions:  1, 0, 0, 0, 0, 0, 0, 0, 0, 0,
***** info: fwd pass comm collective for layer: mlp_moelayer is finished************
info: all-to-all forward pass collective issued for layer: mlp_moelayer, involved dimensions:  1, 0, 0, 0, 0, 0, 0, 0, 0, 0,
***** info: fwd pass comm collective for layer: mlp_moelayer is finished************
info: all-gather forward pass collective issued for layer: mlp_moelayer, involved dimensions:  1, 0, 0, 0, 0, 0, 0, 0, 0, 0,
***** info: fwd pass comm collective for layer: mlp_moelayer is finished************
info: reduce-scatter forward pass collective issued for layer: mlp_moelayer, involved dimensions:  1, 0, 0, 0, 0, 0, 0, 0, 0, 0,
***** info: fwd pass comm collective for layer: mlp_moelayer is finished************
info: all-to-all forward pass collective issued for layer: mlp_moelayer, involved dimensions:  1, 0, 0, 0, 0, 0, 0, 0, 0, 0,
***** info: fwd pass comm collective for layer: mlp_moelayer is finished************
info: all-to-all forward pass collective issued for layer: mlp_moelayer, involved dimensions:  1, 0, 0, 0, 0, 0, 0, 0, 0, 0,
***** info: fwd pass comm collective for layer: mlp_moelayer is finished************
info: all-gather forward pass collective issued for layer: attention_column, involved dimensions:  1, 0, 0, 0, 0, 0, 0, 0, 0, 0,
***** info: fwd pass comm collective for layer: attention_column is finished************
info: reduce-scatter forward pass collective issued for layer: attention_row, involved dimensions:  1, 0, 0, 0, 0, 0, 0, 0, 0, 0,
***** info: fwd pass comm collective for layer: attention_row is finished************
info: all-gather forward pass collective issued for layer: mlp_moelayer, involved dimensions:  1, 0, 0, 0, 0, 0, 0, 0, 0, 0,
***** info: fwd pass comm collective for layer: mlp_moelayer is finished************
info: all-to-all forward pass collective issued for layer: mlp_moelayer, involved dimensions:  1, 0, 0, 0, 0, 0, 0, 0, 0, 0,
***** info: fwd pass comm collective for layer: mlp_moelayer is finished************
info: all-to-all forward pass collective issued for layer: mlp_moelayer, involved dimensions:  1, 0, 0, 0, 0, 0, 0, 0, 0, 0,
***** info: fwd pass comm collective for layer: mlp_moelayer is finished************
info: all-gather forward pass collective issued for layer: mlp_moelayer, involved dimensions:  1, 0, 0, 0, 0, 0, 0, 0, 0, 0,
***** info: fwd pass comm collective for layer: mlp_moelayer is finished************
info: reduce-scatter forward pass collective issued for layer: mlp_moelayer, involved dimensions:  1, 0, 0, 0, 0, 0, 0, 0, 0, 0,
***** info: fwd pass comm collective for layer: mlp_moelayer is finished************
info: all-to-all forward pass collective issued for layer: mlp_moelayer, involved dimensions:  1, 0, 0, 0, 0, 0, 0, 0, 0, 0,
***** info: fwd pass comm collective for layer: mlp_moelayer is finished************
info: all-to-all forward pass collective issued for layer: mlp_moelayer, involved dimensions:  1, 0, 0, 0, 0, 0, 0, 0, 0, 0,
***** info: fwd pass comm collective for layer: mlp_moelayer is finished************
info: all-gather forward pass collective issued for layer: final_column, involved dimensions:  1, 0, 0, 0, 0, 0, 0, 0, 0, 0,
***** info: fwd pass comm collective for layer: final_column is finished************
info: all-reduce forward pass collective issued for layer: embedding_norm, involved dimensions:  1, 0, 0, 0, 0, 0, 0, 0, 0, 0,
***** info: fwd pass comm collective for layer: embedding_norm is finished************
info: no forward pass collective for layer: embedding_layer
info: all-gather forward pass collective issued for layer: attention_column, involved dimensions:  1, 0, 0, 0, 0, 0, 0, 0, 0, 0,
***** info: fwd pass comm collective for layer: attention_column is finished************
info: reduce-scatter forward pass collective issued for layer: attention_row, involved dimensions:  1, 0, 0, 0, 0, 0, 0, 0, 0, 0,
***** info: fwd pass comm collective for layer: attention_row is finished************
info: all-gather forward pass collective issued for layer: mlp_moelayer, involved dimensions:  1, 0, 0, 0, 0, 0, 0, 0, 0, 0,
***** info: fwd pass comm collective for layer: mlp_moelayer is finished************
info: all-to-all forward pass collective issued for layer: mlp_moelayer, involved dimensions:  1, 0, 0, 0, 0, 0, 0, 0, 0, 0,
***** info: fwd pass comm collective for layer: mlp_moelayer is finished************
info: all-to-all forward pass collective issued for layer: mlp_moelayer, involved dimensions:  1, 0, 0, 0, 0, 0, 0, 0, 0, 0,
***** info: fwd pass comm collective for layer: mlp_moelayer is finished************
info: all-gather forward pass collective issued for layer: mlp_moelayer, involved dimensions:  1, 0, 0, 0, 0, 0, 0, 0, 0, 0,
***** info: fwd pass comm collective for layer: mlp_moelayer is finished************
info: reduce-scatter forward pass collective issued for layer: mlp_moelayer, involved dimensions:  1, 0, 0, 0, 0, 0, 0, 0, 0, 0,
***** info: fwd pass comm collective for layer: mlp_moelayer is finished************
info: all-to-all forward pass collective issued for layer: mlp_moelayer, involved dimensions:  1, 0, 0, 0, 0, 0, 0, 0, 0, 0,
***** info: fwd pass comm collective for layer: mlp_moelayer is finished************
info: all-to-all forward pass collective issued for layer: mlp_moelayer, involved dimensions:  1, 0, 0, 0, 0, 0, 0, 0, 0, 0,
***** info: fwd pass comm collective for layer: mlp_moelayer is finished************
info: all-gather forward pass collective issued for layer: attention_column, involved dimensions:  1, 0, 0, 0, 0, 0, 0, 0, 0, 0,
***** info: fwd pass comm collective for layer: attention_column is finished************
info: reduce-scatter forward pass collective issued for layer: attention_row, involved dimensions:  1, 0, 0, 0, 0, 0, 0, 0, 0, 0,
***** info: fwd pass comm collective for layer: attention_row is finished************
info: all-gather forward pass collective issued for layer: mlp_moelayer, involved dimensions:  1, 0, 0, 0, 0, 0, 0, 0, 0, 0,
***** info: fwd pass comm collective for layer: mlp_moelayer is finished************
info: all-to-all forward pass collective issued for layer: mlp_moelayer, involved dimensions:  1, 0, 0, 0, 0, 0, 0, 0, 0, 0,
***** info: fwd pass comm collective for layer: mlp_moelayer is finished************
info: all-to-all forward pass collective issued for layer: mlp_moelayer, involved dimensions:  1, 0, 0, 0, 0, 0, 0, 0, 0, 0,
***** info: fwd pass comm collective for layer: mlp_moelayer is finished************
info: all-gather forward pass collective issued for layer: mlp_moelayer, involved dimensions:  1, 0, 0, 0, 0, 0, 0, 0, 0, 0,
***** info: fwd pass comm collective for layer: mlp_moelayer is finished************
info: reduce-scatter forward pass collective issued for layer: mlp_moelayer, involved dimensions:  1, 0, 0, 0, 0, 0, 0, 0, 0, 0,
***** info: fwd pass comm collective for layer: mlp_moelayer is finished************
info: all-to-all forward pass collective issued for layer: mlp_moelayer, involved dimensions:  1, 0, 0, 0, 0, 0, 0, 0, 0, 0,
***** info: fwd pass comm collective for layer: mlp_moelayer is finished************
info: all-to-all forward pass collective issued for layer: mlp_moelayer, involved dimensions:  1, 0, 0, 0, 0, 0, 0, 0, 0, 0,
***** info: fwd pass comm collective for layer: mlp_moelayer is finished************
info: all-gather forward pass collective issued for layer: attention_column, involved dimensions:  1, 0, 0, 0, 0, 0, 0, 0, 0, 0,
***** info: fwd pass comm collective for layer: attention_column is finished************
info: reduce-scatter forward pass collective issued for layer: attention_row, involved dimensions:  1, 0, 0, 0, 0, 0, 0, 0, 0, 0,
***** info: fwd pass comm collective for layer: attention_row is finished************
info: all-gather forward pass collective issued for layer: mlp_moelayer, involved dimensions:  1, 0, 0, 0, 0, 0, 0, 0, 0, 0,
***** info: fwd pass comm collective for layer: mlp_moelayer is finished************
info: all-to-all forward pass collective issued for layer: mlp_moelayer, involved dimensions:  1, 0, 0, 0, 0, 0, 0, 0, 0, 0,
***** info: fwd pass comm collective for layer: mlp_moelayer is finished************
info: all-to-all forward pass collective issued for layer: mlp_moelayer, involved dimensions:  1, 0, 0, 0, 0, 0, 0, 0, 0, 0,
***** info: fwd pass comm collective for layer: mlp_moelayer is finished************
info: all-gather forward pass collective issued for layer: mlp_moelayer, involved dimensions:  1, 0, 0, 0, 0, 0, 0, 0, 0, 0,
DEBUG_SIM_END: Node 0 FINISH CONDITION NOT MET - continuing simulation
***** info: fwd pass comm collective for layer: mlp_moelayer is finished************
DEBUG_SIM_END: Node 0 checking finish condition: finished_workloads=0, event_queue.size()=1, pending_sends.size()=0, initialized=1
info: reduce-scatter forward pass collective issued for layer: mlp_moelayer, involved dimensions:  1, 0, 0, 0, 0, 0, 0, 0, 0, 0,
***** info: fwd pass comm collective for layer: mlp_moelayer is finished************
info: all-to-all forward pass collective issued for layer: mlp_moelayer, involved dimensions:  1, 0, 0, 0, 0, 0, 0, 0, 0, 0,
***** info: fwd pass comm collective for layer: mlp_moelayer is finished************
info: all-to-all forward pass collective issued for layer: mlp_moelayer, involved dimensions:  1, 0, 0, 0, 0, 0, 0, 0, 0, 0,
***** info: fwd pass comm collective for layer: mlp_moelayer is finished************
info: all-gather forward pass collective issued for layer: attention_column, involved dimensions:  1, 0, 0, 0, 0, 0, 0, 0, 0, 0,
***** info: fwd pass comm collective for layer: attention_column is finished************
info: reduce-scatter forward pass collective issued for layer: attention_row, involved dimensions:  1, 0, 0, 0, 0, 0, 0, 0, 0, 0,
***** info: fwd pass comm collective for layer: attention_row is finished************
info: all-gather forward pass collective issued for layer: mlp_moelayer, involved dimensions:  1, 0, 0, 0, 0, 0, 0, 0, 0, 0,
***** info: fwd pass comm collective for layer: mlp_moelayer is finished************
info: all-to-all forward pass collective issued for layer: mlp_moelayer, involved dimensions:  1, 0, 0, 0, 0, 0, 0, 0, 0, 0,
***** info: fwd pass comm collective for layer: mlp_moelayer is finished************
info: all-to-all forward pass collective issued for layer: mlp_moelayer, involved dimensions:  1, 0, 0, 0, 0, 0, 0, 0, 0, 0,
***** info: fwd pass comm collective for layer: mlp_moelayer is finished************
info: all-gather forward pass collective issued for layer: mlp_moelayer, involved dimensions:  1, 0, 0, 0, 0, 0, 0, 0, 0, 0,
***** info: fwd pass comm collective for layer: mlp_moelayer is finished************
info: reduce-scatter forward pass collective issued for layer: mlp_moelayer, involved dimensions:  1, 0, 0, 0, 0, 0, 0, 0, 0, 0,
***** info: fwd pass comm collective for layer: mlp_moelayer is finished************
info: all-to-all forward pass collective issued for layer: mlp_moelayer, involved dimensions:  1, 0, 0, 0, 0, 0, 0, 0, 0, 0,
***** info: fwd pass comm collective for layer: mlp_moelayer is finished************
info: all-to-all forward pass collective issued for layer: mlp_moelayer, involved dimensions:  1, 0, 0, 0, 0, 0, 0, 0, 0, 0,
***** info: fwd pass comm collective for layer: mlp_moelayer is finished************
info: all-gather forward pass collective issued for layer: attention_column, involved dimensions:  1, 0, 0, 0, 0, 0, 0, 0, 0, 0,
***** info: fwd pass comm collective for layer: attention_column is finished************
info: reduce-scatter forward pass collective issued for layer: attention_row, involved dimensions:  1, 0, 0, 0, 0, 0, 0, 0, 0, 0,
***** info: fwd pass comm collective for layer: attention_row is finished************
info: all-gather forward pass collective issued for layer: mlp_moelayer, involved dimensions:  1, 0, 0, 0, 0, 0, 0, 0, 0, 0,
***** info: fwd pass comm collective for layer: mlp_moelayer is finished************
info: all-to-all forward pass collective issued for layer: mlp_moelayer, involved dimensions:  1, 0, 0, 0, 0, 0, 0, 0, 0, 0,
***** info: fwd pass comm collective for layer: mlp_moelayer is finished************
info: all-to-all forward pass collective issued for layer: mlp_moelayer, involved dimensions:  1, 0, 0, 0, 0, 0, 0, 0, 0, 0,
***** info: fwd pass comm collective for layer: mlp_moelayer is finished************
info: all-gather forward pass collective issued for layer: mlp_moelayer, involved dimensions:  1, 0, 0, 0, 0, 0, 0, 0, 0, 0,
***** info: fwd pass comm collective for layer: mlp_moelayer is finished************
info: reduce-scatter forward pass collective issued for layer: mlp_moelayer, involved dimensions:  1, 0, 0, 0, 0, 0, 0, 0, 0, 0,
***** info: fwd pass comm collective for layer: mlp_moelayer is finished************
info: all-to-all forward pass collective issued for layer: mlp_moelayer, involved dimensions:  1, 0, 0, 0, 0, 0, 0, 0, 0, 0,
***** info: fwd pass comm collective for layer: mlp_moelayer is finished************
info: all-to-all forward pass collective issued for layer: mlp_moelayer, involved dimensions:  1, 0, 0, 0, 0, 0, 0, 0, 0, 0,
***** info: fwd pass comm collective for layer: mlp_moelayer is finished************
info: all-gather forward pass collective issued for layer: attention_column, involved dimensions:  1, 0, 0, 0, 0, 0, 0, 0, 0, 0,
***** info: fwd pass comm collective for layer: attention_column is finished************
info: reduce-scatter forward pass collective issued for layer: attention_row, involved dimensions:  1, 0, 0, 0, 0, 0, 0, 0, 0, 0,
***** info: fwd pass comm collective for layer: attention_row is finished************
info: all-gather forward pass collective issued for layer: mlp_moelayer, involved dimensions:  1, 0, 0, 0, 0, 0, 0, 0, 0, 0,
***** info: fwd pass comm collective for layer: mlp_moelayer is finished************
info: all-to-all forward pass collective issued for layer: mlp_moelayer, involved dimensions:  1, 0, 0, 0, 0, 0, 0, 0, 0, 0,
***** info: fwd pass comm collective for layer: mlp_moelayer is finished************
info: all-to-all forward pass collective issued for layer: mlp_moelayer, involved dimensions:  1, 0, 0, 0, 0, 0, 0, 0, 0, 0,
***** info: fwd pass comm collective for layer: mlp_moelayer is finished************
info: all-gather forward pass collective issued for layer: mlp_moelayer, involved dimensions:  1, 0, 0, 0, 0, 0, 0, 0, 0, 0,
***** info: fwd pass comm collective for layer: mlp_moelayer is finished************
info: reduce-scatter forward pass collective issued for layer: mlp_moelayer, involved dimensions:  1, 0, 0, 0, 0, 0, 0, 0, 0, 0,
***** info: fwd pass comm collective for layer: mlp_moelayer is finished************
info: all-to-all forward pass collective issued for layer: mlp_moelayer, involved dimensions:  1, 0, 0, 0, 0, 0, 0, 0, 0, 0,
***** info: fwd pass comm collective for layer: mlp_moelayer is finished************
info: all-to-all forward pass collective issued for layer: mlp_moelayer, involved dimensions:  1, 0, 0, 0, 0, 0, 0, 0, 0, 0,
***** info: fwd pass comm collective for layer: mlp_moelayer is finished************
info: all-gather forward pass collective issued for layer: attention_column, involved dimensions:  1, 0, 0, 0, 0, 0, 0, 0, 0, 0,
***** info: fwd pass comm collective for layer: attention_column is finished************
info: reduce-scatter forward pass collective issued for layer: attention_row, involved dimensions:  1, 0, 0, 0, 0, 0, 0, 0, 0, 0,
***** info: fwd pass comm collective for layer: attention_row is finished************
info: all-gather forward pass collective issued for layer: mlp_moelayer, involved dimensions:  1, 0, 0, 0, 0, 0, 0, 0, 0, 0,
***** info: fwd pass comm collective for layer: mlp_moelayer is finished************
info: all-to-all forward pass collective issued for layer: mlp_moelayer, involved dimensions:  1, 0, 0, 0, 0, 0, 0, 0, 0, 0,
***** info: fwd pass comm collective for layer: mlp_moelayer is finished************
info: all-to-all forward pass collective issued for layer: mlp_moelayer, involved dimensions:  1, 0, 0, 0, 0, 0, 0, 0, 0, 0,
***** info: fwd pass comm collective for layer: mlp_moelayer is finished************
info: all-gather forward pass collective issued for layer: mlp_moelayer, involved dimensions:  1, 0, 0, 0, 0, 0, 0, 0, 0, 0,
***** info: fwd pass comm collective for layer: mlp_moelayer is finished************
info: reduce-scatter forward pass collective issued for layer: mlp_moelayer, involved dimensions:  1, 0, 0, 0, 0, 0, 0, 0, 0, 0,
***** info: fwd pass comm collective for layer: mlp_moelayer is finished************
info: all-to-all forward pass collective issued for layer: mlp_moelayer, involved dimensions:  1, 0, 0, 0, 0, 0, 0, 0, 0, 0,
***** info: fwd pass comm collective for layer: mlp_moelayer is finished************
info: all-to-all forward pass collective issued for layer: mlp_moelayer, involved dimensions:  1, 0, 0, 0, 0, 0, 0, 0, 0, 0,
***** info: fwd pass comm collective for layer: mlp_moelayer is finished************
info: all-gather forward pass collective issued for layer: attention_column, involved dimensions:  1, 0, 0, 0, 0, 0, 0, 0, 0, 0,
***** info: fwd pass comm collective for layer: attention_column is finished************
info: reduce-scatter forward pass collective issued for layer: attention_row, involved dimensions:  1, 0, 0, 0, 0, 0, 0, 0, 0, 0,
***** info: fwd pass comm collective for layer: attention_row is finished************
info: all-gather forward pass collective issued for layer: mlp_moelayer, involved dimensions:  1, 0, 0, 0, 0, 0, 0, 0, 0, 0,
***** info: fwd pass comm collective for layer: mlp_moelayer is finished************
info: all-to-all forward pass collective issued for layer: mlp_moelayer, involved dimensions:  1, 0, 0, 0, 0, 0, 0, 0, 0, 0,
***** info: fwd pass comm collective for layer: mlp_moelayer is finished************
info: all-to-all forward pass collective issued for layer: mlp_moelayer, involved dimensions:  1, 0, 0, 0, 0, 0, 0, 0, 0, 0,
***** info: fwd pass comm collective for layer: mlp_moelayer is finished************
info: all-gather forward pass collective issued for layer: mlp_moelayer, involved dimensions:  1, 0, 0, 0, 0, 0, 0, 0, 0, 0,
***** info: fwd pass comm collective for layer: mlp_moelayer is finished************
info: reduce-scatter forward pass collective issued for layer: mlp_moelayer, involved dimensions:  1, 0, 0, 0, 0, 0, 0, 0, 0, 0,
***** info: fwd pass comm collective for layer: mlp_moelayer is finished************
info: all-to-all forward pass collective issued for layer: mlp_moelayer, involved dimensions:  1, 0, 0, 0, 0, 0, 0, 0, 0, 0,
***** info: fwd pass comm collective for layer: mlp_moelayer is finished************
info: all-to-all forward pass collective issued for layer: mlp_moelayer, involved dimensions:  1, 0, 0, 0, 0, 0, 0, 0, 0, 0,
***** info: fwd pass comm collective for layer: mlp_moelayer is finished************
info: all-gather forward pass collective issued for layer: final_column, involved dimensions:  1, 0, 0, 0, 0, 0, 0, 0, 0, 0,
***** info: fwd pass comm collective for layer: final_column is finished************
info: all-reduce forward pass collective issued for layer: embedding_norm, involved dimensions:  1, 0, 0, 0, 0, 0, 0, 0, 0, 0,
***** info: fwd pass comm collective for layer: embedding_norm is finished************
info: all-reduce forward pass collective issued for layer: cross_entropy1, involved dimensions:  1, 0, 0, 0, 0, 0, 0, 0, 0, 0,
***** info: fwd pass comm collective for layer: cross_entropy1 is finished************
info: all-reduce forward pass collective issued for layer: cross_entropy2, involved dimensions:  1, 0, 0, 0, 0, 0, 0, 0, 0, 0,
***** info: fwd pass comm collective for layer: cross_entropy2 is finished************
info: all-reduce forward pass collective issued for layer: cross_entropy3, involved dimensions:  1, 0, 0, 0, 0, 0, 0, 0, 0, 0,
***** info: fwd pass comm collective for layer: cross_entropy3 is finished************
info: all-reduce forward pass collective issued for layer: optimizer1, involved dimensions:  1, 0, 0, 0, 0, 0, 0, 0, 0, 0,
***** info: fwd pass comm collective for layer: optimizer1 is finished************
info: all-reduce forward pass collective issued for layer: optimizer2, involved dimensions:  1, 0, 0, 0, 0, 0, 0, 0, 0, 0,
***** info: fwd pass comm collective for layer: optimizer2 is finished************
info: all-reduce forward pass collective issued for layer: optimizer3, involved dimensions:  1, 0, 0, 0, 0, 0, 0, 0, 0, 0,
***** info: fwd pass comm collective for layer: optimizer3 is finished************
info: all-reduce forward pass collective issued for layer: optimizer4, involved dimensions:  1, 0, 0, 0, 0, 0, 0, 0, 0, 0,
***** info: fwd pass comm collective for layer: optimizer4 is finished************
info: no input grad collective for layer: optimizer4
info: no weight grad collective for layer: optimizer4
info: no input grad collective for layer: optimizer3
info: no weight grad collective for layer: optimizer3
info: no input grad collective for layer: optimizer2
info: no weight grad collective for layer: optimizer2
info: no input grad collective for layer: optimizer1
info: no weight grad collective for layer: optimizer1
info: no input grad collective for layer: cross_entropy3
info: no weight grad collective for layer: cross_entropy3
info: no input grad collective for layer: cross_entropy2
info: no weight grad collective for layer: cross_entropy2
info: no input grad collective for layer: cross_entropy1
info: no weight grad collective for layer: cross_entropy1
info: no input grad collective for layer: embedding_norm
info: no weight grad collective for layer: embedding_norm
info: no input grad collective for layer: final_column
info: no weight grad collective for layer: final_column
info: all-to-all input grad collective issued for layer: mlp_moelayer, involved dimensions:  1, 0, 0, 0, 0, 0, 0, 0, 0, 0,
***** info: input gradient collective for layer: mlp_moelayer is finished************
info: no weight grad collective for layer: mlp_moelayer
info: all-to-all input grad collective issued for layer: mlp_moelayer, involved dimensions:  1, 0, 0, 0, 0, 0, 0, 0, 0, 0,
***** info: input gradient collective for layer: mlp_moelayer is finished************
info: no weight grad collective for layer: mlp_moelayer
info: all-gather input grad collective issued for layer: mlp_moelayer, involved dimensions:  1, 0, 0, 0, 0, 0, 0, 0, 0, 0,
***** info: input gradient collective for layer: mlp_moelayer is finished************
info: no weight grad collective for layer: mlp_moelayer
info: all-gather input grad collective issued for layer: mlp_moelayer, involved dimensions:  1, 0, 0, 0, 0, 0, 0, 0, 0, 0,
***** info: input gradient collective for layer: mlp_moelayer is finished************
info: no weight grad collective for layer: mlp_moelayer
info: all-to-all input grad collective issued for layer: mlp_moelayer, involved dimensions:  1, 0, 0, 0, 0, 0, 0, 0, 0, 0,
***** info: input gradient collective for layer: mlp_moelayer is finished************
info: no weight grad collective for layer: mlp_moelayer
info: all-to-all input grad collective issued for layer: mlp_moelayer, involved dimensions:  1, 0, 0, 0, 0, 0, 0, 0, 0, 0,
***** info: input gradient collective for layer: mlp_moelayer is finished************
info: no weight grad collective for layer: mlp_moelayer
info: all-gather input grad collective issued for layer: mlp_moelayer, involved dimensions:  1, 0, 0, 0, 0, 0, 0, 0, 0, 0,
***** info: input gradient collective for layer: mlp_moelayer is finished************
info: no weight grad collective for layer: mlp_moelayer
info: no input grad collective for layer: attention_row
info: no weight grad collective for layer: attention_row
info: no input grad collective for layer: attention_column
info: no weight grad collective for layer: attention_column
info: all-to-all input grad collective issued for layer: mlp_moelayer, involved dimensions:  1, 0, 0, 0, 0, 0, 0, 0, 0, 0,
***** info: input gradient collective for layer: mlp_moelayer is finished************
info: no weight grad collective for layer: mlp_moelayer
info: all-to-all input grad collective issued for layer: mlp_moelayer, involved dimensions:  1, 0, 0, 0, 0, 0, 0, 0, 0, 0,
***** info: input gradient collective for layer: mlp_moelayer is finished************
info: no weight grad collective for layer: mlp_moelayer
info: all-gather input grad collective issued for layer: mlp_moelayer, involved dimensions:  1, 0, 0, 0, 0, 0, 0, 0, 0, 0,
***** info: input gradient collective for layer: mlp_moelayer is finished************
info: no weight grad collective for layer: mlp_moelayer
info: all-gather input grad collective issued for layer: mlp_moelayer, involved dimensions:  1, 0, 0, 0, 0, 0, 0, 0, 0, 0,
***** info: input gradient collective for layer: mlp_moelayer is finished************
info: no weight grad collective for layer: mlp_moelayer
info: all-to-all input grad collective issued for layer: mlp_moelayer, involved dimensions:  1, 0, 0, 0, 0, 0, 0, 0, 0, 0,
***** info: input gradient collective for layer: mlp_moelayer is finished************
info: no weight grad collective for layer: mlp_moelayer
info: all-to-all input grad collective issued for layer: mlp_moelayer, involved dimensions:  1, 0, 0, 0, 0, 0, 0, 0, 0, 0,
***** info: input gradient collective for layer: mlp_moelayer is finished************
info: no weight grad collective for layer: mlp_moelayer
info: all-gather input grad collective issued for layer: mlp_moelayer, involved dimensions:  1, 0, 0, 0, 0, 0, 0, 0, 0, 0,
***** info: input gradient collective for layer: mlp_moelayer is finished************
info: no weight grad collective for layer: mlp_moelayer
info: no input grad collective for layer: attention_row
info: no weight grad collective for layer: attention_row
info: no input grad collective for layer: attention_column
info: no weight grad collective for layer: attention_column
info: all-to-all input grad collective issued for layer: mlp_moelayer, involved dimensions:  1, 0, 0, 0, 0, 0, 0, 0, 0, 0,
***** info: input gradient collective for layer: mlp_moelayer is finished************
info: no weight grad collective for layer: mlp_moelayer
info: all-to-all input grad collective issued for layer: mlp_moelayer, involved dimensions:  1, 0, 0, 0, 0, 0, 0, 0, 0, 0,
***** info: input gradient collective for layer: mlp_moelayer is finished************
info: no weight grad collective for layer: mlp_moelayer
info: all-gather input grad collective issued for layer: mlp_moelayer, involved dimensions:  1, 0, 0, 0, 0, 0, 0, 0, 0, 0,
***** info: input gradient collective for layer: mlp_moelayer is finished************
info: no weight grad collective for layer: mlp_moelayer
info: all-gather input grad collective issued for layer: mlp_moelayer, involved dimensions:  1, 0, 0, 0, 0, 0, 0, 0, 0, 0,
***** info: input gradient collective for layer: mlp_moelayer is finished************
info: no weight grad collective for layer: mlp_moelayer
info: all-to-all input grad collective issued for layer: mlp_moelayer, involved dimensions:  1, 0, 0, 0, 0, 0, 0, 0, 0, 0,
***** info: input gradient collective for layer: mlp_moelayer is finished************
info: no weight grad collective for layer: mlp_moelayer
info: all-to-all input grad collective issued for layer: mlp_moelayer, involved dimensions:  1, 0, 0, 0, 0, 0, 0, 0, 0, 0,
***** info: input gradient collective for layer: mlp_moelayer is finished************
info: no weight grad collective for layer: mlp_moelayer
info: all-gather input grad collective issued for layer: mlp_moelayer, involved dimensions:  1, 0, 0, 0, 0, 0, 0, 0, 0, 0,
***** info: input gradient collective for layer: mlp_moelayer is finished************
info: no weight grad collective for layer: mlp_moelayer
info: no input grad collective for layer: attention_row
info: no weight grad collective for layer: attention_row
info: no input grad collective for layer: attention_column
info: no weight grad collective for layer: attention_column
info: all-to-all input grad collective issued for layer: mlp_moelayer, involved dimensions:  1, 0, 0, 0, 0, 0, 0, 0, 0, 0,
***** info: input gradient collective for layer: mlp_moelayer is finished************
info: no weight grad collective for layer: mlp_moelayer
info: all-to-all input grad collective issued for layer: mlp_moelayer, involved dimensions:  1, 0, 0, 0, 0, 0, 0, 0, 0, 0,
***** info: input gradient collective for layer: mlp_moelayer is finished************
info: no weight grad collective for layer: mlp_moelayer
info: all-gather input grad collective issued for layer: mlp_moelayer, involved dimensions:  1, 0, 0, 0, 0, 0, 0, 0, 0, 0,
***** info: input gradient collective for layer: mlp_moelayer is finished************
info: no weight grad collective for layer: mlp_moelayer
info: all-gather input grad collective issued for layer: mlp_moelayer, involved dimensions:  1, 0, 0, 0, 0, 0, 0, 0, 0, 0,
***** info: input gradient collective for layer: mlp_moelayer is finished************
info: no weight grad collective for layer: mlp_moelayer
info: all-to-all input grad collective issued for layer: mlp_moelayer, involved dimensions:  1, 0, 0, 0, 0, 0, 0, 0, 0, 0,
***** info: input gradient collective for layer: mlp_moelayer is finished************
info: no weight grad collective for layer: mlp_moelayer
info: all-to-all input grad collective issued for layer: mlp_moelayer, involved dimensions:  1, 0, 0, 0, 0, 0, 0, 0, 0, 0,
***** info: input gradient collective for layer: mlp_moelayer is finished************
info: no weight grad collective for layer: mlp_moelayer
info: all-gather input grad collective issued for layer: mlp_moelayer, involved dimensions:  1, 0, 0, 0, 0, 0, 0, 0, 0, 0,
***** info: input gradient collective for layer: mlp_moelayer is finished************
info: no weight grad collective for layer: mlp_moelayer
info: no input grad collective for layer: attention_row
info: no weight grad collective for layer: attention_row
info: no input grad collective for layer: attention_column
info: no weight grad collective for layer: attention_column
info: all-to-all input grad collective issued for layer: mlp_moelayer, involved dimensions:  1, 0, 0, 0, 0, 0, 0, 0, 0, 0,
***** info: input gradient collective for layer: mlp_moelayer is finished************
info: no weight grad collective for layer: mlp_moelayer
info: all-to-all input grad collective issued for layer: mlp_moelayer, involved dimensions:  1, 0, 0, 0, 0, 0, 0, 0, 0, 0,
***** info: input gradient collective for layer: mlp_moelayer is finished************
info: no weight grad collective for layer: mlp_moelayer
info: all-gather input grad collective issued for layer: mlp_moelayer, involved dimensions:  1, 0, 0, 0, 0, 0, 0, 0, 0, 0,
***** info: input gradient collective for layer: mlp_moelayer is finished************
info: no weight grad collective for layer: mlp_moelayer
info: all-gather input grad collective issued for layer: mlp_moelayer, involved dimensions:  1, 0, 0, 0, 0, 0, 0, 0, 0, 0,
***** info: input gradient collective for layer: mlp_moelayer is finished************
info: no weight grad collective for layer: mlp_moelayer
info: all-to-all input grad collective issued for layer: mlp_moelayer, involved dimensions:  1, 0, 0, 0, 0, 0, 0, 0, 0, 0,
***** info: input gradient collective for layer: mlp_moelayer is finished************
info: no weight grad collective for layer: mlp_moelayer
info: all-to-all input grad collective issued for layer: mlp_moelayer, involved dimensions:  1, 0, 0, 0, 0, 0, 0, 0, 0, 0,
***** info: input gradient collective for layer: mlp_moelayer is finished************
info: no weight grad collective for layer: mlp_moelayer
info: all-gather input grad collective issued for layer: mlp_moelayer, involved dimensions:  1, 0, 0, 0, 0, 0, 0, 0, 0, 0,
***** info: input gradient collective for layer: mlp_moelayer is finished************
info: no weight grad collective for layer: mlp_moelayer
info: no input grad collective for layer: attention_row
info: no weight grad collective for layer: attention_row
info: no input grad collective for layer: attention_column
info: no weight grad collective for layer: attention_column
info: all-to-all input grad collective issued for layer: mlp_moelayer, involved dimensions:  1, 0, 0, 0, 0, 0, 0, 0, 0, 0,
***** info: input gradient collective for layer: mlp_moelayer is finished************
info: no weight grad collective for layer: mlp_moelayer
info: all-to-all input grad collective issued for layer: mlp_moelayer, involved dimensions:  1, 0, 0, 0, 0, 0, 0, 0, 0, 0,
***** info: input gradient collective for layer: mlp_moelayer is finished************
info: no weight grad collective for layer: mlp_moelayer
info: all-gather input grad collective issued for layer: mlp_moelayer, involved dimensions:  1, 0, 0, 0, 0, 0, 0, 0, 0, 0,
***** info: input gradient collective for layer: mlp_moelayer is finished************
info: no weight grad collective for layer: mlp_moelayer
info: all-gather input grad collective issued for layer: mlp_moelayer, involved dimensions:  1, 0, 0, 0, 0, 0, 0, 0, 0, 0,
***** info: input gradient collective for layer: mlp_moelayer is finished************
info: no weight grad collective for layer: mlp_moelayer
info: all-to-all input grad collective issued for layer: mlp_moelayer, involved dimensions:  1, 0, 0, 0, 0, 0, 0, 0, 0, 0,
***** info: input gradient collective for layer: mlp_moelayer is finished************
info: no weight grad collective for layer: mlp_moelayer
info: all-to-all input grad collective issued for layer: mlp_moelayer, involved dimensions:  1, 0, 0, 0, 0, 0, 0, 0, 0, 0,
***** info: input gradient collective for layer: mlp_moelayer is finished************
info: no weight grad collective for layer: mlp_moelayer
info: all-gather input grad collective issued for layer: mlp_moelayer, involved dimensions:  1, 0, 0, 0, 0, 0, 0, 0, 0, 0,
***** info: input gradient collective for layer: mlp_moelayer is finished************
info: no weight grad collective for layer: mlp_moelayer
info: no input grad collective for layer: attention_row
info: no weight grad collective for layer: attention_row
info: no input grad collective for layer: attention_column
info: no weight grad collective for layer: attention_column
info: all-to-all input grad collective issued for layer: mlp_moelayer, involved dimensions:  1, 0, 0, 0, 0, 0, 0, 0, 0, 0,
***** info: input gradient collective for layer: mlp_moelayer is finished************
info: no weight grad collective for layer: mlp_moelayer
info: all-to-all input grad collective issued for layer: mlp_moelayer, involved dimensions:  1, 0, 0, 0, 0, 0, 0, 0, 0, 0,
***** info: input gradient collective for layer: mlp_moelayer is finished************
info: no weight grad collective for layer: mlp_moelayer
info: all-gather input grad collective issued for layer: mlp_moelayer, involved dimensions:  1, 0, 0, 0, 0, 0, 0, 0, 0, 0,
***** info: input gradient collective for layer: mlp_moelayer is finished************
info: no weight grad collective for layer: mlp_moelayer
info: all-gather input grad collective issued for layer: mlp_moelayer, involved dimensions:  1, 0, 0, 0, 0, 0, 0, 0, 0, 0,
***** info: input gradient collective for layer: mlp_moelayer is finished************
info: no weight grad collective for layer: mlp_moelayer
info: all-to-all input grad collective issued for layer: mlp_moelayer, involved dimensions:  1, 0, 0, 0, 0, 0, 0, 0, 0, 0,
***** info: input gradient collective for layer: mlp_moelayer is finished************
info: no weight grad collective for layer: mlp_moelayer
info: all-to-all input grad collective issued for layer: mlp_moelayer, involved dimensions:  1, 0, 0, 0, 0, 0, 0, 0, 0, 0,
***** info: input gradient collective for layer: mlp_moelayer is finished************
info: no weight grad collective for layer: mlp_moelayer
info: all-gather input grad collective issued for layer: mlp_moelayer, involved dimensions:  1, 0, 0, 0, 0, 0, 0, 0, 0, 0,
***** info: input gradient collective for layer: mlp_moelayer is finished************
info: no weight grad collective for layer: mlp_moelayer
info: no input grad collective for layer: attention_row
info: no weight grad collective for layer: attention_row
info: no input grad collective for layer: attention_column
info: no weight grad collective for layer: attention_column
info: all-to-all input grad collective issued for layer: mlp_moelayer, involved dimensions:  1, 0, 0, 0, 0, 0, 0, 0, 0, 0,
***** info: input gradient collective for layer: mlp_moelayer is finished************
info: no weight grad collective for layer: mlp_moelayer
info: all-to-all input grad collective issued for layer: mlp_moelayer, involved dimensions:  1, 0, 0, 0, 0, 0, 0, 0, 0, 0,
***** info: input gradient collective for layer: mlp_moelayer is finished************
info: no weight grad collective for layer: mlp_moelayer
info: all-gather input grad collective issued for layer: mlp_moelayer, involved dimensions:  1, 0, 0, 0, 0, 0, 0, 0, 0, 0,
***** info: input gradient collective for layer: mlp_moelayer is finished************
info: no weight grad collective for layer: mlp_moelayer
info: all-gather input grad collective issued for layer: mlp_moelayer, involved dimensions:  1, 0, 0, 0, 0, 0, 0, 0, 0, 0,
***** info: input gradient collective for layer: mlp_moelayer is finished************
info: no weight grad collective for layer: mlp_moelayer
info: all-to-all input grad collective issued for layer: mlp_moelayer, involved dimensions:  1, 0, 0, 0, 0, 0, 0, 0, 0, 0,
***** info: input gradient collective for layer: mlp_moelayer is finished************
info: no weight grad collective for layer: mlp_moelayer
info: all-to-all input grad collective issued for layer: mlp_moelayer, involved dimensions:  1, 0, 0, 0, 0, 0, 0, 0, 0, 0,
***** info: input gradient collective for layer: mlp_moelayer is finished************
info: no weight grad collective for layer: mlp_moelayer
info: all-gather input grad collective issued for layer: mlp_moelayer, involved dimensions:  1, 0, 0, 0, 0, 0, 0, 0, 0, 0,
***** info: input gradient collective for layer: mlp_moelayer is finished************
info: no weight grad collective for layer: mlp_moelayer
info: no input grad collective for layer: attention_row
info: no weight grad collective for layer: attention_row
info: no input grad collective for layer: attention_column
info: no weight grad collective for layer: attention_column
info: no input grad collective for layer: embedding_layer
info: no weight grad collective for layer: embedding_layer
info: no input grad collective for layer: embedding_norm
info: no weight grad collective for layer: embedding_norm
info: no input grad collective for layer: final_column
info: no weight grad collective for layer: final_column
info: all-to-all input grad collective issued for layer: mlp_moelayer, involved dimensions:  1, 0, 0, 0, 0, 0, 0, 0, 0, 0,
***** info: input gradient collective for layer: mlp_moelayer is finished************
info: no weight grad collective for layer: mlp_moelayer
info: all-to-all input grad collective issued for layer: mlp_moelayer, involved dimensions:  1, 0, 0, 0, 0, 0, 0, 0, 0, 0,
***** info: input gradient collective for layer: mlp_moelayer is finished************
info: no weight grad collective for layer: mlp_moelayer
info: all-gather input grad collective issued for layer: mlp_moelayer, involved dimensions:  1, 0, 0, 0, 0, 0, 0, 0, 0, 0,
***** info: input gradient collective for layer: mlp_moelayer is finished************
info: no weight grad collective for layer: mlp_moelayer
info: all-gather input grad collective issued for layer: mlp_moelayer, involved dimensions:  1, 0, 0, 0, 0, 0, 0, 0, 0, 0,
***** info: input gradient collective for layer: mlp_moelayer is finished************
info: no weight grad collective for layer: mlp_moelayer
info: all-to-all input grad collective issued for layer: mlp_moelayer, involved dimensions:  1, 0, 0, 0, 0, 0, 0, 0, 0, 0,
***** info: input gradient collective for layer: mlp_moelayer is finished************
info: no weight grad collective for layer: mlp_moelayer
info: all-to-all input grad collective issued for layer: mlp_moelayer, involved dimensions:  1, 0, 0, 0, 0, 0, 0, 0, 0, 0,
***** info: input gradient collective for layer: mlp_moelayer is finished************
info: no weight grad collective for layer: mlp_moelayer
info: all-gather input grad collective issued for layer: mlp_moelayer, involved dimensions:  1, 0, 0, 0, 0, 0, 0, 0, 0, 0,
***** info: input gradient collective for layer: mlp_moelayer is finished************
info: no weight grad collective for layer: mlp_moelayer
info: no input grad collective for layer: attention_row
info: no weight grad collective for layer: attention_row
info: no input grad collective for layer: attention_column
info: no weight grad collective for layer: attention_column
info: all-to-all input grad collective issued for layer: mlp_moelayer, involved dimensions:  1, 0, 0, 0, 0, 0, 0, 0, 0, 0,
***** info: input gradient collective for layer: mlp_moelayer is finished************
info: no weight grad collective for layer: mlp_moelayer
info: all-to-all input grad collective issued for layer: mlp_moelayer, involved dimensions:  1, 0, 0, 0, 0, 0, 0, 0, 0, 0,
***** info: input gradient collective for layer: mlp_moelayer is finished************
info: no weight grad collective for layer: mlp_moelayer
info: all-gather input grad collective issued for layer: mlp_moelayer, involved dimensions:  1, 0, 0, 0, 0, 0, 0, 0, 0, 0,
***** info: input gradient collective for layer: mlp_moelayer is finished************
info: no weight grad collective for layer: mlp_moelayer
info: all-gather input grad collective issued for layer: mlp_moelayer, involved dimensions:  1, 0, 0, 0, 0, 0, 0, 0, 0, 0,
***** info: input gradient collective for layer: mlp_moelayer is finished************
info: no weight grad collective for layer: mlp_moelayer
info: all-to-all input grad collective issued for layer: mlp_moelayer, involved dimensions:  1, 0, 0, 0, 0, 0, 0, 0, 0, 0,
***** info: input gradient collective for layer: mlp_moelayer is finished************
info: no weight grad collective for layer: mlp_moelayer
info: all-to-all input grad collective issued for layer: mlp_moelayer, involved dimensions:  1, 0, 0, 0, 0, 0, 0, 0, 0, 0,
***** info: input gradient collective for layer: mlp_moelayer is finished************
info: no weight grad collective for layer: mlp_moelayer
info: all-gather input grad collective issued for layer: mlp_moelayer, involved dimensions:  1, 0, 0, 0, 0, 0, 0, 0, 0, 0,
***** info: input gradient collective for layer: mlp_moelayer is finished************
info: no weight grad collective for layer: mlp_moelayer
info: no input grad collective for layer: attention_row
info: no weight grad collective for layer: attention_row
info: no input grad collective for layer: attention_column
info: no weight grad collective for layer: attention_column
info: all-to-all input grad collective issued for layer: mlp_moelayer, involved dimensions:  1, 0, 0, 0, 0, 0, 0, 0, 0, 0,
***** info: input gradient collective for layer: mlp_moelayer is finished************
info: no weight grad collective for layer: mlp_moelayer
info: all-to-all input grad collective issued for layer: mlp_moelayer, involved dimensions:  1, 0, 0, 0, 0, 0, 0, 0, 0, 0,
***** info: input gradient collective for layer: mlp_moelayer is finished************
info: no weight grad collective for layer: mlp_moelayer
info: all-gather input grad collective issued for layer: mlp_moelayer, involved dimensions:  1, 0, 0, 0, 0, 0, 0, 0, 0, 0,
***** info: input gradient collective for layer: mlp_moelayer is finished************
info: no weight grad collective for layer: mlp_moelayer
info: all-gather input grad collective issued for layer: mlp_moelayer, involved dimensions:  1, 0, 0, 0, 0, 0, 0, 0, 0, 0,
***** info: input gradient collective for layer: mlp_moelayer is finished************
info: no weight grad collective for layer: mlp_moelayer
info: all-to-all input grad collective issued for layer: mlp_moelayer, involved dimensions:  1, 0, 0, 0, 0, 0, 0, 0, 0, 0,
***** info: input gradient collective for layer: mlp_moelayer is finished************
info: no weight grad collective for layer: mlp_moelayer
info: all-to-all input grad collective issued for layer: mlp_moelayer, involved dimensions:  1, 0, 0, 0, 0, 0, 0, 0, 0, 0,
***** info: input gradient collective for layer: mlp_moelayer is finished************
info: no weight grad collective for layer: mlp_moelayer
info: all-gather input grad collective issued for layer: mlp_moelayer, involved dimensions:  1, 0, 0, 0, 0, 0, 0, 0, 0, 0,
***** info: input gradient collective for layer: mlp_moelayer is finished************
info: no weight grad collective for layer: mlp_moelayer
info: no input grad collective for layer: attention_row
info: no weight grad collective for layer: attention_row
info: no input grad collective for layer: attention_column
info: no weight grad collective for layer: attention_column
info: all-to-all input grad collective issued for layer: mlp_moelayer, involved dimensions:  1, 0, 0, 0, 0, 0, 0, 0, 0, 0,
***** info: input gradient collective for layer: mlp_moelayer is finished************
info: no weight grad collective for layer: mlp_moelayer
info: all-to-all input grad collective issued for layer: mlp_moelayer, involved dimensions:  1, 0, 0, 0, 0, 0, 0, 0, 0, 0,
***** info: input gradient collective for layer: mlp_moelayer is finished************
info: no weight grad collective for layer: mlp_moelayer
info: all-gather input grad collective issued for layer: mlp_moelayer, involved dimensions:  1, 0, 0, 0, 0, 0, 0, 0, 0, 0,
***** info: input gradient collective for layer: mlp_moelayer is finished************
info: no weight grad collective for layer: mlp_moelayer
info: all-gather input grad collective issued for layer: mlp_moelayer, involved dimensions:  1, 0, 0, 0, 0, 0, 0, 0, 0, 0,
***** info: input gradient collective for layer: mlp_moelayer is finished************
info: no weight grad collective for layer: mlp_moelayer
info: all-to-all input grad collective issued for layer: mlp_moelayer, involved dimensions:  1, 0, 0, 0, 0, 0, 0, 0, 0, 0,
***** info: input gradient collective for layer: mlp_moelayer is finished************
info: no weight grad collective for layer: mlp_moelayer
info: all-to-all input grad collective issued for layer: mlp_moelayer, involved dimensions:  1, 0, 0, 0, 0, 0, 0, 0, 0, 0,
***** info: input gradient collective for layer: mlp_moelayer is finished************
info: no weight grad collective for layer: mlp_moelayer
info: all-gather input grad collective issued for layer: mlp_moelayer, involved dimensions:  1, 0, 0, 0, 0, 0, 0, 0, 0, 0,
***** info: input gradient collective for layer: mlp_moelayer is finished************
info: no weight grad collective for layer: mlp_moelayer
info: no input grad collective for layer: attention_row
info: no weight grad collective for layer: attention_row
info: no input grad collective for layer: attention_column
info: no weight grad collective for layer: attention_column
info: all-to-all input grad collective issued for layer: mlp_moelayer, involved dimensions:  1, 0, 0, 0, 0, 0, 0, 0, 0, 0,
***** info: input gradient collective for layer: mlp_moelayer is finished************
info: no weight grad collective for layer: mlp_moelayer
info: all-to-all input grad collective issued for layer: mlp_moelayer, involved dimensions:  1, 0, 0, 0, 0, 0, 0, 0, 0, 0,
***** info: input gradient collective for layer: mlp_moelayer is finished************
info: no weight grad collective for layer: mlp_moelayer
info: all-gather input grad collective issued for layer: mlp_moelayer, involved dimensions:  1, 0, 0, 0, 0, 0, 0, 0, 0, 0,
***** info: input gradient collective for layer: mlp_moelayer is finished************
info: no weight grad collective for layer: mlp_moelayer
info: all-gather input grad collective issued for layer: mlp_moelayer, involved dimensions:  1, 0, 0, 0, 0, 0, 0, 0, 0, 0,
***** info: input gradient collective for layer: mlp_moelayer is finished************
info: no weight grad collective for layer: mlp_moelayer
info: all-to-all input grad collective issued for layer: mlp_moelayer, involved dimensions:  1, 0, 0, 0, 0, 0, 0, 0, 0, 0,
***** info: input gradient collective for layer: mlp_moelayer is finished************
info: no weight grad collective for layer: mlp_moelayer
info: all-to-all input grad collective issued for layer: mlp_moelayer, involved dimensions:  1, 0, 0, 0, 0, 0, 0, 0, 0, 0,
***** info: input gradient collective for layer: mlp_moelayer is finished************
info: no weight grad collective for layer: mlp_moelayer
info: all-gather input grad collective issued for layer: mlp_moelayer, involved dimensions:  1, 0, 0, 0, 0, 0, 0, 0, 0, 0,
***** info: input gradient collective for layer: mlp_moelayer is finished************
info: no weight grad collective for layer: mlp_moelayer
info: no input grad collective for layer: attention_row
info: no weight grad collective for layer: attention_row
info: no input grad collective for layer: attention_column
info: no weight grad collective for layer: attention_column
info: all-to-all input grad collective issued for layer: mlp_moelayer, involved dimensions:  1, 0, 0, 0, 0, 0, 0, 0, 0, 0,
***** info: input gradient collective for layer: mlp_moelayer is finished************
info: no weight grad collective for layer: mlp_moelayer
info: all-to-all input grad collective issued for layer: mlp_moelayer, involved dimensions:  1, 0, 0, 0, 0, 0, 0, 0, 0, 0,
***** info: input gradient collective for layer: mlp_moelayer is finished************
info: no weight grad collective for layer: mlp_moelayer
info: all-gather input grad collective issued for layer: mlp_moelayer, involved dimensions:  1, 0, 0, 0, 0, 0, 0, 0, 0, 0,
***** info: input gradient collective for layer: mlp_moelayer is finished************
info: no weight grad collective for layer: mlp_moelayer
info: all-gather input grad collective issued for layer: mlp_moelayer, involved dimensions:  1, 0, 0, 0, 0, 0, 0, 0, 0, 0,
***** info: input gradient collective for layer: mlp_moelayer is finished************
info: no weight grad collective for layer: mlp_moelayer
info: all-to-all input grad collective issued for layer: mlp_moelayer, involved dimensions:  1, 0, 0, 0, 0, 0, 0, 0, 0, 0,
***** info: input gradient collective for layer: mlp_moelayer is finished************
info: no weight grad collective for layer: mlp_moelayer
info: all-to-all input grad collective issued for layer: mlp_moelayer, involved dimensions:  1, 0, 0, 0, 0, 0, 0, 0, 0, 0,
***** info: input gradient collective for layer: mlp_moelayer is finished************
info: no weight grad collective for layer: mlp_moelayer
info: all-gather input grad collective issued for layer: mlp_moelayer, involved dimensions:  1, 0, 0, 0, 0, 0, 0, 0, 0, 0,
***** info: input gradient collective for layer: mlp_moelayer is finished************
info: no weight grad collective for layer: mlp_moelayer
info: no input grad collective for layer: attention_row
info: no weight grad collective for layer: attention_row
info: no input grad collective for layer: attention_column
info: no weight grad collective for layer: attention_column
info: all-to-all input grad collective issued for layer: mlp_moelayer, involved dimensions:  1, 0, 0, 0, 0, 0, 0, 0, 0, 0,
***** info: input gradient collective for layer: mlp_moelayer is finished************
info: no weight grad collective for layer: mlp_moelayer
info: all-to-all input grad collective issued for layer: mlp_moelayer, involved dimensions:  1, 0, 0, 0, 0, 0, 0, 0, 0, 0,
***** info: input gradient collective for layer: mlp_moelayer is finished************
info: no weight grad collective for layer: mlp_moelayer
info: all-gather input grad collective issued for layer: mlp_moelayer, involved dimensions:  1, 0, 0, 0, 0, 0, 0, 0, 0, 0,
***** info: input gradient collective for layer: mlp_moelayer is finished************
info: no weight grad collective for layer: mlp_moelayer
info: all-gather input grad collective issued for layer: mlp_moelayer, involved dimensions:  1, 0, 0, 0, 0, 0, 0, 0, 0, 0,
***** info: input gradient collective for layer: mlp_moelayer is finished************
info: no weight grad collective for layer: mlp_moelayer
info: all-to-all input grad collective issued for layer: mlp_moelayer, involved dimensions:  1, 0, 0, 0, 0, 0, 0, 0, 0, 0,
***** info: input gradient collective for layer: mlp_moelayer is finished************
DEBUG_SIM_END: Node 0 FINISH CONDITION NOT MET - continuing simulation
DEBUG_SIM_END: Node 0 checking finish condition: finished_workloads=0, event_queue.size()=1, pending_sends.size()=0, initialized=1
info: no weight grad collective for layer: mlp_moelayer
info: all-to-all input grad collective issued for layer: mlp_moelayer, involved dimensions:  1, 0, 0, 0, 0, 0, 0, 0, 0, 0,
***** info: input gradient collective for layer: mlp_moelayer is finished************
info: no weight grad collective for layer: mlp_moelayer
info: all-gather input grad collective issued for layer: mlp_moelayer, involved dimensions:  1, 0, 0, 0, 0, 0, 0, 0, 0, 0,
***** info: input gradient collective for layer: mlp_moelayer is finished************
info: no weight grad collective for layer: mlp_moelayer
info: no input grad collective for layer: attention_row
info: no weight grad collective for layer: attention_row
info: no input grad collective for layer: attention_column
info: no weight grad collective for layer: attention_column
info: all-to-all input grad collective issued for layer: mlp_moelayer, involved dimensions:  1, 0, 0, 0, 0, 0, 0, 0, 0, 0,
***** info: input gradient collective for layer: mlp_moelayer is finished************
info: no weight grad collective for layer: mlp_moelayer
info: all-to-all input grad collective issued for layer: mlp_moelayer, involved dimensions:  1, 0, 0, 0, 0, 0, 0, 0, 0, 0,
***** info: input gradient collective for layer: mlp_moelayer is finished************
info: no weight grad collective for layer: mlp_moelayer
info: all-gather input grad collective issued for layer: mlp_moelayer, involved dimensions:  1, 0, 0, 0, 0, 0, 0, 0, 0, 0,
***** info: input gradient collective for layer: mlp_moelayer is finished************
info: no weight grad collective for layer: mlp_moelayer
info: all-gather input grad collective issued for layer: mlp_moelayer, involved dimensions:  1, 0, 0, 0, 0, 0, 0, 0, 0, 0,
***** info: input gradient collective for layer: mlp_moelayer is finished************
info: no weight grad collective for layer: mlp_moelayer
info: all-to-all input grad collective issued for layer: mlp_moelayer, involved dimensions:  1, 0, 0, 0, 0, 0, 0, 0, 0, 0,
***** info: input gradient collective for layer: mlp_moelayer is finished************
info: no weight grad collective for layer: mlp_moelayer
info: all-to-all input grad collective issued for layer: mlp_moelayer, involved dimensions:  1, 0, 0, 0, 0, 0, 0, 0, 0, 0,
***** info: input gradient collective for layer: mlp_moelayer is finished************
info: no weight grad collective for layer: mlp_moelayer
info: all-gather input grad collective issued for layer: mlp_moelayer, involved dimensions:  1, 0, 0, 0, 0, 0, 0, 0, 0, 0,
***** info: input gradient collective for layer: mlp_moelayer is finished************
info: no weight grad collective for layer: mlp_moelayer
info: no input grad collective for layer: attention_row
info: no weight grad collective for layer: attention_row
info: no input grad collective for layer: attention_column
info: no weight grad collective for layer: attention_column
info: no input grad collective for layer: embedding_layer
info: no weight grad collective for layer: embedding_layer
info: no input grad collective for layer: embedding_norm
info: no weight grad collective for layer: embedding_norm
info: no input grad collective for layer: final_column
info: no weight grad collective for layer: final_column
info: all-to-all input grad collective issued for layer: mlp_moelayer, involved dimensions:  1, 0, 0, 0, 0, 0, 0, 0, 0, 0,
***** info: input gradient collective for layer: mlp_moelayer is finished************
info: no weight grad collective for layer: mlp_moelayer
info: all-to-all input grad collective issued for layer: mlp_moelayer, involved dimensions:  1, 0, 0, 0, 0, 0, 0, 0, 0, 0,
***** info: input gradient collective for layer: mlp_moelayer is finished************
info: no weight grad collective for layer: mlp_moelayer
info: all-gather input grad collective issued for layer: mlp_moelayer, involved dimensions:  1, 0, 0, 0, 0, 0, 0, 0, 0, 0,
***** info: input gradient collective for layer: mlp_moelayer is finished************
info: no weight grad collective for layer: mlp_moelayer
info: all-gather input grad collective issued for layer: mlp_moelayer, involved dimensions:  1, 0, 0, 0, 0, 0, 0, 0, 0, 0,
***** info: input gradient collective for layer: mlp_moelayer is finished************
info: no weight grad collective for layer: mlp_moelayer
info: all-to-all input grad collective issued for layer: mlp_moelayer, involved dimensions:  1, 0, 0, 0, 0, 0, 0, 0, 0, 0,
***** info: input gradient collective for layer: mlp_moelayer is finished************
info: no weight grad collective for layer: mlp_moelayer
info: all-to-all input grad collective issued for layer: mlp_moelayer, involved dimensions:  1, 0, 0, 0, 0, 0, 0, 0, 0, 0,
***** info: input gradient collective for layer: mlp_moelayer is finished************
info: no weight grad collective for layer: mlp_moelayer
info: all-gather input grad collective issued for layer: mlp_moelayer, involved dimensions:  1, 0, 0, 0, 0, 0, 0, 0, 0, 0,
***** info: input gradient collective for layer: mlp_moelayer is finished************
info: no weight grad collective for layer: mlp_moelayer
info: no input grad collective for layer: attention_row
info: no weight grad collective for layer: attention_row
info: no input grad collective for layer: attention_column
info: no weight grad collective for layer: attention_column
info: all-to-all input grad collective issued for layer: mlp_moelayer, involved dimensions:  1, 0, 0, 0, 0, 0, 0, 0, 0, 0,
***** info: input gradient collective for layer: mlp_moelayer is finished************
info: no weight grad collective for layer: mlp_moelayer
info: all-to-all input grad collective issued for layer: mlp_moelayer, involved dimensions:  1, 0, 0, 0, 0, 0, 0, 0, 0, 0,
***** info: input gradient collective for layer: mlp_moelayer is finished************
info: no weight grad collective for layer: mlp_moelayer
info: all-gather input grad collective issued for layer: mlp_moelayer, involved dimensions:  1, 0, 0, 0, 0, 0, 0, 0, 0, 0,
***** info: input gradient collective for layer: mlp_moelayer is finished************
info: no weight grad collective for layer: mlp_moelayer
info: all-gather input grad collective issued for layer: mlp_moelayer, involved dimensions:  1, 0, 0, 0, 0, 0, 0, 0, 0, 0,
***** info: input gradient collective for layer: mlp_moelayer is finished************
info: no weight grad collective for layer: mlp_moelayer
info: all-to-all input grad collective issued for layer: mlp_moelayer, involved dimensions:  1, 0, 0, 0, 0, 0, 0, 0, 0, 0,
***** info: input gradient collective for layer: mlp_moelayer is finished************
info: no weight grad collective for layer: mlp_moelayer
info: all-to-all input grad collective issued for layer: mlp_moelayer, involved dimensions:  1, 0, 0, 0, 0, 0, 0, 0, 0, 0,
***** info: input gradient collective for layer: mlp_moelayer is finished************
info: no weight grad collective for layer: mlp_moelayer
info: all-gather input grad collective issued for layer: mlp_moelayer, involved dimensions:  1, 0, 0, 0, 0, 0, 0, 0, 0, 0,
***** info: input gradient collective for layer: mlp_moelayer is finished************
info: no weight grad collective for layer: mlp_moelayer
info: no input grad collective for layer: attention_row
info: no weight grad collective for layer: attention_row
info: no input grad collective for layer: attention_column
info: no weight grad collective for layer: attention_column
info: all-to-all input grad collective issued for layer: mlp_moelayer, involved dimensions:  1, 0, 0, 0, 0, 0, 0, 0, 0, 0,
***** info: input gradient collective for layer: mlp_moelayer is finished************
info: no weight grad collective for layer: mlp_moelayer
info: all-to-all input grad collective issued for layer: mlp_moelayer, involved dimensions:  1, 0, 0, 0, 0, 0, 0, 0, 0, 0,
***** info: input gradient collective for layer: mlp_moelayer is finished************
info: no weight grad collective for layer: mlp_moelayer
info: all-gather input grad collective issued for layer: mlp_moelayer, involved dimensions:  1, 0, 0, 0, 0, 0, 0, 0, 0, 0,
***** info: input gradient collective for layer: mlp_moelayer is finished************
info: no weight grad collective for layer: mlp_moelayer
info: all-gather input grad collective issued for layer: mlp_moelayer, involved dimensions:  1, 0, 0, 0, 0, 0, 0, 0, 0, 0,
***** info: input gradient collective for layer: mlp_moelayer is finished************
info: no weight grad collective for layer: mlp_moelayer
info: all-to-all input grad collective issued for layer: mlp_moelayer, involved dimensions:  1, 0, 0, 0, 0, 0, 0, 0, 0, 0,
***** info: input gradient collective for layer: mlp_moelayer is finished************
info: no weight grad collective for layer: mlp_moelayer
info: all-to-all input grad collective issued for layer: mlp_moelayer, involved dimensions:  1, 0, 0, 0, 0, 0, 0, 0, 0, 0,
***** info: input gradient collective for layer: mlp_moelayer is finished************
info: no weight grad collective for layer: mlp_moelayer
info: all-gather input grad collective issued for layer: mlp_moelayer, involved dimensions:  1, 0, 0, 0, 0, 0, 0, 0, 0, 0,
***** info: input gradient collective for layer: mlp_moelayer is finished************
info: no weight grad collective for layer: mlp_moelayer
info: no input grad collective for layer: attention_row
info: no weight grad collective for layer: attention_row
info: no input grad collective for layer: attention_column
info: no weight grad collective for layer: attention_column
info: all-to-all input grad collective issued for layer: mlp_moelayer, involved dimensions:  1, 0, 0, 0, 0, 0, 0, 0, 0, 0,
***** info: input gradient collective for layer: mlp_moelayer is finished************
info: no weight grad collective for layer: mlp_moelayer
info: all-to-all input grad collective issued for layer: mlp_moelayer, involved dimensions:  1, 0, 0, 0, 0, 0, 0, 0, 0, 0,
***** info: input gradient collective for layer: mlp_moelayer is finished************
info: no weight grad collective for layer: mlp_moelayer
info: all-gather input grad collective issued for layer: mlp_moelayer, involved dimensions:  1, 0, 0, 0, 0, 0, 0, 0, 0, 0,
***** info: input gradient collective for layer: mlp_moelayer is finished************
info: no weight grad collective for layer: mlp_moelayer
info: all-gather input grad collective issued for layer: mlp_moelayer, involved dimensions:  1, 0, 0, 0, 0, 0, 0, 0, 0, 0,
***** info: input gradient collective for layer: mlp_moelayer is finished************
info: no weight grad collective for layer: mlp_moelayer
info: all-to-all input grad collective issued for layer: mlp_moelayer, involved dimensions:  1, 0, 0, 0, 0, 0, 0, 0, 0, 0,
***** info: input gradient collective for layer: mlp_moelayer is finished************
info: no weight grad collective for layer: mlp_moelayer
info: all-to-all input grad collective issued for layer: mlp_moelayer, involved dimensions:  1, 0, 0, 0, 0, 0, 0, 0, 0, 0,
***** info: input gradient collective for layer: mlp_moelayer is finished************
info: no weight grad collective for layer: mlp_moelayer
info: all-gather input grad collective issued for layer: mlp_moelayer, involved dimensions:  1, 0, 0, 0, 0, 0, 0, 0, 0, 0,
***** info: input gradient collective for layer: mlp_moelayer is finished************
info: no weight grad collective for layer: mlp_moelayer
info: no input grad collective for layer: attention_row
info: no weight grad collective for layer: attention_row
info: no input grad collective for layer: attention_column
info: no weight grad collective for layer: attention_column
info: all-to-all input grad collective issued for layer: mlp_moelayer, involved dimensions:  1, 0, 0, 0, 0, 0, 0, 0, 0, 0,
***** info: input gradient collective for layer: mlp_moelayer is finished************
info: no weight grad collective for layer: mlp_moelayer
info: all-to-all input grad collective issued for layer: mlp_moelayer, involved dimensions:  1, 0, 0, 0, 0, 0, 0, 0, 0, 0,
***** info: input gradient collective for layer: mlp_moelayer is finished************
info: no weight grad collective for layer: mlp_moelayer
info: all-gather input grad collective issued for layer: mlp_moelayer, involved dimensions:  1, 0, 0, 0, 0, 0, 0, 0, 0, 0,
***** info: input gradient collective for layer: mlp_moelayer is finished************
info: no weight grad collective for layer: mlp_moelayer
info: all-gather input grad collective issued for layer: mlp_moelayer, involved dimensions:  1, 0, 0, 0, 0, 0, 0, 0, 0, 0,
***** info: input gradient collective for layer: mlp_moelayer is finished************
info: no weight grad collective for layer: mlp_moelayer
info: all-to-all input grad collective issued for layer: mlp_moelayer, involved dimensions:  1, 0, 0, 0, 0, 0, 0, 0, 0, 0,
***** info: input gradient collective for layer: mlp_moelayer is finished************
info: no weight grad collective for layer: mlp_moelayer
info: all-to-all input grad collective issued for layer: mlp_moelayer, involved dimensions:  1, 0, 0, 0, 0, 0, 0, 0, 0, 0,
***** info: input gradient collective for layer: mlp_moelayer is finished************
info: no weight grad collective for layer: mlp_moelayer
info: all-gather input grad collective issued for layer: mlp_moelayer, involved dimensions:  1, 0, 0, 0, 0, 0, 0, 0, 0, 0,
***** info: input gradient collective for layer: mlp_moelayer is finished************
info: no weight grad collective for layer: mlp_moelayer
info: no input grad collective for layer: attention_row
info: no weight grad collective for layer: attention_row
info: no input grad collective for layer: attention_column
info: no weight grad collective for layer: attention_column
info: all-to-all input grad collective issued for layer: mlp_moelayer, involved dimensions:  1, 0, 0, 0, 0, 0, 0, 0, 0, 0,
***** info: input gradient collective for layer: mlp_moelayer is finished************
info: no weight grad collective for layer: mlp_moelayer
info: all-to-all input grad collective issued for layer: mlp_moelayer, involved dimensions:  1, 0, 0, 0, 0, 0, 0, 0, 0, 0,
***** info: input gradient collective for layer: mlp_moelayer is finished************
info: no weight grad collective for layer: mlp_moelayer
info: all-gather input grad collective issued for layer: mlp_moelayer, involved dimensions:  1, 0, 0, 0, 0, 0, 0, 0, 0, 0,
***** info: input gradient collective for layer: mlp_moelayer is finished************
info: no weight grad collective for layer: mlp_moelayer
info: all-gather input grad collective issued for layer: mlp_moelayer, involved dimensions:  1, 0, 0, 0, 0, 0, 0, 0, 0, 0,
***** info: input gradient collective for layer: mlp_moelayer is finished************
info: no weight grad collective for layer: mlp_moelayer
info: all-to-all input grad collective issued for layer: mlp_moelayer, involved dimensions:  1, 0, 0, 0, 0, 0, 0, 0, 0, 0,
***** info: input gradient collective for layer: mlp_moelayer is finished************
info: no weight grad collective for layer: mlp_moelayer
info: all-to-all input grad collective issued for layer: mlp_moelayer, involved dimensions:  1, 0, 0, 0, 0, 0, 0, 0, 0, 0,
***** info: input gradient collective for layer: mlp_moelayer is finished************
info: no weight grad collective for layer: mlp_moelayer
info: all-gather input grad collective issued for layer: mlp_moelayer, involved dimensions:  1, 0, 0, 0, 0, 0, 0, 0, 0, 0,
***** info: input gradient collective for layer: mlp_moelayer is finished************
info: no weight grad collective for layer: mlp_moelayer
info: no input grad collective for layer: attention_row
info: no weight grad collective for layer: attention_row
info: no input grad collective for layer: attention_column
info: no weight grad collective for layer: attention_column
info: all-to-all input grad collective issued for layer: mlp_moelayer, involved dimensions:  1, 0, 0, 0, 0, 0, 0, 0, 0, 0,
***** info: input gradient collective for layer: mlp_moelayer is finished************
info: no weight grad collective for layer: mlp_moelayer
info: all-to-all input grad collective issued for layer: mlp_moelayer, involved dimensions:  1, 0, 0, 0, 0, 0, 0, 0, 0, 0,
***** info: input gradient collective for layer: mlp_moelayer is finished************
info: no weight grad collective for layer: mlp_moelayer
info: all-gather input grad collective issued for layer: mlp_moelayer, involved dimensions:  1, 0, 0, 0, 0, 0, 0, 0, 0, 0,
***** info: input gradient collective for layer: mlp_moelayer is finished************
info: no weight grad collective for layer: mlp_moelayer
info: all-gather input grad collective issued for layer: mlp_moelayer, involved dimensions:  1, 0, 0, 0, 0, 0, 0, 0, 0, 0,
***** info: input gradient collective for layer: mlp_moelayer is finished************
info: no weight grad collective for layer: mlp_moelayer
info: all-to-all input grad collective issued for layer: mlp_moelayer, involved dimensions:  1, 0, 0, 0, 0, 0, 0, 0, 0, 0,
***** info: input gradient collective for layer: mlp_moelayer is finished************
info: no weight grad collective for layer: mlp_moelayer
info: all-to-all input grad collective issued for layer: mlp_moelayer, involved dimensions:  1, 0, 0, 0, 0, 0, 0, 0, 0, 0,
***** info: input gradient collective for layer: mlp_moelayer is finished************
info: no weight grad collective for layer: mlp_moelayer
info: all-gather input grad collective issued for layer: mlp_moelayer, involved dimensions:  1, 0, 0, 0, 0, 0, 0, 0, 0, 0,
***** info: input gradient collective for layer: mlp_moelayer is finished************
info: no weight grad collective for layer: mlp_moelayer
info: no input grad collective for layer: attention_row
info: no weight grad collective for layer: attention_row
info: no input grad collective for layer: attention_column
info: no weight grad collective for layer: attention_column
info: all-to-all input grad collective issued for layer: mlp_moelayer, involved dimensions:  1, 0, 0, 0, 0, 0, 0, 0, 0, 0,
***** info: input gradient collective for layer: mlp_moelayer is finished************
info: no weight grad collective for layer: mlp_moelayer
info: all-to-all input grad collective issued for layer: mlp_moelayer, involved dimensions:  1, 0, 0, 0, 0, 0, 0, 0, 0, 0,
***** info: input gradient collective for layer: mlp_moelayer is finished************
info: no weight grad collective for layer: mlp_moelayer
info: all-gather input grad collective issued for layer: mlp_moelayer, involved dimensions:  1, 0, 0, 0, 0, 0, 0, 0, 0, 0,
***** info: input gradient collective for layer: mlp_moelayer is finished************
info: no weight grad collective for layer: mlp_moelayer
info: all-gather input grad collective issued for layer: mlp_moelayer, involved dimensions:  1, 0, 0, 0, 0, 0, 0, 0, 0, 0,
***** info: input gradient collective for layer: mlp_moelayer is finished************
info: no weight grad collective for layer: mlp_moelayer
info: all-to-all input grad collective issued for layer: mlp_moelayer, involved dimensions:  1, 0, 0, 0, 0, 0, 0, 0, 0, 0,
***** info: input gradient collective for layer: mlp_moelayer is finished************
info: no weight grad collective for layer: mlp_moelayer
info: all-to-all input grad collective issued for layer: mlp_moelayer, involved dimensions:  1, 0, 0, 0, 0, 0, 0, 0, 0, 0,
***** info: input gradient collective for layer: mlp_moelayer is finished************
info: no weight grad collective for layer: mlp_moelayer
info: all-gather input grad collective issued for layer: mlp_moelayer, involved dimensions:  1, 0, 0, 0, 0, 0, 0, 0, 0, 0,
***** info: input gradient collective for layer: mlp_moelayer is finished************
info: no weight grad collective for layer: mlp_moelayer
info: no input grad collective for layer: attention_row
info: no weight grad collective for layer: attention_row
info: no input grad collective for layer: attention_column
info: no weight grad collective for layer: attention_column
info: no input grad collective for layer: embedding_layer
info: no weight grad collective for layer: embedding_layer
info: no input grad collective for layer: embedding_norm
info: no weight grad collective for layer: embedding_norm
info: no input grad collective for layer: final_column
info: no weight grad collective for layer: final_column
info: all-to-all input grad collective issued for layer: mlp_moelayer, involved dimensions:  1, 0, 0, 0, 0, 0, 0, 0, 0, 0,
***** info: input gradient collective for layer: mlp_moelayer is finished************
info: no weight grad collective for layer: mlp_moelayer
info: all-to-all input grad collective issued for layer: mlp_moelayer, involved dimensions:  1, 0, 0, 0, 0, 0, 0, 0, 0, 0,
***** info: input gradient collective for layer: mlp_moelayer is finished************
info: no weight grad collective for layer: mlp_moelayer
info: all-gather input grad collective issued for layer: mlp_moelayer, involved dimensions:  1, 0, 0, 0, 0, 0, 0, 0, 0, 0,
***** info: input gradient collective for layer: mlp_moelayer is finished************
info: no weight grad collective for layer: mlp_moelayer
info: all-gather input grad collective issued for layer: mlp_moelayer, involved dimensions:  1, 0, 0, 0, 0, 0, 0, 0, 0, 0,
***** info: input gradient collective for layer: mlp_moelayer is finished************
info: no weight grad collective for layer: mlp_moelayer
info: all-to-all input grad collective issued for layer: mlp_moelayer, involved dimensions:  1, 0, 0, 0, 0, 0, 0, 0, 0, 0,
***** info: input gradient collective for layer: mlp_moelayer is finished************
info: no weight grad collective for layer: mlp_moelayer
info: all-to-all input grad collective issued for layer: mlp_moelayer, involved dimensions:  1, 0, 0, 0, 0, 0, 0, 0, 0, 0,
***** info: input gradient collective for layer: mlp_moelayer is finished************
info: no weight grad collective for layer: mlp_moelayer
info: all-gather input grad collective issued for layer: mlp_moelayer, involved dimensions:  1, 0, 0, 0, 0, 0, 0, 0, 0, 0,
***** info: input gradient collective for layer: mlp_moelayer is finished************
info: no weight grad collective for layer: mlp_moelayer
info: no input grad collective for layer: attention_row
info: no weight grad collective for layer: attention_row
info: no input grad collective for layer: attention_column
info: no weight grad collective for layer: attention_column
info: all-to-all input grad collective issued for layer: mlp_moelayer, involved dimensions:  1, 0, 0, 0, 0, 0, 0, 0, 0, 0,
***** info: input gradient collective for layer: mlp_moelayer is finished************
info: no weight grad collective for layer: mlp_moelayer
info: all-to-all input grad collective issued for layer: mlp_moelayer, involved dimensions:  1, 0, 0, 0, 0, 0, 0, 0, 0, 0,
***** info: input gradient collective for layer: mlp_moelayer is finished************
info: no weight grad collective for layer: mlp_moelayer
info: all-gather input grad collective issued for layer: mlp_moelayer, involved dimensions:  1, 0, 0, 0, 0, 0, 0, 0, 0, 0,
***** info: input gradient collective for layer: mlp_moelayer is finished************
info: no weight grad collective for layer: mlp_moelayer
info: all-gather input grad collective issued for layer: mlp_moelayer, involved dimensions:  1, 0, 0, 0, 0, 0, 0, 0, 0, 0,
***** info: input gradient collective for layer: mlp_moelayer is finished************
info: no weight grad collective for layer: mlp_moelayer
info: all-to-all input grad collective issued for layer: mlp_moelayer, involved dimensions:  1, 0, 0, 0, 0, 0, 0, 0, 0, 0,
***** info: input gradient collective for layer: mlp_moelayer is finished************
info: no weight grad collective for layer: mlp_moelayer
info: all-to-all input grad collective issued for layer: mlp_moelayer, involved dimensions:  1, 0, 0, 0, 0, 0, 0, 0, 0, 0,
***** info: input gradient collective for layer: mlp_moelayer is finished************
info: no weight grad collective for layer: mlp_moelayer
info: all-gather input grad collective issued for layer: mlp_moelayer, involved dimensions:  1, 0, 0, 0, 0, 0, 0, 0, 0, 0,
***** info: input gradient collective for layer: mlp_moelayer is finished************
info: no weight grad collective for layer: mlp_moelayer
info: no input grad collective for layer: attention_row
info: no weight grad collective for layer: attention_row
info: no input grad collective for layer: attention_column
info: no weight grad collective for layer: attention_column
info: all-to-all input grad collective issued for layer: mlp_moelayer, involved dimensions:  1, 0, 0, 0, 0, 0, 0, 0, 0, 0,
***** info: input gradient collective for layer: mlp_moelayer is finished************
info: no weight grad collective for layer: mlp_moelayer
info: all-to-all input grad collective issued for layer: mlp_moelayer, involved dimensions:  1, 0, 0, 0, 0, 0, 0, 0, 0, 0,
***** info: input gradient collective for layer: mlp_moelayer is finished************
info: no weight grad collective for layer: mlp_moelayer
info: all-gather input grad collective issued for layer: mlp_moelayer, involved dimensions:  1, 0, 0, 0, 0, 0, 0, 0, 0, 0,
***** info: input gradient collective for layer: mlp_moelayer is finished************
info: no weight grad collective for layer: mlp_moelayer
info: all-gather input grad collective issued for layer: mlp_moelayer, involved dimensions:  1, 0, 0, 0, 0, 0, 0, 0, 0, 0,
***** info: input gradient collective for layer: mlp_moelayer is finished************
info: no weight grad collective for layer: mlp_moelayer
info: all-to-all input grad collective issued for layer: mlp_moelayer, involved dimensions:  1, 0, 0, 0, 0, 0, 0, 0, 0, 0,
***** info: input gradient collective for layer: mlp_moelayer is finished************
info: no weight grad collective for layer: mlp_moelayer
info: all-to-all input grad collective issued for layer: mlp_moelayer, involved dimensions:  1, 0, 0, 0, 0, 0, 0, 0, 0, 0,
***** info: input gradient collective for layer: mlp_moelayer is finished************
info: no weight grad collective for layer: mlp_moelayer
info: all-gather input grad collective issued for layer: mlp_moelayer, involved dimensions:  1, 0, 0, 0, 0, 0, 0, 0, 0, 0,
***** info: input gradient collective for layer: mlp_moelayer is finished************
info: no weight grad collective for layer: mlp_moelayer
info: no input grad collective for layer: attention_row
info: no weight grad collective for layer: attention_row
info: no input grad collective for layer: attention_column
info: no weight grad collective for layer: attention_column
info: all-to-all input grad collective issued for layer: mlp_moelayer, involved dimensions:  1, 0, 0, 0, 0, 0, 0, 0, 0, 0,
***** info: input gradient collective for layer: mlp_moelayer is finished************
info: no weight grad collective for layer: mlp_moelayer
info: all-to-all input grad collective issued for layer: mlp_moelayer, involved dimensions:  1, 0, 0, 0, 0, 0, 0, 0, 0, 0,
***** info: input gradient collective for layer: mlp_moelayer is finished************
info: no weight grad collective for layer: mlp_moelayer
info: all-gather input grad collective issued for layer: mlp_moelayer, involved dimensions:  1, 0, 0, 0, 0, 0, 0, 0, 0, 0,
***** info: input gradient collective for layer: mlp_moelayer is finished************
info: no weight grad collective for layer: mlp_moelayer
info: all-gather input grad collective issued for layer: mlp_moelayer, involved dimensions:  1, 0, 0, 0, 0, 0, 0, 0, 0, 0,
***** info: input gradient collective for layer: mlp_moelayer is finished************
info: no weight grad collective for layer: mlp_moelayer
info: all-to-all input grad collective issued for layer: mlp_moelayer, involved dimensions:  1, 0, 0, 0, 0, 0, 0, 0, 0, 0,
***** info: input gradient collective for layer: mlp_moelayer is finished************
info: no weight grad collective for layer: mlp_moelayer
info: all-to-all input grad collective issued for layer: mlp_moelayer, involved dimensions:  1, 0, 0, 0, 0, 0, 0, 0, 0, 0,
***** info: input gradient collective for layer: mlp_moelayer is finished************
info: no weight grad collective for layer: mlp_moelayer
info: all-gather input grad collective issued for layer: mlp_moelayer, involved dimensions:  1, 0, 0, 0, 0, 0, 0, 0, 0, 0,
***** info: input gradient collective for layer: mlp_moelayer is finished************
info: no weight grad collective for layer: mlp_moelayer
info: no input grad collective for layer: attention_row
info: no weight grad collective for layer: attention_row
info: no input grad collective for layer: attention_column
info: no weight grad collective for layer: attention_column
info: all-to-all input grad collective issued for layer: mlp_moelayer, involved dimensions:  1, 0, 0, 0, 0, 0, 0, 0, 0, 0,
***** info: input gradient collective for layer: mlp_moelayer is finished************
info: no weight grad collective for layer: mlp_moelayer
info: all-to-all input grad collective issued for layer: mlp_moelayer, involved dimensions:  1, 0, 0, 0, 0, 0, 0, 0, 0, 0,
***** info: input gradient collective for layer: mlp_moelayer is finished************
info: no weight grad collective for layer: mlp_moelayer
info: all-gather input grad collective issued for layer: mlp_moelayer, involved dimensions:  1, 0, 0, 0, 0, 0, 0, 0, 0, 0,
***** info: input gradient collective for layer: mlp_moelayer is finished************
info: no weight grad collective for layer: mlp_moelayer
info: all-gather input grad collective issued for layer: mlp_moelayer, involved dimensions:  1, 0, 0, 0, 0, 0, 0, 0, 0, 0,
***** info: input gradient collective for layer: mlp_moelayer is finished************
info: no weight grad collective for layer: mlp_moelayer
info: all-to-all input grad collective issued for layer: mlp_moelayer, involved dimensions:  1, 0, 0, 0, 0, 0, 0, 0, 0, 0,
***** info: input gradient collective for layer: mlp_moelayer is finished************
info: no weight grad collective for layer: mlp_moelayer
info: all-to-all input grad collective issued for layer: mlp_moelayer, involved dimensions:  1, 0, 0, 0, 0, 0, 0, 0, 0, 0,
***** info: input gradient collective for layer: mlp_moelayer is finished************
info: no weight grad collective for layer: mlp_moelayer
info: all-gather input grad collective issued for layer: mlp_moelayer, involved dimensions:  1, 0, 0, 0, 0, 0, 0, 0, 0, 0,
***** info: input gradient collective for layer: mlp_moelayer is finished************
info: no weight grad collective for layer: mlp_moelayer
info: no input grad collective for layer: attention_row
info: no weight grad collective for layer: attention_row
info: no input grad collective for layer: attention_column
info: no weight grad collective for layer: attention_column
info: all-to-all input grad collective issued for layer: mlp_moelayer, involved dimensions:  1, 0, 0, 0, 0, 0, 0, 0, 0, 0,
***** info: input gradient collective for layer: mlp_moelayer is finished************
info: no weight grad collective for layer: mlp_moelayer
info: all-to-all input grad collective issued for layer: mlp_moelayer, involved dimensions:  1, 0, 0, 0, 0, 0, 0, 0, 0, 0,
***** info: input gradient collective for layer: mlp_moelayer is finished************
info: no weight grad collective for layer: mlp_moelayer
info: all-gather input grad collective issued for layer: mlp_moelayer, involved dimensions:  1, 0, 0, 0, 0, 0, 0, 0, 0, 0,
***** info: input gradient collective for layer: mlp_moelayer is finished************
info: no weight grad collective for layer: mlp_moelayer
info: all-gather input grad collective issued for layer: mlp_moelayer, involved dimensions:  1, 0, 0, 0, 0, 0, 0, 0, 0, 0,
***** info: input gradient collective for layer: mlp_moelayer is finished************
info: no weight grad collective for layer: mlp_moelayer
info: all-to-all input grad collective issued for layer: mlp_moelayer, involved dimensions:  1, 0, 0, 0, 0, 0, 0, 0, 0, 0,
***** info: input gradient collective for layer: mlp_moelayer is finished************
info: no weight grad collective for layer: mlp_moelayer
info: all-to-all input grad collective issued for layer: mlp_moelayer, involved dimensions:  1, 0, 0, 0, 0, 0, 0, 0, 0, 0,
***** info: input gradient collective for layer: mlp_moelayer is finished************
info: no weight grad collective for layer: mlp_moelayer
info: all-gather input grad collective issued for layer: mlp_moelayer, involved dimensions:  1, 0, 0, 0, 0, 0, 0, 0, 0, 0,
***** info: input gradient collective for layer: mlp_moelayer is finished************
info: no weight grad collective for layer: mlp_moelayer
info: no input grad collective for layer: attention_row
info: no weight grad collective for layer: attention_row
info: no input grad collective for layer: attention_column
info: no weight grad collective for layer: attention_column
info: all-to-all input grad collective issued for layer: mlp_moelayer, involved dimensions:  1, 0, 0, 0, 0, 0, 0, 0, 0, 0,
***** info: input gradient collective for layer: mlp_moelayer is finished************
info: no weight grad collective for layer: mlp_moelayer
info: all-to-all input grad collective issued for layer: mlp_moelayer, involved dimensions:  1, 0, 0, 0, 0, 0, 0, 0, 0, 0,
***** info: input gradient collective for layer: mlp_moelayer is finished************
info: no weight grad collective for layer: mlp_moelayer
info: all-gather input grad collective issued for layer: mlp_moelayer, involved dimensions:  1, 0, 0, 0, 0, 0, 0, 0, 0, 0,
***** info: input gradient collective for layer: mlp_moelayer is finished************
info: no weight grad collective for layer: mlp_moelayer
info: all-gather input grad collective issued for layer: mlp_moelayer, involved dimensions:  1, 0, 0, 0, 0, 0, 0, 0, 0, 0,
***** info: input gradient collective for layer: mlp_moelayer is finished************
info: no weight grad collective for layer: mlp_moelayer
info: all-to-all input grad collective issued for layer: mlp_moelayer, involved dimensions:  1, 0, 0, 0, 0, 0, 0, 0, 0, 0,
***** info: input gradient collective for layer: mlp_moelayer is finished************
info: no weight grad collective for layer: mlp_moelayer
info: all-to-all input grad collective issued for layer: mlp_moelayer, involved dimensions:  1, 0, 0, 0, 0, 0, 0, 0, 0, 0,
***** info: input gradient collective for layer: mlp_moelayer is finished************
info: no weight grad collective for layer: mlp_moelayer
info: all-gather input grad collective issued for layer: mlp_moelayer, involved dimensions:  1, 0, 0, 0, 0, 0, 0, 0, 0, 0,
***** info: input gradient collective for layer: mlp_moelayer is finished************
info: no weight grad collective for layer: mlp_moelayer
info: no input grad collective for layer: attention_row
info: no weight grad collective for layer: attention_row
info: no input grad collective for layer: attention_column
info: no weight grad collective for layer: attention_column
info: all-to-all input grad collective issued for layer: mlp_moelayer, involved dimensions:  1, 0, 0, 0, 0, 0, 0, 0, 0, 0,
***** info: input gradient collective for layer: mlp_moelayer is finished************
info: no weight grad collective for layer: mlp_moelayer
info: all-to-all input grad collective issued for layer: mlp_moelayer, involved dimensions:  1, 0, 0, 0, 0, 0, 0, 0, 0, 0,
***** info: input gradient collective for layer: mlp_moelayer is finished************
info: no weight grad collective for layer: mlp_moelayer
info: all-gather input grad collective issued for layer: mlp_moelayer, involved dimensions:  1, 0, 0, 0, 0, 0, 0, 0, 0, 0,
***** info: input gradient collective for layer: mlp_moelayer is finished************
info: no weight grad collective for layer: mlp_moelayer
info: all-gather input grad collective issued for layer: mlp_moelayer, involved dimensions:  1, 0, 0, 0, 0, 0, 0, 0, 0, 0,
***** info: input gradient collective for layer: mlp_moelayer is finished************
info: no weight grad collective for layer: mlp_moelayer
info: all-to-all input grad collective issued for layer: mlp_moelayer, involved dimensions:  1, 0, 0, 0, 0, 0, 0, 0, 0, 0,
***** info: input gradient collective for layer: mlp_moelayer is finished************
info: no weight grad collective for layer: mlp_moelayer
info: all-to-all input grad collective issued for layer: mlp_moelayer, involved dimensions:  1, 0, 0, 0, 0, 0, 0, 0, 0, 0,
***** info: input gradient collective for layer: mlp_moelayer is finished************
info: no weight grad collective for layer: mlp_moelayer
info: all-gather input grad collective issued for layer: mlp_moelayer, involved dimensions:  1, 0, 0, 0, 0, 0, 0, 0, 0, 0,
***** info: input gradient collective for layer: mlp_moelayer is finished************
info: no weight grad collective for layer: mlp_moelayer
info: no input grad collective for layer: attention_row
info: no weight grad collective for layer: attention_row
info: no input grad collective for layer: attention_column
info: no weight grad collective for layer: attention_column
info: no input grad collective for layer: embedding_layer
info: no weight grad collective for layer: embedding_layer
info: no input grad collective for layer: grad_norm
info: reduce-scatter weight grad collective issued for layer: grad_norm, involved dimensions:  0, 1, 1, 1, 1, 1, 1, 1, 1, 1,
pass: 0 finished at time: 20272868
DEBUG_SIM_END: Node 1 calling NI->sim_finish()
DEBUG_SIM_FINISH: Entering sim_finish() for rank 1
DEBUG_SIM_FINISH: nodeHash size: 64
DEBUG_SIM_FINISH: Printing per-node statistics:
All data sent from node 0 is 20722401280
All data received by node 0 is 20722401280
All data sent from node 1 is 20722401280
All data received by node 1 is 20722401280
All data sent from node 2 is 1572356096
All data received by node 2 is 1572356096
All data sent from node 3 is 1572356096
All data received by node 3 is 1572356096
All data sent from node 4 is 1572356096
All data received by node 4 is 1572356096
All data sent from node 5 is 1572356096
All data received by node 5 is 1572356096
All data sent from node 6 is 1572356096
All data received by node 6 is 1572356096
All data sent from node 7 is 1572356096
All data received by node 7 is 1572356096
All data sent from node 8 is 1572356096
All data received by node 8 is 1572356096
All data sent from node 9 is 1572356096
All data received by node 9 is 1572356096
All data sent from node 10 is 1572356096
All data received by node 10 is 1572356096
All data sent from node 11 is 1572356096
All data received by node 11 is 1572356096
All data sent from node 12 is 1572356096
All data received by node 12 is 1572356096
All data sent from node 13 is 1572356096
All data received by node 13 is 1572356096
All data sent from node 14 is 1572356096
All data received by node 14 is 1572356096
All data sent from node 15 is 1572356096
All data received by node 15 is 1572356096
All data sent from node 16 is 1572356096
All data received by node 16 is 1572356096
All data sent from node 17 is 1572356096
All data received by node 17 is 1572356096
All data sent from node 18 is 1572356096
All data received by node 18 is 1572356096
All data sent from node 19 is 1572356096
All data received by node 19 is 1572356096
All data sent from node 20 is 1572356096
All data received by node 20 is 1572356096
All data sent from node 21 is 1572356096
All data received by node 21 is 1572356096
All data sent from node 22 is 1572356096
All data received by node 22 is 1572356096
All data sent from node 23 is 1572356096
All data received by node 23 is 1572356096
All data sent from node 24 is 1572356096
All data received by node 24 is 1572356096
All data sent from node 25 is 1572356096
All data received by node 25 is 1572356096
All data sent from node 26 is 1572356096
All data received by node 26 is 1572356096
All data sent from node 27 is 1572356096
All data received by node 27 is 1572356096
All data sent from node 28 is 1572356096
All data received by node 28 is 1572356096
All data sent from node 29 is 1572356096
All data received by node 29 is 1572356096
All data sent from node 30 is 1572356096
All data received by node 30 is 1572356096
All data sent from node 31 is 1572356096
All data received by node 31 is 1572356096
DEBUG_SIM_FINISH: Completed processing in sim_finish(), returning normally
***** info: weight gradient collective for layer: grad_norm is finished************
workload stats for the job scheduled at NPU offset: 0
*******************
Layer id: grad_norm
Total collectives issued for this layer: 2
*************************  Workload stats  ************************* grad_norm
id: grad_norm ,Total cycles spent on fwd pass compute: 1
id: grad_norm ,Total cycles spent on weight grad compute: 1
id: grad_norm ,Total cycles spent on input grad compute: 1
id: grad_norm ,Total cycles spent idle waiting for fwd finish: 1689894
id: grad_norm ,Total cycles spent idle waiting for weight grad finish: 3378629
id: grad_norm ,Total cycles spent idle waiting for input grad finish: 0
id: grad_norm ,Total cycles spent on fwd pass comm: 1689894
id: grad_norm ,Total cycles spent on weight grad comm: 3378630
id: grad_norm ,Total cycles spent on input grad comm: 0
*******************
Layer id: embedding_layer
Total collectives issued for this layer: 0
*************************  Workload stats  ************************* embedding_layer
id: embedding_layer ,Total cycles spent on fwd pass compute: 1
id: embedding_layer ,Total cycles spent on weight grad compute: 1
id: embedding_layer ,Total cycles spent on input grad compute: 1
id: embedding_layer ,Total cycles spent idle waiting for fwd finish: 0
id: embedding_layer ,Total cycles spent idle waiting for weight grad finish: 0
id: embedding_layer ,Total cycles spent idle waiting for input grad finish: 0
id: embedding_layer ,Total cycles spent on fwd pass comm: 0
id: embedding_layer ,Total cycles spent on weight grad comm: 0
id: embedding_layer ,Total cycles spent on input grad comm: 0
*******************
Layer id: attention_column
Total collectives issued for this layer: 1
*************************  Workload stats  ************************* attention_column
id: attention_column ,Total cycles spent on fwd pass compute: 1
id: attention_column ,Total cycles spent on weight grad compute: 1
id: attention_column ,Total cycles spent on input grad compute: 1
id: attention_column ,Total cycles spent idle waiting for fwd finish: 24460
id: attention_column ,Total cycles spent idle waiting for weight grad finish: 0
id: attention_column ,Total cycles spent idle waiting for input grad finish: 0
id: attention_column ,Total cycles spent on fwd pass comm: 24460
id: attention_column ,Total cycles spent on weight grad comm: 0
id: attention_column ,Total cycles spent on input grad comm: 0
*******************
Layer id: attention_row
Total collectives issued for this layer: 1
*************************  Workload stats  ************************* attention_row
id: attention_row ,Total cycles spent on fwd pass compute: 1
id: attention_row ,Total cycles spent on weight grad compute: 1
id: attention_row ,Total cycles spent on input grad compute: 1
id: attention_row ,Total cycles spent idle waiting for fwd finish: 24460
id: attention_row ,Total cycles spent idle waiting for weight grad finish: 0
id: attention_row ,Total cycles spent idle waiting for input grad finish: 0
id: attention_row ,Total cycles spent on fwd pass comm: 24460
id: attention_row ,Total cycles spent on weight grad comm: 0
id: attention_row ,Total cycles spent on input grad comm: 0
*******************
Layer id: mlp_moelayer
Total collectives issued for this layer: 2
*************************  Workload stats  ************************* mlp_moelayer
id: mlp_moelayer ,Total cycles spent on fwd pass compute: 1
id: mlp_moelayer ,Total cycles spent on weight grad compute: 1
id: mlp_moelayer ,Total cycles spent on input grad compute: 1
id: mlp_moelayer ,Total cycles spent idle waiting for fwd finish: 1232
id: mlp_moelayer ,Total cycles spent idle waiting for weight grad finish: 0
id: mlp_moelayer ,Total cycles spent idle waiting for input grad finish: 1232
id: mlp_moelayer ,Total cycles spent on fwd pass comm: 1232
id: mlp_moelayer ,Total cycles spent on weight grad comm: 0
id: mlp_moelayer ,Total cycles spent on input grad comm: 1232
*******************
Layer id: mlp_moelayer
Total collectives issued for this layer: 2
*************************  Workload stats  ************************* mlp_moelayer
id: mlp_moelayer ,Total cycles spent on fwd pass compute: 1
id: mlp_moelayer ,Total cycles spent on weight grad compute: 1
id: mlp_moelayer ,Total cycles spent on input grad compute: 1
id: mlp_moelayer ,Total cycles spent idle waiting for fwd finish: 12810
id: mlp_moelayer ,Total cycles spent idle waiting for weight grad finish: 0
id: mlp_moelayer ,Total cycles spent idle waiting for input grad finish: 12810
id: mlp_moelayer ,Total cycles spent on fwd pass comm: 12810
id: mlp_moelayer ,Total cycles spent on weight grad comm: 0
id: mlp_moelayer ,Total cycles spent on input grad comm: 12810
*******************
Layer id: mlp_moelayer
Total collectives issued for this layer: 2
*************************  Workload stats  ************************* mlp_moelayer
id: mlp_moelayer ,Total cycles spent on fwd pass compute: 1
id: mlp_moelayer ,Total cycles spent on weight grad compute: 1
id: mlp_moelayer ,Total cycles spent on input grad compute: 1
id: mlp_moelayer ,Total cycles spent idle waiting for fwd finish: 47763
id: mlp_moelayer ,Total cycles spent idle waiting for weight grad finish: 0
id: mlp_moelayer ,Total cycles spent idle waiting for input grad finish: 47763
id: mlp_moelayer ,Total cycles spent on fwd pass comm: 47763
id: mlp_moelayer ,Total cycles spent on weight grad comm: 0
id: mlp_moelayer ,Total cycles spent on input grad comm: 47763
*******************
Layer id: mlp_moelayer
Total collectives issued for this layer: 2
*************************  Workload stats  ************************* mlp_moelayer
id: mlp_moelayer ,Total cycles spent on fwd pass compute: 1
id: mlp_moelayer ,Total cycles spent on weight grad compute: 1
id: mlp_moelayer ,Total cycles spent on input grad compute: 1
id: mlp_moelayer ,Total cycles spent idle waiting for fwd finish: 47762
id: mlp_moelayer ,Total cycles spent idle waiting for weight grad finish: 0
id: mlp_moelayer ,Total cycles spent idle waiting for input grad finish: 94366
id: mlp_moelayer ,Total cycles spent on fwd pass comm: 47762
id: mlp_moelayer ,Total cycles spent on weight grad comm: 0
id: mlp_moelayer ,Total cycles spent on input grad comm: 94366
*******************
Layer id: mlp_moelayer
Total collectives issued for this layer: 2
*************************  Workload stats  ************************* mlp_moelayer
id: mlp_moelayer ,Total cycles spent on fwd pass compute: 1
id: mlp_moelayer ,Total cycles spent on weight grad compute: 1
id: mlp_moelayer ,Total cycles spent on input grad compute: 1
id: mlp_moelayer ,Total cycles spent idle waiting for fwd finish: 47762
id: mlp_moelayer ,Total cycles spent idle waiting for weight grad finish: 0
id: mlp_moelayer ,Total cycles spent idle waiting for input grad finish: 47762
id: mlp_moelayer ,Total cycles spent on fwd pass comm: 47762
id: mlp_moelayer ,Total cycles spent on weight grad comm: 0
id: mlp_moelayer ,Total cycles spent on input grad comm: 47762
*******************
Layer id: mlp_moelayer
Total collectives issued for this layer: 2
*************************  Workload stats  ************************* mlp_moelayer
id: mlp_moelayer ,Total cycles spent on fwd pass compute: 1
id: mlp_moelayer ,Total cycles spent on weight grad compute: 1
id: mlp_moelayer ,Total cycles spent on input grad compute: 1
id: mlp_moelayer ,Total cycles spent idle waiting for fwd finish: 47763
id: mlp_moelayer ,Total cycles spent idle waiting for weight grad finish: 0
id: mlp_moelayer ,Total cycles spent idle waiting for input grad finish: 47763
id: mlp_moelayer ,Total cycles spent on fwd pass comm: 47763
id: mlp_moelayer ,Total cycles spent on weight grad comm: 0
id: mlp_moelayer ,Total cycles spent on input grad comm: 47763
*******************
Layer id: mlp_moelayer
Total collectives issued for this layer: 2
*************************  Workload stats  ************************* mlp_moelayer
id: mlp_moelayer ,Total cycles spent on fwd pass compute: 1
id: mlp_moelayer ,Total cycles spent on weight grad compute: 1
id: mlp_moelayer ,Total cycles spent on input grad compute: 1
id: mlp_moelayer ,Total cycles spent idle waiting for fwd finish: 12810
id: mlp_moelayer ,Total cycles spent idle waiting for weight grad finish: 0
id: mlp_moelayer ,Total cycles spent idle waiting for input grad finish: 12810
id: mlp_moelayer ,Total cycles spent on fwd pass comm: 12810
id: mlp_moelayer ,Total cycles spent on weight grad comm: 0
id: mlp_moelayer ,Total cycles spent on input grad comm: 12810
*******************
Layer id: attention_column
Total collectives issued for this layer: 1
*************************  Workload stats  ************************* attention_column
id: attention_column ,Total cycles spent on fwd pass compute: 1
id: attention_column ,Total cycles spent on weight grad compute: 1
id: attention_column ,Total cycles spent on input grad compute: 1
id: attention_column ,Total cycles spent idle waiting for fwd finish: 24460
id: attention_column ,Total cycles spent idle waiting for weight grad finish: 0
id: attention_column ,Total cycles spent idle waiting for input grad finish: 0
id: attention_column ,Total cycles spent on fwd pass comm: 24460
id: attention_column ,Total cycles spent on weight grad comm: 0
id: attention_column ,Total cycles spent on input grad comm: 0
*******************
Layer id: attention_row
Total collectives issued for this layer: 1
*************************  Workload stats  ************************* attention_row
id: attention_row ,Total cycles spent on fwd pass compute: 1
id: attention_row ,Total cycles spent on weight grad compute: 1
id: attention_row ,Total cycles spent on input grad compute: 1
id: attention_row ,Total cycles spent idle waiting for fwd finish: 24460
id: attention_row ,Total cycles spent idle waiting for weight grad finish: 0
id: attention_row ,Total cycles spent idle waiting for input grad finish: 0
id: attention_row ,Total cycles spent on fwd pass comm: 24460
id: attention_row ,Total cycles spent on weight grad comm: 0
id: attention_row ,Total cycles spent on input grad comm: 0
*******************
Layer id: mlp_moelayer
Total collectives issued for this layer: 2
*************************  Workload stats  ************************* mlp_moelayer
id: mlp_moelayer ,Total cycles spent on fwd pass compute: 1
id: mlp_moelayer ,Total cycles spent on weight grad compute: 1
id: mlp_moelayer ,Total cycles spent on input grad compute: 1
id: mlp_moelayer ,Total cycles spent idle waiting for fwd finish: 1232
id: mlp_moelayer ,Total cycles spent idle waiting for weight grad finish: 0
id: mlp_moelayer ,Total cycles spent idle waiting for input grad finish: 1232
id: mlp_moelayer ,Total cycles spent on fwd pass comm: 1232
id: mlp_moelayer ,Total cycles spent on weight grad comm: 0
id: mlp_moelayer ,Total cycles spent on input grad comm: 1232
*******************
Layer id: mlp_moelayer
Total collectives issued for this layer: 2
*************************  Workload stats  ************************* mlp_moelayer
id: mlp_moelayer ,Total cycles spent on fwd pass compute: 1
id: mlp_moelayer ,Total cycles spent on weight grad compute: 1
id: mlp_moelayer ,Total cycles spent on input grad compute: 1
id: mlp_moelayer ,Total cycles spent idle waiting for fwd finish: 12810
id: mlp_moelayer ,Total cycles spent idle waiting for weight grad finish: 0
id: mlp_moelayer ,Total cycles spent idle waiting for input grad finish: 12810
id: mlp_moelayer ,Total cycles spent on fwd pass comm: 12810
id: mlp_moelayer ,Total cycles spent on weight grad comm: 0
id: mlp_moelayer ,Total cycles spent on input grad comm: 12810
*******************
Layer id: mlp_moelayer
Total collectives issued for this layer: 2
*************************  Workload stats  ************************* mlp_moelayer
id: mlp_moelayer ,Total cycles spent on fwd pass compute: 1
id: mlp_moelayer ,Total cycles spent on weight grad compute: 1
id: mlp_moelayer ,Total cycles spent on input grad compute: 1
id: mlp_moelayer ,Total cycles spent idle waiting for fwd finish: 47763
id: mlp_moelayer ,Total cycles spent idle waiting for weight grad finish: 0
id: mlp_moelayer ,Total cycles spent idle waiting for input grad finish: 47763
id: mlp_moelayer ,Total cycles spent on fwd pass comm: 47763
id: mlp_moelayer ,Total cycles spent on weight grad comm: 0
id: mlp_moelayer ,Total cycles spent on input grad comm: 47763
*******************
Layer id: mlp_moelayer
Total collectives issued for this layer: 2
*************************  Workload stats  ************************* mlp_moelayer
id: mlp_moelayer ,Total cycles spent on fwd pass compute: 1
id: mlp_moelayer ,Total cycles spent on weight grad compute: 1
id: mlp_moelayer ,Total cycles spent on input grad compute: 1
id: mlp_moelayer ,Total cycles spent idle waiting for fwd finish: 47762
id: mlp_moelayer ,Total cycles spent idle waiting for weight grad finish: 0
id: mlp_moelayer ,Total cycles spent idle waiting for input grad finish: 94366
id: mlp_moelayer ,Total cycles spent on fwd pass comm: 47762
id: mlp_moelayer ,Total cycles spent on weight grad comm: 0
id: mlp_moelayer ,Total cycles spent on input grad comm: 94366
*******************
Layer id: mlp_moelayer
Total collectives issued for this layer: 2
*************************  Workload stats  ************************* mlp_moelayer
id: mlp_moelayer ,Total cycles spent on fwd pass compute: 1
id: mlp_moelayer ,Total cycles spent on weight grad compute: 1
id: mlp_moelayer ,Total cycles spent on input grad compute: 1
id: mlp_moelayer ,Total cycles spent idle waiting for fwd finish: 47762
id: mlp_moelayer ,Total cycles spent idle waiting for weight grad finish: 0
id: mlp_moelayer ,Total cycles spent idle waiting for input grad finish: 47762
id: mlp_moelayer ,Total cycles spent on fwd pass comm: 47762
id: mlp_moelayer ,Total cycles spent on weight grad comm: 0
id: mlp_moelayer ,Total cycles spent on input grad comm: 47762
*******************
Layer id: mlp_moelayer
Total collectives issued for this layer: 2
*************************  Workload stats  ************************* mlp_moelayer
id: mlp_moelayer ,Total cycles spent on fwd pass compute: 1
id: mlp_moelayer ,Total cycles spent on weight grad compute: 1
id: mlp_moelayer ,Total cycles spent on input grad compute: 1
id: mlp_moelayer ,Total cycles spent idle waiting for fwd finish: 47763
id: mlp_moelayer ,Total cycles spent idle waiting for weight grad finish: 0
id: mlp_moelayer ,Total cycles spent idle waiting for input grad finish: 47763
id: mlp_moelayer ,Total cycles spent on fwd pass comm: 47763
id: mlp_moelayer ,Total cycles spent on weight grad comm: 0
id: mlp_moelayer ,Total cycles spent on input grad comm: 47763
*******************
Layer id: mlp_moelayer
Total collectives issued for this layer: 2
*************************  Workload stats  ************************* mlp_moelayer
id: mlp_moelayer ,Total cycles spent on fwd pass compute: 1
id: mlp_moelayer ,Total cycles spent on weight grad compute: 1
id: mlp_moelayer ,Total cycles spent on input grad compute: 1
id: mlp_moelayer ,Total cycles spent idle waiting for fwd finish: 12810
id: mlp_moelayer ,Total cycles spent idle waiting for weight grad finish: 0
id: mlp_moelayer ,Total cycles spent idle waiting for input grad finish: 12810
id: mlp_moelayer ,Total cycles spent on fwd pass comm: 12810
id: mlp_moelayer ,Total cycles spent on weight grad comm: 0
id: mlp_moelayer ,Total cycles spent on input grad comm: 12810
*******************
Layer id: attention_column
Total collectives issued for this layer: 1
*************************  Workload stats  ************************* attention_column
id: attention_column ,Total cycles spent on fwd pass compute: 1
id: attention_column ,Total cycles spent on weight grad compute: 1
id: attention_column ,Total cycles spent on input grad compute: 1
id: attention_column ,Total cycles spent idle waiting for fwd finish: 24460
id: attention_column ,Total cycles spent idle waiting for weight grad finish: 0
id: attention_column ,Total cycles spent idle waiting for input grad finish: 0
id: attention_column ,Total cycles spent on fwd pass comm: 24460
id: attention_column ,Total cycles spent on weight grad comm: 0
id: attention_column ,Total cycles spent on input grad comm: 0
*******************
Layer id: attention_row
Total collectives issued for this layer: 1
*************************  Workload stats  ************************* attention_row
id: attention_row ,Total cycles spent on fwd pass compute: 1
id: attention_row ,Total cycles spent on weight grad compute: 1
id: attention_row ,Total cycles spent on input grad compute: 1
id: attention_row ,Total cycles spent idle waiting for fwd finish: 24460
id: attention_row ,Total cycles spent idle waiting for weight grad finish: 0
id: attention_row ,Total cycles spent idle waiting for input grad finish: 0
id: attention_row ,Total cycles spent on fwd pass comm: 24460
id: attention_row ,Total cycles spent on weight grad comm: 0
id: attention_row ,Total cycles spent on input grad comm: 0
*******************
Layer id: mlp_moelayer
Total collectives issued for this layer: 2
*************************  Workload stats  ************************* mlp_moelayer
id: mlp_moelayer ,Total cycles spent on fwd pass compute: 1
id: mlp_moelayer ,Total cycles spent on weight grad compute: 1
id: mlp_moelayer ,Total cycles spent on input grad compute: 1
id: mlp_moelayer ,Total cycles spent idle waiting for fwd finish: 1232
id: mlp_moelayer ,Total cycles spent idle waiting for weight grad finish: 0
id: mlp_moelayer ,Total cycles spent idle waiting for input grad finish: 1232
id: mlp_moelayer ,Total cycles spent on fwd pass comm: 1232
id: mlp_moelayer ,Total cycles spent on weight grad comm: 0
id: mlp_moelayer ,Total cycles spent on input grad comm: 1232
*******************
Layer id: mlp_moelayer
Total collectives issued for this layer: 2
*************************  Workload stats  ************************* mlp_moelayer
id: mlp_moelayer ,Total cycles spent on fwd pass compute: 1
id: mlp_moelayer ,Total cycles spent on weight grad compute: 1
id: mlp_moelayer ,Total cycles spent on input grad compute: 1
id: mlp_moelayer ,Total cycles spent idle waiting for fwd finish: 12810
id: mlp_moelayer ,Total cycles spent idle waiting for weight grad finish: 0
id: mlp_moelayer ,Total cycles spent idle waiting for input grad finish: 12810
id: mlp_moelayer ,Total cycles spent on fwd pass comm: 12810
id: mlp_moelayer ,Total cycles spent on weight grad comm: 0
id: mlp_moelayer ,Total cycles spent on input grad comm: 12810
*******************
Layer id: mlp_moelayer
Total collectives issued for this layer: 2
*************************  Workload stats  ************************* mlp_moelayer
id: mlp_moelayer ,Total cycles spent on fwd pass compute: 1
id: mlp_moelayer ,Total cycles spent on weight grad compute: 1
id: mlp_moelayer ,Total cycles spent on input grad compute: 1
id: mlp_moelayer ,Total cycles spent idle waiting for fwd finish: 47763
id: mlp_moelayer ,Total cycles spent idle waiting for weight grad finish: 0
id: mlp_moelayer ,Total cycles spent idle waiting for input grad finish: 47763
id: mlp_moelayer ,Total cycles spent on fwd pass comm: 47763
id: mlp_moelayer ,Total cycles spent on weight grad comm: 0
id: mlp_moelayer ,Total cycles spent on input grad comm: 47763
*******************
Layer id: mlp_moelayer
Total collectives issued for this layer: 2
*************************  Workload stats  ************************* mlp_moelayer
id: mlp_moelayer ,Total cycles spent on fwd pass compute: 1
id: mlp_moelayer ,Total cycles spent on weight grad compute: 1
id: mlp_moelayer ,Total cycles spent on input grad compute: 1
id: mlp_moelayer ,Total cycles spent idle waiting for fwd finish: 47762
id: mlp_moelayer ,Total cycles spent idle waiting for weight grad finish: 0
id: mlp_moelayer ,Total cycles spent idle waiting for input grad finish: 94366
id: mlp_moelayer ,Total cycles spent on fwd pass comm: 47762
id: mlp_moelayer ,Total cycles spent on weight grad comm: 0
id: mlp_moelayer ,Total cycles spent on input grad comm: 94366
*******************
Layer id: mlp_moelayer
Total collectives issued for this layer: 2
*************************  Workload stats  ************************* mlp_moelayer
id: mlp_moelayer ,Total cycles spent on fwd pass compute: 1
id: mlp_moelayer ,Total cycles spent on weight grad compute: 1
id: mlp_moelayer ,Total cycles spent on input grad compute: 1
id: mlp_moelayer ,Total cycles spent idle waiting for fwd finish: 47762
id: mlp_moelayer ,Total cycles spent idle waiting for weight grad finish: 0
id: mlp_moelayer ,Total cycles spent idle waiting for input grad finish: 47762
id: mlp_moelayer ,Total cycles spent on fwd pass comm: 47762
id: mlp_moelayer ,Total cycles spent on weight grad comm: 0
id: mlp_moelayer ,Total cycles spent on input grad comm: 47762
*******************
Layer id: mlp_moelayer
Total collectives issued for this layer: 2
*************************  Workload stats  ************************* mlp_moelayer
id: mlp_moelayer ,Total cycles spent on fwd pass compute: 1
id: mlp_moelayer ,Total cycles spent on weight grad compute: 1
id: mlp_moelayer ,Total cycles spent on input grad compute: 1
id: mlp_moelayer ,Total cycles spent idle waiting for fwd finish: 47763
id: mlp_moelayer ,Total cycles spent idle waiting for weight grad finish: 0
id: mlp_moelayer ,Total cycles spent idle waiting for input grad finish: 47763
id: mlp_moelayer ,Total cycles spent on fwd pass comm: 47763
id: mlp_moelayer ,Total cycles spent on weight grad comm: 0
id: mlp_moelayer ,Total cycles spent on input grad comm: 47763
*******************
Layer id: mlp_moelayer
Total collectives issued for this layer: 2
*************************  Workload stats  ************************* mlp_moelayer
id: mlp_moelayer ,Total cycles spent on fwd pass compute: 1
id: mlp_moelayer ,Total cycles spent on weight grad compute: 1
id: mlp_moelayer ,Total cycles spent on input grad compute: 1
id: mlp_moelayer ,Total cycles spent idle waiting for fwd finish: 12810
id: mlp_moelayer ,Total cycles spent idle waiting for weight grad finish: 0
id: mlp_moelayer ,Total cycles spent idle waiting for input grad finish: 12810
id: mlp_moelayer ,Total cycles spent on fwd pass comm: 12810
id: mlp_moelayer ,Total cycles spent on weight grad comm: 0
id: mlp_moelayer ,Total cycles spent on input grad comm: 12810
*******************
Layer id: attention_column
Total collectives issued for this layer: 1
*************************  Workload stats  ************************* attention_column
id: attention_column ,Total cycles spent on fwd pass compute: 1
id: attention_column ,Total cycles spent on weight grad compute: 1
id: attention_column ,Total cycles spent on input grad compute: 1
id: attention_column ,Total cycles spent idle waiting for fwd finish: 24460
id: attention_column ,Total cycles spent idle waiting for weight grad finish: 0
id: attention_column ,Total cycles spent idle waiting for input grad finish: 0
id: attention_column ,Total cycles spent on fwd pass comm: 24460
id: attention_column ,Total cycles spent on weight grad comm: 0
id: attention_column ,Total cycles spent on input grad comm: 0
*******************
Layer id: attention_row
Total collectives issued for this layer: 1
*************************  Workload stats  ************************* attention_row
id: attention_row ,Total cycles spent on fwd pass compute: 1
id: attention_row ,Total cycles spent on weight grad compute: 1
id: attention_row ,Total cycles spent on input grad compute: 1
id: attention_row ,Total cycles spent idle waiting for fwd finish: 24460
id: attention_row ,Total cycles spent idle waiting for weight grad finish: 0
id: attention_row ,Total cycles spent idle waiting for input grad finish: 0
id: attention_row ,Total cycles spent on fwd pass comm: 24460
id: attention_row ,Total cycles spent on weight grad comm: 0
id: attention_row ,Total cycles spent on input grad comm: 0
*******************
Layer id: mlp_moelayer
Total collectives issued for this layer: 2
*************************  Workload stats  ************************* mlp_moelayer
id: mlp_moelayer ,Total cycles spent on fwd pass compute: 1
id: mlp_moelayer ,Total cycles spent on weight grad compute: 1
id: mlp_moelayer ,Total cycles spent on input grad compute: 1
id: mlp_moelayer ,Total cycles spent idle waiting for fwd finish: 1232
id: mlp_moelayer ,Total cycles spent idle waiting for weight grad finish: 0
id: mlp_moelayer ,Total cycles spent idle waiting for input grad finish: 1232
id: mlp_moelayer ,Total cycles spent on fwd pass comm: 1232
id: mlp_moelayer ,Total cycles spent on weight grad comm: 0
id: mlp_moelayer ,Total cycles spent on input grad comm: 1232
*******************
Layer id: mlp_moelayer
Total collectives issued for this layer: 2
*************************  Workload stats  ************************* mlp_moelayer
id: mlp_moelayer ,Total cycles spent on fwd pass compute: 1
id: mlp_moelayer ,Total cycles spent on weight grad compute: 1
id: mlp_moelayer ,Total cycles spent on input grad compute: 1
id: mlp_moelayer ,Total cycles spent idle waiting for fwd finish: 12810
id: mlp_moelayer ,Total cycles spent idle waiting for weight grad finish: 0
id: mlp_moelayer ,Total cycles spent idle waiting for input grad finish: 12810
id: mlp_moelayer ,Total cycles spent on fwd pass comm: 12810
id: mlp_moelayer ,Total cycles spent on weight grad comm: 0
id: mlp_moelayer ,Total cycles spent on input grad comm: 12810
*******************
Layer id: mlp_moelayer
Total collectives issued for this layer: 2
*************************  Workload stats  ************************* mlp_moelayer
id: mlp_moelayer ,Total cycles spent on fwd pass compute: 1
id: mlp_moelayer ,Total cycles spent on weight grad compute: 1
id: mlp_moelayer ,Total cycles spent on input grad compute: 1
id: mlp_moelayer ,Total cycles spent idle waiting for fwd finish: 47763
id: mlp_moelayer ,Total cycles spent idle waiting for weight grad finish: 0
id: mlp_moelayer ,Total cycles spent idle waiting for input grad finish: 47763
id: mlp_moelayer ,Total cycles spent on fwd pass comm: 47763
id: mlp_moelayer ,Total cycles spent on weight grad comm: 0
id: mlp_moelayer ,Total cycles spent on input grad comm: 47763
*******************
Layer id: mlp_moelayer
Total collectives issued for this layer: 2
*************************  Workload stats  ************************* mlp_moelayer
id: mlp_moelayer ,Total cycles spent on fwd pass compute: 1
id: mlp_moelayer ,Total cycles spent on weight grad compute: 1
id: mlp_moelayer ,Total cycles spent on input grad compute: 1
id: mlp_moelayer ,Total cycles spent idle waiting for fwd finish: 47762
id: mlp_moelayer ,Total cycles spent idle waiting for weight grad finish: 0
id: mlp_moelayer ,Total cycles spent idle waiting for input grad finish: 94366
id: mlp_moelayer ,Total cycles spent on fwd pass comm: 47762
id: mlp_moelayer ,Total cycles spent on weight grad comm: 0
id: mlp_moelayer ,Total cycles spent on input grad comm: 94366
*******************
Layer id: mlp_moelayer
Total collectives issued for this layer: 2
*************************  Workload stats  ************************* mlp_moelayer
id: mlp_moelayer ,Total cycles spent on fwd pass compute: 1
id: mlp_moelayer ,Total cycles spent on weight grad compute: 1
id: mlp_moelayer ,Total cycles spent on input grad compute: 1
id: mlp_moelayer ,Total cycles spent idle waiting for fwd finish: 47762
id: mlp_moelayer ,Total cycles spent idle waiting for weight grad finish: 0
id: mlp_moelayer ,Total cycles spent idle waiting for input grad finish: 47762
id: mlp_moelayer ,Total cycles spent on fwd pass comm: 47762
id: mlp_moelayer ,Total cycles spent on weight grad comm: 0
id: mlp_moelayer ,Total cycles spent on input grad comm: 47762
*******************
Layer id: mlp_moelayer
Total collectives issued for this layer: 2
*************************  Workload stats  ************************* mlp_moelayer
id: mlp_moelayer ,Total cycles spent on fwd pass compute: 1
id: mlp_moelayer ,Total cycles spent on weight grad compute: 1
id: mlp_moelayer ,Total cycles spent on input grad compute: 1
id: mlp_moelayer ,Total cycles spent idle waiting for fwd finish: 47763
id: mlp_moelayer ,Total cycles spent idle waiting for weight grad finish: 0
id: mlp_moelayer ,Total cycles spent idle waiting for input grad finish: 47763
id: mlp_moelayer ,Total cycles spent on fwd pass comm: 47763
id: mlp_moelayer ,Total cycles spent on weight grad comm: 0
id: mlp_moelayer ,Total cycles spent on input grad comm: 47763
*******************
Layer id: mlp_moelayer
Total collectives issued for this layer: 2
*************************  Workload stats  ************************* mlp_moelayer
id: mlp_moelayer ,Total cycles spent on fwd pass compute: 1
id: mlp_moelayer ,Total cycles spent on weight grad compute: 1
id: mlp_moelayer ,Total cycles spent on input grad compute: 1
id: mlp_moelayer ,Total cycles spent idle waiting for fwd finish: 12810
id: mlp_moelayer ,Total cycles spent idle waiting for weight grad finish: 0
id: mlp_moelayer ,Total cycles spent idle waiting for input grad finish: 12810
id: mlp_moelayer ,Total cycles spent on fwd pass comm: 12810
id: mlp_moelayer ,Total cycles spent on weight grad comm: 0
id: mlp_moelayer ,Total cycles spent on input grad comm: 12810
*******************
Layer id: attention_column
Total collectives issued for this layer: 1
*************************  Workload stats  ************************* attention_column
id: attention_column ,Total cycles spent on fwd pass compute: 1
id: attention_column ,Total cycles spent on weight grad compute: 1
id: attention_column ,Total cycles spent on input grad compute: 1
id: attention_column ,Total cycles spent idle waiting for fwd finish: 24460
id: attention_column ,Total cycles spent idle waiting for weight grad finish: 0
id: attention_column ,Total cycles spent idle waiting for input grad finish: 0
id: attention_column ,Total cycles spent on fwd pass comm: 24460
id: attention_column ,Total cycles spent on weight grad comm: 0
id: attention_column ,Total cycles spent on input grad comm: 0
*******************
Layer id: attention_row
Total collectives issued for this layer: 1
*************************  Workload stats  ************************* attention_row
id: attention_row ,Total cycles spent on fwd pass compute: 1
id: attention_row ,Total cycles spent on weight grad compute: 1
id: attention_row ,Total cycles spent on input grad compute: 1
id: attention_row ,Total cycles spent idle waiting for fwd finish: 24460
id: attention_row ,Total cycles spent idle waiting for weight grad finish: 0
id: attention_row ,Total cycles spent idle waiting for input grad finish: 0
id: attention_row ,Total cycles spent on fwd pass comm: 24460
id: attention_row ,Total cycles spent on weight grad comm: 0
id: attention_row ,Total cycles spent on input grad comm: 0
*******************
Layer id: mlp_moelayer
Total collectives issued for this layer: 2
*************************  Workload stats  ************************* mlp_moelayer
id: mlp_moelayer ,Total cycles spent on fwd pass compute: 1
id: mlp_moelayer ,Total cycles spent on weight grad compute: 1
id: mlp_moelayer ,Total cycles spent on input grad compute: 1
id: mlp_moelayer ,Total cycles spent idle waiting for fwd finish: 1232
id: mlp_moelayer ,Total cycles spent idle waiting for weight grad finish: 0
id: mlp_moelayer ,Total cycles spent idle waiting for input grad finish: 1232
id: mlp_moelayer ,Total cycles spent on fwd pass comm: 1232
id: mlp_moelayer ,Total cycles spent on weight grad comm: 0
id: mlp_moelayer ,Total cycles spent on input grad comm: 1232
*******************
Layer id: mlp_moelayer
Total collectives issued for this layer: 2
*************************  Workload stats  ************************* mlp_moelayer
id: mlp_moelayer ,Total cycles spent on fwd pass compute: 1
id: mlp_moelayer ,Total cycles spent on weight grad compute: 1
id: mlp_moelayer ,Total cycles spent on input grad compute: 1
id: mlp_moelayer ,Total cycles spent idle waiting for fwd finish: 12810
id: mlp_moelayer ,Total cycles spent idle waiting for weight grad finish: 0
id: mlp_moelayer ,Total cycles spent idle waiting for input grad finish: 12810
id: mlp_moelayer ,Total cycles spent on fwd pass comm: 12810
id: mlp_moelayer ,Total cycles spent on weight grad comm: 0
id: mlp_moelayer ,Total cycles spent on input grad comm: 12810
*******************
Layer id: mlp_moelayer
Total collectives issued for this layer: 2
*************************  Workload stats  ************************* mlp_moelayer
id: mlp_moelayer ,Total cycles spent on fwd pass compute: 1
id: mlp_moelayer ,Total cycles spent on weight grad compute: 1
id: mlp_moelayer ,Total cycles spent on input grad compute: 1
id: mlp_moelayer ,Total cycles spent idle waiting for fwd finish: 47763
id: mlp_moelayer ,Total cycles spent idle waiting for weight grad finish: 0
id: mlp_moelayer ,Total cycles spent idle waiting for input grad finish: 47763
id: mlp_moelayer ,Total cycles spent on fwd pass comm: 47763
id: mlp_moelayer ,Total cycles spent on weight grad comm: 0
id: mlp_moelayer ,Total cycles spent on input grad comm: 47763
*******************
Layer id: mlp_moelayer
Total collectives issued for this layer: 2
*************************  Workload stats  ************************* mlp_moelayer
id: mlp_moelayer ,Total cycles spent on fwd pass compute: 1
id: mlp_moelayer ,Total cycles spent on weight grad compute: 1
id: mlp_moelayer ,Total cycles spent on input grad compute: 1
id: mlp_moelayer ,Total cycles spent idle waiting for fwd finish: 47762
id: mlp_moelayer ,Total cycles spent idle waiting for weight grad finish: 0
id: mlp_moelayer ,Total cycles spent idle waiting for input grad finish: 94366
id: mlp_moelayer ,Total cycles spent on fwd pass comm: 47762
id: mlp_moelayer ,Total cycles spent on weight grad comm: 0
id: mlp_moelayer ,Total cycles spent on input grad comm: 94366
*******************
Layer id: mlp_moelayer
Total collectives issued for this layer: 2
*************************  Workload stats  ************************* mlp_moelayer
id: mlp_moelayer ,Total cycles spent on fwd pass compute: 1
id: mlp_moelayer ,Total cycles spent on weight grad compute: 1
id: mlp_moelayer ,Total cycles spent on input grad compute: 1
id: mlp_moelayer ,Total cycles spent idle waiting for fwd finish: 47762
id: mlp_moelayer ,Total cycles spent idle waiting for weight grad finish: 0
id: mlp_moelayer ,Total cycles spent idle waiting for input grad finish: 47762
id: mlp_moelayer ,Total cycles spent on fwd pass comm: 47762
id: mlp_moelayer ,Total cycles spent on weight grad comm: 0
id: mlp_moelayer ,Total cycles spent on input grad comm: 47762
*******************
Layer id: mlp_moelayer
Total collectives issued for this layer: 2
*************************  Workload stats  ************************* mlp_moelayer
id: mlp_moelayer ,Total cycles spent on fwd pass compute: 1
id: mlp_moelayer ,Total cycles spent on weight grad compute: 1
id: mlp_moelayer ,Total cycles spent on input grad compute: 1
id: mlp_moelayer ,Total cycles spent idle waiting for fwd finish: 47763
id: mlp_moelayer ,Total cycles spent idle waiting for weight grad finish: 0
id: mlp_moelayer ,Total cycles spent idle waiting for input grad finish: 47763
id: mlp_moelayer ,Total cycles spent on fwd pass comm: 47763
id: mlp_moelayer ,Total cycles spent on weight grad comm: 0
id: mlp_moelayer ,Total cycles spent on input grad comm: 47763
*******************
Layer id: mlp_moelayer
Total collectives issued for this layer: 2
*************************  Workload stats  ************************* mlp_moelayer
id: mlp_moelayer ,Total cycles spent on fwd pass compute: 1
id: mlp_moelayer ,Total cycles spent on weight grad compute: 1
id: mlp_moelayer ,Total cycles spent on input grad compute: 1
id: mlp_moelayer ,Total cycles spent idle waiting for fwd finish: 12810
id: mlp_moelayer ,Total cycles spent idle waiting for weight grad finish: 0
id: mlp_moelayer ,Total cycles spent idle waiting for input grad finish: 12810
id: mlp_moelayer ,Total cycles spent on fwd pass comm: 12810
id: mlp_moelayer ,Total cycles spent on weight grad comm: 0
id: mlp_moelayer ,Total cycles spent on input grad comm: 12810
*******************
Layer id: attention_column
Total collectives issued for this layer: 1
*************************  Workload stats  ************************* attention_column
id: attention_column ,Total cycles spent on fwd pass compute: 1
id: attention_column ,Total cycles spent on weight grad compute: 1
id: attention_column ,Total cycles spent on input grad compute: 1
id: attention_column ,Total cycles spent idle waiting for fwd finish: 24460
id: attention_column ,Total cycles spent idle waiting for weight grad finish: 0
id: attention_column ,Total cycles spent idle waiting for input grad finish: 0
id: attention_column ,Total cycles spent on fwd pass comm: 24460
id: attention_column ,Total cycles spent on weight grad comm: 0
id: attention_column ,Total cycles spent on input grad comm: 0
*******************
Layer id: attention_row
Total collectives issued for this layer: 1
*************************  Workload stats  ************************* attention_row
id: attention_row ,Total cycles spent on fwd pass compute: 1
id: attention_row ,Total cycles spent on weight grad compute: 1
id: attention_row ,Total cycles spent on input grad compute: 1
id: attention_row ,Total cycles spent idle waiting for fwd finish: 24460
id: attention_row ,Total cycles spent idle waiting for weight grad finish: 0
id: attention_row ,Total cycles spent idle waiting for input grad finish: 0
id: attention_row ,Total cycles spent on fwd pass comm: 24460
id: attention_row ,Total cycles spent on weight grad comm: 0
id: attention_row ,Total cycles spent on input grad comm: 0
*******************
Layer id: mlp_moelayer
Total collectives issued for this layer: 2
*************************  Workload stats  ************************* mlp_moelayer
id: mlp_moelayer ,Total cycles spent on fwd pass compute: 1
id: mlp_moelayer ,Total cycles spent on weight grad compute: 1
id: mlp_moelayer ,Total cycles spent on input grad compute: 1
id: mlp_moelayer ,Total cycles spent idle waiting for fwd finish: 1232
id: mlp_moelayer ,Total cycles spent idle waiting for weight grad finish: 0
id: mlp_moelayer ,Total cycles spent idle waiting for input grad finish: 1232
id: mlp_moelayer ,Total cycles spent on fwd pass comm: 1232
id: mlp_moelayer ,Total cycles spent on weight grad comm: 0
id: mlp_moelayer ,Total cycles spent on input grad comm: 1232
*******************
Layer id: mlp_moelayer
Total collectives issued for this layer: 2
*************************  Workload stats  ************************* mlp_moelayer
id: mlp_moelayer ,Total cycles spent on fwd pass compute: 1
id: mlp_moelayer ,Total cycles spent on weight grad compute: 1
id: mlp_moelayer ,Total cycles spent on input grad compute: 1
id: mlp_moelayer ,Total cycles spent idle waiting for fwd finish: 12810
id: mlp_moelayer ,Total cycles spent idle waiting for weight grad finish: 0
id: mlp_moelayer ,Total cycles spent idle waiting for input grad finish: 12810
id: mlp_moelayer ,Total cycles spent on fwd pass comm: 12810
id: mlp_moelayer ,Total cycles spent on weight grad comm: 0
id: mlp_moelayer ,Total cycles spent on input grad comm: 12810
*******************
Layer id: mlp_moelayer
Total collectives issued for this layer: 2
*************************  Workload stats  ************************* mlp_moelayer
id: mlp_moelayer ,Total cycles spent on fwd pass compute: 1
id: mlp_moelayer ,Total cycles spent on weight grad compute: 1
id: mlp_moelayer ,Total cycles spent on input grad compute: 1
id: mlp_moelayer ,Total cycles spent idle waiting for fwd finish: 47763
id: mlp_moelayer ,Total cycles spent idle waiting for weight grad finish: 0
id: mlp_moelayer ,Total cycles spent idle waiting for input grad finish: 47763
id: mlp_moelayer ,Total cycles spent on fwd pass comm: 47763
id: mlp_moelayer ,Total cycles spent on weight grad comm: 0
id: mlp_moelayer ,Total cycles spent on input grad comm: 47763
*******************
Layer id: mlp_moelayer
Total collectives issued for this layer: 2
*************************  Workload stats  ************************* mlp_moelayer
id: mlp_moelayer ,Total cycles spent on fwd pass compute: 1
id: mlp_moelayer ,Total cycles spent on weight grad compute: 1
id: mlp_moelayer ,Total cycles spent on input grad compute: 1
id: mlp_moelayer ,Total cycles spent idle waiting for fwd finish: 47762
id: mlp_moelayer ,Total cycles spent idle waiting for weight grad finish: 0
id: mlp_moelayer ,Total cycles spent idle waiting for input grad finish: 94366
id: mlp_moelayer ,Total cycles spent on fwd pass comm: 47762
id: mlp_moelayer ,Total cycles spent on weight grad comm: 0
id: mlp_moelayer ,Total cycles spent on input grad comm: 94366
*******************
Layer id: mlp_moelayer
Total collectives issued for this layer: 2
*************************  Workload stats  ************************* mlp_moelayer
id: mlp_moelayer ,Total cycles spent on fwd pass compute: 1
id: mlp_moelayer ,Total cycles spent on weight grad compute: 1
id: mlp_moelayer ,Total cycles spent on input grad compute: 1
id: mlp_moelayer ,Total cycles spent idle waiting for fwd finish: 47762
id: mlp_moelayer ,Total cycles spent idle waiting for weight grad finish: 0
id: mlp_moelayer ,Total cycles spent idle waiting for input grad finish: 47762
id: mlp_moelayer ,Total cycles spent on fwd pass comm: 47762
id: mlp_moelayer ,Total cycles spent on weight grad comm: 0
id: mlp_moelayer ,Total cycles spent on input grad comm: 47762
*******************
Layer id: mlp_moelayer
Total collectives issued for this layer: 2
*************************  Workload stats  ************************* mlp_moelayer
id: mlp_moelayer ,Total cycles spent on fwd pass compute: 1
id: mlp_moelayer ,Total cycles spent on weight grad compute: 1
id: mlp_moelayer ,Total cycles spent on input grad compute: 1
id: mlp_moelayer ,Total cycles spent idle waiting for fwd finish: 47763
id: mlp_moelayer ,Total cycles spent idle waiting for weight grad finish: 0
id: mlp_moelayer ,Total cycles spent idle waiting for input grad finish: 47763
id: mlp_moelayer ,Total cycles spent on fwd pass comm: 47763
id: mlp_moelayer ,Total cycles spent on weight grad comm: 0
id: mlp_moelayer ,Total cycles spent on input grad comm: 47763
*******************
Layer id: mlp_moelayer
Total collectives issued for this layer: 2
*************************  Workload stats  ************************* mlp_moelayer
id: mlp_moelayer ,Total cycles spent on fwd pass compute: 1
id: mlp_moelayer ,Total cycles spent on weight grad compute: 1
id: mlp_moelayer ,Total cycles spent on input grad compute: 1
id: mlp_moelayer ,Total cycles spent idle waiting for fwd finish: 12810
id: mlp_moelayer ,Total cycles spent idle waiting for weight grad finish: 0
id: mlp_moelayer ,Total cycles spent idle waiting for input grad finish: 12810
id: mlp_moelayer ,Total cycles spent on fwd pass comm: 12810
id: mlp_moelayer ,Total cycles spent on weight grad comm: 0
id: mlp_moelayer ,Total cycles spent on input grad comm: 12810
*******************
Layer id: attention_column
Total collectives issued for this layer: 1
*************************  Workload stats  ************************* attention_column
id: attention_column ,Total cycles spent on fwd pass compute: 1
id: attention_column ,Total cycles spent on weight grad compute: 1
id: attention_column ,Total cycles spent on input grad compute: 1
id: attention_column ,Total cycles spent idle waiting for fwd finish: 24460
id: attention_column ,Total cycles spent idle waiting for weight grad finish: 0
id: attention_column ,Total cycles spent idle waiting for input grad finish: 0
id: attention_column ,Total cycles spent on fwd pass comm: 24460
id: attention_column ,Total cycles spent on weight grad comm: 0
id: attention_column ,Total cycles spent on input grad comm: 0
*******************
Layer id: attention_row
Total collectives issued for this layer: 1
*************************  Workload stats  ************************* attention_row
id: attention_row ,Total cycles spent on fwd pass compute: 1
id: attention_row ,Total cycles spent on weight grad compute: 1
id: attention_row ,Total cycles spent on input grad compute: 1
id: attention_row ,Total cycles spent idle waiting for fwd finish: 24460
id: attention_row ,Total cycles spent idle waiting for weight grad finish: 0
id: attention_row ,Total cycles spent idle waiting for input grad finish: 0
id: attention_row ,Total cycles spent on fwd pass comm: 24460
id: attention_row ,Total cycles spent on weight grad comm: 0
id: attention_row ,Total cycles spent on input grad comm: 0
*******************
Layer id: mlp_moelayer
Total collectives issued for this layer: 2
*************************  Workload stats  ************************* mlp_moelayer
id: mlp_moelayer ,Total cycles spent on fwd pass compute: 1
id: mlp_moelayer ,Total cycles spent on weight grad compute: 1
id: mlp_moelayer ,Total cycles spent on input grad compute: 1
id: mlp_moelayer ,Total cycles spent idle waiting for fwd finish: 1232
id: mlp_moelayer ,Total cycles spent idle waiting for weight grad finish: 0
id: mlp_moelayer ,Total cycles spent idle waiting for input grad finish: 1232
id: mlp_moelayer ,Total cycles spent on fwd pass comm: 1232
id: mlp_moelayer ,Total cycles spent on weight grad comm: 0
id: mlp_moelayer ,Total cycles spent on input grad comm: 1232
*******************
Layer id: mlp_moelayer
Total collectives issued for this layer: 2
*************************  Workload stats  ************************* mlp_moelayer
id: mlp_moelayer ,Total cycles spent on fwd pass compute: 1
id: mlp_moelayer ,Total cycles spent on weight grad compute: 1
id: mlp_moelayer ,Total cycles spent on input grad compute: 1
id: mlp_moelayer ,Total cycles spent idle waiting for fwd finish: 12810
id: mlp_moelayer ,Total cycles spent idle waiting for weight grad finish: 0
id: mlp_moelayer ,Total cycles spent idle waiting for input grad finish: 12810
id: mlp_moelayer ,Total cycles spent on fwd pass comm: 12810
id: mlp_moelayer ,Total cycles spent on weight grad comm: 0
id: mlp_moelayer ,Total cycles spent on input grad comm: 12810
*******************
Layer id: mlp_moelayer
Total collectives issued for this layer: 2
*************************  Workload stats  ************************* mlp_moelayer
id: mlp_moelayer ,Total cycles spent on fwd pass compute: 1
id: mlp_moelayer ,Total cycles spent on weight grad compute: 1
id: mlp_moelayer ,Total cycles spent on input grad compute: 1
id: mlp_moelayer ,Total cycles spent idle waiting for fwd finish: 47763
id: mlp_moelayer ,Total cycles spent idle waiting for weight grad finish: 0
id: mlp_moelayer ,Total cycles spent idle waiting for input grad finish: 47763
id: mlp_moelayer ,Total cycles spent on fwd pass comm: 47763
id: mlp_moelayer ,Total cycles spent on weight grad comm: 0
id: mlp_moelayer ,Total cycles spent on input grad comm: 47763
*******************
Layer id: mlp_moelayer
Total collectives issued for this layer: 2
*************************  Workload stats  ************************* mlp_moelayer
id: mlp_moelayer ,Total cycles spent on fwd pass compute: 1
id: mlp_moelayer ,Total cycles spent on weight grad compute: 1
id: mlp_moelayer ,Total cycles spent on input grad compute: 1
id: mlp_moelayer ,Total cycles spent idle waiting for fwd finish: 47762
id: mlp_moelayer ,Total cycles spent idle waiting for weight grad finish: 0
id: mlp_moelayer ,Total cycles spent idle waiting for input grad finish: 94366
id: mlp_moelayer ,Total cycles spent on fwd pass comm: 47762
id: mlp_moelayer ,Total cycles spent on weight grad comm: 0
id: mlp_moelayer ,Total cycles spent on input grad comm: 94366
*******************
Layer id: mlp_moelayer
Total collectives issued for this layer: 2
*************************  Workload stats  ************************* mlp_moelayer
id: mlp_moelayer ,Total cycles spent on fwd pass compute: 1
id: mlp_moelayer ,Total cycles spent on weight grad compute: 1
id: mlp_moelayer ,Total cycles spent on input grad compute: 1
id: mlp_moelayer ,Total cycles spent idle waiting for fwd finish: 47762
id: mlp_moelayer ,Total cycles spent idle waiting for weight grad finish: 0
id: mlp_moelayer ,Total cycles spent idle waiting for input grad finish: 47762
id: mlp_moelayer ,Total cycles spent on fwd pass comm: 47762
id: mlp_moelayer ,Total cycles spent on weight grad comm: 0
id: mlp_moelayer ,Total cycles spent on input grad comm: 47762
*******************
Layer id: mlp_moelayer
Total collectives issued for this layer: 2
*************************  Workload stats  ************************* mlp_moelayer
id: mlp_moelayer ,Total cycles spent on fwd pass compute: 1
id: mlp_moelayer ,Total cycles spent on weight grad compute: 1
id: mlp_moelayer ,Total cycles spent on input grad compute: 1
id: mlp_moelayer ,Total cycles spent idle waiting for fwd finish: 47763
id: mlp_moelayer ,Total cycles spent idle waiting for weight grad finish: 0
id: mlp_moelayer ,Total cycles spent idle waiting for input grad finish: 47763
id: mlp_moelayer ,Total cycles spent on fwd pass comm: 47763
id: mlp_moelayer ,Total cycles spent on weight grad comm: 0
id: mlp_moelayer ,Total cycles spent on input grad comm: 47763
*******************
Layer id: mlp_moelayer
Total collectives issued for this layer: 2
*************************  Workload stats  ************************* mlp_moelayer
id: mlp_moelayer ,Total cycles spent on fwd pass compute: 1
id: mlp_moelayer ,Total cycles spent on weight grad compute: 1
id: mlp_moelayer ,Total cycles spent on input grad compute: 1
id: mlp_moelayer ,Total cycles spent idle waiting for fwd finish: 12810
id: mlp_moelayer ,Total cycles spent idle waiting for weight grad finish: 0
id: mlp_moelayer ,Total cycles spent idle waiting for input grad finish: 12810
id: mlp_moelayer ,Total cycles spent on fwd pass comm: 12810
id: mlp_moelayer ,Total cycles spent on weight grad comm: 0
id: mlp_moelayer ,Total cycles spent on input grad comm: 12810
*******************
Layer id: attention_column
Total collectives issued for this layer: 1
*************************  Workload stats  ************************* attention_column
id: attention_column ,Total cycles spent on fwd pass compute: 1
id: attention_column ,Total cycles spent on weight grad compute: 1
id: attention_column ,Total cycles spent on input grad compute: 1
id: attention_column ,Total cycles spent idle waiting for fwd finish: 24460
id: attention_column ,Total cycles spent idle waiting for weight grad finish: 0
id: attention_column ,Total cycles spent idle waiting for input grad finish: 0
id: attention_column ,Total cycles spent on fwd pass comm: 24460
id: attention_column ,Total cycles spent on weight grad comm: 0
id: attention_column ,Total cycles spent on input grad comm: 0
*******************
Layer id: attention_row
Total collectives issued for this layer: 1
*************************  Workload stats  ************************* attention_row
id: attention_row ,Total cycles spent on fwd pass compute: 1
id: attention_row ,Total cycles spent on weight grad compute: 1
id: attention_row ,Total cycles spent on input grad compute: 1
id: attention_row ,Total cycles spent idle waiting for fwd finish: 24460
id: attention_row ,Total cycles spent idle waiting for weight grad finish: 0
id: attention_row ,Total cycles spent idle waiting for input grad finish: 0
id: attention_row ,Total cycles spent on fwd pass comm: 24460
id: attention_row ,Total cycles spent on weight grad comm: 0
id: attention_row ,Total cycles spent on input grad comm: 0
*******************
Layer id: mlp_moelayer
Total collectives issued for this layer: 2
*************************  Workload stats  ************************* mlp_moelayer
id: mlp_moelayer ,Total cycles spent on fwd pass compute: 1
id: mlp_moelayer ,Total cycles spent on weight grad compute: 1
id: mlp_moelayer ,Total cycles spent on input grad compute: 1
id: mlp_moelayer ,Total cycles spent idle waiting for fwd finish: 1232
id: mlp_moelayer ,Total cycles spent idle waiting for weight grad finish: 0
id: mlp_moelayer ,Total cycles spent idle waiting for input grad finish: 1232
id: mlp_moelayer ,Total cycles spent on fwd pass comm: 1232
id: mlp_moelayer ,Total cycles spent on weight grad comm: 0
id: mlp_moelayer ,Total cycles spent on input grad comm: 1232
*******************
Layer id: mlp_moelayer
Total collectives issued for this layer: 2
*************************  Workload stats  ************************* mlp_moelayer
id: mlp_moelayer ,Total cycles spent on fwd pass compute: 1
id: mlp_moelayer ,Total cycles spent on weight grad compute: 1
id: mlp_moelayer ,Total cycles spent on input grad compute: 1
id: mlp_moelayer ,Total cycles spent idle waiting for fwd finish: 12810
id: mlp_moelayer ,Total cycles spent idle waiting for weight grad finish: 0
id: mlp_moelayer ,Total cycles spent idle waiting for input grad finish: 12810
id: mlp_moelayer ,Total cycles spent on fwd pass comm: 12810
id: mlp_moelayer ,Total cycles spent on weight grad comm: 0
id: mlp_moelayer ,Total cycles spent on input grad comm: 12810
*******************
Layer id: mlp_moelayer
Total collectives issued for this layer: 2
*************************  Workload stats  ************************* mlp_moelayer
id: mlp_moelayer ,Total cycles spent on fwd pass compute: 1
id: mlp_moelayer ,Total cycles spent on weight grad compute: 1
id: mlp_moelayer ,Total cycles spent on input grad compute: 1
id: mlp_moelayer ,Total cycles spent idle waiting for fwd finish: 47763
id: mlp_moelayer ,Total cycles spent idle waiting for weight grad finish: 0
id: mlp_moelayer ,Total cycles spent idle waiting for input grad finish: 47763
id: mlp_moelayer ,Total cycles spent on fwd pass comm: 47763
id: mlp_moelayer ,Total cycles spent on weight grad comm: 0
id: mlp_moelayer ,Total cycles spent on input grad comm: 47763
*******************
Layer id: mlp_moelayer
Total collectives issued for this layer: 2
*************************  Workload stats  ************************* mlp_moelayer
id: mlp_moelayer ,Total cycles spent on fwd pass compute: 1
id: mlp_moelayer ,Total cycles spent on weight grad compute: 1
id: mlp_moelayer ,Total cycles spent on input grad compute: 1
id: mlp_moelayer ,Total cycles spent idle waiting for fwd finish: 47762
id: mlp_moelayer ,Total cycles spent idle waiting for weight grad finish: 0
id: mlp_moelayer ,Total cycles spent idle waiting for input grad finish: 94366
id: mlp_moelayer ,Total cycles spent on fwd pass comm: 47762
id: mlp_moelayer ,Total cycles spent on weight grad comm: 0
id: mlp_moelayer ,Total cycles spent on input grad comm: 94366
*******************
Layer id: mlp_moelayer
Total collectives issued for this layer: 2
*************************  Workload stats  ************************* mlp_moelayer
id: mlp_moelayer ,Total cycles spent on fwd pass compute: 1
id: mlp_moelayer ,Total cycles spent on weight grad compute: 1
id: mlp_moelayer ,Total cycles spent on input grad compute: 1
id: mlp_moelayer ,Total cycles spent idle waiting for fwd finish: 47762
id: mlp_moelayer ,Total cycles spent idle waiting for weight grad finish: 0
id: mlp_moelayer ,Total cycles spent idle waiting for input grad finish: 47762
id: mlp_moelayer ,Total cycles spent on fwd pass comm: 47762
id: mlp_moelayer ,Total cycles spent on weight grad comm: 0
id: mlp_moelayer ,Total cycles spent on input grad comm: 47762
*******************
Layer id: mlp_moelayer
Total collectives issued for this layer: 2
*************************  Workload stats  ************************* mlp_moelayer
id: mlp_moelayer ,Total cycles spent on fwd pass compute: 1
id: mlp_moelayer ,Total cycles spent on weight grad compute: 1
id: mlp_moelayer ,Total cycles spent on input grad compute: 1
id: mlp_moelayer ,Total cycles spent idle waiting for fwd finish: 47763
id: mlp_moelayer ,Total cycles spent idle waiting for weight grad finish: 0
id: mlp_moelayer ,Total cycles spent idle waiting for input grad finish: 47763
id: mlp_moelayer ,Total cycles spent on fwd pass comm: 47763
id: mlp_moelayer ,Total cycles spent on weight grad comm: 0
id: mlp_moelayer ,Total cycles spent on input grad comm: 47763
*******************
Layer id: mlp_moelayer
Total collectives issued for this layer: 2
*************************  Workload stats  ************************* mlp_moelayer
id: mlp_moelayer ,Total cycles spent on fwd pass compute: 1
id: mlp_moelayer ,Total cycles spent on weight grad compute: 1
id: mlp_moelayer ,Total cycles spent on input grad compute: 1
id: mlp_moelayer ,Total cycles spent idle waiting for fwd finish: 12810
id: mlp_moelayer ,Total cycles spent idle waiting for weight grad finish: 0
id: mlp_moelayer ,Total cycles spent idle waiting for input grad finish: 12810
id: mlp_moelayer ,Total cycles spent on fwd pass comm: 12810
id: mlp_moelayer ,Total cycles spent on weight grad comm: 0
id: mlp_moelayer ,Total cycles spent on input grad comm: 12810
*******************
Layer id: final_column
Total collectives issued for this layer: 1
*************************  Workload stats  ************************* final_column
id: final_column ,Total cycles spent on fwd pass compute: 1
id: final_column ,Total cycles spent on weight grad compute: 1
id: final_column ,Total cycles spent on input grad compute: 1
id: final_column ,Total cycles spent idle waiting for fwd finish: 24460
id: final_column ,Total cycles spent idle waiting for weight grad finish: 0
id: final_column ,Total cycles spent idle waiting for input grad finish: 0
id: final_column ,Total cycles spent on fwd pass comm: 24460
id: final_column ,Total cycles spent on weight grad comm: 0
id: final_column ,Total cycles spent on input grad comm: 0
*******************
Layer id: embedding_norm
Total collectives issued for this layer: 1
*************************  Workload stats  ************************* embedding_norm
id: embedding_norm ,Total cycles spent on fwd pass compute: 1
id: embedding_norm ,Total cycles spent on weight grad compute: 1
id: embedding_norm ,Total cycles spent on input grad compute: 1
id: embedding_norm ,Total cycles spent idle waiting for fwd finish: 366306
id: embedding_norm ,Total cycles spent idle waiting for weight grad finish: 0
id: embedding_norm ,Total cycles spent idle waiting for input grad finish: 0
id: embedding_norm ,Total cycles spent on fwd pass comm: 366306
id: embedding_norm ,Total cycles spent on weight grad comm: 0
id: embedding_norm ,Total cycles spent on input grad comm: 0
*******************
Layer id: embedding_layer
Total collectives issued for this layer: 0
*************************  Workload stats  ************************* embedding_layer
id: embedding_layer ,Total cycles spent on fwd pass compute: 1
id: embedding_layer ,Total cycles spent on weight grad compute: 1
id: embedding_layer ,Total cycles spent on input grad compute: 1
id: embedding_layer ,Total cycles spent idle waiting for fwd finish: 0
id: embedding_layer ,Total cycles spent idle waiting for weight grad finish: 0
id: embedding_layer ,Total cycles spent idle waiting for input grad finish: 0
id: embedding_layer ,Total cycles spent on fwd pass comm: 0
id: embedding_layer ,Total cycles spent on weight grad comm: 0
id: embedding_layer ,Total cycles spent on input grad comm: 0
*******************
Layer id: attention_column
Total collectives issued for this layer: 1
*************************  Workload stats  ************************* attention_column
id: attention_column ,Total cycles spent on fwd pass compute: 1
id: attention_column ,Total cycles spent on weight grad compute: 1
id: attention_column ,Total cycles spent on input grad compute: 1
id: attention_column ,Total cycles spent idle waiting for fwd finish: 24460
id: attention_column ,Total cycles spent idle waiting for weight grad finish: 0
id: attention_column ,Total cycles spent idle waiting for input grad finish: 0
id: attention_column ,Total cycles spent on fwd pass comm: 24460
id: attention_column ,Total cycles spent on weight grad comm: 0
id: attention_column ,Total cycles spent on input grad comm: 0
*******************
Layer id: attention_row
Total collectives issued for this layer: 1
*************************  Workload stats  ************************* attention_row
id: attention_row ,Total cycles spent on fwd pass compute: 1
id: attention_row ,Total cycles spent on weight grad compute: 1
id: attention_row ,Total cycles spent on input grad compute: 1
id: attention_row ,Total cycles spent idle waiting for fwd finish: 24460
id: attention_row ,Total cycles spent idle waiting for weight grad finish: 0
id: attention_row ,Total cycles spent idle waiting for input grad finish: 0
id: attention_row ,Total cycles spent on fwd pass comm: 24460
id: attention_row ,Total cycles spent on weight grad comm: 0
id: attention_row ,Total cycles spent on input grad comm: 0
*******************
Layer id: mlp_moelayer
Total collectives issued for this layer: 2
*************************  Workload stats  ************************* mlp_moelayer
id: mlp_moelayer ,Total cycles spent on fwd pass compute: 1
id: mlp_moelayer ,Total cycles spent on weight grad compute: 1
id: mlp_moelayer ,Total cycles spent on input grad compute: 1
id: mlp_moelayer ,Total cycles spent idle waiting for fwd finish: 1232
id: mlp_moelayer ,Total cycles spent idle waiting for weight grad finish: 0
id: mlp_moelayer ,Total cycles spent idle waiting for input grad finish: 1232
id: mlp_moelayer ,Total cycles spent on fwd pass comm: 1232
id: mlp_moelayer ,Total cycles spent on weight grad comm: 0
id: mlp_moelayer ,Total cycles spent on input grad comm: 1232
*******************
Layer id: mlp_moelayer
Total collectives issued for this layer: 2
*************************  Workload stats  ************************* mlp_moelayer
id: mlp_moelayer ,Total cycles spent on fwd pass compute: 1
id: mlp_moelayer ,Total cycles spent on weight grad compute: 1
id: mlp_moelayer ,Total cycles spent on input grad compute: 1
id: mlp_moelayer ,Total cycles spent idle waiting for fwd finish: 12810
id: mlp_moelayer ,Total cycles spent idle waiting for weight grad finish: 0
id: mlp_moelayer ,Total cycles spent idle waiting for input grad finish: 12810
id: mlp_moelayer ,Total cycles spent on fwd pass comm: 12810
id: mlp_moelayer ,Total cycles spent on weight grad comm: 0
id: mlp_moelayer ,Total cycles spent on input grad comm: 12810
*******************
Layer id: mlp_moelayer
Total collectives issued for this layer: 2
*************************  Workload stats  ************************* mlp_moelayer
id: mlp_moelayer ,Total cycles spent on fwd pass compute: 1
id: mlp_moelayer ,Total cycles spent on weight grad compute: 1
id: mlp_moelayer ,Total cycles spent on input grad compute: 1
id: mlp_moelayer ,Total cycles spent idle waiting for fwd finish: 47763
id: mlp_moelayer ,Total cycles spent idle waiting for weight grad finish: 0
id: mlp_moelayer ,Total cycles spent idle waiting for input grad finish: 47763
id: mlp_moelayer ,Total cycles spent on fwd pass comm: 47763
id: mlp_moelayer ,Total cycles spent on weight grad comm: 0
id: mlp_moelayer ,Total cycles spent on input grad comm: 47763
*******************
Layer id: mlp_moelayer
Total collectives issued for this layer: 2
*************************  Workload stats  ************************* mlp_moelayer
id: mlp_moelayer ,Total cycles spent on fwd pass compute: 1
id: mlp_moelayer ,Total cycles spent on weight grad compute: 1
id: mlp_moelayer ,Total cycles spent on input grad compute: 1
id: mlp_moelayer ,Total cycles spent idle waiting for fwd finish: 47762
id: mlp_moelayer ,Total cycles spent idle waiting for weight grad finish: 0
id: mlp_moelayer ,Total cycles spent idle waiting for input grad finish: 94366
id: mlp_moelayer ,Total cycles spent on fwd pass comm: 47762
id: mlp_moelayer ,Total cycles spent on weight grad comm: 0
id: mlp_moelayer ,Total cycles spent on input grad comm: 94366
*******************
Layer id: mlp_moelayer
Total collectives issued for this layer: 2
*************************  Workload stats  ************************* mlp_moelayer
id: mlp_moelayer ,Total cycles spent on fwd pass compute: 1
id: mlp_moelayer ,Total cycles spent on weight grad compute: 1
id: mlp_moelayer ,Total cycles spent on input grad compute: 1
id: mlp_moelayer ,Total cycles spent idle waiting for fwd finish: 47762
id: mlp_moelayer ,Total cycles spent idle waiting for weight grad finish: 0
id: mlp_moelayer ,Total cycles spent idle waiting for input grad finish: 47762
id: mlp_moelayer ,Total cycles spent on fwd pass comm: 47762
id: mlp_moelayer ,Total cycles spent on weight grad comm: 0
id: mlp_moelayer ,Total cycles spent on input grad comm: 47762
*******************
Layer id: mlp_moelayer
Total collectives issued for this layer: 2
*************************  Workload stats  ************************* mlp_moelayer
id: mlp_moelayer ,Total cycles spent on fwd pass compute: 1
id: mlp_moelayer ,Total cycles spent on weight grad compute: 1
id: mlp_moelayer ,Total cycles spent on input grad compute: 1
id: mlp_moelayer ,Total cycles spent idle waiting for fwd finish: 47763
id: mlp_moelayer ,Total cycles spent idle waiting for weight grad finish: 0
id: mlp_moelayer ,Total cycles spent idle waiting for input grad finish: 47763
id: mlp_moelayer ,Total cycles spent on fwd pass comm: 47763
id: mlp_moelayer ,Total cycles spent on weight grad comm: 0
id: mlp_moelayer ,Total cycles spent on input grad comm: 47763
*******************
Layer id: mlp_moelayer
Total collectives issued for this layer: 2
*************************  Workload stats  ************************* mlp_moelayer
id: mlp_moelayer ,Total cycles spent on fwd pass compute: 1
id: mlp_moelayer ,Total cycles spent on weight grad compute: 1
id: mlp_moelayer ,Total cycles spent on input grad compute: 1
id: mlp_moelayer ,Total cycles spent idle waiting for fwd finish: 12810
id: mlp_moelayer ,Total cycles spent idle waiting for weight grad finish: 0
id: mlp_moelayer ,Total cycles spent idle waiting for input grad finish: 12810
id: mlp_moelayer ,Total cycles spent on fwd pass comm: 12810
id: mlp_moelayer ,Total cycles spent on weight grad comm: 0
id: mlp_moelayer ,Total cycles spent on input grad comm: 12810
*******************
Layer id: attention_column
Total collectives issued for this layer: 1
*************************  Workload stats  ************************* attention_column
id: attention_column ,Total cycles spent on fwd pass compute: 1
id: attention_column ,Total cycles spent on weight grad compute: 1
id: attention_column ,Total cycles spent on input grad compute: 1
id: attention_column ,Total cycles spent idle waiting for fwd finish: 24460
id: attention_column ,Total cycles spent idle waiting for weight grad finish: 0
id: attention_column ,Total cycles spent idle waiting for input grad finish: 0
id: attention_column ,Total cycles spent on fwd pass comm: 24460
id: attention_column ,Total cycles spent on weight grad comm: 0
id: attention_column ,Total cycles spent on input grad comm: 0
*******************
Layer id: attention_row
Total collectives issued for this layer: 1
*************************  Workload stats  ************************* attention_row
id: attention_row ,Total cycles spent on fwd pass compute: 1
id: attention_row ,Total cycles spent on weight grad compute: 1
id: attention_row ,Total cycles spent on input grad compute: 1
id: attention_row ,Total cycles spent idle waiting for fwd finish: 24460
id: attention_row ,Total cycles spent idle waiting for weight grad finish: 0
id: attention_row ,Total cycles spent idle waiting for input grad finish: 0
id: attention_row ,Total cycles spent on fwd pass comm: 24460
id: attention_row ,Total cycles spent on weight grad comm: 0
id: attention_row ,Total cycles spent on input grad comm: 0
*******************
Layer id: mlp_moelayer
Total collectives issued for this layer: 2
*************************  Workload stats  ************************* mlp_moelayer
id: mlp_moelayer ,Total cycles spent on fwd pass compute: 1
id: mlp_moelayer ,Total cycles spent on weight grad compute: 1
id: mlp_moelayer ,Total cycles spent on input grad compute: 1
id: mlp_moelayer ,Total cycles spent idle waiting for fwd finish: 1232
id: mlp_moelayer ,Total cycles spent idle waiting for weight grad finish: 0
id: mlp_moelayer ,Total cycles spent idle waiting for input grad finish: 1232
id: mlp_moelayer ,Total cycles spent on fwd pass comm: 1232
id: mlp_moelayer ,Total cycles spent on weight grad comm: 0
id: mlp_moelayer ,Total cycles spent on input grad comm: 1232
*******************
Layer id: mlp_moelayer
Total collectives issued for this layer: 2
*************************  Workload stats  ************************* mlp_moelayer
id: mlp_moelayer ,Total cycles spent on fwd pass compute: 1
id: mlp_moelayer ,Total cycles spent on weight grad compute: 1
id: mlp_moelayer ,Total cycles spent on input grad compute: 1
id: mlp_moelayer ,Total cycles spent idle waiting for fwd finish: 12810
id: mlp_moelayer ,Total cycles spent idle waiting for weight grad finish: 0
id: mlp_moelayer ,Total cycles spent idle waiting for input grad finish: 12810
id: mlp_moelayer ,Total cycles spent on fwd pass comm: 12810
id: mlp_moelayer ,Total cycles spent on weight grad comm: 0
id: mlp_moelayer ,Total cycles spent on input grad comm: 12810
*******************
Layer id: mlp_moelayer
Total collectives issued for this layer: 2
*************************  Workload stats  ************************* mlp_moelayer
id: mlp_moelayer ,Total cycles spent on fwd pass compute: 1
id: mlp_moelayer ,Total cycles spent on weight grad compute: 1
id: mlp_moelayer ,Total cycles spent on input grad compute: 1
id: mlp_moelayer ,Total cycles spent idle waiting for fwd finish: 47763
id: mlp_moelayer ,Total cycles spent idle waiting for weight grad finish: 0
id: mlp_moelayer ,Total cycles spent idle waiting for input grad finish: 47763
id: mlp_moelayer ,Total cycles spent on fwd pass comm: 47763
id: mlp_moelayer ,Total cycles spent on weight grad comm: 0
id: mlp_moelayer ,Total cycles spent on input grad comm: 47763
*******************
Layer id: mlp_moelayer
Total collectives issued for this layer: 2
*************************  Workload stats  ************************* mlp_moelayer
id: mlp_moelayer ,Total cycles spent on fwd pass compute: 1
id: mlp_moelayer ,Total cycles spent on weight grad compute: 1
id: mlp_moelayer ,Total cycles spent on input grad compute: 1
id: mlp_moelayer ,Total cycles spent idle waiting for fwd finish: 47762
id: mlp_moelayer ,Total cycles spent idle waiting for weight grad finish: 0
id: mlp_moelayer ,Total cycles spent idle waiting for input grad finish: 94366
id: mlp_moelayer ,Total cycles spent on fwd pass comm: 47762
id: mlp_moelayer ,Total cycles spent on weight grad comm: 0
id: mlp_moelayer ,Total cycles spent on input grad comm: 94366
*******************
Layer id: mlp_moelayer
Total collectives issued for this layer: 2
*************************  Workload stats  ************************* mlp_moelayer
id: mlp_moelayer ,Total cycles spent on fwd pass compute: 1
id: mlp_moelayer ,Total cycles spent on weight grad compute: 1
id: mlp_moelayer ,Total cycles spent on input grad compute: 1
id: mlp_moelayer ,Total cycles spent idle waiting for fwd finish: 47762
id: mlp_moelayer ,Total cycles spent idle waiting for weight grad finish: 0
id: mlp_moelayer ,Total cycles spent idle waiting for input grad finish: 47762
id: mlp_moelayer ,Total cycles spent on fwd pass comm: 47762
id: mlp_moelayer ,Total cycles spent on weight grad comm: 0
id: mlp_moelayer ,Total cycles spent on input grad comm: 47762
*******************
Layer id: mlp_moelayer
Total collectives issued for this layer: 2
*************************  Workload stats  ************************* mlp_moelayer
id: mlp_moelayer ,Total cycles spent on fwd pass compute: 1
id: mlp_moelayer ,Total cycles spent on weight grad compute: 1
id: mlp_moelayer ,Total cycles spent on input grad compute: 1
id: mlp_moelayer ,Total cycles spent idle waiting for fwd finish: 47763
id: mlp_moelayer ,Total cycles spent idle waiting for weight grad finish: 0
id: mlp_moelayer ,Total cycles spent idle waiting for input grad finish: 47763
id: mlp_moelayer ,Total cycles spent on fwd pass comm: 47763
id: mlp_moelayer ,Total cycles spent on weight grad comm: 0
id: mlp_moelayer ,Total cycles spent on input grad comm: 47763
*******************
Layer id: mlp_moelayer
Total collectives issued for this layer: 2
*************************  Workload stats  ************************* mlp_moelayer
id: mlp_moelayer ,Total cycles spent on fwd pass compute: 1
id: mlp_moelayer ,Total cycles spent on weight grad compute: 1
id: mlp_moelayer ,Total cycles spent on input grad compute: 1
id: mlp_moelayer ,Total cycles spent idle waiting for fwd finish: 12810
id: mlp_moelayer ,Total cycles spent idle waiting for weight grad finish: 0
id: mlp_moelayer ,Total cycles spent idle waiting for input grad finish: 12810
id: mlp_moelayer ,Total cycles spent on fwd pass comm: 12810
id: mlp_moelayer ,Total cycles spent on weight grad comm: 0
id: mlp_moelayer ,Total cycles spent on input grad comm: 12810
*******************
Layer id: attention_column
Total collectives issued for this layer: 1
*************************  Workload stats  ************************* attention_column
id: attention_column ,Total cycles spent on fwd pass compute: 1
id: attention_column ,Total cycles spent on weight grad compute: 1
id: attention_column ,Total cycles spent on input grad compute: 1
id: attention_column ,Total cycles spent idle waiting for fwd finish: 24460
id: attention_column ,Total cycles spent idle waiting for weight grad finish: 0
id: attention_column ,Total cycles spent idle waiting for input grad finish: 0
id: attention_column ,Total cycles spent on fwd pass comm: 24460
id: attention_column ,Total cycles spent on weight grad comm: 0
id: attention_column ,Total cycles spent on input grad comm: 0
*******************
Layer id: attention_row
Total collectives issued for this layer: 1
*************************  Workload stats  ************************* attention_row
id: attention_row ,Total cycles spent on fwd pass compute: 1
id: attention_row ,Total cycles spent on weight grad compute: 1
id: attention_row ,Total cycles spent on input grad compute: 1
id: attention_row ,Total cycles spent idle waiting for fwd finish: 24460
id: attention_row ,Total cycles spent idle waiting for weight grad finish: 0
id: attention_row ,Total cycles spent idle waiting for input grad finish: 0
id: attention_row ,Total cycles spent on fwd pass comm: 24460
id: attention_row ,Total cycles spent on weight grad comm: 0
id: attention_row ,Total cycles spent on input grad comm: 0
*******************
Layer id: mlp_moelayer
Total collectives issued for this layer: 2
*************************  Workload stats  ************************* mlp_moelayer
id: mlp_moelayer ,Total cycles spent on fwd pass compute: 1
id: mlp_moelayer ,Total cycles spent on weight grad compute: 1
id: mlp_moelayer ,Total cycles spent on input grad compute: 1
id: mlp_moelayer ,Total cycles spent idle waiting for fwd finish: 1232
id: mlp_moelayer ,Total cycles spent idle waiting for weight grad finish: 0
id: mlp_moelayer ,Total cycles spent idle waiting for input grad finish: 1232
id: mlp_moelayer ,Total cycles spent on fwd pass comm: 1232
id: mlp_moelayer ,Total cycles spent on weight grad comm: 0
id: mlp_moelayer ,Total cycles spent on input grad comm: 1232
*******************
Layer id: mlp_moelayer
Total collectives issued for this layer: 2
*************************  Workload stats  ************************* mlp_moelayer
id: mlp_moelayer ,Total cycles spent on fwd pass compute: 1
id: mlp_moelayer ,Total cycles spent on weight grad compute: 1
id: mlp_moelayer ,Total cycles spent on input grad compute: 1
id: mlp_moelayer ,Total cycles spent idle waiting for fwd finish: 12810
id: mlp_moelayer ,Total cycles spent idle waiting for weight grad finish: 0
id: mlp_moelayer ,Total cycles spent idle waiting for input grad finish: 12810
id: mlp_moelayer ,Total cycles spent on fwd pass comm: 12810
id: mlp_moelayer ,Total cycles spent on weight grad comm: 0
id: mlp_moelayer ,Total cycles spent on input grad comm: 12810
*******************
Layer id: mlp_moelayer
Total collectives issued for this layer: 2
*************************  Workload stats  ************************* mlp_moelayer
id: mlp_moelayer ,Total cycles spent on fwd pass compute: 1
id: mlp_moelayer ,Total cycles spent on weight grad compute: 1
id: mlp_moelayer ,Total cycles spent on input grad compute: 1
id: mlp_moelayer ,Total cycles spent idle waiting for fwd finish: 47763
id: mlp_moelayer ,Total cycles spent idle waiting for weight grad finish: 0
id: mlp_moelayer ,Total cycles spent idle waiting for input grad finish: 47763
id: mlp_moelayer ,Total cycles spent on fwd pass comm: 47763
id: mlp_moelayer ,Total cycles spent on weight grad comm: 0
id: mlp_moelayer ,Total cycles spent on input grad comm: 47763
*******************
Layer id: mlp_moelayer
Total collectives issued for this layer: 2
*************************  Workload stats  ************************* mlp_moelayer
id: mlp_moelayer ,Total cycles spent on fwd pass compute: 1
id: mlp_moelayer ,Total cycles spent on weight grad compute: 1
id: mlp_moelayer ,Total cycles spent on input grad compute: 1
id: mlp_moelayer ,Total cycles spent idle waiting for fwd finish: 47762
id: mlp_moelayer ,Total cycles spent idle waiting for weight grad finish: 0
id: mlp_moelayer ,Total cycles spent idle waiting for input grad finish: 94366
id: mlp_moelayer ,Total cycles spent on fwd pass comm: 47762
id: mlp_moelayer ,Total cycles spent on weight grad comm: 0
id: mlp_moelayer ,Total cycles spent on input grad comm: 94366
*******************
Layer id: mlp_moelayer
Total collectives issued for this layer: 2
*************************  Workload stats  ************************* mlp_moelayer
id: mlp_moelayer ,Total cycles spent on fwd pass compute: 1
id: mlp_moelayer ,Total cycles spent on weight grad compute: 1
id: mlp_moelayer ,Total cycles spent on input grad compute: 1
id: mlp_moelayer ,Total cycles spent idle waiting for fwd finish: 47762
id: mlp_moelayer ,Total cycles spent idle waiting for weight grad finish: 0
id: mlp_moelayer ,Total cycles spent idle waiting for input grad finish: 47762
id: mlp_moelayer ,Total cycles spent on fwd pass comm: 47762
id: mlp_moelayer ,Total cycles spent on weight grad comm: 0
id: mlp_moelayer ,Total cycles spent on input grad comm: 47762
*******************
Layer id: mlp_moelayer
Total collectives issued for this layer: 2
*************************  Workload stats  ************************* mlp_moelayer
id: mlp_moelayer ,Total cycles spent on fwd pass compute: 1
id: mlp_moelayer ,Total cycles spent on weight grad compute: 1
id: mlp_moelayer ,Total cycles spent on input grad compute: 1
id: mlp_moelayer ,Total cycles spent idle waiting for fwd finish: 47763
id: mlp_moelayer ,Total cycles spent idle waiting for weight grad finish: 0
id: mlp_moelayer ,Total cycles spent idle waiting for input grad finish: 47763
id: mlp_moelayer ,Total cycles spent on fwd pass comm: 47763
id: mlp_moelayer ,Total cycles spent on weight grad comm: 0
id: mlp_moelayer ,Total cycles spent on input grad comm: 47763
*******************
Layer id: mlp_moelayer
Total collectives issued for this layer: 2
*************************  Workload stats  ************************* mlp_moelayer
id: mlp_moelayer ,Total cycles spent on fwd pass compute: 1
id: mlp_moelayer ,Total cycles spent on weight grad compute: 1
id: mlp_moelayer ,Total cycles spent on input grad compute: 1
id: mlp_moelayer ,Total cycles spent idle waiting for fwd finish: 12810
id: mlp_moelayer ,Total cycles spent idle waiting for weight grad finish: 0
id: mlp_moelayer ,Total cycles spent idle waiting for input grad finish: 12810
id: mlp_moelayer ,Total cycles spent on fwd pass comm: 12810
id: mlp_moelayer ,Total cycles spent on weight grad comm: 0
id: mlp_moelayer ,Total cycles spent on input grad comm: 12810
*******************
Layer id: attention_column
Total collectives issued for this layer: 1
*************************  Workload stats  ************************* attention_column
id: attention_column ,Total cycles spent on fwd pass compute: 1
id: attention_column ,Total cycles spent on weight grad compute: 1
id: attention_column ,Total cycles spent on input grad compute: 1
id: attention_column ,Total cycles spent idle waiting for fwd finish: 24460
id: attention_column ,Total cycles spent idle waiting for weight grad finish: 0
id: attention_column ,Total cycles spent idle waiting for input grad finish: 0
id: attention_column ,Total cycles spent on fwd pass comm: 24460
id: attention_column ,Total cycles spent on weight grad comm: 0
id: attention_column ,Total cycles spent on input grad comm: 0
*******************
Layer id: attention_row
Total collectives issued for this layer: 1
*************************  Workload stats  ************************* attention_row
id: attention_row ,Total cycles spent on fwd pass compute: 1
id: attention_row ,Total cycles spent on weight grad compute: 1
id: attention_row ,Total cycles spent on input grad compute: 1
id: attention_row ,Total cycles spent idle waiting for fwd finish: 24460
id: attention_row ,Total cycles spent idle waiting for weight grad finish: 0
id: attention_row ,Total cycles spent idle waiting for input grad finish: 0
id: attention_row ,Total cycles spent on fwd pass comm: 24460
id: attention_row ,Total cycles spent on weight grad comm: 0
id: attention_row ,Total cycles spent on input grad comm: 0
*******************
Layer id: mlp_moelayer
Total collectives issued for this layer: 2
*************************  Workload stats  ************************* mlp_moelayer
id: mlp_moelayer ,Total cycles spent on fwd pass compute: 1
id: mlp_moelayer ,Total cycles spent on weight grad compute: 1
id: mlp_moelayer ,Total cycles spent on input grad compute: 1
id: mlp_moelayer ,Total cycles spent idle waiting for fwd finish: 1232
id: mlp_moelayer ,Total cycles spent idle waiting for weight grad finish: 0
id: mlp_moelayer ,Total cycles spent idle waiting for input grad finish: 1232
id: mlp_moelayer ,Total cycles spent on fwd pass comm: 1232
id: mlp_moelayer ,Total cycles spent on weight grad comm: 0
id: mlp_moelayer ,Total cycles spent on input grad comm: 1232
*******************
Layer id: mlp_moelayer
Total collectives issued for this layer: 2
*************************  Workload stats  ************************* mlp_moelayer
id: mlp_moelayer ,Total cycles spent on fwd pass compute: 1
id: mlp_moelayer ,Total cycles spent on weight grad compute: 1
id: mlp_moelayer ,Total cycles spent on input grad compute: 1
id: mlp_moelayer ,Total cycles spent idle waiting for fwd finish: 12810
id: mlp_moelayer ,Total cycles spent idle waiting for weight grad finish: 0
id: mlp_moelayer ,Total cycles spent idle waiting for input grad finish: 12810
id: mlp_moelayer ,Total cycles spent on fwd pass comm: 12810
id: mlp_moelayer ,Total cycles spent on weight grad comm: 0
id: mlp_moelayer ,Total cycles spent on input grad comm: 12810
*******************
Layer id: mlp_moelayer
Total collectives issued for this layer: 2
*************************  Workload stats  ************************* mlp_moelayer
id: mlp_moelayer ,Total cycles spent on fwd pass compute: 1
id: mlp_moelayer ,Total cycles spent on weight grad compute: 1
id: mlp_moelayer ,Total cycles spent on input grad compute: 1
id: mlp_moelayer ,Total cycles spent idle waiting for fwd finish: 47763
id: mlp_moelayer ,Total cycles spent idle waiting for weight grad finish: 0
id: mlp_moelayer ,Total cycles spent idle waiting for input grad finish: 47763
id: mlp_moelayer ,Total cycles spent on fwd pass comm: 47763
id: mlp_moelayer ,Total cycles spent on weight grad comm: 0
id: mlp_moelayer ,Total cycles spent on input grad comm: 47763
*******************
Layer id: mlp_moelayer
Total collectives issued for this layer: 2
*************************  Workload stats  ************************* mlp_moelayer
id: mlp_moelayer ,Total cycles spent on fwd pass compute: 1
id: mlp_moelayer ,Total cycles spent on weight grad compute: 1
id: mlp_moelayer ,Total cycles spent on input grad compute: 1
id: mlp_moelayer ,Total cycles spent idle waiting for fwd finish: 47762
id: mlp_moelayer ,Total cycles spent idle waiting for weight grad finish: 0
id: mlp_moelayer ,Total cycles spent idle waiting for input grad finish: 94366
id: mlp_moelayer ,Total cycles spent on fwd pass comm: 47762
id: mlp_moelayer ,Total cycles spent on weight grad comm: 0
id: mlp_moelayer ,Total cycles spent on input grad comm: 94366
*******************
Layer id: mlp_moelayer
Total collectives issued for this layer: 2
*************************  Workload stats  ************************* mlp_moelayer
id: mlp_moelayer ,Total cycles spent on fwd pass compute: 1
id: mlp_moelayer ,Total cycles spent on weight grad compute: 1
id: mlp_moelayer ,Total cycles spent on input grad compute: 1
id: mlp_moelayer ,Total cycles spent idle waiting for fwd finish: 47762
id: mlp_moelayer ,Total cycles spent idle waiting for weight grad finish: 0
id: mlp_moelayer ,Total cycles spent idle waiting for input grad finish: 47762
id: mlp_moelayer ,Total cycles spent on fwd pass comm: 47762
id: mlp_moelayer ,Total cycles spent on weight grad comm: 0
id: mlp_moelayer ,Total cycles spent on input grad comm: 47762
*******************
Layer id: mlp_moelayer
Total collectives issued for this layer: 2
*************************  Workload stats  ************************* mlp_moelayer
id: mlp_moelayer ,Total cycles spent on fwd pass compute: 1
id: mlp_moelayer ,Total cycles spent on weight grad compute: 1
id: mlp_moelayer ,Total cycles spent on input grad compute: 1
id: mlp_moelayer ,Total cycles spent idle waiting for fwd finish: 47763
id: mlp_moelayer ,Total cycles spent idle waiting for weight grad finish: 0
id: mlp_moelayer ,Total cycles spent idle waiting for input grad finish: 47763
id: mlp_moelayer ,Total cycles spent on fwd pass comm: 47763
id: mlp_moelayer ,Total cycles spent on weight grad comm: 0
id: mlp_moelayer ,Total cycles spent on input grad comm: 47763
*******************
Layer id: mlp_moelayer
Total collectives issued for this layer: 2
*************************  Workload stats  ************************* mlp_moelayer
id: mlp_moelayer ,Total cycles spent on fwd pass compute: 1
id: mlp_moelayer ,Total cycles spent on weight grad compute: 1
id: mlp_moelayer ,Total cycles spent on input grad compute: 1
id: mlp_moelayer ,Total cycles spent idle waiting for fwd finish: 12810
id: mlp_moelayer ,Total cycles spent idle waiting for weight grad finish: 0
id: mlp_moelayer ,Total cycles spent idle waiting for input grad finish: 12810
id: mlp_moelayer ,Total cycles spent on fwd pass comm: 12810
id: mlp_moelayer ,Total cycles spent on weight grad comm: 0
id: mlp_moelayer ,Total cycles spent on input grad comm: 12810
*******************
Layer id: attention_column
Total collectives issued for this layer: 1
*************************  Workload stats  ************************* attention_column
id: attention_column ,Total cycles spent on fwd pass compute: 1
id: attention_column ,Total cycles spent on weight grad compute: 1
id: attention_column ,Total cycles spent on input grad compute: 1
id: attention_column ,Total cycles spent idle waiting for fwd finish: 24460
id: attention_column ,Total cycles spent idle waiting for weight grad finish: 0
id: attention_column ,Total cycles spent idle waiting for input grad finish: 0
id: attention_column ,Total cycles spent on fwd pass comm: 24460
id: attention_column ,Total cycles spent on weight grad comm: 0
id: attention_column ,Total cycles spent on input grad comm: 0
*******************
Layer id: attention_row
Total collectives issued for this layer: 1
*************************  Workload stats  ************************* attention_row
id: attention_row ,Total cycles spent on fwd pass compute: 1
id: attention_row ,Total cycles spent on weight grad compute: 1
id: attention_row ,Total cycles spent on input grad compute: 1
id: attention_row ,Total cycles spent idle waiting for fwd finish: 24460
id: attention_row ,Total cycles spent idle waiting for weight grad finish: 0
id: attention_row ,Total cycles spent idle waiting for input grad finish: 0
id: attention_row ,Total cycles spent on fwd pass comm: 24460
id: attention_row ,Total cycles spent on weight grad comm: 0
id: attention_row ,Total cycles spent on input grad comm: 0
*******************
Layer id: mlp_moelayer
Total collectives issued for this layer: 2
*************************  Workload stats  ************************* mlp_moelayer
id: mlp_moelayer ,Total cycles spent on fwd pass compute: 1
id: mlp_moelayer ,Total cycles spent on weight grad compute: 1
id: mlp_moelayer ,Total cycles spent on input grad compute: 1
id: mlp_moelayer ,Total cycles spent idle waiting for fwd finish: 1232
id: mlp_moelayer ,Total cycles spent idle waiting for weight grad finish: 0
id: mlp_moelayer ,Total cycles spent idle waiting for input grad finish: 1232
id: mlp_moelayer ,Total cycles spent on fwd pass comm: 1232
id: mlp_moelayer ,Total cycles spent on weight grad comm: 0
id: mlp_moelayer ,Total cycles spent on input grad comm: 1232
*******************
Layer id: mlp_moelayer
Total collectives issued for this layer: 2
*************************  Workload stats  ************************* mlp_moelayer
id: mlp_moelayer ,Total cycles spent on fwd pass compute: 1
id: mlp_moelayer ,Total cycles spent on weight grad compute: 1
id: mlp_moelayer ,Total cycles spent on input grad compute: 1
id: mlp_moelayer ,Total cycles spent idle waiting for fwd finish: 12810
id: mlp_moelayer ,Total cycles spent idle waiting for weight grad finish: 0
id: mlp_moelayer ,Total cycles spent idle waiting for input grad finish: 12810
id: mlp_moelayer ,Total cycles spent on fwd pass comm: 12810
id: mlp_moelayer ,Total cycles spent on weight grad comm: 0
id: mlp_moelayer ,Total cycles spent on input grad comm: 12810
*******************
Layer id: mlp_moelayer
Total collectives issued for this layer: 2
*************************  Workload stats  ************************* mlp_moelayer
id: mlp_moelayer ,Total cycles spent on fwd pass compute: 1
id: mlp_moelayer ,Total cycles spent on weight grad compute: 1
id: mlp_moelayer ,Total cycles spent on input grad compute: 1
id: mlp_moelayer ,Total cycles spent idle waiting for fwd finish: 47763
id: mlp_moelayer ,Total cycles spent idle waiting for weight grad finish: 0
id: mlp_moelayer ,Total cycles spent idle waiting for input grad finish: 47763
id: mlp_moelayer ,Total cycles spent on fwd pass comm: 47763
id: mlp_moelayer ,Total cycles spent on weight grad comm: 0
id: mlp_moelayer ,Total cycles spent on input grad comm: 47763
*******************
Layer id: mlp_moelayer
Total collectives issued for this layer: 2
*************************  Workload stats  ************************* mlp_moelayer
id: mlp_moelayer ,Total cycles spent on fwd pass compute: 1
id: mlp_moelayer ,Total cycles spent on weight grad compute: 1
id: mlp_moelayer ,Total cycles spent on input grad compute: 1
id: mlp_moelayer ,Total cycles spent idle waiting for fwd finish: 47762
id: mlp_moelayer ,Total cycles spent idle waiting for weight grad finish: 0
id: mlp_moelayer ,Total cycles spent idle waiting for input grad finish: 94366
id: mlp_moelayer ,Total cycles spent on fwd pass comm: 47762
id: mlp_moelayer ,Total cycles spent on weight grad comm: 0
id: mlp_moelayer ,Total cycles spent on input grad comm: 94366
*******************
Layer id: mlp_moelayer
Total collectives issued for this layer: 2
*************************  Workload stats  ************************* mlp_moelayer
id: mlp_moelayer ,Total cycles spent on fwd pass compute: 1
id: mlp_moelayer ,Total cycles spent on weight grad compute: 1
id: mlp_moelayer ,Total cycles spent on input grad compute: 1
id: mlp_moelayer ,Total cycles spent idle waiting for fwd finish: 47762
id: mlp_moelayer ,Total cycles spent idle waiting for weight grad finish: 0
id: mlp_moelayer ,Total cycles spent idle waiting for input grad finish: 47762
id: mlp_moelayer ,Total cycles spent on fwd pass comm: 47762
id: mlp_moelayer ,Total cycles spent on weight grad comm: 0
id: mlp_moelayer ,Total cycles spent on input grad comm: 47762
*******************
Layer id: mlp_moelayer
Total collectives issued for this layer: 2
*************************  Workload stats  ************************* mlp_moelayer
id: mlp_moelayer ,Total cycles spent on fwd pass compute: 1
id: mlp_moelayer ,Total cycles spent on weight grad compute: 1
id: mlp_moelayer ,Total cycles spent on input grad compute: 1
id: mlp_moelayer ,Total cycles spent idle waiting for fwd finish: 47763
id: mlp_moelayer ,Total cycles spent idle waiting for weight grad finish: 0
id: mlp_moelayer ,Total cycles spent idle waiting for input grad finish: 47763
id: mlp_moelayer ,Total cycles spent on fwd pass comm: 47763
id: mlp_moelayer ,Total cycles spent on weight grad comm: 0
id: mlp_moelayer ,Total cycles spent on input grad comm: 47763
*******************
Layer id: mlp_moelayer
Total collectives issued for this layer: 2
*************************  Workload stats  ************************* mlp_moelayer
id: mlp_moelayer ,Total cycles spent on fwd pass compute: 1
id: mlp_moelayer ,Total cycles spent on weight grad compute: 1
id: mlp_moelayer ,Total cycles spent on input grad compute: 1
id: mlp_moelayer ,Total cycles spent idle waiting for fwd finish: 12810
id: mlp_moelayer ,Total cycles spent idle waiting for weight grad finish: 0
id: mlp_moelayer ,Total cycles spent idle waiting for input grad finish: 12810
id: mlp_moelayer ,Total cycles spent on fwd pass comm: 12810
id: mlp_moelayer ,Total cycles spent on weight grad comm: 0
id: mlp_moelayer ,Total cycles spent on input grad comm: 12810
*******************
Layer id: attention_column
Total collectives issued for this layer: 1
*************************  Workload stats  ************************* attention_column
id: attention_column ,Total cycles spent on fwd pass compute: 1
id: attention_column ,Total cycles spent on weight grad compute: 1
id: attention_column ,Total cycles spent on input grad compute: 1
id: attention_column ,Total cycles spent idle waiting for fwd finish: 24460
id: attention_column ,Total cycles spent idle waiting for weight grad finish: 0
id: attention_column ,Total cycles spent idle waiting for input grad finish: 0
id: attention_column ,Total cycles spent on fwd pass comm: 24460
id: attention_column ,Total cycles spent on weight grad comm: 0
id: attention_column ,Total cycles spent on input grad comm: 0
*******************
Layer id: attention_row
Total collectives issued for this layer: 1
*************************  Workload stats  ************************* attention_row
id: attention_row ,Total cycles spent on fwd pass compute: 1
id: attention_row ,Total cycles spent on weight grad compute: 1
id: attention_row ,Total cycles spent on input grad compute: 1
id: attention_row ,Total cycles spent idle waiting for fwd finish: 24460
id: attention_row ,Total cycles spent idle waiting for weight grad finish: 0
id: attention_row ,Total cycles spent idle waiting for input grad finish: 0
id: attention_row ,Total cycles spent on fwd pass comm: 24460
id: attention_row ,Total cycles spent on weight grad comm: 0
id: attention_row ,Total cycles spent on input grad comm: 0
*******************
Layer id: mlp_moelayer
Total collectives issued for this layer: 2
*************************  Workload stats  ************************* mlp_moelayer
id: mlp_moelayer ,Total cycles spent on fwd pass compute: 1
id: mlp_moelayer ,Total cycles spent on weight grad compute: 1
id: mlp_moelayer ,Total cycles spent on input grad compute: 1
id: mlp_moelayer ,Total cycles spent idle waiting for fwd finish: 1232
id: mlp_moelayer ,Total cycles spent idle waiting for weight grad finish: 0
id: mlp_moelayer ,Total cycles spent idle waiting for input grad finish: 1232
id: mlp_moelayer ,Total cycles spent on fwd pass comm: 1232
id: mlp_moelayer ,Total cycles spent on weight grad comm: 0
id: mlp_moelayer ,Total cycles spent on input grad comm: 1232
*******************
Layer id: mlp_moelayer
Total collectives issued for this layer: 2
*************************  Workload stats  ************************* mlp_moelayer
id: mlp_moelayer ,Total cycles spent on fwd pass compute: 1
id: mlp_moelayer ,Total cycles spent on weight grad compute: 1
id: mlp_moelayer ,Total cycles spent on input grad compute: 1
id: mlp_moelayer ,Total cycles spent idle waiting for fwd finish: 12810
id: mlp_moelayer ,Total cycles spent idle waiting for weight grad finish: 0
id: mlp_moelayer ,Total cycles spent idle waiting for input grad finish: 12810
id: mlp_moelayer ,Total cycles spent on fwd pass comm: 12810
id: mlp_moelayer ,Total cycles spent on weight grad comm: 0
id: mlp_moelayer ,Total cycles spent on input grad comm: 12810
*******************
Layer id: mlp_moelayer
Total collectives issued for this layer: 2
*************************  Workload stats  ************************* mlp_moelayer
id: mlp_moelayer ,Total cycles spent on fwd pass compute: 1
id: mlp_moelayer ,Total cycles spent on weight grad compute: 1
id: mlp_moelayer ,Total cycles spent on input grad compute: 1
id: mlp_moelayer ,Total cycles spent idle waiting for fwd finish: 47763
id: mlp_moelayer ,Total cycles spent idle waiting for weight grad finish: 0
id: mlp_moelayer ,Total cycles spent idle waiting for input grad finish: 47763
id: mlp_moelayer ,Total cycles spent on fwd pass comm: 47763
id: mlp_moelayer ,Total cycles spent on weight grad comm: 0
id: mlp_moelayer ,Total cycles spent on input grad comm: 47763
*******************
Layer id: mlp_moelayer
Total collectives issued for this layer: 2
*************************  Workload stats  ************************* mlp_moelayer
id: mlp_moelayer ,Total cycles spent on fwd pass compute: 1
id: mlp_moelayer ,Total cycles spent on weight grad compute: 1
id: mlp_moelayer ,Total cycles spent on input grad compute: 1
id: mlp_moelayer ,Total cycles spent idle waiting for fwd finish: 47762
id: mlp_moelayer ,Total cycles spent idle waiting for weight grad finish: 0
id: mlp_moelayer ,Total cycles spent idle waiting for input grad finish: 94366
id: mlp_moelayer ,Total cycles spent on fwd pass comm: 47762
id: mlp_moelayer ,Total cycles spent on weight grad comm: 0
id: mlp_moelayer ,Total cycles spent on input grad comm: 94366
*******************
Layer id: mlp_moelayer
Total collectives issued for this layer: 2
*************************  Workload stats  ************************* mlp_moelayer
id: mlp_moelayer ,Total cycles spent on fwd pass compute: 1
id: mlp_moelayer ,Total cycles spent on weight grad compute: 1
id: mlp_moelayer ,Total cycles spent on input grad compute: 1
id: mlp_moelayer ,Total cycles spent idle waiting for fwd finish: 47762
id: mlp_moelayer ,Total cycles spent idle waiting for weight grad finish: 0
id: mlp_moelayer ,Total cycles spent idle waiting for input grad finish: 47762
id: mlp_moelayer ,Total cycles spent on fwd pass comm: 47762
id: mlp_moelayer ,Total cycles spent on weight grad comm: 0
id: mlp_moelayer ,Total cycles spent on input grad comm: 47762
*******************
Layer id: mlp_moelayer
Total collectives issued for this layer: 2
*************************  Workload stats  ************************* mlp_moelayer
id: mlp_moelayer ,Total cycles spent on fwd pass compute: 1
id: mlp_moelayer ,Total cycles spent on weight grad compute: 1
id: mlp_moelayer ,Total cycles spent on input grad compute: 1
id: mlp_moelayer ,Total cycles spent idle waiting for fwd finish: 47763
id: mlp_moelayer ,Total cycles spent idle waiting for weight grad finish: 0
id: mlp_moelayer ,Total cycles spent idle waiting for input grad finish: 47763
id: mlp_moelayer ,Total cycles spent on fwd pass comm: 47763
id: mlp_moelayer ,Total cycles spent on weight grad comm: 0
id: mlp_moelayer ,Total cycles spent on input grad comm: 47763
*******************
Layer id: mlp_moelayer
Total collectives issued for this layer: 2
*************************  Workload stats  ************************* mlp_moelayer
id: mlp_moelayer ,Total cycles spent on fwd pass compute: 1
id: mlp_moelayer ,Total cycles spent on weight grad compute: 1
id: mlp_moelayer ,Total cycles spent on input grad compute: 1
id: mlp_moelayer ,Total cycles spent idle waiting for fwd finish: 12810
id: mlp_moelayer ,Total cycles spent idle waiting for weight grad finish: 0
id: mlp_moelayer ,Total cycles spent idle waiting for input grad finish: 12810
id: mlp_moelayer ,Total cycles spent on fwd pass comm: 12810
id: mlp_moelayer ,Total cycles spent on weight grad comm: 0
id: mlp_moelayer ,Total cycles spent on input grad comm: 12810
*******************
Layer id: attention_column
Total collectives issued for this layer: 1
*************************  Workload stats  ************************* attention_column
id: attention_column ,Total cycles spent on fwd pass compute: 1
id: attention_column ,Total cycles spent on weight grad compute: 1
id: attention_column ,Total cycles spent on input grad compute: 1
id: attention_column ,Total cycles spent idle waiting for fwd finish: 24460
id: attention_column ,Total cycles spent idle waiting for weight grad finish: 0
id: attention_column ,Total cycles spent idle waiting for input grad finish: 0
id: attention_column ,Total cycles spent on fwd pass comm: 24460
id: attention_column ,Total cycles spent on weight grad comm: 0
id: attention_column ,Total cycles spent on input grad comm: 0
*******************
Layer id: attention_row
Total collectives issued for this layer: 1
*************************  Workload stats  ************************* attention_row
id: attention_row ,Total cycles spent on fwd pass compute: 1
id: attention_row ,Total cycles spent on weight grad compute: 1
id: attention_row ,Total cycles spent on input grad compute: 1
id: attention_row ,Total cycles spent idle waiting for fwd finish: 24460
id: attention_row ,Total cycles spent idle waiting for weight grad finish: 0
id: attention_row ,Total cycles spent idle waiting for input grad finish: 0
id: attention_row ,Total cycles spent on fwd pass comm: 24460
id: attention_row ,Total cycles spent on weight grad comm: 0
id: attention_row ,Total cycles spent on input grad comm: 0
*******************
Layer id: mlp_moelayer
Total collectives issued for this layer: 2
*************************  Workload stats  ************************* mlp_moelayer
id: mlp_moelayer ,Total cycles spent on fwd pass compute: 1
id: mlp_moelayer ,Total cycles spent on weight grad compute: 1
id: mlp_moelayer ,Total cycles spent on input grad compute: 1
id: mlp_moelayer ,Total cycles spent idle waiting for fwd finish: 1232
id: mlp_moelayer ,Total cycles spent idle waiting for weight grad finish: 0
id: mlp_moelayer ,Total cycles spent idle waiting for input grad finish: 1232
id: mlp_moelayer ,Total cycles spent on fwd pass comm: 1232
id: mlp_moelayer ,Total cycles spent on weight grad comm: 0
id: mlp_moelayer ,Total cycles spent on input grad comm: 1232
*******************
Layer id: mlp_moelayer
Total collectives issued for this layer: 2
*************************  Workload stats  ************************* mlp_moelayer
id: mlp_moelayer ,Total cycles spent on fwd pass compute: 1
id: mlp_moelayer ,Total cycles spent on weight grad compute: 1
id: mlp_moelayer ,Total cycles spent on input grad compute: 1
id: mlp_moelayer ,Total cycles spent idle waiting for fwd finish: 12810
id: mlp_moelayer ,Total cycles spent idle waiting for weight grad finish: 0
id: mlp_moelayer ,Total cycles spent idle waiting for input grad finish: 12810
id: mlp_moelayer ,Total cycles spent on fwd pass comm: 12810
id: mlp_moelayer ,Total cycles spent on weight grad comm: 0
id: mlp_moelayer ,Total cycles spent on input grad comm: 12810
*******************
Layer id: mlp_moelayer
Total collectives issued for this layer: 2
*************************  Workload stats  ************************* mlp_moelayer
id: mlp_moelayer ,Total cycles spent on fwd pass compute: 1
id: mlp_moelayer ,Total cycles spent on weight grad compute: 1
id: mlp_moelayer ,Total cycles spent on input grad compute: 1
id: mlp_moelayer ,Total cycles spent idle waiting for fwd finish: 47763
id: mlp_moelayer ,Total cycles spent idle waiting for weight grad finish: 0
id: mlp_moelayer ,Total cycles spent idle waiting for input grad finish: 47763
id: mlp_moelayer ,Total cycles spent on fwd pass comm: 47763
id: mlp_moelayer ,Total cycles spent on weight grad comm: 0
id: mlp_moelayer ,Total cycles spent on input grad comm: 47763
*******************
Layer id: mlp_moelayer
Total collectives issued for this layer: 2
*************************  Workload stats  ************************* mlp_moelayer
id: mlp_moelayer ,Total cycles spent on fwd pass compute: 1
id: mlp_moelayer ,Total cycles spent on weight grad compute: 1
id: mlp_moelayer ,Total cycles spent on input grad compute: 1
id: mlp_moelayer ,Total cycles spent idle waiting for fwd finish: 47762
id: mlp_moelayer ,Total cycles spent idle waiting for weight grad finish: 0
id: mlp_moelayer ,Total cycles spent idle waiting for input grad finish: 94366
id: mlp_moelayer ,Total cycles spent on fwd pass comm: 47762
id: mlp_moelayer ,Total cycles spent on weight grad comm: 0
id: mlp_moelayer ,Total cycles spent on input grad comm: 94366
*******************
Layer id: mlp_moelayer
Total collectives issued for this layer: 2
*************************  Workload stats  ************************* mlp_moelayer
id: mlp_moelayer ,Total cycles spent on fwd pass compute: 1
id: mlp_moelayer ,Total cycles spent on weight grad compute: 1
id: mlp_moelayer ,Total cycles spent on input grad compute: 1
id: mlp_moelayer ,Total cycles spent idle waiting for fwd finish: 47762
id: mlp_moelayer ,Total cycles spent idle waiting for weight grad finish: 0
id: mlp_moelayer ,Total cycles spent idle waiting for input grad finish: 47762
id: mlp_moelayer ,Total cycles spent on fwd pass comm: 47762
id: mlp_moelayer ,Total cycles spent on weight grad comm: 0
id: mlp_moelayer ,Total cycles spent on input grad comm: 47762
*******************
Layer id: mlp_moelayer
Total collectives issued for this layer: 2
*************************  Workload stats  ************************* mlp_moelayer
id: mlp_moelayer ,Total cycles spent on fwd pass compute: 1
id: mlp_moelayer ,Total cycles spent on weight grad compute: 1
id: mlp_moelayer ,Total cycles spent on input grad compute: 1
id: mlp_moelayer ,Total cycles spent idle waiting for fwd finish: 47763
id: mlp_moelayer ,Total cycles spent idle waiting for weight grad finish: 0
id: mlp_moelayer ,Total cycles spent idle waiting for input grad finish: 47763
id: mlp_moelayer ,Total cycles spent on fwd pass comm: 47763
id: mlp_moelayer ,Total cycles spent on weight grad comm: 0
id: mlp_moelayer ,Total cycles spent on input grad comm: 47763
*******************
Layer id: mlp_moelayer
Total collectives issued for this layer: 2
*************************  Workload stats  ************************* mlp_moelayer
id: mlp_moelayer ,Total cycles spent on fwd pass compute: 1
id: mlp_moelayer ,Total cycles spent on weight grad compute: 1
id: mlp_moelayer ,Total cycles spent on input grad compute: 1
id: mlp_moelayer ,Total cycles spent idle waiting for fwd finish: 12810
id: mlp_moelayer ,Total cycles spent idle waiting for weight grad finish: 0
id: mlp_moelayer ,Total cycles spent idle waiting for input grad finish: 12810
id: mlp_moelayer ,Total cycles spent on fwd pass comm: 12810
id: mlp_moelayer ,Total cycles spent on weight grad comm: 0
id: mlp_moelayer ,Total cycles spent on input grad comm: 12810
*******************
Layer id: attention_column
Total collectives issued for this layer: 1
*************************  Workload stats  ************************* attention_column
id: attention_column ,Total cycles spent on fwd pass compute: 1
id: attention_column ,Total cycles spent on weight grad compute: 1
id: attention_column ,Total cycles spent on input grad compute: 1
id: attention_column ,Total cycles spent idle waiting for fwd finish: 24460
id: attention_column ,Total cycles spent idle waiting for weight grad finish: 0
id: attention_column ,Total cycles spent idle waiting for input grad finish: 0
id: attention_column ,Total cycles spent on fwd pass comm: 24460
id: attention_column ,Total cycles spent on weight grad comm: 0
id: attention_column ,Total cycles spent on input grad comm: 0
*******************
Layer id: attention_row
Total collectives issued for this layer: 1
*************************  Workload stats  ************************* attention_row
id: attention_row ,Total cycles spent on fwd pass compute: 1
id: attention_row ,Total cycles spent on weight grad compute: 1
id: attention_row ,Total cycles spent on input grad compute: 1
id: attention_row ,Total cycles spent idle waiting for fwd finish: 24460
id: attention_row ,Total cycles spent idle waiting for weight grad finish: 0
id: attention_row ,Total cycles spent idle waiting for input grad finish: 0
id: attention_row ,Total cycles spent on fwd pass comm: 24460
id: attention_row ,Total cycles spent on weight grad comm: 0
id: attention_row ,Total cycles spent on input grad comm: 0
*******************
Layer id: mlp_moelayer
Total collectives issued for this layer: 2
*************************  Workload stats  ************************* mlp_moelayer
id: mlp_moelayer ,Total cycles spent on fwd pass compute: 1
id: mlp_moelayer ,Total cycles spent on weight grad compute: 1
id: mlp_moelayer ,Total cycles spent on input grad compute: 1
id: mlp_moelayer ,Total cycles spent idle waiting for fwd finish: 1232
id: mlp_moelayer ,Total cycles spent idle waiting for weight grad finish: 0
id: mlp_moelayer ,Total cycles spent idle waiting for input grad finish: 1232
id: mlp_moelayer ,Total cycles spent on fwd pass comm: 1232
id: mlp_moelayer ,Total cycles spent on weight grad comm: 0
id: mlp_moelayer ,Total cycles spent on input grad comm: 1232
*******************
Layer id: mlp_moelayer
Total collectives issued for this layer: 2
*************************  Workload stats  ************************* mlp_moelayer
id: mlp_moelayer ,Total cycles spent on fwd pass compute: 1
id: mlp_moelayer ,Total cycles spent on weight grad compute: 1
id: mlp_moelayer ,Total cycles spent on input grad compute: 1
id: mlp_moelayer ,Total cycles spent idle waiting for fwd finish: 12810
id: mlp_moelayer ,Total cycles spent idle waiting for weight grad finish: 0
id: mlp_moelayer ,Total cycles spent idle waiting for input grad finish: 12810
id: mlp_moelayer ,Total cycles spent on fwd pass comm: 12810
id: mlp_moelayer ,Total cycles spent on weight grad comm: 0
id: mlp_moelayer ,Total cycles spent on input grad comm: 12810
*******************
Layer id: mlp_moelayer
Total collectives issued for this layer: 2
*************************  Workload stats  ************************* mlp_moelayer
id: mlp_moelayer ,Total cycles spent on fwd pass compute: 1
id: mlp_moelayer ,Total cycles spent on weight grad compute: 1
id: mlp_moelayer ,Total cycles spent on input grad compute: 1
id: mlp_moelayer ,Total cycles spent idle waiting for fwd finish: 47763
id: mlp_moelayer ,Total cycles spent idle waiting for weight grad finish: 0
id: mlp_moelayer ,Total cycles spent idle waiting for input grad finish: 47763
id: mlp_moelayer ,Total cycles spent on fwd pass comm: 47763
id: mlp_moelayer ,Total cycles spent on weight grad comm: 0
id: mlp_moelayer ,Total cycles spent on input grad comm: 47763
*******************
Layer id: mlp_moelayer
Total collectives issued for this layer: 2
*************************  Workload stats  ************************* mlp_moelayer
id: mlp_moelayer ,Total cycles spent on fwd pass compute: 1
id: mlp_moelayer ,Total cycles spent on weight grad compute: 1
id: mlp_moelayer ,Total cycles spent on input grad compute: 1
id: mlp_moelayer ,Total cycles spent idle waiting for fwd finish: 47762
id: mlp_moelayer ,Total cycles spent idle waiting for weight grad finish: 0
id: mlp_moelayer ,Total cycles spent idle waiting for input grad finish: 94366
id: mlp_moelayer ,Total cycles spent on fwd pass comm: 47762
id: mlp_moelayer ,Total cycles spent on weight grad comm: 0
id: mlp_moelayer ,Total cycles spent on input grad comm: 94366
*******************
Layer id: mlp_moelayer
Total collectives issued for this layer: 2
*************************  Workload stats  ************************* mlp_moelayer
id: mlp_moelayer ,Total cycles spent on fwd pass compute: 1
id: mlp_moelayer ,Total cycles spent on weight grad compute: 1
id: mlp_moelayer ,Total cycles spent on input grad compute: 1
id: mlp_moelayer ,Total cycles spent idle waiting for fwd finish: 47762
id: mlp_moelayer ,Total cycles spent idle waiting for weight grad finish: 0
id: mlp_moelayer ,Total cycles spent idle waiting for input grad finish: 47762
id: mlp_moelayer ,Total cycles spent on fwd pass comm: 47762
id: mlp_moelayer ,Total cycles spent on weight grad comm: 0
id: mlp_moelayer ,Total cycles spent on input grad comm: 47762
*******************
Layer id: mlp_moelayer
Total collectives issued for this layer: 2
*************************  Workload stats  ************************* mlp_moelayer
id: mlp_moelayer ,Total cycles spent on fwd pass compute: 1
id: mlp_moelayer ,Total cycles spent on weight grad compute: 1
id: mlp_moelayer ,Total cycles spent on input grad compute: 1
id: mlp_moelayer ,Total cycles spent idle waiting for fwd finish: 47763
id: mlp_moelayer ,Total cycles spent idle waiting for weight grad finish: 0
id: mlp_moelayer ,Total cycles spent idle waiting for input grad finish: 47763
id: mlp_moelayer ,Total cycles spent on fwd pass comm: 47763
id: mlp_moelayer ,Total cycles spent on weight grad comm: 0
id: mlp_moelayer ,Total cycles spent on input grad comm: 47763
*******************
Layer id: mlp_moelayer
Total collectives issued for this layer: 2
*************************  Workload stats  ************************* mlp_moelayer
id: mlp_moelayer ,Total cycles spent on fwd pass compute: 1
id: mlp_moelayer ,Total cycles spent on weight grad compute: 1
id: mlp_moelayer ,Total cycles spent on input grad compute: 1
id: mlp_moelayer ,Total cycles spent idle waiting for fwd finish: 12810
id: mlp_moelayer ,Total cycles spent idle waiting for weight grad finish: 0
id: mlp_moelayer ,Total cycles spent idle waiting for input grad finish: 12810
id: mlp_moelayer ,Total cycles spent on fwd pass comm: 12810
id: mlp_moelayer ,Total cycles spent on weight grad comm: 0
id: mlp_moelayer ,Total cycles spent on input grad comm: 12810
*******************
Layer id: final_column
Total collectives issued for this layer: 1
*************************  Workload stats  ************************* final_column
id: final_column ,Total cycles spent on fwd pass compute: 1
id: final_column ,Total cycles spent on weight grad compute: 1
id: final_column ,Total cycles spent on input grad compute: 1
id: final_column ,Total cycles spent idle waiting for fwd finish: 24460
id: final_column ,Total cycles spent idle waiting for weight grad finish: 0
id: final_column ,Total cycles spent idle waiting for input grad finish: 0
id: final_column ,Total cycles spent on fwd pass comm: 24460
id: final_column ,Total cycles spent on weight grad comm: 0
id: final_column ,Total cycles spent on input grad comm: 0
*******************
Layer id: embedding_norm
Total collectives issued for this layer: 1
*************************  Workload stats  ************************* embedding_norm
id: embedding_norm ,Total cycles spent on fwd pass compute: 1
id: embedding_norm ,Total cycles spent on weight grad compute: 1
id: embedding_norm ,Total cycles spent on input grad compute: 1
id: embedding_norm ,Total cycles spent idle waiting for fwd finish: 366306
id: embedding_norm ,Total cycles spent idle waiting for weight grad finish: 0
id: embedding_norm ,Total cycles spent idle waiting for input grad finish: 0
id: embedding_norm ,Total cycles spent on fwd pass comm: 366306
id: embedding_norm ,Total cycles spent on weight grad comm: 0
id: embedding_norm ,Total cycles spent on input grad comm: 0
*******************
Layer id: embedding_layer
Total collectives issued for this layer: 0
*************************  Workload stats  ************************* embedding_layer
id: embedding_layer ,Total cycles spent on fwd pass compute: 1
id: embedding_layer ,Total cycles spent on weight grad compute: 1
id: embedding_layer ,Total cycles spent on input grad compute: 1
id: embedding_layer ,Total cycles spent idle waiting for fwd finish: 0
id: embedding_layer ,Total cycles spent idle waiting for weight grad finish: 0
id: embedding_layer ,Total cycles spent idle waiting for input grad finish: 0
id: embedding_layer ,Total cycles spent on fwd pass comm: 0
id: embedding_layer ,Total cycles spent on weight grad comm: 0
id: embedding_layer ,Total cycles spent on input grad comm: 0
*******************
Layer id: attention_column
Total collectives issued for this layer: 1
*************************  Workload stats  ************************* attention_column
id: attention_column ,Total cycles spent on fwd pass compute: 1
id: attention_column ,Total cycles spent on weight grad compute: 1
id: attention_column ,Total cycles spent on input grad compute: 1
id: attention_column ,Total cycles spent idle waiting for fwd finish: 24460
id: attention_column ,Total cycles spent idle waiting for weight grad finish: 0
id: attention_column ,Total cycles spent idle waiting for input grad finish: 0
id: attention_column ,Total cycles spent on fwd pass comm: 24460
id: attention_column ,Total cycles spent on weight grad comm: 0
id: attention_column ,Total cycles spent on input grad comm: 0
*******************
Layer id: attention_row
Total collectives issued for this layer: 1
*************************  Workload stats  ************************* attention_row
id: attention_row ,Total cycles spent on fwd pass compute: 1
id: attention_row ,Total cycles spent on weight grad compute: 1
id: attention_row ,Total cycles spent on input grad compute: 1
id: attention_row ,Total cycles spent idle waiting for fwd finish: 24460
id: attention_row ,Total cycles spent idle waiting for weight grad finish: 0
id: attention_row ,Total cycles spent idle waiting for input grad finish: 0
id: attention_row ,Total cycles spent on fwd pass comm: 24460
id: attention_row ,Total cycles spent on weight grad comm: 0
id: attention_row ,Total cycles spent on input grad comm: 0
*******************
Layer id: mlp_moelayer
Total collectives issued for this layer: 2
*************************  Workload stats  ************************* mlp_moelayer
id: mlp_moelayer ,Total cycles spent on fwd pass compute: 1
id: mlp_moelayer ,Total cycles spent on weight grad compute: 1
id: mlp_moelayer ,Total cycles spent on input grad compute: 1
id: mlp_moelayer ,Total cycles spent idle waiting for fwd finish: 1232
id: mlp_moelayer ,Total cycles spent idle waiting for weight grad finish: 0
id: mlp_moelayer ,Total cycles spent idle waiting for input grad finish: 1232
id: mlp_moelayer ,Total cycles spent on fwd pass comm: 1232
id: mlp_moelayer ,Total cycles spent on weight grad comm: 0
id: mlp_moelayer ,Total cycles spent on input grad comm: 1232
*******************
Layer id: mlp_moelayer
Total collectives issued for this layer: 2
*************************  Workload stats  ************************* mlp_moelayer
id: mlp_moelayer ,Total cycles spent on fwd pass compute: 1
id: mlp_moelayer ,Total cycles spent on weight grad compute: 1
id: mlp_moelayer ,Total cycles spent on input grad compute: 1
id: mlp_moelayer ,Total cycles spent idle waiting for fwd finish: 12810
id: mlp_moelayer ,Total cycles spent idle waiting for weight grad finish: 0
id: mlp_moelayer ,Total cycles spent idle waiting for input grad finish: 12810
id: mlp_moelayer ,Total cycles spent on fwd pass comm: 12810
id: mlp_moelayer ,Total cycles spent on weight grad comm: 0
id: mlp_moelayer ,Total cycles spent on input grad comm: 12810
*******************
Layer id: mlp_moelayer
Total collectives issued for this layer: 2
*************************  Workload stats  ************************* mlp_moelayer
id: mlp_moelayer ,Total cycles spent on fwd pass compute: 1
id: mlp_moelayer ,Total cycles spent on weight grad compute: 1
id: mlp_moelayer ,Total cycles spent on input grad compute: 1
id: mlp_moelayer ,Total cycles spent idle waiting for fwd finish: 47763
id: mlp_moelayer ,Total cycles spent idle waiting for weight grad finish: 0
id: mlp_moelayer ,Total cycles spent idle waiting for input grad finish: 47763
id: mlp_moelayer ,Total cycles spent on fwd pass comm: 47763
id: mlp_moelayer ,Total cycles spent on weight grad comm: 0
id: mlp_moelayer ,Total cycles spent on input grad comm: 47763
*******************
Layer id: mlp_moelayer
Total collectives issued for this layer: 2
*************************  Workload stats  ************************* mlp_moelayer
id: mlp_moelayer ,Total cycles spent on fwd pass compute: 1
id: mlp_moelayer ,Total cycles spent on weight grad compute: 1
id: mlp_moelayer ,Total cycles spent on input grad compute: 1
id: mlp_moelayer ,Total cycles spent idle waiting for fwd finish: 47762
id: mlp_moelayer ,Total cycles spent idle waiting for weight grad finish: 0
id: mlp_moelayer ,Total cycles spent idle waiting for input grad finish: 94366
id: mlp_moelayer ,Total cycles spent on fwd pass comm: 47762
id: mlp_moelayer ,Total cycles spent on weight grad comm: 0
id: mlp_moelayer ,Total cycles spent on input grad comm: 94366
*******************
Layer id: mlp_moelayer
Total collectives issued for this layer: 2
*************************  Workload stats  ************************* mlp_moelayer
id: mlp_moelayer ,Total cycles spent on fwd pass compute: 1
id: mlp_moelayer ,Total cycles spent on weight grad compute: 1
id: mlp_moelayer ,Total cycles spent on input grad compute: 1
id: mlp_moelayer ,Total cycles spent idle waiting for fwd finish: 47762
id: mlp_moelayer ,Total cycles spent idle waiting for weight grad finish: 0
id: mlp_moelayer ,Total cycles spent idle waiting for input grad finish: 47762
id: mlp_moelayer ,Total cycles spent on fwd pass comm: 47762
id: mlp_moelayer ,Total cycles spent on weight grad comm: 0
id: mlp_moelayer ,Total cycles spent on input grad comm: 47762
*******************
Layer id: mlp_moelayer
Total collectives issued for this layer: 2
*************************  Workload stats  ************************* mlp_moelayer
id: mlp_moelayer ,Total cycles spent on fwd pass compute: 1
id: mlp_moelayer ,Total cycles spent on weight grad compute: 1
id: mlp_moelayer ,Total cycles spent on input grad compute: 1
id: mlp_moelayer ,Total cycles spent idle waiting for fwd finish: 47763
id: mlp_moelayer ,Total cycles spent idle waiting for weight grad finish: 0
id: mlp_moelayer ,Total cycles spent idle waiting for input grad finish: 47763
id: mlp_moelayer ,Total cycles spent on fwd pass comm: 47763
id: mlp_moelayer ,Total cycles spent on weight grad comm: 0
id: mlp_moelayer ,Total cycles spent on input grad comm: 47763
*******************
Layer id: mlp_moelayer
Total collectives issued for this layer: 2
*************************  Workload stats  ************************* mlp_moelayer
id: mlp_moelayer ,Total cycles spent on fwd pass compute: 1
id: mlp_moelayer ,Total cycles spent on weight grad compute: 1
id: mlp_moelayer ,Total cycles spent on input grad compute: 1
id: mlp_moelayer ,Total cycles spent idle waiting for fwd finish: 12810
id: mlp_moelayer ,Total cycles spent idle waiting for weight grad finish: 0
id: mlp_moelayer ,Total cycles spent idle waiting for input grad finish: 12810
id: mlp_moelayer ,Total cycles spent on fwd pass comm: 12810
id: mlp_moelayer ,Total cycles spent on weight grad comm: 0
id: mlp_moelayer ,Total cycles spent on input grad comm: 12810
*******************
Layer id: attention_column
Total collectives issued for this layer: 1
*************************  Workload stats  ************************* attention_column
id: attention_column ,Total cycles spent on fwd pass compute: 1
id: attention_column ,Total cycles spent on weight grad compute: 1
id: attention_column ,Total cycles spent on input grad compute: 1
id: attention_column ,Total cycles spent idle waiting for fwd finish: 24460
id: attention_column ,Total cycles spent idle waiting for weight grad finish: 0
id: attention_column ,Total cycles spent idle waiting for input grad finish: 0
id: attention_column ,Total cycles spent on fwd pass comm: 24460
id: attention_column ,Total cycles spent on weight grad comm: 0
id: attention_column ,Total cycles spent on input grad comm: 0
*******************
Layer id: attention_row
Total collectives issued for this layer: 1
*************************  Workload stats  ************************* attention_row
id: attention_row ,Total cycles spent on fwd pass compute: 1
id: attention_row ,Total cycles spent on weight grad compute: 1
id: attention_row ,Total cycles spent on input grad compute: 1
id: attention_row ,Total cycles spent idle waiting for fwd finish: 24460
id: attention_row ,Total cycles spent idle waiting for weight grad finish: 0
id: attention_row ,Total cycles spent idle waiting for input grad finish: 0
id: attention_row ,Total cycles spent on fwd pass comm: 24460
id: attention_row ,Total cycles spent on weight grad comm: 0
id: attention_row ,Total cycles spent on input grad comm: 0
*******************
Layer id: mlp_moelayer
Total collectives issued for this layer: 2
*************************  Workload stats  ************************* mlp_moelayer
id: mlp_moelayer ,Total cycles spent on fwd pass compute: 1
id: mlp_moelayer ,Total cycles spent on weight grad compute: 1
id: mlp_moelayer ,Total cycles spent on input grad compute: 1
id: mlp_moelayer ,Total cycles spent idle waiting for fwd finish: 1232
id: mlp_moelayer ,Total cycles spent idle waiting for weight grad finish: 0
id: mlp_moelayer ,Total cycles spent idle waiting for input grad finish: 1232
id: mlp_moelayer ,Total cycles spent on fwd pass comm: 1232
id: mlp_moelayer ,Total cycles spent on weight grad comm: 0
id: mlp_moelayer ,Total cycles spent on input grad comm: 1232
*******************
Layer id: mlp_moelayer
Total collectives issued for this layer: 2
*************************  Workload stats  ************************* mlp_moelayer
id: mlp_moelayer ,Total cycles spent on fwd pass compute: 1
id: mlp_moelayer ,Total cycles spent on weight grad compute: 1
id: mlp_moelayer ,Total cycles spent on input grad compute: 1
id: mlp_moelayer ,Total cycles spent idle waiting for fwd finish: 12810
id: mlp_moelayer ,Total cycles spent idle waiting for weight grad finish: 0
id: mlp_moelayer ,Total cycles spent idle waiting for input grad finish: 12810
id: mlp_moelayer ,Total cycles spent on fwd pass comm: 12810
id: mlp_moelayer ,Total cycles spent on weight grad comm: 0
id: mlp_moelayer ,Total cycles spent on input grad comm: 12810
*******************
Layer id: mlp_moelayer
Total collectives issued for this layer: 2
*************************  Workload stats  ************************* mlp_moelayer
id: mlp_moelayer ,Total cycles spent on fwd pass compute: 1
id: mlp_moelayer ,Total cycles spent on weight grad compute: 1
id: mlp_moelayer ,Total cycles spent on input grad compute: 1
id: mlp_moelayer ,Total cycles spent idle waiting for fwd finish: 47763
id: mlp_moelayer ,Total cycles spent idle waiting for weight grad finish: 0
id: mlp_moelayer ,Total cycles spent idle waiting for input grad finish: 47763
id: mlp_moelayer ,Total cycles spent on fwd pass comm: 47763
id: mlp_moelayer ,Total cycles spent on weight grad comm: 0
id: mlp_moelayer ,Total cycles spent on input grad comm: 47763
*******************
Layer id: mlp_moelayer
Total collectives issued for this layer: 2
*************************  Workload stats  ************************* mlp_moelayer
id: mlp_moelayer ,Total cycles spent on fwd pass compute: 1
id: mlp_moelayer ,Total cycles spent on weight grad compute: 1
id: mlp_moelayer ,Total cycles spent on input grad compute: 1
id: mlp_moelayer ,Total cycles spent idle waiting for fwd finish: 47762
id: mlp_moelayer ,Total cycles spent idle waiting for weight grad finish: 0
id: mlp_moelayer ,Total cycles spent idle waiting for input grad finish: 94366
id: mlp_moelayer ,Total cycles spent on fwd pass comm: 47762
id: mlp_moelayer ,Total cycles spent on weight grad comm: 0
id: mlp_moelayer ,Total cycles spent on input grad comm: 94366
*******************
Layer id: mlp_moelayer
Total collectives issued for this layer: 2
*************************  Workload stats  ************************* mlp_moelayer
id: mlp_moelayer ,Total cycles spent on fwd pass compute: 1
id: mlp_moelayer ,Total cycles spent on weight grad compute: 1
id: mlp_moelayer ,Total cycles spent on input grad compute: 1
id: mlp_moelayer ,Total cycles spent idle waiting for fwd finish: 47762
id: mlp_moelayer ,Total cycles spent idle waiting for weight grad finish: 0
id: mlp_moelayer ,Total cycles spent idle waiting for input grad finish: 47762
id: mlp_moelayer ,Total cycles spent on fwd pass comm: 47762
id: mlp_moelayer ,Total cycles spent on weight grad comm: 0
id: mlp_moelayer ,Total cycles spent on input grad comm: 47762
*******************
Layer id: mlp_moelayer
Total collectives issued for this layer: 2
*************************  Workload stats  ************************* mlp_moelayer
id: mlp_moelayer ,Total cycles spent on fwd pass compute: 1
id: mlp_moelayer ,Total cycles spent on weight grad compute: 1
id: mlp_moelayer ,Total cycles spent on input grad compute: 1
id: mlp_moelayer ,Total cycles spent idle waiting for fwd finish: 47763
id: mlp_moelayer ,Total cycles spent idle waiting for weight grad finish: 0
id: mlp_moelayer ,Total cycles spent idle waiting for input grad finish: 47763
id: mlp_moelayer ,Total cycles spent on fwd pass comm: 47763
id: mlp_moelayer ,Total cycles spent on weight grad comm: 0
id: mlp_moelayer ,Total cycles spent on input grad comm: 47763
*******************
Layer id: mlp_moelayer
Total collectives issued for this layer: 2
*************************  Workload stats  ************************* mlp_moelayer
id: mlp_moelayer ,Total cycles spent on fwd pass compute: 1
id: mlp_moelayer ,Total cycles spent on weight grad compute: 1
id: mlp_moelayer ,Total cycles spent on input grad compute: 1
id: mlp_moelayer ,Total cycles spent idle waiting for fwd finish: 12810
id: mlp_moelayer ,Total cycles spent idle waiting for weight grad finish: 0
id: mlp_moelayer ,Total cycles spent idle waiting for input grad finish: 12810
id: mlp_moelayer ,Total cycles spent on fwd pass comm: 12810
id: mlp_moelayer ,Total cycles spent on weight grad comm: 0
id: mlp_moelayer ,Total cycles spent on input grad comm: 12810
*******************
Layer id: attention_column
Total collectives issued for this layer: 1
*************************  Workload stats  ************************* attention_column
id: attention_column ,Total cycles spent on fwd pass compute: 1
id: attention_column ,Total cycles spent on weight grad compute: 1
id: attention_column ,Total cycles spent on input grad compute: 1
id: attention_column ,Total cycles spent idle waiting for fwd finish: 24460
id: attention_column ,Total cycles spent idle waiting for weight grad finish: 0
id: attention_column ,Total cycles spent idle waiting for input grad finish: 0
id: attention_column ,Total cycles spent on fwd pass comm: 24460
id: attention_column ,Total cycles spent on weight grad comm: 0
id: attention_column ,Total cycles spent on input grad comm: 0
*******************
Layer id: attention_row
Total collectives issued for this layer: 1
*************************  Workload stats  ************************* attention_row
id: attention_row ,Total cycles spent on fwd pass compute: 1
id: attention_row ,Total cycles spent on weight grad compute: 1
id: attention_row ,Total cycles spent on input grad compute: 1
id: attention_row ,Total cycles spent idle waiting for fwd finish: 24460
id: attention_row ,Total cycles spent idle waiting for weight grad finish: 0
id: attention_row ,Total cycles spent idle waiting for input grad finish: 0
id: attention_row ,Total cycles spent on fwd pass comm: 24460
id: attention_row ,Total cycles spent on weight grad comm: 0
id: attention_row ,Total cycles spent on input grad comm: 0
*******************
Layer id: mlp_moelayer
Total collectives issued for this layer: 2
*************************  Workload stats  ************************* mlp_moelayer
id: mlp_moelayer ,Total cycles spent on fwd pass compute: 1
id: mlp_moelayer ,Total cycles spent on weight grad compute: 1
id: mlp_moelayer ,Total cycles spent on input grad compute: 1
id: mlp_moelayer ,Total cycles spent idle waiting for fwd finish: 1232
id: mlp_moelayer ,Total cycles spent idle waiting for weight grad finish: 0
id: mlp_moelayer ,Total cycles spent idle waiting for input grad finish: 1232
id: mlp_moelayer ,Total cycles spent on fwd pass comm: 1232
id: mlp_moelayer ,Total cycles spent on weight grad comm: 0
id: mlp_moelayer ,Total cycles spent on input grad comm: 1232
*******************
Layer id: mlp_moelayer
Total collectives issued for this layer: 2
*************************  Workload stats  ************************* mlp_moelayer
id: mlp_moelayer ,Total cycles spent on fwd pass compute: 1
id: mlp_moelayer ,Total cycles spent on weight grad compute: 1
id: mlp_moelayer ,Total cycles spent on input grad compute: 1
id: mlp_moelayer ,Total cycles spent idle waiting for fwd finish: 12810
id: mlp_moelayer ,Total cycles spent idle waiting for weight grad finish: 0
id: mlp_moelayer ,Total cycles spent idle waiting for input grad finish: 12810
id: mlp_moelayer ,Total cycles spent on fwd pass comm: 12810
id: mlp_moelayer ,Total cycles spent on weight grad comm: 0
id: mlp_moelayer ,Total cycles spent on input grad comm: 12810
*******************
Layer id: mlp_moelayer
Total collectives issued for this layer: 2
*************************  Workload stats  ************************* mlp_moelayer
id: mlp_moelayer ,Total cycles spent on fwd pass compute: 1
id: mlp_moelayer ,Total cycles spent on weight grad compute: 1
id: mlp_moelayer ,Total cycles spent on input grad compute: 1
id: mlp_moelayer ,Total cycles spent idle waiting for fwd finish: 47763
id: mlp_moelayer ,Total cycles spent idle waiting for weight grad finish: 0
id: mlp_moelayer ,Total cycles spent idle waiting for input grad finish: 47763
id: mlp_moelayer ,Total cycles spent on fwd pass comm: 47763
id: mlp_moelayer ,Total cycles spent on weight grad comm: 0
id: mlp_moelayer ,Total cycles spent on input grad comm: 47763
*******************
Layer id: mlp_moelayer
Total collectives issued for this layer: 2
*************************  Workload stats  ************************* mlp_moelayer
id: mlp_moelayer ,Total cycles spent on fwd pass compute: 1
id: mlp_moelayer ,Total cycles spent on weight grad compute: 1
id: mlp_moelayer ,Total cycles spent on input grad compute: 1
id: mlp_moelayer ,Total cycles spent idle waiting for fwd finish: 47762
id: mlp_moelayer ,Total cycles spent idle waiting for weight grad finish: 0
id: mlp_moelayer ,Total cycles spent idle waiting for input grad finish: 94366
id: mlp_moelayer ,Total cycles spent on fwd pass comm: 47762
id: mlp_moelayer ,Total cycles spent on weight grad comm: 0
id: mlp_moelayer ,Total cycles spent on input grad comm: 94366
*******************
Layer id: mlp_moelayer
Total collectives issued for this layer: 2
*************************  Workload stats  ************************* mlp_moelayer
id: mlp_moelayer ,Total cycles spent on fwd pass compute: 1
id: mlp_moelayer ,Total cycles spent on weight grad compute: 1
id: mlp_moelayer ,Total cycles spent on input grad compute: 1
id: mlp_moelayer ,Total cycles spent idle waiting for fwd finish: 47762
id: mlp_moelayer ,Total cycles spent idle waiting for weight grad finish: 0
id: mlp_moelayer ,Total cycles spent idle waiting for input grad finish: 47762
id: mlp_moelayer ,Total cycles spent on fwd pass comm: 47762
id: mlp_moelayer ,Total cycles spent on weight grad comm: 0
id: mlp_moelayer ,Total cycles spent on input grad comm: 47762
*******************
Layer id: mlp_moelayer
Total collectives issued for this layer: 2
*************************  Workload stats  ************************* mlp_moelayer
id: mlp_moelayer ,Total cycles spent on fwd pass compute: 1
id: mlp_moelayer ,Total cycles spent on weight grad compute: 1
id: mlp_moelayer ,Total cycles spent on input grad compute: 1
id: mlp_moelayer ,Total cycles spent idle waiting for fwd finish: 47763
id: mlp_moelayer ,Total cycles spent idle waiting for weight grad finish: 0
id: mlp_moelayer ,Total cycles spent idle waiting for input grad finish: 47763
id: mlp_moelayer ,Total cycles spent on fwd pass comm: 47763
id: mlp_moelayer ,Total cycles spent on weight grad comm: 0
id: mlp_moelayer ,Total cycles spent on input grad comm: 47763
*******************
Layer id: mlp_moelayer
Total collectives issued for this layer: 2
*************************  Workload stats  ************************* mlp_moelayer
id: mlp_moelayer ,Total cycles spent on fwd pass compute: 1
id: mlp_moelayer ,Total cycles spent on weight grad compute: 1
id: mlp_moelayer ,Total cycles spent on input grad compute: 1
id: mlp_moelayer ,Total cycles spent idle waiting for fwd finish: 12810
id: mlp_moelayer ,Total cycles spent idle waiting for weight grad finish: 0
id: mlp_moelayer ,Total cycles spent idle waiting for input grad finish: 12810
id: mlp_moelayer ,Total cycles spent on fwd pass comm: 12810
id: mlp_moelayer ,Total cycles spent on weight grad comm: 0
id: mlp_moelayer ,Total cycles spent on input grad comm: 12810
*******************
Layer id: attention_column
Total collectives issued for this layer: 1
*************************  Workload stats  ************************* attention_column
id: attention_column ,Total cycles spent on fwd pass compute: 1
id: attention_column ,Total cycles spent on weight grad compute: 1
id: attention_column ,Total cycles spent on input grad compute: 1
id: attention_column ,Total cycles spent idle waiting for fwd finish: 24460
id: attention_column ,Total cycles spent idle waiting for weight grad finish: 0
id: attention_column ,Total cycles spent idle waiting for input grad finish: 0
id: attention_column ,Total cycles spent on fwd pass comm: 24460
id: attention_column ,Total cycles spent on weight grad comm: 0
id: attention_column ,Total cycles spent on input grad comm: 0
*******************
Layer id: attention_row
Total collectives issued for this layer: 1
*************************  Workload stats  ************************* attention_row
id: attention_row ,Total cycles spent on fwd pass compute: 1
id: attention_row ,Total cycles spent on weight grad compute: 1
id: attention_row ,Total cycles spent on input grad compute: 1
id: attention_row ,Total cycles spent idle waiting for fwd finish: 24460
id: attention_row ,Total cycles spent idle waiting for weight grad finish: 0
id: attention_row ,Total cycles spent idle waiting for input grad finish: 0
id: attention_row ,Total cycles spent on fwd pass comm: 24460
id: attention_row ,Total cycles spent on weight grad comm: 0
id: attention_row ,Total cycles spent on input grad comm: 0
*******************
Layer id: mlp_moelayer
Total collectives issued for this layer: 2
*************************  Workload stats  ************************* mlp_moelayer
id: mlp_moelayer ,Total cycles spent on fwd pass compute: 1
id: mlp_moelayer ,Total cycles spent on weight grad compute: 1
id: mlp_moelayer ,Total cycles spent on input grad compute: 1
id: mlp_moelayer ,Total cycles spent idle waiting for fwd finish: 1232
id: mlp_moelayer ,Total cycles spent idle waiting for weight grad finish: 0
id: mlp_moelayer ,Total cycles spent idle waiting for input grad finish: 1232
id: mlp_moelayer ,Total cycles spent on fwd pass comm: 1232
id: mlp_moelayer ,Total cycles spent on weight grad comm: 0
id: mlp_moelayer ,Total cycles spent on input grad comm: 1232
*******************
Layer id: mlp_moelayer
Total collectives issued for this layer: 2
*************************  Workload stats  ************************* mlp_moelayer
id: mlp_moelayer ,Total cycles spent on fwd pass compute: 1
id: mlp_moelayer ,Total cycles spent on weight grad compute: 1
id: mlp_moelayer ,Total cycles spent on input grad compute: 1
id: mlp_moelayer ,Total cycles spent idle waiting for fwd finish: 12810
id: mlp_moelayer ,Total cycles spent idle waiting for weight grad finish: 0
id: mlp_moelayer ,Total cycles spent idle waiting for input grad finish: 12810
id: mlp_moelayer ,Total cycles spent on fwd pass comm: 12810
id: mlp_moelayer ,Total cycles spent on weight grad comm: 0
id: mlp_moelayer ,Total cycles spent on input grad comm: 12810
*******************
Layer id: mlp_moelayer
Total collectives issued for this layer: 2
*************************  Workload stats  ************************* mlp_moelayer
id: mlp_moelayer ,Total cycles spent on fwd pass compute: 1
id: mlp_moelayer ,Total cycles spent on weight grad compute: 1
id: mlp_moelayer ,Total cycles spent on input grad compute: 1
id: mlp_moelayer ,Total cycles spent idle waiting for fwd finish: 47763
id: mlp_moelayer ,Total cycles spent idle waiting for weight grad finish: 0
id: mlp_moelayer ,Total cycles spent idle waiting for input grad finish: 47763
id: mlp_moelayer ,Total cycles spent on fwd pass comm: 47763
id: mlp_moelayer ,Total cycles spent on weight grad comm: 0
id: mlp_moelayer ,Total cycles spent on input grad comm: 47763
*******************
Layer id: mlp_moelayer
Total collectives issued for this layer: 2
*************************  Workload stats  ************************* mlp_moelayer
id: mlp_moelayer ,Total cycles spent on fwd pass compute: 1
id: mlp_moelayer ,Total cycles spent on weight grad compute: 1
id: mlp_moelayer ,Total cycles spent on input grad compute: 1
id: mlp_moelayer ,Total cycles spent idle waiting for fwd finish: 47762
id: mlp_moelayer ,Total cycles spent idle waiting for weight grad finish: 0
id: mlp_moelayer ,Total cycles spent idle waiting for input grad finish: 94366
id: mlp_moelayer ,Total cycles spent on fwd pass comm: 47762
id: mlp_moelayer ,Total cycles spent on weight grad comm: 0
id: mlp_moelayer ,Total cycles spent on input grad comm: 94366
*******************
Layer id: mlp_moelayer
Total collectives issued for this layer: 2
*************************  Workload stats  ************************* mlp_moelayer
id: mlp_moelayer ,Total cycles spent on fwd pass compute: 1
id: mlp_moelayer ,Total cycles spent on weight grad compute: 1
id: mlp_moelayer ,Total cycles spent on input grad compute: 1
id: mlp_moelayer ,Total cycles spent idle waiting for fwd finish: 47762
id: mlp_moelayer ,Total cycles spent idle waiting for weight grad finish: 0
id: mlp_moelayer ,Total cycles spent idle waiting for input grad finish: 47762
id: mlp_moelayer ,Total cycles spent on fwd pass comm: 47762
id: mlp_moelayer ,Total cycles spent on weight grad comm: 0
id: mlp_moelayer ,Total cycles spent on input grad comm: 47762
*******************
Layer id: mlp_moelayer
Total collectives issued for this layer: 2
*************************  Workload stats  ************************* mlp_moelayer
id: mlp_moelayer ,Total cycles spent on fwd pass compute: 1
id: mlp_moelayer ,Total cycles spent on weight grad compute: 1
id: mlp_moelayer ,Total cycles spent on input grad compute: 1
id: mlp_moelayer ,Total cycles spent idle waiting for fwd finish: 47763
id: mlp_moelayer ,Total cycles spent idle waiting for weight grad finish: 0
id: mlp_moelayer ,Total cycles spent idle waiting for input grad finish: 47763
id: mlp_moelayer ,Total cycles spent on fwd pass comm: 47763
id: mlp_moelayer ,Total cycles spent on weight grad comm: 0
id: mlp_moelayer ,Total cycles spent on input grad comm: 47763
*******************
Layer id: mlp_moelayer
Total collectives issued for this layer: 2
*************************  Workload stats  ************************* mlp_moelayer
id: mlp_moelayer ,Total cycles spent on fwd pass compute: 1
id: mlp_moelayer ,Total cycles spent on weight grad compute: 1
id: mlp_moelayer ,Total cycles spent on input grad compute: 1
id: mlp_moelayer ,Total cycles spent idle waiting for fwd finish: 12810
id: mlp_moelayer ,Total cycles spent idle waiting for weight grad finish: 0
id: mlp_moelayer ,Total cycles spent idle waiting for input grad finish: 12810
id: mlp_moelayer ,Total cycles spent on fwd pass comm: 12810
id: mlp_moelayer ,Total cycles spent on weight grad comm: 0
id: mlp_moelayer ,Total cycles spent on input grad comm: 12810
*******************
Layer id: attention_column
Total collectives issued for this layer: 1
*************************  Workload stats  ************************* attention_column
id: attention_column ,Total cycles spent on fwd pass compute: 1
id: attention_column ,Total cycles spent on weight grad compute: 1
id: attention_column ,Total cycles spent on input grad compute: 1
id: attention_column ,Total cycles spent idle waiting for fwd finish: 24460
id: attention_column ,Total cycles spent idle waiting for weight grad finish: 0
id: attention_column ,Total cycles spent idle waiting for input grad finish: 0
id: attention_column ,Total cycles spent on fwd pass comm: 24460
id: attention_column ,Total cycles spent on weight grad comm: 0
id: attention_column ,Total cycles spent on input grad comm: 0
*******************
Layer id: attention_row
Total collectives issued for this layer: 1
*************************  Workload stats  ************************* attention_row
id: attention_row ,Total cycles spent on fwd pass compute: 1
id: attention_row ,Total cycles spent on weight grad compute: 1
id: attention_row ,Total cycles spent on input grad compute: 1
id: attention_row ,Total cycles spent idle waiting for fwd finish: 24460
id: attention_row ,Total cycles spent idle waiting for weight grad finish: 0
id: attention_row ,Total cycles spent idle waiting for input grad finish: 0
id: attention_row ,Total cycles spent on fwd pass comm: 24460
id: attention_row ,Total cycles spent on weight grad comm: 0
id: attention_row ,Total cycles spent on input grad comm: 0
*******************
Layer id: mlp_moelayer
Total collectives issued for this layer: 2
*************************  Workload stats  ************************* mlp_moelayer
id: mlp_moelayer ,Total cycles spent on fwd pass compute: 1
id: mlp_moelayer ,Total cycles spent on weight grad compute: 1
id: mlp_moelayer ,Total cycles spent on input grad compute: 1
id: mlp_moelayer ,Total cycles spent idle waiting for fwd finish: 1232
id: mlp_moelayer ,Total cycles spent idle waiting for weight grad finish: 0
id: mlp_moelayer ,Total cycles spent idle waiting for input grad finish: 1232
id: mlp_moelayer ,Total cycles spent on fwd pass comm: 1232
id: mlp_moelayer ,Total cycles spent on weight grad comm: 0
id: mlp_moelayer ,Total cycles spent on input grad comm: 1232
*******************
Layer id: mlp_moelayer
Total collectives issued for this layer: 2
*************************  Workload stats  ************************* mlp_moelayer
id: mlp_moelayer ,Total cycles spent on fwd pass compute: 1
id: mlp_moelayer ,Total cycles spent on weight grad compute: 1
id: mlp_moelayer ,Total cycles spent on input grad compute: 1
id: mlp_moelayer ,Total cycles spent idle waiting for fwd finish: 12810
id: mlp_moelayer ,Total cycles spent idle waiting for weight grad finish: 0
id: mlp_moelayer ,Total cycles spent idle waiting for input grad finish: 12810
id: mlp_moelayer ,Total cycles spent on fwd pass comm: 12810
id: mlp_moelayer ,Total cycles spent on weight grad comm: 0
id: mlp_moelayer ,Total cycles spent on input grad comm: 12810
*******************
Layer id: mlp_moelayer
Total collectives issued for this layer: 2
*************************  Workload stats  ************************* mlp_moelayer
id: mlp_moelayer ,Total cycles spent on fwd pass compute: 1
id: mlp_moelayer ,Total cycles spent on weight grad compute: 1
id: mlp_moelayer ,Total cycles spent on input grad compute: 1
id: mlp_moelayer ,Total cycles spent idle waiting for fwd finish: 47763
id: mlp_moelayer ,Total cycles spent idle waiting for weight grad finish: 0
id: mlp_moelayer ,Total cycles spent idle waiting for input grad finish: 47763
id: mlp_moelayer ,Total cycles spent on fwd pass comm: 47763
id: mlp_moelayer ,Total cycles spent on weight grad comm: 0
id: mlp_moelayer ,Total cycles spent on input grad comm: 47763
*******************
Layer id: mlp_moelayer
Total collectives issued for this layer: 2
*************************  Workload stats  ************************* mlp_moelayer
id: mlp_moelayer ,Total cycles spent on fwd pass compute: 1
id: mlp_moelayer ,Total cycles spent on weight grad compute: 1
id: mlp_moelayer ,Total cycles spent on input grad compute: 1
id: mlp_moelayer ,Total cycles spent idle waiting for fwd finish: 47762
id: mlp_moelayer ,Total cycles spent idle waiting for weight grad finish: 0
id: mlp_moelayer ,Total cycles spent idle waiting for input grad finish: 94366
id: mlp_moelayer ,Total cycles spent on fwd pass comm: 47762
id: mlp_moelayer ,Total cycles spent on weight grad comm: 0
id: mlp_moelayer ,Total cycles spent on input grad comm: 94366
*******************
Layer id: mlp_moelayer
Total collectives issued for this layer: 2
*************************  Workload stats  ************************* mlp_moelayer
id: mlp_moelayer ,Total cycles spent on fwd pass compute: 1
id: mlp_moelayer ,Total cycles spent on weight grad compute: 1
id: mlp_moelayer ,Total cycles spent on input grad compute: 1
id: mlp_moelayer ,Total cycles spent idle waiting for fwd finish: 47762
id: mlp_moelayer ,Total cycles spent idle waiting for weight grad finish: 0
id: mlp_moelayer ,Total cycles spent idle waiting for input grad finish: 47762
id: mlp_moelayer ,Total cycles spent on fwd pass comm: 47762
id: mlp_moelayer ,Total cycles spent on weight grad comm: 0
id: mlp_moelayer ,Total cycles spent on input grad comm: 47762
*******************
Layer id: mlp_moelayer
Total collectives issued for this layer: 2
*************************  Workload stats  ************************* mlp_moelayer
id: mlp_moelayer ,Total cycles spent on fwd pass compute: 1
id: mlp_moelayer ,Total cycles spent on weight grad compute: 1
id: mlp_moelayer ,Total cycles spent on input grad compute: 1
id: mlp_moelayer ,Total cycles spent idle waiting for fwd finish: 47763
id: mlp_moelayer ,Total cycles spent idle waiting for weight grad finish: 0
id: mlp_moelayer ,Total cycles spent idle waiting for input grad finish: 47763
id: mlp_moelayer ,Total cycles spent on fwd pass comm: 47763
id: mlp_moelayer ,Total cycles spent on weight grad comm: 0
id: mlp_moelayer ,Total cycles spent on input grad comm: 47763
*******************
Layer id: mlp_moelayer
Total collectives issued for this layer: 2
*************************  Workload stats  ************************* mlp_moelayer
id: mlp_moelayer ,Total cycles spent on fwd pass compute: 1
id: mlp_moelayer ,Total cycles spent on weight grad compute: 1
id: mlp_moelayer ,Total cycles spent on input grad compute: 1
id: mlp_moelayer ,Total cycles spent idle waiting for fwd finish: 12810
id: mlp_moelayer ,Total cycles spent idle waiting for weight grad finish: 0
id: mlp_moelayer ,Total cycles spent idle waiting for input grad finish: 12810
id: mlp_moelayer ,Total cycles spent on fwd pass comm: 12810
id: mlp_moelayer ,Total cycles spent on weight grad comm: 0
id: mlp_moelayer ,Total cycles spent on input grad comm: 12810
*******************
Layer id: attention_column
Total collectives issued for this layer: 1
*************************  Workload stats  ************************* attention_column
id: attention_column ,Total cycles spent on fwd pass compute: 1
id: attention_column ,Total cycles spent on weight grad compute: 1
id: attention_column ,Total cycles spent on input grad compute: 1
id: attention_column ,Total cycles spent idle waiting for fwd finish: 24460
id: attention_column ,Total cycles spent idle waiting for weight grad finish: 0
id: attention_column ,Total cycles spent idle waiting for input grad finish: 0
id: attention_column ,Total cycles spent on fwd pass comm: 24460
id: attention_column ,Total cycles spent on weight grad comm: 0
id: attention_column ,Total cycles spent on input grad comm: 0
*******************
Layer id: attention_row
Total collectives issued for this layer: 1
*************************  Workload stats  ************************* attention_row
id: attention_row ,Total cycles spent on fwd pass compute: 1
id: attention_row ,Total cycles spent on weight grad compute: 1
id: attention_row ,Total cycles spent on input grad compute: 1
id: attention_row ,Total cycles spent idle waiting for fwd finish: 24460
id: attention_row ,Total cycles spent idle waiting for weight grad finish: 0
id: attention_row ,Total cycles spent idle waiting for input grad finish: 0
id: attention_row ,Total cycles spent on fwd pass comm: 24460
id: attention_row ,Total cycles spent on weight grad comm: 0
id: attention_row ,Total cycles spent on input grad comm: 0
*******************
Layer id: mlp_moelayer
Total collectives issued for this layer: 2
*************************  Workload stats  ************************* mlp_moelayer
id: mlp_moelayer ,Total cycles spent on fwd pass compute: 1
id: mlp_moelayer ,Total cycles spent on weight grad compute: 1
id: mlp_moelayer ,Total cycles spent on input grad compute: 1
id: mlp_moelayer ,Total cycles spent idle waiting for fwd finish: 1232
id: mlp_moelayer ,Total cycles spent idle waiting for weight grad finish: 0
id: mlp_moelayer ,Total cycles spent idle waiting for input grad finish: 1232
id: mlp_moelayer ,Total cycles spent on fwd pass comm: 1232
id: mlp_moelayer ,Total cycles spent on weight grad comm: 0
id: mlp_moelayer ,Total cycles spent on input grad comm: 1232
*******************
Layer id: mlp_moelayer
Total collectives issued for this layer: 2
*************************  Workload stats  ************************* mlp_moelayer
id: mlp_moelayer ,Total cycles spent on fwd pass compute: 1
id: mlp_moelayer ,Total cycles spent on weight grad compute: 1
id: mlp_moelayer ,Total cycles spent on input grad compute: 1
id: mlp_moelayer ,Total cycles spent idle waiting for fwd finish: 12810
id: mlp_moelayer ,Total cycles spent idle waiting for weight grad finish: 0
id: mlp_moelayer ,Total cycles spent idle waiting for input grad finish: 12810
id: mlp_moelayer ,Total cycles spent on fwd pass comm: 12810
id: mlp_moelayer ,Total cycles spent on weight grad comm: 0
id: mlp_moelayer ,Total cycles spent on input grad comm: 12810
*******************
Layer id: mlp_moelayer
Total collectives issued for this layer: 2
*************************  Workload stats  ************************* mlp_moelayer
id: mlp_moelayer ,Total cycles spent on fwd pass compute: 1
id: mlp_moelayer ,Total cycles spent on weight grad compute: 1
id: mlp_moelayer ,Total cycles spent on input grad compute: 1
id: mlp_moelayer ,Total cycles spent idle waiting for fwd finish: 47763
id: mlp_moelayer ,Total cycles spent idle waiting for weight grad finish: 0
id: mlp_moelayer ,Total cycles spent idle waiting for input grad finish: 47763
id: mlp_moelayer ,Total cycles spent on fwd pass comm: 47763
id: mlp_moelayer ,Total cycles spent on weight grad comm: 0
id: mlp_moelayer ,Total cycles spent on input grad comm: 47763
*******************
Layer id: mlp_moelayer
Total collectives issued for this layer: 2
*************************  Workload stats  ************************* mlp_moelayer
id: mlp_moelayer ,Total cycles spent on fwd pass compute: 1
id: mlp_moelayer ,Total cycles spent on weight grad compute: 1
id: mlp_moelayer ,Total cycles spent on input grad compute: 1
id: mlp_moelayer ,Total cycles spent idle waiting for fwd finish: 47762
id: mlp_moelayer ,Total cycles spent idle waiting for weight grad finish: 0
id: mlp_moelayer ,Total cycles spent idle waiting for input grad finish: 94366
id: mlp_moelayer ,Total cycles spent on fwd pass comm: 47762
id: mlp_moelayer ,Total cycles spent on weight grad comm: 0
id: mlp_moelayer ,Total cycles spent on input grad comm: 94366
*******************
Layer id: mlp_moelayer
Total collectives issued for this layer: 2
*************************  Workload stats  ************************* mlp_moelayer
id: mlp_moelayer ,Total cycles spent on fwd pass compute: 1
id: mlp_moelayer ,Total cycles spent on weight grad compute: 1
id: mlp_moelayer ,Total cycles spent on input grad compute: 1
id: mlp_moelayer ,Total cycles spent idle waiting for fwd finish: 47762
id: mlp_moelayer ,Total cycles spent idle waiting for weight grad finish: 0
id: mlp_moelayer ,Total cycles spent idle waiting for input grad finish: 47762
id: mlp_moelayer ,Total cycles spent on fwd pass comm: 47762
id: mlp_moelayer ,Total cycles spent on weight grad comm: 0
id: mlp_moelayer ,Total cycles spent on input grad comm: 47762
*******************
Layer id: mlp_moelayer
Total collectives issued for this layer: 2
*************************  Workload stats  ************************* mlp_moelayer
id: mlp_moelayer ,Total cycles spent on fwd pass compute: 1
id: mlp_moelayer ,Total cycles spent on weight grad compute: 1
id: mlp_moelayer ,Total cycles spent on input grad compute: 1
id: mlp_moelayer ,Total cycles spent idle waiting for fwd finish: 47763
id: mlp_moelayer ,Total cycles spent idle waiting for weight grad finish: 0
id: mlp_moelayer ,Total cycles spent idle waiting for input grad finish: 47763
id: mlp_moelayer ,Total cycles spent on fwd pass comm: 47763
id: mlp_moelayer ,Total cycles spent on weight grad comm: 0
id: mlp_moelayer ,Total cycles spent on input grad comm: 47763
*******************
Layer id: mlp_moelayer
Total collectives issued for this layer: 2
*************************  Workload stats  ************************* mlp_moelayer
id: mlp_moelayer ,Total cycles spent on fwd pass compute: 1
id: mlp_moelayer ,Total cycles spent on weight grad compute: 1
id: mlp_moelayer ,Total cycles spent on input grad compute: 1
id: mlp_moelayer ,Total cycles spent idle waiting for fwd finish: 12810
id: mlp_moelayer ,Total cycles spent idle waiting for weight grad finish: 0
id: mlp_moelayer ,Total cycles spent idle waiting for input grad finish: 12810
id: mlp_moelayer ,Total cycles spent on fwd pass comm: 12810
id: mlp_moelayer ,Total cycles spent on weight grad comm: 0
id: mlp_moelayer ,Total cycles spent on input grad comm: 12810
*******************
Layer id: attention_column
Total collectives issued for this layer: 1
*************************  Workload stats  ************************* attention_column
id: attention_column ,Total cycles spent on fwd pass compute: 1
id: attention_column ,Total cycles spent on weight grad compute: 1
id: attention_column ,Total cycles spent on input grad compute: 1
id: attention_column ,Total cycles spent idle waiting for fwd finish: 24460
id: attention_column ,Total cycles spent idle waiting for weight grad finish: 0
id: attention_column ,Total cycles spent idle waiting for input grad finish: 0
id: attention_column ,Total cycles spent on fwd pass comm: 24460
id: attention_column ,Total cycles spent on weight grad comm: 0
id: attention_column ,Total cycles spent on input grad comm: 0
*******************
Layer id: attention_row
Total collectives issued for this layer: 1
*************************  Workload stats  ************************* attention_row
id: attention_row ,Total cycles spent on fwd pass compute: 1
id: attention_row ,Total cycles spent on weight grad compute: 1
id: attention_row ,Total cycles spent on input grad compute: 1
id: attention_row ,Total cycles spent idle waiting for fwd finish: 24460
id: attention_row ,Total cycles spent idle waiting for weight grad finish: 0
id: attention_row ,Total cycles spent idle waiting for input grad finish: 0
id: attention_row ,Total cycles spent on fwd pass comm: 24460
id: attention_row ,Total cycles spent on weight grad comm: 0
id: attention_row ,Total cycles spent on input grad comm: 0
*******************
Layer id: mlp_moelayer
Total collectives issued for this layer: 2
*************************  Workload stats  ************************* mlp_moelayer
id: mlp_moelayer ,Total cycles spent on fwd pass compute: 1
id: mlp_moelayer ,Total cycles spent on weight grad compute: 1
id: mlp_moelayer ,Total cycles spent on input grad compute: 1
id: mlp_moelayer ,Total cycles spent idle waiting for fwd finish: 1232
id: mlp_moelayer ,Total cycles spent idle waiting for weight grad finish: 0
id: mlp_moelayer ,Total cycles spent idle waiting for input grad finish: 1232
id: mlp_moelayer ,Total cycles spent on fwd pass comm: 1232
id: mlp_moelayer ,Total cycles spent on weight grad comm: 0
id: mlp_moelayer ,Total cycles spent on input grad comm: 1232
*******************
Layer id: mlp_moelayer
Total collectives issued for this layer: 2
*************************  Workload stats  ************************* mlp_moelayer
id: mlp_moelayer ,Total cycles spent on fwd pass compute: 1
id: mlp_moelayer ,Total cycles spent on weight grad compute: 1
id: mlp_moelayer ,Total cycles spent on input grad compute: 1
id: mlp_moelayer ,Total cycles spent idle waiting for fwd finish: 12810
id: mlp_moelayer ,Total cycles spent idle waiting for weight grad finish: 0
id: mlp_moelayer ,Total cycles spent idle waiting for input grad finish: 12810
id: mlp_moelayer ,Total cycles spent on fwd pass comm: 12810
id: mlp_moelayer ,Total cycles spent on weight grad comm: 0
id: mlp_moelayer ,Total cycles spent on input grad comm: 12810
*******************
Layer id: mlp_moelayer
Total collectives issued for this layer: 2
*************************  Workload stats  ************************* mlp_moelayer
id: mlp_moelayer ,Total cycles spent on fwd pass compute: 1
id: mlp_moelayer ,Total cycles spent on weight grad compute: 1
id: mlp_moelayer ,Total cycles spent on input grad compute: 1
id: mlp_moelayer ,Total cycles spent idle waiting for fwd finish: 47763
id: mlp_moelayer ,Total cycles spent idle waiting for weight grad finish: 0
id: mlp_moelayer ,Total cycles spent idle waiting for input grad finish: 47763
id: mlp_moelayer ,Total cycles spent on fwd pass comm: 47763
id: mlp_moelayer ,Total cycles spent on weight grad comm: 0
id: mlp_moelayer ,Total cycles spent on input grad comm: 47763
*******************
Layer id: mlp_moelayer
Total collectives issued for this layer: 2
*************************  Workload stats  ************************* mlp_moelayer
id: mlp_moelayer ,Total cycles spent on fwd pass compute: 1
id: mlp_moelayer ,Total cycles spent on weight grad compute: 1
id: mlp_moelayer ,Total cycles spent on input grad compute: 1
id: mlp_moelayer ,Total cycles spent idle waiting for fwd finish: 47762
id: mlp_moelayer ,Total cycles spent idle waiting for weight grad finish: 0
id: mlp_moelayer ,Total cycles spent idle waiting for input grad finish: 94366
id: mlp_moelayer ,Total cycles spent on fwd pass comm: 47762
id: mlp_moelayer ,Total cycles spent on weight grad comm: 0
id: mlp_moelayer ,Total cycles spent on input grad comm: 94366
*******************
Layer id: mlp_moelayer
Total collectives issued for this layer: 2
*************************  Workload stats  ************************* mlp_moelayer
id: mlp_moelayer ,Total cycles spent on fwd pass compute: 1
id: mlp_moelayer ,Total cycles spent on weight grad compute: 1
id: mlp_moelayer ,Total cycles spent on input grad compute: 1
id: mlp_moelayer ,Total cycles spent idle waiting for fwd finish: 47762
id: mlp_moelayer ,Total cycles spent idle waiting for weight grad finish: 0
id: mlp_moelayer ,Total cycles spent idle waiting for input grad finish: 47762
id: mlp_moelayer ,Total cycles spent on fwd pass comm: 47762
id: mlp_moelayer ,Total cycles spent on weight grad comm: 0
id: mlp_moelayer ,Total cycles spent on input grad comm: 47762
*******************
Layer id: mlp_moelayer
Total collectives issued for this layer: 2
*************************  Workload stats  ************************* mlp_moelayer
id: mlp_moelayer ,Total cycles spent on fwd pass compute: 1
id: mlp_moelayer ,Total cycles spent on weight grad compute: 1
id: mlp_moelayer ,Total cycles spent on input grad compute: 1
id: mlp_moelayer ,Total cycles spent idle waiting for fwd finish: 47763
id: mlp_moelayer ,Total cycles spent idle waiting for weight grad finish: 0
id: mlp_moelayer ,Total cycles spent idle waiting for input grad finish: 47763
id: mlp_moelayer ,Total cycles spent on fwd pass comm: 47763
id: mlp_moelayer ,Total cycles spent on weight grad comm: 0
id: mlp_moelayer ,Total cycles spent on input grad comm: 47763
*******************
Layer id: mlp_moelayer
Total collectives issued for this layer: 2
*************************  Workload stats  ************************* mlp_moelayer
id: mlp_moelayer ,Total cycles spent on fwd pass compute: 1
id: mlp_moelayer ,Total cycles spent on weight grad compute: 1
id: mlp_moelayer ,Total cycles spent on input grad compute: 1
id: mlp_moelayer ,Total cycles spent idle waiting for fwd finish: 12810
id: mlp_moelayer ,Total cycles spent idle waiting for weight grad finish: 0
id: mlp_moelayer ,Total cycles spent idle waiting for input grad finish: 12810
id: mlp_moelayer ,Total cycles spent on fwd pass comm: 12810
id: mlp_moelayer ,Total cycles spent on weight grad comm: 0
id: mlp_moelayer ,Total cycles spent on input grad comm: 12810
*******************
Layer id: attention_column
Total collectives issued for this layer: 1
*************************  Workload stats  ************************* attention_column
id: attention_column ,Total cycles spent on fwd pass compute: 1
id: attention_column ,Total cycles spent on weight grad compute: 1
id: attention_column ,Total cycles spent on input grad compute: 1
id: attention_column ,Total cycles spent idle waiting for fwd finish: 24460
id: attention_column ,Total cycles spent idle waiting for weight grad finish: 0
id: attention_column ,Total cycles spent idle waiting for input grad finish: 0
id: attention_column ,Total cycles spent on fwd pass comm: 24460
id: attention_column ,Total cycles spent on weight grad comm: 0
id: attention_column ,Total cycles spent on input grad comm: 0
*******************
Layer id: attention_row
Total collectives issued for this layer: 1
*************************  Workload stats  ************************* attention_row
id: attention_row ,Total cycles spent on fwd pass compute: 1
id: attention_row ,Total cycles spent on weight grad compute: 1
id: attention_row ,Total cycles spent on input grad compute: 1
id: attention_row ,Total cycles spent idle waiting for fwd finish: 24460
id: attention_row ,Total cycles spent idle waiting for weight grad finish: 0
id: attention_row ,Total cycles spent idle waiting for input grad finish: 0
id: attention_row ,Total cycles spent on fwd pass comm: 24460
id: attention_row ,Total cycles spent on weight grad comm: 0
id: attention_row ,Total cycles spent on input grad comm: 0
*******************
Layer id: mlp_moelayer
Total collectives issued for this layer: 2
*************************  Workload stats  ************************* mlp_moelayer
id: mlp_moelayer ,Total cycles spent on fwd pass compute: 1
id: mlp_moelayer ,Total cycles spent on weight grad compute: 1
id: mlp_moelayer ,Total cycles spent on input grad compute: 1
id: mlp_moelayer ,Total cycles spent idle waiting for fwd finish: 1232
id: mlp_moelayer ,Total cycles spent idle waiting for weight grad finish: 0
id: mlp_moelayer ,Total cycles spent idle waiting for input grad finish: 1232
id: mlp_moelayer ,Total cycles spent on fwd pass comm: 1232
id: mlp_moelayer ,Total cycles spent on weight grad comm: 0
id: mlp_moelayer ,Total cycles spent on input grad comm: 1232
*******************
Layer id: mlp_moelayer
Total collectives issued for this layer: 2
*************************  Workload stats  ************************* mlp_moelayer
id: mlp_moelayer ,Total cycles spent on fwd pass compute: 1
id: mlp_moelayer ,Total cycles spent on weight grad compute: 1
id: mlp_moelayer ,Total cycles spent on input grad compute: 1
id: mlp_moelayer ,Total cycles spent idle waiting for fwd finish: 12810
id: mlp_moelayer ,Total cycles spent idle waiting for weight grad finish: 0
id: mlp_moelayer ,Total cycles spent idle waiting for input grad finish: 12810
id: mlp_moelayer ,Total cycles spent on fwd pass comm: 12810
id: mlp_moelayer ,Total cycles spent on weight grad comm: 0
id: mlp_moelayer ,Total cycles spent on input grad comm: 12810
*******************
Layer id: mlp_moelayer
Total collectives issued for this layer: 2
*************************  Workload stats  ************************* mlp_moelayer
id: mlp_moelayer ,Total cycles spent on fwd pass compute: 1
id: mlp_moelayer ,Total cycles spent on weight grad compute: 1
id: mlp_moelayer ,Total cycles spent on input grad compute: 1
id: mlp_moelayer ,Total cycles spent idle waiting for fwd finish: 47763
id: mlp_moelayer ,Total cycles spent idle waiting for weight grad finish: 0
id: mlp_moelayer ,Total cycles spent idle waiting for input grad finish: 47763
id: mlp_moelayer ,Total cycles spent on fwd pass comm: 47763
id: mlp_moelayer ,Total cycles spent on weight grad comm: 0
id: mlp_moelayer ,Total cycles spent on input grad comm: 47763
*******************
Layer id: mlp_moelayer
Total collectives issued for this layer: 2
*************************  Workload stats  ************************* mlp_moelayer
id: mlp_moelayer ,Total cycles spent on fwd pass compute: 1
id: mlp_moelayer ,Total cycles spent on weight grad compute: 1
id: mlp_moelayer ,Total cycles spent on input grad compute: 1
id: mlp_moelayer ,Total cycles spent idle waiting for fwd finish: 47762
id: mlp_moelayer ,Total cycles spent idle waiting for weight grad finish: 0
id: mlp_moelayer ,Total cycles spent idle waiting for input grad finish: 94366
id: mlp_moelayer ,Total cycles spent on fwd pass comm: 47762
id: mlp_moelayer ,Total cycles spent on weight grad comm: 0
id: mlp_moelayer ,Total cycles spent on input grad comm: 94366
*******************
Layer id: mlp_moelayer
Total collectives issued for this layer: 2
*************************  Workload stats  ************************* mlp_moelayer
id: mlp_moelayer ,Total cycles spent on fwd pass compute: 1
id: mlp_moelayer ,Total cycles spent on weight grad compute: 1
id: mlp_moelayer ,Total cycles spent on input grad compute: 1
id: mlp_moelayer ,Total cycles spent idle waiting for fwd finish: 47762
id: mlp_moelayer ,Total cycles spent idle waiting for weight grad finish: 0
id: mlp_moelayer ,Total cycles spent idle waiting for input grad finish: 47762
id: mlp_moelayer ,Total cycles spent on fwd pass comm: 47762
id: mlp_moelayer ,Total cycles spent on weight grad comm: 0
id: mlp_moelayer ,Total cycles spent on input grad comm: 47762
*******************
Layer id: mlp_moelayer
Total collectives issued for this layer: 2
*************************  Workload stats  ************************* mlp_moelayer
id: mlp_moelayer ,Total cycles spent on fwd pass compute: 1
id: mlp_moelayer ,Total cycles spent on weight grad compute: 1
id: mlp_moelayer ,Total cycles spent on input grad compute: 1
id: mlp_moelayer ,Total cycles spent idle waiting for fwd finish: 47763
id: mlp_moelayer ,Total cycles spent idle waiting for weight grad finish: 0
id: mlp_moelayer ,Total cycles spent idle waiting for input grad finish: 47763
id: mlp_moelayer ,Total cycles spent on fwd pass comm: 47763
id: mlp_moelayer ,Total cycles spent on weight grad comm: 0
id: mlp_moelayer ,Total cycles spent on input grad comm: 47763
*******************
Layer id: mlp_moelayer
Total collectives issued for this layer: 2
*************************  Workload stats  ************************* mlp_moelayer
id: mlp_moelayer ,Total cycles spent on fwd pass compute: 1
id: mlp_moelayer ,Total cycles spent on weight grad compute: 1
id: mlp_moelayer ,Total cycles spent on input grad compute: 1
id: mlp_moelayer ,Total cycles spent idle waiting for fwd finish: 12810
id: mlp_moelayer ,Total cycles spent idle waiting for weight grad finish: 0
id: mlp_moelayer ,Total cycles spent idle waiting for input grad finish: 12810
id: mlp_moelayer ,Total cycles spent on fwd pass comm: 12810
id: mlp_moelayer ,Total cycles spent on weight grad comm: 0
id: mlp_moelayer ,Total cycles spent on input grad comm: 12810
*******************
Layer id: final_column
Total collectives issued for this layer: 1
*************************  Workload stats  ************************* final_column
id: final_column ,Total cycles spent on fwd pass compute: 1
id: final_column ,Total cycles spent on weight grad compute: 1
id: final_column ,Total cycles spent on input grad compute: 1
id: final_column ,Total cycles spent idle waiting for fwd finish: 24460
id: final_column ,Total cycles spent idle waiting for weight grad finish: 0
id: final_column ,Total cycles spent idle waiting for input grad finish: 0
id: final_column ,Total cycles spent on fwd pass comm: 24460
id: final_column ,Total cycles spent on weight grad comm: 0
id: final_column ,Total cycles spent on input grad comm: 0
*******************
Layer id: embedding_norm
Total collectives issued for this layer: 1
*************************  Workload stats  ************************* embedding_norm
id: embedding_norm ,Total cycles spent on fwd pass compute: 1
id: embedding_norm ,Total cycles spent on weight grad compute: 1
id: embedding_norm ,Total cycles spent on input grad compute: 1
id: embedding_norm ,Total cycles spent idle waiting for fwd finish: 366306
id: embedding_norm ,Total cycles spent idle waiting for weight grad finish: 0
id: embedding_norm ,Total cycles spent idle waiting for input grad finish: 0
id: embedding_norm ,Total cycles spent on fwd pass comm: 366306
id: embedding_norm ,Total cycles spent on weight grad comm: 0
id: embedding_norm ,Total cycles spent on input grad comm: 0
*******************
Layer id: embedding_layer
Total collectives issued for this layer: 0
*************************  Workload stats  ************************* embedding_layer
id: embedding_layer ,Total cycles spent on fwd pass compute: 1
id: embedding_layer ,Total cycles spent on weight grad compute: 1
id: embedding_layer ,Total cycles spent on input grad compute: 1
id: embedding_layer ,Total cycles spent idle waiting for fwd finish: 0
id: embedding_layer ,Total cycles spent idle waiting for weight grad finish: 0
id: embedding_layer ,Total cycles spent idle waiting for input grad finish: 0
id: embedding_layer ,Total cycles spent on fwd pass comm: 0
id: embedding_layer ,Total cycles spent on weight grad comm: 0
id: embedding_layer ,Total cycles spent on input grad comm: 0
*******************
Layer id: attention_column
Total collectives issued for this layer: 1
*************************  Workload stats  ************************* attention_column
id: attention_column ,Total cycles spent on fwd pass compute: 1
id: attention_column ,Total cycles spent on weight grad compute: 1
id: attention_column ,Total cycles spent on input grad compute: 1
id: attention_column ,Total cycles spent idle waiting for fwd finish: 24460
id: attention_column ,Total cycles spent idle waiting for weight grad finish: 0
id: attention_column ,Total cycles spent idle waiting for input grad finish: 0
id: attention_column ,Total cycles spent on fwd pass comm: 24460
id: attention_column ,Total cycles spent on weight grad comm: 0
id: attention_column ,Total cycles spent on input grad comm: 0
*******************
Layer id: attention_row
Total collectives issued for this layer: 1
*************************  Workload stats  ************************* attention_row
id: attention_row ,Total cycles spent on fwd pass compute: 1
id: attention_row ,Total cycles spent on weight grad compute: 1
id: attention_row ,Total cycles spent on input grad compute: 1
id: attention_row ,Total cycles spent idle waiting for fwd finish: 24460
id: attention_row ,Total cycles spent idle waiting for weight grad finish: 0
id: attention_row ,Total cycles spent idle waiting for input grad finish: 0
id: attention_row ,Total cycles spent on fwd pass comm: 24460
id: attention_row ,Total cycles spent on weight grad comm: 0
id: attention_row ,Total cycles spent on input grad comm: 0
*******************
Layer id: mlp_moelayer
Total collectives issued for this layer: 2
*************************  Workload stats  ************************* mlp_moelayer
id: mlp_moelayer ,Total cycles spent on fwd pass compute: 1
id: mlp_moelayer ,Total cycles spent on weight grad compute: 1
id: mlp_moelayer ,Total cycles spent on input grad compute: 1
id: mlp_moelayer ,Total cycles spent idle waiting for fwd finish: 1232
id: mlp_moelayer ,Total cycles spent idle waiting for weight grad finish: 0
id: mlp_moelayer ,Total cycles spent idle waiting for input grad finish: 1232
id: mlp_moelayer ,Total cycles spent on fwd pass comm: 1232
id: mlp_moelayer ,Total cycles spent on weight grad comm: 0
id: mlp_moelayer ,Total cycles spent on input grad comm: 1232
*******************
Layer id: mlp_moelayer
Total collectives issued for this layer: 2
*************************  Workload stats  ************************* mlp_moelayer
id: mlp_moelayer ,Total cycles spent on fwd pass compute: 1
id: mlp_moelayer ,Total cycles spent on weight grad compute: 1
id: mlp_moelayer ,Total cycles spent on input grad compute: 1
id: mlp_moelayer ,Total cycles spent idle waiting for fwd finish: 12810
id: mlp_moelayer ,Total cycles spent idle waiting for weight grad finish: 0
id: mlp_moelayer ,Total cycles spent idle waiting for input grad finish: 12810
id: mlp_moelayer ,Total cycles spent on fwd pass comm: 12810
id: mlp_moelayer ,Total cycles spent on weight grad comm: 0
id: mlp_moelayer ,Total cycles spent on input grad comm: 12810
*******************
Layer id: mlp_moelayer
Total collectives issued for this layer: 2
*************************  Workload stats  ************************* mlp_moelayer
id: mlp_moelayer ,Total cycles spent on fwd pass compute: 1
id: mlp_moelayer ,Total cycles spent on weight grad compute: 1
id: mlp_moelayer ,Total cycles spent on input grad compute: 1
id: mlp_moelayer ,Total cycles spent idle waiting for fwd finish: 47763
id: mlp_moelayer ,Total cycles spent idle waiting for weight grad finish: 0
id: mlp_moelayer ,Total cycles spent idle waiting for input grad finish: 47763
id: mlp_moelayer ,Total cycles spent on fwd pass comm: 47763
id: mlp_moelayer ,Total cycles spent on weight grad comm: 0
id: mlp_moelayer ,Total cycles spent on input grad comm: 47763
*******************
Layer id: mlp_moelayer
Total collectives issued for this layer: 2
*************************  Workload stats  ************************* mlp_moelayer
id: mlp_moelayer ,Total cycles spent on fwd pass compute: 1
id: mlp_moelayer ,Total cycles spent on weight grad compute: 1
id: mlp_moelayer ,Total cycles spent on input grad compute: 1
id: mlp_moelayer ,Total cycles spent idle waiting for fwd finish: 47762
id: mlp_moelayer ,Total cycles spent idle waiting for weight grad finish: 0
id: mlp_moelayer ,Total cycles spent idle waiting for input grad finish: 94366
id: mlp_moelayer ,Total cycles spent on fwd pass comm: 47762
id: mlp_moelayer ,Total cycles spent on weight grad comm: 0
id: mlp_moelayer ,Total cycles spent on input grad comm: 94366
*******************
Layer id: mlp_moelayer
Total collectives issued for this layer: 2
*************************  Workload stats  ************************* mlp_moelayer
id: mlp_moelayer ,Total cycles spent on fwd pass compute: 1
id: mlp_moelayer ,Total cycles spent on weight grad compute: 1
id: mlp_moelayer ,Total cycles spent on input grad compute: 1
id: mlp_moelayer ,Total cycles spent idle waiting for fwd finish: 47762
id: mlp_moelayer ,Total cycles spent idle waiting for weight grad finish: 0
id: mlp_moelayer ,Total cycles spent idle waiting for input grad finish: 47762
id: mlp_moelayer ,Total cycles spent on fwd pass comm: 47762
id: mlp_moelayer ,Total cycles spent on weight grad comm: 0
id: mlp_moelayer ,Total cycles spent on input grad comm: 47762
*******************
Layer id: mlp_moelayer
Total collectives issued for this layer: 2
*************************  Workload stats  ************************* mlp_moelayer
id: mlp_moelayer ,Total cycles spent on fwd pass compute: 1
id: mlp_moelayer ,Total cycles spent on weight grad compute: 1
id: mlp_moelayer ,Total cycles spent on input grad compute: 1
id: mlp_moelayer ,Total cycles spent idle waiting for fwd finish: 47763
id: mlp_moelayer ,Total cycles spent idle waiting for weight grad finish: 0
id: mlp_moelayer ,Total cycles spent idle waiting for input grad finish: 47763
id: mlp_moelayer ,Total cycles spent on fwd pass comm: 47763
id: mlp_moelayer ,Total cycles spent on weight grad comm: 0
id: mlp_moelayer ,Total cycles spent on input grad comm: 47763
*******************
Layer id: mlp_moelayer
Total collectives issued for this layer: 2
*************************  Workload stats  ************************* mlp_moelayer
id: mlp_moelayer ,Total cycles spent on fwd pass compute: 1
id: mlp_moelayer ,Total cycles spent on weight grad compute: 1
id: mlp_moelayer ,Total cycles spent on input grad compute: 1
id: mlp_moelayer ,Total cycles spent idle waiting for fwd finish: 12810
id: mlp_moelayer ,Total cycles spent idle waiting for weight grad finish: 0
id: mlp_moelayer ,Total cycles spent idle waiting for input grad finish: 12810
id: mlp_moelayer ,Total cycles spent on fwd pass comm: 12810
id: mlp_moelayer ,Total cycles spent on weight grad comm: 0
id: mlp_moelayer ,Total cycles spent on input grad comm: 12810
*******************
Layer id: attention_column
Total collectives issued for this layer: 1
*************************  Workload stats  ************************* attention_column
id: attention_column ,Total cycles spent on fwd pass compute: 1
id: attention_column ,Total cycles spent on weight grad compute: 1
id: attention_column ,Total cycles spent on input grad compute: 1
id: attention_column ,Total cycles spent idle waiting for fwd finish: 24460
id: attention_column ,Total cycles spent idle waiting for weight grad finish: 0
id: attention_column ,Total cycles spent idle waiting for input grad finish: 0
id: attention_column ,Total cycles spent on fwd pass comm: 24460
id: attention_column ,Total cycles spent on weight grad comm: 0
id: attention_column ,Total cycles spent on input grad comm: 0
*******************
Layer id: attention_row
Total collectives issued for this layer: 1
*************************  Workload stats  ************************* attention_row
id: attention_row ,Total cycles spent on fwd pass compute: 1
id: attention_row ,Total cycles spent on weight grad compute: 1
id: attention_row ,Total cycles spent on input grad compute: 1
id: attention_row ,Total cycles spent idle waiting for fwd finish: 24460
id: attention_row ,Total cycles spent idle waiting for weight grad finish: 0
id: attention_row ,Total cycles spent idle waiting for input grad finish: 0
id: attention_row ,Total cycles spent on fwd pass comm: 24460
id: attention_row ,Total cycles spent on weight grad comm: 0
id: attention_row ,Total cycles spent on input grad comm: 0
*******************
Layer id: mlp_moelayer
Total collectives issued for this layer: 2
*************************  Workload stats  ************************* mlp_moelayer
id: mlp_moelayer ,Total cycles spent on fwd pass compute: 1
id: mlp_moelayer ,Total cycles spent on weight grad compute: 1
id: mlp_moelayer ,Total cycles spent on input grad compute: 1
id: mlp_moelayer ,Total cycles spent idle waiting for fwd finish: 1232
id: mlp_moelayer ,Total cycles spent idle waiting for weight grad finish: 0
id: mlp_moelayer ,Total cycles spent idle waiting for input grad finish: 1232
id: mlp_moelayer ,Total cycles spent on fwd pass comm: 1232
id: mlp_moelayer ,Total cycles spent on weight grad comm: 0
id: mlp_moelayer ,Total cycles spent on input grad comm: 1232
*******************
Layer id: mlp_moelayer
Total collectives issued for this layer: 2
*************************  Workload stats  ************************* mlp_moelayer
id: mlp_moelayer ,Total cycles spent on fwd pass compute: 1
id: mlp_moelayer ,Total cycles spent on weight grad compute: 1
id: mlp_moelayer ,Total cycles spent on input grad compute: 1
id: mlp_moelayer ,Total cycles spent idle waiting for fwd finish: 12810
id: mlp_moelayer ,Total cycles spent idle waiting for weight grad finish: 0
id: mlp_moelayer ,Total cycles spent idle waiting for input grad finish: 12810
id: mlp_moelayer ,Total cycles spent on fwd pass comm: 12810
id: mlp_moelayer ,Total cycles spent on weight grad comm: 0
id: mlp_moelayer ,Total cycles spent on input grad comm: 12810
*******************
Layer id: mlp_moelayer
Total collectives issued for this layer: 2
*************************  Workload stats  ************************* mlp_moelayer
id: mlp_moelayer ,Total cycles spent on fwd pass compute: 1
id: mlp_moelayer ,Total cycles spent on weight grad compute: 1
id: mlp_moelayer ,Total cycles spent on input grad compute: 1
id: mlp_moelayer ,Total cycles spent idle waiting for fwd finish: 47763
id: mlp_moelayer ,Total cycles spent idle waiting for weight grad finish: 0
id: mlp_moelayer ,Total cycles spent idle waiting for input grad finish: 47763
id: mlp_moelayer ,Total cycles spent on fwd pass comm: 47763
id: mlp_moelayer ,Total cycles spent on weight grad comm: 0
id: mlp_moelayer ,Total cycles spent on input grad comm: 47763
*******************
Layer id: mlp_moelayer
Total collectives issued for this layer: 2
*************************  Workload stats  ************************* mlp_moelayer
id: mlp_moelayer ,Total cycles spent on fwd pass compute: 1
id: mlp_moelayer ,Total cycles spent on weight grad compute: 1
id: mlp_moelayer ,Total cycles spent on input grad compute: 1
id: mlp_moelayer ,Total cycles spent idle waiting for fwd finish: 47762
id: mlp_moelayer ,Total cycles spent idle waiting for weight grad finish: 0
id: mlp_moelayer ,Total cycles spent idle waiting for input grad finish: 94366
id: mlp_moelayer ,Total cycles spent on fwd pass comm: 47762
id: mlp_moelayer ,Total cycles spent on weight grad comm: 0
id: mlp_moelayer ,Total cycles spent on input grad comm: 94366
*******************
Layer id: mlp_moelayer
Total collectives issued for this layer: 2
*************************  Workload stats  ************************* mlp_moelayer
id: mlp_moelayer ,Total cycles spent on fwd pass compute: 1
id: mlp_moelayer ,Total cycles spent on weight grad compute: 1
id: mlp_moelayer ,Total cycles spent on input grad compute: 1
id: mlp_moelayer ,Total cycles spent idle waiting for fwd finish: 47762
id: mlp_moelayer ,Total cycles spent idle waiting for weight grad finish: 0
id: mlp_moelayer ,Total cycles spent idle waiting for input grad finish: 47762
id: mlp_moelayer ,Total cycles spent on fwd pass comm: 47762
id: mlp_moelayer ,Total cycles spent on weight grad comm: 0
id: mlp_moelayer ,Total cycles spent on input grad comm: 47762
*******************
Layer id: mlp_moelayer
Total collectives issued for this layer: 2
*************************  Workload stats  ************************* mlp_moelayer
id: mlp_moelayer ,Total cycles spent on fwd pass compute: 1
id: mlp_moelayer ,Total cycles spent on weight grad compute: 1
id: mlp_moelayer ,Total cycles spent on input grad compute: 1
id: mlp_moelayer ,Total cycles spent idle waiting for fwd finish: 47763
id: mlp_moelayer ,Total cycles spent idle waiting for weight grad finish: 0
id: mlp_moelayer ,Total cycles spent idle waiting for input grad finish: 47763
id: mlp_moelayer ,Total cycles spent on fwd pass comm: 47763
id: mlp_moelayer ,Total cycles spent on weight grad comm: 0
id: mlp_moelayer ,Total cycles spent on input grad comm: 47763
*******************
Layer id: mlp_moelayer
Total collectives issued for this layer: 2
*************************  Workload stats  ************************* mlp_moelayer
id: mlp_moelayer ,Total cycles spent on fwd pass compute: 1
id: mlp_moelayer ,Total cycles spent on weight grad compute: 1
id: mlp_moelayer ,Total cycles spent on input grad compute: 1
id: mlp_moelayer ,Total cycles spent idle waiting for fwd finish: 12810
id: mlp_moelayer ,Total cycles spent idle waiting for weight grad finish: 0
id: mlp_moelayer ,Total cycles spent idle waiting for input grad finish: 12810
id: mlp_moelayer ,Total cycles spent on fwd pass comm: 12810
id: mlp_moelayer ,Total cycles spent on weight grad comm: 0
id: mlp_moelayer ,Total cycles spent on input grad comm: 12810
*******************
Layer id: attention_column
Total collectives issued for this layer: 1
*************************  Workload stats  ************************* attention_column
id: attention_column ,Total cycles spent on fwd pass compute: 1
id: attention_column ,Total cycles spent on weight grad compute: 1
id: attention_column ,Total cycles spent on input grad compute: 1
id: attention_column ,Total cycles spent idle waiting for fwd finish: 24460
id: attention_column ,Total cycles spent idle waiting for weight grad finish: 0
id: attention_column ,Total cycles spent idle waiting for input grad finish: 0
id: attention_column ,Total cycles spent on fwd pass comm: 24460
id: attention_column ,Total cycles spent on weight grad comm: 0
id: attention_column ,Total cycles spent on input grad comm: 0
*******************
Layer id: attention_row
Total collectives issued for this layer: 1
*************************  Workload stats  ************************* attention_row
id: attention_row ,Total cycles spent on fwd pass compute: 1
id: attention_row ,Total cycles spent on weight grad compute: 1
id: attention_row ,Total cycles spent on input grad compute: 1
id: attention_row ,Total cycles spent idle waiting for fwd finish: 24460
id: attention_row ,Total cycles spent idle waiting for weight grad finish: 0
id: attention_row ,Total cycles spent idle waiting for input grad finish: 0
id: attention_row ,Total cycles spent on fwd pass comm: 24460
id: attention_row ,Total cycles spent on weight grad comm: 0
id: attention_row ,Total cycles spent on input grad comm: 0
*******************
Layer id: mlp_moelayer
Total collectives issued for this layer: 2
*************************  Workload stats  ************************* mlp_moelayer
id: mlp_moelayer ,Total cycles spent on fwd pass compute: 1
id: mlp_moelayer ,Total cycles spent on weight grad compute: 1
id: mlp_moelayer ,Total cycles spent on input grad compute: 1
id: mlp_moelayer ,Total cycles spent idle waiting for fwd finish: 1232
id: mlp_moelayer ,Total cycles spent idle waiting for weight grad finish: 0
id: mlp_moelayer ,Total cycles spent idle waiting for input grad finish: 1232
id: mlp_moelayer ,Total cycles spent on fwd pass comm: 1232
id: mlp_moelayer ,Total cycles spent on weight grad comm: 0
id: mlp_moelayer ,Total cycles spent on input grad comm: 1232
*******************
Layer id: mlp_moelayer
Total collectives issued for this layer: 2
*************************  Workload stats  ************************* mlp_moelayer
id: mlp_moelayer ,Total cycles spent on fwd pass compute: 1
id: mlp_moelayer ,Total cycles spent on weight grad compute: 1
id: mlp_moelayer ,Total cycles spent on input grad compute: 1
id: mlp_moelayer ,Total cycles spent idle waiting for fwd finish: 12810
id: mlp_moelayer ,Total cycles spent idle waiting for weight grad finish: 0
id: mlp_moelayer ,Total cycles spent idle waiting for input grad finish: 12810
id: mlp_moelayer ,Total cycles spent on fwd pass comm: 12810
id: mlp_moelayer ,Total cycles spent on weight grad comm: 0
id: mlp_moelayer ,Total cycles spent on input grad comm: 12810
*******************
Layer id: mlp_moelayer
Total collectives issued for this layer: 2
*************************  Workload stats  ************************* mlp_moelayer
id: mlp_moelayer ,Total cycles spent on fwd pass compute: 1
id: mlp_moelayer ,Total cycles spent on weight grad compute: 1
id: mlp_moelayer ,Total cycles spent on input grad compute: 1
id: mlp_moelayer ,Total cycles spent idle waiting for fwd finish: 47763
id: mlp_moelayer ,Total cycles spent idle waiting for weight grad finish: 0
id: mlp_moelayer ,Total cycles spent idle waiting for input grad finish: 47763
id: mlp_moelayer ,Total cycles spent on fwd pass comm: 47763
id: mlp_moelayer ,Total cycles spent on weight grad comm: 0
id: mlp_moelayer ,Total cycles spent on input grad comm: 47763
*******************
Layer id: mlp_moelayer
Total collectives issued for this layer: 2
*************************  Workload stats  ************************* mlp_moelayer
id: mlp_moelayer ,Total cycles spent on fwd pass compute: 1
id: mlp_moelayer ,Total cycles spent on weight grad compute: 1
id: mlp_moelayer ,Total cycles spent on input grad compute: 1
id: mlp_moelayer ,Total cycles spent idle waiting for fwd finish: 47762
id: mlp_moelayer ,Total cycles spent idle waiting for weight grad finish: 0
id: mlp_moelayer ,Total cycles spent idle waiting for input grad finish: 94366
id: mlp_moelayer ,Total cycles spent on fwd pass comm: 47762
id: mlp_moelayer ,Total cycles spent on weight grad comm: 0
id: mlp_moelayer ,Total cycles spent on input grad comm: 94366
*******************
Layer id: mlp_moelayer
Total collectives issued for this layer: 2
*************************  Workload stats  ************************* mlp_moelayer
id: mlp_moelayer ,Total cycles spent on fwd pass compute: 1
id: mlp_moelayer ,Total cycles spent on weight grad compute: 1
id: mlp_moelayer ,Total cycles spent on input grad compute: 1
id: mlp_moelayer ,Total cycles spent idle waiting for fwd finish: 47762
id: mlp_moelayer ,Total cycles spent idle waiting for weight grad finish: 0
id: mlp_moelayer ,Total cycles spent idle waiting for input grad finish: 47762
id: mlp_moelayer ,Total cycles spent on fwd pass comm: 47762
id: mlp_moelayer ,Total cycles spent on weight grad comm: 0
id: mlp_moelayer ,Total cycles spent on input grad comm: 47762
*******************
Layer id: mlp_moelayer
Total collectives issued for this layer: 2
*************************  Workload stats  ************************* mlp_moelayer
id: mlp_moelayer ,Total cycles spent on fwd pass compute: 1
id: mlp_moelayer ,Total cycles spent on weight grad compute: 1
id: mlp_moelayer ,Total cycles spent on input grad compute: 1
id: mlp_moelayer ,Total cycles spent idle waiting for fwd finish: 47763
id: mlp_moelayer ,Total cycles spent idle waiting for weight grad finish: 0
id: mlp_moelayer ,Total cycles spent idle waiting for input grad finish: 47763
id: mlp_moelayer ,Total cycles spent on fwd pass comm: 47763
id: mlp_moelayer ,Total cycles spent on weight grad comm: 0
id: mlp_moelayer ,Total cycles spent on input grad comm: 47763
*******************
Layer id: mlp_moelayer
Total collectives issued for this layer: 2
*************************  Workload stats  ************************* mlp_moelayer
id: mlp_moelayer ,Total cycles spent on fwd pass compute: 1
id: mlp_moelayer ,Total cycles spent on weight grad compute: 1
id: mlp_moelayer ,Total cycles spent on input grad compute: 1
id: mlp_moelayer ,Total cycles spent idle waiting for fwd finish: 12810
id: mlp_moelayer ,Total cycles spent idle waiting for weight grad finish: 0
id: mlp_moelayer ,Total cycles spent idle waiting for input grad finish: 12810
id: mlp_moelayer ,Total cycles spent on fwd pass comm: 12810
id: mlp_moelayer ,Total cycles spent on weight grad comm: 0
id: mlp_moelayer ,Total cycles spent on input grad comm: 12810
*******************
Layer id: attention_column
Total collectives issued for this layer: 1
*************************  Workload stats  ************************* attention_column
id: attention_column ,Total cycles spent on fwd pass compute: 1
id: attention_column ,Total cycles spent on weight grad compute: 1
id: attention_column ,Total cycles spent on input grad compute: 1
id: attention_column ,Total cycles spent idle waiting for fwd finish: 24460
id: attention_column ,Total cycles spent idle waiting for weight grad finish: 0
id: attention_column ,Total cycles spent idle waiting for input grad finish: 0
id: attention_column ,Total cycles spent on fwd pass comm: 24460
id: attention_column ,Total cycles spent on weight grad comm: 0
id: attention_column ,Total cycles spent on input grad comm: 0
*******************
Layer id: attention_row
Total collectives issued for this layer: 1
*************************  Workload stats  ************************* attention_row
id: attention_row ,Total cycles spent on fwd pass compute: 1
id: attention_row ,Total cycles spent on weight grad compute: 1
id: attention_row ,Total cycles spent on input grad compute: 1
id: attention_row ,Total cycles spent idle waiting for fwd finish: 24460
id: attention_row ,Total cycles spent idle waiting for weight grad finish: 0
id: attention_row ,Total cycles spent idle waiting for input grad finish: 0
id: attention_row ,Total cycles spent on fwd pass comm: 24460
id: attention_row ,Total cycles spent on weight grad comm: 0
id: attention_row ,Total cycles spent on input grad comm: 0
*******************
Layer id: mlp_moelayer
Total collectives issued for this layer: 2
*************************  Workload stats  ************************* mlp_moelayer
id: mlp_moelayer ,Total cycles spent on fwd pass compute: 1
id: mlp_moelayer ,Total cycles spent on weight grad compute: 1
id: mlp_moelayer ,Total cycles spent on input grad compute: 1
id: mlp_moelayer ,Total cycles spent idle waiting for fwd finish: 1232
id: mlp_moelayer ,Total cycles spent idle waiting for weight grad finish: 0
id: mlp_moelayer ,Total cycles spent idle waiting for input grad finish: 1232
id: mlp_moelayer ,Total cycles spent on fwd pass comm: 1232
id: mlp_moelayer ,Total cycles spent on weight grad comm: 0
id: mlp_moelayer ,Total cycles spent on input grad comm: 1232
*******************
Layer id: mlp_moelayer
Total collectives issued for this layer: 2
*************************  Workload stats  ************************* mlp_moelayer
id: mlp_moelayer ,Total cycles spent on fwd pass compute: 1
id: mlp_moelayer ,Total cycles spent on weight grad compute: 1
id: mlp_moelayer ,Total cycles spent on input grad compute: 1
id: mlp_moelayer ,Total cycles spent idle waiting for fwd finish: 12810
id: mlp_moelayer ,Total cycles spent idle waiting for weight grad finish: 0
id: mlp_moelayer ,Total cycles spent idle waiting for input grad finish: 12810
id: mlp_moelayer ,Total cycles spent on fwd pass comm: 12810
id: mlp_moelayer ,Total cycles spent on weight grad comm: 0
id: mlp_moelayer ,Total cycles spent on input grad comm: 12810
*******************
Layer id: mlp_moelayer
Total collectives issued for this layer: 2
*************************  Workload stats  ************************* mlp_moelayer
id: mlp_moelayer ,Total cycles spent on fwd pass compute: 1
id: mlp_moelayer ,Total cycles spent on weight grad compute: 1
id: mlp_moelayer ,Total cycles spent on input grad compute: 1
id: mlp_moelayer ,Total cycles spent idle waiting for fwd finish: 47763
id: mlp_moelayer ,Total cycles spent idle waiting for weight grad finish: 0
id: mlp_moelayer ,Total cycles spent idle waiting for input grad finish: 47763
id: mlp_moelayer ,Total cycles spent on fwd pass comm: 47763
id: mlp_moelayer ,Total cycles spent on weight grad comm: 0
id: mlp_moelayer ,Total cycles spent on input grad comm: 47763
*******************
Layer id: mlp_moelayer
Total collectives issued for this layer: 2
*************************  Workload stats  ************************* mlp_moelayer
id: mlp_moelayer ,Total cycles spent on fwd pass compute: 1
id: mlp_moelayer ,Total cycles spent on weight grad compute: 1
id: mlp_moelayer ,Total cycles spent on input grad compute: 1
id: mlp_moelayer ,Total cycles spent idle waiting for fwd finish: 47762
id: mlp_moelayer ,Total cycles spent idle waiting for weight grad finish: 0
id: mlp_moelayer ,Total cycles spent idle waiting for input grad finish: 94366
id: mlp_moelayer ,Total cycles spent on fwd pass comm: 47762
id: mlp_moelayer ,Total cycles spent on weight grad comm: 0
id: mlp_moelayer ,Total cycles spent on input grad comm: 94366
*******************
Layer id: mlp_moelayer
Total collectives issued for this layer: 2
*************************  Workload stats  ************************* mlp_moelayer
id: mlp_moelayer ,Total cycles spent on fwd pass compute: 1
id: mlp_moelayer ,Total cycles spent on weight grad compute: 1
id: mlp_moelayer ,Total cycles spent on input grad compute: 1
id: mlp_moelayer ,Total cycles spent idle waiting for fwd finish: 47762
id: mlp_moelayer ,Total cycles spent idle waiting for weight grad finish: 0
id: mlp_moelayer ,Total cycles spent idle waiting for input grad finish: 47762
id: mlp_moelayer ,Total cycles spent on fwd pass comm: 47762
id: mlp_moelayer ,Total cycles spent on weight grad comm: 0
id: mlp_moelayer ,Total cycles spent on input grad comm: 47762
*******************
Layer id: mlp_moelayer
Total collectives issued for this layer: 2
*************************  Workload stats  ************************* mlp_moelayer
id: mlp_moelayer ,Total cycles spent on fwd pass compute: 1
id: mlp_moelayer ,Total cycles spent on weight grad compute: 1
id: mlp_moelayer ,Total cycles spent on input grad compute: 1
id: mlp_moelayer ,Total cycles spent idle waiting for fwd finish: 47763
id: mlp_moelayer ,Total cycles spent idle waiting for weight grad finish: 0
id: mlp_moelayer ,Total cycles spent idle waiting for input grad finish: 47763
id: mlp_moelayer ,Total cycles spent on fwd pass comm: 47763
id: mlp_moelayer ,Total cycles spent on weight grad comm: 0
id: mlp_moelayer ,Total cycles spent on input grad comm: 47763
*******************
Layer id: mlp_moelayer
Total collectives issued for this layer: 2
*************************  Workload stats  ************************* mlp_moelayer
id: mlp_moelayer ,Total cycles spent on fwd pass compute: 1
id: mlp_moelayer ,Total cycles spent on weight grad compute: 1
id: mlp_moelayer ,Total cycles spent on input grad compute: 1
id: mlp_moelayer ,Total cycles spent idle waiting for fwd finish: 12810
id: mlp_moelayer ,Total cycles spent idle waiting for weight grad finish: 0
id: mlp_moelayer ,Total cycles spent idle waiting for input grad finish: 12810
id: mlp_moelayer ,Total cycles spent on fwd pass comm: 12810
id: mlp_moelayer ,Total cycles spent on weight grad comm: 0
id: mlp_moelayer ,Total cycles spent on input grad comm: 12810
*******************
Layer id: attention_column
Total collectives issued for this layer: 1
*************************  Workload stats  ************************* attention_column
id: attention_column ,Total cycles spent on fwd pass compute: 1
id: attention_column ,Total cycles spent on weight grad compute: 1
id: attention_column ,Total cycles spent on input grad compute: 1
id: attention_column ,Total cycles spent idle waiting for fwd finish: 24460
id: attention_column ,Total cycles spent idle waiting for weight grad finish: 0
id: attention_column ,Total cycles spent idle waiting for input grad finish: 0
id: attention_column ,Total cycles spent on fwd pass comm: 24460
id: attention_column ,Total cycles spent on weight grad comm: 0
id: attention_column ,Total cycles spent on input grad comm: 0
*******************
Layer id: attention_row
Total collectives issued for this layer: 1
*************************  Workload stats  ************************* attention_row
id: attention_row ,Total cycles spent on fwd pass compute: 1
id: attention_row ,Total cycles spent on weight grad compute: 1
id: attention_row ,Total cycles spent on input grad compute: 1
id: attention_row ,Total cycles spent idle waiting for fwd finish: 24460
id: attention_row ,Total cycles spent idle waiting for weight grad finish: 0
id: attention_row ,Total cycles spent idle waiting for input grad finish: 0
id: attention_row ,Total cycles spent on fwd pass comm: 24460
id: attention_row ,Total cycles spent on weight grad comm: 0
id: attention_row ,Total cycles spent on input grad comm: 0
*******************
Layer id: mlp_moelayer
Total collectives issued for this layer: 2
*************************  Workload stats  ************************* mlp_moelayer
id: mlp_moelayer ,Total cycles spent on fwd pass compute: 1
id: mlp_moelayer ,Total cycles spent on weight grad compute: 1
id: mlp_moelayer ,Total cycles spent on input grad compute: 1
id: mlp_moelayer ,Total cycles spent idle waiting for fwd finish: 1232
id: mlp_moelayer ,Total cycles spent idle waiting for weight grad finish: 0
id: mlp_moelayer ,Total cycles spent idle waiting for input grad finish: 1232
id: mlp_moelayer ,Total cycles spent on fwd pass comm: 1232
id: mlp_moelayer ,Total cycles spent on weight grad comm: 0
id: mlp_moelayer ,Total cycles spent on input grad comm: 1232
*******************
Layer id: mlp_moelayer
Total collectives issued for this layer: 2
*************************  Workload stats  ************************* mlp_moelayer
id: mlp_moelayer ,Total cycles spent on fwd pass compute: 1
id: mlp_moelayer ,Total cycles spent on weight grad compute: 1
id: mlp_moelayer ,Total cycles spent on input grad compute: 1
id: mlp_moelayer ,Total cycles spent idle waiting for fwd finish: 12810
id: mlp_moelayer ,Total cycles spent idle waiting for weight grad finish: 0
id: mlp_moelayer ,Total cycles spent idle waiting for input grad finish: 12810
id: mlp_moelayer ,Total cycles spent on fwd pass comm: 12810
id: mlp_moelayer ,Total cycles spent on weight grad comm: 0
id: mlp_moelayer ,Total cycles spent on input grad comm: 12810
*******************
Layer id: mlp_moelayer
Total collectives issued for this layer: 2
*************************  Workload stats  ************************* mlp_moelayer
id: mlp_moelayer ,Total cycles spent on fwd pass compute: 1
id: mlp_moelayer ,Total cycles spent on weight grad compute: 1
id: mlp_moelayer ,Total cycles spent on input grad compute: 1
id: mlp_moelayer ,Total cycles spent idle waiting for fwd finish: 47763
id: mlp_moelayer ,Total cycles spent idle waiting for weight grad finish: 0
id: mlp_moelayer ,Total cycles spent idle waiting for input grad finish: 47763
id: mlp_moelayer ,Total cycles spent on fwd pass comm: 47763
id: mlp_moelayer ,Total cycles spent on weight grad comm: 0
id: mlp_moelayer ,Total cycles spent on input grad comm: 47763
*******************
Layer id: mlp_moelayer
Total collectives issued for this layer: 2
*************************  Workload stats  ************************* mlp_moelayer
id: mlp_moelayer ,Total cycles spent on fwd pass compute: 1
id: mlp_moelayer ,Total cycles spent on weight grad compute: 1
id: mlp_moelayer ,Total cycles spent on input grad compute: 1
id: mlp_moelayer ,Total cycles spent idle waiting for fwd finish: 47762
id: mlp_moelayer ,Total cycles spent idle waiting for weight grad finish: 0
id: mlp_moelayer ,Total cycles spent idle waiting for input grad finish: 94366
id: mlp_moelayer ,Total cycles spent on fwd pass comm: 47762
id: mlp_moelayer ,Total cycles spent on weight grad comm: 0
id: mlp_moelayer ,Total cycles spent on input grad comm: 94366
*******************
Layer id: mlp_moelayer
Total collectives issued for this layer: 2
*************************  Workload stats  ************************* mlp_moelayer
id: mlp_moelayer ,Total cycles spent on fwd pass compute: 1
id: mlp_moelayer ,Total cycles spent on weight grad compute: 1
id: mlp_moelayer ,Total cycles spent on input grad compute: 1
id: mlp_moelayer ,Total cycles spent idle waiting for fwd finish: 47762
id: mlp_moelayer ,Total cycles spent idle waiting for weight grad finish: 0
id: mlp_moelayer ,Total cycles spent idle waiting for input grad finish: 47762
id: mlp_moelayer ,Total cycles spent on fwd pass comm: 47762
id: mlp_moelayer ,Total cycles spent on weight grad comm: 0
id: mlp_moelayer ,Total cycles spent on input grad comm: 47762
*******************
Layer id: mlp_moelayer
Total collectives issued for this layer: 2
*************************  Workload stats  ************************* mlp_moelayer
id: mlp_moelayer ,Total cycles spent on fwd pass compute: 1
id: mlp_moelayer ,Total cycles spent on weight grad compute: 1
id: mlp_moelayer ,Total cycles spent on input grad compute: 1
id: mlp_moelayer ,Total cycles spent idle waiting for fwd finish: 47763
id: mlp_moelayer ,Total cycles spent idle waiting for weight grad finish: 0
id: mlp_moelayer ,Total cycles spent idle waiting for input grad finish: 47763
id: mlp_moelayer ,Total cycles spent on fwd pass comm: 47763
id: mlp_moelayer ,Total cycles spent on weight grad comm: 0
id: mlp_moelayer ,Total cycles spent on input grad comm: 47763
*******************
Layer id: mlp_moelayer
Total collectives issued for this layer: 2
*************************  Workload stats  ************************* mlp_moelayer
id: mlp_moelayer ,Total cycles spent on fwd pass compute: 1
id: mlp_moelayer ,Total cycles spent on weight grad compute: 1
id: mlp_moelayer ,Total cycles spent on input grad compute: 1
id: mlp_moelayer ,Total cycles spent idle waiting for fwd finish: 12810
id: mlp_moelayer ,Total cycles spent idle waiting for weight grad finish: 0
id: mlp_moelayer ,Total cycles spent idle waiting for input grad finish: 12810
id: mlp_moelayer ,Total cycles spent on fwd pass comm: 12810
id: mlp_moelayer ,Total cycles spent on weight grad comm: 0
id: mlp_moelayer ,Total cycles spent on input grad comm: 12810
*******************
Layer id: attention_column
Total collectives issued for this layer: 1
*************************  Workload stats  ************************* attention_column
id: attention_column ,Total cycles spent on fwd pass compute: 1
id: attention_column ,Total cycles spent on weight grad compute: 1
id: attention_column ,Total cycles spent on input grad compute: 1
id: attention_column ,Total cycles spent idle waiting for fwd finish: 24460
id: attention_column ,Total cycles spent idle waiting for weight grad finish: 0
id: attention_column ,Total cycles spent idle waiting for input grad finish: 0
id: attention_column ,Total cycles spent on fwd pass comm: 24460
id: attention_column ,Total cycles spent on weight grad comm: 0
id: attention_column ,Total cycles spent on input grad comm: 0
*******************
Layer id: attention_row
Total collectives issued for this layer: 1
*************************  Workload stats  ************************* attention_row
id: attention_row ,Total cycles spent on fwd pass compute: 1
id: attention_row ,Total cycles spent on weight grad compute: 1
id: attention_row ,Total cycles spent on input grad compute: 1
id: attention_row ,Total cycles spent idle waiting for fwd finish: 24460
id: attention_row ,Total cycles spent idle waiting for weight grad finish: 0
id: attention_row ,Total cycles spent idle waiting for input grad finish: 0
id: attention_row ,Total cycles spent on fwd pass comm: 24460
id: attention_row ,Total cycles spent on weight grad comm: 0
id: attention_row ,Total cycles spent on input grad comm: 0
*******************
Layer id: mlp_moelayer
Total collectives issued for this layer: 2
*************************  Workload stats  ************************* mlp_moelayer
id: mlp_moelayer ,Total cycles spent on fwd pass compute: 1
id: mlp_moelayer ,Total cycles spent on weight grad compute: 1
id: mlp_moelayer ,Total cycles spent on input grad compute: 1
id: mlp_moelayer ,Total cycles spent idle waiting for fwd finish: 1232
id: mlp_moelayer ,Total cycles spent idle waiting for weight grad finish: 0
id: mlp_moelayer ,Total cycles spent idle waiting for input grad finish: 1232
id: mlp_moelayer ,Total cycles spent on fwd pass comm: 1232
id: mlp_moelayer ,Total cycles spent on weight grad comm: 0
id: mlp_moelayer ,Total cycles spent on input grad comm: 1232
*******************
Layer id: mlp_moelayer
Total collectives issued for this layer: 2
*************************  Workload stats  ************************* mlp_moelayer
id: mlp_moelayer ,Total cycles spent on fwd pass compute: 1
id: mlp_moelayer ,Total cycles spent on weight grad compute: 1
id: mlp_moelayer ,Total cycles spent on input grad compute: 1
id: mlp_moelayer ,Total cycles spent idle waiting for fwd finish: 12810
id: mlp_moelayer ,Total cycles spent idle waiting for weight grad finish: 0
id: mlp_moelayer ,Total cycles spent idle waiting for input grad finish: 12810
id: mlp_moelayer ,Total cycles spent on fwd pass comm: 12810
id: mlp_moelayer ,Total cycles spent on weight grad comm: 0
id: mlp_moelayer ,Total cycles spent on input grad comm: 12810
*******************
Layer id: mlp_moelayer
Total collectives issued for this layer: 2
*************************  Workload stats  ************************* mlp_moelayer
id: mlp_moelayer ,Total cycles spent on fwd pass compute: 1
id: mlp_moelayer ,Total cycles spent on weight grad compute: 1
id: mlp_moelayer ,Total cycles spent on input grad compute: 1
id: mlp_moelayer ,Total cycles spent idle waiting for fwd finish: 47763
id: mlp_moelayer ,Total cycles spent idle waiting for weight grad finish: 0
id: mlp_moelayer ,Total cycles spent idle waiting for input grad finish: 47763
id: mlp_moelayer ,Total cycles spent on fwd pass comm: 47763
id: mlp_moelayer ,Total cycles spent on weight grad comm: 0
id: mlp_moelayer ,Total cycles spent on input grad comm: 47763
*******************
Layer id: mlp_moelayer
Total collectives issued for this layer: 2
*************************  Workload stats  ************************* mlp_moelayer
id: mlp_moelayer ,Total cycles spent on fwd pass compute: 1
id: mlp_moelayer ,Total cycles spent on weight grad compute: 1
id: mlp_moelayer ,Total cycles spent on input grad compute: 1
id: mlp_moelayer ,Total cycles spent idle waiting for fwd finish: 47762
id: mlp_moelayer ,Total cycles spent idle waiting for weight grad finish: 0
id: mlp_moelayer ,Total cycles spent idle waiting for input grad finish: 94366
id: mlp_moelayer ,Total cycles spent on fwd pass comm: 47762
id: mlp_moelayer ,Total cycles spent on weight grad comm: 0
id: mlp_moelayer ,Total cycles spent on input grad comm: 94366
*******************
Layer id: mlp_moelayer
Total collectives issued for this layer: 2
*************************  Workload stats  ************************* mlp_moelayer
id: mlp_moelayer ,Total cycles spent on fwd pass compute: 1
id: mlp_moelayer ,Total cycles spent on weight grad compute: 1
id: mlp_moelayer ,Total cycles spent on input grad compute: 1
id: mlp_moelayer ,Total cycles spent idle waiting for fwd finish: 47762
id: mlp_moelayer ,Total cycles spent idle waiting for weight grad finish: 0
id: mlp_moelayer ,Total cycles spent idle waiting for input grad finish: 47762
id: mlp_moelayer ,Total cycles spent on fwd pass comm: 47762
id: mlp_moelayer ,Total cycles spent on weight grad comm: 0
id: mlp_moelayer ,Total cycles spent on input grad comm: 47762
*******************
Layer id: mlp_moelayer
Total collectives issued for this layer: 2
*************************  Workload stats  ************************* mlp_moelayer
id: mlp_moelayer ,Total cycles spent on fwd pass compute: 1
id: mlp_moelayer ,Total cycles spent on weight grad compute: 1
id: mlp_moelayer ,Total cycles spent on input grad compute: 1
id: mlp_moelayer ,Total cycles spent idle waiting for fwd finish: 47763
id: mlp_moelayer ,Total cycles spent idle waiting for weight grad finish: 0
id: mlp_moelayer ,Total cycles spent idle waiting for input grad finish: 47763
id: mlp_moelayer ,Total cycles spent on fwd pass comm: 47763
id: mlp_moelayer ,Total cycles spent on weight grad comm: 0
id: mlp_moelayer ,Total cycles spent on input grad comm: 47763
*******************
Layer id: mlp_moelayer
Total collectives issued for this layer: 2
*************************  Workload stats  ************************* mlp_moelayer
id: mlp_moelayer ,Total cycles spent on fwd pass compute: 1
id: mlp_moelayer ,Total cycles spent on weight grad compute: 1
id: mlp_moelayer ,Total cycles spent on input grad compute: 1
id: mlp_moelayer ,Total cycles spent idle waiting for fwd finish: 12810
id: mlp_moelayer ,Total cycles spent idle waiting for weight grad finish: 0
id: mlp_moelayer ,Total cycles spent idle waiting for input grad finish: 12810
id: mlp_moelayer ,Total cycles spent on fwd pass comm: 12810
id: mlp_moelayer ,Total cycles spent on weight grad comm: 0
id: mlp_moelayer ,Total cycles spent on input grad comm: 12810
*******************
Layer id: attention_column
Total collectives issued for this layer: 1
*************************  Workload stats  ************************* attention_column
id: attention_column ,Total cycles spent on fwd pass compute: 1
id: attention_column ,Total cycles spent on weight grad compute: 1
id: attention_column ,Total cycles spent on input grad compute: 1
id: attention_column ,Total cycles spent idle waiting for fwd finish: 24460
id: attention_column ,Total cycles spent idle waiting for weight grad finish: 0
id: attention_column ,Total cycles spent idle waiting for input grad finish: 0
id: attention_column ,Total cycles spent on fwd pass comm: 24460
id: attention_column ,Total cycles spent on weight grad comm: 0
id: attention_column ,Total cycles spent on input grad comm: 0
*******************
Layer id: attention_row
Total collectives issued for this layer: 1
*************************  Workload stats  ************************* attention_row
id: attention_row ,Total cycles spent on fwd pass compute: 1
id: attention_row ,Total cycles spent on weight grad compute: 1
id: attention_row ,Total cycles spent on input grad compute: 1
id: attention_row ,Total cycles spent idle waiting for fwd finish: 24460
id: attention_row ,Total cycles spent idle waiting for weight grad finish: 0
id: attention_row ,Total cycles spent idle waiting for input grad finish: 0
id: attention_row ,Total cycles spent on fwd pass comm: 24460
id: attention_row ,Total cycles spent on weight grad comm: 0
id: attention_row ,Total cycles spent on input grad comm: 0
*******************
Layer id: mlp_moelayer
Total collectives issued for this layer: 2
*************************  Workload stats  ************************* mlp_moelayer
id: mlp_moelayer ,Total cycles spent on fwd pass compute: 1
id: mlp_moelayer ,Total cycles spent on weight grad compute: 1
id: mlp_moelayer ,Total cycles spent on input grad compute: 1
id: mlp_moelayer ,Total cycles spent idle waiting for fwd finish: 1232
id: mlp_moelayer ,Total cycles spent idle waiting for weight grad finish: 0
id: mlp_moelayer ,Total cycles spent idle waiting for input grad finish: 1232
id: mlp_moelayer ,Total cycles spent on fwd pass comm: 1232
id: mlp_moelayer ,Total cycles spent on weight grad comm: 0
id: mlp_moelayer ,Total cycles spent on input grad comm: 1232
*******************
Layer id: mlp_moelayer
Total collectives issued for this layer: 2
*************************  Workload stats  ************************* mlp_moelayer
id: mlp_moelayer ,Total cycles spent on fwd pass compute: 1
id: mlp_moelayer ,Total cycles spent on weight grad compute: 1
id: mlp_moelayer ,Total cycles spent on input grad compute: 1
id: mlp_moelayer ,Total cycles spent idle waiting for fwd finish: 12810
id: mlp_moelayer ,Total cycles spent idle waiting for weight grad finish: 0
id: mlp_moelayer ,Total cycles spent idle waiting for input grad finish: 12810
id: mlp_moelayer ,Total cycles spent on fwd pass comm: 12810
id: mlp_moelayer ,Total cycles spent on weight grad comm: 0
id: mlp_moelayer ,Total cycles spent on input grad comm: 12810
*******************
Layer id: mlp_moelayer
Total collectives issued for this layer: 2
*************************  Workload stats  ************************* mlp_moelayer
id: mlp_moelayer ,Total cycles spent on fwd pass compute: 1
id: mlp_moelayer ,Total cycles spent on weight grad compute: 1
id: mlp_moelayer ,Total cycles spent on input grad compute: 1
id: mlp_moelayer ,Total cycles spent idle waiting for fwd finish: 47763
id: mlp_moelayer ,Total cycles spent idle waiting for weight grad finish: 0
id: mlp_moelayer ,Total cycles spent idle waiting for input grad finish: 47763
id: mlp_moelayer ,Total cycles spent on fwd pass comm: 47763
id: mlp_moelayer ,Total cycles spent on weight grad comm: 0
id: mlp_moelayer ,Total cycles spent on input grad comm: 47763
*******************
Layer id: mlp_moelayer
Total collectives issued for this layer: 2
*************************  Workload stats  ************************* mlp_moelayer
id: mlp_moelayer ,Total cycles spent on fwd pass compute: 1
id: mlp_moelayer ,Total cycles spent on weight grad compute: 1
id: mlp_moelayer ,Total cycles spent on input grad compute: 1
id: mlp_moelayer ,Total cycles spent idle waiting for fwd finish: 47762
id: mlp_moelayer ,Total cycles spent idle waiting for weight grad finish: 0
id: mlp_moelayer ,Total cycles spent idle waiting for input grad finish: 94366
id: mlp_moelayer ,Total cycles spent on fwd pass comm: 47762
id: mlp_moelayer ,Total cycles spent on weight grad comm: 0
id: mlp_moelayer ,Total cycles spent on input grad comm: 94366
*******************
Layer id: mlp_moelayer
Total collectives issued for this layer: 2
*************************  Workload stats  ************************* mlp_moelayer
id: mlp_moelayer ,Total cycles spent on fwd pass compute: 1
id: mlp_moelayer ,Total cycles spent on weight grad compute: 1
id: mlp_moelayer ,Total cycles spent on input grad compute: 1
id: mlp_moelayer ,Total cycles spent idle waiting for fwd finish: 47762
id: mlp_moelayer ,Total cycles spent idle waiting for weight grad finish: 0
id: mlp_moelayer ,Total cycles spent idle waiting for input grad finish: 47762
id: mlp_moelayer ,Total cycles spent on fwd pass comm: 47762
id: mlp_moelayer ,Total cycles spent on weight grad comm: 0
id: mlp_moelayer ,Total cycles spent on input grad comm: 47762
*******************
Layer id: mlp_moelayer
Total collectives issued for this layer: 2
*************************  Workload stats  ************************* mlp_moelayer
id: mlp_moelayer ,Total cycles spent on fwd pass compute: 1
id: mlp_moelayer ,Total cycles spent on weight grad compute: 1
id: mlp_moelayer ,Total cycles spent on input grad compute: 1
id: mlp_moelayer ,Total cycles spent idle waiting for fwd finish: 47763
id: mlp_moelayer ,Total cycles spent idle waiting for weight grad finish: 0
id: mlp_moelayer ,Total cycles spent idle waiting for input grad finish: 47763
id: mlp_moelayer ,Total cycles spent on fwd pass comm: 47763
id: mlp_moelayer ,Total cycles spent on weight grad comm: 0
id: mlp_moelayer ,Total cycles spent on input grad comm: 47763
*******************
Layer id: mlp_moelayer
Total collectives issued for this layer: 2
*************************  Workload stats  ************************* mlp_moelayer
id: mlp_moelayer ,Total cycles spent on fwd pass compute: 1
id: mlp_moelayer ,Total cycles spent on weight grad compute: 1
id: mlp_moelayer ,Total cycles spent on input grad compute: 1
id: mlp_moelayer ,Total cycles spent idle waiting for fwd finish: 12810
id: mlp_moelayer ,Total cycles spent idle waiting for weight grad finish: 0
id: mlp_moelayer ,Total cycles spent idle waiting for input grad finish: 12810
id: mlp_moelayer ,Total cycles spent on fwd pass comm: 12810
id: mlp_moelayer ,Total cycles spent on weight grad comm: 0
id: mlp_moelayer ,Total cycles spent on input grad comm: 12810
*******************
Layer id: attention_column
Total collectives issued for this layer: 1
*************************  Workload stats  ************************* attention_column
id: attention_column ,Total cycles spent on fwd pass compute: 1
id: attention_column ,Total cycles spent on weight grad compute: 1
id: attention_column ,Total cycles spent on input grad compute: 1
id: attention_column ,Total cycles spent idle waiting for fwd finish: 24460
id: attention_column ,Total cycles spent idle waiting for weight grad finish: 0
id: attention_column ,Total cycles spent idle waiting for input grad finish: 0
id: attention_column ,Total cycles spent on fwd pass comm: 24460
id: attention_column ,Total cycles spent on weight grad comm: 0
id: attention_column ,Total cycles spent on input grad comm: 0
*******************
Layer id: attention_row
Total collectives issued for this layer: 1
*************************  Workload stats  ************************* attention_row
id: attention_row ,Total cycles spent on fwd pass compute: 1
id: attention_row ,Total cycles spent on weight grad compute: 1
id: attention_row ,Total cycles spent on input grad compute: 1
id: attention_row ,Total cycles spent idle waiting for fwd finish: 24460
id: attention_row ,Total cycles spent idle waiting for weight grad finish: 0
id: attention_row ,Total cycles spent idle waiting for input grad finish: 0
id: attention_row ,Total cycles spent on fwd pass comm: 24460
id: attention_row ,Total cycles spent on weight grad comm: 0
id: attention_row ,Total cycles spent on input grad comm: 0
*******************
Layer id: mlp_moelayer
Total collectives issued for this layer: 2
*************************  Workload stats  ************************* mlp_moelayer
id: mlp_moelayer ,Total cycles spent on fwd pass compute: 1
id: mlp_moelayer ,Total cycles spent on weight grad compute: 1
id: mlp_moelayer ,Total cycles spent on input grad compute: 1
id: mlp_moelayer ,Total cycles spent idle waiting for fwd finish: 1232
id: mlp_moelayer ,Total cycles spent idle waiting for weight grad finish: 0
id: mlp_moelayer ,Total cycles spent idle waiting for input grad finish: 1232
id: mlp_moelayer ,Total cycles spent on fwd pass comm: 1232
id: mlp_moelayer ,Total cycles spent on weight grad comm: 0
id: mlp_moelayer ,Total cycles spent on input grad comm: 1232
*******************
Layer id: mlp_moelayer
Total collectives issued for this layer: 2
*************************  Workload stats  ************************* mlp_moelayer
id: mlp_moelayer ,Total cycles spent on fwd pass compute: 1
id: mlp_moelayer ,Total cycles spent on weight grad compute: 1
id: mlp_moelayer ,Total cycles spent on input grad compute: 1
id: mlp_moelayer ,Total cycles spent idle waiting for fwd finish: 12810
id: mlp_moelayer ,Total cycles spent idle waiting for weight grad finish: 0
id: mlp_moelayer ,Total cycles spent idle waiting for input grad finish: 12810
id: mlp_moelayer ,Total cycles spent on fwd pass comm: 12810
id: mlp_moelayer ,Total cycles spent on weight grad comm: 0
id: mlp_moelayer ,Total cycles spent on input grad comm: 12810
*******************
Layer id: mlp_moelayer
Total collectives issued for this layer: 2
*************************  Workload stats  ************************* mlp_moelayer
id: mlp_moelayer ,Total cycles spent on fwd pass compute: 1
id: mlp_moelayer ,Total cycles spent on weight grad compute: 1
id: mlp_moelayer ,Total cycles spent on input grad compute: 1
id: mlp_moelayer ,Total cycles spent idle waiting for fwd finish: 47763
id: mlp_moelayer ,Total cycles spent idle waiting for weight grad finish: 0
id: mlp_moelayer ,Total cycles spent idle waiting for input grad finish: 47763
id: mlp_moelayer ,Total cycles spent on fwd pass comm: 47763
id: mlp_moelayer ,Total cycles spent on weight grad comm: 0
id: mlp_moelayer ,Total cycles spent on input grad comm: 47763
*******************
Layer id: mlp_moelayer
Total collectives issued for this layer: 2
*************************  Workload stats  ************************* mlp_moelayer
id: mlp_moelayer ,Total cycles spent on fwd pass compute: 1
id: mlp_moelayer ,Total cycles spent on weight grad compute: 1
id: mlp_moelayer ,Total cycles spent on input grad compute: 1
id: mlp_moelayer ,Total cycles spent idle waiting for fwd finish: 47762
id: mlp_moelayer ,Total cycles spent idle waiting for weight grad finish: 0
id: mlp_moelayer ,Total cycles spent idle waiting for input grad finish: 94366
id: mlp_moelayer ,Total cycles spent on fwd pass comm: 47762
id: mlp_moelayer ,Total cycles spent on weight grad comm: 0
id: mlp_moelayer ,Total cycles spent on input grad comm: 94366
*******************
Layer id: mlp_moelayer
Total collectives issued for this layer: 2
*************************  Workload stats  ************************* mlp_moelayer
id: mlp_moelayer ,Total cycles spent on fwd pass compute: 1
id: mlp_moelayer ,Total cycles spent on weight grad compute: 1
id: mlp_moelayer ,Total cycles spent on input grad compute: 1
id: mlp_moelayer ,Total cycles spent idle waiting for fwd finish: 47762
id: mlp_moelayer ,Total cycles spent idle waiting for weight grad finish: 0
id: mlp_moelayer ,Total cycles spent idle waiting for input grad finish: 47762
id: mlp_moelayer ,Total cycles spent on fwd pass comm: 47762
id: mlp_moelayer ,Total cycles spent on weight grad comm: 0
id: mlp_moelayer ,Total cycles spent on input grad comm: 47762
*******************
Layer id: mlp_moelayer
Total collectives issued for this layer: 2
*************************  Workload stats  ************************* mlp_moelayer
id: mlp_moelayer ,Total cycles spent on fwd pass compute: 1
id: mlp_moelayer ,Total cycles spent on weight grad compute: 1
id: mlp_moelayer ,Total cycles spent on input grad compute: 1
id: mlp_moelayer ,Total cycles spent idle waiting for fwd finish: 47763
id: mlp_moelayer ,Total cycles spent idle waiting for weight grad finish: 0
id: mlp_moelayer ,Total cycles spent idle waiting for input grad finish: 47763
id: mlp_moelayer ,Total cycles spent on fwd pass comm: 47763
id: mlp_moelayer ,Total cycles spent on weight grad comm: 0
id: mlp_moelayer ,Total cycles spent on input grad comm: 47763
*******************
Layer id: mlp_moelayer
Total collectives issued for this layer: 2
*************************  Workload stats  ************************* mlp_moelayer
id: mlp_moelayer ,Total cycles spent on fwd pass compute: 1
id: mlp_moelayer ,Total cycles spent on weight grad compute: 1
id: mlp_moelayer ,Total cycles spent on input grad compute: 1
id: mlp_moelayer ,Total cycles spent idle waiting for fwd finish: 12810
id: mlp_moelayer ,Total cycles spent idle waiting for weight grad finish: 0
id: mlp_moelayer ,Total cycles spent idle waiting for input grad finish: 12810
id: mlp_moelayer ,Total cycles spent on fwd pass comm: 12810
id: mlp_moelayer ,Total cycles spent on weight grad comm: 0
id: mlp_moelayer ,Total cycles spent on input grad comm: 12810
*******************
Layer id: final_column
Total collectives issued for this layer: 1
*************************  Workload stats  ************************* final_column
id: final_column ,Total cycles spent on fwd pass compute: 1
id: final_column ,Total cycles spent on weight grad compute: 1
id: final_column ,Total cycles spent on input grad compute: 1
id: final_column ,Total cycles spent idle waiting for fwd finish: 24460
id: final_column ,Total cycles spent idle waiting for weight grad finish: 0
id: final_column ,Total cycles spent idle waiting for input grad finish: 0
id: final_column ,Total cycles spent on fwd pass comm: 24460
id: final_column ,Total cycles spent on weight grad comm: 0
id: final_column ,Total cycles spent on input grad comm: 0
*******************
Layer id: embedding_norm
Total collectives issued for this layer: 1
*************************  Workload stats  ************************* embedding_norm
id: embedding_norm ,Total cycles spent on fwd pass compute: 1
id: embedding_norm ,Total cycles spent on weight grad compute: 1
id: embedding_norm ,Total cycles spent on input grad compute: 1
id: embedding_norm ,Total cycles spent idle waiting for fwd finish: 366306
id: embedding_norm ,Total cycles spent idle waiting for weight grad finish: 0
id: embedding_norm ,Total cycles spent idle waiting for input grad finish: 0
id: embedding_norm ,Total cycles spent on fwd pass comm: 366306
id: embedding_norm ,Total cycles spent on weight grad comm: 0
id: embedding_norm ,Total cycles spent on input grad comm: 0
*******************
Layer id: cross_entropy1
Total collectives issued for this layer: 1
*************************  Workload stats  ************************* cross_entropy1
id: cross_entropy1 ,Total cycles spent on fwd pass compute: 0
id: cross_entropy1 ,Total cycles spent on weight grad compute: 0
id: cross_entropy1 ,Total cycles spent on input grad compute: 0
id: cross_entropy1 ,Total cycles spent idle waiting for fwd finish: 2232
id: cross_entropy1 ,Total cycles spent idle waiting for weight grad finish: 0
id: cross_entropy1 ,Total cycles spent idle waiting for input grad finish: 0
id: cross_entropy1 ,Total cycles spent on fwd pass comm: 2232
id: cross_entropy1 ,Total cycles spent on weight grad comm: 0
id: cross_entropy1 ,Total cycles spent on input grad comm: 0
*******************
Layer id: cross_entropy2
Total collectives issued for this layer: 1
*************************  Workload stats  ************************* cross_entropy2
id: cross_entropy2 ,Total cycles spent on fwd pass compute: 0
id: cross_entropy2 ,Total cycles spent on weight grad compute: 0
id: cross_entropy2 ,Total cycles spent on input grad compute: 0
id: cross_entropy2 ,Total cycles spent idle waiting for fwd finish: 2232
id: cross_entropy2 ,Total cycles spent idle waiting for weight grad finish: 0
id: cross_entropy2 ,Total cycles spent idle waiting for input grad finish: 0
id: cross_entropy2 ,Total cycles spent on fwd pass comm: 2232
id: cross_entropy2 ,Total cycles spent on weight grad comm: 0
id: cross_entropy2 ,Total cycles spent on input grad comm: 0
*******************
Layer id: cross_entropy3
Total collectives issued for this layer: 1
*************************  Workload stats  ************************* cross_entropy3
id: cross_entropy3 ,Total cycles spent on fwd pass compute: 0
id: cross_entropy3 ,Total cycles spent on weight grad compute: 0
id: cross_entropy3 ,Total cycles spent on input grad compute: 0
id: cross_entropy3 ,Total cycles spent idle waiting for fwd finish: 2232
id: cross_entropy3 ,Total cycles spent idle waiting for weight grad finish: 0
id: cross_entropy3 ,Total cycles spent idle waiting for input grad finish: 0
id: cross_entropy3 ,Total cycles spent on fwd pass comm: 2232
id: cross_entropy3 ,Total cycles spent on weight grad comm: 0
id: cross_entropy3 ,Total cycles spent on input grad comm: 0
*******************
Layer id: optimizer1
Total collectives issued for this layer: 1
*************************  Workload stats  ************************* optimizer1
id: optimizer1 ,Total cycles spent on fwd pass compute: 0
id: optimizer1 ,Total cycles spent on weight grad compute: 0
id: optimizer1 ,Total cycles spent on input grad compute: 0
id: optimizer1 ,Total cycles spent idle waiting for fwd finish: 2223
id: optimizer1 ,Total cycles spent idle waiting for weight grad finish: 0
id: optimizer1 ,Total cycles spent idle waiting for input grad finish: 0
id: optimizer1 ,Total cycles spent on fwd pass comm: 2223
id: optimizer1 ,Total cycles spent on weight grad comm: 0
id: optimizer1 ,Total cycles spent on input grad comm: 0
*******************
Layer id: optimizer2
Total collectives issued for this layer: 1
*************************  Workload stats  ************************* optimizer2
id: optimizer2 ,Total cycles spent on fwd pass compute: 0
id: optimizer2 ,Total cycles spent on weight grad compute: 0
id: optimizer2 ,Total cycles spent on input grad compute: 0
id: optimizer2 ,Total cycles spent idle waiting for fwd finish: 2223
id: optimizer2 ,Total cycles spent idle waiting for weight grad finish: 0
id: optimizer2 ,Total cycles spent idle waiting for input grad finish: 0
id: optimizer2 ,Total cycles spent on fwd pass comm: 2223
id: optimizer2 ,Total cycles spent on weight grad comm: 0
id: optimizer2 ,Total cycles spent on input grad comm: 0
*******************
Layer id: optimizer3
Total collectives issued for this layer: 1
*************************  Workload stats  ************************* optimizer3
id: optimizer3 ,Total cycles spent on fwd pass compute: 0
id: optimizer3 ,Total cycles spent on weight grad compute: 0
id: optimizer3 ,Total cycles spent on input grad compute: 0
id: optimizer3 ,Total cycles spent idle waiting for fwd finish: 2223
id: optimizer3 ,Total cycles spent idle waiting for weight grad finish: 0
id: optimizer3 ,Total cycles spent idle waiting for input grad finish: 0
id: optimizer3 ,Total cycles spent on fwd pass comm: 2223
id: optimizer3 ,Total cycles spent on weight grad comm: 0
id: optimizer3 ,Total cycles spent on input grad comm: 0
*******************
Layer id: optimizer4
Total collectives issued for this layer: 1
*************************  Workload stats  ************************* optimizer4
id: optimizer4 ,Total cycles spent on fwd pass compute: 0
id: optimizer4 ,Total cycles spent on weight grad compute: 0
id: optimizer4 ,Total cycles spent on input grad compute: 0
id: optimizer4 ,Total cycles spent idle waiting for fwd finish: 2223
id: optimizer4 ,Total cycles spent idle waiting for weight grad finish: 0
id: optimizer4 ,Total cycles spent idle waiting for input grad finish: 0
id: optimizer4 ,Total cycles spent on fwd pass comm: 2223
id: optimizer4 ,Total cycles spent on weight grad comm: 0
id: optimizer4 ,Total cycles spent on input grad comm: 0
*************************
all passes finished at time: 23651498, id of first layer: grad_norm
path to create csvs is: ./ncclFlowModel_
success in openning file
DEBUG_SIM_END: Node 0 FINISH CONDITION MET - calling sim_finish!
Simulation completed: all workloads finished
DEBUG_SIM_END: Node 0 calling NI->sim_finish()
DEBUG_SIM_FINISH: Entering sim_finish() for rank 0
DEBUG_SIM_FINISH: nodeHash size: 64
DEBUG_SIM_FINISH: Printing per-node statistics:
All data sent from node 0 is 20722401280
All data received by node 0 is 20722401280
All data sent from node 1 is 20722401280
All data received by node 1 is 20722401280
All data sent from node 2 is 1572356096
All data received by node 2 is 1572356096
All data sent from node 3 is 1572356096
All data received by node 3 is 1572356096
All data sent from node 4 is 1572356096
All data received by node 4 is 1572356096
All data sent from node 5 is 1572356096
All data received by node 5 is 1572356096
All data sent from node 6 is 1572356096
All data received by node 6 is 1572356096
All data sent from node 7 is 1572356096
All data received by node 7 is 1572356096
All data sent from node 8 is 1572356096
All data received by node 8 is 1572356096
All data sent from node 9 is 1572356096
All data received by node 9 is 1572356096
All data sent from node 10 is 1572356096
All data received by node 10 is 1572356096
All data sent from node 11 is 1572356096
All data received by node 11 is 1572356096
All data sent from node 12 is 1572356096
All data received by node 12 is 1572356096
All data sent from node 13 is 1572356096
All data received by node 13 is 1572356096
All data sent from node 14 is 1572356096
All data received by node 14 is 1572356096
All data sent from node 15 is 1572356096
All data received by node 15 is 1572356096
All data sent from node 16 is 1572356096
All data received by node 16 is 1572356096
All data sent from node 17 is 1572356096
All data received by node 17 is 1572356096
All data sent from node 18 is 1572356096
All data received by node 18 is 1572356096
All data sent from node 19 is 1572356096
All data received by node 19 is 1572356096
All data sent from node 20 is 1572356096
All data received by node 20 is 1572356096
All data sent from node 21 is 1572356096
All data received by node 21 is 1572356096
All data sent from node 22 is 1572356096
All data received by node 22 is 1572356096
All data sent from node 23 is 1572356096
All data received by node 23 is 1572356096
All data sent from node 24 is 1572356096
All data received by node 24 is 1572356096
All data sent from node 25 is 1572356096
All data received by node 25 is 1572356096
All data sent from node 26 is 1572356096
All data received by node 26 is 1572356096
All data sent from node 27 is 1572356096
All data received by node 27 is 1572356096
All data sent from node 28 is 1572356096
All data received by node 28 is 1572356096
All data sent from node 29 is 1572356096
All data received by node 29 is 1572356096
All data sent from node 30 is 1572356096
All data received by node 30 is 1572356096
All data sent from node 31 is 1572356096
All data received by node 31 is 1572356096
DEBUG_SIM_FINISH: Completed processing in sim_finish(), returning normally
*****
Time to exit: Sun Aug 17 22:27:37 2025
all-reduce Collective implementation: NcclFlowModel
reduce-scatter Collective implementation: NcclFlowModel
all-gather Collective implementation: NcclFlowModel
all-to-all Collective implementation: NcclFlowModel
Collective optimization: baseline
Total sim duration: 0:1 hours
Total streams injected: 529
Total streams finished: 529
Percentage of finished streams: 100 %
DEBUG_FINAL_COUNT: Node 0 final stream_counter value: 529

*****
Debug: Simulator::Run() completed
Debug: Simulator stopped
Debug: Simulator destroyed
