maxRtt=1025 maxBdp=358750
Running Simulation.
DEBUG: Detected configuration:
  Total nodes from topology: 32
  Switch nodes: 0
  GPU nodes: 32
  TP size: 2
The final active chunks per dimension 1 after allocating to queues is: 1
DEBUG_BACKEND: Node 0 detected backend type: NS3
ring of node 0, id: 0 dimension: local total nodes in ring: 32 index in ring: 0 offset: 1total nodes in ring: 32
ring of node 0, id: 0 dimension: local total nodes in ring: 32 index in ring: 0 offset: 1total nodes in ring: 32
ring of node 0, id: 0 dimension: local total nodes in ring: 32 index in ring: 0 offset: 1total nodes in ring: 32
ring of node 0, id: 0 dimension: local total nodes in ring: 32 index in ring: 0 offset: 1total nodes in ring: 32
total nodes: 32
Success in opening workload file
model_parallel_NPU_group is 2
checkpoints layers are: 
layers initiating fwd_in_bckwd are: 
ring of node 0, id: 0 dimension: local total nodes in ring: 2 index in ring: 0 offset: 1total nodes in ring: 2
ring of node 0, id: 0 dimension: local total nodes in ring: 16 index in ring: 0 offset: 2total nodes in ring: 16
ring of node 0, id: 0 dimension: local total nodes in ring: 2 index in ring: 0 offset: 1total nodes in ring: 2
ring of node 0, id: 0 dimension: local total nodes in ring: 16 index in ring: 0 offset: 2total nodes in ring: 16
ring of node 0, id: 0 dimension: local total nodes in ring: 2 index in ring: 0 offset: 1total nodes in ring: 2
ring of node 0, id: 0 dimension: local total nodes in ring: 16 index in ring: 0 offset: 2total nodes in ring: 16
ring of node 0, id: 0 dimension: local total nodes in ring: 2 index in ring: 0 offset: 1total nodes in ring: 2
ring of node 0, id: 0 dimension: local total nodes in ring: 16 index in ring: 0 offset: 2total nodes in ring: 16
DEBUG_POLICY: TransformerFwdInBckwd, model_parallel_npu_group=2, model_parallel_boundary=0
DEBUG_POLICY: model dimensions: 1 0 0 0 0 0 0 0 0 0 
pp_commize:0
id: grad_norm , depen: -1 , wg_comp_time: 1
id: embedding_layer , depen: -1 , wg_comp_time: 1
id: attention_column , depen: -1 , wg_comp_time: 1
id: attention_row , depen: -1 , wg_comp_time: 1
id: mlp_moelayer , depen: -1 , wg_comp_time: 1
id: mlp_moelayer , depen: -1 , wg_comp_time: 1
id: mlp_moelayer , depen: -1 , wg_comp_time: 1
id: mlp_moelayer , depen: -1 , wg_comp_time: 1
id: mlp_moelayer , depen: -1 , wg_comp_time: 1
id: mlp_moelayer , depen: -1 , wg_comp_time: 1
id: mlp_moelayer , depen: -1 , wg_comp_time: 1
id: attention_column , depen: -1 , wg_comp_time: 1
id: attention_row , depen: -1 , wg_comp_time: 1
id: mlp_moelayer , depen: -1 , wg_comp_time: 1
id: mlp_moelayer , depen: -1 , wg_comp_time: 1
id: mlp_moelayer , depen: -1 , wg_comp_time: 1
id: mlp_moelayer , depen: -1 , wg_comp_time: 1
id: mlp_moelayer , depen: -1 , wg_comp_time: 1
id: mlp_moelayer , depen: -1 , wg_comp_time: 1
id: mlp_moelayer , depen: -1 , wg_comp_time: 1
id: attention_column , depen: -1 , wg_comp_time: 1
id: attention_row , depen: -1 , wg_comp_time: 1
id: mlp_moelayer , depen: -1 , wg_comp_time: 1
id: mlp_moelayer , depen: -1 , wg_comp_time: 1
id: mlp_moelayer , depen: -1 , wg_comp_time: 1
id: mlp_moelayer , depen: -1 , wg_comp_time: 1
id: mlp_moelayer , depen: -1 , wg_comp_time: 1
id: mlp_moelayer , depen: -1 , wg_comp_time: 1
id: mlp_moelayer , depen: -1 , wg_comp_time: 1
id: attention_column , depen: -1 , wg_comp_time: 1
id: attention_row , depen: -1 , wg_comp_time: 1
id: mlp_moelayer , depen: -1 , wg_comp_time: 1
id: mlp_moelayer , depen: -1 , wg_comp_time: 1
id: mlp_moelayer , depen: -1 , wg_comp_time: 1
id: mlp_moelayer , depen: -1 , wg_comp_time: 1
id: mlp_moelayer , depen: -1 , wg_comp_time: 1
id: mlp_moelayer , depen: -1 , wg_comp_time: 1
id: mlp_moelayer , depen: -1 , wg_comp_time: 1
id: attention_column , depen: -1 , wg_comp_time: 1
id: attention_row , depen: -1 , wg_comp_time: 1
id: mlp_moelayer , depen: -1 , wg_comp_time: 1
id: mlp_moelayer , depen: -1 , wg_comp_time: 1
id: mlp_moelayer , depen: -1 , wg_comp_time: 1
id: mlp_moelayer , depen: -1 , wg_comp_time: 1
id: mlp_moelayer , depen: -1 , wg_comp_time: 1
id: mlp_moelayer , depen: -1 , wg_comp_time: 1
id: mlp_moelayer , depen: -1 , wg_comp_time: 1
id: attention_column , depen: -1 , wg_comp_time: 1
id: attention_row , depen: -1 , wg_comp_time: 1
id: mlp_moelayer , depen: -1 , wg_comp_time: 1
id: mlp_moelayer , depen: -1 , wg_comp_time: 1
id: mlp_moelayer , depen: -1 , wg_comp_time: 1
id: mlp_moelayer , depen: -1 , wg_comp_time: 1
id: mlp_moelayer , depen: -1 , wg_comp_time: 1
id: mlp_moelayer , depen: -1 , wg_comp_time: 1
id: mlp_moelayer , depen: -1 , wg_comp_time: 1
id: attention_column , depen: -1 , wg_comp_time: 1
id: attention_row , depen: -1 , wg_comp_time: 1
id: mlp_moelayer , depen: -1 , wg_comp_time: 1
id: mlp_moelayer , depen: -1 , wg_comp_time: 1
id: mlp_moelayer , depen: -1 , wg_comp_time: 1
id: mlp_moelayer , depen: -1 , wg_comp_time: 1
id: mlp_moelayer , depen: -1 , wg_comp_time: 1
id: mlp_moelayer , depen: -1 , wg_comp_time: 1
id: mlp_moelayer , depen: -1 , wg_comp_time: 1
id: attention_column , depen: -1 , wg_comp_time: 1
id: attention_row , depen: -1 , wg_comp_time: 1
id: mlp_moelayer , depen: -1 , wg_comp_time: 1
id: mlp_moelayer , depen: -1 , wg_comp_time: 1
id: mlp_moelayer , depen: -1 , wg_comp_time: 1
id: mlp_moelayer , depen: -1 , wg_comp_time: 1
id: mlp_moelayer , depen: -1 , wg_comp_time: 1
id: mlp_moelayer , depen: -1 , wg_comp_time: 1
id: mlp_moelayer , depen: -1 , wg_comp_time: 1
id: final_column , depen: -1 , wg_comp_time: 1
id: embedding_norm , depen: -1 , wg_comp_time: 1
id: embedding_layer , depen: -1 , wg_comp_time: 1
id: attention_column , depen: -1 , wg_comp_time: 1
id: attention_row , depen: -1 , wg_comp_time: 1
id: mlp_moelayer , depen: -1 , wg_comp_time: 1
id: mlp_moelayer , depen: -1 , wg_comp_time: 1
id: mlp_moelayer , depen: -1 , wg_comp_time: 1
id: mlp_moelayer , depen: -1 , wg_comp_time: 1
id: mlp_moelayer , depen: -1 , wg_comp_time: 1
id: mlp_moelayer , depen: -1 , wg_comp_time: 1
id: mlp_moelayer , depen: -1 , wg_comp_time: 1
id: attention_column , depen: -1 , wg_comp_time: 1
id: attention_row , depen: -1 , wg_comp_time: 1
id: mlp_moelayer , depen: -1 , wg_comp_time: 1
id: mlp_moelayer , depen: -1 , wg_comp_time: 1
id: mlp_moelayer , depen: -1 , wg_comp_time: 1
id: mlp_moelayer , depen: -1 , wg_comp_time: 1
id: mlp_moelayer , depen: -1 , wg_comp_time: 1
id: mlp_moelayer , depen: -1 , wg_comp_time: 1
id: mlp_moelayer , depen: -1 , wg_comp_time: 1
id: attention_column , depen: -1 , wg_comp_time: 1
id: attention_row , depen: -1 , wg_comp_time: 1
id: mlp_moelayer , depen: -1 , wg_comp_time: 1
id: mlp_moelayer , depen: -1 , wg_comp_time: 1
id: mlp_moelayer , depen: -1 , wg_comp_time: 1
id: mlp_moelayer , depen: -1 , wg_comp_time: 1
id: mlp_moelayer , depen: -1 , wg_comp_time: 1
id: mlp_moelayer , depen: -1 , wg_comp_time: 1
id: mlp_moelayer , depen: -1 , wg_comp_time: 1
id: attention_column , depen: -1 , wg_comp_time: 1
id: attention_row , depen: -1 , wg_comp_time: 1
id: mlp_moelayer , depen: -1 , wg_comp_time: 1
id: mlp_moelayer , depen: -1 , wg_comp_time: 1
id: mlp_moelayer , depen: -1 , wg_comp_time: 1
id: mlp_moelayer , depen: -1 , wg_comp_time: 1
id: mlp_moelayer , depen: -1 , wg_comp_time: 1
id: mlp_moelayer , depen: -1 , wg_comp_time: 1
id: mlp_moelayer , depen: -1 , wg_comp_time: 1
id: attention_column , depen: -1 , wg_comp_time: 1
id: attention_row , depen: -1 , wg_comp_time: 1
id: mlp_moelayer , depen: -1 , wg_comp_time: 1
id: mlp_moelayer , depen: -1 , wg_comp_time: 1
id: mlp_moelayer , depen: -1 , wg_comp_time: 1
id: mlp_moelayer , depen: -1 , wg_comp_time: 1
id: mlp_moelayer , depen: -1 , wg_comp_time: 1
id: mlp_moelayer , depen: -1 , wg_comp_time: 1
id: mlp_moelayer , depen: -1 , wg_comp_time: 1
id: attention_column , depen: -1 , wg_comp_time: 1
id: attention_row , depen: -1 , wg_comp_time: 1
id: mlp_moelayer , depen: -1 , wg_comp_time: 1
id: mlp_moelayer , depen: -1 , wg_comp_time: 1
id: mlp_moelayer , depen: -1 , wg_comp_time: 1
id: mlp_moelayer , depen: -1 , wg_comp_time: 1
id: mlp_moelayer , depen: -1 , wg_comp_time: 1
id: mlp_moelayer , depen: -1 , wg_comp_time: 1
id: mlp_moelayer , depen: -1 , wg_comp_time: 1
id: attention_column , depen: -1 , wg_comp_time: 1
id: attention_row , depen: -1 , wg_comp_time: 1
id: mlp_moelayer , depen: -1 , wg_comp_time: 1
id: mlp_moelayer , depen: -1 , wg_comp_time: 1
id: mlp_moelayer , depen: -1 , wg_comp_time: 1
id: mlp_moelayer , depen: -1 , wg_comp_time: 1
id: mlp_moelayer , depen: -1 , wg_comp_time: 1
id: mlp_moelayer , depen: -1 , wg_comp_time: 1
id: mlp_moelayer , depen: -1 , wg_comp_time: 1
id: attention_column , depen: -1 , wg_comp_time: 1
id: attention_row , depen: -1 , wg_comp_time: 1
id: mlp_moelayer , depen: -1 , wg_comp_time: 1
id: mlp_moelayer , depen: -1 , wg_comp_time: 1
id: mlp_moelayer , depen: -1 , wg_comp_time: 1
id: mlp_moelayer , depen: -1 , wg_comp_time: 1
id: mlp_moelayer , depen: -1 , wg_comp_time: 1
id: mlp_moelayer , depen: -1 , wg_comp_time: 1
id: mlp_moelayer , depen: -1 , wg_comp_time: 1
id: final_column , depen: -1 , wg_comp_time: 1
id: embedding_norm , depen: -1 , wg_comp_time: 1
id: embedding_layer , depen: -1 , wg_comp_time: 1
id: attention_column , depen: -1 , wg_comp_time: 1
id: attention_row , depen: -1 , wg_comp_time: 1
id: mlp_moelayer , depen: -1 , wg_comp_time: 1
id: mlp_moelayer , depen: -1 , wg_comp_time: 1
id: mlp_moelayer , depen: -1 , wg_comp_time: 1
id: mlp_moelayer , depen: -1 , wg_comp_time: 1
id: mlp_moelayer , depen: -1 , wg_comp_time: 1
id: mlp_moelayer , depen: -1 , wg_comp_time: 1
id: mlp_moelayer , depen: -1 , wg_comp_time: 1
id: attention_column , depen: -1 , wg_comp_time: 1
id: attention_row , depen: -1 , wg_comp_time: 1
id: mlp_moelayer , depen: -1 , wg_comp_time: 1
id: mlp_moelayer , depen: -1 , wg_comp_time: 1
id: mlp_moelayer , depen: -1 , wg_comp_time: 1
id: mlp_moelayer , depen: -1 , wg_comp_time: 1
id: mlp_moelayer , depen: -1 , wg_comp_time: 1
id: mlp_moelayer , depen: -1 , wg_comp_time: 1
id: mlp_moelayer , depen: -1 , wg_comp_time: 1
id: attention_column , depen: -1 , wg_comp_time: 1
id: attention_row , depen: -1 , wg_comp_time: 1
id: mlp_moelayer , depen: -1 , wg_comp_time: 1
id: mlp_moelayer , depen: -1 , wg_comp_time: 1
id: mlp_moelayer , depen: -1 , wg_comp_time: 1
id: mlp_moelayer , depen: -1 , wg_comp_time: 1
id: mlp_moelayer , depen: -1 , wg_comp_time: 1
id: mlp_moelayer , depen: -1 , wg_comp_time: 1
id: mlp_moelayer , depen: -1 , wg_comp_time: 1
id: attention_column , depen: -1 , wg_comp_time: 1
id: attention_row , depen: -1 , wg_comp_time: 1
id: mlp_moelayer , depen: -1 , wg_comp_time: 1
id: mlp_moelayer , depen: -1 , wg_comp_time: 1
id: mlp_moelayer , depen: -1 , wg_comp_time: 1
id: mlp_moelayer , depen: -1 , wg_comp_time: 1
id: mlp_moelayer , depen: -1 , wg_comp_time: 1
id: mlp_moelayer , depen: -1 , wg_comp_time: 1
id: mlp_moelayer , depen: -1 , wg_comp_time: 1
id: attention_column , depen: -1 , wg_comp_time: 1
id: attention_row , depen: -1 , wg_comp_time: 1
id: mlp_moelayer , depen: -1 , wg_comp_time: 1
id: mlp_moelayer , depen: -1 , wg_comp_time: 1
id: mlp_moelayer , depen: -1 , wg_comp_time: 1
id: mlp_moelayer , depen: -1 , wg_comp_time: 1
id: mlp_moelayer , depen: -1 , wg_comp_time: 1
id: mlp_moelayer , depen: -1 , wg_comp_time: 1
id: mlp_moelayer , depen: -1 , wg_comp_time: 1
id: attention_column , depen: -1 , wg_comp_time: 1
id: attention_row , depen: -1 , wg_comp_time: 1
id: mlp_moelayer , depen: -1 , wg_comp_time: 1
id: mlp_moelayer , depen: -1 , wg_comp_time: 1
id: mlp_moelayer , depen: -1 , wg_comp_time: 1
id: mlp_moelayer , depen: -1 , wg_comp_time: 1
id: mlp_moelayer , depen: -1 , wg_comp_time: 1
id: mlp_moelayer , depen: -1 , wg_comp_time: 1
id: mlp_moelayer , depen: -1 , wg_comp_time: 1
id: attention_column , depen: -1 , wg_comp_time: 1
id: attention_row , depen: -1 , wg_comp_time: 1
id: mlp_moelayer , depen: -1 , wg_comp_time: 1
id: mlp_moelayer , depen: -1 , wg_comp_time: 1
id: mlp_moelayer , depen: -1 , wg_comp_time: 1
id: mlp_moelayer , depen: -1 , wg_comp_time: 1
id: mlp_moelayer , depen: -1 , wg_comp_time: 1
id: mlp_moelayer , depen: -1 , wg_comp_time: 1
id: mlp_moelayer , depen: -1 , wg_comp_time: 1
id: attention_column , depen: -1 , wg_comp_time: 1
id: attention_row , depen: -1 , wg_comp_time: 1
id: mlp_moelayer , depen: -1 , wg_comp_time: 1
id: mlp_moelayer , depen: -1 , wg_comp_time: 1
id: mlp_moelayer , depen: -1 , wg_comp_time: 1
id: mlp_moelayer , depen: -1 , wg_comp_time: 1
id: mlp_moelayer , depen: -1 , wg_comp_time: 1
id: mlp_moelayer , depen: -1 , wg_comp_time: 1
id: mlp_moelayer , depen: -1 , wg_comp_time: 1
id: final_column , depen: -1 , wg_comp_time: 1
id: embedding_norm , depen: -1 , wg_comp_time: 1
id: embedding_layer , depen: -1 , wg_comp_time: 1
id: attention_column , depen: -1 , wg_comp_time: 1
id: attention_row , depen: -1 , wg_comp_time: 1
id: mlp_moelayer , depen: -1 , wg_comp_time: 1
id: mlp_moelayer , depen: -1 , wg_comp_time: 1
id: mlp_moelayer , depen: -1 , wg_comp_time: 1
id: mlp_moelayer , depen: -1 , wg_comp_time: 1
id: mlp_moelayer , depen: -1 , wg_comp_time: 1
id: mlp_moelayer , depen: -1 , wg_comp_time: 1
id: mlp_moelayer , depen: -1 , wg_comp_time: 1
id: attention_column , depen: -1 , wg_comp_time: 1
id: attention_row , depen: -1 , wg_comp_time: 1
id: mlp_moelayer , depen: -1 , wg_comp_time: 1
id: mlp_moelayer , depen: -1 , wg_comp_time: 1
id: mlp_moelayer , depen: -1 , wg_comp_time: 1
id: mlp_moelayer , depen: -1 , wg_comp_time: 1
id: mlp_moelayer , depen: -1 , wg_comp_time: 1
id: mlp_moelayer , depen: -1 , wg_comp_time: 1
id: mlp_moelayer , depen: -1 , wg_comp_time: 1
id: attention_column , depen: -1 , wg_comp_time: 1
id: attention_row , depen: -1 , wg_comp_time: 1
id: mlp_moelayer , depen: -1 , wg_comp_time: 1
id: mlp_moelayer , depen: -1 , wg_comp_time: 1
id: mlp_moelayer , depen: -1 , wg_comp_time: 1
id: mlp_moelayer , depen: -1 , wg_comp_time: 1
id: mlp_moelayer , depen: -1 , wg_comp_time: 1
id: mlp_moelayer , depen: -1 , wg_comp_time: 1
id: mlp_moelayer , depen: -1 , wg_comp_time: 1
id: attention_column , depen: -1 , wg_comp_time: 1
id: attention_row , depen: -1 , wg_comp_time: 1
id: mlp_moelayer , depen: -1 , wg_comp_time: 1
id: mlp_moelayer , depen: -1 , wg_comp_time: 1
id: mlp_moelayer , depen: -1 , wg_comp_time: 1
id: mlp_moelayer , depen: -1 , wg_comp_time: 1
id: mlp_moelayer , depen: -1 , wg_comp_time: 1
id: mlp_moelayer , depen: -1 , wg_comp_time: 1
id: mlp_moelayer , depen: -1 , wg_comp_time: 1
id: attention_column , depen: -1 , wg_comp_time: 1
id: attention_row , depen: -1 , wg_comp_time: 1
id: mlp_moelayer , depen: -1 , wg_comp_time: 1
id: mlp_moelayer , depen: -1 , wg_comp_time: 1
id: mlp_moelayer , depen: -1 , wg_comp_time: 1
id: mlp_moelayer , depen: -1 , wg_comp_time: 1
id: mlp_moelayer , depen: -1 , wg_comp_time: 1
id: mlp_moelayer , depen: -1 , wg_comp_time: 1
id: mlp_moelayer , depen: -1 , wg_comp_time: 1
id: attention_column , depen: -1 , wg_comp_time: 1
id: attention_row , depen: -1 , wg_comp_time: 1
id: mlp_moelayer , depen: -1 , wg_comp_time: 1
id: mlp_moelayer , depen: -1 , wg_comp_time: 1
id: mlp_moelayer , depen: -1 , wg_comp_time: 1
id: mlp_moelayer , depen: -1 , wg_comp_time: 1
id: mlp_moelayer , depen: -1 , wg_comp_time: 1
id: mlp_moelayer , depen: -1 , wg_comp_time: 1
id: mlp_moelayer , depen: -1 , wg_comp_time: 1
id: attention_column , depen: -1 , wg_comp_time: 1
id: attention_row , depen: -1 , wg_comp_time: 1
id: mlp_moelayer , depen: -1 , wg_comp_time: 1
id: mlp_moelayer , depen: -1 , wg_comp_time: 1
id: mlp_moelayer , depen: -1 , wg_comp_time: 1
id: mlp_moelayer , depen: -1 , wg_comp_time: 1
id: mlp_moelayer , depen: -1 , wg_comp_time: 1
id: mlp_moelayer , depen: -1 , wg_comp_time: 1
id: mlp_moelayer , depen: -1 , wg_comp_time: 1
id: attention_column , depen: -1 , wg_comp_time: 1
id: attention_row , depen: -1 , wg_comp_time: 1
id: mlp_moelayer , depen: -1 , wg_comp_time: 1
id: mlp_moelayer , depen: -1 , wg_comp_time: 1
id: mlp_moelayer , depen: -1 , wg_comp_time: 1
id: mlp_moelayer , depen: -1 , wg_comp_time: 1
id: mlp_moelayer , depen: -1 , wg_comp_time: 1
id: mlp_moelayer , depen: -1 , wg_comp_time: 1
id: mlp_moelayer , depen: -1 , wg_comp_time: 1
id: final_column , depen: -1 , wg_comp_time: 1
id: embedding_norm , depen: -1 , wg_comp_time: 1
id: cross_entropy1 , depen: -1 , wg_comp_time: 0
id: cross_entropy2 , depen: -1 , wg_comp_time: 0
id: cross_entropy3 , depen: -1 , wg_comp_time: 0
id: optimizer1 , depen: -1 , wg_comp_time: 0
id: optimizer2 , depen: -1 , wg_comp_time: 0
id: optimizer3 , depen: -1 , wg_comp_time: 0
id: optimizer4 , depen: -1 , wg_comp_time: 0
type: HYBRID_TRANSFORMER_FWD_IN_BCKWD ,num passes: 1 ,lines: 308 compute scale: 1 ,comm scale: 1
stat path: ./ncclFlowModel_ ,total rows: 1 ,stat row: 0
CSV path and filename: ./ncclFlowModel_detailed_32.csv
CSV path and filename: ./ncclFlowModel_EndToEnd.csv
DEBUG_BACKEND: Node 1 detected backend type: NS3
DEBUG_BACKEND: Node 2 detected backend type: NS3
DEBUG_BACKEND: Node 3 detected backend type: NS3
DEBUG_BACKEND: Node 4 detected backend type: NS3
DEBUG_BACKEND: Node 5 detected backend type: NS3
DEBUG_BACKEND: Node 6 detected backend type: NS3
DEBUG_BACKEND: Node 7 detected backend type: NS3
DEBUG_BACKEND: Node 8 detected backend type: NS3
DEBUG_BACKEND: Node 9 detected backend type: NS3
DEBUG_BACKEND: Node 10 detected backend type: NS3
DEBUG_BACKEND: Node 11 detected backend type: NS3
DEBUG_BACKEND: Node 12 detected backend type: NS3
DEBUG_BACKEND: Node 13 detected backend type: NS3
DEBUG_BACKEND: Node 14 detected backend type: NS3
DEBUG_BACKEND: Node 15 detected backend type: NS3
DEBUG_BACKEND: Node 16 detected backend type: NS3
DEBUG_BACKEND: Node 17 detected backend type: NS3
DEBUG_BACKEND: Node 18 detected backend type: NS3
DEBUG_BACKEND: Node 19 detected backend type: NS3
DEBUG_BACKEND: Node 20 detected backend type: NS3
DEBUG_BACKEND: Node 21 detected backend type: NS3
DEBUG_BACKEND: Node 22 detected backend type: NS3
DEBUG_BACKEND: Node 23 detected backend type: NS3
DEBUG_BACKEND: Node 24 detected backend type: NS3
DEBUG_BACKEND: Node 25 detected backend type: NS3
DEBUG_BACKEND: Node 26 detected backend type: NS3
DEBUG_BACKEND: Node 27 detected backend type: NS3
DEBUG_BACKEND: Node 28 detected backend type: NS3
DEBUG_BACKEND: Node 29 detected backend type: NS3
DEBUG_BACKEND: Node 30 detected backend type: NS3
DEBUG_BACKEND: Node 31 detected backend type: NS3
Debug: Before firing workloads
Debug: Firing workload for system 0
Debug: Firing workload for system 1
Debug: Firing workload for system 2
Debug: Firing workload for system 3
Debug: Firing workload for system 4
Debug: Firing workload for system 5
Debug: Firing workload for system 6
Debug: Firing workload for system 7
Debug: Firing workload for system 8
Debug: Firing workload for system 9
Debug: Firing workload for system 10
Debug: Firing workload for system 11
Debug: Firing workload for system 12
Debug: Firing workload for system 13
Debug: Firing workload for system 14
Debug: Firing workload for system 15
Debug: Firing workload for system 16
Debug: Firing workload for system 17
Debug: Firing workload for system 18
Debug: Firing workload for system 19
Debug: Firing workload for system 20
Debug: Firing workload for system 21
Debug: Firing workload for system 22
Debug: Firing workload for system 23
Debug: Firing workload for system 24
Debug: Firing workload for system 25
Debug: Firing workload for system 26
Debug: Firing workload for system 27
Debug: Firing workload for system 28
Debug: Firing workload for system 29
Debug: Firing workload for system 30
Debug: Firing workload for system 31
Debug: All workloads fired, starting simulator
DEBUG_CHUNK_SIZE: size=3039723520, preferred_dataset_splits=1, resulting chunk_size=3039723520
DEBUG_COLLECTIVE_TYPE: layer=0, event=UNKNOWN (raw=0), size=3039723520, chunk_size=3039723520
DEBUG_STREAM_COUNT: chunk size is: 3039723520 , size is: 3039723520 , layer_num is: 0 , node: 0
DEBUG_STREAM_CREATE: Creating stream #0 for dataset id: 0 (total_streams=1)
DEBUG_STREAM_COUNT: Generated 1 streams for layer 0 (UNKNOWN), total injected: 1
info: all-gather forward pass collective issued for layer: grad_norm, involved dimensions:  1, 0, 0, 0, 0, 0, 0, 0, 0, 0,
DEBUG_SIM_END: Node 0 checking finish condition: finished_workloads=0, event_queue.size()=1, pending_sends.size()=0, initialized=1
***** info: fwd pass comm collective for layer: grad_norm is finished************
info: no forward pass collective for layer: embedding_layer
DEBUG_CHUNK_SIZE: size=41943040, preferred_dataset_splits=1, resulting chunk_size=41943040
DEBUG_COLLECTIVE_TYPE: layer=2, event=UNKNOWN (raw=0), size=41943040, chunk_size=41943040
DEBUG_STREAM_COUNT: chunk size is: 41943040 , size is: 41943040 , layer_num is: 2 , node: 0
DEBUG_STREAM_CREATE: Creating stream #1 for dataset id: 62 (total_streams=1)
DEBUG_STREAM_COUNT: Generated 1 streams for layer 2 (UNKNOWN), total injected: 2
info: all-gather forward pass collective issued for layer: attention_column, involved dimensions:  1, 0, 0, 0, 0, 0, 0, 0, 0, 0,
***** info: fwd pass comm collective for layer: attention_column is finished************
DEBUG_CHUNK_SIZE: size=41943040, preferred_dataset_splits=1, resulting chunk_size=41943040
DEBUG_COLLECTIVE_TYPE: layer=3, event=UNKNOWN (raw=0), size=41943040, chunk_size=41943040
DEBUG_STREAM_COUNT: chunk size is: 41943040 , size is: 41943040 , layer_num is: 3 , node: 0
DEBUG_STREAM_CREATE: Creating stream #2 for dataset id: 95 (total_streams=1)
DEBUG_STREAM_COUNT: Generated 1 streams for layer 3 (UNKNOWN), total injected: 3
info: reduce-scatter forward pass collective issued for layer: attention_row, involved dimensions:  1, 0, 0, 0, 0, 0, 0, 0, 0, 0,
***** info: fwd pass comm collective for layer: attention_row is finished************
DEBUG_CHUNK_SIZE: size=131072, preferred_dataset_splits=1, resulting chunk_size=131072
DEBUG_COLLECTIVE_TYPE: layer=4, event=UNKNOWN (raw=0), size=131072, chunk_size=131072
DEBUG_STREAM_COUNT: chunk size is: 131072 , size is: 131072 , layer_num is: 4 , node: 0
DEBUG_STREAM_CREATE: Creating stream #3 for dataset id: 112 (total_streams=1)
DEBUG_STREAM_COUNT: Generated 1 streams for layer 4 (UNKNOWN), total injected: 4
info: all-gather forward pass collective issued for layer: mlp_moelayer, involved dimensions:  1, 0, 0, 0, 0, 0, 0, 0, 0, 0,
***** info: fwd pass comm collective for layer: mlp_moelayer is finished************
DEBUG_CHUNK_SIZE: size=20971520, preferred_dataset_splits=1, resulting chunk_size=20971520
DEBUG_COLLECTIVE_TYPE: layer=5, event=UNKNOWN (raw=0), size=20971520, chunk_size=20971520
DEBUG_STREAM_COUNT: chunk size is: 20971520 , size is: 20971520 , layer_num is: 5 , node: 0
DEBUG_STREAM_CREATE: Creating stream #4 for dataset id: 159 (total_streams=1)
DEBUG_STREAM_COUNT: Generated 1 streams for layer 5 (UNKNOWN), total injected: 5
info: all-to-all forward pass collective issued for layer: mlp_moelayer, involved dimensions:  1, 0, 0, 0, 0, 0, 0, 0, 0, 0,
***** info: fwd pass comm collective for layer: mlp_moelayer is finished************
DEBUG_CHUNK_SIZE: size=83886080, preferred_dataset_splits=1, resulting chunk_size=83886080
DEBUG_COLLECTIVE_TYPE: layer=6, event=UNKNOWN (raw=0), size=83886080, chunk_size=83886080
DEBUG_STREAM_COUNT: chunk size is: 83886080 , size is: 83886080 , layer_num is: 6 , node: 0
DEBUG_STREAM_CREATE: Creating stream #5 for dataset id: 179 (total_streams=1)
DEBUG_STREAM_COUNT: Generated 1 streams for layer 6 (UNKNOWN), total injected: 6
info: all-to-all forward pass collective issued for layer: mlp_moelayer, involved dimensions:  1, 0, 0, 0, 0, 0, 0, 0, 0, 0,
***** info: fwd pass comm collective for layer: mlp_moelayer is finished************
DEBUG_CHUNK_SIZE: size=83886080, preferred_dataset_splits=1, resulting chunk_size=83886080
DEBUG_COLLECTIVE_TYPE: layer=7, event=UNKNOWN (raw=0), size=83886080, chunk_size=83886080
DEBUG_STREAM_COUNT: chunk size is: 83886080 , size is: 83886080 , layer_num is: 7 , node: 0
DEBUG_STREAM_CREATE: Creating stream #6 for dataset id: 193 (total_streams=1)
DEBUG_STREAM_COUNT: Generated 1 streams for layer 7 (UNKNOWN), total injected: 7
info: all-gather forward pass collective issued for layer: mlp_moelayer, involved dimensions:  1, 0, 0, 0, 0, 0, 0, 0, 0, 0,
***** info: fwd pass comm collective for layer: mlp_moelayer is finished************
DEBUG_CHUNK_SIZE: size=83886080, preferred_dataset_splits=1, resulting chunk_size=83886080
DEBUG_COLLECTIVE_TYPE: layer=8, event=UNKNOWN (raw=0), size=83886080, chunk_size=83886080
DEBUG_STREAM_COUNT: chunk size is: 83886080 , size is: 83886080 , layer_num is: 8 , node: 0
DEBUG_STREAM_CREATE: Creating stream #7 for dataset id: 194 (total_streams=1)
DEBUG_STREAM_COUNT: Generated 1 streams for layer 8 (UNKNOWN), total injected: 8
info: reduce-scatter forward pass collective issued for layer: mlp_moelayer, involved dimensions:  1, 0, 0, 0, 0, 0, 0, 0, 0, 0,
***** info: fwd pass comm collective for layer: mlp_moelayer is finished************
DEBUG_CHUNK_SIZE: size=83886080, preferred_dataset_splits=1, resulting chunk_size=83886080
DEBUG_COLLECTIVE_TYPE: layer=9, event=UNKNOWN (raw=0), size=83886080, chunk_size=83886080
DEBUG_STREAM_COUNT: chunk size is: 83886080 , size is: 83886080 , layer_num is: 9 , node: 0
DEBUG_STREAM_CREATE: Creating stream #8 for dataset id: 197 (total_streams=1)
DEBUG_STREAM_COUNT: Generated 1 streams for layer 9 (UNKNOWN), total injected: 9
info: all-to-all forward pass collective issued for layer: mlp_moelayer, involved dimensions:  1, 0, 0, 0, 0, 0, 0, 0, 0, 0,
***** info: fwd pass comm collective for layer: mlp_moelayer is finished************
DEBUG_CHUNK_SIZE: size=20971520, preferred_dataset_splits=1, resulting chunk_size=20971520
DEBUG_COLLECTIVE_TYPE: layer=10, event=UNKNOWN (raw=0), size=20971520, chunk_size=20971520
DEBUG_STREAM_COUNT: chunk size is: 20971520 , size is: 20971520 , layer_num is: 10 , node: 0
DEBUG_STREAM_CREATE: Creating stream #9 for dataset id: 198 (total_streams=1)
DEBUG_STREAM_COUNT: Generated 1 streams for layer 10 (UNKNOWN), total injected: 10
info: all-to-all forward pass collective issued for layer: mlp_moelayer, involved dimensions:  1, 0, 0, 0, 0, 0, 0, 0, 0, 0,
***** info: fwd pass comm collective for layer: mlp_moelayer is finished************
DEBUG_CHUNK_SIZE: size=41943040, preferred_dataset_splits=1, resulting chunk_size=41943040
DEBUG_COLLECTIVE_TYPE: layer=11, event=UNKNOWN (raw=0), size=41943040, chunk_size=41943040
DEBUG_STREAM_COUNT: chunk size is: 41943040 , size is: 41943040 , layer_num is: 11 , node: 0
DEBUG_STREAM_CREATE: Creating stream #10 for dataset id: 201 (total_streams=1)
DEBUG_STREAM_COUNT: Generated 1 streams for layer 11 (UNKNOWN), total injected: 11
info: all-gather forward pass collective issued for layer: attention_column, involved dimensions:  1, 0, 0, 0, 0, 0, 0, 0, 0, 0,
***** info: fwd pass comm collective for layer: attention_column is finished************
DEBUG_CHUNK_SIZE: size=41943040, preferred_dataset_splits=1, resulting chunk_size=41943040
DEBUG_COLLECTIVE_TYPE: layer=12, event=UNKNOWN (raw=0), size=41943040, chunk_size=41943040
DEBUG_STREAM_COUNT: chunk size is: 41943040 , size is: 41943040 , layer_num is: 12 , node: 0
DEBUG_STREAM_CREATE: Creating stream #11 for dataset id: 202 (total_streams=1)
DEBUG_STREAM_COUNT: Generated 1 streams for layer 12 (UNKNOWN), total injected: 12
info: reduce-scatter forward pass collective issued for layer: attention_row, involved dimensions:  1, 0, 0, 0, 0, 0, 0, 0, 0, 0,
***** info: fwd pass comm collective for layer: attention_row is finished************
DEBUG_CHUNK_SIZE: size=131072, preferred_dataset_splits=1, resulting chunk_size=131072
DEBUG_COLLECTIVE_TYPE: layer=13, event=UNKNOWN (raw=0), size=131072, chunk_size=131072
DEBUG_STREAM_COUNT: chunk size is: 131072 , size is: 131072 , layer_num is: 13 , node: 0
DEBUG_STREAM_CREATE: Creating stream #12 for dataset id: 205 (total_streams=1)
DEBUG_STREAM_COUNT: Generated 1 streams for layer 13 (UNKNOWN), total injected: 13
info: all-gather forward pass collective issued for layer: mlp_moelayer, involved dimensions:  1, 0, 0, 0, 0, 0, 0, 0, 0, 0,
***** info: fwd pass comm collective for layer: mlp_moelayer is finished************
DEBUG_CHUNK_SIZE: size=20971520, preferred_dataset_splits=1, resulting chunk_size=20971520
DEBUG_COLLECTIVE_TYPE: layer=14, event=UNKNOWN (raw=0), size=20971520, chunk_size=20971520
DEBUG_STREAM_COUNT: chunk size is: 20971520 , size is: 20971520 , layer_num is: 14 , node: 0
DEBUG_STREAM_CREATE: Creating stream #13 for dataset id: 206 (total_streams=1)
DEBUG_STREAM_COUNT: Generated 1 streams for layer 14 (UNKNOWN), total injected: 14
info: all-to-all forward pass collective issued for layer: mlp_moelayer, involved dimensions:  1, 0, 0, 0, 0, 0, 0, 0, 0, 0,
***** info: fwd pass comm collective for layer: mlp_moelayer is finished************
DEBUG_CHUNK_SIZE: size=83886080, preferred_dataset_splits=1, resulting chunk_size=83886080
DEBUG_COLLECTIVE_TYPE: layer=15, event=UNKNOWN (raw=0), size=83886080, chunk_size=83886080
DEBUG_STREAM_COUNT: chunk size is: 83886080 , size is: 83886080 , layer_num is: 15 , node: 0
DEBUG_STREAM_CREATE: Creating stream #14 for dataset id: 209 (total_streams=1)
DEBUG_STREAM_COUNT: Generated 1 streams for layer 15 (UNKNOWN), total injected: 15
info: all-to-all forward pass collective issued for layer: mlp_moelayer, involved dimensions:  1, 0, 0, 0, 0, 0, 0, 0, 0, 0,
***** info: fwd pass comm collective for layer: mlp_moelayer is finished************
DEBUG_CHUNK_SIZE: size=83886080, preferred_dataset_splits=1, resulting chunk_size=83886080
DEBUG_COLLECTIVE_TYPE: layer=16, event=UNKNOWN (raw=0), size=83886080, chunk_size=83886080
DEBUG_STREAM_COUNT: chunk size is: 83886080 , size is: 83886080 , layer_num is: 16 , node: 0
DEBUG_STREAM_CREATE: Creating stream #15 for dataset id: 210 (total_streams=1)
DEBUG_STREAM_COUNT: Generated 1 streams for layer 16 (UNKNOWN), total injected: 16
info: all-gather forward pass collective issued for layer: mlp_moelayer, involved dimensions:  1, 0, 0, 0, 0, 0, 0, 0, 0, 0,
***** info: fwd pass comm collective for layer: mlp_moelayer is finished************
DEBUG_CHUNK_SIZE: size=83886080, preferred_dataset_splits=1, resulting chunk_size=83886080
DEBUG_COLLECTIVE_TYPE: layer=17, event=UNKNOWN (raw=0), size=83886080, chunk_size=83886080
DEBUG_STREAM_COUNT: chunk size is: 83886080 , size is: 83886080 , layer_num is: 17 , node: 0
DEBUG_STREAM_CREATE: Creating stream #16 for dataset id: 213 (total_streams=1)
DEBUG_STREAM_COUNT: Generated 1 streams for layer 17 (UNKNOWN), total injected: 17
info: reduce-scatter forward pass collective issued for layer: mlp_moelayer, involved dimensions:  1, 0, 0, 0, 0, 0, 0, 0, 0, 0,
***** info: fwd pass comm collective for layer: mlp_moelayer is finished************
DEBUG_CHUNK_SIZE: size=83886080, preferred_dataset_splits=1, resulting chunk_size=83886080
DEBUG_COLLECTIVE_TYPE: layer=18, event=UNKNOWN (raw=0), size=83886080, chunk_size=83886080
DEBUG_STREAM_COUNT: chunk size is: 83886080 , size is: 83886080 , layer_num is: 18 , node: 0
DEBUG_STREAM_CREATE: Creating stream #17 for dataset id: 214 (total_streams=1)
DEBUG_STREAM_COUNT: Generated 1 streams for layer 18 (UNKNOWN), total injected: 18
info: all-to-all forward pass collective issued for layer: mlp_moelayer, involved dimensions:  1, 0, 0, 0, 0, 0, 0, 0, 0, 0,
***** info: fwd pass comm collective for layer: mlp_moelayer is finished************
DEBUG_CHUNK_SIZE: size=20971520, preferred_dataset_splits=1, resulting chunk_size=20971520
DEBUG_COLLECTIVE_TYPE: layer=19, event=UNKNOWN (raw=0), size=20971520, chunk_size=20971520
DEBUG_STREAM_COUNT: chunk size is: 20971520 , size is: 20971520 , layer_num is: 19 , node: 0
DEBUG_STREAM_CREATE: Creating stream #18 for dataset id: 217 (total_streams=1)
DEBUG_STREAM_COUNT: Generated 1 streams for layer 19 (UNKNOWN), total injected: 19
info: all-to-all forward pass collective issued for layer: mlp_moelayer, involved dimensions:  1, 0, 0, 0, 0, 0, 0, 0, 0, 0,
***** info: fwd pass comm collective for layer: mlp_moelayer is finished************
DEBUG_CHUNK_SIZE: size=41943040, preferred_dataset_splits=1, resulting chunk_size=41943040
DEBUG_COLLECTIVE_TYPE: layer=20, event=UNKNOWN (raw=0), size=41943040, chunk_size=41943040
DEBUG_STREAM_COUNT: chunk size is: 41943040 , size is: 41943040 , layer_num is: 20 , node: 0
DEBUG_STREAM_CREATE: Creating stream #19 for dataset id: 218 (total_streams=1)
DEBUG_STREAM_COUNT: Generated 1 streams for layer 20 (UNKNOWN), total injected: 20
info: all-gather forward pass collective issued for layer: attention_column, involved dimensions:  1, 0, 0, 0, 0, 0, 0, 0, 0, 0,
***** info: fwd pass comm collective for layer: attention_column is finished************
DEBUG_CHUNK_SIZE: size=41943040, preferred_dataset_splits=1, resulting chunk_size=41943040
DEBUG_COLLECTIVE_TYPE: layer=21, event=UNKNOWN (raw=0), size=41943040, chunk_size=41943040
DEBUG_STREAM_COUNT: chunk size is: 41943040 , size is: 41943040 , layer_num is: 21 , node: 0
DEBUG_STREAM_CREATE: Creating stream #20 for dataset id: 221 (total_streams=1)
DEBUG_STREAM_COUNT: Generated 1 streams for layer 21 (UNKNOWN), total injected: 21
info: reduce-scatter forward pass collective issued for layer: attention_row, involved dimensions:  1, 0, 0, 0, 0, 0, 0, 0, 0, 0,
***** info: fwd pass comm collective for layer: attention_row is finished************
DEBUG_CHUNK_SIZE: size=131072, preferred_dataset_splits=1, resulting chunk_size=131072
DEBUG_COLLECTIVE_TYPE: layer=22, event=UNKNOWN (raw=0), size=131072, chunk_size=131072
DEBUG_STREAM_COUNT: chunk size is: 131072 , size is: 131072 , layer_num is: 22 , node: 0
DEBUG_STREAM_CREATE: Creating stream #21 for dataset id: 222 (total_streams=1)
DEBUG_STREAM_COUNT: Generated 1 streams for layer 22 (UNKNOWN), total injected: 22
info: all-gather forward pass collective issued for layer: mlp_moelayer, involved dimensions:  1, 0, 0, 0, 0, 0, 0, 0, 0, 0,
***** info: fwd pass comm collective for layer: mlp_moelayer is finished************
DEBUG_CHUNK_SIZE: size=20971520, preferred_dataset_splits=1, resulting chunk_size=20971520
DEBUG_COLLECTIVE_TYPE: layer=23, event=UNKNOWN (raw=0), size=20971520, chunk_size=20971520
DEBUG_STREAM_COUNT: chunk size is: 20971520 , size is: 20971520 , layer_num is: 23 , node: 0
DEBUG_STREAM_CREATE: Creating stream #22 for dataset id: 225 (total_streams=1)
DEBUG_STREAM_COUNT: Generated 1 streams for layer 23 (UNKNOWN), total injected: 23
info: all-to-all forward pass collective issued for layer: mlp_moelayer, involved dimensions:  1, 0, 0, 0, 0, 0, 0, 0, 0, 0,
***** info: fwd pass comm collective for layer: mlp_moelayer is finished************
DEBUG_CHUNK_SIZE: size=83886080, preferred_dataset_splits=1, resulting chunk_size=83886080
DEBUG_COLLECTIVE_TYPE: layer=24, event=UNKNOWN (raw=0), size=83886080, chunk_size=83886080
DEBUG_STREAM_COUNT: chunk size is: 83886080 , size is: 83886080 , layer_num is: 24 , node: 0
DEBUG_STREAM_CREATE: Creating stream #23 for dataset id: 226 (total_streams=1)
DEBUG_STREAM_COUNT: Generated 1 streams for layer 24 (UNKNOWN), total injected: 24
info: all-to-all forward pass collective issued for layer: mlp_moelayer, involved dimensions:  1, 0, 0, 0, 0, 0, 0, 0, 0, 0,
***** info: fwd pass comm collective for layer: mlp_moelayer is finished************
DEBUG_CHUNK_SIZE: size=83886080, preferred_dataset_splits=1, resulting chunk_size=83886080
DEBUG_COLLECTIVE_TYPE: layer=25, event=UNKNOWN (raw=0), size=83886080, chunk_size=83886080
DEBUG_STREAM_COUNT: chunk size is: 83886080 , size is: 83886080 , layer_num is: 25 , node: 0
DEBUG_STREAM_CREATE: Creating stream #24 for dataset id: 229 (total_streams=1)
DEBUG_STREAM_COUNT: Generated 1 streams for layer 25 (UNKNOWN), total injected: 25
info: all-gather forward pass collective issued for layer: mlp_moelayer, involved dimensions:  1, 0, 0, 0, 0, 0, 0, 0, 0, 0,
***** info: fwd pass comm collective for layer: mlp_moelayer is finished************
DEBUG_CHUNK_SIZE: size=83886080, preferred_dataset_splits=1, resulting chunk_size=83886080
DEBUG_COLLECTIVE_TYPE: layer=26, event=UNKNOWN (raw=0), size=83886080, chunk_size=83886080
DEBUG_STREAM_COUNT: chunk size is: 83886080 , size is: 83886080 , layer_num is: 26 , node: 0
DEBUG_STREAM_CREATE: Creating stream #25 for dataset id: 230 (total_streams=1)
DEBUG_STREAM_COUNT: Generated 1 streams for layer 26 (UNKNOWN), total injected: 26
info: reduce-scatter forward pass collective issued for layer: mlp_moelayer, involved dimensions:  1, 0, 0, 0, 0, 0, 0, 0, 0, 0,
***** info: fwd pass comm collective for layer: mlp_moelayer is finished************
DEBUG_CHUNK_SIZE: size=83886080, preferred_dataset_splits=1, resulting chunk_size=83886080
DEBUG_COLLECTIVE_TYPE: layer=27, event=UNKNOWN (raw=0), size=83886080, chunk_size=83886080
DEBUG_STREAM_COUNT: chunk size is: 83886080 , size is: 83886080 , layer_num is: 27 , node: 0
DEBUG_STREAM_CREATE: Creating stream #26 for dataset id: 233 (total_streams=1)
DEBUG_STREAM_COUNT: Generated 1 streams for layer 27 (UNKNOWN), total injected: 27
info: all-to-all forward pass collective issued for layer: mlp_moelayer, involved dimensions:  1, 0, 0, 0, 0, 0, 0, 0, 0, 0,
***** info: fwd pass comm collective for layer: mlp_moelayer is finished************
DEBUG_CHUNK_SIZE: size=20971520, preferred_dataset_splits=1, resulting chunk_size=20971520
DEBUG_COLLECTIVE_TYPE: layer=28, event=UNKNOWN (raw=0), size=20971520, chunk_size=20971520
DEBUG_STREAM_COUNT: chunk size is: 20971520 , size is: 20971520 , layer_num is: 28 , node: 0
DEBUG_STREAM_CREATE: Creating stream #27 for dataset id: 234 (total_streams=1)
DEBUG_STREAM_COUNT: Generated 1 streams for layer 28 (UNKNOWN), total injected: 28
info: all-to-all forward pass collective issued for layer: mlp_moelayer, involved dimensions:  1, 0, 0, 0, 0, 0, 0, 0, 0, 0,
***** info: fwd pass comm collective for layer: mlp_moelayer is finished************
DEBUG_CHUNK_SIZE: size=41943040, preferred_dataset_splits=1, resulting chunk_size=41943040
DEBUG_COLLECTIVE_TYPE: layer=29, event=UNKNOWN (raw=0), size=41943040, chunk_size=41943040
DEBUG_STREAM_COUNT: chunk size is: 41943040 , size is: 41943040 , layer_num is: 29 , node: 0
DEBUG_STREAM_CREATE: Creating stream #28 for dataset id: 237 (total_streams=1)
DEBUG_STREAM_COUNT: Generated 1 streams for layer 29 (UNKNOWN), total injected: 29
info: all-gather forward pass collective issued for layer: attention_column, involved dimensions:  1, 0, 0, 0, 0, 0, 0, 0, 0, 0,
***** info: fwd pass comm collective for layer: attention_column is finished************
DEBUG_CHUNK_SIZE: size=41943040, preferred_dataset_splits=1, resulting chunk_size=41943040
DEBUG_COLLECTIVE_TYPE: layer=30, event=UNKNOWN (raw=0), size=41943040, chunk_size=41943040
DEBUG_STREAM_COUNT: chunk size is: 41943040 , size is: 41943040 , layer_num is: 30 , node: 0
DEBUG_STREAM_CREATE: Creating stream #29 for dataset id: 238 (total_streams=1)
DEBUG_STREAM_COUNT: Generated 1 streams for layer 30 (UNKNOWN), total injected: 30
info: reduce-scatter forward pass collective issued for layer: attention_row, involved dimensions:  1, 0, 0, 0, 0, 0, 0, 0, 0, 0,
***** info: fwd pass comm collective for layer: attention_row is finished************
DEBUG_CHUNK_SIZE: size=131072, preferred_dataset_splits=1, resulting chunk_size=131072
DEBUG_COLLECTIVE_TYPE: layer=31, event=UNKNOWN (raw=0), size=131072, chunk_size=131072
DEBUG_STREAM_COUNT: chunk size is: 131072 , size is: 131072 , layer_num is: 31 , node: 0
DEBUG_STREAM_CREATE: Creating stream #30 for dataset id: 241 (total_streams=1)
DEBUG_STREAM_COUNT: Generated 1 streams for layer 31 (UNKNOWN), total injected: 31
info: all-gather forward pass collective issued for layer: mlp_moelayer, involved dimensions:  1, 0, 0, 0, 0, 0, 0, 0, 0, 0,
***** info: fwd pass comm collective for layer: mlp_moelayer is finished************
DEBUG_CHUNK_SIZE: size=20971520, preferred_dataset_splits=1, resulting chunk_size=20971520
DEBUG_COLLECTIVE_TYPE: layer=32, event=UNKNOWN (raw=0), size=20971520, chunk_size=20971520
DEBUG_STREAM_COUNT: chunk size is: 20971520 , size is: 20971520 , layer_num is: 32 , node: 0
DEBUG_STREAM_CREATE: Creating stream #31 for dataset id: 242 (total_streams=1)
DEBUG_STREAM_COUNT: Generated 1 streams for layer 32 (UNKNOWN), total injected: 32
info: all-to-all forward pass collective issued for layer: mlp_moelayer, involved dimensions:  1, 0, 0, 0, 0, 0, 0, 0, 0, 0,
***** info: fwd pass comm collective for layer: mlp_moelayer is finished************
DEBUG_CHUNK_SIZE: size=83886080, preferred_dataset_splits=1, resulting chunk_size=83886080
DEBUG_COLLECTIVE_TYPE: layer=33, event=UNKNOWN (raw=0), size=83886080, chunk_size=83886080
DEBUG_STREAM_COUNT: chunk size is: 83886080 , size is: 83886080 , layer_num is: 33 , node: 0
DEBUG_STREAM_CREATE: Creating stream #32 for dataset id: 245 (total_streams=1)
DEBUG_STREAM_COUNT: Generated 1 streams for layer 33 (UNKNOWN), total injected: 33
info: all-to-all forward pass collective issued for layer: mlp_moelayer, involved dimensions:  1, 0, 0, 0, 0, 0, 0, 0, 0, 0,
***** info: fwd pass comm collective for layer: mlp_moelayer is finished************
DEBUG_CHUNK_SIZE: size=83886080, preferred_dataset_splits=1, resulting chunk_size=83886080
DEBUG_COLLECTIVE_TYPE: layer=34, event=UNKNOWN (raw=0), size=83886080, chunk_size=83886080
DEBUG_STREAM_COUNT: chunk size is: 83886080 , size is: 83886080 , layer_num is: 34 , node: 0
DEBUG_STREAM_CREATE: Creating stream #33 for dataset id: 246 (total_streams=1)
DEBUG_STREAM_COUNT: Generated 1 streams for layer 34 (UNKNOWN), total injected: 34
info: all-gather forward pass collective issued for layer: mlp_moelayer, involved dimensions:  1, 0, 0, 0, 0, 0, 0, 0, 0, 0,
***** info: fwd pass comm collective for layer: mlp_moelayer is finished************
DEBUG_CHUNK_SIZE: size=83886080, preferred_dataset_splits=1, resulting chunk_size=83886080
DEBUG_COLLECTIVE_TYPE: layer=35, event=UNKNOWN (raw=0), size=83886080, chunk_size=83886080
DEBUG_STREAM_COUNT: chunk size is: 83886080 , size is: 83886080 , layer_num is: 35 , node: 0
DEBUG_STREAM_CREATE: Creating stream #34 for dataset id: 249 (total_streams=1)
DEBUG_STREAM_COUNT: Generated 1 streams for layer 35 (UNKNOWN), total injected: 35
info: reduce-scatter forward pass collective issued for layer: mlp_moelayer, involved dimensions:  1, 0, 0, 0, 0, 0, 0, 0, 0, 0,
***** info: fwd pass comm collective for layer: mlp_moelayer is finished************
DEBUG_CHUNK_SIZE: size=83886080, preferred_dataset_splits=1, resulting chunk_size=83886080
DEBUG_COLLECTIVE_TYPE: layer=36, event=UNKNOWN (raw=0), size=83886080, chunk_size=83886080
DEBUG_STREAM_COUNT: chunk size is: 83886080 , size is: 83886080 , layer_num is: 36 , node: 0
DEBUG_STREAM_CREATE: Creating stream #35 for dataset id: 250 (total_streams=1)
DEBUG_STREAM_COUNT: Generated 1 streams for layer 36 (UNKNOWN), total injected: 36
info: all-to-all forward pass collective issued for layer: mlp_moelayer, involved dimensions:  1, 0, 0, 0, 0, 0, 0, 0, 0, 0,
***** info: fwd pass comm collective for layer: mlp_moelayer is finished************
DEBUG_CHUNK_SIZE: size=20971520, preferred_dataset_splits=1, resulting chunk_size=20971520
DEBUG_COLLECTIVE_TYPE: layer=37, event=UNKNOWN (raw=0), size=20971520, chunk_size=20971520
DEBUG_STREAM_COUNT: chunk size is: 20971520 , size is: 20971520 , layer_num is: 37 , node: 0
DEBUG_STREAM_CREATE: Creating stream #36 for dataset id: 253 (total_streams=1)
DEBUG_STREAM_COUNT: Generated 1 streams for layer 37 (UNKNOWN), total injected: 37
info: all-to-all forward pass collective issued for layer: mlp_moelayer, involved dimensions:  1, 0, 0, 0, 0, 0, 0, 0, 0, 0,
***** info: fwd pass comm collective for layer: mlp_moelayer is finished************
DEBUG_CHUNK_SIZE: size=41943040, preferred_dataset_splits=1, resulting chunk_size=41943040
DEBUG_COLLECTIVE_TYPE: layer=38, event=UNKNOWN (raw=0), size=41943040, chunk_size=41943040
DEBUG_STREAM_COUNT: chunk size is: 41943040 , size is: 41943040 , layer_num is: 38 , node: 0
DEBUG_STREAM_CREATE: Creating stream #37 for dataset id: 254 (total_streams=1)
DEBUG_STREAM_COUNT: Generated 1 streams for layer 38 (UNKNOWN), total injected: 38
info: all-gather forward pass collective issued for layer: attention_column, involved dimensions:  1, 0, 0, 0, 0, 0, 0, 0, 0, 0,
***** info: fwd pass comm collective for layer: attention_column is finished************
DEBUG_CHUNK_SIZE: size=41943040, preferred_dataset_splits=1, resulting chunk_size=41943040
DEBUG_COLLECTIVE_TYPE: layer=39, event=UNKNOWN (raw=0), size=41943040, chunk_size=41943040
DEBUG_STREAM_COUNT: chunk size is: 41943040 , size is: 41943040 , layer_num is: 39 , node: 0
DEBUG_STREAM_CREATE: Creating stream #38 for dataset id: 257 (total_streams=1)
DEBUG_STREAM_COUNT: Generated 1 streams for layer 39 (UNKNOWN), total injected: 39
info: reduce-scatter forward pass collective issued for layer: attention_row, involved dimensions:  1, 0, 0, 0, 0, 0, 0, 0, 0, 0,
***** info: fwd pass comm collective for layer: attention_row is finished************
DEBUG_CHUNK_SIZE: size=131072, preferred_dataset_splits=1, resulting chunk_size=131072
DEBUG_COLLECTIVE_TYPE: layer=40, event=UNKNOWN (raw=0), size=131072, chunk_size=131072
DEBUG_STREAM_COUNT: chunk size is: 131072 , size is: 131072 , layer_num is: 40 , node: 0
DEBUG_STREAM_CREATE: Creating stream #39 for dataset id: 258 (total_streams=1)
DEBUG_STREAM_COUNT: Generated 1 streams for layer 40 (UNKNOWN), total injected: 40
info: all-gather forward pass collective issued for layer: mlp_moelayer, involved dimensions:  1, 0, 0, 0, 0, 0, 0, 0, 0, 0,
***** info: fwd pass comm collective for layer: mlp_moelayer is finished************
DEBUG_CHUNK_SIZE: size=20971520, preferred_dataset_splits=1, resulting chunk_size=20971520
DEBUG_COLLECTIVE_TYPE: layer=41, event=UNKNOWN (raw=0), size=20971520, chunk_size=20971520
DEBUG_STREAM_COUNT: chunk size is: 20971520 , size is: 20971520 , layer_num is: 41 , node: 0
DEBUG_STREAM_CREATE: Creating stream #40 for dataset id: 261 (total_streams=1)
DEBUG_STREAM_COUNT: Generated 1 streams for layer 41 (UNKNOWN), total injected: 41
info: all-to-all forward pass collective issued for layer: mlp_moelayer, involved dimensions:  1, 0, 0, 0, 0, 0, 0, 0, 0, 0,
***** info: fwd pass comm collective for layer: mlp_moelayer is finished************
DEBUG_CHUNK_SIZE: size=83886080, preferred_dataset_splits=1, resulting chunk_size=83886080
DEBUG_COLLECTIVE_TYPE: layer=42, event=UNKNOWN (raw=0), size=83886080, chunk_size=83886080
DEBUG_STREAM_COUNT: chunk size is: 83886080 , size is: 83886080 , layer_num is: 42 , node: 0
DEBUG_STREAM_CREATE: Creating stream #41 for dataset id: 262 (total_streams=1)
DEBUG_STREAM_COUNT: Generated 1 streams for layer 42 (UNKNOWN), total injected: 42
info: all-to-all forward pass collective issued for layer: mlp_moelayer, involved dimensions:  1, 0, 0, 0, 0, 0, 0, 0, 0, 0,
***** info: fwd pass comm collective for layer: mlp_moelayer is finished************
DEBUG_CHUNK_SIZE: size=83886080, preferred_dataset_splits=1, resulting chunk_size=83886080
DEBUG_COLLECTIVE_TYPE: layer=43, event=UNKNOWN (raw=0), size=83886080, chunk_size=83886080
DEBUG_STREAM_COUNT: chunk size is: 83886080 , size is: 83886080 , layer_num is: 43 , node: 0
DEBUG_STREAM_CREATE: Creating stream #42 for dataset id: 265 (total_streams=1)
DEBUG_STREAM_COUNT: Generated 1 streams for layer 43 (UNKNOWN), total injected: 43
info: all-gather forward pass collective issued for layer: mlp_moelayer, involved dimensions:  1, 0, 0, 0, 0, 0, 0, 0, 0, 0,
***** info: fwd pass comm collective for layer: mlp_moelayer is finished************
DEBUG_CHUNK_SIZE: size=83886080, preferred_dataset_splits=1, resulting chunk_size=83886080
DEBUG_COLLECTIVE_TYPE: layer=44, event=UNKNOWN (raw=0), size=83886080, chunk_size=83886080
DEBUG_STREAM_COUNT: chunk size is: 83886080 , size is: 83886080 , layer_num is: 44 , node: 0
DEBUG_STREAM_CREATE: Creating stream #43 for dataset id: 266 (total_streams=1)
DEBUG_STREAM_COUNT: Generated 1 streams for layer 44 (UNKNOWN), total injected: 44
info: reduce-scatter forward pass collective issued for layer: mlp_moelayer, involved dimensions:  1, 0, 0, 0, 0, 0, 0, 0, 0, 0,
***** info: fwd pass comm collective for layer: mlp_moelayer is finished************
DEBUG_CHUNK_SIZE: size=83886080, preferred_dataset_splits=1, resulting chunk_size=83886080
DEBUG_COLLECTIVE_TYPE: layer=45, event=UNKNOWN (raw=0), size=83886080, chunk_size=83886080
DEBUG_STREAM_COUNT: chunk size is: 83886080 , size is: 83886080 , layer_num is: 45 , node: 0
DEBUG_STREAM_CREATE: Creating stream #44 for dataset id: 269 (total_streams=1)
DEBUG_STREAM_COUNT: Generated 1 streams for layer 45 (UNKNOWN), total injected: 45
info: all-to-all forward pass collective issued for layer: mlp_moelayer, involved dimensions:  1, 0, 0, 0, 0, 0, 0, 0, 0, 0,
***** info: fwd pass comm collective for layer: mlp_moelayer is finished************
DEBUG_CHUNK_SIZE: size=20971520, preferred_dataset_splits=1, resulting chunk_size=20971520
DEBUG_COLLECTIVE_TYPE: layer=46, event=UNKNOWN (raw=0), size=20971520, chunk_size=20971520
DEBUG_STREAM_COUNT: chunk size is: 20971520 , size is: 20971520 , layer_num is: 46 , node: 0
DEBUG_STREAM_CREATE: Creating stream #45 for dataset id: 270 (total_streams=1)
DEBUG_STREAM_COUNT: Generated 1 streams for layer 46 (UNKNOWN), total injected: 46
info: all-to-all forward pass collective issued for layer: mlp_moelayer, involved dimensions:  1, 0, 0, 0, 0, 0, 0, 0, 0, 0,
***** info: fwd pass comm collective for layer: mlp_moelayer is finished************
DEBUG_CHUNK_SIZE: size=41943040, preferred_dataset_splits=1, resulting chunk_size=41943040
DEBUG_COLLECTIVE_TYPE: layer=47, event=UNKNOWN (raw=0), size=41943040, chunk_size=41943040
DEBUG_STREAM_COUNT: chunk size is: 41943040 , size is: 41943040 , layer_num is: 47 , node: 0
DEBUG_STREAM_CREATE: Creating stream #46 for dataset id: 273 (total_streams=1)
DEBUG_STREAM_COUNT: Generated 1 streams for layer 47 (UNKNOWN), total injected: 47
info: all-gather forward pass collective issued for layer: attention_column, involved dimensions:  1, 0, 0, 0, 0, 0, 0, 0, 0, 0,
***** info: fwd pass comm collective for layer: attention_column is finished************
DEBUG_CHUNK_SIZE: size=41943040, preferred_dataset_splits=1, resulting chunk_size=41943040
DEBUG_COLLECTIVE_TYPE: layer=48, event=UNKNOWN (raw=0), size=41943040, chunk_size=41943040
DEBUG_STREAM_COUNT: chunk size is: 41943040 , size is: 41943040 , layer_num is: 48 , node: 0
DEBUG_STREAM_CREATE: Creating stream #47 for dataset id: 274 (total_streams=1)
DEBUG_STREAM_COUNT: Generated 1 streams for layer 48 (UNKNOWN), total injected: 48
info: reduce-scatter forward pass collective issued for layer: attention_row, involved dimensions:  1, 0, 0, 0, 0, 0, 0, 0, 0, 0,
***** info: fwd pass comm collective for layer: attention_row is finished************
DEBUG_CHUNK_SIZE: size=131072, preferred_dataset_splits=1, resulting chunk_size=131072
DEBUG_COLLECTIVE_TYPE: layer=49, event=UNKNOWN (raw=0), size=131072, chunk_size=131072
DEBUG_STREAM_COUNT: chunk size is: 131072 , size is: 131072 , layer_num is: 49 , node: 0
DEBUG_STREAM_CREATE: Creating stream #48 for dataset id: 277 (total_streams=1)
DEBUG_STREAM_COUNT: Generated 1 streams for layer 49 (UNKNOWN), total injected: 49
info: all-gather forward pass collective issued for layer: mlp_moelayer, involved dimensions:  1, 0, 0, 0, 0, 0, 0, 0, 0, 0,
***** info: fwd pass comm collective for layer: mlp_moelayer is finished************
DEBUG_CHUNK_SIZE: size=20971520, preferred_dataset_splits=1, resulting chunk_size=20971520
DEBUG_COLLECTIVE_TYPE: layer=50, event=UNKNOWN (raw=0), size=20971520, chunk_size=20971520
DEBUG_STREAM_COUNT: chunk size is: 20971520 , size is: 20971520 , layer_num is: 50 , node: 0
DEBUG_STREAM_CREATE: Creating stream #49 for dataset id: 278 (total_streams=1)
DEBUG_STREAM_COUNT: Generated 1 streams for layer 50 (UNKNOWN), total injected: 50
info: all-to-all forward pass collective issued for layer: mlp_moelayer, involved dimensions:  1, 0, 0, 0, 0, 0, 0, 0, 0, 0,
***** info: fwd pass comm collective for layer: mlp_moelayer is finished************
DEBUG_CHUNK_SIZE: size=83886080, preferred_dataset_splits=1, resulting chunk_size=83886080
DEBUG_COLLECTIVE_TYPE: layer=51, event=UNKNOWN (raw=0), size=83886080, chunk_size=83886080
DEBUG_STREAM_COUNT: chunk size is: 83886080 , size is: 83886080 , layer_num is: 51 , node: 0
DEBUG_STREAM_CREATE: Creating stream #50 for dataset id: 281 (total_streams=1)
DEBUG_STREAM_COUNT: Generated 1 streams for layer 51 (UNKNOWN), total injected: 51
info: all-to-all forward pass collective issued for layer: mlp_moelayer, involved dimensions:  1, 0, 0, 0, 0, 0, 0, 0, 0, 0,
***** info: fwd pass comm collective for layer: mlp_moelayer is finished************
DEBUG_CHUNK_SIZE: size=83886080, preferred_dataset_splits=1, resulting chunk_size=83886080
DEBUG_COLLECTIVE_TYPE: layer=52, event=UNKNOWN (raw=0), size=83886080, chunk_size=83886080
DEBUG_STREAM_COUNT: chunk size is: 83886080 , size is: 83886080 , layer_num is: 52 , node: 0
DEBUG_STREAM_CREATE: Creating stream #51 for dataset id: 282 (total_streams=1)
DEBUG_STREAM_COUNT: Generated 1 streams for layer 52 (UNKNOWN), total injected: 52
info: all-gather forward pass collective issued for layer: mlp_moelayer, involved dimensions:  1, 0, 0, 0, 0, 0, 0, 0, 0, 0,
***** info: fwd pass comm collective for layer: mlp_moelayer is finished************
DEBUG_CHUNK_SIZE: size=83886080, preferred_dataset_splits=1, resulting chunk_size=83886080
DEBUG_COLLECTIVE_TYPE: layer=53, event=UNKNOWN (raw=0), size=83886080, chunk_size=83886080
DEBUG_STREAM_COUNT: chunk size is: 83886080 , size is: 83886080 , layer_num is: 53 , node: 0
DEBUG_STREAM_CREATE: Creating stream #52 for dataset id: 285 (total_streams=1)
DEBUG_STREAM_COUNT: Generated 1 streams for layer 53 (UNKNOWN), total injected: 53
info: reduce-scatter forward pass collective issued for layer: mlp_moelayer, involved dimensions:  1, 0, 0, 0, 0, 0, 0, 0, 0, 0,
***** info: fwd pass comm collective for layer: mlp_moelayer is finished************
DEBUG_CHUNK_SIZE: size=83886080, preferred_dataset_splits=1, resulting chunk_size=83886080
DEBUG_COLLECTIVE_TYPE: layer=54, event=UNKNOWN (raw=0), size=83886080, chunk_size=83886080
DEBUG_STREAM_COUNT: chunk size is: 83886080 , size is: 83886080 , layer_num is: 54 , node: 0
DEBUG_STREAM_CREATE: Creating stream #53 for dataset id: 286 (total_streams=1)
DEBUG_STREAM_COUNT: Generated 1 streams for layer 54 (UNKNOWN), total injected: 54
info: all-to-all forward pass collective issued for layer: mlp_moelayer, involved dimensions:  1, 0, 0, 0, 0, 0, 0, 0, 0, 0,
***** info: fwd pass comm collective for layer: mlp_moelayer is finished************
DEBUG_CHUNK_SIZE: size=20971520, preferred_dataset_splits=1, resulting chunk_size=20971520
DEBUG_COLLECTIVE_TYPE: layer=55, event=UNKNOWN (raw=0), size=20971520, chunk_size=20971520
DEBUG_STREAM_COUNT: chunk size is: 20971520 , size is: 20971520 , layer_num is: 55 , node: 0
DEBUG_STREAM_CREATE: Creating stream #54 for dataset id: 289 (total_streams=1)
DEBUG_STREAM_COUNT: Generated 1 streams for layer 55 (UNKNOWN), total injected: 55
info: all-to-all forward pass collective issued for layer: mlp_moelayer, involved dimensions:  1, 0, 0, 0, 0, 0, 0, 0, 0, 0,
***** info: fwd pass comm collective for layer: mlp_moelayer is finished************
DEBUG_CHUNK_SIZE: size=41943040, preferred_dataset_splits=1, resulting chunk_size=41943040
DEBUG_COLLECTIVE_TYPE: layer=56, event=UNKNOWN (raw=0), size=41943040, chunk_size=41943040
DEBUG_STREAM_COUNT: chunk size is: 41943040 , size is: 41943040 , layer_num is: 56 , node: 0
DEBUG_STREAM_CREATE: Creating stream #55 for dataset id: 290 (total_streams=1)
DEBUG_STREAM_COUNT: Generated 1 streams for layer 56 (UNKNOWN), total injected: 56
info: all-gather forward pass collective issued for layer: attention_column, involved dimensions:  1, 0, 0, 0, 0, 0, 0, 0, 0, 0,
***** info: fwd pass comm collective for layer: attention_column is finished************
DEBUG_CHUNK_SIZE: size=41943040, preferred_dataset_splits=1, resulting chunk_size=41943040
DEBUG_COLLECTIVE_TYPE: layer=57, event=UNKNOWN (raw=0), size=41943040, chunk_size=41943040
DEBUG_STREAM_COUNT: chunk size is: 41943040 , size is: 41943040 , layer_num is: 57 , node: 0
DEBUG_STREAM_CREATE: Creating stream #56 for dataset id: 293 (total_streams=1)
DEBUG_STREAM_COUNT: Generated 1 streams for layer 57 (UNKNOWN), total injected: 57
info: reduce-scatter forward pass collective issued for layer: attention_row, involved dimensions:  1, 0, 0, 0, 0, 0, 0, 0, 0, 0,
***** info: fwd pass comm collective for layer: attention_row is finished************
DEBUG_CHUNK_SIZE: size=131072, preferred_dataset_splits=1, resulting chunk_size=131072
DEBUG_COLLECTIVE_TYPE: layer=58, event=UNKNOWN (raw=0), size=131072, chunk_size=131072
DEBUG_STREAM_COUNT: chunk size is: 131072 , size is: 131072 , layer_num is: 58 , node: 0
DEBUG_STREAM_CREATE: Creating stream #57 for dataset id: 294 (total_streams=1)
DEBUG_STREAM_COUNT: Generated 1 streams for layer 58 (UNKNOWN), total injected: 58
info: all-gather forward pass collective issued for layer: mlp_moelayer, involved dimensions:  1, 0, 0, 0, 0, 0, 0, 0, 0, 0,
***** info: fwd pass comm collective for layer: mlp_moelayer is finished************
DEBUG_CHUNK_SIZE: size=20971520, preferred_dataset_splits=1, resulting chunk_size=20971520
DEBUG_COLLECTIVE_TYPE: layer=59, event=UNKNOWN (raw=0), size=20971520, chunk_size=20971520
DEBUG_STREAM_COUNT: chunk size is: 20971520 , size is: 20971520 , layer_num is: 59 , node: 0
DEBUG_STREAM_CREATE: Creating stream #58 for dataset id: 297 (total_streams=1)
DEBUG_STREAM_COUNT: Generated 1 streams for layer 59 (UNKNOWN), total injected: 59
info: all-to-all forward pass collective issued for layer: mlp_moelayer, involved dimensions:  1, 0, 0, 0, 0, 0, 0, 0, 0, 0,
***** info: fwd pass comm collective for layer: mlp_moelayer is finished************
DEBUG_CHUNK_SIZE: size=83886080, preferred_dataset_splits=1, resulting chunk_size=83886080
DEBUG_COLLECTIVE_TYPE: layer=60, event=UNKNOWN (raw=0), size=83886080, chunk_size=83886080
DEBUG_STREAM_COUNT: chunk size is: 83886080 , size is: 83886080 , layer_num is: 60 , node: 0
DEBUG_STREAM_CREATE: Creating stream #59 for dataset id: 298 (total_streams=1)
DEBUG_STREAM_COUNT: Generated 1 streams for layer 60 (UNKNOWN), total injected: 60
info: all-to-all forward pass collective issued for layer: mlp_moelayer, involved dimensions:  1, 0, 0, 0, 0, 0, 0, 0, 0, 0,
***** info: fwd pass comm collective for layer: mlp_moelayer is finished************
DEBUG_CHUNK_SIZE: size=83886080, preferred_dataset_splits=1, resulting chunk_size=83886080
DEBUG_COLLECTIVE_TYPE: layer=61, event=UNKNOWN (raw=0), size=83886080, chunk_size=83886080
DEBUG_STREAM_COUNT: chunk size is: 83886080 , size is: 83886080 , layer_num is: 61 , node: 0
DEBUG_STREAM_CREATE: Creating stream #60 for dataset id: 301 (total_streams=1)
DEBUG_STREAM_COUNT: Generated 1 streams for layer 61 (UNKNOWN), total injected: 61
info: all-gather forward pass collective issued for layer: mlp_moelayer, involved dimensions:  1, 0, 0, 0, 0, 0, 0, 0, 0, 0,
***** info: fwd pass comm collective for layer: mlp_moelayer is finished************
DEBUG_CHUNK_SIZE: size=83886080, preferred_dataset_splits=1, resulting chunk_size=83886080
DEBUG_COLLECTIVE_TYPE: layer=62, event=UNKNOWN (raw=0), size=83886080, chunk_size=83886080
DEBUG_STREAM_COUNT: chunk size is: 83886080 , size is: 83886080 , layer_num is: 62 , node: 0
DEBUG_STREAM_CREATE: Creating stream #61 for dataset id: 302 (total_streams=1)
DEBUG_STREAM_COUNT: Generated 1 streams for layer 62 (UNKNOWN), total injected: 62
info: reduce-scatter forward pass collective issued for layer: mlp_moelayer, involved dimensions:  1, 0, 0, 0, 0, 0, 0, 0, 0, 0,
***** info: fwd pass comm collective for layer: mlp_moelayer is finished************
DEBUG_CHUNK_SIZE: size=83886080, preferred_dataset_splits=1, resulting chunk_size=83886080
DEBUG_COLLECTIVE_TYPE: layer=63, event=UNKNOWN (raw=0), size=83886080, chunk_size=83886080
DEBUG_STREAM_COUNT: chunk size is: 83886080 , size is: 83886080 , layer_num is: 63 , node: 0
DEBUG_STREAM_CREATE: Creating stream #62 for dataset id: 305 (total_streams=1)
DEBUG_STREAM_COUNT: Generated 1 streams for layer 63 (UNKNOWN), total injected: 63
info: all-to-all forward pass collective issued for layer: mlp_moelayer, involved dimensions:  1, 0, 0, 0, 0, 0, 0, 0, 0, 0,
***** info: fwd pass comm collective for layer: mlp_moelayer is finished************
DEBUG_CHUNK_SIZE: size=20971520, preferred_dataset_splits=1, resulting chunk_size=20971520
DEBUG_COLLECTIVE_TYPE: layer=64, event=UNKNOWN (raw=0), size=20971520, chunk_size=20971520
DEBUG_STREAM_COUNT: chunk size is: 20971520 , size is: 20971520 , layer_num is: 64 , node: 0
DEBUG_STREAM_CREATE: Creating stream #63 for dataset id: 306 (total_streams=1)
DEBUG_STREAM_COUNT: Generated 1 streams for layer 64 (UNKNOWN), total injected: 64
info: all-to-all forward pass collective issued for layer: mlp_moelayer, involved dimensions:  1, 0, 0, 0, 0, 0, 0, 0, 0, 0,
***** info: fwd pass comm collective for layer: mlp_moelayer is finished************
DEBUG_CHUNK_SIZE: size=41943040, preferred_dataset_splits=1, resulting chunk_size=41943040
DEBUG_COLLECTIVE_TYPE: layer=65, event=UNKNOWN (raw=0), size=41943040, chunk_size=41943040
DEBUG_STREAM_COUNT: chunk size is: 41943040 , size is: 41943040 , layer_num is: 65 , node: 0
DEBUG_STREAM_CREATE: Creating stream #64 for dataset id: 309 (total_streams=1)
DEBUG_STREAM_COUNT: Generated 1 streams for layer 65 (UNKNOWN), total injected: 65
info: all-gather forward pass collective issued for layer: attention_column, involved dimensions:  1, 0, 0, 0, 0, 0, 0, 0, 0, 0,
***** info: fwd pass comm collective for layer: attention_column is finished************
DEBUG_CHUNK_SIZE: size=41943040, preferred_dataset_splits=1, resulting chunk_size=41943040
DEBUG_COLLECTIVE_TYPE: layer=66, event=UNKNOWN (raw=0), size=41943040, chunk_size=41943040
DEBUG_STREAM_COUNT: chunk size is: 41943040 , size is: 41943040 , layer_num is: 66 , node: 0
DEBUG_STREAM_CREATE: Creating stream #65 for dataset id: 310 (total_streams=1)
DEBUG_STREAM_COUNT: Generated 1 streams for layer 66 (UNKNOWN), total injected: 66
info: reduce-scatter forward pass collective issued for layer: attention_row, involved dimensions:  1, 0, 0, 0, 0, 0, 0, 0, 0, 0,
***** info: fwd pass comm collective for layer: attention_row is finished************
DEBUG_CHUNK_SIZE: size=131072, preferred_dataset_splits=1, resulting chunk_size=131072
DEBUG_COLLECTIVE_TYPE: layer=67, event=UNKNOWN (raw=0), size=131072, chunk_size=131072
DEBUG_STREAM_COUNT: chunk size is: 131072 , size is: 131072 , layer_num is: 67 , node: 0
DEBUG_STREAM_CREATE: Creating stream #66 for dataset id: 313 (total_streams=1)
DEBUG_STREAM_COUNT: Generated 1 streams for layer 67 (UNKNOWN), total injected: 67
info: all-gather forward pass collective issued for layer: mlp_moelayer, involved dimensions:  1, 0, 0, 0, 0, 0, 0, 0, 0, 0,
***** info: fwd pass comm collective for layer: mlp_moelayer is finished************
DEBUG_CHUNK_SIZE: size=20971520, preferred_dataset_splits=1, resulting chunk_size=20971520
DEBUG_COLLECTIVE_TYPE: layer=68, event=UNKNOWN (raw=0), size=20971520, chunk_size=20971520
DEBUG_STREAM_COUNT: chunk size is: 20971520 , size is: 20971520 , layer_num is: 68 , node: 0
DEBUG_STREAM_CREATE: Creating stream #67 for dataset id: 314 (total_streams=1)
DEBUG_STREAM_COUNT: Generated 1 streams for layer 68 (UNKNOWN), total injected: 68
info: all-to-all forward pass collective issued for layer: mlp_moelayer, involved dimensions:  1, 0, 0, 0, 0, 0, 0, 0, 0, 0,
***** info: fwd pass comm collective for layer: mlp_moelayer is finished************
DEBUG_CHUNK_SIZE: size=83886080, preferred_dataset_splits=1, resulting chunk_size=83886080
DEBUG_COLLECTIVE_TYPE: layer=69, event=UNKNOWN (raw=0), size=83886080, chunk_size=83886080
DEBUG_STREAM_COUNT: chunk size is: 83886080 , size is: 83886080 , layer_num is: 69 , node: 0
DEBUG_STREAM_CREATE: Creating stream #68 for dataset id: 317 (total_streams=1)
DEBUG_STREAM_COUNT: Generated 1 streams for layer 69 (UNKNOWN), total injected: 69
info: all-to-all forward pass collective issued for layer: mlp_moelayer, involved dimensions:  1, 0, 0, 0, 0, 0, 0, 0, 0, 0,
***** info: fwd pass comm collective for layer: mlp_moelayer is finished************
DEBUG_CHUNK_SIZE: size=83886080, preferred_dataset_splits=1, resulting chunk_size=83886080
DEBUG_COLLECTIVE_TYPE: layer=70, event=UNKNOWN (raw=0), size=83886080, chunk_size=83886080
DEBUG_STREAM_COUNT: chunk size is: 83886080 , size is: 83886080 , layer_num is: 70 , node: 0
DEBUG_STREAM_CREATE: Creating stream #69 for dataset id: 318 (total_streams=1)
DEBUG_STREAM_COUNT: Generated 1 streams for layer 70 (UNKNOWN), total injected: 70
info: all-gather forward pass collective issued for layer: mlp_moelayer, involved dimensions:  1, 0, 0, 0, 0, 0, 0, 0, 0, 0,
***** info: fwd pass comm collective for layer: mlp_moelayer is finished************
DEBUG_CHUNK_SIZE: size=83886080, preferred_dataset_splits=1, resulting chunk_size=83886080
DEBUG_COLLECTIVE_TYPE: layer=71, event=UNKNOWN (raw=0), size=83886080, chunk_size=83886080
DEBUG_STREAM_COUNT: chunk size is: 83886080 , size is: 83886080 , layer_num is: 71 , node: 0
DEBUG_STREAM_CREATE: Creating stream #70 for dataset id: 321 (total_streams=1)
DEBUG_STREAM_COUNT: Generated 1 streams for layer 71 (UNKNOWN), total injected: 71
info: reduce-scatter forward pass collective issued for layer: mlp_moelayer, involved dimensions:  1, 0, 0, 0, 0, 0, 0, 0, 0, 0,
***** info: fwd pass comm collective for layer: mlp_moelayer is finished************
DEBUG_CHUNK_SIZE: size=83886080, preferred_dataset_splits=1, resulting chunk_size=83886080
DEBUG_COLLECTIVE_TYPE: layer=72, event=UNKNOWN (raw=0), size=83886080, chunk_size=83886080
DEBUG_STREAM_COUNT: chunk size is: 83886080 , size is: 83886080 , layer_num is: 72 , node: 0
DEBUG_STREAM_CREATE: Creating stream #71 for dataset id: 322 (total_streams=1)
DEBUG_STREAM_COUNT: Generated 1 streams for layer 72 (UNKNOWN), total injected: 72
info: all-to-all forward pass collective issued for layer: mlp_moelayer, involved dimensions:  1, 0, 0, 0, 0, 0, 0, 0, 0, 0,
***** info: fwd pass comm collective for layer: mlp_moelayer is finished************
DEBUG_CHUNK_SIZE: size=20971520, preferred_dataset_splits=1, resulting chunk_size=20971520
DEBUG_COLLECTIVE_TYPE: layer=73, event=UNKNOWN (raw=0), size=20971520, chunk_size=20971520
DEBUG_STREAM_COUNT: chunk size is: 20971520 , size is: 20971520 , layer_num is: 73 , node: 0
DEBUG_STREAM_CREATE: Creating stream #72 for dataset id: 325 (total_streams=1)
DEBUG_STREAM_COUNT: Generated 1 streams for layer 73 (UNKNOWN), total injected: 73
info: all-to-all forward pass collective issued for layer: mlp_moelayer, involved dimensions:  1, 0, 0, 0, 0, 0, 0, 0, 0, 0,
***** info: fwd pass comm collective for layer: mlp_moelayer is finished************
DEBUG_CHUNK_SIZE: size=41943040, preferred_dataset_splits=1, resulting chunk_size=41943040
DEBUG_COLLECTIVE_TYPE: layer=74, event=UNKNOWN (raw=0), size=41943040, chunk_size=41943040
DEBUG_STREAM_COUNT: chunk size is: 41943040 , size is: 41943040 , layer_num is: 74 , node: 0
DEBUG_STREAM_CREATE: Creating stream #73 for dataset id: 326 (total_streams=1)
DEBUG_STREAM_COUNT: Generated 1 streams for layer 74 (UNKNOWN), total injected: 74
info: all-gather forward pass collective issued for layer: final_column, involved dimensions:  1, 0, 0, 0, 0, 0, 0, 0, 0, 0,
***** info: fwd pass comm collective for layer: final_column is finished************
DEBUG_CHUNK_SIZE: size=327680000, preferred_dataset_splits=1, resulting chunk_size=327680000
DEBUG_COLLECTIVE_TYPE: layer=75, event=UNKNOWN (raw=0), size=327680000, chunk_size=327680000
DEBUG_STREAM_COUNT: chunk size is: 327680000 , size is: 327680000 , layer_num is: 75 , node: 0
DEBUG_STREAM_CREATE: Creating stream #74 for dataset id: 329 (total_streams=1)
DEBUG_STREAM_COUNT: Generated 1 streams for layer 75 (UNKNOWN), total injected: 75
info: all-reduce forward pass collective issued for layer: embedding_norm, involved dimensions:  1, 0, 0, 0, 0, 0, 0, 0, 0, 0,
***** info: fwd pass comm collective for layer: embedding_norm is finished************
info: no forward pass collective for layer: embedding_layer
DEBUG_CHUNK_SIZE: size=41943040, preferred_dataset_splits=1, resulting chunk_size=41943040
DEBUG_COLLECTIVE_TYPE: layer=77, event=UNKNOWN (raw=0), size=41943040, chunk_size=41943040
DEBUG_STREAM_COUNT: chunk size is: 41943040 , size is: 41943040 , layer_num is: 77 , node: 0
DEBUG_STREAM_CREATE: Creating stream #75 for dataset id: 331 (total_streams=1)
DEBUG_STREAM_COUNT: Generated 1 streams for layer 77 (UNKNOWN), total injected: 76
info: all-gather forward pass collective issued for layer: attention_column, involved dimensions:  1, 0, 0, 0, 0, 0, 0, 0, 0, 0,
***** info: fwd pass comm collective for layer: attention_column is finished************
DEBUG_CHUNK_SIZE: size=41943040, preferred_dataset_splits=1, resulting chunk_size=41943040
DEBUG_COLLECTIVE_TYPE: layer=78, event=UNKNOWN (raw=0), size=41943040, chunk_size=41943040
DEBUG_STREAM_COUNT: chunk size is: 41943040 , size is: 41943040 , layer_num is: 78 , node: 0
DEBUG_STREAM_CREATE: Creating stream #76 for dataset id: 332 (total_streams=1)
DEBUG_STREAM_COUNT: Generated 1 streams for layer 78 (UNKNOWN), total injected: 77
info: reduce-scatter forward pass collective issued for layer: attention_row, involved dimensions:  1, 0, 0, 0, 0, 0, 0, 0, 0, 0,
***** info: fwd pass comm collective for layer: attention_row is finished************
DEBUG_CHUNK_SIZE: size=131072, preferred_dataset_splits=1, resulting chunk_size=131072
DEBUG_COLLECTIVE_TYPE: layer=79, event=UNKNOWN (raw=0), size=131072, chunk_size=131072
DEBUG_STREAM_COUNT: chunk size is: 131072 , size is: 131072 , layer_num is: 79 , node: 0
DEBUG_STREAM_CREATE: Creating stream #77 for dataset id: 335 (total_streams=1)
DEBUG_STREAM_COUNT: Generated 1 streams for layer 79 (UNKNOWN), total injected: 78
info: all-gather forward pass collective issued for layer: mlp_moelayer, involved dimensions:  1, 0, 0, 0, 0, 0, 0, 0, 0, 0,
***** info: fwd pass comm collective for layer: mlp_moelayer is finished************
DEBUG_CHUNK_SIZE: size=20971520, preferred_dataset_splits=1, resulting chunk_size=20971520
DEBUG_COLLECTIVE_TYPE: layer=80, event=UNKNOWN (raw=0), size=20971520, chunk_size=20971520
DEBUG_STREAM_COUNT: chunk size is: 20971520 , size is: 20971520 , layer_num is: 80 , node: 0
DEBUG_STREAM_CREATE: Creating stream #78 for dataset id: 336 (total_streams=1)
DEBUG_STREAM_COUNT: Generated 1 streams for layer 80 (UNKNOWN), total injected: 79
info: all-to-all forward pass collective issued for layer: mlp_moelayer, involved dimensions:  1, 0, 0, 0, 0, 0, 0, 0, 0, 0,
***** info: fwd pass comm collective for layer: mlp_moelayer is finished************
DEBUG_CHUNK_SIZE: size=83886080, preferred_dataset_splits=1, resulting chunk_size=83886080
DEBUG_COLLECTIVE_TYPE: layer=81, event=UNKNOWN (raw=0), size=83886080, chunk_size=83886080
DEBUG_STREAM_COUNT: chunk size is: 83886080 , size is: 83886080 , layer_num is: 81 , node: 0
DEBUG_STREAM_CREATE: Creating stream #79 for dataset id: 339 (total_streams=1)
DEBUG_STREAM_COUNT: Generated 1 streams for layer 81 (UNKNOWN), total injected: 80
info: all-to-all forward pass collective issued for layer: mlp_moelayer, involved dimensions:  1, 0, 0, 0, 0, 0, 0, 0, 0, 0,
***** info: fwd pass comm collective for layer: mlp_moelayer is finished************
DEBUG_CHUNK_SIZE: size=83886080, preferred_dataset_splits=1, resulting chunk_size=83886080
DEBUG_COLLECTIVE_TYPE: layer=82, event=UNKNOWN (raw=0), size=83886080, chunk_size=83886080
DEBUG_STREAM_COUNT: chunk size is: 83886080 , size is: 83886080 , layer_num is: 82 , node: 0
DEBUG_STREAM_CREATE: Creating stream #80 for dataset id: 340 (total_streams=1)
DEBUG_STREAM_COUNT: Generated 1 streams for layer 82 (UNKNOWN), total injected: 81
info: all-gather forward pass collective issued for layer: mlp_moelayer, involved dimensions:  1, 0, 0, 0, 0, 0, 0, 0, 0, 0,
***** info: fwd pass comm collective for layer: mlp_moelayer is finished************
DEBUG_CHUNK_SIZE: size=83886080, preferred_dataset_splits=1, resulting chunk_size=83886080
DEBUG_COLLECTIVE_TYPE: layer=83, event=UNKNOWN (raw=0), size=83886080, chunk_size=83886080
DEBUG_STREAM_COUNT: chunk size is: 83886080 , size is: 83886080 , layer_num is: 83 , node: 0
DEBUG_STREAM_CREATE: Creating stream #81 for dataset id: 343 (total_streams=1)
DEBUG_STREAM_COUNT: Generated 1 streams for layer 83 (UNKNOWN), total injected: 82
info: reduce-scatter forward pass collective issued for layer: mlp_moelayer, involved dimensions:  1, 0, 0, 0, 0, 0, 0, 0, 0, 0,
***** info: fwd pass comm collective for layer: mlp_moelayer is finished************
DEBUG_CHUNK_SIZE: size=83886080, preferred_dataset_splits=1, resulting chunk_size=83886080
DEBUG_COLLECTIVE_TYPE: layer=84, event=UNKNOWN (raw=0), size=83886080, chunk_size=83886080
DEBUG_STREAM_COUNT: chunk size is: 83886080 , size is: 83886080 , layer_num is: 84 , node: 0
DEBUG_STREAM_CREATE: Creating stream #82 for dataset id: 344 (total_streams=1)
DEBUG_STREAM_COUNT: Generated 1 streams for layer 84 (UNKNOWN), total injected: 83
info: all-to-all forward pass collective issued for layer: mlp_moelayer, involved dimensions:  1, 0, 0, 0, 0, 0, 0, 0, 0, 0,
***** info: fwd pass comm collective for layer: mlp_moelayer is finished************
DEBUG_CHUNK_SIZE: size=20971520, preferred_dataset_splits=1, resulting chunk_size=20971520
DEBUG_COLLECTIVE_TYPE: layer=85, event=UNKNOWN (raw=0), size=20971520, chunk_size=20971520
DEBUG_STREAM_COUNT: chunk size is: 20971520 , size is: 20971520 , layer_num is: 85 , node: 0
DEBUG_STREAM_CREATE: Creating stream #83 for dataset id: 347 (total_streams=1)
DEBUG_STREAM_COUNT: Generated 1 streams for layer 85 (UNKNOWN), total injected: 84
info: all-to-all forward pass collective issued for layer: mlp_moelayer, involved dimensions:  1, 0, 0, 0, 0, 0, 0, 0, 0, 0,
***** info: fwd pass comm collective for layer: mlp_moelayer is finished************
DEBUG_CHUNK_SIZE: size=41943040, preferred_dataset_splits=1, resulting chunk_size=41943040
DEBUG_COLLECTIVE_TYPE: layer=86, event=UNKNOWN (raw=0), size=41943040, chunk_size=41943040
DEBUG_STREAM_COUNT: chunk size is: 41943040 , size is: 41943040 , layer_num is: 86 , node: 0
DEBUG_STREAM_CREATE: Creating stream #84 for dataset id: 348 (total_streams=1)
DEBUG_STREAM_COUNT: Generated 1 streams for layer 86 (UNKNOWN), total injected: 85
info: all-gather forward pass collective issued for layer: attention_column, involved dimensions:  1, 0, 0, 0, 0, 0, 0, 0, 0, 0,
***** info: fwd pass comm collective for layer: attention_column is finished************
DEBUG_CHUNK_SIZE: size=41943040, preferred_dataset_splits=1, resulting chunk_size=41943040
DEBUG_COLLECTIVE_TYPE: layer=87, event=UNKNOWN (raw=0), size=41943040, chunk_size=41943040
DEBUG_STREAM_COUNT: chunk size is: 41943040 , size is: 41943040 , layer_num is: 87 , node: 0
DEBUG_STREAM_CREATE: Creating stream #85 for dataset id: 351 (total_streams=1)
DEBUG_STREAM_COUNT: Generated 1 streams for layer 87 (UNKNOWN), total injected: 86
info: reduce-scatter forward pass collective issued for layer: attention_row, involved dimensions:  1, 0, 0, 0, 0, 0, 0, 0, 0, 0,
***** info: fwd pass comm collective for layer: attention_row is finished************
DEBUG_CHUNK_SIZE: size=131072, preferred_dataset_splits=1, resulting chunk_size=131072
DEBUG_COLLECTIVE_TYPE: layer=88, event=UNKNOWN (raw=0), size=131072, chunk_size=131072
DEBUG_STREAM_COUNT: chunk size is: 131072 , size is: 131072 , layer_num is: 88 , node: 0
DEBUG_STREAM_CREATE: Creating stream #86 for dataset id: 352 (total_streams=1)
DEBUG_STREAM_COUNT: Generated 1 streams for layer 88 (UNKNOWN), total injected: 87
info: all-gather forward pass collective issued for layer: mlp_moelayer, involved dimensions:  1, 0, 0, 0, 0, 0, 0, 0, 0, 0,
***** info: fwd pass comm collective for layer: mlp_moelayer is finished************
DEBUG_CHUNK_SIZE: size=20971520, preferred_dataset_splits=1, resulting chunk_size=20971520
DEBUG_COLLECTIVE_TYPE: layer=89, event=UNKNOWN (raw=0), size=20971520, chunk_size=20971520
DEBUG_STREAM_COUNT: chunk size is: 20971520 , size is: 20971520 , layer_num is: 89 , node: 0
DEBUG_STREAM_CREATE: Creating stream #87 for dataset id: 355 (total_streams=1)
DEBUG_STREAM_COUNT: Generated 1 streams for layer 89 (UNKNOWN), total injected: 88
info: all-to-all forward pass collective issued for layer: mlp_moelayer, involved dimensions:  1, 0, 0, 0, 0, 0, 0, 0, 0, 0,
***** info: fwd pass comm collective for layer: mlp_moelayer is finished************
DEBUG_CHUNK_SIZE: size=83886080, preferred_dataset_splits=1, resulting chunk_size=83886080
DEBUG_COLLECTIVE_TYPE: layer=90, event=UNKNOWN (raw=0), size=83886080, chunk_size=83886080
DEBUG_STREAM_COUNT: chunk size is: 83886080 , size is: 83886080 , layer_num is: 90 , node: 0
DEBUG_STREAM_CREATE: Creating stream #88 for dataset id: 356 (total_streams=1)
DEBUG_STREAM_COUNT: Generated 1 streams for layer 90 (UNKNOWN), total injected: 89
info: all-to-all forward pass collective issued for layer: mlp_moelayer, involved dimensions:  1, 0, 0, 0, 0, 0, 0, 0, 0, 0,
***** info: fwd pass comm collective for layer: mlp_moelayer is finished************
DEBUG_CHUNK_SIZE: size=83886080, preferred_dataset_splits=1, resulting chunk_size=83886080
DEBUG_COLLECTIVE_TYPE: layer=91, event=UNKNOWN (raw=0), size=83886080, chunk_size=83886080
DEBUG_STREAM_COUNT: chunk size is: 83886080 , size is: 83886080 , layer_num is: 91 , node: 0
DEBUG_STREAM_CREATE: Creating stream #89 for dataset id: 359 (total_streams=1)
DEBUG_STREAM_COUNT: Generated 1 streams for layer 91 (UNKNOWN), total injected: 90
info: all-gather forward pass collective issued for layer: mlp_moelayer, involved dimensions:  1, 0, 0, 0, 0, 0, 0, 0, 0, 0,
***** info: fwd pass comm collective for layer: mlp_moelayer is finished************
DEBUG_CHUNK_SIZE: size=83886080, preferred_dataset_splits=1, resulting chunk_size=83886080
DEBUG_COLLECTIVE_TYPE: layer=92, event=UNKNOWN (raw=0), size=83886080, chunk_size=83886080
DEBUG_STREAM_COUNT: chunk size is: 83886080 , size is: 83886080 , layer_num is: 92 , node: 0
DEBUG_STREAM_CREATE: Creating stream #90 for dataset id: 360 (total_streams=1)
DEBUG_STREAM_COUNT: Generated 1 streams for layer 92 (UNKNOWN), total injected: 91
info: reduce-scatter forward pass collective issued for layer: mlp_moelayer, involved dimensions:  1, 0, 0, 0, 0, 0, 0, 0, 0, 0,
***** info: fwd pass comm collective for layer: mlp_moelayer is finished************
DEBUG_CHUNK_SIZE: size=83886080, preferred_dataset_splits=1, resulting chunk_size=83886080
DEBUG_COLLECTIVE_TYPE: layer=93, event=UNKNOWN (raw=0), size=83886080, chunk_size=83886080
DEBUG_STREAM_COUNT: chunk size is: 83886080 , size is: 83886080 , layer_num is: 93 , node: 0
DEBUG_STREAM_CREATE: Creating stream #91 for dataset id: 363 (total_streams=1)
DEBUG_STREAM_COUNT: Generated 1 streams for layer 93 (UNKNOWN), total injected: 92
info: all-to-all forward pass collective issued for layer: mlp_moelayer, involved dimensions:  1, 0, 0, 0, 0, 0, 0, 0, 0, 0,
***** info: fwd pass comm collective for layer: mlp_moelayer is finished************
DEBUG_CHUNK_SIZE: size=20971520, preferred_dataset_splits=1, resulting chunk_size=20971520
DEBUG_COLLECTIVE_TYPE: layer=94, event=UNKNOWN (raw=0), size=20971520, chunk_size=20971520
DEBUG_STREAM_COUNT: chunk size is: 20971520 , size is: 20971520 , layer_num is: 94 , node: 0
DEBUG_STREAM_CREATE: Creating stream #92 for dataset id: 364 (total_streams=1)
DEBUG_STREAM_COUNT: Generated 1 streams for layer 94 (UNKNOWN), total injected: 93
info: all-to-all forward pass collective issued for layer: mlp_moelayer, involved dimensions:  1, 0, 0, 0, 0, 0, 0, 0, 0, 0,
***** info: fwd pass comm collective for layer: mlp_moelayer is finished************
DEBUG_CHUNK_SIZE: size=41943040, preferred_dataset_splits=1, resulting chunk_size=41943040
DEBUG_COLLECTIVE_TYPE: layer=95, event=UNKNOWN (raw=0), size=41943040, chunk_size=41943040
DEBUG_STREAM_COUNT: chunk size is: 41943040 , size is: 41943040 , layer_num is: 95 , node: 0
DEBUG_STREAM_CREATE: Creating stream #93 for dataset id: 367 (total_streams=1)
DEBUG_STREAM_COUNT: Generated 1 streams for layer 95 (UNKNOWN), total injected: 94
info: all-gather forward pass collective issued for layer: attention_column, involved dimensions:  1, 0, 0, 0, 0, 0, 0, 0, 0, 0,
***** info: fwd pass comm collective for layer: attention_column is finished************
DEBUG_CHUNK_SIZE: size=41943040, preferred_dataset_splits=1, resulting chunk_size=41943040
DEBUG_COLLECTIVE_TYPE: layer=96, event=UNKNOWN (raw=0), size=41943040, chunk_size=41943040
DEBUG_STREAM_COUNT: chunk size is: 41943040 , size is: 41943040 , layer_num is: 96 , node: 0
DEBUG_STREAM_CREATE: Creating stream #94 for dataset id: 368 (total_streams=1)
DEBUG_STREAM_COUNT: Generated 1 streams for layer 96 (UNKNOWN), total injected: 95
info: reduce-scatter forward pass collective issued for layer: attention_row, involved dimensions:  1, 0, 0, 0, 0, 0, 0, 0, 0, 0,
***** info: fwd pass comm collective for layer: attention_row is finished************
DEBUG_CHUNK_SIZE: size=131072, preferred_dataset_splits=1, resulting chunk_size=131072
DEBUG_COLLECTIVE_TYPE: layer=97, event=UNKNOWN (raw=0), size=131072, chunk_size=131072
DEBUG_STREAM_COUNT: chunk size is: 131072 , size is: 131072 , layer_num is: 97 , node: 0
DEBUG_STREAM_CREATE: Creating stream #95 for dataset id: 371 (total_streams=1)
DEBUG_STREAM_COUNT: Generated 1 streams for layer 97 (UNKNOWN), total injected: 96
info: all-gather forward pass collective issued for layer: mlp_moelayer, involved dimensions:  1, 0, 0, 0, 0, 0, 0, 0, 0, 0,
***** info: fwd pass comm collective for layer: mlp_moelayer is finished************
DEBUG_CHUNK_SIZE: size=20971520, preferred_dataset_splits=1, resulting chunk_size=20971520
DEBUG_COLLECTIVE_TYPE: layer=98, event=UNKNOWN (raw=0), size=20971520, chunk_size=20971520
DEBUG_STREAM_COUNT: chunk size is: 20971520 , size is: 20971520 , layer_num is: 98 , node: 0
DEBUG_STREAM_CREATE: Creating stream #96 for dataset id: 372 (total_streams=1)
DEBUG_STREAM_COUNT: Generated 1 streams for layer 98 (UNKNOWN), total injected: 97
info: all-to-all forward pass collective issued for layer: mlp_moelayer, involved dimensions:  1, 0, 0, 0, 0, 0, 0, 0, 0, 0,
***** info: fwd pass comm collective for layer: mlp_moelayer is finished************
DEBUG_CHUNK_SIZE: size=83886080, preferred_dataset_splits=1, resulting chunk_size=83886080
DEBUG_COLLECTIVE_TYPE: layer=99, event=UNKNOWN (raw=0), size=83886080, chunk_size=83886080
DEBUG_STREAM_COUNT: chunk size is: 83886080 , size is: 83886080 , layer_num is: 99 , node: 0
DEBUG_STREAM_CREATE: Creating stream #97 for dataset id: 375 (total_streams=1)
DEBUG_STREAM_COUNT: Generated 1 streams for layer 99 (UNKNOWN), total injected: 98
info: all-to-all forward pass collective issued for layer: mlp_moelayer, involved dimensions:  1, 0, 0, 0, 0, 0, 0, 0, 0, 0,
***** info: fwd pass comm collective for layer: mlp_moelayer is finished************
DEBUG_CHUNK_SIZE: size=83886080, preferred_dataset_splits=1, resulting chunk_size=83886080
DEBUG_COLLECTIVE_TYPE: layer=100, event=UNKNOWN (raw=0), size=83886080, chunk_size=83886080
DEBUG_STREAM_COUNT: chunk size is: 83886080 , size is: 83886080 , layer_num is: 100 , node: 0
DEBUG_STREAM_CREATE: Creating stream #98 for dataset id: 376 (total_streams=1)
DEBUG_STREAM_COUNT: Generated 1 streams for layer 100 (UNKNOWN), total injected: 99
info: all-gather forward pass collective issued for layer: mlp_moelayer, involved dimensions:  1, 0, 0, 0, 0, 0, 0, 0, 0, 0,
***** info: fwd pass comm collective for layer: mlp_moelayer is finished************
DEBUG_CHUNK_SIZE: size=83886080, preferred_dataset_splits=1, resulting chunk_size=83886080
DEBUG_COLLECTIVE_TYPE: layer=101, event=UNKNOWN (raw=0), size=83886080, chunk_size=83886080
DEBUG_STREAM_COUNT: chunk size is: 83886080 , size is: 83886080 , layer_num is: 101 , node: 0
DEBUG_STREAM_CREATE: Creating stream #99 for dataset id: 379 (total_streams=1)
DEBUG_STREAM_COUNT: Generated 1 streams for layer 101 (UNKNOWN), total injected: 100
info: reduce-scatter forward pass collective issued for layer: mlp_moelayer, involved dimensions:  1, 0, 0, 0, 0, 0, 0, 0, 0, 0,
***** info: fwd pass comm collective for layer: mlp_moelayer is finished************
DEBUG_CHUNK_SIZE: size=83886080, preferred_dataset_splits=1, resulting chunk_size=83886080
DEBUG_COLLECTIVE_TYPE: layer=102, event=UNKNOWN (raw=0), size=83886080, chunk_size=83886080
DEBUG_STREAM_COUNT: chunk size is: 83886080 , size is: 83886080 , layer_num is: 102 , node: 0
DEBUG_STREAM_CREATE: Creating stream #100 for dataset id: 380 (total_streams=1)
DEBUG_STREAM_COUNT: Generated 1 streams for layer 102 (UNKNOWN), total injected: 101
info: all-to-all forward pass collective issued for layer: mlp_moelayer, involved dimensions:  1, 0, 0, 0, 0, 0, 0, 0, 0, 0,
***** info: fwd pass comm collective for layer: mlp_moelayer is finished************
DEBUG_CHUNK_SIZE: size=20971520, preferred_dataset_splits=1, resulting chunk_size=20971520
DEBUG_COLLECTIVE_TYPE: layer=103, event=UNKNOWN (raw=0), size=20971520, chunk_size=20971520
DEBUG_STREAM_COUNT: chunk size is: 20971520 , size is: 20971520 , layer_num is: 103 , node: 0
DEBUG_STREAM_CREATE: Creating stream #101 for dataset id: 383 (total_streams=1)
DEBUG_STREAM_COUNT: Generated 1 streams for layer 103 (UNKNOWN), total injected: 102
info: all-to-all forward pass collective issued for layer: mlp_moelayer, involved dimensions:  1, 0, 0, 0, 0, 0, 0, 0, 0, 0,
***** info: fwd pass comm collective for layer: mlp_moelayer is finished************
DEBUG_CHUNK_SIZE: size=41943040, preferred_dataset_splits=1, resulting chunk_size=41943040
DEBUG_COLLECTIVE_TYPE: layer=104, event=UNKNOWN (raw=0), size=41943040, chunk_size=41943040
DEBUG_STREAM_COUNT: chunk size is: 41943040 , size is: 41943040 , layer_num is: 104 , node: 0
DEBUG_STREAM_CREATE: Creating stream #102 for dataset id: 384 (total_streams=1)
DEBUG_STREAM_COUNT: Generated 1 streams for layer 104 (UNKNOWN), total injected: 103
info: all-gather forward pass collective issued for layer: attention_column, involved dimensions:  1, 0, 0, 0, 0, 0, 0, 0, 0, 0,
***** info: fwd pass comm collective for layer: attention_column is finished************
DEBUG_CHUNK_SIZE: size=41943040, preferred_dataset_splits=1, resulting chunk_size=41943040
DEBUG_COLLECTIVE_TYPE: layer=105, event=UNKNOWN (raw=0), size=41943040, chunk_size=41943040
DEBUG_STREAM_COUNT: chunk size is: 41943040 , size is: 41943040 , layer_num is: 105 , node: 0
DEBUG_STREAM_CREATE: Creating stream #103 for dataset id: 387 (total_streams=1)
DEBUG_STREAM_COUNT: Generated 1 streams for layer 105 (UNKNOWN), total injected: 104
info: reduce-scatter forward pass collective issued for layer: attention_row, involved dimensions:  1, 0, 0, 0, 0, 0, 0, 0, 0, 0,
***** info: fwd pass comm collective for layer: attention_row is finished************
DEBUG_CHUNK_SIZE: size=131072, preferred_dataset_splits=1, resulting chunk_size=131072
DEBUG_COLLECTIVE_TYPE: layer=106, event=UNKNOWN (raw=0), size=131072, chunk_size=131072
DEBUG_STREAM_COUNT: chunk size is: 131072 , size is: 131072 , layer_num is: 106 , node: 0
DEBUG_STREAM_CREATE: Creating stream #104 for dataset id: 388 (total_streams=1)
DEBUG_STREAM_COUNT: Generated 1 streams for layer 106 (UNKNOWN), total injected: 105
info: all-gather forward pass collective issued for layer: mlp_moelayer, involved dimensions:  1, 0, 0, 0, 0, 0, 0, 0, 0, 0,
***** info: fwd pass comm collective for layer: mlp_moelayer is finished************
DEBUG_CHUNK_SIZE: size=20971520, preferred_dataset_splits=1, resulting chunk_size=20971520
DEBUG_COLLECTIVE_TYPE: layer=107, event=UNKNOWN (raw=0), size=20971520, chunk_size=20971520
DEBUG_STREAM_COUNT: chunk size is: 20971520 , size is: 20971520 , layer_num is: 107 , node: 0
DEBUG_STREAM_CREATE: Creating stream #105 for dataset id: 391 (total_streams=1)
DEBUG_STREAM_COUNT: Generated 1 streams for layer 107 (UNKNOWN), total injected: 106
info: all-to-all forward pass collective issued for layer: mlp_moelayer, involved dimensions:  1, 0, 0, 0, 0, 0, 0, 0, 0, 0,
***** info: fwd pass comm collective for layer: mlp_moelayer is finished************
DEBUG_CHUNK_SIZE: size=83886080, preferred_dataset_splits=1, resulting chunk_size=83886080
DEBUG_COLLECTIVE_TYPE: layer=108, event=UNKNOWN (raw=0), size=83886080, chunk_size=83886080
DEBUG_STREAM_COUNT: chunk size is: 83886080 , size is: 83886080 , layer_num is: 108 , node: 0
DEBUG_STREAM_CREATE: Creating stream #106 for dataset id: 392 (total_streams=1)
DEBUG_STREAM_COUNT: Generated 1 streams for layer 108 (UNKNOWN), total injected: 107
info: all-to-all forward pass collective issued for layer: mlp_moelayer, involved dimensions:  1, 0, 0, 0, 0, 0, 0, 0, 0, 0,
***** info: fwd pass comm collective for layer: mlp_moelayer is finished************
DEBUG_CHUNK_SIZE: size=83886080, preferred_dataset_splits=1, resulting chunk_size=83886080
DEBUG_COLLECTIVE_TYPE: layer=109, event=UNKNOWN (raw=0), size=83886080, chunk_size=83886080
DEBUG_STREAM_COUNT: chunk size is: 83886080 , size is: 83886080 , layer_num is: 109 , node: 0
DEBUG_STREAM_CREATE: Creating stream #107 for dataset id: 395 (total_streams=1)
DEBUG_STREAM_COUNT: Generated 1 streams for layer 109 (UNKNOWN), total injected: 108
info: all-gather forward pass collective issued for layer: mlp_moelayer, involved dimensions:  1, 0, 0, 0, 0, 0, 0, 0, 0, 0,
***** info: fwd pass comm collective for layer: mlp_moelayer is finished************
DEBUG_CHUNK_SIZE: size=83886080, preferred_dataset_splits=1, resulting chunk_size=83886080
DEBUG_COLLECTIVE_TYPE: layer=110, event=UNKNOWN (raw=0), size=83886080, chunk_size=83886080
DEBUG_STREAM_COUNT: chunk size is: 83886080 , size is: 83886080 , layer_num is: 110 , node: 0
DEBUG_STREAM_CREATE: Creating stream #108 for dataset id: 396 (total_streams=1)
DEBUG_STREAM_COUNT: Generated 1 streams for layer 110 (UNKNOWN), total injected: 109
info: reduce-scatter forward pass collective issued for layer: mlp_moelayer, involved dimensions:  1, 0, 0, 0, 0, 0, 0, 0, 0, 0,
***** info: fwd pass comm collective for layer: mlp_moelayer is finished************
DEBUG_CHUNK_SIZE: size=83886080, preferred_dataset_splits=1, resulting chunk_size=83886080
DEBUG_COLLECTIVE_TYPE: layer=111, event=UNKNOWN (raw=0), size=83886080, chunk_size=83886080
DEBUG_STREAM_COUNT: chunk size is: 83886080 , size is: 83886080 , layer_num is: 111 , node: 0
DEBUG_STREAM_CREATE: Creating stream #109 for dataset id: 399 (total_streams=1)
DEBUG_STREAM_COUNT: Generated 1 streams for layer 111 (UNKNOWN), total injected: 110
info: all-to-all forward pass collective issued for layer: mlp_moelayer, involved dimensions:  1, 0, 0, 0, 0, 0, 0, 0, 0, 0,
***** info: fwd pass comm collective for layer: mlp_moelayer is finished************
DEBUG_CHUNK_SIZE: size=20971520, preferred_dataset_splits=1, resulting chunk_size=20971520
DEBUG_COLLECTIVE_TYPE: layer=112, event=UNKNOWN (raw=0), size=20971520, chunk_size=20971520
DEBUG_STREAM_COUNT: chunk size is: 20971520 , size is: 20971520 , layer_num is: 112 , node: 0
DEBUG_STREAM_CREATE: Creating stream #110 for dataset id: 400 (total_streams=1)
DEBUG_STREAM_COUNT: Generated 1 streams for layer 112 (UNKNOWN), total injected: 111
info: all-to-all forward pass collective issued for layer: mlp_moelayer, involved dimensions:  1, 0, 0, 0, 0, 0, 0, 0, 0, 0,
***** info: fwd pass comm collective for layer: mlp_moelayer is finished************
DEBUG_CHUNK_SIZE: size=41943040, preferred_dataset_splits=1, resulting chunk_size=41943040
DEBUG_COLLECTIVE_TYPE: layer=113, event=UNKNOWN (raw=0), size=41943040, chunk_size=41943040
DEBUG_STREAM_COUNT: chunk size is: 41943040 , size is: 41943040 , layer_num is: 113 , node: 0
DEBUG_STREAM_CREATE: Creating stream #111 for dataset id: 403 (total_streams=1)
DEBUG_STREAM_COUNT: Generated 1 streams for layer 113 (UNKNOWN), total injected: 112
info: all-gather forward pass collective issued for layer: attention_column, involved dimensions:  1, 0, 0, 0, 0, 0, 0, 0, 0, 0,
***** info: fwd pass comm collective for layer: attention_column is finished************
DEBUG_CHUNK_SIZE: size=41943040, preferred_dataset_splits=1, resulting chunk_size=41943040
DEBUG_COLLECTIVE_TYPE: layer=114, event=UNKNOWN (raw=0), size=41943040, chunk_size=41943040
DEBUG_STREAM_COUNT: chunk size is: 41943040 , size is: 41943040 , layer_num is: 114 , node: 0
DEBUG_STREAM_CREATE: Creating stream #112 for dataset id: 404 (total_streams=1)
DEBUG_STREAM_COUNT: Generated 1 streams for layer 114 (UNKNOWN), total injected: 113
info: reduce-scatter forward pass collective issued for layer: attention_row, involved dimensions:  1, 0, 0, 0, 0, 0, 0, 0, 0, 0,
***** info: fwd pass comm collective for layer: attention_row is finished************
DEBUG_CHUNK_SIZE: size=131072, preferred_dataset_splits=1, resulting chunk_size=131072
DEBUG_COLLECTIVE_TYPE: layer=115, event=UNKNOWN (raw=0), size=131072, chunk_size=131072
DEBUG_STREAM_COUNT: chunk size is: 131072 , size is: 131072 , layer_num is: 115 , node: 0
DEBUG_STREAM_CREATE: Creating stream #113 for dataset id: 407 (total_streams=1)
DEBUG_STREAM_COUNT: Generated 1 streams for layer 115 (UNKNOWN), total injected: 114
info: all-gather forward pass collective issued for layer: mlp_moelayer, involved dimensions:  1, 0, 0, 0, 0, 0, 0, 0, 0, 0,
***** info: fwd pass comm collective for layer: mlp_moelayer is finished************
DEBUG_CHUNK_SIZE: size=20971520, preferred_dataset_splits=1, resulting chunk_size=20971520
DEBUG_COLLECTIVE_TYPE: layer=116, event=UNKNOWN (raw=0), size=20971520, chunk_size=20971520
DEBUG_STREAM_COUNT: chunk size is: 20971520 , size is: 20971520 , layer_num is: 116 , node: 0
DEBUG_STREAM_CREATE: Creating stream #114 for dataset id: 408 (total_streams=1)
DEBUG_STREAM_COUNT: Generated 1 streams for layer 116 (UNKNOWN), total injected: 115
info: all-to-all forward pass collective issued for layer: mlp_moelayer, involved dimensions:  1, 0, 0, 0, 0, 0, 0, 0, 0, 0,
***** info: fwd pass comm collective for layer: mlp_moelayer is finished************
DEBUG_CHUNK_SIZE: size=83886080, preferred_dataset_splits=1, resulting chunk_size=83886080
DEBUG_COLLECTIVE_TYPE: layer=117, event=UNKNOWN (raw=0), size=83886080, chunk_size=83886080
DEBUG_STREAM_COUNT: chunk size is: 83886080 , size is: 83886080 , layer_num is: 117 , node: 0
DEBUG_STREAM_CREATE: Creating stream #115 for dataset id: 411 (total_streams=1)
DEBUG_STREAM_COUNT: Generated 1 streams for layer 117 (UNKNOWN), total injected: 116
info: all-to-all forward pass collective issued for layer: mlp_moelayer, involved dimensions:  1, 0, 0, 0, 0, 0, 0, 0, 0, 0,
***** info: fwd pass comm collective for layer: mlp_moelayer is finished************
DEBUG_CHUNK_SIZE: size=83886080, preferred_dataset_splits=1, resulting chunk_size=83886080
DEBUG_COLLECTIVE_TYPE: layer=118, event=UNKNOWN (raw=0), size=83886080, chunk_size=83886080
DEBUG_STREAM_COUNT: chunk size is: 83886080 , size is: 83886080 , layer_num is: 118 , node: 0
DEBUG_STREAM_CREATE: Creating stream #116 for dataset id: 412 (total_streams=1)
DEBUG_STREAM_COUNT: Generated 1 streams for layer 118 (UNKNOWN), total injected: 117
info: all-gather forward pass collective issued for layer: mlp_moelayer, involved dimensions:  1, 0, 0, 0, 0, 0, 0, 0, 0, 0,
***** info: fwd pass comm collective for layer: mlp_moelayer is finished************
DEBUG_CHUNK_SIZE: size=83886080, preferred_dataset_splits=1, resulting chunk_size=83886080
DEBUG_COLLECTIVE_TYPE: layer=119, event=UNKNOWN (raw=0), size=83886080, chunk_size=83886080
DEBUG_STREAM_COUNT: chunk size is: 83886080 , size is: 83886080 , layer_num is: 119 , node: 0
DEBUG_STREAM_CREATE: Creating stream #117 for dataset id: 415 (total_streams=1)
DEBUG_STREAM_COUNT: Generated 1 streams for layer 119 (UNKNOWN), total injected: 118
info: reduce-scatter forward pass collective issued for layer: mlp_moelayer, involved dimensions:  1, 0, 0, 0, 0, 0, 0, 0, 0, 0,
***** info: fwd pass comm collective for layer: mlp_moelayer is finished************
DEBUG_CHUNK_SIZE: size=83886080, preferred_dataset_splits=1, resulting chunk_size=83886080
DEBUG_COLLECTIVE_TYPE: layer=120, event=UNKNOWN (raw=0), size=83886080, chunk_size=83886080
DEBUG_STREAM_COUNT: chunk size is: 83886080 , size is: 83886080 , layer_num is: 120 , node: 0
DEBUG_STREAM_CREATE: Creating stream #118 for dataset id: 416 (total_streams=1)
DEBUG_STREAM_COUNT: Generated 1 streams for layer 120 (UNKNOWN), total injected: 119
info: all-to-all forward pass collective issued for layer: mlp_moelayer, involved dimensions:  1, 0, 0, 0, 0, 0, 0, 0, 0, 0,
***** info: fwd pass comm collective for layer: mlp_moelayer is finished************
DEBUG_CHUNK_SIZE: size=20971520, preferred_dataset_splits=1, resulting chunk_size=20971520
DEBUG_COLLECTIVE_TYPE: layer=121, event=UNKNOWN (raw=0), size=20971520, chunk_size=20971520
DEBUG_STREAM_COUNT: chunk size is: 20971520 , size is: 20971520 , layer_num is: 121 , node: 0
DEBUG_STREAM_CREATE: Creating stream #119 for dataset id: 419 (total_streams=1)
DEBUG_STREAM_COUNT: Generated 1 streams for layer 121 (UNKNOWN), total injected: 120
info: all-to-all forward pass collective issued for layer: mlp_moelayer, involved dimensions:  1, 0, 0, 0, 0, 0, 0, 0, 0, 0,
***** info: fwd pass comm collective for layer: mlp_moelayer is finished************
DEBUG_CHUNK_SIZE: size=41943040, preferred_dataset_splits=1, resulting chunk_size=41943040
DEBUG_COLLECTIVE_TYPE: layer=122, event=UNKNOWN (raw=0), size=41943040, chunk_size=41943040
DEBUG_STREAM_COUNT: chunk size is: 41943040 , size is: 41943040 , layer_num is: 122 , node: 0
DEBUG_STREAM_CREATE: Creating stream #120 for dataset id: 420 (total_streams=1)
DEBUG_STREAM_COUNT: Generated 1 streams for layer 122 (UNKNOWN), total injected: 121
info: all-gather forward pass collective issued for layer: attention_column, involved dimensions:  1, 0, 0, 0, 0, 0, 0, 0, 0, 0,
***** info: fwd pass comm collective for layer: attention_column is finished************
DEBUG_CHUNK_SIZE: size=41943040, preferred_dataset_splits=1, resulting chunk_size=41943040
DEBUG_COLLECTIVE_TYPE: layer=123, event=UNKNOWN (raw=0), size=41943040, chunk_size=41943040
DEBUG_STREAM_COUNT: chunk size is: 41943040 , size is: 41943040 , layer_num is: 123 , node: 0
DEBUG_STREAM_CREATE: Creating stream #121 for dataset id: 423 (total_streams=1)
DEBUG_STREAM_COUNT: Generated 1 streams for layer 123 (UNKNOWN), total injected: 122
info: reduce-scatter forward pass collective issued for layer: attention_row, involved dimensions:  1, 0, 0, 0, 0, 0, 0, 0, 0, 0,
***** info: fwd pass comm collective for layer: attention_row is finished************
DEBUG_CHUNK_SIZE: size=131072, preferred_dataset_splits=1, resulting chunk_size=131072
DEBUG_COLLECTIVE_TYPE: layer=124, event=UNKNOWN (raw=0), size=131072, chunk_size=131072
DEBUG_STREAM_COUNT: chunk size is: 131072 , size is: 131072 , layer_num is: 124 , node: 0
DEBUG_STREAM_CREATE: Creating stream #122 for dataset id: 424 (total_streams=1)
DEBUG_STREAM_COUNT: Generated 1 streams for layer 124 (UNKNOWN), total injected: 123
info: all-gather forward pass collective issued for layer: mlp_moelayer, involved dimensions:  1, 0, 0, 0, 0, 0, 0, 0, 0, 0,
***** info: fwd pass comm collective for layer: mlp_moelayer is finished************
DEBUG_CHUNK_SIZE: size=20971520, preferred_dataset_splits=1, resulting chunk_size=20971520
DEBUG_COLLECTIVE_TYPE: layer=125, event=UNKNOWN (raw=0), size=20971520, chunk_size=20971520
DEBUG_STREAM_COUNT: chunk size is: 20971520 , size is: 20971520 , layer_num is: 125 , node: 0
DEBUG_STREAM_CREATE: Creating stream #123 for dataset id: 427 (total_streams=1)
DEBUG_STREAM_COUNT: Generated 1 streams for layer 125 (UNKNOWN), total injected: 124
info: all-to-all forward pass collective issued for layer: mlp_moelayer, involved dimensions:  1, 0, 0, 0, 0, 0, 0, 0, 0, 0,
***** info: fwd pass comm collective for layer: mlp_moelayer is finished************
DEBUG_CHUNK_SIZE: size=83886080, preferred_dataset_splits=1, resulting chunk_size=83886080
DEBUG_COLLECTIVE_TYPE: layer=126, event=UNKNOWN (raw=0), size=83886080, chunk_size=83886080
DEBUG_STREAM_COUNT: chunk size is: 83886080 , size is: 83886080 , layer_num is: 126 , node: 0
DEBUG_STREAM_CREATE: Creating stream #124 for dataset id: 428 (total_streams=1)
DEBUG_STREAM_COUNT: Generated 1 streams for layer 126 (UNKNOWN), total injected: 125
info: all-to-all forward pass collective issued for layer: mlp_moelayer, involved dimensions:  1, 0, 0, 0, 0, 0, 0, 0, 0, 0,
***** info: fwd pass comm collective for layer: mlp_moelayer is finished************
DEBUG_CHUNK_SIZE: size=83886080, preferred_dataset_splits=1, resulting chunk_size=83886080
DEBUG_COLLECTIVE_TYPE: layer=127, event=UNKNOWN (raw=0), size=83886080, chunk_size=83886080
DEBUG_STREAM_COUNT: chunk size is: 83886080 , size is: 83886080 , layer_num is: 127 , node: 0
DEBUG_STREAM_CREATE: Creating stream #125 for dataset id: 431 (total_streams=1)
DEBUG_STREAM_COUNT: Generated 1 streams for layer 127 (UNKNOWN), total injected: 126
info: all-gather forward pass collective issued for layer: mlp_moelayer, involved dimensions:  1, 0, 0, 0, 0, 0, 0, 0, 0, 0,
***** info: fwd pass comm collective for layer: mlp_moelayer is finished************
DEBUG_CHUNK_SIZE: size=83886080, preferred_dataset_splits=1, resulting chunk_size=83886080
DEBUG_COLLECTIVE_TYPE: layer=128, event=UNKNOWN (raw=0), size=83886080, chunk_size=83886080
DEBUG_STREAM_COUNT: chunk size is: 83886080 , size is: 83886080 , layer_num is: 128 , node: 0
DEBUG_STREAM_CREATE: Creating stream #126 for dataset id: 432 (total_streams=1)
DEBUG_STREAM_COUNT: Generated 1 streams for layer 128 (UNKNOWN), total injected: 127
info: reduce-scatter forward pass collective issued for layer: mlp_moelayer, involved dimensions:  1, 0, 0, 0, 0, 0, 0, 0, 0, 0,
***** info: fwd pass comm collective for layer: mlp_moelayer is finished************
DEBUG_CHUNK_SIZE: size=83886080, preferred_dataset_splits=1, resulting chunk_size=83886080
DEBUG_COLLECTIVE_TYPE: layer=129, event=UNKNOWN (raw=0), size=83886080, chunk_size=83886080
DEBUG_STREAM_COUNT: chunk size is: 83886080 , size is: 83886080 , layer_num is: 129 , node: 0
DEBUG_STREAM_CREATE: Creating stream #127 for dataset id: 435 (total_streams=1)
DEBUG_STREAM_COUNT: Generated 1 streams for layer 129 (UNKNOWN), total injected: 128
info: all-to-all forward pass collective issued for layer: mlp_moelayer, involved dimensions:  1, 0, 0, 0, 0, 0, 0, 0, 0, 0,
***** info: fwd pass comm collective for layer: mlp_moelayer is finished************
DEBUG_CHUNK_SIZE: size=20971520, preferred_dataset_splits=1, resulting chunk_size=20971520
DEBUG_COLLECTIVE_TYPE: layer=130, event=UNKNOWN (raw=0), size=20971520, chunk_size=20971520
DEBUG_STREAM_COUNT: chunk size is: 20971520 , size is: 20971520 , layer_num is: 130 , node: 0
DEBUG_STREAM_CREATE: Creating stream #128 for dataset id: 436 (total_streams=1)
DEBUG_STREAM_COUNT: Generated 1 streams for layer 130 (UNKNOWN), total injected: 129
info: all-to-all forward pass collective issued for layer: mlp_moelayer, involved dimensions:  1, 0, 0, 0, 0, 0, 0, 0, 0, 0,
***** info: fwd pass comm collective for layer: mlp_moelayer is finished************
DEBUG_CHUNK_SIZE: size=41943040, preferred_dataset_splits=1, resulting chunk_size=41943040
DEBUG_COLLECTIVE_TYPE: layer=131, event=UNKNOWN (raw=0), size=41943040, chunk_size=41943040
DEBUG_STREAM_COUNT: chunk size is: 41943040 , size is: 41943040 , layer_num is: 131 , node: 0
DEBUG_STREAM_CREATE: Creating stream #129 for dataset id: 439 (total_streams=1)
DEBUG_STREAM_COUNT: Generated 1 streams for layer 131 (UNKNOWN), total injected: 130
info: all-gather forward pass collective issued for layer: attention_column, involved dimensions:  1, 0, 0, 0, 0, 0, 0, 0, 0, 0,
***** info: fwd pass comm collective for layer: attention_column is finished************
DEBUG_CHUNK_SIZE: size=41943040, preferred_dataset_splits=1, resulting chunk_size=41943040
DEBUG_COLLECTIVE_TYPE: layer=132, event=UNKNOWN (raw=0), size=41943040, chunk_size=41943040
DEBUG_STREAM_COUNT: chunk size is: 41943040 , size is: 41943040 , layer_num is: 132 , node: 0
DEBUG_STREAM_CREATE: Creating stream #130 for dataset id: 440 (total_streams=1)
DEBUG_STREAM_COUNT: Generated 1 streams for layer 132 (UNKNOWN), total injected: 131
info: reduce-scatter forward pass collective issued for layer: attention_row, involved dimensions:  1, 0, 0, 0, 0, 0, 0, 0, 0, 0,
***** info: fwd pass comm collective for layer: attention_row is finished************
DEBUG_CHUNK_SIZE: size=131072, preferred_dataset_splits=1, resulting chunk_size=131072
DEBUG_COLLECTIVE_TYPE: layer=133, event=UNKNOWN (raw=0), size=131072, chunk_size=131072
DEBUG_STREAM_COUNT: chunk size is: 131072 , size is: 131072 , layer_num is: 133 , node: 0
DEBUG_STREAM_CREATE: Creating stream #131 for dataset id: 443 (total_streams=1)
DEBUG_STREAM_COUNT: Generated 1 streams for layer 133 (UNKNOWN), total injected: 132
info: all-gather forward pass collective issued for layer: mlp_moelayer, involved dimensions:  1, 0, 0, 0, 0, 0, 0, 0, 0, 0,
***** info: fwd pass comm collective for layer: mlp_moelayer is finished************
DEBUG_CHUNK_SIZE: size=20971520, preferred_dataset_splits=1, resulting chunk_size=20971520
DEBUG_COLLECTIVE_TYPE: layer=134, event=UNKNOWN (raw=0), size=20971520, chunk_size=20971520
DEBUG_STREAM_COUNT: chunk size is: 20971520 , size is: 20971520 , layer_num is: 134 , node: 0
DEBUG_STREAM_CREATE: Creating stream #132 for dataset id: 444 (total_streams=1)
DEBUG_STREAM_COUNT: Generated 1 streams for layer 134 (UNKNOWN), total injected: 133
info: all-to-all forward pass collective issued for layer: mlp_moelayer, involved dimensions:  1, 0, 0, 0, 0, 0, 0, 0, 0, 0,
***** info: fwd pass comm collective for layer: mlp_moelayer is finished************
DEBUG_CHUNK_SIZE: size=83886080, preferred_dataset_splits=1, resulting chunk_size=83886080
DEBUG_COLLECTIVE_TYPE: layer=135, event=UNKNOWN (raw=0), size=83886080, chunk_size=83886080
DEBUG_STREAM_COUNT: chunk size is: 83886080 , size is: 83886080 , layer_num is: 135 , node: 0
DEBUG_STREAM_CREATE: Creating stream #133 for dataset id: 447 (total_streams=1)
DEBUG_STREAM_COUNT: Generated 1 streams for layer 135 (UNKNOWN), total injected: 134
info: all-to-all forward pass collective issued for layer: mlp_moelayer, involved dimensions:  1, 0, 0, 0, 0, 0, 0, 0, 0, 0,
***** info: fwd pass comm collective for layer: mlp_moelayer is finished************
DEBUG_CHUNK_SIZE: size=83886080, preferred_dataset_splits=1, resulting chunk_size=83886080
DEBUG_COLLECTIVE_TYPE: layer=136, event=UNKNOWN (raw=0), size=83886080, chunk_size=83886080
DEBUG_STREAM_COUNT: chunk size is: 83886080 , size is: 83886080 , layer_num is: 136 , node: 0
DEBUG_STREAM_CREATE: Creating stream #134 for dataset id: 448 (total_streams=1)
DEBUG_STREAM_COUNT: Generated 1 streams for layer 136 (UNKNOWN), total injected: 135
info: all-gather forward pass collective issued for layer: mlp_moelayer, involved dimensions:  1, 0, 0, 0, 0, 0, 0, 0, 0, 0,
***** info: fwd pass comm collective for layer: mlp_moelayer is finished************
DEBUG_CHUNK_SIZE: size=83886080, preferred_dataset_splits=1, resulting chunk_size=83886080
DEBUG_COLLECTIVE_TYPE: layer=137, event=UNKNOWN (raw=0), size=83886080, chunk_size=83886080
DEBUG_STREAM_COUNT: chunk size is: 83886080 , size is: 83886080 , layer_num is: 137 , node: 0
DEBUG_STREAM_CREATE: Creating stream #135 for dataset id: 451 (total_streams=1)
DEBUG_STREAM_COUNT: Generated 1 streams for layer 137 (UNKNOWN), total injected: 136
info: reduce-scatter forward pass collective issued for layer: mlp_moelayer, involved dimensions:  1, 0, 0, 0, 0, 0, 0, 0, 0, 0,
***** info: fwd pass comm collective for layer: mlp_moelayer is finished************
DEBUG_CHUNK_SIZE: size=83886080, preferred_dataset_splits=1, resulting chunk_size=83886080
DEBUG_COLLECTIVE_TYPE: layer=138, event=UNKNOWN (raw=0), size=83886080, chunk_size=83886080
DEBUG_STREAM_COUNT: chunk size is: 83886080 , size is: 83886080 , layer_num is: 138 , node: 0
DEBUG_STREAM_CREATE: Creating stream #136 for dataset id: 452 (total_streams=1)
DEBUG_STREAM_COUNT: Generated 1 streams for layer 138 (UNKNOWN), total injected: 137
info: all-to-all forward pass collective issued for layer: mlp_moelayer, involved dimensions:  1, 0, 0, 0, 0, 0, 0, 0, 0, 0,
***** info: fwd pass comm collective for layer: mlp_moelayer is finished************
DEBUG_CHUNK_SIZE: size=20971520, preferred_dataset_splits=1, resulting chunk_size=20971520
DEBUG_COLLECTIVE_TYPE: layer=139, event=UNKNOWN (raw=0), size=20971520, chunk_size=20971520
DEBUG_STREAM_COUNT: chunk size is: 20971520 , size is: 20971520 , layer_num is: 139 , node: 0
DEBUG_STREAM_CREATE: Creating stream #137 for dataset id: 455 (total_streams=1)
DEBUG_STREAM_COUNT: Generated 1 streams for layer 139 (UNKNOWN), total injected: 138
info: all-to-all forward pass collective issued for layer: mlp_moelayer, involved dimensions:  1, 0, 0, 0, 0, 0, 0, 0, 0, 0,
***** info: fwd pass comm collective for layer: mlp_moelayer is finished************
DEBUG_CHUNK_SIZE: size=41943040, preferred_dataset_splits=1, resulting chunk_size=41943040
DEBUG_COLLECTIVE_TYPE: layer=140, event=UNKNOWN (raw=0), size=41943040, chunk_size=41943040
DEBUG_STREAM_COUNT: chunk size is: 41943040 , size is: 41943040 , layer_num is: 140 , node: 0
DEBUG_STREAM_CREATE: Creating stream #138 for dataset id: 456 (total_streams=1)
DEBUG_STREAM_COUNT: Generated 1 streams for layer 140 (UNKNOWN), total injected: 139
info: all-gather forward pass collective issued for layer: attention_column, involved dimensions:  1, 0, 0, 0, 0, 0, 0, 0, 0, 0,
***** info: fwd pass comm collective for layer: attention_column is finished************
DEBUG_CHUNK_SIZE: size=41943040, preferred_dataset_splits=1, resulting chunk_size=41943040
DEBUG_COLLECTIVE_TYPE: layer=141, event=UNKNOWN (raw=0), size=41943040, chunk_size=41943040
DEBUG_STREAM_COUNT: chunk size is: 41943040 , size is: 41943040 , layer_num is: 141 , node: 0
DEBUG_STREAM_CREATE: Creating stream #139 for dataset id: 459 (total_streams=1)
DEBUG_STREAM_COUNT: Generated 1 streams for layer 141 (UNKNOWN), total injected: 140
info: reduce-scatter forward pass collective issued for layer: attention_row, involved dimensions:  1, 0, 0, 0, 0, 0, 0, 0, 0, 0,
***** info: fwd pass comm collective for layer: attention_row is finished************
DEBUG_CHUNK_SIZE: size=131072, preferred_dataset_splits=1, resulting chunk_size=131072
DEBUG_COLLECTIVE_TYPE: layer=142, event=UNKNOWN (raw=0), size=131072, chunk_size=131072
DEBUG_STREAM_COUNT: chunk size is: 131072 , size is: 131072 , layer_num is: 142 , node: 0
DEBUG_STREAM_CREATE: Creating stream #140 for dataset id: 460 (total_streams=1)
DEBUG_STREAM_COUNT: Generated 1 streams for layer 142 (UNKNOWN), total injected: 141
info: all-gather forward pass collective issued for layer: mlp_moelayer, involved dimensions:  1, 0, 0, 0, 0, 0, 0, 0, 0, 0,
***** info: fwd pass comm collective for layer: mlp_moelayer is finished************
DEBUG_CHUNK_SIZE: size=20971520, preferred_dataset_splits=1, resulting chunk_size=20971520
DEBUG_COLLECTIVE_TYPE: layer=143, event=UNKNOWN (raw=0), size=20971520, chunk_size=20971520
DEBUG_STREAM_COUNT: chunk size is: 20971520 , size is: 20971520 , layer_num is: 143 , node: 0
DEBUG_STREAM_CREATE: Creating stream #141 for dataset id: 463 (total_streams=1)
DEBUG_STREAM_COUNT: Generated 1 streams for layer 143 (UNKNOWN), total injected: 142
info: all-to-all forward pass collective issued for layer: mlp_moelayer, involved dimensions:  1, 0, 0, 0, 0, 0, 0, 0, 0, 0,
***** info: fwd pass comm collective for layer: mlp_moelayer is finished************
DEBUG_CHUNK_SIZE: size=83886080, preferred_dataset_splits=1, resulting chunk_size=83886080
DEBUG_COLLECTIVE_TYPE: layer=144, event=UNKNOWN (raw=0), size=83886080, chunk_size=83886080
DEBUG_STREAM_COUNT: chunk size is: 83886080 , size is: 83886080 , layer_num is: 144 , node: 0
DEBUG_STREAM_CREATE: Creating stream #142 for dataset id: 464 (total_streams=1)
DEBUG_STREAM_COUNT: Generated 1 streams for layer 144 (UNKNOWN), total injected: 143
info: all-to-all forward pass collective issued for layer: mlp_moelayer, involved dimensions:  1, 0, 0, 0, 0, 0, 0, 0, 0, 0,
***** info: fwd pass comm collective for layer: mlp_moelayer is finished************
DEBUG_CHUNK_SIZE: size=83886080, preferred_dataset_splits=1, resulting chunk_size=83886080
DEBUG_COLLECTIVE_TYPE: layer=145, event=UNKNOWN (raw=0), size=83886080, chunk_size=83886080
DEBUG_STREAM_COUNT: chunk size is: 83886080 , size is: 83886080 , layer_num is: 145 , node: 0
DEBUG_STREAM_CREATE: Creating stream #143 for dataset id: 467 (total_streams=1)
DEBUG_STREAM_COUNT: Generated 1 streams for layer 145 (UNKNOWN), total injected: 144
info: all-gather forward pass collective issued for layer: mlp_moelayer, involved dimensions:  1, 0, 0, 0, 0, 0, 0, 0, 0, 0,
***** info: fwd pass comm collective for layer: mlp_moelayer is finished************
DEBUG_CHUNK_SIZE: size=83886080, preferred_dataset_splits=1, resulting chunk_size=83886080
DEBUG_COLLECTIVE_TYPE: layer=146, event=UNKNOWN (raw=0), size=83886080, chunk_size=83886080
DEBUG_STREAM_COUNT: chunk size is: 83886080 , size is: 83886080 , layer_num is: 146 , node: 0
DEBUG_STREAM_CREATE: Creating stream #144 for dataset id: 468 (total_streams=1)
DEBUG_STREAM_COUNT: Generated 1 streams for layer 146 (UNKNOWN), total injected: 145
info: reduce-scatter forward pass collective issued for layer: mlp_moelayer, involved dimensions:  1, 0, 0, 0, 0, 0, 0, 0, 0, 0,
***** info: fwd pass comm collective for layer: mlp_moelayer is finished************
DEBUG_CHUNK_SIZE: size=83886080, preferred_dataset_splits=1, resulting chunk_size=83886080
DEBUG_COLLECTIVE_TYPE: layer=147, event=UNKNOWN (raw=0), size=83886080, chunk_size=83886080
DEBUG_STREAM_COUNT: chunk size is: 83886080 , size is: 83886080 , layer_num is: 147 , node: 0
DEBUG_STREAM_CREATE: Creating stream #145 for dataset id: 471 (total_streams=1)
DEBUG_STREAM_COUNT: Generated 1 streams for layer 147 (UNKNOWN), total injected: 146
info: all-to-all forward pass collective issued for layer: mlp_moelayer, involved dimensions:  1, 0, 0, 0, 0, 0, 0, 0, 0, 0,
***** info: fwd pass comm collective for layer: mlp_moelayer is finished************
DEBUG_CHUNK_SIZE: size=20971520, preferred_dataset_splits=1, resulting chunk_size=20971520
DEBUG_COLLECTIVE_TYPE: layer=148, event=UNKNOWN (raw=0), size=20971520, chunk_size=20971520
DEBUG_STREAM_COUNT: chunk size is: 20971520 , size is: 20971520 , layer_num is: 148 , node: 0
DEBUG_STREAM_CREATE: Creating stream #146 for dataset id: 472 (total_streams=1)
DEBUG_STREAM_COUNT: Generated 1 streams for layer 148 (UNKNOWN), total injected: 147
info: all-to-all forward pass collective issued for layer: mlp_moelayer, involved dimensions:  1, 0, 0, 0, 0, 0, 0, 0, 0, 0,
***** info: fwd pass comm collective for layer: mlp_moelayer is finished************
DEBUG_CHUNK_SIZE: size=41943040, preferred_dataset_splits=1, resulting chunk_size=41943040
DEBUG_COLLECTIVE_TYPE: layer=149, event=UNKNOWN (raw=0), size=41943040, chunk_size=41943040
DEBUG_STREAM_COUNT: chunk size is: 41943040 , size is: 41943040 , layer_num is: 149 , node: 0
DEBUG_STREAM_CREATE: Creating stream #147 for dataset id: 475 (total_streams=1)
DEBUG_STREAM_COUNT: Generated 1 streams for layer 149 (UNKNOWN), total injected: 148
info: all-gather forward pass collective issued for layer: final_column, involved dimensions:  1, 0, 0, 0, 0, 0, 0, 0, 0, 0,
***** info: fwd pass comm collective for layer: final_column is finished************
DEBUG_CHUNK_SIZE: size=327680000, preferred_dataset_splits=1, resulting chunk_size=327680000
DEBUG_COLLECTIVE_TYPE: layer=150, event=UNKNOWN (raw=0), size=327680000, chunk_size=327680000
DEBUG_STREAM_COUNT: chunk size is: 327680000 , size is: 327680000 , layer_num is: 150 , node: 0
DEBUG_STREAM_CREATE: Creating stream #148 for dataset id: 476 (total_streams=1)
DEBUG_STREAM_COUNT: Generated 1 streams for layer 150 (UNKNOWN), total injected: 149
info: all-reduce forward pass collective issued for layer: embedding_norm, involved dimensions:  1, 0, 0, 0, 0, 0, 0, 0, 0, 0,
***** info: fwd pass comm collective for layer: embedding_norm is finished************
info: no forward pass collective for layer: embedding_layer
DEBUG_CHUNK_SIZE: size=41943040, preferred_dataset_splits=1, resulting chunk_size=41943040
DEBUG_COLLECTIVE_TYPE: layer=152, event=UNKNOWN (raw=0), size=41943040, chunk_size=41943040
DEBUG_STREAM_COUNT: chunk size is: 41943040 , size is: 41943040 , layer_num is: 152 , node: 0
DEBUG_STREAM_CREATE: Creating stream #149 for dataset id: 478 (total_streams=1)
DEBUG_STREAM_COUNT: Generated 1 streams for layer 152 (UNKNOWN), total injected: 150
info: all-gather forward pass collective issued for layer: attention_column, involved dimensions:  1, 0, 0, 0, 0, 0, 0, 0, 0, 0,
***** info: fwd pass comm collective for layer: attention_column is finished************
DEBUG_CHUNK_SIZE: size=41943040, preferred_dataset_splits=1, resulting chunk_size=41943040
DEBUG_COLLECTIVE_TYPE: layer=153, event=UNKNOWN (raw=0), size=41943040, chunk_size=41943040
DEBUG_STREAM_COUNT: chunk size is: 41943040 , size is: 41943040 , layer_num is: 153 , node: 0
DEBUG_STREAM_CREATE: Creating stream #150 for dataset id: 481 (total_streams=1)
DEBUG_STREAM_COUNT: Generated 1 streams for layer 153 (UNKNOWN), total injected: 151
info: reduce-scatter forward pass collective issued for layer: attention_row, involved dimensions:  1, 0, 0, 0, 0, 0, 0, 0, 0, 0,
***** info: fwd pass comm collective for layer: attention_row is finished************
DEBUG_CHUNK_SIZE: size=131072, preferred_dataset_splits=1, resulting chunk_size=131072
DEBUG_COLLECTIVE_TYPE: layer=154, event=UNKNOWN (raw=0), size=131072, chunk_size=131072
DEBUG_STREAM_COUNT: chunk size is: 131072 , size is: 131072 , layer_num is: 154 , node: 0
DEBUG_STREAM_CREATE: Creating stream #151 for dataset id: 482 (total_streams=1)
DEBUG_STREAM_COUNT: Generated 1 streams for layer 154 (UNKNOWN), total injected: 152
info: all-gather forward pass collective issued for layer: mlp_moelayer, involved dimensions:  1, 0, 0, 0, 0, 0, 0, 0, 0, 0,
***** info: fwd pass comm collective for layer: mlp_moelayer is finished************
DEBUG_CHUNK_SIZE: size=20971520, preferred_dataset_splits=1, resulting chunk_size=20971520
DEBUG_COLLECTIVE_TYPE: layer=155, event=UNKNOWN (raw=0), size=20971520, chunk_size=20971520
DEBUG_STREAM_COUNT: chunk size is: 20971520 , size is: 20971520 , layer_num is: 155 , node: 0
DEBUG_STREAM_CREATE: Creating stream #152 for dataset id: 485 (total_streams=1)
DEBUG_STREAM_COUNT: Generated 1 streams for layer 155 (UNKNOWN), total injected: 153
info: all-to-all forward pass collective issued for layer: mlp_moelayer, involved dimensions:  1, 0, 0, 0, 0, 0, 0, 0, 0, 0,
***** info: fwd pass comm collective for layer: mlp_moelayer is finished************
DEBUG_CHUNK_SIZE: size=83886080, preferred_dataset_splits=1, resulting chunk_size=83886080
DEBUG_COLLECTIVE_TYPE: layer=156, event=UNKNOWN (raw=0), size=83886080, chunk_size=83886080
DEBUG_STREAM_COUNT: chunk size is: 83886080 , size is: 83886080 , layer_num is: 156 , node: 0
DEBUG_STREAM_CREATE: Creating stream #153 for dataset id: 486 (total_streams=1)
DEBUG_STREAM_COUNT: Generated 1 streams for layer 156 (UNKNOWN), total injected: 154
info: all-to-all forward pass collective issued for layer: mlp_moelayer, involved dimensions:  1, 0, 0, 0, 0, 0, 0, 0, 0, 0,
***** info: fwd pass comm collective for layer: mlp_moelayer is finished************
DEBUG_CHUNK_SIZE: size=83886080, preferred_dataset_splits=1, resulting chunk_size=83886080
DEBUG_COLLECTIVE_TYPE: layer=157, event=UNKNOWN (raw=0), size=83886080, chunk_size=83886080
DEBUG_STREAM_COUNT: chunk size is: 83886080 , size is: 83886080 , layer_num is: 157 , node: 0
DEBUG_STREAM_CREATE: Creating stream #154 for dataset id: 489 (total_streams=1)
DEBUG_STREAM_COUNT: Generated 1 streams for layer 157 (UNKNOWN), total injected: 155
info: all-gather forward pass collective issued for layer: mlp_moelayer, involved dimensions:  1, 0, 0, 0, 0, 0, 0, 0, 0, 0,
***** info: fwd pass comm collective for layer: mlp_moelayer is finished************
DEBUG_CHUNK_SIZE: size=83886080, preferred_dataset_splits=1, resulting chunk_size=83886080
DEBUG_COLLECTIVE_TYPE: layer=158, event=UNKNOWN (raw=0), size=83886080, chunk_size=83886080
DEBUG_STREAM_COUNT: chunk size is: 83886080 , size is: 83886080 , layer_num is: 158 , node: 0
DEBUG_STREAM_CREATE: Creating stream #155 for dataset id: 490 (total_streams=1)
DEBUG_STREAM_COUNT: Generated 1 streams for layer 158 (UNKNOWN), total injected: 156
info: reduce-scatter forward pass collective issued for layer: mlp_moelayer, involved dimensions:  1, 0, 0, 0, 0, 0, 0, 0, 0, 0,
***** info: fwd pass comm collective for layer: mlp_moelayer is finished************
DEBUG_CHUNK_SIZE: size=83886080, preferred_dataset_splits=1, resulting chunk_size=83886080
DEBUG_COLLECTIVE_TYPE: layer=159, event=UNKNOWN (raw=0), size=83886080, chunk_size=83886080
DEBUG_STREAM_COUNT: chunk size is: 83886080 , size is: 83886080 , layer_num is: 159 , node: 0
DEBUG_STREAM_CREATE: Creating stream #156 for dataset id: 493 (total_streams=1)
DEBUG_STREAM_COUNT: Generated 1 streams for layer 159 (UNKNOWN), total injected: 157
info: all-to-all forward pass collective issued for layer: mlp_moelayer, involved dimensions:  1, 0, 0, 0, 0, 0, 0, 0, 0, 0,
***** info: fwd pass comm collective for layer: mlp_moelayer is finished************
DEBUG_CHUNK_SIZE: size=20971520, preferred_dataset_splits=1, resulting chunk_size=20971520
DEBUG_COLLECTIVE_TYPE: layer=160, event=UNKNOWN (raw=0), size=20971520, chunk_size=20971520
DEBUG_STREAM_COUNT: chunk size is: 20971520 , size is: 20971520 , layer_num is: 160 , node: 0
DEBUG_STREAM_CREATE: Creating stream #157 for dataset id: 494 (total_streams=1)
DEBUG_STREAM_COUNT: Generated 1 streams for layer 160 (UNKNOWN), total injected: 158
info: all-to-all forward pass collective issued for layer: mlp_moelayer, involved dimensions:  1, 0, 0, 0, 0, 0, 0, 0, 0, 0,
***** info: fwd pass comm collective for layer: mlp_moelayer is finished************
DEBUG_CHUNK_SIZE: size=41943040, preferred_dataset_splits=1, resulting chunk_size=41943040
DEBUG_COLLECTIVE_TYPE: layer=161, event=UNKNOWN (raw=0), size=41943040, chunk_size=41943040
DEBUG_STREAM_COUNT: chunk size is: 41943040 , size is: 41943040 , layer_num is: 161 , node: 0
DEBUG_STREAM_CREATE: Creating stream #158 for dataset id: 497 (total_streams=1)
DEBUG_STREAM_COUNT: Generated 1 streams for layer 161 (UNKNOWN), total injected: 159
info: all-gather forward pass collective issued for layer: attention_column, involved dimensions:  1, 0, 0, 0, 0, 0, 0, 0, 0, 0,
***** info: fwd pass comm collective for layer: attention_column is finished************
DEBUG_CHUNK_SIZE: size=41943040, preferred_dataset_splits=1, resulting chunk_size=41943040
DEBUG_COLLECTIVE_TYPE: layer=162, event=UNKNOWN (raw=0), size=41943040, chunk_size=41943040
DEBUG_STREAM_COUNT: chunk size is: 41943040 , size is: 41943040 , layer_num is: 162 , node: 0
DEBUG_STREAM_CREATE: Creating stream #159 for dataset id: 498 (total_streams=1)
DEBUG_STREAM_COUNT: Generated 1 streams for layer 162 (UNKNOWN), total injected: 160
info: reduce-scatter forward pass collective issued for layer: attention_row, involved dimensions:  1, 0, 0, 0, 0, 0, 0, 0, 0, 0,
***** info: fwd pass comm collective for layer: attention_row is finished************
DEBUG_CHUNK_SIZE: size=131072, preferred_dataset_splits=1, resulting chunk_size=131072
DEBUG_COLLECTIVE_TYPE: layer=163, event=UNKNOWN (raw=0), size=131072, chunk_size=131072
DEBUG_STREAM_COUNT: chunk size is: 131072 , size is: 131072 , layer_num is: 163 , node: 0
DEBUG_STREAM_CREATE: Creating stream #160 for dataset id: 501 (total_streams=1)
DEBUG_STREAM_COUNT: Generated 1 streams for layer 163 (UNKNOWN), total injected: 161
info: all-gather forward pass collective issued for layer: mlp_moelayer, involved dimensions:  1, 0, 0, 0, 0, 0, 0, 0, 0, 0,
***** info: fwd pass comm collective for layer: mlp_moelayer is finished************
DEBUG_CHUNK_SIZE: size=20971520, preferred_dataset_splits=1, resulting chunk_size=20971520
DEBUG_COLLECTIVE_TYPE: layer=164, event=UNKNOWN (raw=0), size=20971520, chunk_size=20971520
DEBUG_STREAM_COUNT: chunk size is: 20971520 , size is: 20971520 , layer_num is: 164 , node: 0
DEBUG_STREAM_CREATE: Creating stream #161 for dataset id: 502 (total_streams=1)
DEBUG_STREAM_COUNT: Generated 1 streams for layer 164 (UNKNOWN), total injected: 162
info: all-to-all forward pass collective issued for layer: mlp_moelayer, involved dimensions:  1, 0, 0, 0, 0, 0, 0, 0, 0, 0,
***** info: fwd pass comm collective for layer: mlp_moelayer is finished************
DEBUG_CHUNK_SIZE: size=83886080, preferred_dataset_splits=1, resulting chunk_size=83886080
DEBUG_COLLECTIVE_TYPE: layer=165, event=UNKNOWN (raw=0), size=83886080, chunk_size=83886080
DEBUG_STREAM_COUNT: chunk size is: 83886080 , size is: 83886080 , layer_num is: 165 , node: 0
DEBUG_STREAM_CREATE: Creating stream #162 for dataset id: 505 (total_streams=1)
DEBUG_STREAM_COUNT: Generated 1 streams for layer 165 (UNKNOWN), total injected: 163
info: all-to-all forward pass collective issued for layer: mlp_moelayer, involved dimensions:  1, 0, 0, 0, 0, 0, 0, 0, 0, 0,
***** info: fwd pass comm collective for layer: mlp_moelayer is finished************
DEBUG_CHUNK_SIZE: size=83886080, preferred_dataset_splits=1, resulting chunk_size=83886080
DEBUG_COLLECTIVE_TYPE: layer=166, event=UNKNOWN (raw=0), size=83886080, chunk_size=83886080
DEBUG_STREAM_COUNT: chunk size is: 83886080 , size is: 83886080 , layer_num is: 166 , node: 0
DEBUG_STREAM_CREATE: Creating stream #163 for dataset id: 506 (total_streams=1)
DEBUG_STREAM_COUNT: Generated 1 streams for layer 166 (UNKNOWN), total injected: 164
info: all-gather forward pass collective issued for layer: mlp_moelayer, involved dimensions:  1, 0, 0, 0, 0, 0, 0, 0, 0, 0,
***** info: fwd pass comm collective for layer: mlp_moelayer is finished************
DEBUG_CHUNK_SIZE: size=83886080, preferred_dataset_splits=1, resulting chunk_size=83886080
DEBUG_COLLECTIVE_TYPE: layer=167, event=UNKNOWN (raw=0), size=83886080, chunk_size=83886080
DEBUG_STREAM_COUNT: chunk size is: 83886080 , size is: 83886080 , layer_num is: 167 , node: 0
DEBUG_STREAM_CREATE: Creating stream #164 for dataset id: 509 (total_streams=1)
DEBUG_STREAM_COUNT: Generated 1 streams for layer 167 (UNKNOWN), total injected: 165
info: reduce-scatter forward pass collective issued for layer: mlp_moelayer, involved dimensions:  1, 0, 0, 0, 0, 0, 0, 0, 0, 0,
***** info: fwd pass comm collective for layer: mlp_moelayer is finished************
DEBUG_CHUNK_SIZE: size=83886080, preferred_dataset_splits=1, resulting chunk_size=83886080
DEBUG_COLLECTIVE_TYPE: layer=168, event=UNKNOWN (raw=0), size=83886080, chunk_size=83886080
DEBUG_STREAM_COUNT: chunk size is: 83886080 , size is: 83886080 , layer_num is: 168 , node: 0
DEBUG_STREAM_CREATE: Creating stream #165 for dataset id: 510 (total_streams=1)
DEBUG_STREAM_COUNT: Generated 1 streams for layer 168 (UNKNOWN), total injected: 166
info: all-to-all forward pass collective issued for layer: mlp_moelayer, involved dimensions:  1, 0, 0, 0, 0, 0, 0, 0, 0, 0,
***** info: fwd pass comm collective for layer: mlp_moelayer is finished************
DEBUG_CHUNK_SIZE: size=20971520, preferred_dataset_splits=1, resulting chunk_size=20971520
DEBUG_COLLECTIVE_TYPE: layer=169, event=UNKNOWN (raw=0), size=20971520, chunk_size=20971520
DEBUG_STREAM_COUNT: chunk size is: 20971520 , size is: 20971520 , layer_num is: 169 , node: 0
DEBUG_STREAM_CREATE: Creating stream #166 for dataset id: 513 (total_streams=1)
DEBUG_STREAM_COUNT: Generated 1 streams for layer 169 (UNKNOWN), total injected: 167
info: all-to-all forward pass collective issued for layer: mlp_moelayer, involved dimensions:  1, 0, 0, 0, 0, 0, 0, 0, 0, 0,
***** info: fwd pass comm collective for layer: mlp_moelayer is finished************
DEBUG_CHUNK_SIZE: size=41943040, preferred_dataset_splits=1, resulting chunk_size=41943040
DEBUG_COLLECTIVE_TYPE: layer=170, event=UNKNOWN (raw=0), size=41943040, chunk_size=41943040
DEBUG_STREAM_COUNT: chunk size is: 41943040 , size is: 41943040 , layer_num is: 170 , node: 0
DEBUG_STREAM_CREATE: Creating stream #167 for dataset id: 514 (total_streams=1)
DEBUG_STREAM_COUNT: Generated 1 streams for layer 170 (UNKNOWN), total injected: 168
info: all-gather forward pass collective issued for layer: attention_column, involved dimensions:  1, 0, 0, 0, 0, 0, 0, 0, 0, 0,
***** info: fwd pass comm collective for layer: attention_column is finished************
DEBUG_CHUNK_SIZE: size=41943040, preferred_dataset_splits=1, resulting chunk_size=41943040
DEBUG_COLLECTIVE_TYPE: layer=171, event=UNKNOWN (raw=0), size=41943040, chunk_size=41943040
DEBUG_STREAM_COUNT: chunk size is: 41943040 , size is: 41943040 , layer_num is: 171 , node: 0
DEBUG_STREAM_CREATE: Creating stream #168 for dataset id: 517 (total_streams=1)
DEBUG_STREAM_COUNT: Generated 1 streams for layer 171 (UNKNOWN), total injected: 169
info: reduce-scatter forward pass collective issued for layer: attention_row, involved dimensions:  1, 0, 0, 0, 0, 0, 0, 0, 0, 0,
***** info: fwd pass comm collective for layer: attention_row is finished************
DEBUG_CHUNK_SIZE: size=131072, preferred_dataset_splits=1, resulting chunk_size=131072
DEBUG_COLLECTIVE_TYPE: layer=172, event=UNKNOWN (raw=0), size=131072, chunk_size=131072
DEBUG_STREAM_COUNT: chunk size is: 131072 , size is: 131072 , layer_num is: 172 , node: 0
DEBUG_STREAM_CREATE: Creating stream #169 for dataset id: 518 (total_streams=1)
DEBUG_STREAM_COUNT: Generated 1 streams for layer 172 (UNKNOWN), total injected: 170
info: all-gather forward pass collective issued for layer: mlp_moelayer, involved dimensions:  1, 0, 0, 0, 0, 0, 0, 0, 0, 0,
***** info: fwd pass comm collective for layer: mlp_moelayer is finished************
DEBUG_CHUNK_SIZE: size=20971520, preferred_dataset_splits=1, resulting chunk_size=20971520
DEBUG_COLLECTIVE_TYPE: layer=173, event=UNKNOWN (raw=0), size=20971520, chunk_size=20971520
DEBUG_STREAM_COUNT: chunk size is: 20971520 , size is: 20971520 , layer_num is: 173 , node: 0
DEBUG_STREAM_CREATE: Creating stream #170 for dataset id: 521 (total_streams=1)
DEBUG_STREAM_COUNT: Generated 1 streams for layer 173 (UNKNOWN), total injected: 171
info: all-to-all forward pass collective issued for layer: mlp_moelayer, involved dimensions:  1, 0, 0, 0, 0, 0, 0, 0, 0, 0,
***** info: fwd pass comm collective for layer: mlp_moelayer is finished************
DEBUG_CHUNK_SIZE: size=83886080, preferred_dataset_splits=1, resulting chunk_size=83886080
DEBUG_COLLECTIVE_TYPE: layer=174, event=UNKNOWN (raw=0), size=83886080, chunk_size=83886080
DEBUG_STREAM_COUNT: chunk size is: 83886080 , size is: 83886080 , layer_num is: 174 , node: 0
DEBUG_STREAM_CREATE: Creating stream #171 for dataset id: 522 (total_streams=1)
DEBUG_STREAM_COUNT: Generated 1 streams for layer 174 (UNKNOWN), total injected: 172
info: all-to-all forward pass collective issued for layer: mlp_moelayer, involved dimensions:  1, 0, 0, 0, 0, 0, 0, 0, 0, 0,
***** info: fwd pass comm collective for layer: mlp_moelayer is finished************
DEBUG_CHUNK_SIZE: size=83886080, preferred_dataset_splits=1, resulting chunk_size=83886080
DEBUG_COLLECTIVE_TYPE: layer=175, event=UNKNOWN (raw=0), size=83886080, chunk_size=83886080
DEBUG_STREAM_COUNT: chunk size is: 83886080 , size is: 83886080 , layer_num is: 175 , node: 0
DEBUG_STREAM_CREATE: Creating stream #172 for dataset id: 525 (total_streams=1)
DEBUG_STREAM_COUNT: Generated 1 streams for layer 175 (UNKNOWN), total injected: 173
info: all-gather forward pass collective issued for layer: mlp_moelayer, involved dimensions:  1, 0, 0, 0, 0, 0, 0, 0, 0, 0,
***** info: fwd pass comm collective for layer: mlp_moelayer is finished************
DEBUG_CHUNK_SIZE: size=83886080, preferred_dataset_splits=1, resulting chunk_size=83886080
DEBUG_COLLECTIVE_TYPE: layer=176, event=UNKNOWN (raw=0), size=83886080, chunk_size=83886080
DEBUG_STREAM_COUNT: chunk size is: 83886080 , size is: 83886080 , layer_num is: 176 , node: 0
DEBUG_STREAM_CREATE: Creating stream #173 for dataset id: 526 (total_streams=1)
DEBUG_STREAM_COUNT: Generated 1 streams for layer 176 (UNKNOWN), total injected: 174
info: reduce-scatter forward pass collective issued for layer: mlp_moelayer, involved dimensions:  1, 0, 0, 0, 0, 0, 0, 0, 0, 0,
***** info: fwd pass comm collective for layer: mlp_moelayer is finished************
DEBUG_CHUNK_SIZE: size=83886080, preferred_dataset_splits=1, resulting chunk_size=83886080
DEBUG_COLLECTIVE_TYPE: layer=177, event=UNKNOWN (raw=0), size=83886080, chunk_size=83886080
DEBUG_STREAM_COUNT: chunk size is: 83886080 , size is: 83886080 , layer_num is: 177 , node: 0
DEBUG_STREAM_CREATE: Creating stream #174 for dataset id: 529 (total_streams=1)
DEBUG_STREAM_COUNT: Generated 1 streams for layer 177 (UNKNOWN), total injected: 175
info: all-to-all forward pass collective issued for layer: mlp_moelayer, involved dimensions:  1, 0, 0, 0, 0, 0, 0, 0, 0, 0,
***** info: fwd pass comm collective for layer: mlp_moelayer is finished************
DEBUG_CHUNK_SIZE: size=20971520, preferred_dataset_splits=1, resulting chunk_size=20971520
DEBUG_COLLECTIVE_TYPE: layer=178, event=UNKNOWN (raw=0), size=20971520, chunk_size=20971520
DEBUG_STREAM_COUNT: chunk size is: 20971520 , size is: 20971520 , layer_num is: 178 , node: 0
DEBUG_STREAM_CREATE: Creating stream #175 for dataset id: 530 (total_streams=1)
DEBUG_STREAM_COUNT: Generated 1 streams for layer 178 (UNKNOWN), total injected: 176
info: all-to-all forward pass collective issued for layer: mlp_moelayer, involved dimensions:  1, 0, 0, 0, 0, 0, 0, 0, 0, 0,
***** info: fwd pass comm collective for layer: mlp_moelayer is finished************
DEBUG_CHUNK_SIZE: size=41943040, preferred_dataset_splits=1, resulting chunk_size=41943040
DEBUG_COLLECTIVE_TYPE: layer=179, event=UNKNOWN (raw=0), size=41943040, chunk_size=41943040
DEBUG_STREAM_COUNT: chunk size is: 41943040 , size is: 41943040 , layer_num is: 179 , node: 0
DEBUG_STREAM_CREATE: Creating stream #176 for dataset id: 533 (total_streams=1)
DEBUG_STREAM_COUNT: Generated 1 streams for layer 179 (UNKNOWN), total injected: 177
info: all-gather forward pass collective issued for layer: attention_column, involved dimensions:  1, 0, 0, 0, 0, 0, 0, 0, 0, 0,
***** info: fwd pass comm collective for layer: attention_column is finished************
DEBUG_CHUNK_SIZE: size=41943040, preferred_dataset_splits=1, resulting chunk_size=41943040
DEBUG_COLLECTIVE_TYPE: layer=180, event=UNKNOWN (raw=0), size=41943040, chunk_size=41943040
DEBUG_STREAM_COUNT: chunk size is: 41943040 , size is: 41943040 , layer_num is: 180 , node: 0
DEBUG_STREAM_CREATE: Creating stream #177 for dataset id: 534 (total_streams=1)
DEBUG_STREAM_COUNT: Generated 1 streams for layer 180 (UNKNOWN), total injected: 178
info: reduce-scatter forward pass collective issued for layer: attention_row, involved dimensions:  1, 0, 0, 0, 0, 0, 0, 0, 0, 0,
***** info: fwd pass comm collective for layer: attention_row is finished************
DEBUG_CHUNK_SIZE: size=131072, preferred_dataset_splits=1, resulting chunk_size=131072
DEBUG_COLLECTIVE_TYPE: layer=181, event=UNKNOWN (raw=0), size=131072, chunk_size=131072
DEBUG_STREAM_COUNT: chunk size is: 131072 , size is: 131072 , layer_num is: 181 , node: 0
DEBUG_STREAM_CREATE: Creating stream #178 for dataset id: 537 (total_streams=1)
DEBUG_STREAM_COUNT: Generated 1 streams for layer 181 (UNKNOWN), total injected: 179
info: all-gather forward pass collective issued for layer: mlp_moelayer, involved dimensions:  1, 0, 0, 0, 0, 0, 0, 0, 0, 0,
***** info: fwd pass comm collective for layer: mlp_moelayer is finished************
DEBUG_CHUNK_SIZE: size=20971520, preferred_dataset_splits=1, resulting chunk_size=20971520
DEBUG_COLLECTIVE_TYPE: layer=182, event=UNKNOWN (raw=0), size=20971520, chunk_size=20971520
DEBUG_STREAM_COUNT: chunk size is: 20971520 , size is: 20971520 , layer_num is: 182 , node: 0
DEBUG_STREAM_CREATE: Creating stream #179 for dataset id: 538 (total_streams=1)
DEBUG_STREAM_COUNT: Generated 1 streams for layer 182 (UNKNOWN), total injected: 180
info: all-to-all forward pass collective issued for layer: mlp_moelayer, involved dimensions:  1, 0, 0, 0, 0, 0, 0, 0, 0, 0,
***** info: fwd pass comm collective for layer: mlp_moelayer is finished************
DEBUG_CHUNK_SIZE: size=83886080, preferred_dataset_splits=1, resulting chunk_size=83886080
DEBUG_COLLECTIVE_TYPE: layer=183, event=UNKNOWN (raw=0), size=83886080, chunk_size=83886080
DEBUG_STREAM_COUNT: chunk size is: 83886080 , size is: 83886080 , layer_num is: 183 , node: 0
DEBUG_STREAM_CREATE: Creating stream #180 for dataset id: 541 (total_streams=1)
DEBUG_STREAM_COUNT: Generated 1 streams for layer 183 (UNKNOWN), total injected: 181
info: all-to-all forward pass collective issued for layer: mlp_moelayer, involved dimensions:  1, 0, 0, 0, 0, 0, 0, 0, 0, 0,
***** info: fwd pass comm collective for layer: mlp_moelayer is finished************
DEBUG_CHUNK_SIZE: size=83886080, preferred_dataset_splits=1, resulting chunk_size=83886080
DEBUG_COLLECTIVE_TYPE: layer=184, event=UNKNOWN (raw=0), size=83886080, chunk_size=83886080
DEBUG_STREAM_COUNT: chunk size is: 83886080 , size is: 83886080 , layer_num is: 184 , node: 0
DEBUG_STREAM_CREATE: Creating stream #181 for dataset id: 542 (total_streams=1)
DEBUG_STREAM_COUNT: Generated 1 streams for layer 184 (UNKNOWN), total injected: 182
info: all-gather forward pass collective issued for layer: mlp_moelayer, involved dimensions:  1, 0, 0, 0, 0, 0, 0, 0, 0, 0,
***** info: fwd pass comm collective for layer: mlp_moelayer is finished************
DEBUG_CHUNK_SIZE: size=83886080, preferred_dataset_splits=1, resulting chunk_size=83886080
DEBUG_COLLECTIVE_TYPE: layer=185, event=UNKNOWN (raw=0), size=83886080, chunk_size=83886080
DEBUG_STREAM_COUNT: chunk size is: 83886080 , size is: 83886080 , layer_num is: 185 , node: 0
DEBUG_STREAM_CREATE: Creating stream #182 for dataset id: 545 (total_streams=1)
DEBUG_STREAM_COUNT: Generated 1 streams for layer 185 (UNKNOWN), total injected: 183
info: reduce-scatter forward pass collective issued for layer: mlp_moelayer, involved dimensions:  1, 0, 0, 0, 0, 0, 0, 0, 0, 0,
***** info: fwd pass comm collective for layer: mlp_moelayer is finished************
DEBUG_CHUNK_SIZE: size=83886080, preferred_dataset_splits=1, resulting chunk_size=83886080
DEBUG_COLLECTIVE_TYPE: layer=186, event=UNKNOWN (raw=0), size=83886080, chunk_size=83886080
DEBUG_STREAM_COUNT: chunk size is: 83886080 , size is: 83886080 , layer_num is: 186 , node: 0
DEBUG_STREAM_CREATE: Creating stream #183 for dataset id: 546 (total_streams=1)
DEBUG_STREAM_COUNT: Generated 1 streams for layer 186 (UNKNOWN), total injected: 184
info: all-to-all forward pass collective issued for layer: mlp_moelayer, involved dimensions:  1, 0, 0, 0, 0, 0, 0, 0, 0, 0,
***** info: fwd pass comm collective for layer: mlp_moelayer is finished************
DEBUG_CHUNK_SIZE: size=20971520, preferred_dataset_splits=1, resulting chunk_size=20971520
DEBUG_COLLECTIVE_TYPE: layer=187, event=UNKNOWN (raw=0), size=20971520, chunk_size=20971520
DEBUG_STREAM_COUNT: chunk size is: 20971520 , size is: 20971520 , layer_num is: 187 , node: 0
DEBUG_STREAM_CREATE: Creating stream #184 for dataset id: 549 (total_streams=1)
DEBUG_STREAM_COUNT: Generated 1 streams for layer 187 (UNKNOWN), total injected: 185
info: all-to-all forward pass collective issued for layer: mlp_moelayer, involved dimensions:  1, 0, 0, 0, 0, 0, 0, 0, 0, 0,
***** info: fwd pass comm collective for layer: mlp_moelayer is finished************
DEBUG_CHUNK_SIZE: size=41943040, preferred_dataset_splits=1, resulting chunk_size=41943040
DEBUG_COLLECTIVE_TYPE: layer=188, event=UNKNOWN (raw=0), size=41943040, chunk_size=41943040
DEBUG_STREAM_COUNT: chunk size is: 41943040 , size is: 41943040 , layer_num is: 188 , node: 0
DEBUG_STREAM_CREATE: Creating stream #185 for dataset id: 550 (total_streams=1)
DEBUG_STREAM_COUNT: Generated 1 streams for layer 188 (UNKNOWN), total injected: 186
info: all-gather forward pass collective issued for layer: attention_column, involved dimensions:  1, 0, 0, 0, 0, 0, 0, 0, 0, 0,
***** info: fwd pass comm collective for layer: attention_column is finished************
DEBUG_CHUNK_SIZE: size=41943040, preferred_dataset_splits=1, resulting chunk_size=41943040
DEBUG_COLLECTIVE_TYPE: layer=189, event=UNKNOWN (raw=0), size=41943040, chunk_size=41943040
DEBUG_STREAM_COUNT: chunk size is: 41943040 , size is: 41943040 , layer_num is: 189 , node: 0
DEBUG_STREAM_CREATE: Creating stream #186 for dataset id: 553 (total_streams=1)
DEBUG_STREAM_COUNT: Generated 1 streams for layer 189 (UNKNOWN), total injected: 187
info: reduce-scatter forward pass collective issued for layer: attention_row, involved dimensions:  1, 0, 0, 0, 0, 0, 0, 0, 0, 0,
***** info: fwd pass comm collective for layer: attention_row is finished************
DEBUG_CHUNK_SIZE: size=131072, preferred_dataset_splits=1, resulting chunk_size=131072
DEBUG_COLLECTIVE_TYPE: layer=190, event=UNKNOWN (raw=0), size=131072, chunk_size=131072
DEBUG_STREAM_COUNT: chunk size is: 131072 , size is: 131072 , layer_num is: 190 , node: 0
DEBUG_STREAM_CREATE: Creating stream #187 for dataset id: 554 (total_streams=1)
DEBUG_STREAM_COUNT: Generated 1 streams for layer 190 (UNKNOWN), total injected: 188
info: all-gather forward pass collective issued for layer: mlp_moelayer, involved dimensions:  1, 0, 0, 0, 0, 0, 0, 0, 0, 0,
***** info: fwd pass comm collective for layer: mlp_moelayer is finished************
DEBUG_CHUNK_SIZE: size=20971520, preferred_dataset_splits=1, resulting chunk_size=20971520
DEBUG_COLLECTIVE_TYPE: layer=191, event=UNKNOWN (raw=0), size=20971520, chunk_size=20971520
DEBUG_STREAM_COUNT: chunk size is: 20971520 , size is: 20971520 , layer_num is: 191 , node: 0
DEBUG_STREAM_CREATE: Creating stream #188 for dataset id: 557 (total_streams=1)
DEBUG_STREAM_COUNT: Generated 1 streams for layer 191 (UNKNOWN), total injected: 189
info: all-to-all forward pass collective issued for layer: mlp_moelayer, involved dimensions:  1, 0, 0, 0, 0, 0, 0, 0, 0, 0,
***** info: fwd pass comm collective for layer: mlp_moelayer is finished************
DEBUG_CHUNK_SIZE: size=83886080, preferred_dataset_splits=1, resulting chunk_size=83886080
DEBUG_COLLECTIVE_TYPE: layer=192, event=UNKNOWN (raw=0), size=83886080, chunk_size=83886080
DEBUG_STREAM_COUNT: chunk size is: 83886080 , size is: 83886080 , layer_num is: 192 , node: 0
DEBUG_STREAM_CREATE: Creating stream #189 for dataset id: 558 (total_streams=1)
DEBUG_STREAM_COUNT: Generated 1 streams for layer 192 (UNKNOWN), total injected: 190
info: all-to-all forward pass collective issued for layer: mlp_moelayer, involved dimensions:  1, 0, 0, 0, 0, 0, 0, 0, 0, 0,
***** info: fwd pass comm collective for layer: mlp_moelayer is finished************
DEBUG_CHUNK_SIZE: size=83886080, preferred_dataset_splits=1, resulting chunk_size=83886080
DEBUG_COLLECTIVE_TYPE: layer=193, event=UNKNOWN (raw=0), size=83886080, chunk_size=83886080
DEBUG_STREAM_COUNT: chunk size is: 83886080 , size is: 83886080 , layer_num is: 193 , node: 0
DEBUG_STREAM_CREATE: Creating stream #190 for dataset id: 561 (total_streams=1)
DEBUG_STREAM_COUNT: Generated 1 streams for layer 193 (UNKNOWN), total injected: 191
info: all-gather forward pass collective issued for layer: mlp_moelayer, involved dimensions:  1, 0, 0, 0, 0, 0, 0, 0, 0, 0,
***** info: fwd pass comm collective for layer: mlp_moelayer is finished************
DEBUG_CHUNK_SIZE: size=83886080, preferred_dataset_splits=1, resulting chunk_size=83886080
DEBUG_COLLECTIVE_TYPE: layer=194, event=UNKNOWN (raw=0), size=83886080, chunk_size=83886080
DEBUG_STREAM_COUNT: chunk size is: 83886080 , size is: 83886080 , layer_num is: 194 , node: 0
DEBUG_STREAM_CREATE: Creating stream #191 for dataset id: 562 (total_streams=1)
DEBUG_STREAM_COUNT: Generated 1 streams for layer 194 (UNKNOWN), total injected: 192
info: reduce-scatter forward pass collective issued for layer: mlp_moelayer, involved dimensions:  1, 0, 0, 0, 0, 0, 0, 0, 0, 0,
***** info: fwd pass comm collective for layer: mlp_moelayer is finished************
DEBUG_CHUNK_SIZE: size=83886080, preferred_dataset_splits=1, resulting chunk_size=83886080
DEBUG_COLLECTIVE_TYPE: layer=195, event=UNKNOWN (raw=0), size=83886080, chunk_size=83886080
DEBUG_STREAM_COUNT: chunk size is: 83886080 , size is: 83886080 , layer_num is: 195 , node: 0
DEBUG_STREAM_CREATE: Creating stream #192 for dataset id: 565 (total_streams=1)
DEBUG_STREAM_COUNT: Generated 1 streams for layer 195 (UNKNOWN), total injected: 193
info: all-to-all forward pass collective issued for layer: mlp_moelayer, involved dimensions:  1, 0, 0, 0, 0, 0, 0, 0, 0, 0,
***** info: fwd pass comm collective for layer: mlp_moelayer is finished************
DEBUG_CHUNK_SIZE: size=20971520, preferred_dataset_splits=1, resulting chunk_size=20971520
DEBUG_COLLECTIVE_TYPE: layer=196, event=UNKNOWN (raw=0), size=20971520, chunk_size=20971520
DEBUG_STREAM_COUNT: chunk size is: 20971520 , size is: 20971520 , layer_num is: 196 , node: 0
DEBUG_STREAM_CREATE: Creating stream #193 for dataset id: 566 (total_streams=1)
DEBUG_STREAM_COUNT: Generated 1 streams for layer 196 (UNKNOWN), total injected: 194
info: all-to-all forward pass collective issued for layer: mlp_moelayer, involved dimensions:  1, 0, 0, 0, 0, 0, 0, 0, 0, 0,
***** info: fwd pass comm collective for layer: mlp_moelayer is finished************
DEBUG_CHUNK_SIZE: size=41943040, preferred_dataset_splits=1, resulting chunk_size=41943040
DEBUG_COLLECTIVE_TYPE: layer=197, event=UNKNOWN (raw=0), size=41943040, chunk_size=41943040
DEBUG_STREAM_COUNT: chunk size is: 41943040 , size is: 41943040 , layer_num is: 197 , node: 0
DEBUG_STREAM_CREATE: Creating stream #194 for dataset id: 569 (total_streams=1)
DEBUG_STREAM_COUNT: Generated 1 streams for layer 197 (UNKNOWN), total injected: 195
info: all-gather forward pass collective issued for layer: attention_column, involved dimensions:  1, 0, 0, 0, 0, 0, 0, 0, 0, 0,
***** info: fwd pass comm collective for layer: attention_column is finished************
DEBUG_CHUNK_SIZE: size=41943040, preferred_dataset_splits=1, resulting chunk_size=41943040
DEBUG_COLLECTIVE_TYPE: layer=198, event=UNKNOWN (raw=0), size=41943040, chunk_size=41943040
DEBUG_STREAM_COUNT: chunk size is: 41943040 , size is: 41943040 , layer_num is: 198 , node: 0
DEBUG_STREAM_CREATE: Creating stream #195 for dataset id: 570 (total_streams=1)
DEBUG_STREAM_COUNT: Generated 1 streams for layer 198 (UNKNOWN), total injected: 196
info: reduce-scatter forward pass collective issued for layer: attention_row, involved dimensions:  1, 0, 0, 0, 0, 0, 0, 0, 0, 0,
***** info: fwd pass comm collective for layer: attention_row is finished************
DEBUG_CHUNK_SIZE: size=131072, preferred_dataset_splits=1, resulting chunk_size=131072
DEBUG_COLLECTIVE_TYPE: layer=199, event=UNKNOWN (raw=0), size=131072, chunk_size=131072
DEBUG_STREAM_COUNT: chunk size is: 131072 , size is: 131072 , layer_num is: 199 , node: 0
DEBUG_STREAM_CREATE: Creating stream #196 for dataset id: 573 (total_streams=1)
DEBUG_STREAM_COUNT: Generated 1 streams for layer 199 (UNKNOWN), total injected: 197
info: all-gather forward pass collective issued for layer: mlp_moelayer, involved dimensions:  1, 0, 0, 0, 0, 0, 0, 0, 0, 0,
***** info: fwd pass comm collective for layer: mlp_moelayer is finished************
DEBUG_CHUNK_SIZE: size=20971520, preferred_dataset_splits=1, resulting chunk_size=20971520
DEBUG_COLLECTIVE_TYPE: layer=200, event=UNKNOWN (raw=0), size=20971520, chunk_size=20971520
DEBUG_STREAM_COUNT: chunk size is: 20971520 , size is: 20971520 , layer_num is: 200 , node: 0
DEBUG_STREAM_CREATE: Creating stream #197 for dataset id: 574 (total_streams=1)
DEBUG_STREAM_COUNT: Generated 1 streams for layer 200 (UNKNOWN), total injected: 198
info: all-to-all forward pass collective issued for layer: mlp_moelayer, involved dimensions:  1, 0, 0, 0, 0, 0, 0, 0, 0, 0,
***** info: fwd pass comm collective for layer: mlp_moelayer is finished************
DEBUG_CHUNK_SIZE: size=83886080, preferred_dataset_splits=1, resulting chunk_size=83886080
DEBUG_COLLECTIVE_TYPE: layer=201, event=UNKNOWN (raw=0), size=83886080, chunk_size=83886080
DEBUG_STREAM_COUNT: chunk size is: 83886080 , size is: 83886080 , layer_num is: 201 , node: 0
DEBUG_STREAM_CREATE: Creating stream #198 for dataset id: 577 (total_streams=1)
DEBUG_STREAM_COUNT: Generated 1 streams for layer 201 (UNKNOWN), total injected: 199
info: all-to-all forward pass collective issued for layer: mlp_moelayer, involved dimensions:  1, 0, 0, 0, 0, 0, 0, 0, 0, 0,
***** info: fwd pass comm collective for layer: mlp_moelayer is finished************
DEBUG_CHUNK_SIZE: size=83886080, preferred_dataset_splits=1, resulting chunk_size=83886080
DEBUG_COLLECTIVE_TYPE: layer=202, event=UNKNOWN (raw=0), size=83886080, chunk_size=83886080
DEBUG_STREAM_COUNT: chunk size is: 83886080 , size is: 83886080 , layer_num is: 202 , node: 0
DEBUG_STREAM_CREATE: Creating stream #199 for dataset id: 578 (total_streams=1)
DEBUG_STREAM_COUNT: Generated 1 streams for layer 202 (UNKNOWN), total injected: 200
info: all-gather forward pass collective issued for layer: mlp_moelayer, involved dimensions:  1, 0, 0, 0, 0, 0, 0, 0, 0, 0,
***** info: fwd pass comm collective for layer: mlp_moelayer is finished************
DEBUG_CHUNK_SIZE: size=83886080, preferred_dataset_splits=1, resulting chunk_size=83886080
DEBUG_COLLECTIVE_TYPE: layer=203, event=UNKNOWN (raw=0), size=83886080, chunk_size=83886080
DEBUG_STREAM_COUNT: chunk size is: 83886080 , size is: 83886080 , layer_num is: 203 , node: 0
DEBUG_STREAM_CREATE: Creating stream #200 for dataset id: 581 (total_streams=1)
DEBUG_STREAM_COUNT: Generated 1 streams for layer 203 (UNKNOWN), total injected: 201
info: reduce-scatter forward pass collective issued for layer: mlp_moelayer, involved dimensions:  1, 0, 0, 0, 0, 0, 0, 0, 0, 0,
***** info: fwd pass comm collective for layer: mlp_moelayer is finished************
DEBUG_CHUNK_SIZE: size=83886080, preferred_dataset_splits=1, resulting chunk_size=83886080
DEBUG_COLLECTIVE_TYPE: layer=204, event=UNKNOWN (raw=0), size=83886080, chunk_size=83886080
DEBUG_STREAM_COUNT: chunk size is: 83886080 , size is: 83886080 , layer_num is: 204 , node: 0
DEBUG_STREAM_CREATE: Creating stream #201 for dataset id: 582 (total_streams=1)
DEBUG_STREAM_COUNT: Generated 1 streams for layer 204 (UNKNOWN), total injected: 202
info: all-to-all forward pass collective issued for layer: mlp_moelayer, involved dimensions:  1, 0, 0, 0, 0, 0, 0, 0, 0, 0,
***** info: fwd pass comm collective for layer: mlp_moelayer is finished************
DEBUG_CHUNK_SIZE: size=20971520, preferred_dataset_splits=1, resulting chunk_size=20971520
DEBUG_COLLECTIVE_TYPE: layer=205, event=UNKNOWN (raw=0), size=20971520, chunk_size=20971520
DEBUG_STREAM_COUNT: chunk size is: 20971520 , size is: 20971520 , layer_num is: 205 , node: 0
DEBUG_STREAM_CREATE: Creating stream #202 for dataset id: 585 (total_streams=1)
DEBUG_STREAM_COUNT: Generated 1 streams for layer 205 (UNKNOWN), total injected: 203
info: all-to-all forward pass collective issued for layer: mlp_moelayer, involved dimensions:  1, 0, 0, 0, 0, 0, 0, 0, 0, 0,
***** info: fwd pass comm collective for layer: mlp_moelayer is finished************
DEBUG_CHUNK_SIZE: size=41943040, preferred_dataset_splits=1, resulting chunk_size=41943040
DEBUG_COLLECTIVE_TYPE: layer=206, event=UNKNOWN (raw=0), size=41943040, chunk_size=41943040
DEBUG_STREAM_COUNT: chunk size is: 41943040 , size is: 41943040 , layer_num is: 206 , node: 0
DEBUG_STREAM_CREATE: Creating stream #203 for dataset id: 586 (total_streams=1)
DEBUG_STREAM_COUNT: Generated 1 streams for layer 206 (UNKNOWN), total injected: 204
info: all-gather forward pass collective issued for layer: attention_column, involved dimensions:  1, 0, 0, 0, 0, 0, 0, 0, 0, 0,
***** info: fwd pass comm collective for layer: attention_column is finished************
DEBUG_CHUNK_SIZE: size=41943040, preferred_dataset_splits=1, resulting chunk_size=41943040
DEBUG_COLLECTIVE_TYPE: layer=207, event=UNKNOWN (raw=0), size=41943040, chunk_size=41943040
DEBUG_STREAM_COUNT: chunk size is: 41943040 , size is: 41943040 , layer_num is: 207 , node: 0
DEBUG_STREAM_CREATE: Creating stream #204 for dataset id: 589 (total_streams=1)
DEBUG_STREAM_COUNT: Generated 1 streams for layer 207 (UNKNOWN), total injected: 205
info: reduce-scatter forward pass collective issued for layer: attention_row, involved dimensions:  1, 0, 0, 0, 0, 0, 0, 0, 0, 0,
***** info: fwd pass comm collective for layer: attention_row is finished************
DEBUG_CHUNK_SIZE: size=131072, preferred_dataset_splits=1, resulting chunk_size=131072
DEBUG_COLLECTIVE_TYPE: layer=208, event=UNKNOWN (raw=0), size=131072, chunk_size=131072
DEBUG_STREAM_COUNT: chunk size is: 131072 , size is: 131072 , layer_num is: 208 , node: 0
DEBUG_STREAM_CREATE: Creating stream #205 for dataset id: 590 (total_streams=1)
DEBUG_STREAM_COUNT: Generated 1 streams for layer 208 (UNKNOWN), total injected: 206
info: all-gather forward pass collective issued for layer: mlp_moelayer, involved dimensions:  1, 0, 0, 0, 0, 0, 0, 0, 0, 0,
***** info: fwd pass comm collective for layer: mlp_moelayer is finished************
DEBUG_CHUNK_SIZE: size=20971520, preferred_dataset_splits=1, resulting chunk_size=20971520
DEBUG_COLLECTIVE_TYPE: layer=209, event=UNKNOWN (raw=0), size=20971520, chunk_size=20971520
DEBUG_STREAM_COUNT: chunk size is: 20971520 , size is: 20971520 , layer_num is: 209 , node: 0
DEBUG_STREAM_CREATE: Creating stream #206 for dataset id: 593 (total_streams=1)
DEBUG_STREAM_COUNT: Generated 1 streams for layer 209 (UNKNOWN), total injected: 207
info: all-to-all forward pass collective issued for layer: mlp_moelayer, involved dimensions:  1, 0, 0, 0, 0, 0, 0, 0, 0, 0,
***** info: fwd pass comm collective for layer: mlp_moelayer is finished************
DEBUG_CHUNK_SIZE: size=83886080, preferred_dataset_splits=1, resulting chunk_size=83886080
DEBUG_COLLECTIVE_TYPE: layer=210, event=UNKNOWN (raw=0), size=83886080, chunk_size=83886080
DEBUG_STREAM_COUNT: chunk size is: 83886080 , size is: 83886080 , layer_num is: 210 , node: 0
DEBUG_STREAM_CREATE: Creating stream #207 for dataset id: 594 (total_streams=1)
DEBUG_STREAM_COUNT: Generated 1 streams for layer 210 (UNKNOWN), total injected: 208
info: all-to-all forward pass collective issued for layer: mlp_moelayer, involved dimensions:  1, 0, 0, 0, 0, 0, 0, 0, 0, 0,
***** info: fwd pass comm collective for layer: mlp_moelayer is finished************
DEBUG_CHUNK_SIZE: size=83886080, preferred_dataset_splits=1, resulting chunk_size=83886080
DEBUG_COLLECTIVE_TYPE: layer=211, event=UNKNOWN (raw=0), size=83886080, chunk_size=83886080
DEBUG_STREAM_COUNT: chunk size is: 83886080 , size is: 83886080 , layer_num is: 211 , node: 0
DEBUG_STREAM_CREATE: Creating stream #208 for dataset id: 597 (total_streams=1)
DEBUG_STREAM_COUNT: Generated 1 streams for layer 211 (UNKNOWN), total injected: 209
info: all-gather forward pass collective issued for layer: mlp_moelayer, involved dimensions:  1, 0, 0, 0, 0, 0, 0, 0, 0, 0,
***** info: fwd pass comm collective for layer: mlp_moelayer is finished************
DEBUG_CHUNK_SIZE: size=83886080, preferred_dataset_splits=1, resulting chunk_size=83886080
DEBUG_COLLECTIVE_TYPE: layer=212, event=UNKNOWN (raw=0), size=83886080, chunk_size=83886080
DEBUG_STREAM_COUNT: chunk size is: 83886080 , size is: 83886080 , layer_num is: 212 , node: 0
DEBUG_STREAM_CREATE: Creating stream #209 for dataset id: 598 (total_streams=1)
DEBUG_STREAM_COUNT: Generated 1 streams for layer 212 (UNKNOWN), total injected: 210
info: reduce-scatter forward pass collective issued for layer: mlp_moelayer, involved dimensions:  1, 0, 0, 0, 0, 0, 0, 0, 0, 0,
***** info: fwd pass comm collective for layer: mlp_moelayer is finished************
DEBUG_CHUNK_SIZE: size=83886080, preferred_dataset_splits=1, resulting chunk_size=83886080
DEBUG_COLLECTIVE_TYPE: layer=213, event=UNKNOWN (raw=0), size=83886080, chunk_size=83886080
DEBUG_STREAM_COUNT: chunk size is: 83886080 , size is: 83886080 , layer_num is: 213 , node: 0
DEBUG_STREAM_CREATE: Creating stream #210 for dataset id: 601 (total_streams=1)
DEBUG_STREAM_COUNT: Generated 1 streams for layer 213 (UNKNOWN), total injected: 211
info: all-to-all forward pass collective issued for layer: mlp_moelayer, involved dimensions:  1, 0, 0, 0, 0, 0, 0, 0, 0, 0,
***** info: fwd pass comm collective for layer: mlp_moelayer is finished************
DEBUG_CHUNK_SIZE: size=20971520, preferred_dataset_splits=1, resulting chunk_size=20971520
DEBUG_COLLECTIVE_TYPE: layer=214, event=UNKNOWN (raw=0), size=20971520, chunk_size=20971520
DEBUG_STREAM_COUNT: chunk size is: 20971520 , size is: 20971520 , layer_num is: 214 , node: 0
DEBUG_STREAM_CREATE: Creating stream #211 for dataset id: 602 (total_streams=1)
DEBUG_STREAM_COUNT: Generated 1 streams for layer 214 (UNKNOWN), total injected: 212
info: all-to-all forward pass collective issued for layer: mlp_moelayer, involved dimensions:  1, 0, 0, 0, 0, 0, 0, 0, 0, 0,
***** info: fwd pass comm collective for layer: mlp_moelayer is finished************
DEBUG_CHUNK_SIZE: size=41943040, preferred_dataset_splits=1, resulting chunk_size=41943040
DEBUG_COLLECTIVE_TYPE: layer=215, event=UNKNOWN (raw=0), size=41943040, chunk_size=41943040
DEBUG_STREAM_COUNT: chunk size is: 41943040 , size is: 41943040 , layer_num is: 215 , node: 0
DEBUG_STREAM_CREATE: Creating stream #212 for dataset id: 605 (total_streams=1)
DEBUG_STREAM_COUNT: Generated 1 streams for layer 215 (UNKNOWN), total injected: 213
info: all-gather forward pass collective issued for layer: attention_column, involved dimensions:  1, 0, 0, 0, 0, 0, 0, 0, 0, 0,
***** info: fwd pass comm collective for layer: attention_column is finished************
DEBUG_CHUNK_SIZE: size=41943040, preferred_dataset_splits=1, resulting chunk_size=41943040
DEBUG_COLLECTIVE_TYPE: layer=216, event=UNKNOWN (raw=0), size=41943040, chunk_size=41943040
DEBUG_STREAM_COUNT: chunk size is: 41943040 , size is: 41943040 , layer_num is: 216 , node: 0
DEBUG_STREAM_CREATE: Creating stream #213 for dataset id: 606 (total_streams=1)
DEBUG_STREAM_COUNT: Generated 1 streams for layer 216 (UNKNOWN), total injected: 214
info: reduce-scatter forward pass collective issued for layer: attention_row, involved dimensions:  1, 0, 0, 0, 0, 0, 0, 0, 0, 0,
***** info: fwd pass comm collective for layer: attention_row is finished************
DEBUG_CHUNK_SIZE: size=131072, preferred_dataset_splits=1, resulting chunk_size=131072
DEBUG_COLLECTIVE_TYPE: layer=217, event=UNKNOWN (raw=0), size=131072, chunk_size=131072
DEBUG_STREAM_COUNT: chunk size is: 131072 , size is: 131072 , layer_num is: 217 , node: 0
DEBUG_STREAM_CREATE: Creating stream #214 for dataset id: 609 (total_streams=1)
DEBUG_STREAM_COUNT: Generated 1 streams for layer 217 (UNKNOWN), total injected: 215
info: all-gather forward pass collective issued for layer: mlp_moelayer, involved dimensions:  1, 0, 0, 0, 0, 0, 0, 0, 0, 0,
***** info: fwd pass comm collective for layer: mlp_moelayer is finished************
DEBUG_CHUNK_SIZE: size=20971520, preferred_dataset_splits=1, resulting chunk_size=20971520
DEBUG_COLLECTIVE_TYPE: layer=218, event=UNKNOWN (raw=0), size=20971520, chunk_size=20971520
DEBUG_STREAM_COUNT: chunk size is: 20971520 , size is: 20971520 , layer_num is: 218 , node: 0
DEBUG_STREAM_CREATE: Creating stream #215 for dataset id: 610 (total_streams=1)
DEBUG_STREAM_COUNT: Generated 1 streams for layer 218 (UNKNOWN), total injected: 216
info: all-to-all forward pass collective issued for layer: mlp_moelayer, involved dimensions:  1, 0, 0, 0, 0, 0, 0, 0, 0, 0,
***** info: fwd pass comm collective for layer: mlp_moelayer is finished************
DEBUG_CHUNK_SIZE: size=83886080, preferred_dataset_splits=1, resulting chunk_size=83886080
DEBUG_COLLECTIVE_TYPE: layer=219, event=UNKNOWN (raw=0), size=83886080, chunk_size=83886080
DEBUG_STREAM_COUNT: chunk size is: 83886080 , size is: 83886080 , layer_num is: 219 , node: 0
DEBUG_STREAM_CREATE: Creating stream #216 for dataset id: 613 (total_streams=1)
DEBUG_STREAM_COUNT: Generated 1 streams for layer 219 (UNKNOWN), total injected: 217
info: all-to-all forward pass collective issued for layer: mlp_moelayer, involved dimensions:  1, 0, 0, 0, 0, 0, 0, 0, 0, 0,
***** info: fwd pass comm collective for layer: mlp_moelayer is finished************
DEBUG_CHUNK_SIZE: size=83886080, preferred_dataset_splits=1, resulting chunk_size=83886080
DEBUG_COLLECTIVE_TYPE: layer=220, event=UNKNOWN (raw=0), size=83886080, chunk_size=83886080
DEBUG_STREAM_COUNT: chunk size is: 83886080 , size is: 83886080 , layer_num is: 220 , node: 0
DEBUG_STREAM_CREATE: Creating stream #217 for dataset id: 614 (total_streams=1)
DEBUG_STREAM_COUNT: Generated 1 streams for layer 220 (UNKNOWN), total injected: 218
info: all-gather forward pass collective issued for layer: mlp_moelayer, involved dimensions:  1, 0, 0, 0, 0, 0, 0, 0, 0, 0,
***** info: fwd pass comm collective for layer: mlp_moelayer is finished************
DEBUG_CHUNK_SIZE: size=83886080, preferred_dataset_splits=1, resulting chunk_size=83886080
DEBUG_COLLECTIVE_TYPE: layer=221, event=UNKNOWN (raw=0), size=83886080, chunk_size=83886080
DEBUG_STREAM_COUNT: chunk size is: 83886080 , size is: 83886080 , layer_num is: 221 , node: 0
DEBUG_STREAM_CREATE: Creating stream #218 for dataset id: 617 (total_streams=1)
DEBUG_STREAM_COUNT: Generated 1 streams for layer 221 (UNKNOWN), total injected: 219
info: reduce-scatter forward pass collective issued for layer: mlp_moelayer, involved dimensions:  1, 0, 0, 0, 0, 0, 0, 0, 0, 0,
***** info: fwd pass comm collective for layer: mlp_moelayer is finished************
DEBUG_CHUNK_SIZE: size=83886080, preferred_dataset_splits=1, resulting chunk_size=83886080
DEBUG_COLLECTIVE_TYPE: layer=222, event=UNKNOWN (raw=0), size=83886080, chunk_size=83886080
DEBUG_STREAM_COUNT: chunk size is: 83886080 , size is: 83886080 , layer_num is: 222 , node: 0
DEBUG_STREAM_CREATE: Creating stream #219 for dataset id: 618 (total_streams=1)
DEBUG_STREAM_COUNT: Generated 1 streams for layer 222 (UNKNOWN), total injected: 220
info: all-to-all forward pass collective issued for layer: mlp_moelayer, involved dimensions:  1, 0, 0, 0, 0, 0, 0, 0, 0, 0,
***** info: fwd pass comm collective for layer: mlp_moelayer is finished************
DEBUG_CHUNK_SIZE: size=20971520, preferred_dataset_splits=1, resulting chunk_size=20971520
DEBUG_COLLECTIVE_TYPE: layer=223, event=UNKNOWN (raw=0), size=20971520, chunk_size=20971520
DEBUG_STREAM_COUNT: chunk size is: 20971520 , size is: 20971520 , layer_num is: 223 , node: 0
DEBUG_STREAM_CREATE: Creating stream #220 for dataset id: 621 (total_streams=1)
DEBUG_STREAM_COUNT: Generated 1 streams for layer 223 (UNKNOWN), total injected: 221
info: all-to-all forward pass collective issued for layer: mlp_moelayer, involved dimensions:  1, 0, 0, 0, 0, 0, 0, 0, 0, 0,
***** info: fwd pass comm collective for layer: mlp_moelayer is finished************
DEBUG_CHUNK_SIZE: size=41943040, preferred_dataset_splits=1, resulting chunk_size=41943040
DEBUG_COLLECTIVE_TYPE: layer=224, event=UNKNOWN (raw=0), size=41943040, chunk_size=41943040
DEBUG_STREAM_COUNT: chunk size is: 41943040 , size is: 41943040 , layer_num is: 224 , node: 0
DEBUG_STREAM_CREATE: Creating stream #221 for dataset id: 622 (total_streams=1)
DEBUG_STREAM_COUNT: Generated 1 streams for layer 224 (UNKNOWN), total injected: 222
info: all-gather forward pass collective issued for layer: final_column, involved dimensions:  1, 0, 0, 0, 0, 0, 0, 0, 0, 0,
***** info: fwd pass comm collective for layer: final_column is finished************
DEBUG_CHUNK_SIZE: size=327680000, preferred_dataset_splits=1, resulting chunk_size=327680000
DEBUG_COLLECTIVE_TYPE: layer=225, event=UNKNOWN (raw=0), size=327680000, chunk_size=327680000
DEBUG_STREAM_COUNT: chunk size is: 327680000 , size is: 327680000 , layer_num is: 225 , node: 0
DEBUG_STREAM_CREATE: Creating stream #222 for dataset id: 625 (total_streams=1)
DEBUG_STREAM_COUNT: Generated 1 streams for layer 225 (UNKNOWN), total injected: 223
info: all-reduce forward pass collective issued for layer: embedding_norm, involved dimensions:  1, 0, 0, 0, 0, 0, 0, 0, 0, 0,
***** info: fwd pass comm collective for layer: embedding_norm is finished************
info: no forward pass collective for layer: embedding_layer
DEBUG_CHUNK_SIZE: size=41943040, preferred_dataset_splits=1, resulting chunk_size=41943040
DEBUG_COLLECTIVE_TYPE: layer=227, event=UNKNOWN (raw=0), size=41943040, chunk_size=41943040
DEBUG_STREAM_COUNT: chunk size is: 41943040 , size is: 41943040 , layer_num is: 227 , node: 0
DEBUG_STREAM_CREATE: Creating stream #223 for dataset id: 627 (total_streams=1)
DEBUG_STREAM_COUNT: Generated 1 streams for layer 227 (UNKNOWN), total injected: 224
info: all-gather forward pass collective issued for layer: attention_column, involved dimensions:  1, 0, 0, 0, 0, 0, 0, 0, 0, 0,
***** info: fwd pass comm collective for layer: attention_column is finished************
DEBUG_CHUNK_SIZE: size=41943040, preferred_dataset_splits=1, resulting chunk_size=41943040
DEBUG_COLLECTIVE_TYPE: layer=228, event=UNKNOWN (raw=0), size=41943040, chunk_size=41943040
DEBUG_STREAM_COUNT: chunk size is: 41943040 , size is: 41943040 , layer_num is: 228 , node: 0
DEBUG_STREAM_CREATE: Creating stream #224 for dataset id: 628 (total_streams=1)
DEBUG_STREAM_COUNT: Generated 1 streams for layer 228 (UNKNOWN), total injected: 225
info: reduce-scatter forward pass collective issued for layer: attention_row, involved dimensions:  1, 0, 0, 0, 0, 0, 0, 0, 0, 0,
***** info: fwd pass comm collective for layer: attention_row is finished************
DEBUG_CHUNK_SIZE: size=131072, preferred_dataset_splits=1, resulting chunk_size=131072
DEBUG_COLLECTIVE_TYPE: layer=229, event=UNKNOWN (raw=0), size=131072, chunk_size=131072
DEBUG_STREAM_COUNT: chunk size is: 131072 , size is: 131072 , layer_num is: 229 , node: 0
DEBUG_STREAM_CREATE: Creating stream #225 for dataset id: 631 (total_streams=1)
DEBUG_STREAM_COUNT: Generated 1 streams for layer 229 (UNKNOWN), total injected: 226
info: all-gather forward pass collective issued for layer: mlp_moelayer, involved dimensions:  1, 0, 0, 0, 0, 0, 0, 0, 0, 0,
***** info: fwd pass comm collective for layer: mlp_moelayer is finished************
DEBUG_CHUNK_SIZE: size=20971520, preferred_dataset_splits=1, resulting chunk_size=20971520
DEBUG_COLLECTIVE_TYPE: layer=230, event=UNKNOWN (raw=0), size=20971520, chunk_size=20971520
DEBUG_STREAM_COUNT: chunk size is: 20971520 , size is: 20971520 , layer_num is: 230 , node: 0
DEBUG_STREAM_CREATE: Creating stream #226 for dataset id: 632 (total_streams=1)
DEBUG_STREAM_COUNT: Generated 1 streams for layer 230 (UNKNOWN), total injected: 227
info: all-to-all forward pass collective issued for layer: mlp_moelayer, involved dimensions:  1, 0, 0, 0, 0, 0, 0, 0, 0, 0,
***** info: fwd pass comm collective for layer: mlp_moelayer is finished************
DEBUG_CHUNK_SIZE: size=83886080, preferred_dataset_splits=1, resulting chunk_size=83886080
DEBUG_COLLECTIVE_TYPE: layer=231, event=UNKNOWN (raw=0), size=83886080, chunk_size=83886080
DEBUG_STREAM_COUNT: chunk size is: 83886080 , size is: 83886080 , layer_num is: 231 , node: 0
DEBUG_STREAM_CREATE: Creating stream #227 for dataset id: 635 (total_streams=1)
DEBUG_STREAM_COUNT: Generated 1 streams for layer 231 (UNKNOWN), total injected: 228
info: all-to-all forward pass collective issued for layer: mlp_moelayer, involved dimensions:  1, 0, 0, 0, 0, 0, 0, 0, 0, 0,
***** info: fwd pass comm collective for layer: mlp_moelayer is finished************
DEBUG_CHUNK_SIZE: size=83886080, preferred_dataset_splits=1, resulting chunk_size=83886080
DEBUG_COLLECTIVE_TYPE: layer=232, event=UNKNOWN (raw=0), size=83886080, chunk_size=83886080
DEBUG_STREAM_COUNT: chunk size is: 83886080 , size is: 83886080 , layer_num is: 232 , node: 0
DEBUG_STREAM_CREATE: Creating stream #228 for dataset id: 636 (total_streams=1)
DEBUG_STREAM_COUNT: Generated 1 streams for layer 232 (UNKNOWN), total injected: 229
info: all-gather forward pass collective issued for layer: mlp_moelayer, involved dimensions:  1, 0, 0, 0, 0, 0, 0, 0, 0, 0,
***** info: fwd pass comm collective for layer: mlp_moelayer is finished************
DEBUG_CHUNK_SIZE: size=83886080, preferred_dataset_splits=1, resulting chunk_size=83886080
DEBUG_COLLECTIVE_TYPE: layer=233, event=UNKNOWN (raw=0), size=83886080, chunk_size=83886080
DEBUG_STREAM_COUNT: chunk size is: 83886080 , size is: 83886080 , layer_num is: 233 , node: 0
DEBUG_STREAM_CREATE: Creating stream #229 for dataset id: 639 (total_streams=1)
DEBUG_STREAM_COUNT: Generated 1 streams for layer 233 (UNKNOWN), total injected: 230
info: reduce-scatter forward pass collective issued for layer: mlp_moelayer, involved dimensions:  1, 0, 0, 0, 0, 0, 0, 0, 0, 0,
***** info: fwd pass comm collective for layer: mlp_moelayer is finished************
DEBUG_CHUNK_SIZE: size=83886080, preferred_dataset_splits=1, resulting chunk_size=83886080
DEBUG_COLLECTIVE_TYPE: layer=234, event=UNKNOWN (raw=0), size=83886080, chunk_size=83886080
DEBUG_STREAM_COUNT: chunk size is: 83886080 , size is: 83886080 , layer_num is: 234 , node: 0
DEBUG_STREAM_CREATE: Creating stream #230 for dataset id: 640 (total_streams=1)
DEBUG_STREAM_COUNT: Generated 1 streams for layer 234 (UNKNOWN), total injected: 231
info: all-to-all forward pass collective issued for layer: mlp_moelayer, involved dimensions:  1, 0, 0, 0, 0, 0, 0, 0, 0, 0,
***** info: fwd pass comm collective for layer: mlp_moelayer is finished************
DEBUG_CHUNK_SIZE: size=20971520, preferred_dataset_splits=1, resulting chunk_size=20971520
DEBUG_COLLECTIVE_TYPE: layer=235, event=UNKNOWN (raw=0), size=20971520, chunk_size=20971520
DEBUG_STREAM_COUNT: chunk size is: 20971520 , size is: 20971520 , layer_num is: 235 , node: 0
DEBUG_STREAM_CREATE: Creating stream #231 for dataset id: 643 (total_streams=1)
DEBUG_STREAM_COUNT: Generated 1 streams for layer 235 (UNKNOWN), total injected: 232
info: all-to-all forward pass collective issued for layer: mlp_moelayer, involved dimensions:  1, 0, 0, 0, 0, 0, 0, 0, 0, 0,
***** info: fwd pass comm collective for layer: mlp_moelayer is finished************
DEBUG_CHUNK_SIZE: size=41943040, preferred_dataset_splits=1, resulting chunk_size=41943040
DEBUG_COLLECTIVE_TYPE: layer=236, event=UNKNOWN (raw=0), size=41943040, chunk_size=41943040
DEBUG_STREAM_COUNT: chunk size is: 41943040 , size is: 41943040 , layer_num is: 236 , node: 0
DEBUG_STREAM_CREATE: Creating stream #232 for dataset id: 644 (total_streams=1)
DEBUG_STREAM_COUNT: Generated 1 streams for layer 236 (UNKNOWN), total injected: 233
info: all-gather forward pass collective issued for layer: attention_column, involved dimensions:  1, 0, 0, 0, 0, 0, 0, 0, 0, 0,
***** info: fwd pass comm collective for layer: attention_column is finished************
DEBUG_CHUNK_SIZE: size=41943040, preferred_dataset_splits=1, resulting chunk_size=41943040
DEBUG_COLLECTIVE_TYPE: layer=237, event=UNKNOWN (raw=0), size=41943040, chunk_size=41943040
DEBUG_STREAM_COUNT: chunk size is: 41943040 , size is: 41943040 , layer_num is: 237 , node: 0
DEBUG_STREAM_CREATE: Creating stream #233 for dataset id: 647 (total_streams=1)
DEBUG_STREAM_COUNT: Generated 1 streams for layer 237 (UNKNOWN), total injected: 234
info: reduce-scatter forward pass collective issued for layer: attention_row, involved dimensions:  1, 0, 0, 0, 0, 0, 0, 0, 0, 0,
***** info: fwd pass comm collective for layer: attention_row is finished************
DEBUG_CHUNK_SIZE: size=131072, preferred_dataset_splits=1, resulting chunk_size=131072
DEBUG_COLLECTIVE_TYPE: layer=238, event=UNKNOWN (raw=0), size=131072, chunk_size=131072
DEBUG_STREAM_COUNT: chunk size is: 131072 , size is: 131072 , layer_num is: 238 , node: 0
DEBUG_STREAM_CREATE: Creating stream #234 for dataset id: 648 (total_streams=1)
DEBUG_STREAM_COUNT: Generated 1 streams for layer 238 (UNKNOWN), total injected: 235
info: all-gather forward pass collective issued for layer: mlp_moelayer, involved dimensions:  1, 0, 0, 0, 0, 0, 0, 0, 0, 0,
***** info: fwd pass comm collective for layer: mlp_moelayer is finished************
DEBUG_CHUNK_SIZE: size=20971520, preferred_dataset_splits=1, resulting chunk_size=20971520
DEBUG_COLLECTIVE_TYPE: layer=239, event=UNKNOWN (raw=0), size=20971520, chunk_size=20971520
DEBUG_STREAM_COUNT: chunk size is: 20971520 , size is: 20971520 , layer_num is: 239 , node: 0
DEBUG_STREAM_CREATE: Creating stream #235 for dataset id: 651 (total_streams=1)
DEBUG_STREAM_COUNT: Generated 1 streams for layer 239 (UNKNOWN), total injected: 236
info: all-to-all forward pass collective issued for layer: mlp_moelayer, involved dimensions:  1, 0, 0, 0, 0, 0, 0, 0, 0, 0,
***** info: fwd pass comm collective for layer: mlp_moelayer is finished************
DEBUG_CHUNK_SIZE: size=83886080, preferred_dataset_splits=1, resulting chunk_size=83886080
DEBUG_COLLECTIVE_TYPE: layer=240, event=UNKNOWN (raw=0), size=83886080, chunk_size=83886080
DEBUG_STREAM_COUNT: chunk size is: 83886080 , size is: 83886080 , layer_num is: 240 , node: 0
DEBUG_STREAM_CREATE: Creating stream #236 for dataset id: 652 (total_streams=1)
DEBUG_STREAM_COUNT: Generated 1 streams for layer 240 (UNKNOWN), total injected: 237
info: all-to-all forward pass collective issued for layer: mlp_moelayer, involved dimensions:  1, 0, 0, 0, 0, 0, 0, 0, 0, 0,
***** info: fwd pass comm collective for layer: mlp_moelayer is finished************
DEBUG_CHUNK_SIZE: size=83886080, preferred_dataset_splits=1, resulting chunk_size=83886080
DEBUG_COLLECTIVE_TYPE: layer=241, event=UNKNOWN (raw=0), size=83886080, chunk_size=83886080
DEBUG_STREAM_COUNT: chunk size is: 83886080 , size is: 83886080 , layer_num is: 241 , node: 0
DEBUG_STREAM_CREATE: Creating stream #237 for dataset id: 655 (total_streams=1)
DEBUG_STREAM_COUNT: Generated 1 streams for layer 241 (UNKNOWN), total injected: 238
info: all-gather forward pass collective issued for layer: mlp_moelayer, involved dimensions:  1, 0, 0, 0, 0, 0, 0, 0, 0, 0,
***** info: fwd pass comm collective for layer: mlp_moelayer is finished************
DEBUG_CHUNK_SIZE: size=83886080, preferred_dataset_splits=1, resulting chunk_size=83886080
DEBUG_COLLECTIVE_TYPE: layer=242, event=UNKNOWN (raw=0), size=83886080, chunk_size=83886080
DEBUG_STREAM_COUNT: chunk size is: 83886080 , size is: 83886080 , layer_num is: 242 , node: 0
DEBUG_STREAM_CREATE: Creating stream #238 for dataset id: 656 (total_streams=1)
DEBUG_STREAM_COUNT: Generated 1 streams for layer 242 (UNKNOWN), total injected: 239
info: reduce-scatter forward pass collective issued for layer: mlp_moelayer, involved dimensions:  1, 0, 0, 0, 0, 0, 0, 0, 0, 0,
***** info: fwd pass comm collective for layer: mlp_moelayer is finished************
DEBUG_CHUNK_SIZE: size=83886080, preferred_dataset_splits=1, resulting chunk_size=83886080
DEBUG_COLLECTIVE_TYPE: layer=243, event=UNKNOWN (raw=0), size=83886080, chunk_size=83886080
DEBUG_STREAM_COUNT: chunk size is: 83886080 , size is: 83886080 , layer_num is: 243 , node: 0
DEBUG_STREAM_CREATE: Creating stream #239 for dataset id: 659 (total_streams=1)
DEBUG_STREAM_COUNT: Generated 1 streams for layer 243 (UNKNOWN), total injected: 240
info: all-to-all forward pass collective issued for layer: mlp_moelayer, involved dimensions:  1, 0, 0, 0, 0, 0, 0, 0, 0, 0,
***** info: fwd pass comm collective for layer: mlp_moelayer is finished************
DEBUG_CHUNK_SIZE: size=20971520, preferred_dataset_splits=1, resulting chunk_size=20971520
DEBUG_COLLECTIVE_TYPE: layer=244, event=UNKNOWN (raw=0), size=20971520, chunk_size=20971520
DEBUG_STREAM_COUNT: chunk size is: 20971520 , size is: 20971520 , layer_num is: 244 , node: 0
DEBUG_STREAM_CREATE: Creating stream #240 for dataset id: 660 (total_streams=1)
DEBUG_STREAM_COUNT: Generated 1 streams for layer 244 (UNKNOWN), total injected: 241
info: all-to-all forward pass collective issued for layer: mlp_moelayer, involved dimensions:  1, 0, 0, 0, 0, 0, 0, 0, 0, 0,
***** info: fwd pass comm collective for layer: mlp_moelayer is finished************
DEBUG_CHUNK_SIZE: size=41943040, preferred_dataset_splits=1, resulting chunk_size=41943040
DEBUG_COLLECTIVE_TYPE: layer=245, event=UNKNOWN (raw=0), size=41943040, chunk_size=41943040
DEBUG_STREAM_COUNT: chunk size is: 41943040 , size is: 41943040 , layer_num is: 245 , node: 0
DEBUG_STREAM_CREATE: Creating stream #241 for dataset id: 663 (total_streams=1)
DEBUG_STREAM_COUNT: Generated 1 streams for layer 245 (UNKNOWN), total injected: 242
info: all-gather forward pass collective issued for layer: attention_column, involved dimensions:  1, 0, 0, 0, 0, 0, 0, 0, 0, 0,
***** info: fwd pass comm collective for layer: attention_column is finished************
DEBUG_CHUNK_SIZE: size=41943040, preferred_dataset_splits=1, resulting chunk_size=41943040
DEBUG_COLLECTIVE_TYPE: layer=246, event=UNKNOWN (raw=0), size=41943040, chunk_size=41943040
DEBUG_STREAM_COUNT: chunk size is: 41943040 , size is: 41943040 , layer_num is: 246 , node: 0
DEBUG_STREAM_CREATE: Creating stream #242 for dataset id: 664 (total_streams=1)
DEBUG_STREAM_COUNT: Generated 1 streams for layer 246 (UNKNOWN), total injected: 243
info: reduce-scatter forward pass collective issued for layer: attention_row, involved dimensions:  1, 0, 0, 0, 0, 0, 0, 0, 0, 0,
***** info: fwd pass comm collective for layer: attention_row is finished************
DEBUG_CHUNK_SIZE: size=131072, preferred_dataset_splits=1, resulting chunk_size=131072
DEBUG_COLLECTIVE_TYPE: layer=247, event=UNKNOWN (raw=0), size=131072, chunk_size=131072
DEBUG_STREAM_COUNT: chunk size is: 131072 , size is: 131072 , layer_num is: 247 , node: 0
DEBUG_STREAM_CREATE: Creating stream #243 for dataset id: 667 (total_streams=1)
DEBUG_STREAM_COUNT: Generated 1 streams for layer 247 (UNKNOWN), total injected: 244
info: all-gather forward pass collective issued for layer: mlp_moelayer, involved dimensions:  1, 0, 0, 0, 0, 0, 0, 0, 0, 0,
***** info: fwd pass comm collective for layer: mlp_moelayer is finished************
DEBUG_CHUNK_SIZE: size=20971520, preferred_dataset_splits=1, resulting chunk_size=20971520
DEBUG_COLLECTIVE_TYPE: layer=248, event=UNKNOWN (raw=0), size=20971520, chunk_size=20971520
DEBUG_STREAM_COUNT: chunk size is: 20971520 , size is: 20971520 , layer_num is: 248 , node: 0
DEBUG_STREAM_CREATE: Creating stream #244 for dataset id: 668 (total_streams=1)
DEBUG_STREAM_COUNT: Generated 1 streams for layer 248 (UNKNOWN), total injected: 245
info: all-to-all forward pass collective issued for layer: mlp_moelayer, involved dimensions:  1, 0, 0, 0, 0, 0, 0, 0, 0, 0,
***** info: fwd pass comm collective for layer: mlp_moelayer is finished************
DEBUG_CHUNK_SIZE: size=83886080, preferred_dataset_splits=1, resulting chunk_size=83886080
DEBUG_COLLECTIVE_TYPE: layer=249, event=UNKNOWN (raw=0), size=83886080, chunk_size=83886080
DEBUG_STREAM_COUNT: chunk size is: 83886080 , size is: 83886080 , layer_num is: 249 , node: 0
DEBUG_STREAM_CREATE: Creating stream #245 for dataset id: 671 (total_streams=1)
DEBUG_STREAM_COUNT: Generated 1 streams for layer 249 (UNKNOWN), total injected: 246
info: all-to-all forward pass collective issued for layer: mlp_moelayer, involved dimensions:  1, 0, 0, 0, 0, 0, 0, 0, 0, 0,
***** info: fwd pass comm collective for layer: mlp_moelayer is finished************
DEBUG_CHUNK_SIZE: size=83886080, preferred_dataset_splits=1, resulting chunk_size=83886080
DEBUG_COLLECTIVE_TYPE: layer=250, event=UNKNOWN (raw=0), size=83886080, chunk_size=83886080
DEBUG_STREAM_COUNT: chunk size is: 83886080 , size is: 83886080 , layer_num is: 250 , node: 0
DEBUG_STREAM_CREATE: Creating stream #246 for dataset id: 672 (total_streams=1)
DEBUG_STREAM_COUNT: Generated 1 streams for layer 250 (UNKNOWN), total injected: 247
info: all-gather forward pass collective issued for layer: mlp_moelayer, involved dimensions:  1, 0, 0, 0, 0, 0, 0, 0, 0, 0,
DEBUG_SIM_END: Node 0 FINISH CONDITION NOT MET - continuing simulation
***** info: fwd pass comm collective for layer: mlp_moelayer is finished************
DEBUG_SIM_END: Node 0 checking finish condition: finished_workloads=0, event_queue.size()=1, pending_sends.size()=0, initialized=1
DEBUG_CHUNK_SIZE: size=83886080, preferred_dataset_splits=1, resulting chunk_size=83886080
DEBUG_COLLECTIVE_TYPE: layer=251, event=UNKNOWN (raw=0), size=83886080, chunk_size=83886080
DEBUG_STREAM_COUNT: chunk size is: 83886080 , size is: 83886080 , layer_num is: 251 , node: 0
DEBUG_STREAM_CREATE: Creating stream #247 for dataset id: 675 (total_streams=1)
DEBUG_STREAM_COUNT: Generated 1 streams for layer 251 (UNKNOWN), total injected: 248
info: reduce-scatter forward pass collective issued for layer: mlp_moelayer, involved dimensions:  1, 0, 0, 0, 0, 0, 0, 0, 0, 0,
***** info: fwd pass comm collective for layer: mlp_moelayer is finished************
DEBUG_CHUNK_SIZE: size=83886080, preferred_dataset_splits=1, resulting chunk_size=83886080
DEBUG_COLLECTIVE_TYPE: layer=252, event=UNKNOWN (raw=0), size=83886080, chunk_size=83886080
DEBUG_STREAM_COUNT: chunk size is: 83886080 , size is: 83886080 , layer_num is: 252 , node: 0
DEBUG_STREAM_CREATE: Creating stream #248 for dataset id: 676 (total_streams=1)
DEBUG_STREAM_COUNT: Generated 1 streams for layer 252 (UNKNOWN), total injected: 249
info: all-to-all forward pass collective issued for layer: mlp_moelayer, involved dimensions:  1, 0, 0, 0, 0, 0, 0, 0, 0, 0,
***** info: fwd pass comm collective for layer: mlp_moelayer is finished************
DEBUG_CHUNK_SIZE: size=20971520, preferred_dataset_splits=1, resulting chunk_size=20971520
DEBUG_COLLECTIVE_TYPE: layer=253, event=UNKNOWN (raw=0), size=20971520, chunk_size=20971520
DEBUG_STREAM_COUNT: chunk size is: 20971520 , size is: 20971520 , layer_num is: 253 , node: 0
DEBUG_STREAM_CREATE: Creating stream #249 for dataset id: 679 (total_streams=1)
DEBUG_STREAM_COUNT: Generated 1 streams for layer 253 (UNKNOWN), total injected: 250
info: all-to-all forward pass collective issued for layer: mlp_moelayer, involved dimensions:  1, 0, 0, 0, 0, 0, 0, 0, 0, 0,
***** info: fwd pass comm collective for layer: mlp_moelayer is finished************
DEBUG_CHUNK_SIZE: size=41943040, preferred_dataset_splits=1, resulting chunk_size=41943040
DEBUG_COLLECTIVE_TYPE: layer=254, event=UNKNOWN (raw=0), size=41943040, chunk_size=41943040
DEBUG_STREAM_COUNT: chunk size is: 41943040 , size is: 41943040 , layer_num is: 254 , node: 0
DEBUG_STREAM_CREATE: Creating stream #250 for dataset id: 680 (total_streams=1)
DEBUG_STREAM_COUNT: Generated 1 streams for layer 254 (UNKNOWN), total injected: 251
info: all-gather forward pass collective issued for layer: attention_column, involved dimensions:  1, 0, 0, 0, 0, 0, 0, 0, 0, 0,
***** info: fwd pass comm collective for layer: attention_column is finished************
DEBUG_CHUNK_SIZE: size=41943040, preferred_dataset_splits=1, resulting chunk_size=41943040
DEBUG_COLLECTIVE_TYPE: layer=255, event=UNKNOWN (raw=0), size=41943040, chunk_size=41943040
DEBUG_STREAM_COUNT: chunk size is: 41943040 , size is: 41943040 , layer_num is: 255 , node: 0
DEBUG_STREAM_CREATE: Creating stream #251 for dataset id: 683 (total_streams=1)
DEBUG_STREAM_COUNT: Generated 1 streams for layer 255 (UNKNOWN), total injected: 252
info: reduce-scatter forward pass collective issued for layer: attention_row, involved dimensions:  1, 0, 0, 0, 0, 0, 0, 0, 0, 0,
***** info: fwd pass comm collective for layer: attention_row is finished************
DEBUG_CHUNK_SIZE: size=131072, preferred_dataset_splits=1, resulting chunk_size=131072
DEBUG_COLLECTIVE_TYPE: layer=256, event=UNKNOWN (raw=0), size=131072, chunk_size=131072
DEBUG_STREAM_COUNT: chunk size is: 131072 , size is: 131072 , layer_num is: 256 , node: 0
DEBUG_STREAM_CREATE: Creating stream #252 for dataset id: 684 (total_streams=1)
DEBUG_STREAM_COUNT: Generated 1 streams for layer 256 (UNKNOWN), total injected: 253
info: all-gather forward pass collective issued for layer: mlp_moelayer, involved dimensions:  1, 0, 0, 0, 0, 0, 0, 0, 0, 0,
***** info: fwd pass comm collective for layer: mlp_moelayer is finished************
DEBUG_CHUNK_SIZE: size=20971520, preferred_dataset_splits=1, resulting chunk_size=20971520
DEBUG_COLLECTIVE_TYPE: layer=257, event=UNKNOWN (raw=0), size=20971520, chunk_size=20971520
DEBUG_STREAM_COUNT: chunk size is: 20971520 , size is: 20971520 , layer_num is: 257 , node: 0
DEBUG_STREAM_CREATE: Creating stream #253 for dataset id: 687 (total_streams=1)
DEBUG_STREAM_COUNT: Generated 1 streams for layer 257 (UNKNOWN), total injected: 254
info: all-to-all forward pass collective issued for layer: mlp_moelayer, involved dimensions:  1, 0, 0, 0, 0, 0, 0, 0, 0, 0,
***** info: fwd pass comm collective for layer: mlp_moelayer is finished************
DEBUG_CHUNK_SIZE: size=83886080, preferred_dataset_splits=1, resulting chunk_size=83886080
DEBUG_COLLECTIVE_TYPE: layer=258, event=UNKNOWN (raw=0), size=83886080, chunk_size=83886080
DEBUG_STREAM_COUNT: chunk size is: 83886080 , size is: 83886080 , layer_num is: 258 , node: 0
DEBUG_STREAM_CREATE: Creating stream #254 for dataset id: 688 (total_streams=1)
DEBUG_STREAM_COUNT: Generated 1 streams for layer 258 (UNKNOWN), total injected: 255
info: all-to-all forward pass collective issued for layer: mlp_moelayer, involved dimensions:  1, 0, 0, 0, 0, 0, 0, 0, 0, 0,
***** info: fwd pass comm collective for layer: mlp_moelayer is finished************
DEBUG_CHUNK_SIZE: size=83886080, preferred_dataset_splits=1, resulting chunk_size=83886080
DEBUG_COLLECTIVE_TYPE: layer=259, event=UNKNOWN (raw=0), size=83886080, chunk_size=83886080
DEBUG_STREAM_COUNT: chunk size is: 83886080 , size is: 83886080 , layer_num is: 259 , node: 0
DEBUG_STREAM_CREATE: Creating stream #255 for dataset id: 691 (total_streams=1)
DEBUG_STREAM_COUNT: Generated 1 streams for layer 259 (UNKNOWN), total injected: 256
info: all-gather forward pass collective issued for layer: mlp_moelayer, involved dimensions:  1, 0, 0, 0, 0, 0, 0, 0, 0, 0,
***** info: fwd pass comm collective for layer: mlp_moelayer is finished************
DEBUG_CHUNK_SIZE: size=83886080, preferred_dataset_splits=1, resulting chunk_size=83886080
DEBUG_COLLECTIVE_TYPE: layer=260, event=UNKNOWN (raw=0), size=83886080, chunk_size=83886080
DEBUG_STREAM_COUNT: chunk size is: 83886080 , size is: 83886080 , layer_num is: 260 , node: 0
DEBUG_STREAM_CREATE: Creating stream #256 for dataset id: 692 (total_streams=1)
DEBUG_STREAM_COUNT: Generated 1 streams for layer 260 (UNKNOWN), total injected: 257
info: reduce-scatter forward pass collective issued for layer: mlp_moelayer, involved dimensions:  1, 0, 0, 0, 0, 0, 0, 0, 0, 0,
***** info: fwd pass comm collective for layer: mlp_moelayer is finished************
DEBUG_CHUNK_SIZE: size=83886080, preferred_dataset_splits=1, resulting chunk_size=83886080
DEBUG_COLLECTIVE_TYPE: layer=261, event=UNKNOWN (raw=0), size=83886080, chunk_size=83886080
DEBUG_STREAM_COUNT: chunk size is: 83886080 , size is: 83886080 , layer_num is: 261 , node: 0
DEBUG_STREAM_CREATE: Creating stream #257 for dataset id: 695 (total_streams=1)
DEBUG_STREAM_COUNT: Generated 1 streams for layer 261 (UNKNOWN), total injected: 258
info: all-to-all forward pass collective issued for layer: mlp_moelayer, involved dimensions:  1, 0, 0, 0, 0, 0, 0, 0, 0, 0,
***** info: fwd pass comm collective for layer: mlp_moelayer is finished************
DEBUG_CHUNK_SIZE: size=20971520, preferred_dataset_splits=1, resulting chunk_size=20971520
DEBUG_COLLECTIVE_TYPE: layer=262, event=UNKNOWN (raw=0), size=20971520, chunk_size=20971520
DEBUG_STREAM_COUNT: chunk size is: 20971520 , size is: 20971520 , layer_num is: 262 , node: 0
DEBUG_STREAM_CREATE: Creating stream #258 for dataset id: 696 (total_streams=1)
DEBUG_STREAM_COUNT: Generated 1 streams for layer 262 (UNKNOWN), total injected: 259
info: all-to-all forward pass collective issued for layer: mlp_moelayer, involved dimensions:  1, 0, 0, 0, 0, 0, 0, 0, 0, 0,
***** info: fwd pass comm collective for layer: mlp_moelayer is finished************
DEBUG_CHUNK_SIZE: size=41943040, preferred_dataset_splits=1, resulting chunk_size=41943040
DEBUG_COLLECTIVE_TYPE: layer=263, event=UNKNOWN (raw=0), size=41943040, chunk_size=41943040
DEBUG_STREAM_COUNT: chunk size is: 41943040 , size is: 41943040 , layer_num is: 263 , node: 0
DEBUG_STREAM_CREATE: Creating stream #259 for dataset id: 699 (total_streams=1)
DEBUG_STREAM_COUNT: Generated 1 streams for layer 263 (UNKNOWN), total injected: 260
info: all-gather forward pass collective issued for layer: attention_column, involved dimensions:  1, 0, 0, 0, 0, 0, 0, 0, 0, 0,
***** info: fwd pass comm collective for layer: attention_column is finished************
DEBUG_CHUNK_SIZE: size=41943040, preferred_dataset_splits=1, resulting chunk_size=41943040
DEBUG_COLLECTIVE_TYPE: layer=264, event=UNKNOWN (raw=0), size=41943040, chunk_size=41943040
DEBUG_STREAM_COUNT: chunk size is: 41943040 , size is: 41943040 , layer_num is: 264 , node: 0
DEBUG_STREAM_CREATE: Creating stream #260 for dataset id: 700 (total_streams=1)
DEBUG_STREAM_COUNT: Generated 1 streams for layer 264 (UNKNOWN), total injected: 261
info: reduce-scatter forward pass collective issued for layer: attention_row, involved dimensions:  1, 0, 0, 0, 0, 0, 0, 0, 0, 0,
***** info: fwd pass comm collective for layer: attention_row is finished************
DEBUG_CHUNK_SIZE: size=131072, preferred_dataset_splits=1, resulting chunk_size=131072
DEBUG_COLLECTIVE_TYPE: layer=265, event=UNKNOWN (raw=0), size=131072, chunk_size=131072
DEBUG_STREAM_COUNT: chunk size is: 131072 , size is: 131072 , layer_num is: 265 , node: 0
DEBUG_STREAM_CREATE: Creating stream #261 for dataset id: 703 (total_streams=1)
DEBUG_STREAM_COUNT: Generated 1 streams for layer 265 (UNKNOWN), total injected: 262
info: all-gather forward pass collective issued for layer: mlp_moelayer, involved dimensions:  1, 0, 0, 0, 0, 0, 0, 0, 0, 0,
***** info: fwd pass comm collective for layer: mlp_moelayer is finished************
DEBUG_CHUNK_SIZE: size=20971520, preferred_dataset_splits=1, resulting chunk_size=20971520
DEBUG_COLLECTIVE_TYPE: layer=266, event=UNKNOWN (raw=0), size=20971520, chunk_size=20971520
DEBUG_STREAM_COUNT: chunk size is: 20971520 , size is: 20971520 , layer_num is: 266 , node: 0
DEBUG_STREAM_CREATE: Creating stream #262 for dataset id: 704 (total_streams=1)
DEBUG_STREAM_COUNT: Generated 1 streams for layer 266 (UNKNOWN), total injected: 263
info: all-to-all forward pass collective issued for layer: mlp_moelayer, involved dimensions:  1, 0, 0, 0, 0, 0, 0, 0, 0, 0,
***** info: fwd pass comm collective for layer: mlp_moelayer is finished************
DEBUG_CHUNK_SIZE: size=83886080, preferred_dataset_splits=1, resulting chunk_size=83886080
DEBUG_COLLECTIVE_TYPE: layer=267, event=UNKNOWN (raw=0), size=83886080, chunk_size=83886080
DEBUG_STREAM_COUNT: chunk size is: 83886080 , size is: 83886080 , layer_num is: 267 , node: 0
DEBUG_STREAM_CREATE: Creating stream #263 for dataset id: 707 (total_streams=1)
DEBUG_STREAM_COUNT: Generated 1 streams for layer 267 (UNKNOWN), total injected: 264
info: all-to-all forward pass collective issued for layer: mlp_moelayer, involved dimensions:  1, 0, 0, 0, 0, 0, 0, 0, 0, 0,
***** info: fwd pass comm collective for layer: mlp_moelayer is finished************
DEBUG_CHUNK_SIZE: size=83886080, preferred_dataset_splits=1, resulting chunk_size=83886080
DEBUG_COLLECTIVE_TYPE: layer=268, event=UNKNOWN (raw=0), size=83886080, chunk_size=83886080
DEBUG_STREAM_COUNT: chunk size is: 83886080 , size is: 83886080 , layer_num is: 268 , node: 0
DEBUG_STREAM_CREATE: Creating stream #264 for dataset id: 708 (total_streams=1)
DEBUG_STREAM_COUNT: Generated 1 streams for layer 268 (UNKNOWN), total injected: 265
info: all-gather forward pass collective issued for layer: mlp_moelayer, involved dimensions:  1, 0, 0, 0, 0, 0, 0, 0, 0, 0,
***** info: fwd pass comm collective for layer: mlp_moelayer is finished************
DEBUG_CHUNK_SIZE: size=83886080, preferred_dataset_splits=1, resulting chunk_size=83886080
DEBUG_COLLECTIVE_TYPE: layer=269, event=UNKNOWN (raw=0), size=83886080, chunk_size=83886080
DEBUG_STREAM_COUNT: chunk size is: 83886080 , size is: 83886080 , layer_num is: 269 , node: 0
DEBUG_STREAM_CREATE: Creating stream #265 for dataset id: 711 (total_streams=1)
DEBUG_STREAM_COUNT: Generated 1 streams for layer 269 (UNKNOWN), total injected: 266
info: reduce-scatter forward pass collective issued for layer: mlp_moelayer, involved dimensions:  1, 0, 0, 0, 0, 0, 0, 0, 0, 0,
***** info: fwd pass comm collective for layer: mlp_moelayer is finished************
DEBUG_CHUNK_SIZE: size=83886080, preferred_dataset_splits=1, resulting chunk_size=83886080
DEBUG_COLLECTIVE_TYPE: layer=270, event=UNKNOWN (raw=0), size=83886080, chunk_size=83886080
DEBUG_STREAM_COUNT: chunk size is: 83886080 , size is: 83886080 , layer_num is: 270 , node: 0
DEBUG_STREAM_CREATE: Creating stream #266 for dataset id: 712 (total_streams=1)
DEBUG_STREAM_COUNT: Generated 1 streams for layer 270 (UNKNOWN), total injected: 267
info: all-to-all forward pass collective issued for layer: mlp_moelayer, involved dimensions:  1, 0, 0, 0, 0, 0, 0, 0, 0, 0,
***** info: fwd pass comm collective for layer: mlp_moelayer is finished************
DEBUG_CHUNK_SIZE: size=20971520, preferred_dataset_splits=1, resulting chunk_size=20971520
DEBUG_COLLECTIVE_TYPE: layer=271, event=UNKNOWN (raw=0), size=20971520, chunk_size=20971520
DEBUG_STREAM_COUNT: chunk size is: 20971520 , size is: 20971520 , layer_num is: 271 , node: 0
DEBUG_STREAM_CREATE: Creating stream #267 for dataset id: 715 (total_streams=1)
DEBUG_STREAM_COUNT: Generated 1 streams for layer 271 (UNKNOWN), total injected: 268
info: all-to-all forward pass collective issued for layer: mlp_moelayer, involved dimensions:  1, 0, 0, 0, 0, 0, 0, 0, 0, 0,
***** info: fwd pass comm collective for layer: mlp_moelayer is finished************
DEBUG_CHUNK_SIZE: size=41943040, preferred_dataset_splits=1, resulting chunk_size=41943040
DEBUG_COLLECTIVE_TYPE: layer=272, event=UNKNOWN (raw=0), size=41943040, chunk_size=41943040
DEBUG_STREAM_COUNT: chunk size is: 41943040 , size is: 41943040 , layer_num is: 272 , node: 0
DEBUG_STREAM_CREATE: Creating stream #268 for dataset id: 716 (total_streams=1)
DEBUG_STREAM_COUNT: Generated 1 streams for layer 272 (UNKNOWN), total injected: 269
info: all-gather forward pass collective issued for layer: attention_column, involved dimensions:  1, 0, 0, 0, 0, 0, 0, 0, 0, 0,
***** info: fwd pass comm collective for layer: attention_column is finished************
DEBUG_CHUNK_SIZE: size=41943040, preferred_dataset_splits=1, resulting chunk_size=41943040
DEBUG_COLLECTIVE_TYPE: layer=273, event=UNKNOWN (raw=0), size=41943040, chunk_size=41943040
DEBUG_STREAM_COUNT: chunk size is: 41943040 , size is: 41943040 , layer_num is: 273 , node: 0
DEBUG_STREAM_CREATE: Creating stream #269 for dataset id: 719 (total_streams=1)
DEBUG_STREAM_COUNT: Generated 1 streams for layer 273 (UNKNOWN), total injected: 270
info: reduce-scatter forward pass collective issued for layer: attention_row, involved dimensions:  1, 0, 0, 0, 0, 0, 0, 0, 0, 0,
***** info: fwd pass comm collective for layer: attention_row is finished************
DEBUG_CHUNK_SIZE: size=131072, preferred_dataset_splits=1, resulting chunk_size=131072
DEBUG_COLLECTIVE_TYPE: layer=274, event=UNKNOWN (raw=0), size=131072, chunk_size=131072
DEBUG_STREAM_COUNT: chunk size is: 131072 , size is: 131072 , layer_num is: 274 , node: 0
DEBUG_STREAM_CREATE: Creating stream #270 for dataset id: 720 (total_streams=1)
DEBUG_STREAM_COUNT: Generated 1 streams for layer 274 (UNKNOWN), total injected: 271
info: all-gather forward pass collective issued for layer: mlp_moelayer, involved dimensions:  1, 0, 0, 0, 0, 0, 0, 0, 0, 0,
***** info: fwd pass comm collective for layer: mlp_moelayer is finished************
DEBUG_CHUNK_SIZE: size=20971520, preferred_dataset_splits=1, resulting chunk_size=20971520
DEBUG_COLLECTIVE_TYPE: layer=275, event=UNKNOWN (raw=0), size=20971520, chunk_size=20971520
DEBUG_STREAM_COUNT: chunk size is: 20971520 , size is: 20971520 , layer_num is: 275 , node: 0
DEBUG_STREAM_CREATE: Creating stream #271 for dataset id: 723 (total_streams=1)
DEBUG_STREAM_COUNT: Generated 1 streams for layer 275 (UNKNOWN), total injected: 272
info: all-to-all forward pass collective issued for layer: mlp_moelayer, involved dimensions:  1, 0, 0, 0, 0, 0, 0, 0, 0, 0,
***** info: fwd pass comm collective for layer: mlp_moelayer is finished************
DEBUG_CHUNK_SIZE: size=83886080, preferred_dataset_splits=1, resulting chunk_size=83886080
DEBUG_COLLECTIVE_TYPE: layer=276, event=UNKNOWN (raw=0), size=83886080, chunk_size=83886080
DEBUG_STREAM_COUNT: chunk size is: 83886080 , size is: 83886080 , layer_num is: 276 , node: 0
DEBUG_STREAM_CREATE: Creating stream #272 for dataset id: 724 (total_streams=1)
DEBUG_STREAM_COUNT: Generated 1 streams for layer 276 (UNKNOWN), total injected: 273
info: all-to-all forward pass collective issued for layer: mlp_moelayer, involved dimensions:  1, 0, 0, 0, 0, 0, 0, 0, 0, 0,
***** info: fwd pass comm collective for layer: mlp_moelayer is finished************
DEBUG_CHUNK_SIZE: size=83886080, preferred_dataset_splits=1, resulting chunk_size=83886080
DEBUG_COLLECTIVE_TYPE: layer=277, event=UNKNOWN (raw=0), size=83886080, chunk_size=83886080
DEBUG_STREAM_COUNT: chunk size is: 83886080 , size is: 83886080 , layer_num is: 277 , node: 0
DEBUG_STREAM_CREATE: Creating stream #273 for dataset id: 727 (total_streams=1)
DEBUG_STREAM_COUNT: Generated 1 streams for layer 277 (UNKNOWN), total injected: 274
info: all-gather forward pass collective issued for layer: mlp_moelayer, involved dimensions:  1, 0, 0, 0, 0, 0, 0, 0, 0, 0,
***** info: fwd pass comm collective for layer: mlp_moelayer is finished************
DEBUG_CHUNK_SIZE: size=83886080, preferred_dataset_splits=1, resulting chunk_size=83886080
DEBUG_COLLECTIVE_TYPE: layer=278, event=UNKNOWN (raw=0), size=83886080, chunk_size=83886080
DEBUG_STREAM_COUNT: chunk size is: 83886080 , size is: 83886080 , layer_num is: 278 , node: 0
DEBUG_STREAM_CREATE: Creating stream #274 for dataset id: 728 (total_streams=1)
DEBUG_STREAM_COUNT: Generated 1 streams for layer 278 (UNKNOWN), total injected: 275
info: reduce-scatter forward pass collective issued for layer: mlp_moelayer, involved dimensions:  1, 0, 0, 0, 0, 0, 0, 0, 0, 0,
***** info: fwd pass comm collective for layer: mlp_moelayer is finished************
DEBUG_CHUNK_SIZE: size=83886080, preferred_dataset_splits=1, resulting chunk_size=83886080
DEBUG_COLLECTIVE_TYPE: layer=279, event=UNKNOWN (raw=0), size=83886080, chunk_size=83886080
DEBUG_STREAM_COUNT: chunk size is: 83886080 , size is: 83886080 , layer_num is: 279 , node: 0
DEBUG_STREAM_CREATE: Creating stream #275 for dataset id: 731 (total_streams=1)
DEBUG_STREAM_COUNT: Generated 1 streams for layer 279 (UNKNOWN), total injected: 276
info: all-to-all forward pass collective issued for layer: mlp_moelayer, involved dimensions:  1, 0, 0, 0, 0, 0, 0, 0, 0, 0,
***** info: fwd pass comm collective for layer: mlp_moelayer is finished************
DEBUG_CHUNK_SIZE: size=20971520, preferred_dataset_splits=1, resulting chunk_size=20971520
DEBUG_COLLECTIVE_TYPE: layer=280, event=UNKNOWN (raw=0), size=20971520, chunk_size=20971520
DEBUG_STREAM_COUNT: chunk size is: 20971520 , size is: 20971520 , layer_num is: 280 , node: 0
DEBUG_STREAM_CREATE: Creating stream #276 for dataset id: 732 (total_streams=1)
DEBUG_STREAM_COUNT: Generated 1 streams for layer 280 (UNKNOWN), total injected: 277
info: all-to-all forward pass collective issued for layer: mlp_moelayer, involved dimensions:  1, 0, 0, 0, 0, 0, 0, 0, 0, 0,
***** info: fwd pass comm collective for layer: mlp_moelayer is finished************
DEBUG_CHUNK_SIZE: size=41943040, preferred_dataset_splits=1, resulting chunk_size=41943040
DEBUG_COLLECTIVE_TYPE: layer=281, event=UNKNOWN (raw=0), size=41943040, chunk_size=41943040
DEBUG_STREAM_COUNT: chunk size is: 41943040 , size is: 41943040 , layer_num is: 281 , node: 0
DEBUG_STREAM_CREATE: Creating stream #277 for dataset id: 735 (total_streams=1)
DEBUG_STREAM_COUNT: Generated 1 streams for layer 281 (UNKNOWN), total injected: 278
info: all-gather forward pass collective issued for layer: attention_column, involved dimensions:  1, 0, 0, 0, 0, 0, 0, 0, 0, 0,
***** info: fwd pass comm collective for layer: attention_column is finished************
DEBUG_CHUNK_SIZE: size=41943040, preferred_dataset_splits=1, resulting chunk_size=41943040
DEBUG_COLLECTIVE_TYPE: layer=282, event=UNKNOWN (raw=0), size=41943040, chunk_size=41943040
DEBUG_STREAM_COUNT: chunk size is: 41943040 , size is: 41943040 , layer_num is: 282 , node: 0
DEBUG_STREAM_CREATE: Creating stream #278 for dataset id: 736 (total_streams=1)
DEBUG_STREAM_COUNT: Generated 1 streams for layer 282 (UNKNOWN), total injected: 279
info: reduce-scatter forward pass collective issued for layer: attention_row, involved dimensions:  1, 0, 0, 0, 0, 0, 0, 0, 0, 0,
***** info: fwd pass comm collective for layer: attention_row is finished************
DEBUG_CHUNK_SIZE: size=131072, preferred_dataset_splits=1, resulting chunk_size=131072
DEBUG_COLLECTIVE_TYPE: layer=283, event=UNKNOWN (raw=0), size=131072, chunk_size=131072
DEBUG_STREAM_COUNT: chunk size is: 131072 , size is: 131072 , layer_num is: 283 , node: 0
DEBUG_STREAM_CREATE: Creating stream #279 for dataset id: 739 (total_streams=1)
DEBUG_STREAM_COUNT: Generated 1 streams for layer 283 (UNKNOWN), total injected: 280
info: all-gather forward pass collective issued for layer: mlp_moelayer, involved dimensions:  1, 0, 0, 0, 0, 0, 0, 0, 0, 0,
***** info: fwd pass comm collective for layer: mlp_moelayer is finished************
DEBUG_CHUNK_SIZE: size=20971520, preferred_dataset_splits=1, resulting chunk_size=20971520
DEBUG_COLLECTIVE_TYPE: layer=284, event=UNKNOWN (raw=0), size=20971520, chunk_size=20971520
DEBUG_STREAM_COUNT: chunk size is: 20971520 , size is: 20971520 , layer_num is: 284 , node: 0
DEBUG_STREAM_CREATE: Creating stream #280 for dataset id: 740 (total_streams=1)
DEBUG_STREAM_COUNT: Generated 1 streams for layer 284 (UNKNOWN), total injected: 281
info: all-to-all forward pass collective issued for layer: mlp_moelayer, involved dimensions:  1, 0, 0, 0, 0, 0, 0, 0, 0, 0,
***** info: fwd pass comm collective for layer: mlp_moelayer is finished************
DEBUG_CHUNK_SIZE: size=83886080, preferred_dataset_splits=1, resulting chunk_size=83886080
DEBUG_COLLECTIVE_TYPE: layer=285, event=UNKNOWN (raw=0), size=83886080, chunk_size=83886080
DEBUG_STREAM_COUNT: chunk size is: 83886080 , size is: 83886080 , layer_num is: 285 , node: 0
DEBUG_STREAM_CREATE: Creating stream #281 for dataset id: 743 (total_streams=1)
DEBUG_STREAM_COUNT: Generated 1 streams for layer 285 (UNKNOWN), total injected: 282
info: all-to-all forward pass collective issued for layer: mlp_moelayer, involved dimensions:  1, 0, 0, 0, 0, 0, 0, 0, 0, 0,
***** info: fwd pass comm collective for layer: mlp_moelayer is finished************
DEBUG_CHUNK_SIZE: size=83886080, preferred_dataset_splits=1, resulting chunk_size=83886080
DEBUG_COLLECTIVE_TYPE: layer=286, event=UNKNOWN (raw=0), size=83886080, chunk_size=83886080
DEBUG_STREAM_COUNT: chunk size is: 83886080 , size is: 83886080 , layer_num is: 286 , node: 0
DEBUG_STREAM_CREATE: Creating stream #282 for dataset id: 744 (total_streams=1)
DEBUG_STREAM_COUNT: Generated 1 streams for layer 286 (UNKNOWN), total injected: 283
info: all-gather forward pass collective issued for layer: mlp_moelayer, involved dimensions:  1, 0, 0, 0, 0, 0, 0, 0, 0, 0,
***** info: fwd pass comm collective for layer: mlp_moelayer is finished************
DEBUG_CHUNK_SIZE: size=83886080, preferred_dataset_splits=1, resulting chunk_size=83886080
DEBUG_COLLECTIVE_TYPE: layer=287, event=UNKNOWN (raw=0), size=83886080, chunk_size=83886080
DEBUG_STREAM_COUNT: chunk size is: 83886080 , size is: 83886080 , layer_num is: 287 , node: 0
DEBUG_STREAM_CREATE: Creating stream #283 for dataset id: 747 (total_streams=1)
DEBUG_STREAM_COUNT: Generated 1 streams for layer 287 (UNKNOWN), total injected: 284
info: reduce-scatter forward pass collective issued for layer: mlp_moelayer, involved dimensions:  1, 0, 0, 0, 0, 0, 0, 0, 0, 0,
***** info: fwd pass comm collective for layer: mlp_moelayer is finished************
DEBUG_CHUNK_SIZE: size=83886080, preferred_dataset_splits=1, resulting chunk_size=83886080
DEBUG_COLLECTIVE_TYPE: layer=288, event=UNKNOWN (raw=0), size=83886080, chunk_size=83886080
DEBUG_STREAM_COUNT: chunk size is: 83886080 , size is: 83886080 , layer_num is: 288 , node: 0
DEBUG_STREAM_CREATE: Creating stream #284 for dataset id: 748 (total_streams=1)
DEBUG_STREAM_COUNT: Generated 1 streams for layer 288 (UNKNOWN), total injected: 285
info: all-to-all forward pass collective issued for layer: mlp_moelayer, involved dimensions:  1, 0, 0, 0, 0, 0, 0, 0, 0, 0,
***** info: fwd pass comm collective for layer: mlp_moelayer is finished************
DEBUG_CHUNK_SIZE: size=20971520, preferred_dataset_splits=1, resulting chunk_size=20971520
DEBUG_COLLECTIVE_TYPE: layer=289, event=UNKNOWN (raw=0), size=20971520, chunk_size=20971520
DEBUG_STREAM_COUNT: chunk size is: 20971520 , size is: 20971520 , layer_num is: 289 , node: 0
DEBUG_STREAM_CREATE: Creating stream #285 for dataset id: 751 (total_streams=1)
DEBUG_STREAM_COUNT: Generated 1 streams for layer 289 (UNKNOWN), total injected: 286
info: all-to-all forward pass collective issued for layer: mlp_moelayer, involved dimensions:  1, 0, 0, 0, 0, 0, 0, 0, 0, 0,
***** info: fwd pass comm collective for layer: mlp_moelayer is finished************
DEBUG_CHUNK_SIZE: size=41943040, preferred_dataset_splits=1, resulting chunk_size=41943040
DEBUG_COLLECTIVE_TYPE: layer=290, event=UNKNOWN (raw=0), size=41943040, chunk_size=41943040
DEBUG_STREAM_COUNT: chunk size is: 41943040 , size is: 41943040 , layer_num is: 290 , node: 0
DEBUG_STREAM_CREATE: Creating stream #286 for dataset id: 752 (total_streams=1)
DEBUG_STREAM_COUNT: Generated 1 streams for layer 290 (UNKNOWN), total injected: 287
info: all-gather forward pass collective issued for layer: attention_column, involved dimensions:  1, 0, 0, 0, 0, 0, 0, 0, 0, 0,
***** info: fwd pass comm collective for layer: attention_column is finished************
DEBUG_CHUNK_SIZE: size=41943040, preferred_dataset_splits=1, resulting chunk_size=41943040
DEBUG_COLLECTIVE_TYPE: layer=291, event=UNKNOWN (raw=0), size=41943040, chunk_size=41943040
DEBUG_STREAM_COUNT: chunk size is: 41943040 , size is: 41943040 , layer_num is: 291 , node: 0
DEBUG_STREAM_CREATE: Creating stream #287 for dataset id: 755 (total_streams=1)
DEBUG_STREAM_COUNT: Generated 1 streams for layer 291 (UNKNOWN), total injected: 288
info: reduce-scatter forward pass collective issued for layer: attention_row, involved dimensions:  1, 0, 0, 0, 0, 0, 0, 0, 0, 0,
***** info: fwd pass comm collective for layer: attention_row is finished************
DEBUG_CHUNK_SIZE: size=131072, preferred_dataset_splits=1, resulting chunk_size=131072
DEBUG_COLLECTIVE_TYPE: layer=292, event=UNKNOWN (raw=0), size=131072, chunk_size=131072
DEBUG_STREAM_COUNT: chunk size is: 131072 , size is: 131072 , layer_num is: 292 , node: 0
DEBUG_STREAM_CREATE: Creating stream #288 for dataset id: 756 (total_streams=1)
DEBUG_STREAM_COUNT: Generated 1 streams for layer 292 (UNKNOWN), total injected: 289
info: all-gather forward pass collective issued for layer: mlp_moelayer, involved dimensions:  1, 0, 0, 0, 0, 0, 0, 0, 0, 0,
***** info: fwd pass comm collective for layer: mlp_moelayer is finished************
DEBUG_CHUNK_SIZE: size=20971520, preferred_dataset_splits=1, resulting chunk_size=20971520
DEBUG_COLLECTIVE_TYPE: layer=293, event=UNKNOWN (raw=0), size=20971520, chunk_size=20971520
DEBUG_STREAM_COUNT: chunk size is: 20971520 , size is: 20971520 , layer_num is: 293 , node: 0
DEBUG_STREAM_CREATE: Creating stream #289 for dataset id: 759 (total_streams=1)
DEBUG_STREAM_COUNT: Generated 1 streams for layer 293 (UNKNOWN), total injected: 290
info: all-to-all forward pass collective issued for layer: mlp_moelayer, involved dimensions:  1, 0, 0, 0, 0, 0, 0, 0, 0, 0,
***** info: fwd pass comm collective for layer: mlp_moelayer is finished************
DEBUG_CHUNK_SIZE: size=83886080, preferred_dataset_splits=1, resulting chunk_size=83886080
DEBUG_COLLECTIVE_TYPE: layer=294, event=UNKNOWN (raw=0), size=83886080, chunk_size=83886080
DEBUG_STREAM_COUNT: chunk size is: 83886080 , size is: 83886080 , layer_num is: 294 , node: 0
DEBUG_STREAM_CREATE: Creating stream #290 for dataset id: 760 (total_streams=1)
DEBUG_STREAM_COUNT: Generated 1 streams for layer 294 (UNKNOWN), total injected: 291
info: all-to-all forward pass collective issued for layer: mlp_moelayer, involved dimensions:  1, 0, 0, 0, 0, 0, 0, 0, 0, 0,
***** info: fwd pass comm collective for layer: mlp_moelayer is finished************
DEBUG_CHUNK_SIZE: size=83886080, preferred_dataset_splits=1, resulting chunk_size=83886080
DEBUG_COLLECTIVE_TYPE: layer=295, event=UNKNOWN (raw=0), size=83886080, chunk_size=83886080
DEBUG_STREAM_COUNT: chunk size is: 83886080 , size is: 83886080 , layer_num is: 295 , node: 0
DEBUG_STREAM_CREATE: Creating stream #291 for dataset id: 763 (total_streams=1)
DEBUG_STREAM_COUNT: Generated 1 streams for layer 295 (UNKNOWN), total injected: 292
info: all-gather forward pass collective issued for layer: mlp_moelayer, involved dimensions:  1, 0, 0, 0, 0, 0, 0, 0, 0, 0,
***** info: fwd pass comm collective for layer: mlp_moelayer is finished************
DEBUG_CHUNK_SIZE: size=83886080, preferred_dataset_splits=1, resulting chunk_size=83886080
DEBUG_COLLECTIVE_TYPE: layer=296, event=UNKNOWN (raw=0), size=83886080, chunk_size=83886080
DEBUG_STREAM_COUNT: chunk size is: 83886080 , size is: 83886080 , layer_num is: 296 , node: 0
DEBUG_STREAM_CREATE: Creating stream #292 for dataset id: 764 (total_streams=1)
DEBUG_STREAM_COUNT: Generated 1 streams for layer 296 (UNKNOWN), total injected: 293
info: reduce-scatter forward pass collective issued for layer: mlp_moelayer, involved dimensions:  1, 0, 0, 0, 0, 0, 0, 0, 0, 0,
***** info: fwd pass comm collective for layer: mlp_moelayer is finished************
DEBUG_CHUNK_SIZE: size=83886080, preferred_dataset_splits=1, resulting chunk_size=83886080
DEBUG_COLLECTIVE_TYPE: layer=297, event=UNKNOWN (raw=0), size=83886080, chunk_size=83886080
DEBUG_STREAM_COUNT: chunk size is: 83886080 , size is: 83886080 , layer_num is: 297 , node: 0
DEBUG_STREAM_CREATE: Creating stream #293 for dataset id: 767 (total_streams=1)
DEBUG_STREAM_COUNT: Generated 1 streams for layer 297 (UNKNOWN), total injected: 294
info: all-to-all forward pass collective issued for layer: mlp_moelayer, involved dimensions:  1, 0, 0, 0, 0, 0, 0, 0, 0, 0,
***** info: fwd pass comm collective for layer: mlp_moelayer is finished************
DEBUG_CHUNK_SIZE: size=20971520, preferred_dataset_splits=1, resulting chunk_size=20971520
DEBUG_COLLECTIVE_TYPE: layer=298, event=UNKNOWN (raw=0), size=20971520, chunk_size=20971520
DEBUG_STREAM_COUNT: chunk size is: 20971520 , size is: 20971520 , layer_num is: 298 , node: 0
DEBUG_STREAM_CREATE: Creating stream #294 for dataset id: 768 (total_streams=1)
DEBUG_STREAM_COUNT: Generated 1 streams for layer 298 (UNKNOWN), total injected: 295
info: all-to-all forward pass collective issued for layer: mlp_moelayer, involved dimensions:  1, 0, 0, 0, 0, 0, 0, 0, 0, 0,
***** info: fwd pass comm collective for layer: mlp_moelayer is finished************
DEBUG_CHUNK_SIZE: size=41943040, preferred_dataset_splits=1, resulting chunk_size=41943040
DEBUG_COLLECTIVE_TYPE: layer=299, event=UNKNOWN (raw=0), size=41943040, chunk_size=41943040
DEBUG_STREAM_COUNT: chunk size is: 41943040 , size is: 41943040 , layer_num is: 299 , node: 0
DEBUG_STREAM_CREATE: Creating stream #295 for dataset id: 771 (total_streams=1)
DEBUG_STREAM_COUNT: Generated 1 streams for layer 299 (UNKNOWN), total injected: 296
info: all-gather forward pass collective issued for layer: final_column, involved dimensions:  1, 0, 0, 0, 0, 0, 0, 0, 0, 0,
***** info: fwd pass comm collective for layer: final_column is finished************
DEBUG_CHUNK_SIZE: size=327680000, preferred_dataset_splits=1, resulting chunk_size=327680000
DEBUG_COLLECTIVE_TYPE: layer=300, event=UNKNOWN (raw=0), size=327680000, chunk_size=327680000
DEBUG_STREAM_COUNT: chunk size is: 327680000 , size is: 327680000 , layer_num is: 300 , node: 0
DEBUG_STREAM_CREATE: Creating stream #296 for dataset id: 772 (total_streams=1)
DEBUG_STREAM_COUNT: Generated 1 streams for layer 300 (UNKNOWN), total injected: 297
info: all-reduce forward pass collective issued for layer: embedding_norm, involved dimensions:  1, 0, 0, 0, 0, 0, 0, 0, 0, 0,
***** info: fwd pass comm collective for layer: embedding_norm is finished************
DEBUG_CHUNK_SIZE: size=16384, preferred_dataset_splits=1, resulting chunk_size=16384
DEBUG_COLLECTIVE_TYPE: layer=301, event=UNKNOWN (raw=0), size=16384, chunk_size=16384
DEBUG_STREAM_COUNT: chunk size is: 16384 , size is: 16384 , layer_num is: 301 , node: 0
DEBUG_STREAM_CREATE: Creating stream #297 for dataset id: 774 (total_streams=1)
DEBUG_STREAM_COUNT: Generated 1 streams for layer 301 (UNKNOWN), total injected: 298
info: all-reduce forward pass collective issued for layer: cross_entropy1, involved dimensions:  1, 0, 0, 0, 0, 0, 0, 0, 0, 0,
***** info: fwd pass comm collective for layer: cross_entropy1 is finished************
DEBUG_CHUNK_SIZE: size=16384, preferred_dataset_splits=1, resulting chunk_size=16384
DEBUG_COLLECTIVE_TYPE: layer=302, event=UNKNOWN (raw=0), size=16384, chunk_size=16384
DEBUG_STREAM_COUNT: chunk size is: 16384 , size is: 16384 , layer_num is: 302 , node: 0
DEBUG_STREAM_CREATE: Creating stream #298 for dataset id: 776 (total_streams=1)
DEBUG_STREAM_COUNT: Generated 1 streams for layer 302 (UNKNOWN), total injected: 299
info: all-reduce forward pass collective issued for layer: cross_entropy2, involved dimensions:  1, 0, 0, 0, 0, 0, 0, 0, 0, 0,
***** info: fwd pass comm collective for layer: cross_entropy2 is finished************
DEBUG_CHUNK_SIZE: size=16384, preferred_dataset_splits=1, resulting chunk_size=16384
DEBUG_COLLECTIVE_TYPE: layer=303, event=UNKNOWN (raw=0), size=16384, chunk_size=16384
DEBUG_STREAM_COUNT: chunk size is: 16384 , size is: 16384 , layer_num is: 303 , node: 0
DEBUG_STREAM_CREATE: Creating stream #299 for dataset id: 778 (total_streams=1)
DEBUG_STREAM_COUNT: Generated 1 streams for layer 303 (UNKNOWN), total injected: 300
info: all-reduce forward pass collective issued for layer: cross_entropy3, involved dimensions:  1, 0, 0, 0, 0, 0, 0, 0, 0, 0,
***** info: fwd pass comm collective for layer: cross_entropy3 is finished************
DEBUG_CHUNK_SIZE: size=4096, preferred_dataset_splits=1, resulting chunk_size=4096
DEBUG_COLLECTIVE_TYPE: layer=304, event=UNKNOWN (raw=0), size=4096, chunk_size=4096
DEBUG_STREAM_COUNT: chunk size is: 4096 , size is: 4096 , layer_num is: 304 , node: 0
DEBUG_STREAM_CREATE: Creating stream #300 for dataset id: 780 (total_streams=1)
DEBUG_STREAM_COUNT: Generated 1 streams for layer 304 (UNKNOWN), total injected: 301
info: all-reduce forward pass collective issued for layer: optimizer1, involved dimensions:  1, 0, 0, 0, 0, 0, 0, 0, 0, 0,
***** info: fwd pass comm collective for layer: optimizer1 is finished************
DEBUG_CHUNK_SIZE: size=4096, preferred_dataset_splits=1, resulting chunk_size=4096
DEBUG_COLLECTIVE_TYPE: layer=305, event=UNKNOWN (raw=0), size=4096, chunk_size=4096
DEBUG_STREAM_COUNT: chunk size is: 4096 , size is: 4096 , layer_num is: 305 , node: 0
DEBUG_STREAM_CREATE: Creating stream #301 for dataset id: 782 (total_streams=1)
DEBUG_STREAM_COUNT: Generated 1 streams for layer 305 (UNKNOWN), total injected: 302
info: all-reduce forward pass collective issued for layer: optimizer2, involved dimensions:  1, 0, 0, 0, 0, 0, 0, 0, 0, 0,
***** info: fwd pass comm collective for layer: optimizer2 is finished************
DEBUG_CHUNK_SIZE: size=4096, preferred_dataset_splits=1, resulting chunk_size=4096
DEBUG_COLLECTIVE_TYPE: layer=306, event=UNKNOWN (raw=0), size=4096, chunk_size=4096
DEBUG_STREAM_COUNT: chunk size is: 4096 , size is: 4096 , layer_num is: 306 , node: 0
DEBUG_STREAM_CREATE: Creating stream #302 for dataset id: 784 (total_streams=1)
DEBUG_STREAM_COUNT: Generated 1 streams for layer 306 (UNKNOWN), total injected: 303
info: all-reduce forward pass collective issued for layer: optimizer3, involved dimensions:  1, 0, 0, 0, 0, 0, 0, 0, 0, 0,
***** info: fwd pass comm collective for layer: optimizer3 is finished************
DEBUG_CHUNK_SIZE: size=4096, preferred_dataset_splits=1, resulting chunk_size=4096
DEBUG_COLLECTIVE_TYPE: layer=307, event=UNKNOWN (raw=0), size=4096, chunk_size=4096
DEBUG_STREAM_COUNT: chunk size is: 4096 , size is: 4096 , layer_num is: 307 , node: 0
DEBUG_STREAM_CREATE: Creating stream #303 for dataset id: 786 (total_streams=1)
DEBUG_STREAM_COUNT: Generated 1 streams for layer 307 (UNKNOWN), total injected: 304
info: all-reduce forward pass collective issued for layer: optimizer4, involved dimensions:  1, 0, 0, 0, 0, 0, 0, 0, 0, 0,
***** info: fwd pass comm collective for layer: optimizer4 is finished************
info: no input grad collective for layer: optimizer4
info: no weight grad collective for layer: optimizer4
info: no input grad collective for layer: optimizer3
info: no weight grad collective for layer: optimizer3
info: no input grad collective for layer: optimizer2
info: no weight grad collective for layer: optimizer2
info: no input grad collective for layer: optimizer1
info: no weight grad collective for layer: optimizer1
info: no input grad collective for layer: cross_entropy3
info: no weight grad collective for layer: cross_entropy3
info: no input grad collective for layer: cross_entropy2
info: no weight grad collective for layer: cross_entropy2
info: no input grad collective for layer: cross_entropy1
info: no weight grad collective for layer: cross_entropy1
info: no input grad collective for layer: embedding_norm
info: no weight grad collective for layer: embedding_norm
info: no input grad collective for layer: final_column
info: no weight grad collective for layer: final_column
DEBUG_CHUNK_SIZE: size=20971520, preferred_dataset_splits=1, resulting chunk_size=20971520
DEBUG_COLLECTIVE_TYPE: layer=298, event=UNKNOWN (raw=0), size=20971520, chunk_size=20971520
DEBUG_STREAM_COUNT: chunk size is: 20971520 , size is: 20971520 , layer_num is: 298 , node: 0
DEBUG_STREAM_CREATE: Creating stream #304 for dataset id: 788 (total_streams=1)
DEBUG_STREAM_COUNT: Generated 1 streams for layer 298 (UNKNOWN), total injected: 305
info: all-to-all input grad collective issued for layer: mlp_moelayer, involved dimensions:  1, 0, 0, 0, 0, 0, 0, 0, 0, 0,
***** info: input gradient collective for layer: mlp_moelayer is finished************
info: no weight grad collective for layer: mlp_moelayer
DEBUG_CHUNK_SIZE: size=83886080, preferred_dataset_splits=1, resulting chunk_size=83886080
DEBUG_COLLECTIVE_TYPE: layer=297, event=UNKNOWN (raw=0), size=83886080, chunk_size=83886080
DEBUG_STREAM_COUNT: chunk size is: 83886080 , size is: 83886080 , layer_num is: 297 , node: 0
DEBUG_STREAM_CREATE: Creating stream #305 for dataset id: 791 (total_streams=1)
DEBUG_STREAM_COUNT: Generated 1 streams for layer 297 (UNKNOWN), total injected: 306
info: all-to-all input grad collective issued for layer: mlp_moelayer, involved dimensions:  1, 0, 0, 0, 0, 0, 0, 0, 0, 0,
***** info: input gradient collective for layer: mlp_moelayer is finished************
info: no weight grad collective for layer: mlp_moelayer
DEBUG_CHUNK_SIZE: size=83886080, preferred_dataset_splits=1, resulting chunk_size=83886080
DEBUG_COLLECTIVE_TYPE: layer=296, event=UNKNOWN (raw=0), size=83886080, chunk_size=83886080
DEBUG_STREAM_COUNT: chunk size is: 83886080 , size is: 83886080 , layer_num is: 296 , node: 0
DEBUG_STREAM_CREATE: Creating stream #306 for dataset id: 792 (total_streams=1)
DEBUG_STREAM_COUNT: Generated 1 streams for layer 296 (UNKNOWN), total injected: 307
info: all-gather input grad collective issued for layer: mlp_moelayer, involved dimensions:  1, 0, 0, 0, 0, 0, 0, 0, 0, 0,
***** info: input gradient collective for layer: mlp_moelayer is finished************
info: no weight grad collective for layer: mlp_moelayer
DEBUG_CHUNK_SIZE: size=167772160, preferred_dataset_splits=1, resulting chunk_size=167772160
DEBUG_COLLECTIVE_TYPE: layer=295, event=UNKNOWN (raw=0), size=167772160, chunk_size=167772160
DEBUG_STREAM_COUNT: chunk size is: 167772160 , size is: 167772160 , layer_num is: 295 , node: 0
DEBUG_STREAM_CREATE: Creating stream #307 for dataset id: 795 (total_streams=1)
DEBUG_STREAM_COUNT: Generated 1 streams for layer 295 (UNKNOWN), total injected: 308
info: all-gather input grad collective issued for layer: mlp_moelayer, involved dimensions:  1, 0, 0, 0, 0, 0, 0, 0, 0, 0,
***** info: input gradient collective for layer: mlp_moelayer is finished************
info: no weight grad collective for layer: mlp_moelayer
DEBUG_CHUNK_SIZE: size=83886080, preferred_dataset_splits=1, resulting chunk_size=83886080
DEBUG_COLLECTIVE_TYPE: layer=294, event=UNKNOWN (raw=0), size=83886080, chunk_size=83886080
DEBUG_STREAM_COUNT: chunk size is: 83886080 , size is: 83886080 , layer_num is: 294 , node: 0
DEBUG_STREAM_CREATE: Creating stream #308 for dataset id: 796 (total_streams=1)
DEBUG_STREAM_COUNT: Generated 1 streams for layer 294 (UNKNOWN), total injected: 309
info: all-to-all input grad collective issued for layer: mlp_moelayer, involved dimensions:  1, 0, 0, 0, 0, 0, 0, 0, 0, 0,
***** info: input gradient collective for layer: mlp_moelayer is finished************
info: no weight grad collective for layer: mlp_moelayer
DEBUG_CHUNK_SIZE: size=20971520, preferred_dataset_splits=1, resulting chunk_size=20971520
DEBUG_COLLECTIVE_TYPE: layer=293, event=UNKNOWN (raw=0), size=20971520, chunk_size=20971520
DEBUG_STREAM_COUNT: chunk size is: 20971520 , size is: 20971520 , layer_num is: 293 , node: 0
DEBUG_STREAM_CREATE: Creating stream #309 for dataset id: 799 (total_streams=1)
DEBUG_STREAM_COUNT: Generated 1 streams for layer 293 (UNKNOWN), total injected: 310
info: all-to-all input grad collective issued for layer: mlp_moelayer, involved dimensions:  1, 0, 0, 0, 0, 0, 0, 0, 0, 0,
***** info: input gradient collective for layer: mlp_moelayer is finished************
info: no weight grad collective for layer: mlp_moelayer
DEBUG_CHUNK_SIZE: size=131072, preferred_dataset_splits=1, resulting chunk_size=131072
DEBUG_COLLECTIVE_TYPE: layer=292, event=UNKNOWN (raw=0), size=131072, chunk_size=131072
DEBUG_STREAM_COUNT: chunk size is: 131072 , size is: 131072 , layer_num is: 292 , node: 0
DEBUG_STREAM_CREATE: Creating stream #310 for dataset id: 800 (total_streams=1)
DEBUG_STREAM_COUNT: Generated 1 streams for layer 292 (UNKNOWN), total injected: 311
info: all-gather input grad collective issued for layer: mlp_moelayer, involved dimensions:  1, 0, 0, 0, 0, 0, 0, 0, 0, 0,
***** info: input gradient collective for layer: mlp_moelayer is finished************
info: no weight grad collective for layer: mlp_moelayer
info: no input grad collective for layer: attention_row
info: no weight grad collective for layer: attention_row
info: no input grad collective for layer: attention_column
info: no weight grad collective for layer: attention_column
DEBUG_CHUNK_SIZE: size=20971520, preferred_dataset_splits=1, resulting chunk_size=20971520
DEBUG_COLLECTIVE_TYPE: layer=289, event=UNKNOWN (raw=0), size=20971520, chunk_size=20971520
DEBUG_STREAM_COUNT: chunk size is: 20971520 , size is: 20971520 , layer_num is: 289 , node: 0
DEBUG_STREAM_CREATE: Creating stream #311 for dataset id: 803 (total_streams=1)
DEBUG_STREAM_COUNT: Generated 1 streams for layer 289 (UNKNOWN), total injected: 312
info: all-to-all input grad collective issued for layer: mlp_moelayer, involved dimensions:  1, 0, 0, 0, 0, 0, 0, 0, 0, 0,
***** info: input gradient collective for layer: mlp_moelayer is finished************
info: no weight grad collective for layer: mlp_moelayer
DEBUG_CHUNK_SIZE: size=83886080, preferred_dataset_splits=1, resulting chunk_size=83886080
DEBUG_COLLECTIVE_TYPE: layer=288, event=UNKNOWN (raw=0), size=83886080, chunk_size=83886080
DEBUG_STREAM_COUNT: chunk size is: 83886080 , size is: 83886080 , layer_num is: 288 , node: 0
DEBUG_STREAM_CREATE: Creating stream #312 for dataset id: 804 (total_streams=1)
DEBUG_STREAM_COUNT: Generated 1 streams for layer 288 (UNKNOWN), total injected: 313
info: all-to-all input grad collective issued for layer: mlp_moelayer, involved dimensions:  1, 0, 0, 0, 0, 0, 0, 0, 0, 0,
***** info: input gradient collective for layer: mlp_moelayer is finished************
info: no weight grad collective for layer: mlp_moelayer
DEBUG_CHUNK_SIZE: size=83886080, preferred_dataset_splits=1, resulting chunk_size=83886080
DEBUG_COLLECTIVE_TYPE: layer=287, event=UNKNOWN (raw=0), size=83886080, chunk_size=83886080
DEBUG_STREAM_COUNT: chunk size is: 83886080 , size is: 83886080 , layer_num is: 287 , node: 0
DEBUG_STREAM_CREATE: Creating stream #313 for dataset id: 807 (total_streams=1)
DEBUG_STREAM_COUNT: Generated 1 streams for layer 287 (UNKNOWN), total injected: 314
info: all-gather input grad collective issued for layer: mlp_moelayer, involved dimensions:  1, 0, 0, 0, 0, 0, 0, 0, 0, 0,
***** info: input gradient collective for layer: mlp_moelayer is finished************
info: no weight grad collective for layer: mlp_moelayer
DEBUG_CHUNK_SIZE: size=167772160, preferred_dataset_splits=1, resulting chunk_size=167772160
DEBUG_COLLECTIVE_TYPE: layer=286, event=UNKNOWN (raw=0), size=167772160, chunk_size=167772160
DEBUG_STREAM_COUNT: chunk size is: 167772160 , size is: 167772160 , layer_num is: 286 , node: 0
DEBUG_STREAM_CREATE: Creating stream #314 for dataset id: 808 (total_streams=1)
DEBUG_STREAM_COUNT: Generated 1 streams for layer 286 (UNKNOWN), total injected: 315
info: all-gather input grad collective issued for layer: mlp_moelayer, involved dimensions:  1, 0, 0, 0, 0, 0, 0, 0, 0, 0,
***** info: input gradient collective for layer: mlp_moelayer is finished************
info: no weight grad collective for layer: mlp_moelayer
DEBUG_CHUNK_SIZE: size=83886080, preferred_dataset_splits=1, resulting chunk_size=83886080
DEBUG_COLLECTIVE_TYPE: layer=285, event=UNKNOWN (raw=0), size=83886080, chunk_size=83886080
DEBUG_STREAM_COUNT: chunk size is: 83886080 , size is: 83886080 , layer_num is: 285 , node: 0
DEBUG_STREAM_CREATE: Creating stream #315 for dataset id: 811 (total_streams=1)
DEBUG_STREAM_COUNT: Generated 1 streams for layer 285 (UNKNOWN), total injected: 316
info: all-to-all input grad collective issued for layer: mlp_moelayer, involved dimensions:  1, 0, 0, 0, 0, 0, 0, 0, 0, 0,
***** info: input gradient collective for layer: mlp_moelayer is finished************
info: no weight grad collective for layer: mlp_moelayer
DEBUG_CHUNK_SIZE: size=20971520, preferred_dataset_splits=1, resulting chunk_size=20971520
DEBUG_COLLECTIVE_TYPE: layer=284, event=UNKNOWN (raw=0), size=20971520, chunk_size=20971520
DEBUG_STREAM_COUNT: chunk size is: 20971520 , size is: 20971520 , layer_num is: 284 , node: 0
DEBUG_STREAM_CREATE: Creating stream #316 for dataset id: 812 (total_streams=1)
DEBUG_STREAM_COUNT: Generated 1 streams for layer 284 (UNKNOWN), total injected: 317
info: all-to-all input grad collective issued for layer: mlp_moelayer, involved dimensions:  1, 0, 0, 0, 0, 0, 0, 0, 0, 0,
***** info: input gradient collective for layer: mlp_moelayer is finished************
info: no weight grad collective for layer: mlp_moelayer
DEBUG_CHUNK_SIZE: size=131072, preferred_dataset_splits=1, resulting chunk_size=131072
DEBUG_COLLECTIVE_TYPE: layer=283, event=UNKNOWN (raw=0), size=131072, chunk_size=131072
DEBUG_STREAM_COUNT: chunk size is: 131072 , size is: 131072 , layer_num is: 283 , node: 0
DEBUG_STREAM_CREATE: Creating stream #317 for dataset id: 815 (total_streams=1)
DEBUG_STREAM_COUNT: Generated 1 streams for layer 283 (UNKNOWN), total injected: 318
info: all-gather input grad collective issued for layer: mlp_moelayer, involved dimensions:  1, 0, 0, 0, 0, 0, 0, 0, 0, 0,
***** info: input gradient collective for layer: mlp_moelayer is finished************
info: no weight grad collective for layer: mlp_moelayer
info: no input grad collective for layer: attention_row
info: no weight grad collective for layer: attention_row
info: no input grad collective for layer: attention_column
info: no weight grad collective for layer: attention_column
DEBUG_CHUNK_SIZE: size=20971520, preferred_dataset_splits=1, resulting chunk_size=20971520
DEBUG_COLLECTIVE_TYPE: layer=280, event=UNKNOWN (raw=0), size=20971520, chunk_size=20971520
DEBUG_STREAM_COUNT: chunk size is: 20971520 , size is: 20971520 , layer_num is: 280 , node: 0
DEBUG_STREAM_CREATE: Creating stream #318 for dataset id: 816 (total_streams=1)
DEBUG_STREAM_COUNT: Generated 1 streams for layer 280 (UNKNOWN), total injected: 319
info: all-to-all input grad collective issued for layer: mlp_moelayer, involved dimensions:  1, 0, 0, 0, 0, 0, 0, 0, 0, 0,
***** info: input gradient collective for layer: mlp_moelayer is finished************
info: no weight grad collective for layer: mlp_moelayer
DEBUG_CHUNK_SIZE: size=83886080, preferred_dataset_splits=1, resulting chunk_size=83886080
DEBUG_COLLECTIVE_TYPE: layer=279, event=UNKNOWN (raw=0), size=83886080, chunk_size=83886080
DEBUG_STREAM_COUNT: chunk size is: 83886080 , size is: 83886080 , layer_num is: 279 , node: 0
DEBUG_STREAM_CREATE: Creating stream #319 for dataset id: 819 (total_streams=1)
DEBUG_STREAM_COUNT: Generated 1 streams for layer 279 (UNKNOWN), total injected: 320
info: all-to-all input grad collective issued for layer: mlp_moelayer, involved dimensions:  1, 0, 0, 0, 0, 0, 0, 0, 0, 0,
***** info: input gradient collective for layer: mlp_moelayer is finished************
info: no weight grad collective for layer: mlp_moelayer
DEBUG_CHUNK_SIZE: size=83886080, preferred_dataset_splits=1, resulting chunk_size=83886080
DEBUG_COLLECTIVE_TYPE: layer=278, event=UNKNOWN (raw=0), size=83886080, chunk_size=83886080
DEBUG_STREAM_COUNT: chunk size is: 83886080 , size is: 83886080 , layer_num is: 278 , node: 0
DEBUG_STREAM_CREATE: Creating stream #320 for dataset id: 820 (total_streams=1)
DEBUG_STREAM_COUNT: Generated 1 streams for layer 278 (UNKNOWN), total injected: 321
info: all-gather input grad collective issued for layer: mlp_moelayer, involved dimensions:  1, 0, 0, 0, 0, 0, 0, 0, 0, 0,
***** info: input gradient collective for layer: mlp_moelayer is finished************
info: no weight grad collective for layer: mlp_moelayer
DEBUG_CHUNK_SIZE: size=167772160, preferred_dataset_splits=1, resulting chunk_size=167772160
DEBUG_COLLECTIVE_TYPE: layer=277, event=UNKNOWN (raw=0), size=167772160, chunk_size=167772160
DEBUG_STREAM_COUNT: chunk size is: 167772160 , size is: 167772160 , layer_num is: 277 , node: 0
DEBUG_STREAM_CREATE: Creating stream #321 for dataset id: 823 (total_streams=1)
DEBUG_STREAM_COUNT: Generated 1 streams for layer 277 (UNKNOWN), total injected: 322
info: all-gather input grad collective issued for layer: mlp_moelayer, involved dimensions:  1, 0, 0, 0, 0, 0, 0, 0, 0, 0,
***** info: input gradient collective for layer: mlp_moelayer is finished************
info: no weight grad collective for layer: mlp_moelayer
DEBUG_CHUNK_SIZE: size=83886080, preferred_dataset_splits=1, resulting chunk_size=83886080
DEBUG_COLLECTIVE_TYPE: layer=276, event=UNKNOWN (raw=0), size=83886080, chunk_size=83886080
DEBUG_STREAM_COUNT: chunk size is: 83886080 , size is: 83886080 , layer_num is: 276 , node: 0
DEBUG_STREAM_CREATE: Creating stream #322 for dataset id: 824 (total_streams=1)
DEBUG_STREAM_COUNT: Generated 1 streams for layer 276 (UNKNOWN), total injected: 323
info: all-to-all input grad collective issued for layer: mlp_moelayer, involved dimensions:  1, 0, 0, 0, 0, 0, 0, 0, 0, 0,
***** info: input gradient collective for layer: mlp_moelayer is finished************
info: no weight grad collective for layer: mlp_moelayer
DEBUG_CHUNK_SIZE: size=20971520, preferred_dataset_splits=1, resulting chunk_size=20971520
DEBUG_COLLECTIVE_TYPE: layer=275, event=UNKNOWN (raw=0), size=20971520, chunk_size=20971520
DEBUG_STREAM_COUNT: chunk size is: 20971520 , size is: 20971520 , layer_num is: 275 , node: 0
DEBUG_STREAM_CREATE: Creating stream #323 for dataset id: 827 (total_streams=1)
DEBUG_STREAM_COUNT: Generated 1 streams for layer 275 (UNKNOWN), total injected: 324
info: all-to-all input grad collective issued for layer: mlp_moelayer, involved dimensions:  1, 0, 0, 0, 0, 0, 0, 0, 0, 0,
***** info: input gradient collective for layer: mlp_moelayer is finished************
info: no weight grad collective for layer: mlp_moelayer
DEBUG_CHUNK_SIZE: size=131072, preferred_dataset_splits=1, resulting chunk_size=131072
DEBUG_COLLECTIVE_TYPE: layer=274, event=UNKNOWN (raw=0), size=131072, chunk_size=131072
DEBUG_STREAM_COUNT: chunk size is: 131072 , size is: 131072 , layer_num is: 274 , node: 0
DEBUG_STREAM_CREATE: Creating stream #324 for dataset id: 828 (total_streams=1)
DEBUG_STREAM_COUNT: Generated 1 streams for layer 274 (UNKNOWN), total injected: 325
info: all-gather input grad collective issued for layer: mlp_moelayer, involved dimensions:  1, 0, 0, 0, 0, 0, 0, 0, 0, 0,
***** info: input gradient collective for layer: mlp_moelayer is finished************
info: no weight grad collective for layer: mlp_moelayer
info: no input grad collective for layer: attention_row
info: no weight grad collective for layer: attention_row
info: no input grad collective for layer: attention_column
info: no weight grad collective for layer: attention_column
DEBUG_CHUNK_SIZE: size=20971520, preferred_dataset_splits=1, resulting chunk_size=20971520
DEBUG_COLLECTIVE_TYPE: layer=271, event=UNKNOWN (raw=0), size=20971520, chunk_size=20971520
DEBUG_STREAM_COUNT: chunk size is: 20971520 , size is: 20971520 , layer_num is: 271 , node: 0
DEBUG_STREAM_CREATE: Creating stream #325 for dataset id: 831 (total_streams=1)
DEBUG_STREAM_COUNT: Generated 1 streams for layer 271 (UNKNOWN), total injected: 326
info: all-to-all input grad collective issued for layer: mlp_moelayer, involved dimensions:  1, 0, 0, 0, 0, 0, 0, 0, 0, 0,
***** info: input gradient collective for layer: mlp_moelayer is finished************
info: no weight grad collective for layer: mlp_moelayer
DEBUG_CHUNK_SIZE: size=83886080, preferred_dataset_splits=1, resulting chunk_size=83886080
DEBUG_COLLECTIVE_TYPE: layer=270, event=UNKNOWN (raw=0), size=83886080, chunk_size=83886080
DEBUG_STREAM_COUNT: chunk size is: 83886080 , size is: 83886080 , layer_num is: 270 , node: 0
DEBUG_STREAM_CREATE: Creating stream #326 for dataset id: 832 (total_streams=1)
DEBUG_STREAM_COUNT: Generated 1 streams for layer 270 (UNKNOWN), total injected: 327
info: all-to-all input grad collective issued for layer: mlp_moelayer, involved dimensions:  1, 0, 0, 0, 0, 0, 0, 0, 0, 0,
***** info: input gradient collective for layer: mlp_moelayer is finished************
info: no weight grad collective for layer: mlp_moelayer
DEBUG_CHUNK_SIZE: size=83886080, preferred_dataset_splits=1, resulting chunk_size=83886080
DEBUG_COLLECTIVE_TYPE: layer=269, event=UNKNOWN (raw=0), size=83886080, chunk_size=83886080
DEBUG_STREAM_COUNT: chunk size is: 83886080 , size is: 83886080 , layer_num is: 269 , node: 0
DEBUG_STREAM_CREATE: Creating stream #327 for dataset id: 835 (total_streams=1)
DEBUG_STREAM_COUNT: Generated 1 streams for layer 269 (UNKNOWN), total injected: 328
info: all-gather input grad collective issued for layer: mlp_moelayer, involved dimensions:  1, 0, 0, 0, 0, 0, 0, 0, 0, 0,
***** info: input gradient collective for layer: mlp_moelayer is finished************
info: no weight grad collective for layer: mlp_moelayer
DEBUG_CHUNK_SIZE: size=167772160, preferred_dataset_splits=1, resulting chunk_size=167772160
DEBUG_COLLECTIVE_TYPE: layer=268, event=UNKNOWN (raw=0), size=167772160, chunk_size=167772160
DEBUG_STREAM_COUNT: chunk size is: 167772160 , size is: 167772160 , layer_num is: 268 , node: 0
DEBUG_STREAM_CREATE: Creating stream #328 for dataset id: 836 (total_streams=1)
DEBUG_STREAM_COUNT: Generated 1 streams for layer 268 (UNKNOWN), total injected: 329
info: all-gather input grad collective issued for layer: mlp_moelayer, involved dimensions:  1, 0, 0, 0, 0, 0, 0, 0, 0, 0,
***** info: input gradient collective for layer: mlp_moelayer is finished************
info: no weight grad collective for layer: mlp_moelayer
DEBUG_CHUNK_SIZE: size=83886080, preferred_dataset_splits=1, resulting chunk_size=83886080
DEBUG_COLLECTIVE_TYPE: layer=267, event=UNKNOWN (raw=0), size=83886080, chunk_size=83886080
DEBUG_STREAM_COUNT: chunk size is: 83886080 , size is: 83886080 , layer_num is: 267 , node: 0
DEBUG_STREAM_CREATE: Creating stream #329 for dataset id: 839 (total_streams=1)
DEBUG_STREAM_COUNT: Generated 1 streams for layer 267 (UNKNOWN), total injected: 330
info: all-to-all input grad collective issued for layer: mlp_moelayer, involved dimensions:  1, 0, 0, 0, 0, 0, 0, 0, 0, 0,
***** info: input gradient collective for layer: mlp_moelayer is finished************
info: no weight grad collective for layer: mlp_moelayer
DEBUG_CHUNK_SIZE: size=20971520, preferred_dataset_splits=1, resulting chunk_size=20971520
DEBUG_COLLECTIVE_TYPE: layer=266, event=UNKNOWN (raw=0), size=20971520, chunk_size=20971520
DEBUG_STREAM_COUNT: chunk size is: 20971520 , size is: 20971520 , layer_num is: 266 , node: 0
DEBUG_STREAM_CREATE: Creating stream #330 for dataset id: 840 (total_streams=1)
DEBUG_STREAM_COUNT: Generated 1 streams for layer 266 (UNKNOWN), total injected: 331
info: all-to-all input grad collective issued for layer: mlp_moelayer, involved dimensions:  1, 0, 0, 0, 0, 0, 0, 0, 0, 0,
***** info: input gradient collective for layer: mlp_moelayer is finished************
info: no weight grad collective for layer: mlp_moelayer
DEBUG_CHUNK_SIZE: size=131072, preferred_dataset_splits=1, resulting chunk_size=131072
DEBUG_COLLECTIVE_TYPE: layer=265, event=UNKNOWN (raw=0), size=131072, chunk_size=131072
DEBUG_STREAM_COUNT: chunk size is: 131072 , size is: 131072 , layer_num is: 265 , node: 0
DEBUG_STREAM_CREATE: Creating stream #331 for dataset id: 843 (total_streams=1)
DEBUG_STREAM_COUNT: Generated 1 streams for layer 265 (UNKNOWN), total injected: 332
info: all-gather input grad collective issued for layer: mlp_moelayer, involved dimensions:  1, 0, 0, 0, 0, 0, 0, 0, 0, 0,
***** info: input gradient collective for layer: mlp_moelayer is finished************
info: no weight grad collective for layer: mlp_moelayer
info: no input grad collective for layer: attention_row
info: no weight grad collective for layer: attention_row
info: no input grad collective for layer: attention_column
info: no weight grad collective for layer: attention_column
DEBUG_CHUNK_SIZE: size=20971520, preferred_dataset_splits=1, resulting chunk_size=20971520
DEBUG_COLLECTIVE_TYPE: layer=262, event=UNKNOWN (raw=0), size=20971520, chunk_size=20971520
DEBUG_STREAM_COUNT: chunk size is: 20971520 , size is: 20971520 , layer_num is: 262 , node: 0
DEBUG_STREAM_CREATE: Creating stream #332 for dataset id: 844 (total_streams=1)
DEBUG_STREAM_COUNT: Generated 1 streams for layer 262 (UNKNOWN), total injected: 333
info: all-to-all input grad collective issued for layer: mlp_moelayer, involved dimensions:  1, 0, 0, 0, 0, 0, 0, 0, 0, 0,
***** info: input gradient collective for layer: mlp_moelayer is finished************
info: no weight grad collective for layer: mlp_moelayer
DEBUG_CHUNK_SIZE: size=83886080, preferred_dataset_splits=1, resulting chunk_size=83886080
DEBUG_COLLECTIVE_TYPE: layer=261, event=UNKNOWN (raw=0), size=83886080, chunk_size=83886080
DEBUG_STREAM_COUNT: chunk size is: 83886080 , size is: 83886080 , layer_num is: 261 , node: 0
DEBUG_STREAM_CREATE: Creating stream #333 for dataset id: 847 (total_streams=1)
DEBUG_STREAM_COUNT: Generated 1 streams for layer 261 (UNKNOWN), total injected: 334
info: all-to-all input grad collective issued for layer: mlp_moelayer, involved dimensions:  1, 0, 0, 0, 0, 0, 0, 0, 0, 0,
***** info: input gradient collective for layer: mlp_moelayer is finished************
info: no weight grad collective for layer: mlp_moelayer
DEBUG_CHUNK_SIZE: size=83886080, preferred_dataset_splits=1, resulting chunk_size=83886080
DEBUG_COLLECTIVE_TYPE: layer=260, event=UNKNOWN (raw=0), size=83886080, chunk_size=83886080
DEBUG_STREAM_COUNT: chunk size is: 83886080 , size is: 83886080 , layer_num is: 260 , node: 0
DEBUG_STREAM_CREATE: Creating stream #334 for dataset id: 848 (total_streams=1)
DEBUG_STREAM_COUNT: Generated 1 streams for layer 260 (UNKNOWN), total injected: 335
info: all-gather input grad collective issued for layer: mlp_moelayer, involved dimensions:  1, 0, 0, 0, 0, 0, 0, 0, 0, 0,
***** info: input gradient collective for layer: mlp_moelayer is finished************
info: no weight grad collective for layer: mlp_moelayer
DEBUG_CHUNK_SIZE: size=167772160, preferred_dataset_splits=1, resulting chunk_size=167772160
DEBUG_COLLECTIVE_TYPE: layer=259, event=UNKNOWN (raw=0), size=167772160, chunk_size=167772160
DEBUG_STREAM_COUNT: chunk size is: 167772160 , size is: 167772160 , layer_num is: 259 , node: 0
DEBUG_STREAM_CREATE: Creating stream #335 for dataset id: 851 (total_streams=1)
DEBUG_STREAM_COUNT: Generated 1 streams for layer 259 (UNKNOWN), total injected: 336
info: all-gather input grad collective issued for layer: mlp_moelayer, involved dimensions:  1, 0, 0, 0, 0, 0, 0, 0, 0, 0,
***** info: input gradient collective for layer: mlp_moelayer is finished************
info: no weight grad collective for layer: mlp_moelayer
DEBUG_CHUNK_SIZE: size=83886080, preferred_dataset_splits=1, resulting chunk_size=83886080
DEBUG_COLLECTIVE_TYPE: layer=258, event=UNKNOWN (raw=0), size=83886080, chunk_size=83886080
DEBUG_STREAM_COUNT: chunk size is: 83886080 , size is: 83886080 , layer_num is: 258 , node: 0
DEBUG_STREAM_CREATE: Creating stream #336 for dataset id: 852 (total_streams=1)
DEBUG_STREAM_COUNT: Generated 1 streams for layer 258 (UNKNOWN), total injected: 337
info: all-to-all input grad collective issued for layer: mlp_moelayer, involved dimensions:  1, 0, 0, 0, 0, 0, 0, 0, 0, 0,
***** info: input gradient collective for layer: mlp_moelayer is finished************
info: no weight grad collective for layer: mlp_moelayer
DEBUG_CHUNK_SIZE: size=20971520, preferred_dataset_splits=1, resulting chunk_size=20971520
DEBUG_COLLECTIVE_TYPE: layer=257, event=UNKNOWN (raw=0), size=20971520, chunk_size=20971520
DEBUG_STREAM_COUNT: chunk size is: 20971520 , size is: 20971520 , layer_num is: 257 , node: 0
DEBUG_STREAM_CREATE: Creating stream #337 for dataset id: 855 (total_streams=1)
DEBUG_STREAM_COUNT: Generated 1 streams for layer 257 (UNKNOWN), total injected: 338
info: all-to-all input grad collective issued for layer: mlp_moelayer, involved dimensions:  1, 0, 0, 0, 0, 0, 0, 0, 0, 0,
***** info: input gradient collective for layer: mlp_moelayer is finished************
info: no weight grad collective for layer: mlp_moelayer
DEBUG_CHUNK_SIZE: size=131072, preferred_dataset_splits=1, resulting chunk_size=131072
DEBUG_COLLECTIVE_TYPE: layer=256, event=UNKNOWN (raw=0), size=131072, chunk_size=131072
DEBUG_STREAM_COUNT: chunk size is: 131072 , size is: 131072 , layer_num is: 256 , node: 0
DEBUG_STREAM_CREATE: Creating stream #338 for dataset id: 856 (total_streams=1)
DEBUG_STREAM_COUNT: Generated 1 streams for layer 256 (UNKNOWN), total injected: 339
info: all-gather input grad collective issued for layer: mlp_moelayer, involved dimensions:  1, 0, 0, 0, 0, 0, 0, 0, 0, 0,
***** info: input gradient collective for layer: mlp_moelayer is finished************
info: no weight grad collective for layer: mlp_moelayer
info: no input grad collective for layer: attention_row
info: no weight grad collective for layer: attention_row
info: no input grad collective for layer: attention_column
info: no weight grad collective for layer: attention_column
DEBUG_CHUNK_SIZE: size=20971520, preferred_dataset_splits=1, resulting chunk_size=20971520
DEBUG_COLLECTIVE_TYPE: layer=253, event=UNKNOWN (raw=0), size=20971520, chunk_size=20971520
DEBUG_STREAM_COUNT: chunk size is: 20971520 , size is: 20971520 , layer_num is: 253 , node: 0
DEBUG_STREAM_CREATE: Creating stream #339 for dataset id: 859 (total_streams=1)
DEBUG_STREAM_COUNT: Generated 1 streams for layer 253 (UNKNOWN), total injected: 340
info: all-to-all input grad collective issued for layer: mlp_moelayer, involved dimensions:  1, 0, 0, 0, 0, 0, 0, 0, 0, 0,
***** info: input gradient collective for layer: mlp_moelayer is finished************
info: no weight grad collective for layer: mlp_moelayer
DEBUG_CHUNK_SIZE: size=83886080, preferred_dataset_splits=1, resulting chunk_size=83886080
DEBUG_COLLECTIVE_TYPE: layer=252, event=UNKNOWN (raw=0), size=83886080, chunk_size=83886080
DEBUG_STREAM_COUNT: chunk size is: 83886080 , size is: 83886080 , layer_num is: 252 , node: 0
DEBUG_STREAM_CREATE: Creating stream #340 for dataset id: 860 (total_streams=1)
DEBUG_STREAM_COUNT: Generated 1 streams for layer 252 (UNKNOWN), total injected: 341
info: all-to-all input grad collective issued for layer: mlp_moelayer, involved dimensions:  1, 0, 0, 0, 0, 0, 0, 0, 0, 0,
***** info: input gradient collective for layer: mlp_moelayer is finished************
info: no weight grad collective for layer: mlp_moelayer
DEBUG_CHUNK_SIZE: size=83886080, preferred_dataset_splits=1, resulting chunk_size=83886080
DEBUG_COLLECTIVE_TYPE: layer=251, event=UNKNOWN (raw=0), size=83886080, chunk_size=83886080
DEBUG_STREAM_COUNT: chunk size is: 83886080 , size is: 83886080 , layer_num is: 251 , node: 0
DEBUG_STREAM_CREATE: Creating stream #341 for dataset id: 863 (total_streams=1)
DEBUG_STREAM_COUNT: Generated 1 streams for layer 251 (UNKNOWN), total injected: 342
info: all-gather input grad collective issued for layer: mlp_moelayer, involved dimensions:  1, 0, 0, 0, 0, 0, 0, 0, 0, 0,
***** info: input gradient collective for layer: mlp_moelayer is finished************
info: no weight grad collective for layer: mlp_moelayer
DEBUG_CHUNK_SIZE: size=167772160, preferred_dataset_splits=1, resulting chunk_size=167772160
DEBUG_COLLECTIVE_TYPE: layer=250, event=UNKNOWN (raw=0), size=167772160, chunk_size=167772160
DEBUG_STREAM_COUNT: chunk size is: 167772160 , size is: 167772160 , layer_num is: 250 , node: 0
DEBUG_STREAM_CREATE: Creating stream #342 for dataset id: 864 (total_streams=1)
DEBUG_STREAM_COUNT: Generated 1 streams for layer 250 (UNKNOWN), total injected: 343
info: all-gather input grad collective issued for layer: mlp_moelayer, involved dimensions:  1, 0, 0, 0, 0, 0, 0, 0, 0, 0,
***** info: input gradient collective for layer: mlp_moelayer is finished************
info: no weight grad collective for layer: mlp_moelayer
DEBUG_CHUNK_SIZE: size=83886080, preferred_dataset_splits=1, resulting chunk_size=83886080
DEBUG_COLLECTIVE_TYPE: layer=249, event=UNKNOWN (raw=0), size=83886080, chunk_size=83886080
DEBUG_STREAM_COUNT: chunk size is: 83886080 , size is: 83886080 , layer_num is: 249 , node: 0
DEBUG_STREAM_CREATE: Creating stream #343 for dataset id: 867 (total_streams=1)
DEBUG_STREAM_COUNT: Generated 1 streams for layer 249 (UNKNOWN), total injected: 344
info: all-to-all input grad collective issued for layer: mlp_moelayer, involved dimensions:  1, 0, 0, 0, 0, 0, 0, 0, 0, 0,
***** info: input gradient collective for layer: mlp_moelayer is finished************
info: no weight grad collective for layer: mlp_moelayer
DEBUG_CHUNK_SIZE: size=20971520, preferred_dataset_splits=1, resulting chunk_size=20971520
DEBUG_COLLECTIVE_TYPE: layer=248, event=UNKNOWN (raw=0), size=20971520, chunk_size=20971520
DEBUG_STREAM_COUNT: chunk size is: 20971520 , size is: 20971520 , layer_num is: 248 , node: 0
DEBUG_STREAM_CREATE: Creating stream #344 for dataset id: 868 (total_streams=1)
DEBUG_STREAM_COUNT: Generated 1 streams for layer 248 (UNKNOWN), total injected: 345
info: all-to-all input grad collective issued for layer: mlp_moelayer, involved dimensions:  1, 0, 0, 0, 0, 0, 0, 0, 0, 0,
***** info: input gradient collective for layer: mlp_moelayer is finished************
info: no weight grad collective for layer: mlp_moelayer
DEBUG_CHUNK_SIZE: size=131072, preferred_dataset_splits=1, resulting chunk_size=131072
DEBUG_COLLECTIVE_TYPE: layer=247, event=UNKNOWN (raw=0), size=131072, chunk_size=131072
DEBUG_STREAM_COUNT: chunk size is: 131072 , size is: 131072 , layer_num is: 247 , node: 0
DEBUG_STREAM_CREATE: Creating stream #345 for dataset id: 871 (total_streams=1)
DEBUG_STREAM_COUNT: Generated 1 streams for layer 247 (UNKNOWN), total injected: 346
info: all-gather input grad collective issued for layer: mlp_moelayer, involved dimensions:  1, 0, 0, 0, 0, 0, 0, 0, 0, 0,
***** info: input gradient collective for layer: mlp_moelayer is finished************
info: no weight grad collective for layer: mlp_moelayer
info: no input grad collective for layer: attention_row
info: no weight grad collective for layer: attention_row
info: no input grad collective for layer: attention_column
info: no weight grad collective for layer: attention_column
DEBUG_CHUNK_SIZE: size=20971520, preferred_dataset_splits=1, resulting chunk_size=20971520
DEBUG_COLLECTIVE_TYPE: layer=244, event=UNKNOWN (raw=0), size=20971520, chunk_size=20971520
DEBUG_STREAM_COUNT: chunk size is: 20971520 , size is: 20971520 , layer_num is: 244 , node: 0
DEBUG_STREAM_CREATE: Creating stream #346 for dataset id: 872 (total_streams=1)
DEBUG_STREAM_COUNT: Generated 1 streams for layer 244 (UNKNOWN), total injected: 347
info: all-to-all input grad collective issued for layer: mlp_moelayer, involved dimensions:  1, 0, 0, 0, 0, 0, 0, 0, 0, 0,
***** info: input gradient collective for layer: mlp_moelayer is finished************
info: no weight grad collective for layer: mlp_moelayer
DEBUG_CHUNK_SIZE: size=83886080, preferred_dataset_splits=1, resulting chunk_size=83886080
DEBUG_COLLECTIVE_TYPE: layer=243, event=UNKNOWN (raw=0), size=83886080, chunk_size=83886080
DEBUG_STREAM_COUNT: chunk size is: 83886080 , size is: 83886080 , layer_num is: 243 , node: 0
DEBUG_STREAM_CREATE: Creating stream #347 for dataset id: 875 (total_streams=1)
DEBUG_STREAM_COUNT: Generated 1 streams for layer 243 (UNKNOWN), total injected: 348
info: all-to-all input grad collective issued for layer: mlp_moelayer, involved dimensions:  1, 0, 0, 0, 0, 0, 0, 0, 0, 0,
***** info: input gradient collective for layer: mlp_moelayer is finished************
info: no weight grad collective for layer: mlp_moelayer
DEBUG_CHUNK_SIZE: size=83886080, preferred_dataset_splits=1, resulting chunk_size=83886080
DEBUG_COLLECTIVE_TYPE: layer=242, event=UNKNOWN (raw=0), size=83886080, chunk_size=83886080
DEBUG_STREAM_COUNT: chunk size is: 83886080 , size is: 83886080 , layer_num is: 242 , node: 0
DEBUG_STREAM_CREATE: Creating stream #348 for dataset id: 876 (total_streams=1)
DEBUG_STREAM_COUNT: Generated 1 streams for layer 242 (UNKNOWN), total injected: 349
info: all-gather input grad collective issued for layer: mlp_moelayer, involved dimensions:  1, 0, 0, 0, 0, 0, 0, 0, 0, 0,
***** info: input gradient collective for layer: mlp_moelayer is finished************
info: no weight grad collective for layer: mlp_moelayer
DEBUG_CHUNK_SIZE: size=167772160, preferred_dataset_splits=1, resulting chunk_size=167772160
DEBUG_COLLECTIVE_TYPE: layer=241, event=UNKNOWN (raw=0), size=167772160, chunk_size=167772160
DEBUG_STREAM_COUNT: chunk size is: 167772160 , size is: 167772160 , layer_num is: 241 , node: 0
DEBUG_STREAM_CREATE: Creating stream #349 for dataset id: 879 (total_streams=1)
DEBUG_STREAM_COUNT: Generated 1 streams for layer 241 (UNKNOWN), total injected: 350
info: all-gather input grad collective issued for layer: mlp_moelayer, involved dimensions:  1, 0, 0, 0, 0, 0, 0, 0, 0, 0,
***** info: input gradient collective for layer: mlp_moelayer is finished************
info: no weight grad collective for layer: mlp_moelayer
DEBUG_CHUNK_SIZE: size=83886080, preferred_dataset_splits=1, resulting chunk_size=83886080
DEBUG_COLLECTIVE_TYPE: layer=240, event=UNKNOWN (raw=0), size=83886080, chunk_size=83886080
DEBUG_STREAM_COUNT: chunk size is: 83886080 , size is: 83886080 , layer_num is: 240 , node: 0
DEBUG_STREAM_CREATE: Creating stream #350 for dataset id: 880 (total_streams=1)
DEBUG_STREAM_COUNT: Generated 1 streams for layer 240 (UNKNOWN), total injected: 351
info: all-to-all input grad collective issued for layer: mlp_moelayer, involved dimensions:  1, 0, 0, 0, 0, 0, 0, 0, 0, 0,
***** info: input gradient collective for layer: mlp_moelayer is finished************
info: no weight grad collective for layer: mlp_moelayer
DEBUG_CHUNK_SIZE: size=20971520, preferred_dataset_splits=1, resulting chunk_size=20971520
DEBUG_COLLECTIVE_TYPE: layer=239, event=UNKNOWN (raw=0), size=20971520, chunk_size=20971520
DEBUG_STREAM_COUNT: chunk size is: 20971520 , size is: 20971520 , layer_num is: 239 , node: 0
DEBUG_STREAM_CREATE: Creating stream #351 for dataset id: 883 (total_streams=1)
DEBUG_STREAM_COUNT: Generated 1 streams for layer 239 (UNKNOWN), total injected: 352
info: all-to-all input grad collective issued for layer: mlp_moelayer, involved dimensions:  1, 0, 0, 0, 0, 0, 0, 0, 0, 0,
***** info: input gradient collective for layer: mlp_moelayer is finished************
info: no weight grad collective for layer: mlp_moelayer
DEBUG_CHUNK_SIZE: size=131072, preferred_dataset_splits=1, resulting chunk_size=131072
DEBUG_COLLECTIVE_TYPE: layer=238, event=UNKNOWN (raw=0), size=131072, chunk_size=131072
DEBUG_STREAM_COUNT: chunk size is: 131072 , size is: 131072 , layer_num is: 238 , node: 0
DEBUG_STREAM_CREATE: Creating stream #352 for dataset id: 884 (total_streams=1)
DEBUG_STREAM_COUNT: Generated 1 streams for layer 238 (UNKNOWN), total injected: 353
info: all-gather input grad collective issued for layer: mlp_moelayer, involved dimensions:  1, 0, 0, 0, 0, 0, 0, 0, 0, 0,
***** info: input gradient collective for layer: mlp_moelayer is finished************
info: no weight grad collective for layer: mlp_moelayer
info: no input grad collective for layer: attention_row
info: no weight grad collective for layer: attention_row
info: no input grad collective for layer: attention_column
info: no weight grad collective for layer: attention_column
DEBUG_CHUNK_SIZE: size=20971520, preferred_dataset_splits=1, resulting chunk_size=20971520
DEBUG_COLLECTIVE_TYPE: layer=235, event=UNKNOWN (raw=0), size=20971520, chunk_size=20971520
DEBUG_STREAM_COUNT: chunk size is: 20971520 , size is: 20971520 , layer_num is: 235 , node: 0
DEBUG_STREAM_CREATE: Creating stream #353 for dataset id: 887 (total_streams=1)
DEBUG_STREAM_COUNT: Generated 1 streams for layer 235 (UNKNOWN), total injected: 354
info: all-to-all input grad collective issued for layer: mlp_moelayer, involved dimensions:  1, 0, 0, 0, 0, 0, 0, 0, 0, 0,
***** info: input gradient collective for layer: mlp_moelayer is finished************
info: no weight grad collective for layer: mlp_moelayer
DEBUG_CHUNK_SIZE: size=83886080, preferred_dataset_splits=1, resulting chunk_size=83886080
DEBUG_COLLECTIVE_TYPE: layer=234, event=UNKNOWN (raw=0), size=83886080, chunk_size=83886080
DEBUG_STREAM_COUNT: chunk size is: 83886080 , size is: 83886080 , layer_num is: 234 , node: 0
DEBUG_STREAM_CREATE: Creating stream #354 for dataset id: 888 (total_streams=1)
DEBUG_STREAM_COUNT: Generated 1 streams for layer 234 (UNKNOWN), total injected: 355
info: all-to-all input grad collective issued for layer: mlp_moelayer, involved dimensions:  1, 0, 0, 0, 0, 0, 0, 0, 0, 0,
***** info: input gradient collective for layer: mlp_moelayer is finished************
info: no weight grad collective for layer: mlp_moelayer
DEBUG_CHUNK_SIZE: size=83886080, preferred_dataset_splits=1, resulting chunk_size=83886080
DEBUG_COLLECTIVE_TYPE: layer=233, event=UNKNOWN (raw=0), size=83886080, chunk_size=83886080
DEBUG_STREAM_COUNT: chunk size is: 83886080 , size is: 83886080 , layer_num is: 233 , node: 0
DEBUG_STREAM_CREATE: Creating stream #355 for dataset id: 891 (total_streams=1)
DEBUG_STREAM_COUNT: Generated 1 streams for layer 233 (UNKNOWN), total injected: 356
info: all-gather input grad collective issued for layer: mlp_moelayer, involved dimensions:  1, 0, 0, 0, 0, 0, 0, 0, 0, 0,
***** info: input gradient collective for layer: mlp_moelayer is finished************
info: no weight grad collective for layer: mlp_moelayer
DEBUG_CHUNK_SIZE: size=167772160, preferred_dataset_splits=1, resulting chunk_size=167772160
DEBUG_COLLECTIVE_TYPE: layer=232, event=UNKNOWN (raw=0), size=167772160, chunk_size=167772160
DEBUG_STREAM_COUNT: chunk size is: 167772160 , size is: 167772160 , layer_num is: 232 , node: 0
DEBUG_STREAM_CREATE: Creating stream #356 for dataset id: 892 (total_streams=1)
DEBUG_STREAM_COUNT: Generated 1 streams for layer 232 (UNKNOWN), total injected: 357
info: all-gather input grad collective issued for layer: mlp_moelayer, involved dimensions:  1, 0, 0, 0, 0, 0, 0, 0, 0, 0,
***** info: input gradient collective for layer: mlp_moelayer is finished************
info: no weight grad collective for layer: mlp_moelayer
DEBUG_CHUNK_SIZE: size=83886080, preferred_dataset_splits=1, resulting chunk_size=83886080
DEBUG_COLLECTIVE_TYPE: layer=231, event=UNKNOWN (raw=0), size=83886080, chunk_size=83886080
DEBUG_STREAM_COUNT: chunk size is: 83886080 , size is: 83886080 , layer_num is: 231 , node: 0
DEBUG_STREAM_CREATE: Creating stream #357 for dataset id: 895 (total_streams=1)
DEBUG_STREAM_COUNT: Generated 1 streams for layer 231 (UNKNOWN), total injected: 358
info: all-to-all input grad collective issued for layer: mlp_moelayer, involved dimensions:  1, 0, 0, 0, 0, 0, 0, 0, 0, 0,
***** info: input gradient collective for layer: mlp_moelayer is finished************
info: no weight grad collective for layer: mlp_moelayer
DEBUG_CHUNK_SIZE: size=20971520, preferred_dataset_splits=1, resulting chunk_size=20971520
DEBUG_COLLECTIVE_TYPE: layer=230, event=UNKNOWN (raw=0), size=20971520, chunk_size=20971520
DEBUG_STREAM_COUNT: chunk size is: 20971520 , size is: 20971520 , layer_num is: 230 , node: 0
DEBUG_STREAM_CREATE: Creating stream #358 for dataset id: 896 (total_streams=1)
DEBUG_STREAM_COUNT: Generated 1 streams for layer 230 (UNKNOWN), total injected: 359
info: all-to-all input grad collective issued for layer: mlp_moelayer, involved dimensions:  1, 0, 0, 0, 0, 0, 0, 0, 0, 0,
***** info: input gradient collective for layer: mlp_moelayer is finished************
info: no weight grad collective for layer: mlp_moelayer
DEBUG_CHUNK_SIZE: size=131072, preferred_dataset_splits=1, resulting chunk_size=131072
DEBUG_COLLECTIVE_TYPE: layer=229, event=UNKNOWN (raw=0), size=131072, chunk_size=131072
DEBUG_STREAM_COUNT: chunk size is: 131072 , size is: 131072 , layer_num is: 229 , node: 0
DEBUG_STREAM_CREATE: Creating stream #359 for dataset id: 899 (total_streams=1)
DEBUG_STREAM_COUNT: Generated 1 streams for layer 229 (UNKNOWN), total injected: 360
info: all-gather input grad collective issued for layer: mlp_moelayer, involved dimensions:  1, 0, 0, 0, 0, 0, 0, 0, 0, 0,
***** info: input gradient collective for layer: mlp_moelayer is finished************
info: no weight grad collective for layer: mlp_moelayer
info: no input grad collective for layer: attention_row
info: no weight grad collective for layer: attention_row
info: no input grad collective for layer: attention_column
info: no weight grad collective for layer: attention_column
info: no input grad collective for layer: embedding_layer
info: no weight grad collective for layer: embedding_layer
info: no input grad collective for layer: embedding_norm
info: no weight grad collective for layer: embedding_norm
info: no input grad collective for layer: final_column
info: no weight grad collective for layer: final_column
DEBUG_CHUNK_SIZE: size=20971520, preferred_dataset_splits=1, resulting chunk_size=20971520
DEBUG_COLLECTIVE_TYPE: layer=223, event=UNKNOWN (raw=0), size=20971520, chunk_size=20971520
DEBUG_STREAM_COUNT: chunk size is: 20971520 , size is: 20971520 , layer_num is: 223 , node: 0
DEBUG_STREAM_CREATE: Creating stream #360 for dataset id: 900 (total_streams=1)
DEBUG_STREAM_COUNT: Generated 1 streams for layer 223 (UNKNOWN), total injected: 361
info: all-to-all input grad collective issued for layer: mlp_moelayer, involved dimensions:  1, 0, 0, 0, 0, 0, 0, 0, 0, 0,
***** info: input gradient collective for layer: mlp_moelayer is finished************
info: no weight grad collective for layer: mlp_moelayer
DEBUG_CHUNK_SIZE: size=83886080, preferred_dataset_splits=1, resulting chunk_size=83886080
DEBUG_COLLECTIVE_TYPE: layer=222, event=UNKNOWN (raw=0), size=83886080, chunk_size=83886080
DEBUG_STREAM_COUNT: chunk size is: 83886080 , size is: 83886080 , layer_num is: 222 , node: 0
DEBUG_STREAM_CREATE: Creating stream #361 for dataset id: 903 (total_streams=1)
DEBUG_STREAM_COUNT: Generated 1 streams for layer 222 (UNKNOWN), total injected: 362
info: all-to-all input grad collective issued for layer: mlp_moelayer, involved dimensions:  1, 0, 0, 0, 0, 0, 0, 0, 0, 0,
***** info: input gradient collective for layer: mlp_moelayer is finished************
info: no weight grad collective for layer: mlp_moelayer
DEBUG_CHUNK_SIZE: size=83886080, preferred_dataset_splits=1, resulting chunk_size=83886080
DEBUG_COLLECTIVE_TYPE: layer=221, event=UNKNOWN (raw=0), size=83886080, chunk_size=83886080
DEBUG_STREAM_COUNT: chunk size is: 83886080 , size is: 83886080 , layer_num is: 221 , node: 0
DEBUG_STREAM_CREATE: Creating stream #362 for dataset id: 904 (total_streams=1)
DEBUG_STREAM_COUNT: Generated 1 streams for layer 221 (UNKNOWN), total injected: 363
info: all-gather input grad collective issued for layer: mlp_moelayer, involved dimensions:  1, 0, 0, 0, 0, 0, 0, 0, 0, 0,
***** info: input gradient collective for layer: mlp_moelayer is finished************
info: no weight grad collective for layer: mlp_moelayer
DEBUG_CHUNK_SIZE: size=167772160, preferred_dataset_splits=1, resulting chunk_size=167772160
DEBUG_COLLECTIVE_TYPE: layer=220, event=UNKNOWN (raw=0), size=167772160, chunk_size=167772160
DEBUG_STREAM_COUNT: chunk size is: 167772160 , size is: 167772160 , layer_num is: 220 , node: 0
DEBUG_STREAM_CREATE: Creating stream #363 for dataset id: 907 (total_streams=1)
DEBUG_STREAM_COUNT: Generated 1 streams for layer 220 (UNKNOWN), total injected: 364
info: all-gather input grad collective issued for layer: mlp_moelayer, involved dimensions:  1, 0, 0, 0, 0, 0, 0, 0, 0, 0,
***** info: input gradient collective for layer: mlp_moelayer is finished************
info: no weight grad collective for layer: mlp_moelayer
DEBUG_CHUNK_SIZE: size=83886080, preferred_dataset_splits=1, resulting chunk_size=83886080
DEBUG_COLLECTIVE_TYPE: layer=219, event=UNKNOWN (raw=0), size=83886080, chunk_size=83886080
DEBUG_STREAM_COUNT: chunk size is: 83886080 , size is: 83886080 , layer_num is: 219 , node: 0
DEBUG_STREAM_CREATE: Creating stream #364 for dataset id: 908 (total_streams=1)
DEBUG_STREAM_COUNT: Generated 1 streams for layer 219 (UNKNOWN), total injected: 365
info: all-to-all input grad collective issued for layer: mlp_moelayer, involved dimensions:  1, 0, 0, 0, 0, 0, 0, 0, 0, 0,
***** info: input gradient collective for layer: mlp_moelayer is finished************
info: no weight grad collective for layer: mlp_moelayer
DEBUG_CHUNK_SIZE: size=20971520, preferred_dataset_splits=1, resulting chunk_size=20971520
DEBUG_COLLECTIVE_TYPE: layer=218, event=UNKNOWN (raw=0), size=20971520, chunk_size=20971520
DEBUG_STREAM_COUNT: chunk size is: 20971520 , size is: 20971520 , layer_num is: 218 , node: 0
DEBUG_STREAM_CREATE: Creating stream #365 for dataset id: 911 (total_streams=1)
DEBUG_STREAM_COUNT: Generated 1 streams for layer 218 (UNKNOWN), total injected: 366
info: all-to-all input grad collective issued for layer: mlp_moelayer, involved dimensions:  1, 0, 0, 0, 0, 0, 0, 0, 0, 0,
***** info: input gradient collective for layer: mlp_moelayer is finished************
info: no weight grad collective for layer: mlp_moelayer
DEBUG_CHUNK_SIZE: size=131072, preferred_dataset_splits=1, resulting chunk_size=131072
DEBUG_COLLECTIVE_TYPE: layer=217, event=UNKNOWN (raw=0), size=131072, chunk_size=131072
DEBUG_STREAM_COUNT: chunk size is: 131072 , size is: 131072 , layer_num is: 217 , node: 0
DEBUG_STREAM_CREATE: Creating stream #366 for dataset id: 912 (total_streams=1)
DEBUG_STREAM_COUNT: Generated 1 streams for layer 217 (UNKNOWN), total injected: 367
info: all-gather input grad collective issued for layer: mlp_moelayer, involved dimensions:  1, 0, 0, 0, 0, 0, 0, 0, 0, 0,
***** info: input gradient collective for layer: mlp_moelayer is finished************
info: no weight grad collective for layer: mlp_moelayer
info: no input grad collective for layer: attention_row
info: no weight grad collective for layer: attention_row
info: no input grad collective for layer: attention_column
info: no weight grad collective for layer: attention_column
DEBUG_CHUNK_SIZE: size=20971520, preferred_dataset_splits=1, resulting chunk_size=20971520
DEBUG_COLLECTIVE_TYPE: layer=214, event=UNKNOWN (raw=0), size=20971520, chunk_size=20971520
DEBUG_STREAM_COUNT: chunk size is: 20971520 , size is: 20971520 , layer_num is: 214 , node: 0
DEBUG_STREAM_CREATE: Creating stream #367 for dataset id: 915 (total_streams=1)
DEBUG_STREAM_COUNT: Generated 1 streams for layer 214 (UNKNOWN), total injected: 368
info: all-to-all input grad collective issued for layer: mlp_moelayer, involved dimensions:  1, 0, 0, 0, 0, 0, 0, 0, 0, 0,
***** info: input gradient collective for layer: mlp_moelayer is finished************
info: no weight grad collective for layer: mlp_moelayer
DEBUG_CHUNK_SIZE: size=83886080, preferred_dataset_splits=1, resulting chunk_size=83886080
DEBUG_COLLECTIVE_TYPE: layer=213, event=UNKNOWN (raw=0), size=83886080, chunk_size=83886080
DEBUG_STREAM_COUNT: chunk size is: 83886080 , size is: 83886080 , layer_num is: 213 , node: 0
DEBUG_STREAM_CREATE: Creating stream #368 for dataset id: 916 (total_streams=1)
DEBUG_STREAM_COUNT: Generated 1 streams for layer 213 (UNKNOWN), total injected: 369
info: all-to-all input grad collective issued for layer: mlp_moelayer, involved dimensions:  1, 0, 0, 0, 0, 0, 0, 0, 0, 0,
***** info: input gradient collective for layer: mlp_moelayer is finished************
info: no weight grad collective for layer: mlp_moelayer
DEBUG_CHUNK_SIZE: size=83886080, preferred_dataset_splits=1, resulting chunk_size=83886080
DEBUG_COLLECTIVE_TYPE: layer=212, event=UNKNOWN (raw=0), size=83886080, chunk_size=83886080
DEBUG_STREAM_COUNT: chunk size is: 83886080 , size is: 83886080 , layer_num is: 212 , node: 0
DEBUG_STREAM_CREATE: Creating stream #369 for dataset id: 919 (total_streams=1)
DEBUG_STREAM_COUNT: Generated 1 streams for layer 212 (UNKNOWN), total injected: 370
info: all-gather input grad collective issued for layer: mlp_moelayer, involved dimensions:  1, 0, 0, 0, 0, 0, 0, 0, 0, 0,
***** info: input gradient collective for layer: mlp_moelayer is finished************
info: no weight grad collective for layer: mlp_moelayer
DEBUG_CHUNK_SIZE: size=167772160, preferred_dataset_splits=1, resulting chunk_size=167772160
DEBUG_COLLECTIVE_TYPE: layer=211, event=UNKNOWN (raw=0), size=167772160, chunk_size=167772160
DEBUG_STREAM_COUNT: chunk size is: 167772160 , size is: 167772160 , layer_num is: 211 , node: 0
DEBUG_STREAM_CREATE: Creating stream #370 for dataset id: 920 (total_streams=1)
DEBUG_STREAM_COUNT: Generated 1 streams for layer 211 (UNKNOWN), total injected: 371
info: all-gather input grad collective issued for layer: mlp_moelayer, involved dimensions:  1, 0, 0, 0, 0, 0, 0, 0, 0, 0,
***** info: input gradient collective for layer: mlp_moelayer is finished************
info: no weight grad collective for layer: mlp_moelayer
DEBUG_CHUNK_SIZE: size=83886080, preferred_dataset_splits=1, resulting chunk_size=83886080
DEBUG_COLLECTIVE_TYPE: layer=210, event=UNKNOWN (raw=0), size=83886080, chunk_size=83886080
DEBUG_STREAM_COUNT: chunk size is: 83886080 , size is: 83886080 , layer_num is: 210 , node: 0
DEBUG_STREAM_CREATE: Creating stream #371 for dataset id: 923 (total_streams=1)
DEBUG_STREAM_COUNT: Generated 1 streams for layer 210 (UNKNOWN), total injected: 372
info: all-to-all input grad collective issued for layer: mlp_moelayer, involved dimensions:  1, 0, 0, 0, 0, 0, 0, 0, 0, 0,
***** info: input gradient collective for layer: mlp_moelayer is finished************
info: no weight grad collective for layer: mlp_moelayer
DEBUG_CHUNK_SIZE: size=20971520, preferred_dataset_splits=1, resulting chunk_size=20971520
DEBUG_COLLECTIVE_TYPE: layer=209, event=UNKNOWN (raw=0), size=20971520, chunk_size=20971520
DEBUG_STREAM_COUNT: chunk size is: 20971520 , size is: 20971520 , layer_num is: 209 , node: 0
DEBUG_STREAM_CREATE: Creating stream #372 for dataset id: 924 (total_streams=1)
DEBUG_STREAM_COUNT: Generated 1 streams for layer 209 (UNKNOWN), total injected: 373
info: all-to-all input grad collective issued for layer: mlp_moelayer, involved dimensions:  1, 0, 0, 0, 0, 0, 0, 0, 0, 0,
***** info: input gradient collective for layer: mlp_moelayer is finished************
info: no weight grad collective for layer: mlp_moelayer
DEBUG_CHUNK_SIZE: size=131072, preferred_dataset_splits=1, resulting chunk_size=131072
DEBUG_COLLECTIVE_TYPE: layer=208, event=UNKNOWN (raw=0), size=131072, chunk_size=131072
DEBUG_STREAM_COUNT: chunk size is: 131072 , size is: 131072 , layer_num is: 208 , node: 0
DEBUG_STREAM_CREATE: Creating stream #373 for dataset id: 927 (total_streams=1)
DEBUG_STREAM_COUNT: Generated 1 streams for layer 208 (UNKNOWN), total injected: 374
info: all-gather input grad collective issued for layer: mlp_moelayer, involved dimensions:  1, 0, 0, 0, 0, 0, 0, 0, 0, 0,
***** info: input gradient collective for layer: mlp_moelayer is finished************
info: no weight grad collective for layer: mlp_moelayer
info: no input grad collective for layer: attention_row
info: no weight grad collective for layer: attention_row
info: no input grad collective for layer: attention_column
info: no weight grad collective for layer: attention_column
DEBUG_CHUNK_SIZE: size=20971520, preferred_dataset_splits=1, resulting chunk_size=20971520
DEBUG_COLLECTIVE_TYPE: layer=205, event=UNKNOWN (raw=0), size=20971520, chunk_size=20971520
DEBUG_STREAM_COUNT: chunk size is: 20971520 , size is: 20971520 , layer_num is: 205 , node: 0
DEBUG_STREAM_CREATE: Creating stream #374 for dataset id: 928 (total_streams=1)
DEBUG_STREAM_COUNT: Generated 1 streams for layer 205 (UNKNOWN), total injected: 375
info: all-to-all input grad collective issued for layer: mlp_moelayer, involved dimensions:  1, 0, 0, 0, 0, 0, 0, 0, 0, 0,
***** info: input gradient collective for layer: mlp_moelayer is finished************
info: no weight grad collective for layer: mlp_moelayer
DEBUG_CHUNK_SIZE: size=83886080, preferred_dataset_splits=1, resulting chunk_size=83886080
DEBUG_COLLECTIVE_TYPE: layer=204, event=UNKNOWN (raw=0), size=83886080, chunk_size=83886080
DEBUG_STREAM_COUNT: chunk size is: 83886080 , size is: 83886080 , layer_num is: 204 , node: 0
DEBUG_STREAM_CREATE: Creating stream #375 for dataset id: 931 (total_streams=1)
DEBUG_STREAM_COUNT: Generated 1 streams for layer 204 (UNKNOWN), total injected: 376
info: all-to-all input grad collective issued for layer: mlp_moelayer, involved dimensions:  1, 0, 0, 0, 0, 0, 0, 0, 0, 0,
***** info: input gradient collective for layer: mlp_moelayer is finished************
info: no weight grad collective for layer: mlp_moelayer
DEBUG_CHUNK_SIZE: size=83886080, preferred_dataset_splits=1, resulting chunk_size=83886080
DEBUG_COLLECTIVE_TYPE: layer=203, event=UNKNOWN (raw=0), size=83886080, chunk_size=83886080
DEBUG_STREAM_COUNT: chunk size is: 83886080 , size is: 83886080 , layer_num is: 203 , node: 0
DEBUG_STREAM_CREATE: Creating stream #376 for dataset id: 932 (total_streams=1)
DEBUG_STREAM_COUNT: Generated 1 streams for layer 203 (UNKNOWN), total injected: 377
info: all-gather input grad collective issued for layer: mlp_moelayer, involved dimensions:  1, 0, 0, 0, 0, 0, 0, 0, 0, 0,
***** info: input gradient collective for layer: mlp_moelayer is finished************
info: no weight grad collective for layer: mlp_moelayer
DEBUG_CHUNK_SIZE: size=167772160, preferred_dataset_splits=1, resulting chunk_size=167772160
DEBUG_COLLECTIVE_TYPE: layer=202, event=UNKNOWN (raw=0), size=167772160, chunk_size=167772160
DEBUG_STREAM_COUNT: chunk size is: 167772160 , size is: 167772160 , layer_num is: 202 , node: 0
DEBUG_STREAM_CREATE: Creating stream #377 for dataset id: 935 (total_streams=1)
DEBUG_STREAM_COUNT: Generated 1 streams for layer 202 (UNKNOWN), total injected: 378
info: all-gather input grad collective issued for layer: mlp_moelayer, involved dimensions:  1, 0, 0, 0, 0, 0, 0, 0, 0, 0,
***** info: input gradient collective for layer: mlp_moelayer is finished************
info: no weight grad collective for layer: mlp_moelayer
DEBUG_CHUNK_SIZE: size=83886080, preferred_dataset_splits=1, resulting chunk_size=83886080
DEBUG_COLLECTIVE_TYPE: layer=201, event=UNKNOWN (raw=0), size=83886080, chunk_size=83886080
DEBUG_STREAM_COUNT: chunk size is: 83886080 , size is: 83886080 , layer_num is: 201 , node: 0
DEBUG_STREAM_CREATE: Creating stream #378 for dataset id: 936 (total_streams=1)
DEBUG_STREAM_COUNT: Generated 1 streams for layer 201 (UNKNOWN), total injected: 379
info: all-to-all input grad collective issued for layer: mlp_moelayer, involved dimensions:  1, 0, 0, 0, 0, 0, 0, 0, 0, 0,
***** info: input gradient collective for layer: mlp_moelayer is finished************
info: no weight grad collective for layer: mlp_moelayer
DEBUG_CHUNK_SIZE: size=20971520, preferred_dataset_splits=1, resulting chunk_size=20971520
DEBUG_COLLECTIVE_TYPE: layer=200, event=UNKNOWN (raw=0), size=20971520, chunk_size=20971520
DEBUG_STREAM_COUNT: chunk size is: 20971520 , size is: 20971520 , layer_num is: 200 , node: 0
DEBUG_STREAM_CREATE: Creating stream #379 for dataset id: 939 (total_streams=1)
DEBUG_STREAM_COUNT: Generated 1 streams for layer 200 (UNKNOWN), total injected: 380
info: all-to-all input grad collective issued for layer: mlp_moelayer, involved dimensions:  1, 0, 0, 0, 0, 0, 0, 0, 0, 0,
***** info: input gradient collective for layer: mlp_moelayer is finished************
info: no weight grad collective for layer: mlp_moelayer
DEBUG_CHUNK_SIZE: size=131072, preferred_dataset_splits=1, resulting chunk_size=131072
DEBUG_COLLECTIVE_TYPE: layer=199, event=UNKNOWN (raw=0), size=131072, chunk_size=131072
DEBUG_STREAM_COUNT: chunk size is: 131072 , size is: 131072 , layer_num is: 199 , node: 0
DEBUG_STREAM_CREATE: Creating stream #380 for dataset id: 940 (total_streams=1)
DEBUG_STREAM_COUNT: Generated 1 streams for layer 199 (UNKNOWN), total injected: 381
info: all-gather input grad collective issued for layer: mlp_moelayer, involved dimensions:  1, 0, 0, 0, 0, 0, 0, 0, 0, 0,
***** info: input gradient collective for layer: mlp_moelayer is finished************
info: no weight grad collective for layer: mlp_moelayer
info: no input grad collective for layer: attention_row
info: no weight grad collective for layer: attention_row
info: no input grad collective for layer: attention_column
info: no weight grad collective for layer: attention_column
DEBUG_CHUNK_SIZE: size=20971520, preferred_dataset_splits=1, resulting chunk_size=20971520
DEBUG_COLLECTIVE_TYPE: layer=196, event=UNKNOWN (raw=0), size=20971520, chunk_size=20971520
DEBUG_STREAM_COUNT: chunk size is: 20971520 , size is: 20971520 , layer_num is: 196 , node: 0
DEBUG_STREAM_CREATE: Creating stream #381 for dataset id: 943 (total_streams=1)
DEBUG_STREAM_COUNT: Generated 1 streams for layer 196 (UNKNOWN), total injected: 382
info: all-to-all input grad collective issued for layer: mlp_moelayer, involved dimensions:  1, 0, 0, 0, 0, 0, 0, 0, 0, 0,
***** info: input gradient collective for layer: mlp_moelayer is finished************
info: no weight grad collective for layer: mlp_moelayer
DEBUG_CHUNK_SIZE: size=83886080, preferred_dataset_splits=1, resulting chunk_size=83886080
DEBUG_COLLECTIVE_TYPE: layer=195, event=UNKNOWN (raw=0), size=83886080, chunk_size=83886080
DEBUG_STREAM_COUNT: chunk size is: 83886080 , size is: 83886080 , layer_num is: 195 , node: 0
DEBUG_STREAM_CREATE: Creating stream #382 for dataset id: 944 (total_streams=1)
DEBUG_STREAM_COUNT: Generated 1 streams for layer 195 (UNKNOWN), total injected: 383
info: all-to-all input grad collective issued for layer: mlp_moelayer, involved dimensions:  1, 0, 0, 0, 0, 0, 0, 0, 0, 0,
***** info: input gradient collective for layer: mlp_moelayer is finished************
info: no weight grad collective for layer: mlp_moelayer
DEBUG_CHUNK_SIZE: size=83886080, preferred_dataset_splits=1, resulting chunk_size=83886080
DEBUG_COLLECTIVE_TYPE: layer=194, event=UNKNOWN (raw=0), size=83886080, chunk_size=83886080
DEBUG_STREAM_COUNT: chunk size is: 83886080 , size is: 83886080 , layer_num is: 194 , node: 0
DEBUG_STREAM_CREATE: Creating stream #383 for dataset id: 947 (total_streams=1)
DEBUG_STREAM_COUNT: Generated 1 streams for layer 194 (UNKNOWN), total injected: 384
info: all-gather input grad collective issued for layer: mlp_moelayer, involved dimensions:  1, 0, 0, 0, 0, 0, 0, 0, 0, 0,
***** info: input gradient collective for layer: mlp_moelayer is finished************
info: no weight grad collective for layer: mlp_moelayer
DEBUG_CHUNK_SIZE: size=167772160, preferred_dataset_splits=1, resulting chunk_size=167772160
DEBUG_COLLECTIVE_TYPE: layer=193, event=UNKNOWN (raw=0), size=167772160, chunk_size=167772160
DEBUG_STREAM_COUNT: chunk size is: 167772160 , size is: 167772160 , layer_num is: 193 , node: 0
DEBUG_STREAM_CREATE: Creating stream #384 for dataset id: 948 (total_streams=1)
DEBUG_STREAM_COUNT: Generated 1 streams for layer 193 (UNKNOWN), total injected: 385
info: all-gather input grad collective issued for layer: mlp_moelayer, involved dimensions:  1, 0, 0, 0, 0, 0, 0, 0, 0, 0,
***** info: input gradient collective for layer: mlp_moelayer is finished************
info: no weight grad collective for layer: mlp_moelayer
DEBUG_CHUNK_SIZE: size=83886080, preferred_dataset_splits=1, resulting chunk_size=83886080
DEBUG_COLLECTIVE_TYPE: layer=192, event=UNKNOWN (raw=0), size=83886080, chunk_size=83886080
DEBUG_STREAM_COUNT: chunk size is: 83886080 , size is: 83886080 , layer_num is: 192 , node: 0
DEBUG_STREAM_CREATE: Creating stream #385 for dataset id: 951 (total_streams=1)
DEBUG_STREAM_COUNT: Generated 1 streams for layer 192 (UNKNOWN), total injected: 386
info: all-to-all input grad collective issued for layer: mlp_moelayer, involved dimensions:  1, 0, 0, 0, 0, 0, 0, 0, 0, 0,
***** info: input gradient collective for layer: mlp_moelayer is finished************
info: no weight grad collective for layer: mlp_moelayer
DEBUG_CHUNK_SIZE: size=20971520, preferred_dataset_splits=1, resulting chunk_size=20971520
DEBUG_COLLECTIVE_TYPE: layer=191, event=UNKNOWN (raw=0), size=20971520, chunk_size=20971520
DEBUG_STREAM_COUNT: chunk size is: 20971520 , size is: 20971520 , layer_num is: 191 , node: 0
DEBUG_STREAM_CREATE: Creating stream #386 for dataset id: 952 (total_streams=1)
DEBUG_STREAM_COUNT: Generated 1 streams for layer 191 (UNKNOWN), total injected: 387
info: all-to-all input grad collective issued for layer: mlp_moelayer, involved dimensions:  1, 0, 0, 0, 0, 0, 0, 0, 0, 0,
***** info: input gradient collective for layer: mlp_moelayer is finished************
info: no weight grad collective for layer: mlp_moelayer
DEBUG_CHUNK_SIZE: size=131072, preferred_dataset_splits=1, resulting chunk_size=131072
DEBUG_COLLECTIVE_TYPE: layer=190, event=UNKNOWN (raw=0), size=131072, chunk_size=131072
DEBUG_STREAM_COUNT: chunk size is: 131072 , size is: 131072 , layer_num is: 190 , node: 0
DEBUG_STREAM_CREATE: Creating stream #387 for dataset id: 955 (total_streams=1)
DEBUG_STREAM_COUNT: Generated 1 streams for layer 190 (UNKNOWN), total injected: 388
info: all-gather input grad collective issued for layer: mlp_moelayer, involved dimensions:  1, 0, 0, 0, 0, 0, 0, 0, 0, 0,
***** info: input gradient collective for layer: mlp_moelayer is finished************
info: no weight grad collective for layer: mlp_moelayer
info: no input grad collective for layer: attention_row
info: no weight grad collective for layer: attention_row
info: no input grad collective for layer: attention_column
info: no weight grad collective for layer: attention_column
DEBUG_CHUNK_SIZE: size=20971520, preferred_dataset_splits=1, resulting chunk_size=20971520
DEBUG_COLLECTIVE_TYPE: layer=187, event=UNKNOWN (raw=0), size=20971520, chunk_size=20971520
DEBUG_STREAM_COUNT: chunk size is: 20971520 , size is: 20971520 , layer_num is: 187 , node: 0
DEBUG_STREAM_CREATE: Creating stream #388 for dataset id: 956 (total_streams=1)
DEBUG_STREAM_COUNT: Generated 1 streams for layer 187 (UNKNOWN), total injected: 389
info: all-to-all input grad collective issued for layer: mlp_moelayer, involved dimensions:  1, 0, 0, 0, 0, 0, 0, 0, 0, 0,
***** info: input gradient collective for layer: mlp_moelayer is finished************
info: no weight grad collective for layer: mlp_moelayer
DEBUG_CHUNK_SIZE: size=83886080, preferred_dataset_splits=1, resulting chunk_size=83886080
DEBUG_COLLECTIVE_TYPE: layer=186, event=UNKNOWN (raw=0), size=83886080, chunk_size=83886080
DEBUG_STREAM_COUNT: chunk size is: 83886080 , size is: 83886080 , layer_num is: 186 , node: 0
DEBUG_STREAM_CREATE: Creating stream #389 for dataset id: 959 (total_streams=1)
DEBUG_STREAM_COUNT: Generated 1 streams for layer 186 (UNKNOWN), total injected: 390
info: all-to-all input grad collective issued for layer: mlp_moelayer, involved dimensions:  1, 0, 0, 0, 0, 0, 0, 0, 0, 0,
***** info: input gradient collective for layer: mlp_moelayer is finished************
info: no weight grad collective for layer: mlp_moelayer
DEBUG_CHUNK_SIZE: size=83886080, preferred_dataset_splits=1, resulting chunk_size=83886080
DEBUG_COLLECTIVE_TYPE: layer=185, event=UNKNOWN (raw=0), size=83886080, chunk_size=83886080
DEBUG_STREAM_COUNT: chunk size is: 83886080 , size is: 83886080 , layer_num is: 185 , node: 0
DEBUG_STREAM_CREATE: Creating stream #390 for dataset id: 960 (total_streams=1)
DEBUG_STREAM_COUNT: Generated 1 streams for layer 185 (UNKNOWN), total injected: 391
info: all-gather input grad collective issued for layer: mlp_moelayer, involved dimensions:  1, 0, 0, 0, 0, 0, 0, 0, 0, 0,
***** info: input gradient collective for layer: mlp_moelayer is finished************
info: no weight grad collective for layer: mlp_moelayer
DEBUG_CHUNK_SIZE: size=167772160, preferred_dataset_splits=1, resulting chunk_size=167772160
DEBUG_COLLECTIVE_TYPE: layer=184, event=UNKNOWN (raw=0), size=167772160, chunk_size=167772160
DEBUG_STREAM_COUNT: chunk size is: 167772160 , size is: 167772160 , layer_num is: 184 , node: 0
DEBUG_STREAM_CREATE: Creating stream #391 for dataset id: 963 (total_streams=1)
DEBUG_STREAM_COUNT: Generated 1 streams for layer 184 (UNKNOWN), total injected: 392
info: all-gather input grad collective issued for layer: mlp_moelayer, involved dimensions:  1, 0, 0, 0, 0, 0, 0, 0, 0, 0,
***** info: input gradient collective for layer: mlp_moelayer is finished************
info: no weight grad collective for layer: mlp_moelayer
DEBUG_CHUNK_SIZE: size=83886080, preferred_dataset_splits=1, resulting chunk_size=83886080
DEBUG_COLLECTIVE_TYPE: layer=183, event=UNKNOWN (raw=0), size=83886080, chunk_size=83886080
DEBUG_STREAM_COUNT: chunk size is: 83886080 , size is: 83886080 , layer_num is: 183 , node: 0
DEBUG_STREAM_CREATE: Creating stream #392 for dataset id: 964 (total_streams=1)
DEBUG_STREAM_COUNT: Generated 1 streams for layer 183 (UNKNOWN), total injected: 393
info: all-to-all input grad collective issued for layer: mlp_moelayer, involved dimensions:  1, 0, 0, 0, 0, 0, 0, 0, 0, 0,
***** info: input gradient collective for layer: mlp_moelayer is finished************
info: no weight grad collective for layer: mlp_moelayer
DEBUG_CHUNK_SIZE: size=20971520, preferred_dataset_splits=1, resulting chunk_size=20971520
DEBUG_COLLECTIVE_TYPE: layer=182, event=UNKNOWN (raw=0), size=20971520, chunk_size=20971520
DEBUG_STREAM_COUNT: chunk size is: 20971520 , size is: 20971520 , layer_num is: 182 , node: 0
DEBUG_STREAM_CREATE: Creating stream #393 for dataset id: 967 (total_streams=1)
DEBUG_STREAM_COUNT: Generated 1 streams for layer 182 (UNKNOWN), total injected: 394
info: all-to-all input grad collective issued for layer: mlp_moelayer, involved dimensions:  1, 0, 0, 0, 0, 0, 0, 0, 0, 0,
***** info: input gradient collective for layer: mlp_moelayer is finished************
info: no weight grad collective for layer: mlp_moelayer
DEBUG_CHUNK_SIZE: size=131072, preferred_dataset_splits=1, resulting chunk_size=131072
DEBUG_COLLECTIVE_TYPE: layer=181, event=UNKNOWN (raw=0), size=131072, chunk_size=131072
DEBUG_STREAM_COUNT: chunk size is: 131072 , size is: 131072 , layer_num is: 181 , node: 0
DEBUG_STREAM_CREATE: Creating stream #394 for dataset id: 968 (total_streams=1)
DEBUG_STREAM_COUNT: Generated 1 streams for layer 181 (UNKNOWN), total injected: 395
info: all-gather input grad collective issued for layer: mlp_moelayer, involved dimensions:  1, 0, 0, 0, 0, 0, 0, 0, 0, 0,
***** info: input gradient collective for layer: mlp_moelayer is finished************
info: no weight grad collective for layer: mlp_moelayer
info: no input grad collective for layer: attention_row
info: no weight grad collective for layer: attention_row
info: no input grad collective for layer: attention_column
info: no weight grad collective for layer: attention_column
DEBUG_CHUNK_SIZE: size=20971520, preferred_dataset_splits=1, resulting chunk_size=20971520
DEBUG_COLLECTIVE_TYPE: layer=178, event=UNKNOWN (raw=0), size=20971520, chunk_size=20971520
DEBUG_STREAM_COUNT: chunk size is: 20971520 , size is: 20971520 , layer_num is: 178 , node: 0
DEBUG_STREAM_CREATE: Creating stream #395 for dataset id: 971 (total_streams=1)
DEBUG_STREAM_COUNT: Generated 1 streams for layer 178 (UNKNOWN), total injected: 396
info: all-to-all input grad collective issued for layer: mlp_moelayer, involved dimensions:  1, 0, 0, 0, 0, 0, 0, 0, 0, 0,
***** info: input gradient collective for layer: mlp_moelayer is finished************
info: no weight grad collective for layer: mlp_moelayer
DEBUG_CHUNK_SIZE: size=83886080, preferred_dataset_splits=1, resulting chunk_size=83886080
DEBUG_COLLECTIVE_TYPE: layer=177, event=UNKNOWN (raw=0), size=83886080, chunk_size=83886080
DEBUG_STREAM_COUNT: chunk size is: 83886080 , size is: 83886080 , layer_num is: 177 , node: 0
DEBUG_STREAM_CREATE: Creating stream #396 for dataset id: 972 (total_streams=1)
DEBUG_STREAM_COUNT: Generated 1 streams for layer 177 (UNKNOWN), total injected: 397
info: all-to-all input grad collective issued for layer: mlp_moelayer, involved dimensions:  1, 0, 0, 0, 0, 0, 0, 0, 0, 0,
***** info: input gradient collective for layer: mlp_moelayer is finished************
info: no weight grad collective for layer: mlp_moelayer
DEBUG_CHUNK_SIZE: size=83886080, preferred_dataset_splits=1, resulting chunk_size=83886080
DEBUG_COLLECTIVE_TYPE: layer=176, event=UNKNOWN (raw=0), size=83886080, chunk_size=83886080
DEBUG_STREAM_COUNT: chunk size is: 83886080 , size is: 83886080 , layer_num is: 176 , node: 0
DEBUG_STREAM_CREATE: Creating stream #397 for dataset id: 975 (total_streams=1)
DEBUG_STREAM_COUNT: Generated 1 streams for layer 176 (UNKNOWN), total injected: 398
info: all-gather input grad collective issued for layer: mlp_moelayer, involved dimensions:  1, 0, 0, 0, 0, 0, 0, 0, 0, 0,
***** info: input gradient collective for layer: mlp_moelayer is finished************
info: no weight grad collective for layer: mlp_moelayer
DEBUG_CHUNK_SIZE: size=167772160, preferred_dataset_splits=1, resulting chunk_size=167772160
DEBUG_COLLECTIVE_TYPE: layer=175, event=UNKNOWN (raw=0), size=167772160, chunk_size=167772160
DEBUG_STREAM_COUNT: chunk size is: 167772160 , size is: 167772160 , layer_num is: 175 , node: 0
DEBUG_STREAM_CREATE: Creating stream #398 for dataset id: 976 (total_streams=1)
DEBUG_STREAM_COUNT: Generated 1 streams for layer 175 (UNKNOWN), total injected: 399
info: all-gather input grad collective issued for layer: mlp_moelayer, involved dimensions:  1, 0, 0, 0, 0, 0, 0, 0, 0, 0,
***** info: input gradient collective for layer: mlp_moelayer is finished************
info: no weight grad collective for layer: mlp_moelayer
DEBUG_CHUNK_SIZE: size=83886080, preferred_dataset_splits=1, resulting chunk_size=83886080
DEBUG_COLLECTIVE_TYPE: layer=174, event=UNKNOWN (raw=0), size=83886080, chunk_size=83886080
DEBUG_STREAM_COUNT: chunk size is: 83886080 , size is: 83886080 , layer_num is: 174 , node: 0
DEBUG_STREAM_CREATE: Creating stream #399 for dataset id: 979 (total_streams=1)
DEBUG_STREAM_COUNT: Generated 1 streams for layer 174 (UNKNOWN), total injected: 400
info: all-to-all input grad collective issued for layer: mlp_moelayer, involved dimensions:  1, 0, 0, 0, 0, 0, 0, 0, 0, 0,
***** info: input gradient collective for layer: mlp_moelayer is finished************
info: no weight grad collective for layer: mlp_moelayer
DEBUG_CHUNK_SIZE: size=20971520, preferred_dataset_splits=1, resulting chunk_size=20971520
DEBUG_COLLECTIVE_TYPE: layer=173, event=UNKNOWN (raw=0), size=20971520, chunk_size=20971520
DEBUG_STREAM_COUNT: chunk size is: 20971520 , size is: 20971520 , layer_num is: 173 , node: 0
DEBUG_STREAM_CREATE: Creating stream #400 for dataset id: 980 (total_streams=1)
DEBUG_STREAM_COUNT: Generated 1 streams for layer 173 (UNKNOWN), total injected: 401
info: all-to-all input grad collective issued for layer: mlp_moelayer, involved dimensions:  1, 0, 0, 0, 0, 0, 0, 0, 0, 0,
***** info: input gradient collective for layer: mlp_moelayer is finished************
info: no weight grad collective for layer: mlp_moelayer
DEBUG_CHUNK_SIZE: size=131072, preferred_dataset_splits=1, resulting chunk_size=131072
DEBUG_COLLECTIVE_TYPE: layer=172, event=UNKNOWN (raw=0), size=131072, chunk_size=131072
DEBUG_STREAM_COUNT: chunk size is: 131072 , size is: 131072 , layer_num is: 172 , node: 0
DEBUG_STREAM_CREATE: Creating stream #401 for dataset id: 983 (total_streams=1)
DEBUG_STREAM_COUNT: Generated 1 streams for layer 172 (UNKNOWN), total injected: 402
info: all-gather input grad collective issued for layer: mlp_moelayer, involved dimensions:  1, 0, 0, 0, 0, 0, 0, 0, 0, 0,
***** info: input gradient collective for layer: mlp_moelayer is finished************
info: no weight grad collective for layer: mlp_moelayer
info: no input grad collective for layer: attention_row
info: no weight grad collective for layer: attention_row
info: no input grad collective for layer: attention_column
info: no weight grad collective for layer: attention_column
DEBUG_CHUNK_SIZE: size=20971520, preferred_dataset_splits=1, resulting chunk_size=20971520
DEBUG_COLLECTIVE_TYPE: layer=169, event=UNKNOWN (raw=0), size=20971520, chunk_size=20971520
DEBUG_STREAM_COUNT: chunk size is: 20971520 , size is: 20971520 , layer_num is: 169 , node: 0
DEBUG_STREAM_CREATE: Creating stream #402 for dataset id: 984 (total_streams=1)
DEBUG_STREAM_COUNT: Generated 1 streams for layer 169 (UNKNOWN), total injected: 403
info: all-to-all input grad collective issued for layer: mlp_moelayer, involved dimensions:  1, 0, 0, 0, 0, 0, 0, 0, 0, 0,
***** info: input gradient collective for layer: mlp_moelayer is finished************
info: no weight grad collective for layer: mlp_moelayer
DEBUG_CHUNK_SIZE: size=83886080, preferred_dataset_splits=1, resulting chunk_size=83886080
DEBUG_COLLECTIVE_TYPE: layer=168, event=UNKNOWN (raw=0), size=83886080, chunk_size=83886080
DEBUG_STREAM_COUNT: chunk size is: 83886080 , size is: 83886080 , layer_num is: 168 , node: 0
DEBUG_STREAM_CREATE: Creating stream #403 for dataset id: 987 (total_streams=1)
DEBUG_STREAM_COUNT: Generated 1 streams for layer 168 (UNKNOWN), total injected: 404
info: all-to-all input grad collective issued for layer: mlp_moelayer, involved dimensions:  1, 0, 0, 0, 0, 0, 0, 0, 0, 0,
***** info: input gradient collective for layer: mlp_moelayer is finished************
info: no weight grad collective for layer: mlp_moelayer
DEBUG_CHUNK_SIZE: size=83886080, preferred_dataset_splits=1, resulting chunk_size=83886080
DEBUG_COLLECTIVE_TYPE: layer=167, event=UNKNOWN (raw=0), size=83886080, chunk_size=83886080
DEBUG_STREAM_COUNT: chunk size is: 83886080 , size is: 83886080 , layer_num is: 167 , node: 0
DEBUG_STREAM_CREATE: Creating stream #404 for dataset id: 988 (total_streams=1)
DEBUG_STREAM_COUNT: Generated 1 streams for layer 167 (UNKNOWN), total injected: 405
info: all-gather input grad collective issued for layer: mlp_moelayer, involved dimensions:  1, 0, 0, 0, 0, 0, 0, 0, 0, 0,
***** info: input gradient collective for layer: mlp_moelayer is finished************
info: no weight grad collective for layer: mlp_moelayer
DEBUG_CHUNK_SIZE: size=167772160, preferred_dataset_splits=1, resulting chunk_size=167772160
DEBUG_COLLECTIVE_TYPE: layer=166, event=UNKNOWN (raw=0), size=167772160, chunk_size=167772160
DEBUG_STREAM_COUNT: chunk size is: 167772160 , size is: 167772160 , layer_num is: 166 , node: 0
DEBUG_STREAM_CREATE: Creating stream #405 for dataset id: 991 (total_streams=1)
DEBUG_STREAM_COUNT: Generated 1 streams for layer 166 (UNKNOWN), total injected: 406
info: all-gather input grad collective issued for layer: mlp_moelayer, involved dimensions:  1, 0, 0, 0, 0, 0, 0, 0, 0, 0,
***** info: input gradient collective for layer: mlp_moelayer is finished************
info: no weight grad collective for layer: mlp_moelayer
DEBUG_CHUNK_SIZE: size=83886080, preferred_dataset_splits=1, resulting chunk_size=83886080
DEBUG_COLLECTIVE_TYPE: layer=165, event=UNKNOWN (raw=0), size=83886080, chunk_size=83886080
DEBUG_STREAM_COUNT: chunk size is: 83886080 , size is: 83886080 , layer_num is: 165 , node: 0
DEBUG_STREAM_CREATE: Creating stream #406 for dataset id: 992 (total_streams=1)
DEBUG_STREAM_COUNT: Generated 1 streams for layer 165 (UNKNOWN), total injected: 407
info: all-to-all input grad collective issued for layer: mlp_moelayer, involved dimensions:  1, 0, 0, 0, 0, 0, 0, 0, 0, 0,
***** info: input gradient collective for layer: mlp_moelayer is finished************
DEBUG_SIM_END: Node 0 FINISH CONDITION NOT MET - continuing simulation
DEBUG_SIM_END: Node 0 checking finish condition: finished_workloads=0, event_queue.size()=1, pending_sends.size()=0, initialized=1
info: no weight grad collective for layer: mlp_moelayer
DEBUG_CHUNK_SIZE: size=20971520, preferred_dataset_splits=1, resulting chunk_size=20971520
DEBUG_COLLECTIVE_TYPE: layer=164, event=UNKNOWN (raw=0), size=20971520, chunk_size=20971520
DEBUG_STREAM_COUNT: chunk size is: 20971520 , size is: 20971520 , layer_num is: 164 , node: 0
DEBUG_STREAM_CREATE: Creating stream #407 for dataset id: 995 (total_streams=1)
DEBUG_STREAM_COUNT: Generated 1 streams for layer 164 (UNKNOWN), total injected: 408
info: all-to-all input grad collective issued for layer: mlp_moelayer, involved dimensions:  1, 0, 0, 0, 0, 0, 0, 0, 0, 0,
***** info: input gradient collective for layer: mlp_moelayer is finished************
info: no weight grad collective for layer: mlp_moelayer
DEBUG_CHUNK_SIZE: size=131072, preferred_dataset_splits=1, resulting chunk_size=131072
DEBUG_COLLECTIVE_TYPE: layer=163, event=UNKNOWN (raw=0), size=131072, chunk_size=131072
DEBUG_STREAM_COUNT: chunk size is: 131072 , size is: 131072 , layer_num is: 163 , node: 0
DEBUG_STREAM_CREATE: Creating stream #408 for dataset id: 996 (total_streams=1)
DEBUG_STREAM_COUNT: Generated 1 streams for layer 163 (UNKNOWN), total injected: 409
info: all-gather input grad collective issued for layer: mlp_moelayer, involved dimensions:  1, 0, 0, 0, 0, 0, 0, 0, 0, 0,
***** info: input gradient collective for layer: mlp_moelayer is finished************
info: no weight grad collective for layer: mlp_moelayer
info: no input grad collective for layer: attention_row
info: no weight grad collective for layer: attention_row
info: no input grad collective for layer: attention_column
info: no weight grad collective for layer: attention_column
DEBUG_CHUNK_SIZE: size=20971520, preferred_dataset_splits=1, resulting chunk_size=20971520
DEBUG_COLLECTIVE_TYPE: layer=160, event=UNKNOWN (raw=0), size=20971520, chunk_size=20971520
DEBUG_STREAM_COUNT: chunk size is: 20971520 , size is: 20971520 , layer_num is: 160 , node: 0
DEBUG_STREAM_CREATE: Creating stream #409 for dataset id: 999 (total_streams=1)
DEBUG_STREAM_COUNT: Generated 1 streams for layer 160 (UNKNOWN), total injected: 410
info: all-to-all input grad collective issued for layer: mlp_moelayer, involved dimensions:  1, 0, 0, 0, 0, 0, 0, 0, 0, 0,
***** info: input gradient collective for layer: mlp_moelayer is finished************
info: no weight grad collective for layer: mlp_moelayer
DEBUG_CHUNK_SIZE: size=83886080, preferred_dataset_splits=1, resulting chunk_size=83886080
DEBUG_COLLECTIVE_TYPE: layer=159, event=UNKNOWN (raw=0), size=83886080, chunk_size=83886080
DEBUG_STREAM_COUNT: chunk size is: 83886080 , size is: 83886080 , layer_num is: 159 , node: 0
DEBUG_STREAM_CREATE: Creating stream #410 for dataset id: 1000 (total_streams=1)
DEBUG_STREAM_COUNT: Generated 1 streams for layer 159 (UNKNOWN), total injected: 411
info: all-to-all input grad collective issued for layer: mlp_moelayer, involved dimensions:  1, 0, 0, 0, 0, 0, 0, 0, 0, 0,
***** info: input gradient collective for layer: mlp_moelayer is finished************
info: no weight grad collective for layer: mlp_moelayer
DEBUG_CHUNK_SIZE: size=83886080, preferred_dataset_splits=1, resulting chunk_size=83886080
DEBUG_COLLECTIVE_TYPE: layer=158, event=UNKNOWN (raw=0), size=83886080, chunk_size=83886080
DEBUG_STREAM_COUNT: chunk size is: 83886080 , size is: 83886080 , layer_num is: 158 , node: 0
DEBUG_STREAM_CREATE: Creating stream #411 for dataset id: 1003 (total_streams=1)
DEBUG_STREAM_COUNT: Generated 1 streams for layer 158 (UNKNOWN), total injected: 412
info: all-gather input grad collective issued for layer: mlp_moelayer, involved dimensions:  1, 0, 0, 0, 0, 0, 0, 0, 0, 0,
***** info: input gradient collective for layer: mlp_moelayer is finished************
info: no weight grad collective for layer: mlp_moelayer
DEBUG_CHUNK_SIZE: size=167772160, preferred_dataset_splits=1, resulting chunk_size=167772160
DEBUG_COLLECTIVE_TYPE: layer=157, event=UNKNOWN (raw=0), size=167772160, chunk_size=167772160
DEBUG_STREAM_COUNT: chunk size is: 167772160 , size is: 167772160 , layer_num is: 157 , node: 0
DEBUG_STREAM_CREATE: Creating stream #412 for dataset id: 1004 (total_streams=1)
DEBUG_STREAM_COUNT: Generated 1 streams for layer 157 (UNKNOWN), total injected: 413
info: all-gather input grad collective issued for layer: mlp_moelayer, involved dimensions:  1, 0, 0, 0, 0, 0, 0, 0, 0, 0,
***** info: input gradient collective for layer: mlp_moelayer is finished************
info: no weight grad collective for layer: mlp_moelayer
DEBUG_CHUNK_SIZE: size=83886080, preferred_dataset_splits=1, resulting chunk_size=83886080
DEBUG_COLLECTIVE_TYPE: layer=156, event=UNKNOWN (raw=0), size=83886080, chunk_size=83886080
DEBUG_STREAM_COUNT: chunk size is: 83886080 , size is: 83886080 , layer_num is: 156 , node: 0
DEBUG_STREAM_CREATE: Creating stream #413 for dataset id: 1007 (total_streams=1)
DEBUG_STREAM_COUNT: Generated 1 streams for layer 156 (UNKNOWN), total injected: 414
info: all-to-all input grad collective issued for layer: mlp_moelayer, involved dimensions:  1, 0, 0, 0, 0, 0, 0, 0, 0, 0,
***** info: input gradient collective for layer: mlp_moelayer is finished************
info: no weight grad collective for layer: mlp_moelayer
DEBUG_CHUNK_SIZE: size=20971520, preferred_dataset_splits=1, resulting chunk_size=20971520
DEBUG_COLLECTIVE_TYPE: layer=155, event=UNKNOWN (raw=0), size=20971520, chunk_size=20971520
DEBUG_STREAM_COUNT: chunk size is: 20971520 , size is: 20971520 , layer_num is: 155 , node: 0
DEBUG_STREAM_CREATE: Creating stream #414 for dataset id: 1008 (total_streams=1)
DEBUG_STREAM_COUNT: Generated 1 streams for layer 155 (UNKNOWN), total injected: 415
info: all-to-all input grad collective issued for layer: mlp_moelayer, involved dimensions:  1, 0, 0, 0, 0, 0, 0, 0, 0, 0,
***** info: input gradient collective for layer: mlp_moelayer is finished************
info: no weight grad collective for layer: mlp_moelayer
DEBUG_CHUNK_SIZE: size=131072, preferred_dataset_splits=1, resulting chunk_size=131072
DEBUG_COLLECTIVE_TYPE: layer=154, event=UNKNOWN (raw=0), size=131072, chunk_size=131072
DEBUG_STREAM_COUNT: chunk size is: 131072 , size is: 131072 , layer_num is: 154 , node: 0
DEBUG_STREAM_CREATE: Creating stream #415 for dataset id: 1011 (total_streams=1)
DEBUG_STREAM_COUNT: Generated 1 streams for layer 154 (UNKNOWN), total injected: 416
info: all-gather input grad collective issued for layer: mlp_moelayer, involved dimensions:  1, 0, 0, 0, 0, 0, 0, 0, 0, 0,
***** info: input gradient collective for layer: mlp_moelayer is finished************
info: no weight grad collective for layer: mlp_moelayer
info: no input grad collective for layer: attention_row
info: no weight grad collective for layer: attention_row
info: no input grad collective for layer: attention_column
info: no weight grad collective for layer: attention_column
info: no input grad collective for layer: embedding_layer
info: no weight grad collective for layer: embedding_layer
info: no input grad collective for layer: embedding_norm
info: no weight grad collective for layer: embedding_norm
info: no input grad collective for layer: final_column
info: no weight grad collective for layer: final_column
DEBUG_CHUNK_SIZE: size=20971520, preferred_dataset_splits=1, resulting chunk_size=20971520
DEBUG_COLLECTIVE_TYPE: layer=148, event=UNKNOWN (raw=0), size=20971520, chunk_size=20971520
DEBUG_STREAM_COUNT: chunk size is: 20971520 , size is: 20971520 , layer_num is: 148 , node: 0
DEBUG_STREAM_CREATE: Creating stream #416 for dataset id: 1012 (total_streams=1)
DEBUG_STREAM_COUNT: Generated 1 streams for layer 148 (UNKNOWN), total injected: 417
info: all-to-all input grad collective issued for layer: mlp_moelayer, involved dimensions:  1, 0, 0, 0, 0, 0, 0, 0, 0, 0,
***** info: input gradient collective for layer: mlp_moelayer is finished************
info: no weight grad collective for layer: mlp_moelayer
DEBUG_CHUNK_SIZE: size=83886080, preferred_dataset_splits=1, resulting chunk_size=83886080
DEBUG_COLLECTIVE_TYPE: layer=147, event=UNKNOWN (raw=0), size=83886080, chunk_size=83886080
DEBUG_STREAM_COUNT: chunk size is: 83886080 , size is: 83886080 , layer_num is: 147 , node: 0
DEBUG_STREAM_CREATE: Creating stream #417 for dataset id: 1015 (total_streams=1)
DEBUG_STREAM_COUNT: Generated 1 streams for layer 147 (UNKNOWN), total injected: 418
info: all-to-all input grad collective issued for layer: mlp_moelayer, involved dimensions:  1, 0, 0, 0, 0, 0, 0, 0, 0, 0,
***** info: input gradient collective for layer: mlp_moelayer is finished************
info: no weight grad collective for layer: mlp_moelayer
DEBUG_CHUNK_SIZE: size=83886080, preferred_dataset_splits=1, resulting chunk_size=83886080
DEBUG_COLLECTIVE_TYPE: layer=146, event=UNKNOWN (raw=0), size=83886080, chunk_size=83886080
DEBUG_STREAM_COUNT: chunk size is: 83886080 , size is: 83886080 , layer_num is: 146 , node: 0
DEBUG_STREAM_CREATE: Creating stream #418 for dataset id: 1016 (total_streams=1)
DEBUG_STREAM_COUNT: Generated 1 streams for layer 146 (UNKNOWN), total injected: 419
info: all-gather input grad collective issued for layer: mlp_moelayer, involved dimensions:  1, 0, 0, 0, 0, 0, 0, 0, 0, 0,
***** info: input gradient collective for layer: mlp_moelayer is finished************
info: no weight grad collective for layer: mlp_moelayer
DEBUG_CHUNK_SIZE: size=167772160, preferred_dataset_splits=1, resulting chunk_size=167772160
DEBUG_COLLECTIVE_TYPE: layer=145, event=UNKNOWN (raw=0), size=167772160, chunk_size=167772160
DEBUG_STREAM_COUNT: chunk size is: 167772160 , size is: 167772160 , layer_num is: 145 , node: 0
DEBUG_STREAM_CREATE: Creating stream #419 for dataset id: 1019 (total_streams=1)
DEBUG_STREAM_COUNT: Generated 1 streams for layer 145 (UNKNOWN), total injected: 420
info: all-gather input grad collective issued for layer: mlp_moelayer, involved dimensions:  1, 0, 0, 0, 0, 0, 0, 0, 0, 0,
***** info: input gradient collective for layer: mlp_moelayer is finished************
info: no weight grad collective for layer: mlp_moelayer
DEBUG_CHUNK_SIZE: size=83886080, preferred_dataset_splits=1, resulting chunk_size=83886080
DEBUG_COLLECTIVE_TYPE: layer=144, event=UNKNOWN (raw=0), size=83886080, chunk_size=83886080
DEBUG_STREAM_COUNT: chunk size is: 83886080 , size is: 83886080 , layer_num is: 144 , node: 0
DEBUG_STREAM_CREATE: Creating stream #420 for dataset id: 1020 (total_streams=1)
DEBUG_STREAM_COUNT: Generated 1 streams for layer 144 (UNKNOWN), total injected: 421
info: all-to-all input grad collective issued for layer: mlp_moelayer, involved dimensions:  1, 0, 0, 0, 0, 0, 0, 0, 0, 0,
***** info: input gradient collective for layer: mlp_moelayer is finished************
info: no weight grad collective for layer: mlp_moelayer
DEBUG_CHUNK_SIZE: size=20971520, preferred_dataset_splits=1, resulting chunk_size=20971520
DEBUG_COLLECTIVE_TYPE: layer=143, event=UNKNOWN (raw=0), size=20971520, chunk_size=20971520
DEBUG_STREAM_COUNT: chunk size is: 20971520 , size is: 20971520 , layer_num is: 143 , node: 0
DEBUG_STREAM_CREATE: Creating stream #421 for dataset id: 1023 (total_streams=1)
DEBUG_STREAM_COUNT: Generated 1 streams for layer 143 (UNKNOWN), total injected: 422
info: all-to-all input grad collective issued for layer: mlp_moelayer, involved dimensions:  1, 0, 0, 0, 0, 0, 0, 0, 0, 0,
***** info: input gradient collective for layer: mlp_moelayer is finished************
info: no weight grad collective for layer: mlp_moelayer
DEBUG_CHUNK_SIZE: size=131072, preferred_dataset_splits=1, resulting chunk_size=131072
DEBUG_COLLECTIVE_TYPE: layer=142, event=UNKNOWN (raw=0), size=131072, chunk_size=131072
DEBUG_STREAM_COUNT: chunk size is: 131072 , size is: 131072 , layer_num is: 142 , node: 0
DEBUG_STREAM_CREATE: Creating stream #422 for dataset id: 1024 (total_streams=1)
DEBUG_STREAM_COUNT: Generated 1 streams for layer 142 (UNKNOWN), total injected: 423
info: all-gather input grad collective issued for layer: mlp_moelayer, involved dimensions:  1, 0, 0, 0, 0, 0, 0, 0, 0, 0,
***** info: input gradient collective for layer: mlp_moelayer is finished************
info: no weight grad collective for layer: mlp_moelayer
info: no input grad collective for layer: attention_row
info: no weight grad collective for layer: attention_row
info: no input grad collective for layer: attention_column
info: no weight grad collective for layer: attention_column
DEBUG_CHUNK_SIZE: size=20971520, preferred_dataset_splits=1, resulting chunk_size=20971520
DEBUG_COLLECTIVE_TYPE: layer=139, event=UNKNOWN (raw=0), size=20971520, chunk_size=20971520
DEBUG_STREAM_COUNT: chunk size is: 20971520 , size is: 20971520 , layer_num is: 139 , node: 0
DEBUG_STREAM_CREATE: Creating stream #423 for dataset id: 1027 (total_streams=1)
DEBUG_STREAM_COUNT: Generated 1 streams for layer 139 (UNKNOWN), total injected: 424
info: all-to-all input grad collective issued for layer: mlp_moelayer, involved dimensions:  1, 0, 0, 0, 0, 0, 0, 0, 0, 0,
***** info: input gradient collective for layer: mlp_moelayer is finished************
info: no weight grad collective for layer: mlp_moelayer
DEBUG_CHUNK_SIZE: size=83886080, preferred_dataset_splits=1, resulting chunk_size=83886080
DEBUG_COLLECTIVE_TYPE: layer=138, event=UNKNOWN (raw=0), size=83886080, chunk_size=83886080
DEBUG_STREAM_COUNT: chunk size is: 83886080 , size is: 83886080 , layer_num is: 138 , node: 0
DEBUG_STREAM_CREATE: Creating stream #424 for dataset id: 1028 (total_streams=1)
DEBUG_STREAM_COUNT: Generated 1 streams for layer 138 (UNKNOWN), total injected: 425
info: all-to-all input grad collective issued for layer: mlp_moelayer, involved dimensions:  1, 0, 0, 0, 0, 0, 0, 0, 0, 0,
***** info: input gradient collective for layer: mlp_moelayer is finished************
info: no weight grad collective for layer: mlp_moelayer
DEBUG_CHUNK_SIZE: size=83886080, preferred_dataset_splits=1, resulting chunk_size=83886080
DEBUG_COLLECTIVE_TYPE: layer=137, event=UNKNOWN (raw=0), size=83886080, chunk_size=83886080
DEBUG_STREAM_COUNT: chunk size is: 83886080 , size is: 83886080 , layer_num is: 137 , node: 0
DEBUG_STREAM_CREATE: Creating stream #425 for dataset id: 1031 (total_streams=1)
DEBUG_STREAM_COUNT: Generated 1 streams for layer 137 (UNKNOWN), total injected: 426
info: all-gather input grad collective issued for layer: mlp_moelayer, involved dimensions:  1, 0, 0, 0, 0, 0, 0, 0, 0, 0,
***** info: input gradient collective for layer: mlp_moelayer is finished************
info: no weight grad collective for layer: mlp_moelayer
DEBUG_CHUNK_SIZE: size=167772160, preferred_dataset_splits=1, resulting chunk_size=167772160
DEBUG_COLLECTIVE_TYPE: layer=136, event=UNKNOWN (raw=0), size=167772160, chunk_size=167772160
DEBUG_STREAM_COUNT: chunk size is: 167772160 , size is: 167772160 , layer_num is: 136 , node: 0
DEBUG_STREAM_CREATE: Creating stream #426 for dataset id: 1032 (total_streams=1)
DEBUG_STREAM_COUNT: Generated 1 streams for layer 136 (UNKNOWN), total injected: 427
info: all-gather input grad collective issued for layer: mlp_moelayer, involved dimensions:  1, 0, 0, 0, 0, 0, 0, 0, 0, 0,
***** info: input gradient collective for layer: mlp_moelayer is finished************
info: no weight grad collective for layer: mlp_moelayer
DEBUG_CHUNK_SIZE: size=83886080, preferred_dataset_splits=1, resulting chunk_size=83886080
DEBUG_COLLECTIVE_TYPE: layer=135, event=UNKNOWN (raw=0), size=83886080, chunk_size=83886080
DEBUG_STREAM_COUNT: chunk size is: 83886080 , size is: 83886080 , layer_num is: 135 , node: 0
DEBUG_STREAM_CREATE: Creating stream #427 for dataset id: 1035 (total_streams=1)
DEBUG_STREAM_COUNT: Generated 1 streams for layer 135 (UNKNOWN), total injected: 428
info: all-to-all input grad collective issued for layer: mlp_moelayer, involved dimensions:  1, 0, 0, 0, 0, 0, 0, 0, 0, 0,
***** info: input gradient collective for layer: mlp_moelayer is finished************
info: no weight grad collective for layer: mlp_moelayer
DEBUG_CHUNK_SIZE: size=20971520, preferred_dataset_splits=1, resulting chunk_size=20971520
DEBUG_COLLECTIVE_TYPE: layer=134, event=UNKNOWN (raw=0), size=20971520, chunk_size=20971520
DEBUG_STREAM_COUNT: chunk size is: 20971520 , size is: 20971520 , layer_num is: 134 , node: 0
DEBUG_STREAM_CREATE: Creating stream #428 for dataset id: 1036 (total_streams=1)
DEBUG_STREAM_COUNT: Generated 1 streams for layer 134 (UNKNOWN), total injected: 429
info: all-to-all input grad collective issued for layer: mlp_moelayer, involved dimensions:  1, 0, 0, 0, 0, 0, 0, 0, 0, 0,
***** info: input gradient collective for layer: mlp_moelayer is finished************
info: no weight grad collective for layer: mlp_moelayer
DEBUG_CHUNK_SIZE: size=131072, preferred_dataset_splits=1, resulting chunk_size=131072
DEBUG_COLLECTIVE_TYPE: layer=133, event=UNKNOWN (raw=0), size=131072, chunk_size=131072
DEBUG_STREAM_COUNT: chunk size is: 131072 , size is: 131072 , layer_num is: 133 , node: 0
DEBUG_STREAM_CREATE: Creating stream #429 for dataset id: 1039 (total_streams=1)
DEBUG_STREAM_COUNT: Generated 1 streams for layer 133 (UNKNOWN), total injected: 430
info: all-gather input grad collective issued for layer: mlp_moelayer, involved dimensions:  1, 0, 0, 0, 0, 0, 0, 0, 0, 0,
***** info: input gradient collective for layer: mlp_moelayer is finished************
info: no weight grad collective for layer: mlp_moelayer
info: no input grad collective for layer: attention_row
info: no weight grad collective for layer: attention_row
info: no input grad collective for layer: attention_column
info: no weight grad collective for layer: attention_column
DEBUG_CHUNK_SIZE: size=20971520, preferred_dataset_splits=1, resulting chunk_size=20971520
DEBUG_COLLECTIVE_TYPE: layer=130, event=UNKNOWN (raw=0), size=20971520, chunk_size=20971520
DEBUG_STREAM_COUNT: chunk size is: 20971520 , size is: 20971520 , layer_num is: 130 , node: 0
DEBUG_STREAM_CREATE: Creating stream #430 for dataset id: 1040 (total_streams=1)
DEBUG_STREAM_COUNT: Generated 1 streams for layer 130 (UNKNOWN), total injected: 431
info: all-to-all input grad collective issued for layer: mlp_moelayer, involved dimensions:  1, 0, 0, 0, 0, 0, 0, 0, 0, 0,
***** info: input gradient collective for layer: mlp_moelayer is finished************
info: no weight grad collective for layer: mlp_moelayer
DEBUG_CHUNK_SIZE: size=83886080, preferred_dataset_splits=1, resulting chunk_size=83886080
DEBUG_COLLECTIVE_TYPE: layer=129, event=UNKNOWN (raw=0), size=83886080, chunk_size=83886080
DEBUG_STREAM_COUNT: chunk size is: 83886080 , size is: 83886080 , layer_num is: 129 , node: 0
DEBUG_STREAM_CREATE: Creating stream #431 for dataset id: 1043 (total_streams=1)
DEBUG_STREAM_COUNT: Generated 1 streams for layer 129 (UNKNOWN), total injected: 432
info: all-to-all input grad collective issued for layer: mlp_moelayer, involved dimensions:  1, 0, 0, 0, 0, 0, 0, 0, 0, 0,
***** info: input gradient collective for layer: mlp_moelayer is finished************
info: no weight grad collective for layer: mlp_moelayer
DEBUG_CHUNK_SIZE: size=83886080, preferred_dataset_splits=1, resulting chunk_size=83886080
DEBUG_COLLECTIVE_TYPE: layer=128, event=UNKNOWN (raw=0), size=83886080, chunk_size=83886080
DEBUG_STREAM_COUNT: chunk size is: 83886080 , size is: 83886080 , layer_num is: 128 , node: 0
DEBUG_STREAM_CREATE: Creating stream #432 for dataset id: 1044 (total_streams=1)
DEBUG_STREAM_COUNT: Generated 1 streams for layer 128 (UNKNOWN), total injected: 433
info: all-gather input grad collective issued for layer: mlp_moelayer, involved dimensions:  1, 0, 0, 0, 0, 0, 0, 0, 0, 0,
***** info: input gradient collective for layer: mlp_moelayer is finished************
info: no weight grad collective for layer: mlp_moelayer
DEBUG_CHUNK_SIZE: size=167772160, preferred_dataset_splits=1, resulting chunk_size=167772160
DEBUG_COLLECTIVE_TYPE: layer=127, event=UNKNOWN (raw=0), size=167772160, chunk_size=167772160
DEBUG_STREAM_COUNT: chunk size is: 167772160 , size is: 167772160 , layer_num is: 127 , node: 0
DEBUG_STREAM_CREATE: Creating stream #433 for dataset id: 1047 (total_streams=1)
DEBUG_STREAM_COUNT: Generated 1 streams for layer 127 (UNKNOWN), total injected: 434
info: all-gather input grad collective issued for layer: mlp_moelayer, involved dimensions:  1, 0, 0, 0, 0, 0, 0, 0, 0, 0,
***** info: input gradient collective for layer: mlp_moelayer is finished************
info: no weight grad collective for layer: mlp_moelayer
DEBUG_CHUNK_SIZE: size=83886080, preferred_dataset_splits=1, resulting chunk_size=83886080
DEBUG_COLLECTIVE_TYPE: layer=126, event=UNKNOWN (raw=0), size=83886080, chunk_size=83886080
DEBUG_STREAM_COUNT: chunk size is: 83886080 , size is: 83886080 , layer_num is: 126 , node: 0
DEBUG_STREAM_CREATE: Creating stream #434 for dataset id: 1048 (total_streams=1)
DEBUG_STREAM_COUNT: Generated 1 streams for layer 126 (UNKNOWN), total injected: 435
info: all-to-all input grad collective issued for layer: mlp_moelayer, involved dimensions:  1, 0, 0, 0, 0, 0, 0, 0, 0, 0,
***** info: input gradient collective for layer: mlp_moelayer is finished************
info: no weight grad collective for layer: mlp_moelayer
DEBUG_CHUNK_SIZE: size=20971520, preferred_dataset_splits=1, resulting chunk_size=20971520
DEBUG_COLLECTIVE_TYPE: layer=125, event=UNKNOWN (raw=0), size=20971520, chunk_size=20971520
DEBUG_STREAM_COUNT: chunk size is: 20971520 , size is: 20971520 , layer_num is: 125 , node: 0
DEBUG_STREAM_CREATE: Creating stream #435 for dataset id: 1051 (total_streams=1)
DEBUG_STREAM_COUNT: Generated 1 streams for layer 125 (UNKNOWN), total injected: 436
info: all-to-all input grad collective issued for layer: mlp_moelayer, involved dimensions:  1, 0, 0, 0, 0, 0, 0, 0, 0, 0,
***** info: input gradient collective for layer: mlp_moelayer is finished************
info: no weight grad collective for layer: mlp_moelayer
DEBUG_CHUNK_SIZE: size=131072, preferred_dataset_splits=1, resulting chunk_size=131072
DEBUG_COLLECTIVE_TYPE: layer=124, event=UNKNOWN (raw=0), size=131072, chunk_size=131072
DEBUG_STREAM_COUNT: chunk size is: 131072 , size is: 131072 , layer_num is: 124 , node: 0
DEBUG_STREAM_CREATE: Creating stream #436 for dataset id: 1052 (total_streams=1)
DEBUG_STREAM_COUNT: Generated 1 streams for layer 124 (UNKNOWN), total injected: 437
info: all-gather input grad collective issued for layer: mlp_moelayer, involved dimensions:  1, 0, 0, 0, 0, 0, 0, 0, 0, 0,
***** info: input gradient collective for layer: mlp_moelayer is finished************
info: no weight grad collective for layer: mlp_moelayer
info: no input grad collective for layer: attention_row
info: no weight grad collective for layer: attention_row
info: no input grad collective for layer: attention_column
info: no weight grad collective for layer: attention_column
DEBUG_CHUNK_SIZE: size=20971520, preferred_dataset_splits=1, resulting chunk_size=20971520
DEBUG_COLLECTIVE_TYPE: layer=121, event=UNKNOWN (raw=0), size=20971520, chunk_size=20971520
DEBUG_STREAM_COUNT: chunk size is: 20971520 , size is: 20971520 , layer_num is: 121 , node: 0
DEBUG_STREAM_CREATE: Creating stream #437 for dataset id: 1055 (total_streams=1)
DEBUG_STREAM_COUNT: Generated 1 streams for layer 121 (UNKNOWN), total injected: 438
info: all-to-all input grad collective issued for layer: mlp_moelayer, involved dimensions:  1, 0, 0, 0, 0, 0, 0, 0, 0, 0,
***** info: input gradient collective for layer: mlp_moelayer is finished************
info: no weight grad collective for layer: mlp_moelayer
DEBUG_CHUNK_SIZE: size=83886080, preferred_dataset_splits=1, resulting chunk_size=83886080
DEBUG_COLLECTIVE_TYPE: layer=120, event=UNKNOWN (raw=0), size=83886080, chunk_size=83886080
DEBUG_STREAM_COUNT: chunk size is: 83886080 , size is: 83886080 , layer_num is: 120 , node: 0
DEBUG_STREAM_CREATE: Creating stream #438 for dataset id: 1056 (total_streams=1)
DEBUG_STREAM_COUNT: Generated 1 streams for layer 120 (UNKNOWN), total injected: 439
info: all-to-all input grad collective issued for layer: mlp_moelayer, involved dimensions:  1, 0, 0, 0, 0, 0, 0, 0, 0, 0,
***** info: input gradient collective for layer: mlp_moelayer is finished************
info: no weight grad collective for layer: mlp_moelayer
DEBUG_CHUNK_SIZE: size=83886080, preferred_dataset_splits=1, resulting chunk_size=83886080
DEBUG_COLLECTIVE_TYPE: layer=119, event=UNKNOWN (raw=0), size=83886080, chunk_size=83886080
DEBUG_STREAM_COUNT: chunk size is: 83886080 , size is: 83886080 , layer_num is: 119 , node: 0
DEBUG_STREAM_CREATE: Creating stream #439 for dataset id: 1059 (total_streams=1)
DEBUG_STREAM_COUNT: Generated 1 streams for layer 119 (UNKNOWN), total injected: 440
info: all-gather input grad collective issued for layer: mlp_moelayer, involved dimensions:  1, 0, 0, 0, 0, 0, 0, 0, 0, 0,
***** info: input gradient collective for layer: mlp_moelayer is finished************
info: no weight grad collective for layer: mlp_moelayer
DEBUG_CHUNK_SIZE: size=167772160, preferred_dataset_splits=1, resulting chunk_size=167772160
DEBUG_COLLECTIVE_TYPE: layer=118, event=UNKNOWN (raw=0), size=167772160, chunk_size=167772160
DEBUG_STREAM_COUNT: chunk size is: 167772160 , size is: 167772160 , layer_num is: 118 , node: 0
DEBUG_STREAM_CREATE: Creating stream #440 for dataset id: 1060 (total_streams=1)
DEBUG_STREAM_COUNT: Generated 1 streams for layer 118 (UNKNOWN), total injected: 441
info: all-gather input grad collective issued for layer: mlp_moelayer, involved dimensions:  1, 0, 0, 0, 0, 0, 0, 0, 0, 0,
***** info: input gradient collective for layer: mlp_moelayer is finished************
info: no weight grad collective for layer: mlp_moelayer
DEBUG_CHUNK_SIZE: size=83886080, preferred_dataset_splits=1, resulting chunk_size=83886080
DEBUG_COLLECTIVE_TYPE: layer=117, event=UNKNOWN (raw=0), size=83886080, chunk_size=83886080
DEBUG_STREAM_COUNT: chunk size is: 83886080 , size is: 83886080 , layer_num is: 117 , node: 0
DEBUG_STREAM_CREATE: Creating stream #441 for dataset id: 1063 (total_streams=1)
DEBUG_STREAM_COUNT: Generated 1 streams for layer 117 (UNKNOWN), total injected: 442
info: all-to-all input grad collective issued for layer: mlp_moelayer, involved dimensions:  1, 0, 0, 0, 0, 0, 0, 0, 0, 0,
***** info: input gradient collective for layer: mlp_moelayer is finished************
info: no weight grad collective for layer: mlp_moelayer
DEBUG_CHUNK_SIZE: size=20971520, preferred_dataset_splits=1, resulting chunk_size=20971520
DEBUG_COLLECTIVE_TYPE: layer=116, event=UNKNOWN (raw=0), size=20971520, chunk_size=20971520
DEBUG_STREAM_COUNT: chunk size is: 20971520 , size is: 20971520 , layer_num is: 116 , node: 0
DEBUG_STREAM_CREATE: Creating stream #442 for dataset id: 1064 (total_streams=1)
DEBUG_STREAM_COUNT: Generated 1 streams for layer 116 (UNKNOWN), total injected: 443
info: all-to-all input grad collective issued for layer: mlp_moelayer, involved dimensions:  1, 0, 0, 0, 0, 0, 0, 0, 0, 0,
***** info: input gradient collective for layer: mlp_moelayer is finished************
info: no weight grad collective for layer: mlp_moelayer
DEBUG_CHUNK_SIZE: size=131072, preferred_dataset_splits=1, resulting chunk_size=131072
DEBUG_COLLECTIVE_TYPE: layer=115, event=UNKNOWN (raw=0), size=131072, chunk_size=131072
DEBUG_STREAM_COUNT: chunk size is: 131072 , size is: 131072 , layer_num is: 115 , node: 0
DEBUG_STREAM_CREATE: Creating stream #443 for dataset id: 1067 (total_streams=1)
DEBUG_STREAM_COUNT: Generated 1 streams for layer 115 (UNKNOWN), total injected: 444
info: all-gather input grad collective issued for layer: mlp_moelayer, involved dimensions:  1, 0, 0, 0, 0, 0, 0, 0, 0, 0,
***** info: input gradient collective for layer: mlp_moelayer is finished************
info: no weight grad collective for layer: mlp_moelayer
info: no input grad collective for layer: attention_row
info: no weight grad collective for layer: attention_row
info: no input grad collective for layer: attention_column
info: no weight grad collective for layer: attention_column
DEBUG_CHUNK_SIZE: size=20971520, preferred_dataset_splits=1, resulting chunk_size=20971520
DEBUG_COLLECTIVE_TYPE: layer=112, event=UNKNOWN (raw=0), size=20971520, chunk_size=20971520
DEBUG_STREAM_COUNT: chunk size is: 20971520 , size is: 20971520 , layer_num is: 112 , node: 0
DEBUG_STREAM_CREATE: Creating stream #444 for dataset id: 1068 (total_streams=1)
DEBUG_STREAM_COUNT: Generated 1 streams for layer 112 (UNKNOWN), total injected: 445
info: all-to-all input grad collective issued for layer: mlp_moelayer, involved dimensions:  1, 0, 0, 0, 0, 0, 0, 0, 0, 0,
***** info: input gradient collective for layer: mlp_moelayer is finished************
info: no weight grad collective for layer: mlp_moelayer
DEBUG_CHUNK_SIZE: size=83886080, preferred_dataset_splits=1, resulting chunk_size=83886080
DEBUG_COLLECTIVE_TYPE: layer=111, event=UNKNOWN (raw=0), size=83886080, chunk_size=83886080
DEBUG_STREAM_COUNT: chunk size is: 83886080 , size is: 83886080 , layer_num is: 111 , node: 0
DEBUG_STREAM_CREATE: Creating stream #445 for dataset id: 1071 (total_streams=1)
DEBUG_STREAM_COUNT: Generated 1 streams for layer 111 (UNKNOWN), total injected: 446
info: all-to-all input grad collective issued for layer: mlp_moelayer, involved dimensions:  1, 0, 0, 0, 0, 0, 0, 0, 0, 0,
***** info: input gradient collective for layer: mlp_moelayer is finished************
info: no weight grad collective for layer: mlp_moelayer
DEBUG_CHUNK_SIZE: size=83886080, preferred_dataset_splits=1, resulting chunk_size=83886080
DEBUG_COLLECTIVE_TYPE: layer=110, event=UNKNOWN (raw=0), size=83886080, chunk_size=83886080
DEBUG_STREAM_COUNT: chunk size is: 83886080 , size is: 83886080 , layer_num is: 110 , node: 0
DEBUG_STREAM_CREATE: Creating stream #446 for dataset id: 1072 (total_streams=1)
DEBUG_STREAM_COUNT: Generated 1 streams for layer 110 (UNKNOWN), total injected: 447
info: all-gather input grad collective issued for layer: mlp_moelayer, involved dimensions:  1, 0, 0, 0, 0, 0, 0, 0, 0, 0,
***** info: input gradient collective for layer: mlp_moelayer is finished************
info: no weight grad collective for layer: mlp_moelayer
DEBUG_CHUNK_SIZE: size=167772160, preferred_dataset_splits=1, resulting chunk_size=167772160
DEBUG_COLLECTIVE_TYPE: layer=109, event=UNKNOWN (raw=0), size=167772160, chunk_size=167772160
DEBUG_STREAM_COUNT: chunk size is: 167772160 , size is: 167772160 , layer_num is: 109 , node: 0
DEBUG_STREAM_CREATE: Creating stream #447 for dataset id: 1075 (total_streams=1)
DEBUG_STREAM_COUNT: Generated 1 streams for layer 109 (UNKNOWN), total injected: 448
info: all-gather input grad collective issued for layer: mlp_moelayer, involved dimensions:  1, 0, 0, 0, 0, 0, 0, 0, 0, 0,
***** info: input gradient collective for layer: mlp_moelayer is finished************
info: no weight grad collective for layer: mlp_moelayer
DEBUG_CHUNK_SIZE: size=83886080, preferred_dataset_splits=1, resulting chunk_size=83886080
DEBUG_COLLECTIVE_TYPE: layer=108, event=UNKNOWN (raw=0), size=83886080, chunk_size=83886080
DEBUG_STREAM_COUNT: chunk size is: 83886080 , size is: 83886080 , layer_num is: 108 , node: 0
DEBUG_STREAM_CREATE: Creating stream #448 for dataset id: 1076 (total_streams=1)
DEBUG_STREAM_COUNT: Generated 1 streams for layer 108 (UNKNOWN), total injected: 449
info: all-to-all input grad collective issued for layer: mlp_moelayer, involved dimensions:  1, 0, 0, 0, 0, 0, 0, 0, 0, 0,
***** info: input gradient collective for layer: mlp_moelayer is finished************
info: no weight grad collective for layer: mlp_moelayer
DEBUG_CHUNK_SIZE: size=20971520, preferred_dataset_splits=1, resulting chunk_size=20971520
DEBUG_COLLECTIVE_TYPE: layer=107, event=UNKNOWN (raw=0), size=20971520, chunk_size=20971520
DEBUG_STREAM_COUNT: chunk size is: 20971520 , size is: 20971520 , layer_num is: 107 , node: 0
DEBUG_STREAM_CREATE: Creating stream #449 for dataset id: 1079 (total_streams=1)
DEBUG_STREAM_COUNT: Generated 1 streams for layer 107 (UNKNOWN), total injected: 450
info: all-to-all input grad collective issued for layer: mlp_moelayer, involved dimensions:  1, 0, 0, 0, 0, 0, 0, 0, 0, 0,
***** info: input gradient collective for layer: mlp_moelayer is finished************
info: no weight grad collective for layer: mlp_moelayer
DEBUG_CHUNK_SIZE: size=131072, preferred_dataset_splits=1, resulting chunk_size=131072
DEBUG_COLLECTIVE_TYPE: layer=106, event=UNKNOWN (raw=0), size=131072, chunk_size=131072
DEBUG_STREAM_COUNT: chunk size is: 131072 , size is: 131072 , layer_num is: 106 , node: 0
DEBUG_STREAM_CREATE: Creating stream #450 for dataset id: 1080 (total_streams=1)
DEBUG_STREAM_COUNT: Generated 1 streams for layer 106 (UNKNOWN), total injected: 451
info: all-gather input grad collective issued for layer: mlp_moelayer, involved dimensions:  1, 0, 0, 0, 0, 0, 0, 0, 0, 0,
***** info: input gradient collective for layer: mlp_moelayer is finished************
info: no weight grad collective for layer: mlp_moelayer
info: no input grad collective for layer: attention_row
info: no weight grad collective for layer: attention_row
info: no input grad collective for layer: attention_column
info: no weight grad collective for layer: attention_column
DEBUG_CHUNK_SIZE: size=20971520, preferred_dataset_splits=1, resulting chunk_size=20971520
DEBUG_COLLECTIVE_TYPE: layer=103, event=UNKNOWN (raw=0), size=20971520, chunk_size=20971520
DEBUG_STREAM_COUNT: chunk size is: 20971520 , size is: 20971520 , layer_num is: 103 , node: 0
DEBUG_STREAM_CREATE: Creating stream #451 for dataset id: 1083 (total_streams=1)
DEBUG_STREAM_COUNT: Generated 1 streams for layer 103 (UNKNOWN), total injected: 452
info: all-to-all input grad collective issued for layer: mlp_moelayer, involved dimensions:  1, 0, 0, 0, 0, 0, 0, 0, 0, 0,
***** info: input gradient collective for layer: mlp_moelayer is finished************
info: no weight grad collective for layer: mlp_moelayer
DEBUG_CHUNK_SIZE: size=83886080, preferred_dataset_splits=1, resulting chunk_size=83886080
DEBUG_COLLECTIVE_TYPE: layer=102, event=UNKNOWN (raw=0), size=83886080, chunk_size=83886080
DEBUG_STREAM_COUNT: chunk size is: 83886080 , size is: 83886080 , layer_num is: 102 , node: 0
DEBUG_STREAM_CREATE: Creating stream #452 for dataset id: 1084 (total_streams=1)
DEBUG_STREAM_COUNT: Generated 1 streams for layer 102 (UNKNOWN), total injected: 453
info: all-to-all input grad collective issued for layer: mlp_moelayer, involved dimensions:  1, 0, 0, 0, 0, 0, 0, 0, 0, 0,
***** info: input gradient collective for layer: mlp_moelayer is finished************
info: no weight grad collective for layer: mlp_moelayer
DEBUG_CHUNK_SIZE: size=83886080, preferred_dataset_splits=1, resulting chunk_size=83886080
DEBUG_COLLECTIVE_TYPE: layer=101, event=UNKNOWN (raw=0), size=83886080, chunk_size=83886080
DEBUG_STREAM_COUNT: chunk size is: 83886080 , size is: 83886080 , layer_num is: 101 , node: 0
DEBUG_STREAM_CREATE: Creating stream #453 for dataset id: 1087 (total_streams=1)
DEBUG_STREAM_COUNT: Generated 1 streams for layer 101 (UNKNOWN), total injected: 454
info: all-gather input grad collective issued for layer: mlp_moelayer, involved dimensions:  1, 0, 0, 0, 0, 0, 0, 0, 0, 0,
***** info: input gradient collective for layer: mlp_moelayer is finished************
info: no weight grad collective for layer: mlp_moelayer
DEBUG_CHUNK_SIZE: size=167772160, preferred_dataset_splits=1, resulting chunk_size=167772160
DEBUG_COLLECTIVE_TYPE: layer=100, event=UNKNOWN (raw=0), size=167772160, chunk_size=167772160
DEBUG_STREAM_COUNT: chunk size is: 167772160 , size is: 167772160 , layer_num is: 100 , node: 0
DEBUG_STREAM_CREATE: Creating stream #454 for dataset id: 1088 (total_streams=1)
DEBUG_STREAM_COUNT: Generated 1 streams for layer 100 (UNKNOWN), total injected: 455
info: all-gather input grad collective issued for layer: mlp_moelayer, involved dimensions:  1, 0, 0, 0, 0, 0, 0, 0, 0, 0,
***** info: input gradient collective for layer: mlp_moelayer is finished************
info: no weight grad collective for layer: mlp_moelayer
DEBUG_CHUNK_SIZE: size=83886080, preferred_dataset_splits=1, resulting chunk_size=83886080
DEBUG_COLLECTIVE_TYPE: layer=99, event=UNKNOWN (raw=0), size=83886080, chunk_size=83886080
DEBUG_STREAM_COUNT: chunk size is: 83886080 , size is: 83886080 , layer_num is: 99 , node: 0
DEBUG_STREAM_CREATE: Creating stream #455 for dataset id: 1091 (total_streams=1)
DEBUG_STREAM_COUNT: Generated 1 streams for layer 99 (UNKNOWN), total injected: 456
info: all-to-all input grad collective issued for layer: mlp_moelayer, involved dimensions:  1, 0, 0, 0, 0, 0, 0, 0, 0, 0,
***** info: input gradient collective for layer: mlp_moelayer is finished************
info: no weight grad collective for layer: mlp_moelayer
DEBUG_CHUNK_SIZE: size=20971520, preferred_dataset_splits=1, resulting chunk_size=20971520
DEBUG_COLLECTIVE_TYPE: layer=98, event=UNKNOWN (raw=0), size=20971520, chunk_size=20971520
DEBUG_STREAM_COUNT: chunk size is: 20971520 , size is: 20971520 , layer_num is: 98 , node: 0
DEBUG_STREAM_CREATE: Creating stream #456 for dataset id: 1092 (total_streams=1)
DEBUG_STREAM_COUNT: Generated 1 streams for layer 98 (UNKNOWN), total injected: 457
info: all-to-all input grad collective issued for layer: mlp_moelayer, involved dimensions:  1, 0, 0, 0, 0, 0, 0, 0, 0, 0,
***** info: input gradient collective for layer: mlp_moelayer is finished************
info: no weight grad collective for layer: mlp_moelayer
DEBUG_CHUNK_SIZE: size=131072, preferred_dataset_splits=1, resulting chunk_size=131072
DEBUG_COLLECTIVE_TYPE: layer=97, event=UNKNOWN (raw=0), size=131072, chunk_size=131072
DEBUG_STREAM_COUNT: chunk size is: 131072 , size is: 131072 , layer_num is: 97 , node: 0
DEBUG_STREAM_CREATE: Creating stream #457 for dataset id: 1095 (total_streams=1)
DEBUG_STREAM_COUNT: Generated 1 streams for layer 97 (UNKNOWN), total injected: 458
info: all-gather input grad collective issued for layer: mlp_moelayer, involved dimensions:  1, 0, 0, 0, 0, 0, 0, 0, 0, 0,
***** info: input gradient collective for layer: mlp_moelayer is finished************
info: no weight grad collective for layer: mlp_moelayer
info: no input grad collective for layer: attention_row
info: no weight grad collective for layer: attention_row
info: no input grad collective for layer: attention_column
info: no weight grad collective for layer: attention_column
DEBUG_CHUNK_SIZE: size=20971520, preferred_dataset_splits=1, resulting chunk_size=20971520
DEBUG_COLLECTIVE_TYPE: layer=94, event=UNKNOWN (raw=0), size=20971520, chunk_size=20971520
DEBUG_STREAM_COUNT: chunk size is: 20971520 , size is: 20971520 , layer_num is: 94 , node: 0
DEBUG_STREAM_CREATE: Creating stream #458 for dataset id: 1096 (total_streams=1)
DEBUG_STREAM_COUNT: Generated 1 streams for layer 94 (UNKNOWN), total injected: 459
info: all-to-all input grad collective issued for layer: mlp_moelayer, involved dimensions:  1, 0, 0, 0, 0, 0, 0, 0, 0, 0,
***** info: input gradient collective for layer: mlp_moelayer is finished************
info: no weight grad collective for layer: mlp_moelayer
DEBUG_CHUNK_SIZE: size=83886080, preferred_dataset_splits=1, resulting chunk_size=83886080
DEBUG_COLLECTIVE_TYPE: layer=93, event=UNKNOWN (raw=0), size=83886080, chunk_size=83886080
DEBUG_STREAM_COUNT: chunk size is: 83886080 , size is: 83886080 , layer_num is: 93 , node: 0
DEBUG_STREAM_CREATE: Creating stream #459 for dataset id: 1099 (total_streams=1)
DEBUG_STREAM_COUNT: Generated 1 streams for layer 93 (UNKNOWN), total injected: 460
info: all-to-all input grad collective issued for layer: mlp_moelayer, involved dimensions:  1, 0, 0, 0, 0, 0, 0, 0, 0, 0,
***** info: input gradient collective for layer: mlp_moelayer is finished************
info: no weight grad collective for layer: mlp_moelayer
DEBUG_CHUNK_SIZE: size=83886080, preferred_dataset_splits=1, resulting chunk_size=83886080
DEBUG_COLLECTIVE_TYPE: layer=92, event=UNKNOWN (raw=0), size=83886080, chunk_size=83886080
DEBUG_STREAM_COUNT: chunk size is: 83886080 , size is: 83886080 , layer_num is: 92 , node: 0
DEBUG_STREAM_CREATE: Creating stream #460 for dataset id: 1100 (total_streams=1)
DEBUG_STREAM_COUNT: Generated 1 streams for layer 92 (UNKNOWN), total injected: 461
info: all-gather input grad collective issued for layer: mlp_moelayer, involved dimensions:  1, 0, 0, 0, 0, 0, 0, 0, 0, 0,
***** info: input gradient collective for layer: mlp_moelayer is finished************
info: no weight grad collective for layer: mlp_moelayer
DEBUG_CHUNK_SIZE: size=167772160, preferred_dataset_splits=1, resulting chunk_size=167772160
DEBUG_COLLECTIVE_TYPE: layer=91, event=UNKNOWN (raw=0), size=167772160, chunk_size=167772160
DEBUG_STREAM_COUNT: chunk size is: 167772160 , size is: 167772160 , layer_num is: 91 , node: 0
DEBUG_STREAM_CREATE: Creating stream #461 for dataset id: 1103 (total_streams=1)
DEBUG_STREAM_COUNT: Generated 1 streams for layer 91 (UNKNOWN), total injected: 462
info: all-gather input grad collective issued for layer: mlp_moelayer, involved dimensions:  1, 0, 0, 0, 0, 0, 0, 0, 0, 0,
***** info: input gradient collective for layer: mlp_moelayer is finished************
info: no weight grad collective for layer: mlp_moelayer
DEBUG_CHUNK_SIZE: size=83886080, preferred_dataset_splits=1, resulting chunk_size=83886080
DEBUG_COLLECTIVE_TYPE: layer=90, event=UNKNOWN (raw=0), size=83886080, chunk_size=83886080
DEBUG_STREAM_COUNT: chunk size is: 83886080 , size is: 83886080 , layer_num is: 90 , node: 0
DEBUG_STREAM_CREATE: Creating stream #462 for dataset id: 1104 (total_streams=1)
DEBUG_STREAM_COUNT: Generated 1 streams for layer 90 (UNKNOWN), total injected: 463
info: all-to-all input grad collective issued for layer: mlp_moelayer, involved dimensions:  1, 0, 0, 0, 0, 0, 0, 0, 0, 0,
***** info: input gradient collective for layer: mlp_moelayer is finished************
info: no weight grad collective for layer: mlp_moelayer
DEBUG_CHUNK_SIZE: size=20971520, preferred_dataset_splits=1, resulting chunk_size=20971520
DEBUG_COLLECTIVE_TYPE: layer=89, event=UNKNOWN (raw=0), size=20971520, chunk_size=20971520
DEBUG_STREAM_COUNT: chunk size is: 20971520 , size is: 20971520 , layer_num is: 89 , node: 0
DEBUG_STREAM_CREATE: Creating stream #463 for dataset id: 1107 (total_streams=1)
DEBUG_STREAM_COUNT: Generated 1 streams for layer 89 (UNKNOWN), total injected: 464
info: all-to-all input grad collective issued for layer: mlp_moelayer, involved dimensions:  1, 0, 0, 0, 0, 0, 0, 0, 0, 0,
***** info: input gradient collective for layer: mlp_moelayer is finished************
info: no weight grad collective for layer: mlp_moelayer
DEBUG_CHUNK_SIZE: size=131072, preferred_dataset_splits=1, resulting chunk_size=131072
DEBUG_COLLECTIVE_TYPE: layer=88, event=UNKNOWN (raw=0), size=131072, chunk_size=131072
DEBUG_STREAM_COUNT: chunk size is: 131072 , size is: 131072 , layer_num is: 88 , node: 0
DEBUG_STREAM_CREATE: Creating stream #464 for dataset id: 1108 (total_streams=1)
DEBUG_STREAM_COUNT: Generated 1 streams for layer 88 (UNKNOWN), total injected: 465
info: all-gather input grad collective issued for layer: mlp_moelayer, involved dimensions:  1, 0, 0, 0, 0, 0, 0, 0, 0, 0,
***** info: input gradient collective for layer: mlp_moelayer is finished************
info: no weight grad collective for layer: mlp_moelayer
info: no input grad collective for layer: attention_row
info: no weight grad collective for layer: attention_row
info: no input grad collective for layer: attention_column
info: no weight grad collective for layer: attention_column
DEBUG_CHUNK_SIZE: size=20971520, preferred_dataset_splits=1, resulting chunk_size=20971520
DEBUG_COLLECTIVE_TYPE: layer=85, event=UNKNOWN (raw=0), size=20971520, chunk_size=20971520
DEBUG_STREAM_COUNT: chunk size is: 20971520 , size is: 20971520 , layer_num is: 85 , node: 0
DEBUG_STREAM_CREATE: Creating stream #465 for dataset id: 1111 (total_streams=1)
DEBUG_STREAM_COUNT: Generated 1 streams for layer 85 (UNKNOWN), total injected: 466
info: all-to-all input grad collective issued for layer: mlp_moelayer, involved dimensions:  1, 0, 0, 0, 0, 0, 0, 0, 0, 0,
***** info: input gradient collective for layer: mlp_moelayer is finished************
info: no weight grad collective for layer: mlp_moelayer
DEBUG_CHUNK_SIZE: size=83886080, preferred_dataset_splits=1, resulting chunk_size=83886080
DEBUG_COLLECTIVE_TYPE: layer=84, event=UNKNOWN (raw=0), size=83886080, chunk_size=83886080
DEBUG_STREAM_COUNT: chunk size is: 83886080 , size is: 83886080 , layer_num is: 84 , node: 0
DEBUG_STREAM_CREATE: Creating stream #466 for dataset id: 1112 (total_streams=1)
DEBUG_STREAM_COUNT: Generated 1 streams for layer 84 (UNKNOWN), total injected: 467
info: all-to-all input grad collective issued for layer: mlp_moelayer, involved dimensions:  1, 0, 0, 0, 0, 0, 0, 0, 0, 0,
***** info: input gradient collective for layer: mlp_moelayer is finished************
info: no weight grad collective for layer: mlp_moelayer
DEBUG_CHUNK_SIZE: size=83886080, preferred_dataset_splits=1, resulting chunk_size=83886080
DEBUG_COLLECTIVE_TYPE: layer=83, event=UNKNOWN (raw=0), size=83886080, chunk_size=83886080
DEBUG_STREAM_COUNT: chunk size is: 83886080 , size is: 83886080 , layer_num is: 83 , node: 0
DEBUG_STREAM_CREATE: Creating stream #467 for dataset id: 1115 (total_streams=1)
DEBUG_STREAM_COUNT: Generated 1 streams for layer 83 (UNKNOWN), total injected: 468
info: all-gather input grad collective issued for layer: mlp_moelayer, involved dimensions:  1, 0, 0, 0, 0, 0, 0, 0, 0, 0,
***** info: input gradient collective for layer: mlp_moelayer is finished************
info: no weight grad collective for layer: mlp_moelayer
DEBUG_CHUNK_SIZE: size=167772160, preferred_dataset_splits=1, resulting chunk_size=167772160
DEBUG_COLLECTIVE_TYPE: layer=82, event=UNKNOWN (raw=0), size=167772160, chunk_size=167772160
DEBUG_STREAM_COUNT: chunk size is: 167772160 , size is: 167772160 , layer_num is: 82 , node: 0
DEBUG_STREAM_CREATE: Creating stream #468 for dataset id: 1116 (total_streams=1)
DEBUG_STREAM_COUNT: Generated 1 streams for layer 82 (UNKNOWN), total injected: 469
info: all-gather input grad collective issued for layer: mlp_moelayer, involved dimensions:  1, 0, 0, 0, 0, 0, 0, 0, 0, 0,
***** info: input gradient collective for layer: mlp_moelayer is finished************
info: no weight grad collective for layer: mlp_moelayer
DEBUG_CHUNK_SIZE: size=83886080, preferred_dataset_splits=1, resulting chunk_size=83886080
DEBUG_COLLECTIVE_TYPE: layer=81, event=UNKNOWN (raw=0), size=83886080, chunk_size=83886080
DEBUG_STREAM_COUNT: chunk size is: 83886080 , size is: 83886080 , layer_num is: 81 , node: 0
DEBUG_STREAM_CREATE: Creating stream #469 for dataset id: 1119 (total_streams=1)
DEBUG_STREAM_COUNT: Generated 1 streams for layer 81 (UNKNOWN), total injected: 470
info: all-to-all input grad collective issued for layer: mlp_moelayer, involved dimensions:  1, 0, 0, 0, 0, 0, 0, 0, 0, 0,
***** info: input gradient collective for layer: mlp_moelayer is finished************
info: no weight grad collective for layer: mlp_moelayer
DEBUG_CHUNK_SIZE: size=20971520, preferred_dataset_splits=1, resulting chunk_size=20971520
DEBUG_COLLECTIVE_TYPE: layer=80, event=UNKNOWN (raw=0), size=20971520, chunk_size=20971520
DEBUG_STREAM_COUNT: chunk size is: 20971520 , size is: 20971520 , layer_num is: 80 , node: 0
DEBUG_STREAM_CREATE: Creating stream #470 for dataset id: 1120 (total_streams=1)
DEBUG_STREAM_COUNT: Generated 1 streams for layer 80 (UNKNOWN), total injected: 471
info: all-to-all input grad collective issued for layer: mlp_moelayer, involved dimensions:  1, 0, 0, 0, 0, 0, 0, 0, 0, 0,
***** info: input gradient collective for layer: mlp_moelayer is finished************
info: no weight grad collective for layer: mlp_moelayer
DEBUG_CHUNK_SIZE: size=131072, preferred_dataset_splits=1, resulting chunk_size=131072
DEBUG_COLLECTIVE_TYPE: layer=79, event=UNKNOWN (raw=0), size=131072, chunk_size=131072
DEBUG_STREAM_COUNT: chunk size is: 131072 , size is: 131072 , layer_num is: 79 , node: 0
DEBUG_STREAM_CREATE: Creating stream #471 for dataset id: 1123 (total_streams=1)
DEBUG_STREAM_COUNT: Generated 1 streams for layer 79 (UNKNOWN), total injected: 472
info: all-gather input grad collective issued for layer: mlp_moelayer, involved dimensions:  1, 0, 0, 0, 0, 0, 0, 0, 0, 0,
***** info: input gradient collective for layer: mlp_moelayer is finished************
info: no weight grad collective for layer: mlp_moelayer
info: no input grad collective for layer: attention_row
info: no weight grad collective for layer: attention_row
info: no input grad collective for layer: attention_column
info: no weight grad collective for layer: attention_column
info: no input grad collective for layer: embedding_layer
info: no weight grad collective for layer: embedding_layer
info: no input grad collective for layer: embedding_norm
info: no weight grad collective for layer: embedding_norm
info: no input grad collective for layer: final_column
info: no weight grad collective for layer: final_column
DEBUG_CHUNK_SIZE: size=20971520, preferred_dataset_splits=1, resulting chunk_size=20971520
DEBUG_COLLECTIVE_TYPE: layer=73, event=UNKNOWN (raw=0), size=20971520, chunk_size=20971520
DEBUG_STREAM_COUNT: chunk size is: 20971520 , size is: 20971520 , layer_num is: 73 , node: 0
DEBUG_STREAM_CREATE: Creating stream #472 for dataset id: 1124 (total_streams=1)
DEBUG_STREAM_COUNT: Generated 1 streams for layer 73 (UNKNOWN), total injected: 473
info: all-to-all input grad collective issued for layer: mlp_moelayer, involved dimensions:  1, 0, 0, 0, 0, 0, 0, 0, 0, 0,
***** info: input gradient collective for layer: mlp_moelayer is finished************
info: no weight grad collective for layer: mlp_moelayer
DEBUG_CHUNK_SIZE: size=83886080, preferred_dataset_splits=1, resulting chunk_size=83886080
DEBUG_COLLECTIVE_TYPE: layer=72, event=UNKNOWN (raw=0), size=83886080, chunk_size=83886080
DEBUG_STREAM_COUNT: chunk size is: 83886080 , size is: 83886080 , layer_num is: 72 , node: 0
DEBUG_STREAM_CREATE: Creating stream #473 for dataset id: 1127 (total_streams=1)
DEBUG_STREAM_COUNT: Generated 1 streams for layer 72 (UNKNOWN), total injected: 474
info: all-to-all input grad collective issued for layer: mlp_moelayer, involved dimensions:  1, 0, 0, 0, 0, 0, 0, 0, 0, 0,
***** info: input gradient collective for layer: mlp_moelayer is finished************
info: no weight grad collective for layer: mlp_moelayer
DEBUG_CHUNK_SIZE: size=83886080, preferred_dataset_splits=1, resulting chunk_size=83886080
DEBUG_COLLECTIVE_TYPE: layer=71, event=UNKNOWN (raw=0), size=83886080, chunk_size=83886080
DEBUG_STREAM_COUNT: chunk size is: 83886080 , size is: 83886080 , layer_num is: 71 , node: 0
DEBUG_STREAM_CREATE: Creating stream #474 for dataset id: 1128 (total_streams=1)
DEBUG_STREAM_COUNT: Generated 1 streams for layer 71 (UNKNOWN), total injected: 475
info: all-gather input grad collective issued for layer: mlp_moelayer, involved dimensions:  1, 0, 0, 0, 0, 0, 0, 0, 0, 0,
***** info: input gradient collective for layer: mlp_moelayer is finished************
info: no weight grad collective for layer: mlp_moelayer
DEBUG_CHUNK_SIZE: size=167772160, preferred_dataset_splits=1, resulting chunk_size=167772160
DEBUG_COLLECTIVE_TYPE: layer=70, event=UNKNOWN (raw=0), size=167772160, chunk_size=167772160
DEBUG_STREAM_COUNT: chunk size is: 167772160 , size is: 167772160 , layer_num is: 70 , node: 0
DEBUG_STREAM_CREATE: Creating stream #475 for dataset id: 1131 (total_streams=1)
DEBUG_STREAM_COUNT: Generated 1 streams for layer 70 (UNKNOWN), total injected: 476
info: all-gather input grad collective issued for layer: mlp_moelayer, involved dimensions:  1, 0, 0, 0, 0, 0, 0, 0, 0, 0,
***** info: input gradient collective for layer: mlp_moelayer is finished************
info: no weight grad collective for layer: mlp_moelayer
DEBUG_CHUNK_SIZE: size=83886080, preferred_dataset_splits=1, resulting chunk_size=83886080
DEBUG_COLLECTIVE_TYPE: layer=69, event=UNKNOWN (raw=0), size=83886080, chunk_size=83886080
DEBUG_STREAM_COUNT: chunk size is: 83886080 , size is: 83886080 , layer_num is: 69 , node: 0
DEBUG_STREAM_CREATE: Creating stream #476 for dataset id: 1132 (total_streams=1)
DEBUG_STREAM_COUNT: Generated 1 streams for layer 69 (UNKNOWN), total injected: 477
info: all-to-all input grad collective issued for layer: mlp_moelayer, involved dimensions:  1, 0, 0, 0, 0, 0, 0, 0, 0, 0,
***** info: input gradient collective for layer: mlp_moelayer is finished************
info: no weight grad collective for layer: mlp_moelayer
DEBUG_CHUNK_SIZE: size=20971520, preferred_dataset_splits=1, resulting chunk_size=20971520
DEBUG_COLLECTIVE_TYPE: layer=68, event=UNKNOWN (raw=0), size=20971520, chunk_size=20971520
DEBUG_STREAM_COUNT: chunk size is: 20971520 , size is: 20971520 , layer_num is: 68 , node: 0
DEBUG_STREAM_CREATE: Creating stream #477 for dataset id: 1135 (total_streams=1)
DEBUG_STREAM_COUNT: Generated 1 streams for layer 68 (UNKNOWN), total injected: 478
info: all-to-all input grad collective issued for layer: mlp_moelayer, involved dimensions:  1, 0, 0, 0, 0, 0, 0, 0, 0, 0,
***** info: input gradient collective for layer: mlp_moelayer is finished************
info: no weight grad collective for layer: mlp_moelayer
DEBUG_CHUNK_SIZE: size=131072, preferred_dataset_splits=1, resulting chunk_size=131072
DEBUG_COLLECTIVE_TYPE: layer=67, event=UNKNOWN (raw=0), size=131072, chunk_size=131072
DEBUG_STREAM_COUNT: chunk size is: 131072 , size is: 131072 , layer_num is: 67 , node: 0
DEBUG_STREAM_CREATE: Creating stream #478 for dataset id: 1136 (total_streams=1)
DEBUG_STREAM_COUNT: Generated 1 streams for layer 67 (UNKNOWN), total injected: 479
info: all-gather input grad collective issued for layer: mlp_moelayer, involved dimensions:  1, 0, 0, 0, 0, 0, 0, 0, 0, 0,
***** info: input gradient collective for layer: mlp_moelayer is finished************
info: no weight grad collective for layer: mlp_moelayer
info: no input grad collective for layer: attention_row
info: no weight grad collective for layer: attention_row
info: no input grad collective for layer: attention_column
info: no weight grad collective for layer: attention_column
DEBUG_CHUNK_SIZE: size=20971520, preferred_dataset_splits=1, resulting chunk_size=20971520
DEBUG_COLLECTIVE_TYPE: layer=64, event=UNKNOWN (raw=0), size=20971520, chunk_size=20971520
DEBUG_STREAM_COUNT: chunk size is: 20971520 , size is: 20971520 , layer_num is: 64 , node: 0
DEBUG_STREAM_CREATE: Creating stream #479 for dataset id: 1139 (total_streams=1)
DEBUG_STREAM_COUNT: Generated 1 streams for layer 64 (UNKNOWN), total injected: 480
info: all-to-all input grad collective issued for layer: mlp_moelayer, involved dimensions:  1, 0, 0, 0, 0, 0, 0, 0, 0, 0,
***** info: input gradient collective for layer: mlp_moelayer is finished************
info: no weight grad collective for layer: mlp_moelayer
DEBUG_CHUNK_SIZE: size=83886080, preferred_dataset_splits=1, resulting chunk_size=83886080
DEBUG_COLLECTIVE_TYPE: layer=63, event=UNKNOWN (raw=0), size=83886080, chunk_size=83886080
DEBUG_STREAM_COUNT: chunk size is: 83886080 , size is: 83886080 , layer_num is: 63 , node: 0
DEBUG_STREAM_CREATE: Creating stream #480 for dataset id: 1140 (total_streams=1)
DEBUG_STREAM_COUNT: Generated 1 streams for layer 63 (UNKNOWN), total injected: 481
info: all-to-all input grad collective issued for layer: mlp_moelayer, involved dimensions:  1, 0, 0, 0, 0, 0, 0, 0, 0, 0,
***** info: input gradient collective for layer: mlp_moelayer is finished************
info: no weight grad collective for layer: mlp_moelayer
DEBUG_CHUNK_SIZE: size=83886080, preferred_dataset_splits=1, resulting chunk_size=83886080
DEBUG_COLLECTIVE_TYPE: layer=62, event=UNKNOWN (raw=0), size=83886080, chunk_size=83886080
DEBUG_STREAM_COUNT: chunk size is: 83886080 , size is: 83886080 , layer_num is: 62 , node: 0
DEBUG_STREAM_CREATE: Creating stream #481 for dataset id: 1143 (total_streams=1)
DEBUG_STREAM_COUNT: Generated 1 streams for layer 62 (UNKNOWN), total injected: 482
info: all-gather input grad collective issued for layer: mlp_moelayer, involved dimensions:  1, 0, 0, 0, 0, 0, 0, 0, 0, 0,
***** info: input gradient collective for layer: mlp_moelayer is finished************
info: no weight grad collective for layer: mlp_moelayer
DEBUG_CHUNK_SIZE: size=167772160, preferred_dataset_splits=1, resulting chunk_size=167772160
DEBUG_COLLECTIVE_TYPE: layer=61, event=UNKNOWN (raw=0), size=167772160, chunk_size=167772160
DEBUG_STREAM_COUNT: chunk size is: 167772160 , size is: 167772160 , layer_num is: 61 , node: 0
DEBUG_STREAM_CREATE: Creating stream #482 for dataset id: 1144 (total_streams=1)
DEBUG_STREAM_COUNT: Generated 1 streams for layer 61 (UNKNOWN), total injected: 483
info: all-gather input grad collective issued for layer: mlp_moelayer, involved dimensions:  1, 0, 0, 0, 0, 0, 0, 0, 0, 0,
***** info: input gradient collective for layer: mlp_moelayer is finished************
info: no weight grad collective for layer: mlp_moelayer
DEBUG_CHUNK_SIZE: size=83886080, preferred_dataset_splits=1, resulting chunk_size=83886080
DEBUG_COLLECTIVE_TYPE: layer=60, event=UNKNOWN (raw=0), size=83886080, chunk_size=83886080
DEBUG_STREAM_COUNT: chunk size is: 83886080 , size is: 83886080 , layer_num is: 60 , node: 0
DEBUG_STREAM_CREATE: Creating stream #483 for dataset id: 1147 (total_streams=1)
DEBUG_STREAM_COUNT: Generated 1 streams for layer 60 (UNKNOWN), total injected: 484
info: all-to-all input grad collective issued for layer: mlp_moelayer, involved dimensions:  1, 0, 0, 0, 0, 0, 0, 0, 0, 0,
***** info: input gradient collective for layer: mlp_moelayer is finished************
info: no weight grad collective for layer: mlp_moelayer
DEBUG_CHUNK_SIZE: size=20971520, preferred_dataset_splits=1, resulting chunk_size=20971520
DEBUG_COLLECTIVE_TYPE: layer=59, event=UNKNOWN (raw=0), size=20971520, chunk_size=20971520
DEBUG_STREAM_COUNT: chunk size is: 20971520 , size is: 20971520 , layer_num is: 59 , node: 0
DEBUG_STREAM_CREATE: Creating stream #484 for dataset id: 1148 (total_streams=1)
DEBUG_STREAM_COUNT: Generated 1 streams for layer 59 (UNKNOWN), total injected: 485
info: all-to-all input grad collective issued for layer: mlp_moelayer, involved dimensions:  1, 0, 0, 0, 0, 0, 0, 0, 0, 0,
***** info: input gradient collective for layer: mlp_moelayer is finished************
info: no weight grad collective for layer: mlp_moelayer
DEBUG_CHUNK_SIZE: size=131072, preferred_dataset_splits=1, resulting chunk_size=131072
DEBUG_COLLECTIVE_TYPE: layer=58, event=UNKNOWN (raw=0), size=131072, chunk_size=131072
DEBUG_STREAM_COUNT: chunk size is: 131072 , size is: 131072 , layer_num is: 58 , node: 0
DEBUG_STREAM_CREATE: Creating stream #485 for dataset id: 1151 (total_streams=1)
DEBUG_STREAM_COUNT: Generated 1 streams for layer 58 (UNKNOWN), total injected: 486
info: all-gather input grad collective issued for layer: mlp_moelayer, involved dimensions:  1, 0, 0, 0, 0, 0, 0, 0, 0, 0,
***** info: input gradient collective for layer: mlp_moelayer is finished************
info: no weight grad collective for layer: mlp_moelayer
info: no input grad collective for layer: attention_row
info: no weight grad collective for layer: attention_row
info: no input grad collective for layer: attention_column
info: no weight grad collective for layer: attention_column
DEBUG_CHUNK_SIZE: size=20971520, preferred_dataset_splits=1, resulting chunk_size=20971520
DEBUG_COLLECTIVE_TYPE: layer=55, event=UNKNOWN (raw=0), size=20971520, chunk_size=20971520
DEBUG_STREAM_COUNT: chunk size is: 20971520 , size is: 20971520 , layer_num is: 55 , node: 0
DEBUG_STREAM_CREATE: Creating stream #486 for dataset id: 1152 (total_streams=1)
DEBUG_STREAM_COUNT: Generated 1 streams for layer 55 (UNKNOWN), total injected: 487
info: all-to-all input grad collective issued for layer: mlp_moelayer, involved dimensions:  1, 0, 0, 0, 0, 0, 0, 0, 0, 0,
***** info: input gradient collective for layer: mlp_moelayer is finished************
info: no weight grad collective for layer: mlp_moelayer
DEBUG_CHUNK_SIZE: size=83886080, preferred_dataset_splits=1, resulting chunk_size=83886080
DEBUG_COLLECTIVE_TYPE: layer=54, event=UNKNOWN (raw=0), size=83886080, chunk_size=83886080
DEBUG_STREAM_COUNT: chunk size is: 83886080 , size is: 83886080 , layer_num is: 54 , node: 0
DEBUG_STREAM_CREATE: Creating stream #487 for dataset id: 1155 (total_streams=1)
DEBUG_STREAM_COUNT: Generated 1 streams for layer 54 (UNKNOWN), total injected: 488
info: all-to-all input grad collective issued for layer: mlp_moelayer, involved dimensions:  1, 0, 0, 0, 0, 0, 0, 0, 0, 0,
***** info: input gradient collective for layer: mlp_moelayer is finished************
info: no weight grad collective for layer: mlp_moelayer
DEBUG_CHUNK_SIZE: size=83886080, preferred_dataset_splits=1, resulting chunk_size=83886080
DEBUG_COLLECTIVE_TYPE: layer=53, event=UNKNOWN (raw=0), size=83886080, chunk_size=83886080
DEBUG_STREAM_COUNT: chunk size is: 83886080 , size is: 83886080 , layer_num is: 53 , node: 0
DEBUG_STREAM_CREATE: Creating stream #488 for dataset id: 1156 (total_streams=1)
DEBUG_STREAM_COUNT: Generated 1 streams for layer 53 (UNKNOWN), total injected: 489
info: all-gather input grad collective issued for layer: mlp_moelayer, involved dimensions:  1, 0, 0, 0, 0, 0, 0, 0, 0, 0,
***** info: input gradient collective for layer: mlp_moelayer is finished************
info: no weight grad collective for layer: mlp_moelayer
DEBUG_CHUNK_SIZE: size=167772160, preferred_dataset_splits=1, resulting chunk_size=167772160
DEBUG_COLLECTIVE_TYPE: layer=52, event=UNKNOWN (raw=0), size=167772160, chunk_size=167772160
DEBUG_STREAM_COUNT: chunk size is: 167772160 , size is: 167772160 , layer_num is: 52 , node: 0
DEBUG_STREAM_CREATE: Creating stream #489 for dataset id: 1159 (total_streams=1)
DEBUG_STREAM_COUNT: Generated 1 streams for layer 52 (UNKNOWN), total injected: 490
info: all-gather input grad collective issued for layer: mlp_moelayer, involved dimensions:  1, 0, 0, 0, 0, 0, 0, 0, 0, 0,
***** info: input gradient collective for layer: mlp_moelayer is finished************
info: no weight grad collective for layer: mlp_moelayer
DEBUG_CHUNK_SIZE: size=83886080, preferred_dataset_splits=1, resulting chunk_size=83886080
DEBUG_COLLECTIVE_TYPE: layer=51, event=UNKNOWN (raw=0), size=83886080, chunk_size=83886080
DEBUG_STREAM_COUNT: chunk size is: 83886080 , size is: 83886080 , layer_num is: 51 , node: 0
DEBUG_STREAM_CREATE: Creating stream #490 for dataset id: 1160 (total_streams=1)
DEBUG_STREAM_COUNT: Generated 1 streams for layer 51 (UNKNOWN), total injected: 491
info: all-to-all input grad collective issued for layer: mlp_moelayer, involved dimensions:  1, 0, 0, 0, 0, 0, 0, 0, 0, 0,
***** info: input gradient collective for layer: mlp_moelayer is finished************
info: no weight grad collective for layer: mlp_moelayer
DEBUG_CHUNK_SIZE: size=20971520, preferred_dataset_splits=1, resulting chunk_size=20971520
DEBUG_COLLECTIVE_TYPE: layer=50, event=UNKNOWN (raw=0), size=20971520, chunk_size=20971520
DEBUG_STREAM_COUNT: chunk size is: 20971520 , size is: 20971520 , layer_num is: 50 , node: 0
DEBUG_STREAM_CREATE: Creating stream #491 for dataset id: 1163 (total_streams=1)
DEBUG_STREAM_COUNT: Generated 1 streams for layer 50 (UNKNOWN), total injected: 492
info: all-to-all input grad collective issued for layer: mlp_moelayer, involved dimensions:  1, 0, 0, 0, 0, 0, 0, 0, 0, 0,
***** info: input gradient collective for layer: mlp_moelayer is finished************
info: no weight grad collective for layer: mlp_moelayer
DEBUG_CHUNK_SIZE: size=131072, preferred_dataset_splits=1, resulting chunk_size=131072
DEBUG_COLLECTIVE_TYPE: layer=49, event=UNKNOWN (raw=0), size=131072, chunk_size=131072
DEBUG_STREAM_COUNT: chunk size is: 131072 , size is: 131072 , layer_num is: 49 , node: 0
DEBUG_STREAM_CREATE: Creating stream #492 for dataset id: 1164 (total_streams=1)
DEBUG_STREAM_COUNT: Generated 1 streams for layer 49 (UNKNOWN), total injected: 493
info: all-gather input grad collective issued for layer: mlp_moelayer, involved dimensions:  1, 0, 0, 0, 0, 0, 0, 0, 0, 0,
***** info: input gradient collective for layer: mlp_moelayer is finished************
info: no weight grad collective for layer: mlp_moelayer
info: no input grad collective for layer: attention_row
info: no weight grad collective for layer: attention_row
info: no input grad collective for layer: attention_column
info: no weight grad collective for layer: attention_column
DEBUG_CHUNK_SIZE: size=20971520, preferred_dataset_splits=1, resulting chunk_size=20971520
DEBUG_COLLECTIVE_TYPE: layer=46, event=UNKNOWN (raw=0), size=20971520, chunk_size=20971520
DEBUG_STREAM_COUNT: chunk size is: 20971520 , size is: 20971520 , layer_num is: 46 , node: 0
DEBUG_STREAM_CREATE: Creating stream #493 for dataset id: 1167 (total_streams=1)
DEBUG_STREAM_COUNT: Generated 1 streams for layer 46 (UNKNOWN), total injected: 494
info: all-to-all input grad collective issued for layer: mlp_moelayer, involved dimensions:  1, 0, 0, 0, 0, 0, 0, 0, 0, 0,
***** info: input gradient collective for layer: mlp_moelayer is finished************
info: no weight grad collective for layer: mlp_moelayer
DEBUG_CHUNK_SIZE: size=83886080, preferred_dataset_splits=1, resulting chunk_size=83886080
DEBUG_COLLECTIVE_TYPE: layer=45, event=UNKNOWN (raw=0), size=83886080, chunk_size=83886080
DEBUG_STREAM_COUNT: chunk size is: 83886080 , size is: 83886080 , layer_num is: 45 , node: 0
DEBUG_STREAM_CREATE: Creating stream #494 for dataset id: 1168 (total_streams=1)
DEBUG_STREAM_COUNT: Generated 1 streams for layer 45 (UNKNOWN), total injected: 495
info: all-to-all input grad collective issued for layer: mlp_moelayer, involved dimensions:  1, 0, 0, 0, 0, 0, 0, 0, 0, 0,
***** info: input gradient collective for layer: mlp_moelayer is finished************
info: no weight grad collective for layer: mlp_moelayer
DEBUG_CHUNK_SIZE: size=83886080, preferred_dataset_splits=1, resulting chunk_size=83886080
DEBUG_COLLECTIVE_TYPE: layer=44, event=UNKNOWN (raw=0), size=83886080, chunk_size=83886080
DEBUG_STREAM_COUNT: chunk size is: 83886080 , size is: 83886080 , layer_num is: 44 , node: 0
DEBUG_STREAM_CREATE: Creating stream #495 for dataset id: 1171 (total_streams=1)
DEBUG_STREAM_COUNT: Generated 1 streams for layer 44 (UNKNOWN), total injected: 496
info: all-gather input grad collective issued for layer: mlp_moelayer, involved dimensions:  1, 0, 0, 0, 0, 0, 0, 0, 0, 0,
***** info: input gradient collective for layer: mlp_moelayer is finished************
info: no weight grad collective for layer: mlp_moelayer
DEBUG_CHUNK_SIZE: size=167772160, preferred_dataset_splits=1, resulting chunk_size=167772160
DEBUG_COLLECTIVE_TYPE: layer=43, event=UNKNOWN (raw=0), size=167772160, chunk_size=167772160
DEBUG_STREAM_COUNT: chunk size is: 167772160 , size is: 167772160 , layer_num is: 43 , node: 0
DEBUG_STREAM_CREATE: Creating stream #496 for dataset id: 1172 (total_streams=1)
DEBUG_STREAM_COUNT: Generated 1 streams for layer 43 (UNKNOWN), total injected: 497
info: all-gather input grad collective issued for layer: mlp_moelayer, involved dimensions:  1, 0, 0, 0, 0, 0, 0, 0, 0, 0,
***** info: input gradient collective for layer: mlp_moelayer is finished************
info: no weight grad collective for layer: mlp_moelayer
DEBUG_CHUNK_SIZE: size=83886080, preferred_dataset_splits=1, resulting chunk_size=83886080
DEBUG_COLLECTIVE_TYPE: layer=42, event=UNKNOWN (raw=0), size=83886080, chunk_size=83886080
DEBUG_STREAM_COUNT: chunk size is: 83886080 , size is: 83886080 , layer_num is: 42 , node: 0
DEBUG_STREAM_CREATE: Creating stream #497 for dataset id: 1175 (total_streams=1)
DEBUG_STREAM_COUNT: Generated 1 streams for layer 42 (UNKNOWN), total injected: 498
info: all-to-all input grad collective issued for layer: mlp_moelayer, involved dimensions:  1, 0, 0, 0, 0, 0, 0, 0, 0, 0,
***** info: input gradient collective for layer: mlp_moelayer is finished************
info: no weight grad collective for layer: mlp_moelayer
DEBUG_CHUNK_SIZE: size=20971520, preferred_dataset_splits=1, resulting chunk_size=20971520
DEBUG_COLLECTIVE_TYPE: layer=41, event=UNKNOWN (raw=0), size=20971520, chunk_size=20971520
DEBUG_STREAM_COUNT: chunk size is: 20971520 , size is: 20971520 , layer_num is: 41 , node: 0
DEBUG_STREAM_CREATE: Creating stream #498 for dataset id: 1176 (total_streams=1)
DEBUG_STREAM_COUNT: Generated 1 streams for layer 41 (UNKNOWN), total injected: 499
info: all-to-all input grad collective issued for layer: mlp_moelayer, involved dimensions:  1, 0, 0, 0, 0, 0, 0, 0, 0, 0,
***** info: input gradient collective for layer: mlp_moelayer is finished************
info: no weight grad collective for layer: mlp_moelayer
DEBUG_CHUNK_SIZE: size=131072, preferred_dataset_splits=1, resulting chunk_size=131072
DEBUG_COLLECTIVE_TYPE: layer=40, event=UNKNOWN (raw=0), size=131072, chunk_size=131072
DEBUG_STREAM_COUNT: chunk size is: 131072 , size is: 131072 , layer_num is: 40 , node: 0
DEBUG_STREAM_CREATE: Creating stream #499 for dataset id: 1179 (total_streams=1)
DEBUG_STREAM_COUNT: Generated 1 streams for layer 40 (UNKNOWN), total injected: 500
info: all-gather input grad collective issued for layer: mlp_moelayer, involved dimensions:  1, 0, 0, 0, 0, 0, 0, 0, 0, 0,
***** info: input gradient collective for layer: mlp_moelayer is finished************
info: no weight grad collective for layer: mlp_moelayer
info: no input grad collective for layer: attention_row
info: no weight grad collective for layer: attention_row
info: no input grad collective for layer: attention_column
info: no weight grad collective for layer: attention_column
DEBUG_CHUNK_SIZE: size=20971520, preferred_dataset_splits=1, resulting chunk_size=20971520
DEBUG_COLLECTIVE_TYPE: layer=37, event=UNKNOWN (raw=0), size=20971520, chunk_size=20971520
DEBUG_STREAM_COUNT: chunk size is: 20971520 , size is: 20971520 , layer_num is: 37 , node: 0
DEBUG_STREAM_CREATE: Creating stream #500 for dataset id: 1180 (total_streams=1)
DEBUG_STREAM_COUNT: Generated 1 streams for layer 37 (UNKNOWN), total injected: 501
info: all-to-all input grad collective issued for layer: mlp_moelayer, involved dimensions:  1, 0, 0, 0, 0, 0, 0, 0, 0, 0,
***** info: input gradient collective for layer: mlp_moelayer is finished************
info: no weight grad collective for layer: mlp_moelayer
DEBUG_CHUNK_SIZE: size=83886080, preferred_dataset_splits=1, resulting chunk_size=83886080
DEBUG_COLLECTIVE_TYPE: layer=36, event=UNKNOWN (raw=0), size=83886080, chunk_size=83886080
DEBUG_STREAM_COUNT: chunk size is: 83886080 , size is: 83886080 , layer_num is: 36 , node: 0
DEBUG_STREAM_CREATE: Creating stream #501 for dataset id: 1183 (total_streams=1)
DEBUG_STREAM_COUNT: Generated 1 streams for layer 36 (UNKNOWN), total injected: 502
info: all-to-all input grad collective issued for layer: mlp_moelayer, involved dimensions:  1, 0, 0, 0, 0, 0, 0, 0, 0, 0,
***** info: input gradient collective for layer: mlp_moelayer is finished************
info: no weight grad collective for layer: mlp_moelayer
DEBUG_CHUNK_SIZE: size=83886080, preferred_dataset_splits=1, resulting chunk_size=83886080
DEBUG_COLLECTIVE_TYPE: layer=35, event=UNKNOWN (raw=0), size=83886080, chunk_size=83886080
DEBUG_STREAM_COUNT: chunk size is: 83886080 , size is: 83886080 , layer_num is: 35 , node: 0
DEBUG_STREAM_CREATE: Creating stream #502 for dataset id: 1184 (total_streams=1)
DEBUG_STREAM_COUNT: Generated 1 streams for layer 35 (UNKNOWN), total injected: 503
info: all-gather input grad collective issued for layer: mlp_moelayer, involved dimensions:  1, 0, 0, 0, 0, 0, 0, 0, 0, 0,
***** info: input gradient collective for layer: mlp_moelayer is finished************
info: no weight grad collective for layer: mlp_moelayer
DEBUG_CHUNK_SIZE: size=167772160, preferred_dataset_splits=1, resulting chunk_size=167772160
DEBUG_COLLECTIVE_TYPE: layer=34, event=UNKNOWN (raw=0), size=167772160, chunk_size=167772160
DEBUG_STREAM_COUNT: chunk size is: 167772160 , size is: 167772160 , layer_num is: 34 , node: 0
DEBUG_STREAM_CREATE: Creating stream #503 for dataset id: 1187 (total_streams=1)
DEBUG_STREAM_COUNT: Generated 1 streams for layer 34 (UNKNOWN), total injected: 504
info: all-gather input grad collective issued for layer: mlp_moelayer, involved dimensions:  1, 0, 0, 0, 0, 0, 0, 0, 0, 0,
***** info: input gradient collective for layer: mlp_moelayer is finished************
info: no weight grad collective for layer: mlp_moelayer
DEBUG_CHUNK_SIZE: size=83886080, preferred_dataset_splits=1, resulting chunk_size=83886080
DEBUG_COLLECTIVE_TYPE: layer=33, event=UNKNOWN (raw=0), size=83886080, chunk_size=83886080
DEBUG_STREAM_COUNT: chunk size is: 83886080 , size is: 83886080 , layer_num is: 33 , node: 0
DEBUG_STREAM_CREATE: Creating stream #504 for dataset id: 1188 (total_streams=1)
DEBUG_STREAM_COUNT: Generated 1 streams for layer 33 (UNKNOWN), total injected: 505
info: all-to-all input grad collective issued for layer: mlp_moelayer, involved dimensions:  1, 0, 0, 0, 0, 0, 0, 0, 0, 0,
***** info: input gradient collective for layer: mlp_moelayer is finished************
info: no weight grad collective for layer: mlp_moelayer
DEBUG_CHUNK_SIZE: size=20971520, preferred_dataset_splits=1, resulting chunk_size=20971520
DEBUG_COLLECTIVE_TYPE: layer=32, event=UNKNOWN (raw=0), size=20971520, chunk_size=20971520
DEBUG_STREAM_COUNT: chunk size is: 20971520 , size is: 20971520 , layer_num is: 32 , node: 0
DEBUG_STREAM_CREATE: Creating stream #505 for dataset id: 1191 (total_streams=1)
DEBUG_STREAM_COUNT: Generated 1 streams for layer 32 (UNKNOWN), total injected: 506
info: all-to-all input grad collective issued for layer: mlp_moelayer, involved dimensions:  1, 0, 0, 0, 0, 0, 0, 0, 0, 0,
***** info: input gradient collective for layer: mlp_moelayer is finished************
info: no weight grad collective for layer: mlp_moelayer
DEBUG_CHUNK_SIZE: size=131072, preferred_dataset_splits=1, resulting chunk_size=131072
DEBUG_COLLECTIVE_TYPE: layer=31, event=UNKNOWN (raw=0), size=131072, chunk_size=131072
DEBUG_STREAM_COUNT: chunk size is: 131072 , size is: 131072 , layer_num is: 31 , node: 0
DEBUG_STREAM_CREATE: Creating stream #506 for dataset id: 1192 (total_streams=1)
DEBUG_STREAM_COUNT: Generated 1 streams for layer 31 (UNKNOWN), total injected: 507
info: all-gather input grad collective issued for layer: mlp_moelayer, involved dimensions:  1, 0, 0, 0, 0, 0, 0, 0, 0, 0,
***** info: input gradient collective for layer: mlp_moelayer is finished************
info: no weight grad collective for layer: mlp_moelayer
info: no input grad collective for layer: attention_row
info: no weight grad collective for layer: attention_row
info: no input grad collective for layer: attention_column
info: no weight grad collective for layer: attention_column
DEBUG_CHUNK_SIZE: size=20971520, preferred_dataset_splits=1, resulting chunk_size=20971520
DEBUG_COLLECTIVE_TYPE: layer=28, event=UNKNOWN (raw=0), size=20971520, chunk_size=20971520
DEBUG_STREAM_COUNT: chunk size is: 20971520 , size is: 20971520 , layer_num is: 28 , node: 0
DEBUG_STREAM_CREATE: Creating stream #507 for dataset id: 1195 (total_streams=1)
DEBUG_STREAM_COUNT: Generated 1 streams for layer 28 (UNKNOWN), total injected: 508
info: all-to-all input grad collective issued for layer: mlp_moelayer, involved dimensions:  1, 0, 0, 0, 0, 0, 0, 0, 0, 0,
***** info: input gradient collective for layer: mlp_moelayer is finished************
info: no weight grad collective for layer: mlp_moelayer
DEBUG_CHUNK_SIZE: size=83886080, preferred_dataset_splits=1, resulting chunk_size=83886080
DEBUG_COLLECTIVE_TYPE: layer=27, event=UNKNOWN (raw=0), size=83886080, chunk_size=83886080
DEBUG_STREAM_COUNT: chunk size is: 83886080 , size is: 83886080 , layer_num is: 27 , node: 0
DEBUG_STREAM_CREATE: Creating stream #508 for dataset id: 1196 (total_streams=1)
DEBUG_STREAM_COUNT: Generated 1 streams for layer 27 (UNKNOWN), total injected: 509
info: all-to-all input grad collective issued for layer: mlp_moelayer, involved dimensions:  1, 0, 0, 0, 0, 0, 0, 0, 0, 0,
***** info: input gradient collective for layer: mlp_moelayer is finished************
info: no weight grad collective for layer: mlp_moelayer
DEBUG_CHUNK_SIZE: size=83886080, preferred_dataset_splits=1, resulting chunk_size=83886080
DEBUG_COLLECTIVE_TYPE: layer=26, event=UNKNOWN (raw=0), size=83886080, chunk_size=83886080
DEBUG_STREAM_COUNT: chunk size is: 83886080 , size is: 83886080 , layer_num is: 26 , node: 0
DEBUG_STREAM_CREATE: Creating stream #509 for dataset id: 1199 (total_streams=1)
DEBUG_STREAM_COUNT: Generated 1 streams for layer 26 (UNKNOWN), total injected: 510
info: all-gather input grad collective issued for layer: mlp_moelayer, involved dimensions:  1, 0, 0, 0, 0, 0, 0, 0, 0, 0,
***** info: input gradient collective for layer: mlp_moelayer is finished************
info: no weight grad collective for layer: mlp_moelayer
DEBUG_CHUNK_SIZE: size=167772160, preferred_dataset_splits=1, resulting chunk_size=167772160
DEBUG_COLLECTIVE_TYPE: layer=25, event=UNKNOWN (raw=0), size=167772160, chunk_size=167772160
DEBUG_STREAM_COUNT: chunk size is: 167772160 , size is: 167772160 , layer_num is: 25 , node: 0
DEBUG_STREAM_CREATE: Creating stream #510 for dataset id: 1200 (total_streams=1)
DEBUG_STREAM_COUNT: Generated 1 streams for layer 25 (UNKNOWN), total injected: 511
info: all-gather input grad collective issued for layer: mlp_moelayer, involved dimensions:  1, 0, 0, 0, 0, 0, 0, 0, 0, 0,
***** info: input gradient collective for layer: mlp_moelayer is finished************
info: no weight grad collective for layer: mlp_moelayer
DEBUG_CHUNK_SIZE: size=83886080, preferred_dataset_splits=1, resulting chunk_size=83886080
DEBUG_COLLECTIVE_TYPE: layer=24, event=UNKNOWN (raw=0), size=83886080, chunk_size=83886080
DEBUG_STREAM_COUNT: chunk size is: 83886080 , size is: 83886080 , layer_num is: 24 , node: 0
DEBUG_STREAM_CREATE: Creating stream #511 for dataset id: 1203 (total_streams=1)
DEBUG_STREAM_COUNT: Generated 1 streams for layer 24 (UNKNOWN), total injected: 512
info: all-to-all input grad collective issued for layer: mlp_moelayer, involved dimensions:  1, 0, 0, 0, 0, 0, 0, 0, 0, 0,
***** info: input gradient collective for layer: mlp_moelayer is finished************
info: no weight grad collective for layer: mlp_moelayer
DEBUG_CHUNK_SIZE: size=20971520, preferred_dataset_splits=1, resulting chunk_size=20971520
DEBUG_COLLECTIVE_TYPE: layer=23, event=UNKNOWN (raw=0), size=20971520, chunk_size=20971520
DEBUG_STREAM_COUNT: chunk size is: 20971520 , size is: 20971520 , layer_num is: 23 , node: 0
DEBUG_STREAM_CREATE: Creating stream #512 for dataset id: 1204 (total_streams=1)
DEBUG_STREAM_COUNT: Generated 1 streams for layer 23 (UNKNOWN), total injected: 513
info: all-to-all input grad collective issued for layer: mlp_moelayer, involved dimensions:  1, 0, 0, 0, 0, 0, 0, 0, 0, 0,
***** info: input gradient collective for layer: mlp_moelayer is finished************
info: no weight grad collective for layer: mlp_moelayer
DEBUG_CHUNK_SIZE: size=131072, preferred_dataset_splits=1, resulting chunk_size=131072
DEBUG_COLLECTIVE_TYPE: layer=22, event=UNKNOWN (raw=0), size=131072, chunk_size=131072
DEBUG_STREAM_COUNT: chunk size is: 131072 , size is: 131072 , layer_num is: 22 , node: 0
DEBUG_STREAM_CREATE: Creating stream #513 for dataset id: 1207 (total_streams=1)
DEBUG_STREAM_COUNT: Generated 1 streams for layer 22 (UNKNOWN), total injected: 514
info: all-gather input grad collective issued for layer: mlp_moelayer, involved dimensions:  1, 0, 0, 0, 0, 0, 0, 0, 0, 0,
***** info: input gradient collective for layer: mlp_moelayer is finished************
info: no weight grad collective for layer: mlp_moelayer
info: no input grad collective for layer: attention_row
info: no weight grad collective for layer: attention_row
info: no input grad collective for layer: attention_column
info: no weight grad collective for layer: attention_column
DEBUG_CHUNK_SIZE: size=20971520, preferred_dataset_splits=1, resulting chunk_size=20971520
DEBUG_COLLECTIVE_TYPE: layer=19, event=UNKNOWN (raw=0), size=20971520, chunk_size=20971520
DEBUG_STREAM_COUNT: chunk size is: 20971520 , size is: 20971520 , layer_num is: 19 , node: 0
DEBUG_STREAM_CREATE: Creating stream #514 for dataset id: 1208 (total_streams=1)
DEBUG_STREAM_COUNT: Generated 1 streams for layer 19 (UNKNOWN), total injected: 515
info: all-to-all input grad collective issued for layer: mlp_moelayer, involved dimensions:  1, 0, 0, 0, 0, 0, 0, 0, 0, 0,
***** info: input gradient collective for layer: mlp_moelayer is finished************
info: no weight grad collective for layer: mlp_moelayer
DEBUG_CHUNK_SIZE: size=83886080, preferred_dataset_splits=1, resulting chunk_size=83886080
DEBUG_COLLECTIVE_TYPE: layer=18, event=UNKNOWN (raw=0), size=83886080, chunk_size=83886080
DEBUG_STREAM_COUNT: chunk size is: 83886080 , size is: 83886080 , layer_num is: 18 , node: 0
DEBUG_STREAM_CREATE: Creating stream #515 for dataset id: 1211 (total_streams=1)
DEBUG_STREAM_COUNT: Generated 1 streams for layer 18 (UNKNOWN), total injected: 516
info: all-to-all input grad collective issued for layer: mlp_moelayer, involved dimensions:  1, 0, 0, 0, 0, 0, 0, 0, 0, 0,
***** info: input gradient collective for layer: mlp_moelayer is finished************
info: no weight grad collective for layer: mlp_moelayer
DEBUG_CHUNK_SIZE: size=83886080, preferred_dataset_splits=1, resulting chunk_size=83886080
DEBUG_COLLECTIVE_TYPE: layer=17, event=UNKNOWN (raw=0), size=83886080, chunk_size=83886080
DEBUG_STREAM_COUNT: chunk size is: 83886080 , size is: 83886080 , layer_num is: 17 , node: 0
DEBUG_STREAM_CREATE: Creating stream #516 for dataset id: 1212 (total_streams=1)
DEBUG_STREAM_COUNT: Generated 1 streams for layer 17 (UNKNOWN), total injected: 517
info: all-gather input grad collective issued for layer: mlp_moelayer, involved dimensions:  1, 0, 0, 0, 0, 0, 0, 0, 0, 0,
***** info: input gradient collective for layer: mlp_moelayer is finished************
info: no weight grad collective for layer: mlp_moelayer
DEBUG_CHUNK_SIZE: size=167772160, preferred_dataset_splits=1, resulting chunk_size=167772160
DEBUG_COLLECTIVE_TYPE: layer=16, event=UNKNOWN (raw=0), size=167772160, chunk_size=167772160
DEBUG_STREAM_COUNT: chunk size is: 167772160 , size is: 167772160 , layer_num is: 16 , node: 0
DEBUG_STREAM_CREATE: Creating stream #517 for dataset id: 1215 (total_streams=1)
DEBUG_STREAM_COUNT: Generated 1 streams for layer 16 (UNKNOWN), total injected: 518
info: all-gather input grad collective issued for layer: mlp_moelayer, involved dimensions:  1, 0, 0, 0, 0, 0, 0, 0, 0, 0,
***** info: input gradient collective for layer: mlp_moelayer is finished************
info: no weight grad collective for layer: mlp_moelayer
DEBUG_CHUNK_SIZE: size=83886080, preferred_dataset_splits=1, resulting chunk_size=83886080
DEBUG_COLLECTIVE_TYPE: layer=15, event=UNKNOWN (raw=0), size=83886080, chunk_size=83886080
DEBUG_STREAM_COUNT: chunk size is: 83886080 , size is: 83886080 , layer_num is: 15 , node: 0
DEBUG_STREAM_CREATE: Creating stream #518 for dataset id: 1216 (total_streams=1)
DEBUG_STREAM_COUNT: Generated 1 streams for layer 15 (UNKNOWN), total injected: 519
info: all-to-all input grad collective issued for layer: mlp_moelayer, involved dimensions:  1, 0, 0, 0, 0, 0, 0, 0, 0, 0,
***** info: input gradient collective for layer: mlp_moelayer is finished************
info: no weight grad collective for layer: mlp_moelayer
DEBUG_CHUNK_SIZE: size=20971520, preferred_dataset_splits=1, resulting chunk_size=20971520
DEBUG_COLLECTIVE_TYPE: layer=14, event=UNKNOWN (raw=0), size=20971520, chunk_size=20971520
DEBUG_STREAM_COUNT: chunk size is: 20971520 , size is: 20971520 , layer_num is: 14 , node: 0
DEBUG_STREAM_CREATE: Creating stream #519 for dataset id: 1219 (total_streams=1)
DEBUG_STREAM_COUNT: Generated 1 streams for layer 14 (UNKNOWN), total injected: 520
info: all-to-all input grad collective issued for layer: mlp_moelayer, involved dimensions:  1, 0, 0, 0, 0, 0, 0, 0, 0, 0,
***** info: input gradient collective for layer: mlp_moelayer is finished************
info: no weight grad collective for layer: mlp_moelayer
DEBUG_CHUNK_SIZE: size=131072, preferred_dataset_splits=1, resulting chunk_size=131072
DEBUG_COLLECTIVE_TYPE: layer=13, event=UNKNOWN (raw=0), size=131072, chunk_size=131072
DEBUG_STREAM_COUNT: chunk size is: 131072 , size is: 131072 , layer_num is: 13 , node: 0
DEBUG_STREAM_CREATE: Creating stream #520 for dataset id: 1220 (total_streams=1)
DEBUG_STREAM_COUNT: Generated 1 streams for layer 13 (UNKNOWN), total injected: 521
info: all-gather input grad collective issued for layer: mlp_moelayer, involved dimensions:  1, 0, 0, 0, 0, 0, 0, 0, 0, 0,
***** info: input gradient collective for layer: mlp_moelayer is finished************
info: no weight grad collective for layer: mlp_moelayer
info: no input grad collective for layer: attention_row
info: no weight grad collective for layer: attention_row
info: no input grad collective for layer: attention_column
info: no weight grad collective for layer: attention_column
DEBUG_CHUNK_SIZE: size=20971520, preferred_dataset_splits=1, resulting chunk_size=20971520
DEBUG_COLLECTIVE_TYPE: layer=10, event=UNKNOWN (raw=0), size=20971520, chunk_size=20971520
DEBUG_STREAM_COUNT: chunk size is: 20971520 , size is: 20971520 , layer_num is: 10 , node: 0
DEBUG_STREAM_CREATE: Creating stream #521 for dataset id: 1223 (total_streams=1)
DEBUG_STREAM_COUNT: Generated 1 streams for layer 10 (UNKNOWN), total injected: 522
info: all-to-all input grad collective issued for layer: mlp_moelayer, involved dimensions:  1, 0, 0, 0, 0, 0, 0, 0, 0, 0,
***** info: input gradient collective for layer: mlp_moelayer is finished************
info: no weight grad collective for layer: mlp_moelayer
DEBUG_CHUNK_SIZE: size=83886080, preferred_dataset_splits=1, resulting chunk_size=83886080
DEBUG_COLLECTIVE_TYPE: layer=9, event=UNKNOWN (raw=0), size=83886080, chunk_size=83886080
DEBUG_STREAM_COUNT: chunk size is: 83886080 , size is: 83886080 , layer_num is: 9 , node: 0
DEBUG_STREAM_CREATE: Creating stream #522 for dataset id: 1224 (total_streams=1)
DEBUG_STREAM_COUNT: Generated 1 streams for layer 9 (UNKNOWN), total injected: 523
info: all-to-all input grad collective issued for layer: mlp_moelayer, involved dimensions:  1, 0, 0, 0, 0, 0, 0, 0, 0, 0,
***** info: input gradient collective for layer: mlp_moelayer is finished************
info: no weight grad collective for layer: mlp_moelayer
DEBUG_CHUNK_SIZE: size=83886080, preferred_dataset_splits=1, resulting chunk_size=83886080
DEBUG_COLLECTIVE_TYPE: layer=8, event=UNKNOWN (raw=0), size=83886080, chunk_size=83886080
DEBUG_STREAM_COUNT: chunk size is: 83886080 , size is: 83886080 , layer_num is: 8 , node: 0
DEBUG_STREAM_CREATE: Creating stream #523 for dataset id: 1227 (total_streams=1)
DEBUG_STREAM_COUNT: Generated 1 streams for layer 8 (UNKNOWN), total injected: 524
info: all-gather input grad collective issued for layer: mlp_moelayer, involved dimensions:  1, 0, 0, 0, 0, 0, 0, 0, 0, 0,
***** info: input gradient collective for layer: mlp_moelayer is finished************
info: no weight grad collective for layer: mlp_moelayer
DEBUG_CHUNK_SIZE: size=167772160, preferred_dataset_splits=1, resulting chunk_size=167772160
DEBUG_COLLECTIVE_TYPE: layer=7, event=UNKNOWN (raw=0), size=167772160, chunk_size=167772160
DEBUG_STREAM_COUNT: chunk size is: 167772160 , size is: 167772160 , layer_num is: 7 , node: 0
DEBUG_STREAM_CREATE: Creating stream #524 for dataset id: 1228 (total_streams=1)
DEBUG_STREAM_COUNT: Generated 1 streams for layer 7 (UNKNOWN), total injected: 525
info: all-gather input grad collective issued for layer: mlp_moelayer, involved dimensions:  1, 0, 0, 0, 0, 0, 0, 0, 0, 0,
***** info: input gradient collective for layer: mlp_moelayer is finished************
info: no weight grad collective for layer: mlp_moelayer
DEBUG_CHUNK_SIZE: size=83886080, preferred_dataset_splits=1, resulting chunk_size=83886080
DEBUG_COLLECTIVE_TYPE: layer=6, event=UNKNOWN (raw=0), size=83886080, chunk_size=83886080
DEBUG_STREAM_COUNT: chunk size is: 83886080 , size is: 83886080 , layer_num is: 6 , node: 0
DEBUG_STREAM_CREATE: Creating stream #525 for dataset id: 1231 (total_streams=1)
DEBUG_STREAM_COUNT: Generated 1 streams for layer 6 (UNKNOWN), total injected: 526
info: all-to-all input grad collective issued for layer: mlp_moelayer, involved dimensions:  1, 0, 0, 0, 0, 0, 0, 0, 0, 0,
***** info: input gradient collective for layer: mlp_moelayer is finished************
info: no weight grad collective for layer: mlp_moelayer
DEBUG_CHUNK_SIZE: size=20971520, preferred_dataset_splits=1, resulting chunk_size=20971520
DEBUG_COLLECTIVE_TYPE: layer=5, event=UNKNOWN (raw=0), size=20971520, chunk_size=20971520
DEBUG_STREAM_COUNT: chunk size is: 20971520 , size is: 20971520 , layer_num is: 5 , node: 0
DEBUG_STREAM_CREATE: Creating stream #526 for dataset id: 1232 (total_streams=1)
DEBUG_STREAM_COUNT: Generated 1 streams for layer 5 (UNKNOWN), total injected: 527
info: all-to-all input grad collective issued for layer: mlp_moelayer, involved dimensions:  1, 0, 0, 0, 0, 0, 0, 0, 0, 0,
***** info: input gradient collective for layer: mlp_moelayer is finished************
info: no weight grad collective for layer: mlp_moelayer
DEBUG_CHUNK_SIZE: size=131072, preferred_dataset_splits=1, resulting chunk_size=131072
DEBUG_COLLECTIVE_TYPE: layer=4, event=UNKNOWN (raw=0), size=131072, chunk_size=131072
DEBUG_STREAM_COUNT: chunk size is: 131072 , size is: 131072 , layer_num is: 4 , node: 0
DEBUG_STREAM_CREATE: Creating stream #527 for dataset id: 1235 (total_streams=1)
DEBUG_STREAM_COUNT: Generated 1 streams for layer 4 (UNKNOWN), total injected: 528
info: all-gather input grad collective issued for layer: mlp_moelayer, involved dimensions:  1, 0, 0, 0, 0, 0, 0, 0, 0, 0,
***** info: input gradient collective for layer: mlp_moelayer is finished************
info: no weight grad collective for layer: mlp_moelayer
info: no input grad collective for layer: attention_row
info: no weight grad collective for layer: attention_row
info: no input grad collective for layer: attention_column
info: no weight grad collective for layer: attention_column
info: no input grad collective for layer: embedding_layer
info: no weight grad collective for layer: embedding_layer
info: no input grad collective for layer: grad_norm
DEBUG_CHUNK_SIZE: size=6079447040, preferred_dataset_splits=1, resulting chunk_size=6079447040
DEBUG_COLLECTIVE_TYPE: layer=0, event=UNKNOWN (raw=0), size=6079447040, chunk_size=6079447040
DEBUG_STREAM_COUNT: chunk size is: 6079447040 , size is: 6079447040 , layer_num is: 0 , node: 0
DEBUG_STREAM_CREATE: Creating stream #528 for dataset id: 1236 (total_streams=1)
DEBUG_STREAM_COUNT: Generated 1 streams for layer 0 (UNKNOWN), total injected: 529
info: reduce-scatter weight grad collective issued for layer: grad_norm, involved dimensions:  0, 1, 1, 1, 1, 1, 1, 1, 1, 1,
pass: 0 finished at time: 3253733868
DEBUG_SIM_END: Node 1 calling NI->sim_finish()
DEBUG_SIM_FINISH: Entering sim_finish() for rank 1
DEBUG_SIM_FINISH: nodeHash size: 64
DEBUG_SIM_FINISH: Printing per-node statistics:
All data sent from node 0 is 20722401280
All data received by node 0 is 20722401280
All data sent from node 1 is 20722401280
All data received by node 1 is 20722401280
All data sent from node 2 is 1572356096
All data received by node 2 is 1572356096
All data sent from node 3 is 1572356096
All data received by node 3 is 1572356096
All data sent from node 4 is 1572356096
All data received by node 4 is 1572356096
All data sent from node 5 is 1572356096
All data received by node 5 is 1572356096
All data sent from node 6 is 1572356096
All data received by node 6 is 1572356096
All data sent from node 7 is 1572356096
All data received by node 7 is 1572356096
All data sent from node 8 is 1572356096
All data received by node 8 is 1572356096
All data sent from node 9 is 1572356096
All data received by node 9 is 1572356096
All data sent from node 10 is 1572356096
All data received by node 10 is 1572356096
All data sent from node 11 is 1572356096
All data received by node 11 is 1572356096
All data sent from node 12 is 1572356096
All data received by node 12 is 1572356096
All data sent from node 13 is 1572356096
All data received by node 13 is 1572356096
All data sent from node 14 is 1572356096
All data received by node 14 is 1572356096
All data sent from node 15 is 1572356096
All data received by node 15 is 1572356096
All data sent from node 16 is 1572356096
All data received by node 16 is 1572356096
All data sent from node 17 is 1572356096
All data received by node 17 is 1572356096
All data sent from node 18 is 1572356096
All data received by node 18 is 1572356096
All data sent from node 19 is 1572356096
All data received by node 19 is 1572356096
All data sent from node 20 is 1572356096
All data received by node 20 is 1572356096
All data sent from node 21 is 1572356096
All data received by node 21 is 1572356096
All data sent from node 22 is 1572356096
All data received by node 22 is 1572356096
All data sent from node 23 is 1572356096
All data received by node 23 is 1572356096
All data sent from node 24 is 1572356096
All data received by node 24 is 1572356096
All data sent from node 25 is 1572356096
All data received by node 25 is 1572356096
All data sent from node 26 is 1572356096
All data received by node 26 is 1572356096
All data sent from node 27 is 1572356096
All data received by node 27 is 1572356096
All data sent from node 28 is 1572356096
All data received by node 28 is 1572356096
All data sent from node 29 is 1572356096
All data received by node 29 is 1572356096
All data sent from node 30 is 1572356096
All data received by node 30 is 1572356096
All data sent from node 31 is 1572356096
All data received by node 31 is 1572356096
DEBUG_SIM_FINISH: Completed processing in sim_finish(), returning normally
***** info: weight gradient collective for layer: grad_norm is finished************
workload stats for the job scheduled at NPU offset: 0
*******************
Layer id: grad_norm
Total collectives issued for this layer: 2
*************************  Workload stats  ************************* grad_norm
id: grad_norm ,Total cycles spent on fwd pass compute: 1
id: grad_norm ,Total cycles spent on weight grad compute: 1
id: grad_norm ,Total cycles spent on input grad compute: 1
id: grad_norm ,Total cycles spent idle waiting for fwd finish: 7688894
id: grad_norm ,Total cycles spent idle waiting for weight grad finish: 9377629
id: grad_norm ,Total cycles spent idle waiting for input grad finish: 0
id: grad_norm ,Total cycles spent on fwd pass comm: 7688894
id: grad_norm ,Total cycles spent on weight grad comm: 9377630
id: grad_norm ,Total cycles spent on input grad comm: 0
*******************
Layer id: embedding_layer
Total collectives issued for this layer: 0
*************************  Workload stats  ************************* embedding_layer
id: embedding_layer ,Total cycles spent on fwd pass compute: 1
id: embedding_layer ,Total cycles spent on weight grad compute: 1
id: embedding_layer ,Total cycles spent on input grad compute: 1
id: embedding_layer ,Total cycles spent idle waiting for fwd finish: 0
id: embedding_layer ,Total cycles spent idle waiting for weight grad finish: 0
id: embedding_layer ,Total cycles spent idle waiting for input grad finish: 0
id: embedding_layer ,Total cycles spent on fwd pass comm: 0
id: embedding_layer ,Total cycles spent on weight grad comm: 0
id: embedding_layer ,Total cycles spent on input grad comm: 0
*******************
Layer id: attention_column
Total collectives issued for this layer: 1
*************************  Workload stats  ************************* attention_column
id: attention_column ,Total cycles spent on fwd pass compute: 1
id: attention_column ,Total cycles spent on weight grad compute: 1
id: attention_column ,Total cycles spent on input grad compute: 1
id: attention_column ,Total cycles spent idle waiting for fwd finish: 6023460
id: attention_column ,Total cycles spent idle waiting for weight grad finish: 0
id: attention_column ,Total cycles spent idle waiting for input grad finish: 0
id: attention_column ,Total cycles spent on fwd pass comm: 6023460
id: attention_column ,Total cycles spent on weight grad comm: 0
id: attention_column ,Total cycles spent on input grad comm: 0
*******************
Layer id: attention_row
Total collectives issued for this layer: 1
*************************  Workload stats  ************************* attention_row
id: attention_row ,Total cycles spent on fwd pass compute: 1
id: attention_row ,Total cycles spent on weight grad compute: 1
id: attention_row ,Total cycles spent on input grad compute: 1
id: attention_row ,Total cycles spent idle waiting for fwd finish: 6023460
id: attention_row ,Total cycles spent idle waiting for weight grad finish: 0
id: attention_row ,Total cycles spent idle waiting for input grad finish: 0
id: attention_row ,Total cycles spent on fwd pass comm: 6023460
id: attention_row ,Total cycles spent on weight grad comm: 0
id: attention_row ,Total cycles spent on input grad comm: 0
*******************
Layer id: mlp_moelayer
Total collectives issued for this layer: 2
*************************  Workload stats  ************************* mlp_moelayer
id: mlp_moelayer ,Total cycles spent on fwd pass compute: 1
id: mlp_moelayer ,Total cycles spent on weight grad compute: 1
id: mlp_moelayer ,Total cycles spent on input grad compute: 1
id: mlp_moelayer ,Total cycles spent idle waiting for fwd finish: 6000232
id: mlp_moelayer ,Total cycles spent idle waiting for weight grad finish: 0
id: mlp_moelayer ,Total cycles spent idle waiting for input grad finish: 6000232
id: mlp_moelayer ,Total cycles spent on fwd pass comm: 6000232
id: mlp_moelayer ,Total cycles spent on weight grad comm: 0
id: mlp_moelayer ,Total cycles spent on input grad comm: 6000232
*******************
Layer id: mlp_moelayer
Total collectives issued for this layer: 2
*************************  Workload stats  ************************* mlp_moelayer
id: mlp_moelayer ,Total cycles spent on fwd pass compute: 1
id: mlp_moelayer ,Total cycles spent on weight grad compute: 1
id: mlp_moelayer ,Total cycles spent on input grad compute: 1
id: mlp_moelayer ,Total cycles spent idle waiting for fwd finish: 6011810
id: mlp_moelayer ,Total cycles spent idle waiting for weight grad finish: 0
id: mlp_moelayer ,Total cycles spent idle waiting for input grad finish: 6011810
id: mlp_moelayer ,Total cycles spent on fwd pass comm: 6011810
id: mlp_moelayer ,Total cycles spent on weight grad comm: 0
id: mlp_moelayer ,Total cycles spent on input grad comm: 6011810
*******************
Layer id: mlp_moelayer
Total collectives issued for this layer: 2
*************************  Workload stats  ************************* mlp_moelayer
id: mlp_moelayer ,Total cycles spent on fwd pass compute: 1
id: mlp_moelayer ,Total cycles spent on weight grad compute: 1
id: mlp_moelayer ,Total cycles spent on input grad compute: 1
id: mlp_moelayer ,Total cycles spent idle waiting for fwd finish: 6046763
id: mlp_moelayer ,Total cycles spent idle waiting for weight grad finish: 0
id: mlp_moelayer ,Total cycles spent idle waiting for input grad finish: 6046763
id: mlp_moelayer ,Total cycles spent on fwd pass comm: 6046763
id: mlp_moelayer ,Total cycles spent on weight grad comm: 0
id: mlp_moelayer ,Total cycles spent on input grad comm: 6046763
*******************
Layer id: mlp_moelayer
Total collectives issued for this layer: 2
*************************  Workload stats  ************************* mlp_moelayer
id: mlp_moelayer ,Total cycles spent on fwd pass compute: 1
id: mlp_moelayer ,Total cycles spent on weight grad compute: 1
id: mlp_moelayer ,Total cycles spent on input grad compute: 1
id: mlp_moelayer ,Total cycles spent idle waiting for fwd finish: 6046762
id: mlp_moelayer ,Total cycles spent idle waiting for weight grad finish: 0
id: mlp_moelayer ,Total cycles spent idle waiting for input grad finish: 6093366
id: mlp_moelayer ,Total cycles spent on fwd pass comm: 6046762
id: mlp_moelayer ,Total cycles spent on weight grad comm: 0
id: mlp_moelayer ,Total cycles spent on input grad comm: 6093366
*******************
Layer id: mlp_moelayer
Total collectives issued for this layer: 2
*************************  Workload stats  ************************* mlp_moelayer
id: mlp_moelayer ,Total cycles spent on fwd pass compute: 1
id: mlp_moelayer ,Total cycles spent on weight grad compute: 1
id: mlp_moelayer ,Total cycles spent on input grad compute: 1
id: mlp_moelayer ,Total cycles spent idle waiting for fwd finish: 6046762
id: mlp_moelayer ,Total cycles spent idle waiting for weight grad finish: 0
id: mlp_moelayer ,Total cycles spent idle waiting for input grad finish: 6046762
id: mlp_moelayer ,Total cycles spent on fwd pass comm: 6046762
id: mlp_moelayer ,Total cycles spent on weight grad comm: 0
id: mlp_moelayer ,Total cycles spent on input grad comm: 6046762
*******************
Layer id: mlp_moelayer
Total collectives issued for this layer: 2
*************************  Workload stats  ************************* mlp_moelayer
id: mlp_moelayer ,Total cycles spent on fwd pass compute: 1
id: mlp_moelayer ,Total cycles spent on weight grad compute: 1
id: mlp_moelayer ,Total cycles spent on input grad compute: 1
id: mlp_moelayer ,Total cycles spent idle waiting for fwd finish: 6046763
id: mlp_moelayer ,Total cycles spent idle waiting for weight grad finish: 0
id: mlp_moelayer ,Total cycles spent idle waiting for input grad finish: 6046763
id: mlp_moelayer ,Total cycles spent on fwd pass comm: 6046763
id: mlp_moelayer ,Total cycles spent on weight grad comm: 0
id: mlp_moelayer ,Total cycles spent on input grad comm: 6046763
*******************
Layer id: mlp_moelayer
Total collectives issued for this layer: 2
*************************  Workload stats  ************************* mlp_moelayer
id: mlp_moelayer ,Total cycles spent on fwd pass compute: 1
id: mlp_moelayer ,Total cycles spent on weight grad compute: 1
id: mlp_moelayer ,Total cycles spent on input grad compute: 1
id: mlp_moelayer ,Total cycles spent idle waiting for fwd finish: 6011810
id: mlp_moelayer ,Total cycles spent idle waiting for weight grad finish: 0
id: mlp_moelayer ,Total cycles spent idle waiting for input grad finish: 6011810
id: mlp_moelayer ,Total cycles spent on fwd pass comm: 6011810
id: mlp_moelayer ,Total cycles spent on weight grad comm: 0
id: mlp_moelayer ,Total cycles spent on input grad comm: 6011810
*******************
Layer id: attention_column
Total collectives issued for this layer: 1
*************************  Workload stats  ************************* attention_column
id: attention_column ,Total cycles spent on fwd pass compute: 1
id: attention_column ,Total cycles spent on weight grad compute: 1
id: attention_column ,Total cycles spent on input grad compute: 1
id: attention_column ,Total cycles spent idle waiting for fwd finish: 6023460
id: attention_column ,Total cycles spent idle waiting for weight grad finish: 0
id: attention_column ,Total cycles spent idle waiting for input grad finish: 0
id: attention_column ,Total cycles spent on fwd pass comm: 6023460
id: attention_column ,Total cycles spent on weight grad comm: 0
id: attention_column ,Total cycles spent on input grad comm: 0
*******************
Layer id: attention_row
Total collectives issued for this layer: 1
*************************  Workload stats  ************************* attention_row
id: attention_row ,Total cycles spent on fwd pass compute: 1
id: attention_row ,Total cycles spent on weight grad compute: 1
id: attention_row ,Total cycles spent on input grad compute: 1
id: attention_row ,Total cycles spent idle waiting for fwd finish: 6023460
id: attention_row ,Total cycles spent idle waiting for weight grad finish: 0
id: attention_row ,Total cycles spent idle waiting for input grad finish: 0
id: attention_row ,Total cycles spent on fwd pass comm: 6023460
id: attention_row ,Total cycles spent on weight grad comm: 0
id: attention_row ,Total cycles spent on input grad comm: 0
*******************
Layer id: mlp_moelayer
Total collectives issued for this layer: 2
*************************  Workload stats  ************************* mlp_moelayer
id: mlp_moelayer ,Total cycles spent on fwd pass compute: 1
id: mlp_moelayer ,Total cycles spent on weight grad compute: 1
id: mlp_moelayer ,Total cycles spent on input grad compute: 1
id: mlp_moelayer ,Total cycles spent idle waiting for fwd finish: 6000232
id: mlp_moelayer ,Total cycles spent idle waiting for weight grad finish: 0
id: mlp_moelayer ,Total cycles spent idle waiting for input grad finish: 6000232
id: mlp_moelayer ,Total cycles spent on fwd pass comm: 6000232
id: mlp_moelayer ,Total cycles spent on weight grad comm: 0
id: mlp_moelayer ,Total cycles spent on input grad comm: 6000232
*******************
Layer id: mlp_moelayer
Total collectives issued for this layer: 2
*************************  Workload stats  ************************* mlp_moelayer
id: mlp_moelayer ,Total cycles spent on fwd pass compute: 1
id: mlp_moelayer ,Total cycles spent on weight grad compute: 1
id: mlp_moelayer ,Total cycles spent on input grad compute: 1
id: mlp_moelayer ,Total cycles spent idle waiting for fwd finish: 6011810
id: mlp_moelayer ,Total cycles spent idle waiting for weight grad finish: 0
id: mlp_moelayer ,Total cycles spent idle waiting for input grad finish: 6011810
id: mlp_moelayer ,Total cycles spent on fwd pass comm: 6011810
id: mlp_moelayer ,Total cycles spent on weight grad comm: 0
id: mlp_moelayer ,Total cycles spent on input grad comm: 6011810
*******************
Layer id: mlp_moelayer
Total collectives issued for this layer: 2
*************************  Workload stats  ************************* mlp_moelayer
id: mlp_moelayer ,Total cycles spent on fwd pass compute: 1
id: mlp_moelayer ,Total cycles spent on weight grad compute: 1
id: mlp_moelayer ,Total cycles spent on input grad compute: 1
id: mlp_moelayer ,Total cycles spent idle waiting for fwd finish: 6046763
id: mlp_moelayer ,Total cycles spent idle waiting for weight grad finish: 0
id: mlp_moelayer ,Total cycles spent idle waiting for input grad finish: 6046763
id: mlp_moelayer ,Total cycles spent on fwd pass comm: 6046763
id: mlp_moelayer ,Total cycles spent on weight grad comm: 0
id: mlp_moelayer ,Total cycles spent on input grad comm: 6046763
*******************
Layer id: mlp_moelayer
Total collectives issued for this layer: 2
*************************  Workload stats  ************************* mlp_moelayer
id: mlp_moelayer ,Total cycles spent on fwd pass compute: 1
id: mlp_moelayer ,Total cycles spent on weight grad compute: 1
id: mlp_moelayer ,Total cycles spent on input grad compute: 1
id: mlp_moelayer ,Total cycles spent idle waiting for fwd finish: 6046762
id: mlp_moelayer ,Total cycles spent idle waiting for weight grad finish: 0
id: mlp_moelayer ,Total cycles spent idle waiting for input grad finish: 6093366
id: mlp_moelayer ,Total cycles spent on fwd pass comm: 6046762
id: mlp_moelayer ,Total cycles spent on weight grad comm: 0
id: mlp_moelayer ,Total cycles spent on input grad comm: 6093366
*******************
Layer id: mlp_moelayer
Total collectives issued for this layer: 2
*************************  Workload stats  ************************* mlp_moelayer
id: mlp_moelayer ,Total cycles spent on fwd pass compute: 1
id: mlp_moelayer ,Total cycles spent on weight grad compute: 1
id: mlp_moelayer ,Total cycles spent on input grad compute: 1
id: mlp_moelayer ,Total cycles spent idle waiting for fwd finish: 6046762
id: mlp_moelayer ,Total cycles spent idle waiting for weight grad finish: 0
id: mlp_moelayer ,Total cycles spent idle waiting for input grad finish: 6046762
id: mlp_moelayer ,Total cycles spent on fwd pass comm: 6046762
id: mlp_moelayer ,Total cycles spent on weight grad comm: 0
id: mlp_moelayer ,Total cycles spent on input grad comm: 6046762
*******************
Layer id: mlp_moelayer
Total collectives issued for this layer: 2
*************************  Workload stats  ************************* mlp_moelayer
id: mlp_moelayer ,Total cycles spent on fwd pass compute: 1
id: mlp_moelayer ,Total cycles spent on weight grad compute: 1
id: mlp_moelayer ,Total cycles spent on input grad compute: 1
id: mlp_moelayer ,Total cycles spent idle waiting for fwd finish: 6046763
id: mlp_moelayer ,Total cycles spent idle waiting for weight grad finish: 0
id: mlp_moelayer ,Total cycles spent idle waiting for input grad finish: 6046763
id: mlp_moelayer ,Total cycles spent on fwd pass comm: 6046763
id: mlp_moelayer ,Total cycles spent on weight grad comm: 0
id: mlp_moelayer ,Total cycles spent on input grad comm: 6046763
*******************
Layer id: mlp_moelayer
Total collectives issued for this layer: 2
*************************  Workload stats  ************************* mlp_moelayer
id: mlp_moelayer ,Total cycles spent on fwd pass compute: 1
id: mlp_moelayer ,Total cycles spent on weight grad compute: 1
id: mlp_moelayer ,Total cycles spent on input grad compute: 1
id: mlp_moelayer ,Total cycles spent idle waiting for fwd finish: 6011810
id: mlp_moelayer ,Total cycles spent idle waiting for weight grad finish: 0
id: mlp_moelayer ,Total cycles spent idle waiting for input grad finish: 6011810
id: mlp_moelayer ,Total cycles spent on fwd pass comm: 6011810
id: mlp_moelayer ,Total cycles spent on weight grad comm: 0
id: mlp_moelayer ,Total cycles spent on input grad comm: 6011810
*******************
Layer id: attention_column
Total collectives issued for this layer: 1
*************************  Workload stats  ************************* attention_column
id: attention_column ,Total cycles spent on fwd pass compute: 1
id: attention_column ,Total cycles spent on weight grad compute: 1
id: attention_column ,Total cycles spent on input grad compute: 1
id: attention_column ,Total cycles spent idle waiting for fwd finish: 6023460
id: attention_column ,Total cycles spent idle waiting for weight grad finish: 0
id: attention_column ,Total cycles spent idle waiting for input grad finish: 0
id: attention_column ,Total cycles spent on fwd pass comm: 6023460
id: attention_column ,Total cycles spent on weight grad comm: 0
id: attention_column ,Total cycles spent on input grad comm: 0
*******************
Layer id: attention_row
Total collectives issued for this layer: 1
*************************  Workload stats  ************************* attention_row
id: attention_row ,Total cycles spent on fwd pass compute: 1
id: attention_row ,Total cycles spent on weight grad compute: 1
id: attention_row ,Total cycles spent on input grad compute: 1
id: attention_row ,Total cycles spent idle waiting for fwd finish: 6023460
id: attention_row ,Total cycles spent idle waiting for weight grad finish: 0
id: attention_row ,Total cycles spent idle waiting for input grad finish: 0
id: attention_row ,Total cycles spent on fwd pass comm: 6023460
id: attention_row ,Total cycles spent on weight grad comm: 0
id: attention_row ,Total cycles spent on input grad comm: 0
*******************
Layer id: mlp_moelayer
Total collectives issued for this layer: 2
*************************  Workload stats  ************************* mlp_moelayer
id: mlp_moelayer ,Total cycles spent on fwd pass compute: 1
id: mlp_moelayer ,Total cycles spent on weight grad compute: 1
id: mlp_moelayer ,Total cycles spent on input grad compute: 1
id: mlp_moelayer ,Total cycles spent idle waiting for fwd finish: 6000232
id: mlp_moelayer ,Total cycles spent idle waiting for weight grad finish: 0
id: mlp_moelayer ,Total cycles spent idle waiting for input grad finish: 6000232
id: mlp_moelayer ,Total cycles spent on fwd pass comm: 6000232
id: mlp_moelayer ,Total cycles spent on weight grad comm: 0
id: mlp_moelayer ,Total cycles spent on input grad comm: 6000232
*******************
Layer id: mlp_moelayer
Total collectives issued for this layer: 2
*************************  Workload stats  ************************* mlp_moelayer
id: mlp_moelayer ,Total cycles spent on fwd pass compute: 1
id: mlp_moelayer ,Total cycles spent on weight grad compute: 1
id: mlp_moelayer ,Total cycles spent on input grad compute: 1
id: mlp_moelayer ,Total cycles spent idle waiting for fwd finish: 6011810
id: mlp_moelayer ,Total cycles spent idle waiting for weight grad finish: 0
id: mlp_moelayer ,Total cycles spent idle waiting for input grad finish: 6011810
id: mlp_moelayer ,Total cycles spent on fwd pass comm: 6011810
id: mlp_moelayer ,Total cycles spent on weight grad comm: 0
id: mlp_moelayer ,Total cycles spent on input grad comm: 6011810
*******************
Layer id: mlp_moelayer
Total collectives issued for this layer: 2
*************************  Workload stats  ************************* mlp_moelayer
id: mlp_moelayer ,Total cycles spent on fwd pass compute: 1
id: mlp_moelayer ,Total cycles spent on weight grad compute: 1
id: mlp_moelayer ,Total cycles spent on input grad compute: 1
id: mlp_moelayer ,Total cycles spent idle waiting for fwd finish: 6046763
id: mlp_moelayer ,Total cycles spent idle waiting for weight grad finish: 0
id: mlp_moelayer ,Total cycles spent idle waiting for input grad finish: 6046763
id: mlp_moelayer ,Total cycles spent on fwd pass comm: 6046763
id: mlp_moelayer ,Total cycles spent on weight grad comm: 0
id: mlp_moelayer ,Total cycles spent on input grad comm: 6046763
*******************
Layer id: mlp_moelayer
Total collectives issued for this layer: 2
*************************  Workload stats  ************************* mlp_moelayer
id: mlp_moelayer ,Total cycles spent on fwd pass compute: 1
id: mlp_moelayer ,Total cycles spent on weight grad compute: 1
id: mlp_moelayer ,Total cycles spent on input grad compute: 1
id: mlp_moelayer ,Total cycles spent idle waiting for fwd finish: 6046762
id: mlp_moelayer ,Total cycles spent idle waiting for weight grad finish: 0
id: mlp_moelayer ,Total cycles spent idle waiting for input grad finish: 6093366
id: mlp_moelayer ,Total cycles spent on fwd pass comm: 6046762
id: mlp_moelayer ,Total cycles spent on weight grad comm: 0
id: mlp_moelayer ,Total cycles spent on input grad comm: 6093366
*******************
Layer id: mlp_moelayer
Total collectives issued for this layer: 2
*************************  Workload stats  ************************* mlp_moelayer
id: mlp_moelayer ,Total cycles spent on fwd pass compute: 1
id: mlp_moelayer ,Total cycles spent on weight grad compute: 1
id: mlp_moelayer ,Total cycles spent on input grad compute: 1
id: mlp_moelayer ,Total cycles spent idle waiting for fwd finish: 6046762
id: mlp_moelayer ,Total cycles spent idle waiting for weight grad finish: 0
id: mlp_moelayer ,Total cycles spent idle waiting for input grad finish: 6046762
id: mlp_moelayer ,Total cycles spent on fwd pass comm: 6046762
id: mlp_moelayer ,Total cycles spent on weight grad comm: 0
id: mlp_moelayer ,Total cycles spent on input grad comm: 6046762
*******************
Layer id: mlp_moelayer
Total collectives issued for this layer: 2
*************************  Workload stats  ************************* mlp_moelayer
id: mlp_moelayer ,Total cycles spent on fwd pass compute: 1
id: mlp_moelayer ,Total cycles spent on weight grad compute: 1
id: mlp_moelayer ,Total cycles spent on input grad compute: 1
id: mlp_moelayer ,Total cycles spent idle waiting for fwd finish: 6046763
id: mlp_moelayer ,Total cycles spent idle waiting for weight grad finish: 0
id: mlp_moelayer ,Total cycles spent idle waiting for input grad finish: 6046763
id: mlp_moelayer ,Total cycles spent on fwd pass comm: 6046763
id: mlp_moelayer ,Total cycles spent on weight grad comm: 0
id: mlp_moelayer ,Total cycles spent on input grad comm: 6046763
*******************
Layer id: mlp_moelayer
Total collectives issued for this layer: 2
*************************  Workload stats  ************************* mlp_moelayer
id: mlp_moelayer ,Total cycles spent on fwd pass compute: 1
id: mlp_moelayer ,Total cycles spent on weight grad compute: 1
id: mlp_moelayer ,Total cycles spent on input grad compute: 1
id: mlp_moelayer ,Total cycles spent idle waiting for fwd finish: 6011810
id: mlp_moelayer ,Total cycles spent idle waiting for weight grad finish: 0
id: mlp_moelayer ,Total cycles spent idle waiting for input grad finish: 6011810
id: mlp_moelayer ,Total cycles spent on fwd pass comm: 6011810
id: mlp_moelayer ,Total cycles spent on weight grad comm: 0
id: mlp_moelayer ,Total cycles spent on input grad comm: 6011810
*******************
Layer id: attention_column
Total collectives issued for this layer: 1
*************************  Workload stats  ************************* attention_column
id: attention_column ,Total cycles spent on fwd pass compute: 1
id: attention_column ,Total cycles spent on weight grad compute: 1
id: attention_column ,Total cycles spent on input grad compute: 1
id: attention_column ,Total cycles spent idle waiting for fwd finish: 6023460
id: attention_column ,Total cycles spent idle waiting for weight grad finish: 0
id: attention_column ,Total cycles spent idle waiting for input grad finish: 0
id: attention_column ,Total cycles spent on fwd pass comm: 6023460
id: attention_column ,Total cycles spent on weight grad comm: 0
id: attention_column ,Total cycles spent on input grad comm: 0
*******************
Layer id: attention_row
Total collectives issued for this layer: 1
*************************  Workload stats  ************************* attention_row
id: attention_row ,Total cycles spent on fwd pass compute: 1
id: attention_row ,Total cycles spent on weight grad compute: 1
id: attention_row ,Total cycles spent on input grad compute: 1
id: attention_row ,Total cycles spent idle waiting for fwd finish: 6023460
id: attention_row ,Total cycles spent idle waiting for weight grad finish: 0
id: attention_row ,Total cycles spent idle waiting for input grad finish: 0
id: attention_row ,Total cycles spent on fwd pass comm: 6023460
id: attention_row ,Total cycles spent on weight grad comm: 0
id: attention_row ,Total cycles spent on input grad comm: 0
*******************
Layer id: mlp_moelayer
Total collectives issued for this layer: 2
*************************  Workload stats  ************************* mlp_moelayer
id: mlp_moelayer ,Total cycles spent on fwd pass compute: 1
id: mlp_moelayer ,Total cycles spent on weight grad compute: 1
id: mlp_moelayer ,Total cycles spent on input grad compute: 1
id: mlp_moelayer ,Total cycles spent idle waiting for fwd finish: 6000232
id: mlp_moelayer ,Total cycles spent idle waiting for weight grad finish: 0
id: mlp_moelayer ,Total cycles spent idle waiting for input grad finish: 6000232
id: mlp_moelayer ,Total cycles spent on fwd pass comm: 6000232
id: mlp_moelayer ,Total cycles spent on weight grad comm: 0
id: mlp_moelayer ,Total cycles spent on input grad comm: 6000232
*******************
Layer id: mlp_moelayer
Total collectives issued for this layer: 2
*************************  Workload stats  ************************* mlp_moelayer
id: mlp_moelayer ,Total cycles spent on fwd pass compute: 1
id: mlp_moelayer ,Total cycles spent on weight grad compute: 1
id: mlp_moelayer ,Total cycles spent on input grad compute: 1
id: mlp_moelayer ,Total cycles spent idle waiting for fwd finish: 6011810
id: mlp_moelayer ,Total cycles spent idle waiting for weight grad finish: 0
id: mlp_moelayer ,Total cycles spent idle waiting for input grad finish: 6011810
id: mlp_moelayer ,Total cycles spent on fwd pass comm: 6011810
id: mlp_moelayer ,Total cycles spent on weight grad comm: 0
id: mlp_moelayer ,Total cycles spent on input grad comm: 6011810
*******************
Layer id: mlp_moelayer
Total collectives issued for this layer: 2
*************************  Workload stats  ************************* mlp_moelayer
id: mlp_moelayer ,Total cycles spent on fwd pass compute: 1
id: mlp_moelayer ,Total cycles spent on weight grad compute: 1
id: mlp_moelayer ,Total cycles spent on input grad compute: 1
id: mlp_moelayer ,Total cycles spent idle waiting for fwd finish: 6046763
id: mlp_moelayer ,Total cycles spent idle waiting for weight grad finish: 0
id: mlp_moelayer ,Total cycles spent idle waiting for input grad finish: 6046763
id: mlp_moelayer ,Total cycles spent on fwd pass comm: 6046763
id: mlp_moelayer ,Total cycles spent on weight grad comm: 0
id: mlp_moelayer ,Total cycles spent on input grad comm: 6046763
*******************
Layer id: mlp_moelayer
Total collectives issued for this layer: 2
*************************  Workload stats  ************************* mlp_moelayer
id: mlp_moelayer ,Total cycles spent on fwd pass compute: 1
id: mlp_moelayer ,Total cycles spent on weight grad compute: 1
id: mlp_moelayer ,Total cycles spent on input grad compute: 1
id: mlp_moelayer ,Total cycles spent idle waiting for fwd finish: 6046762
id: mlp_moelayer ,Total cycles spent idle waiting for weight grad finish: 0
id: mlp_moelayer ,Total cycles spent idle waiting for input grad finish: 6093366
id: mlp_moelayer ,Total cycles spent on fwd pass comm: 6046762
id: mlp_moelayer ,Total cycles spent on weight grad comm: 0
id: mlp_moelayer ,Total cycles spent on input grad comm: 6093366
*******************
Layer id: mlp_moelayer
Total collectives issued for this layer: 2
*************************  Workload stats  ************************* mlp_moelayer
id: mlp_moelayer ,Total cycles spent on fwd pass compute: 1
id: mlp_moelayer ,Total cycles spent on weight grad compute: 1
id: mlp_moelayer ,Total cycles spent on input grad compute: 1
id: mlp_moelayer ,Total cycles spent idle waiting for fwd finish: 6046762
id: mlp_moelayer ,Total cycles spent idle waiting for weight grad finish: 0
id: mlp_moelayer ,Total cycles spent idle waiting for input grad finish: 6046762
id: mlp_moelayer ,Total cycles spent on fwd pass comm: 6046762
id: mlp_moelayer ,Total cycles spent on weight grad comm: 0
id: mlp_moelayer ,Total cycles spent on input grad comm: 6046762
*******************
Layer id: mlp_moelayer
Total collectives issued for this layer: 2
*************************  Workload stats  ************************* mlp_moelayer
id: mlp_moelayer ,Total cycles spent on fwd pass compute: 1
id: mlp_moelayer ,Total cycles spent on weight grad compute: 1
id: mlp_moelayer ,Total cycles spent on input grad compute: 1
id: mlp_moelayer ,Total cycles spent idle waiting for fwd finish: 6046763
id: mlp_moelayer ,Total cycles spent idle waiting for weight grad finish: 0
id: mlp_moelayer ,Total cycles spent idle waiting for input grad finish: 6046763
id: mlp_moelayer ,Total cycles spent on fwd pass comm: 6046763
id: mlp_moelayer ,Total cycles spent on weight grad comm: 0
id: mlp_moelayer ,Total cycles spent on input grad comm: 6046763
*******************
Layer id: mlp_moelayer
Total collectives issued for this layer: 2
*************************  Workload stats  ************************* mlp_moelayer
id: mlp_moelayer ,Total cycles spent on fwd pass compute: 1
id: mlp_moelayer ,Total cycles spent on weight grad compute: 1
id: mlp_moelayer ,Total cycles spent on input grad compute: 1
id: mlp_moelayer ,Total cycles spent idle waiting for fwd finish: 6011810
id: mlp_moelayer ,Total cycles spent idle waiting for weight grad finish: 0
id: mlp_moelayer ,Total cycles spent idle waiting for input grad finish: 6011810
id: mlp_moelayer ,Total cycles spent on fwd pass comm: 6011810
id: mlp_moelayer ,Total cycles spent on weight grad comm: 0
id: mlp_moelayer ,Total cycles spent on input grad comm: 6011810
*******************
Layer id: attention_column
Total collectives issued for this layer: 1
*************************  Workload stats  ************************* attention_column
id: attention_column ,Total cycles spent on fwd pass compute: 1
id: attention_column ,Total cycles spent on weight grad compute: 1
id: attention_column ,Total cycles spent on input grad compute: 1
id: attention_column ,Total cycles spent idle waiting for fwd finish: 6023460
id: attention_column ,Total cycles spent idle waiting for weight grad finish: 0
id: attention_column ,Total cycles spent idle waiting for input grad finish: 0
id: attention_column ,Total cycles spent on fwd pass comm: 6023460
id: attention_column ,Total cycles spent on weight grad comm: 0
id: attention_column ,Total cycles spent on input grad comm: 0
*******************
Layer id: attention_row
Total collectives issued for this layer: 1
*************************  Workload stats  ************************* attention_row
id: attention_row ,Total cycles spent on fwd pass compute: 1
id: attention_row ,Total cycles spent on weight grad compute: 1
id: attention_row ,Total cycles spent on input grad compute: 1
id: attention_row ,Total cycles spent idle waiting for fwd finish: 6023460
id: attention_row ,Total cycles spent idle waiting for weight grad finish: 0
id: attention_row ,Total cycles spent idle waiting for input grad finish: 0
id: attention_row ,Total cycles spent on fwd pass comm: 6023460
id: attention_row ,Total cycles spent on weight grad comm: 0
id: attention_row ,Total cycles spent on input grad comm: 0
*******************
Layer id: mlp_moelayer
Total collectives issued for this layer: 2
*************************  Workload stats  ************************* mlp_moelayer
id: mlp_moelayer ,Total cycles spent on fwd pass compute: 1
id: mlp_moelayer ,Total cycles spent on weight grad compute: 1
id: mlp_moelayer ,Total cycles spent on input grad compute: 1
id: mlp_moelayer ,Total cycles spent idle waiting for fwd finish: 6000232
id: mlp_moelayer ,Total cycles spent idle waiting for weight grad finish: 0
id: mlp_moelayer ,Total cycles spent idle waiting for input grad finish: 6000232
id: mlp_moelayer ,Total cycles spent on fwd pass comm: 6000232
id: mlp_moelayer ,Total cycles spent on weight grad comm: 0
id: mlp_moelayer ,Total cycles spent on input grad comm: 6000232
*******************
Layer id: mlp_moelayer
Total collectives issued for this layer: 2
*************************  Workload stats  ************************* mlp_moelayer
id: mlp_moelayer ,Total cycles spent on fwd pass compute: 1
id: mlp_moelayer ,Total cycles spent on weight grad compute: 1
id: mlp_moelayer ,Total cycles spent on input grad compute: 1
id: mlp_moelayer ,Total cycles spent idle waiting for fwd finish: 6011810
id: mlp_moelayer ,Total cycles spent idle waiting for weight grad finish: 0
id: mlp_moelayer ,Total cycles spent idle waiting for input grad finish: 6011810
id: mlp_moelayer ,Total cycles spent on fwd pass comm: 6011810
id: mlp_moelayer ,Total cycles spent on weight grad comm: 0
id: mlp_moelayer ,Total cycles spent on input grad comm: 6011810
*******************
Layer id: mlp_moelayer
Total collectives issued for this layer: 2
*************************  Workload stats  ************************* mlp_moelayer
id: mlp_moelayer ,Total cycles spent on fwd pass compute: 1
id: mlp_moelayer ,Total cycles spent on weight grad compute: 1
id: mlp_moelayer ,Total cycles spent on input grad compute: 1
id: mlp_moelayer ,Total cycles spent idle waiting for fwd finish: 6046763
id: mlp_moelayer ,Total cycles spent idle waiting for weight grad finish: 0
id: mlp_moelayer ,Total cycles spent idle waiting for input grad finish: 6046763
id: mlp_moelayer ,Total cycles spent on fwd pass comm: 6046763
id: mlp_moelayer ,Total cycles spent on weight grad comm: 0
id: mlp_moelayer ,Total cycles spent on input grad comm: 6046763
*******************
Layer id: mlp_moelayer
Total collectives issued for this layer: 2
*************************  Workload stats  ************************* mlp_moelayer
id: mlp_moelayer ,Total cycles spent on fwd pass compute: 1
id: mlp_moelayer ,Total cycles spent on weight grad compute: 1
id: mlp_moelayer ,Total cycles spent on input grad compute: 1
id: mlp_moelayer ,Total cycles spent idle waiting for fwd finish: 6046762
id: mlp_moelayer ,Total cycles spent idle waiting for weight grad finish: 0
id: mlp_moelayer ,Total cycles spent idle waiting for input grad finish: 6093366
id: mlp_moelayer ,Total cycles spent on fwd pass comm: 6046762
id: mlp_moelayer ,Total cycles spent on weight grad comm: 0
id: mlp_moelayer ,Total cycles spent on input grad comm: 6093366
*******************
Layer id: mlp_moelayer
Total collectives issued for this layer: 2
*************************  Workload stats  ************************* mlp_moelayer
id: mlp_moelayer ,Total cycles spent on fwd pass compute: 1
id: mlp_moelayer ,Total cycles spent on weight grad compute: 1
id: mlp_moelayer ,Total cycles spent on input grad compute: 1
id: mlp_moelayer ,Total cycles spent idle waiting for fwd finish: 6046762
id: mlp_moelayer ,Total cycles spent idle waiting for weight grad finish: 0
id: mlp_moelayer ,Total cycles spent idle waiting for input grad finish: 6046762
id: mlp_moelayer ,Total cycles spent on fwd pass comm: 6046762
id: mlp_moelayer ,Total cycles spent on weight grad comm: 0
id: mlp_moelayer ,Total cycles spent on input grad comm: 6046762
*******************
Layer id: mlp_moelayer
Total collectives issued for this layer: 2
*************************  Workload stats  ************************* mlp_moelayer
id: mlp_moelayer ,Total cycles spent on fwd pass compute: 1
id: mlp_moelayer ,Total cycles spent on weight grad compute: 1
id: mlp_moelayer ,Total cycles spent on input grad compute: 1
id: mlp_moelayer ,Total cycles spent idle waiting for fwd finish: 6046763
id: mlp_moelayer ,Total cycles spent idle waiting for weight grad finish: 0
id: mlp_moelayer ,Total cycles spent idle waiting for input grad finish: 6046763
id: mlp_moelayer ,Total cycles spent on fwd pass comm: 6046763
id: mlp_moelayer ,Total cycles spent on weight grad comm: 0
id: mlp_moelayer ,Total cycles spent on input grad comm: 6046763
*******************
Layer id: mlp_moelayer
Total collectives issued for this layer: 2
*************************  Workload stats  ************************* mlp_moelayer
id: mlp_moelayer ,Total cycles spent on fwd pass compute: 1
id: mlp_moelayer ,Total cycles spent on weight grad compute: 1
id: mlp_moelayer ,Total cycles spent on input grad compute: 1
id: mlp_moelayer ,Total cycles spent idle waiting for fwd finish: 6011810
id: mlp_moelayer ,Total cycles spent idle waiting for weight grad finish: 0
id: mlp_moelayer ,Total cycles spent idle waiting for input grad finish: 6011810
id: mlp_moelayer ,Total cycles spent on fwd pass comm: 6011810
id: mlp_moelayer ,Total cycles spent on weight grad comm: 0
id: mlp_moelayer ,Total cycles spent on input grad comm: 6011810
*******************
Layer id: attention_column
Total collectives issued for this layer: 1
*************************  Workload stats  ************************* attention_column
id: attention_column ,Total cycles spent on fwd pass compute: 1
id: attention_column ,Total cycles spent on weight grad compute: 1
id: attention_column ,Total cycles spent on input grad compute: 1
id: attention_column ,Total cycles spent idle waiting for fwd finish: 6023460
id: attention_column ,Total cycles spent idle waiting for weight grad finish: 0
id: attention_column ,Total cycles spent idle waiting for input grad finish: 0
id: attention_column ,Total cycles spent on fwd pass comm: 6023460
id: attention_column ,Total cycles spent on weight grad comm: 0
id: attention_column ,Total cycles spent on input grad comm: 0
*******************
Layer id: attention_row
Total collectives issued for this layer: 1
*************************  Workload stats  ************************* attention_row
id: attention_row ,Total cycles spent on fwd pass compute: 1
id: attention_row ,Total cycles spent on weight grad compute: 1
id: attention_row ,Total cycles spent on input grad compute: 1
id: attention_row ,Total cycles spent idle waiting for fwd finish: 6023460
id: attention_row ,Total cycles spent idle waiting for weight grad finish: 0
id: attention_row ,Total cycles spent idle waiting for input grad finish: 0
id: attention_row ,Total cycles spent on fwd pass comm: 6023460
id: attention_row ,Total cycles spent on weight grad comm: 0
id: attention_row ,Total cycles spent on input grad comm: 0
*******************
Layer id: mlp_moelayer
Total collectives issued for this layer: 2
*************************  Workload stats  ************************* mlp_moelayer
id: mlp_moelayer ,Total cycles spent on fwd pass compute: 1
id: mlp_moelayer ,Total cycles spent on weight grad compute: 1
id: mlp_moelayer ,Total cycles spent on input grad compute: 1
id: mlp_moelayer ,Total cycles spent idle waiting for fwd finish: 6000232
id: mlp_moelayer ,Total cycles spent idle waiting for weight grad finish: 0
id: mlp_moelayer ,Total cycles spent idle waiting for input grad finish: 6000232
id: mlp_moelayer ,Total cycles spent on fwd pass comm: 6000232
id: mlp_moelayer ,Total cycles spent on weight grad comm: 0
id: mlp_moelayer ,Total cycles spent on input grad comm: 6000232
*******************
Layer id: mlp_moelayer
Total collectives issued for this layer: 2
*************************  Workload stats  ************************* mlp_moelayer
id: mlp_moelayer ,Total cycles spent on fwd pass compute: 1
id: mlp_moelayer ,Total cycles spent on weight grad compute: 1
id: mlp_moelayer ,Total cycles spent on input grad compute: 1
id: mlp_moelayer ,Total cycles spent idle waiting for fwd finish: 6011810
id: mlp_moelayer ,Total cycles spent idle waiting for weight grad finish: 0
id: mlp_moelayer ,Total cycles spent idle waiting for input grad finish: 6011810
id: mlp_moelayer ,Total cycles spent on fwd pass comm: 6011810
id: mlp_moelayer ,Total cycles spent on weight grad comm: 0
id: mlp_moelayer ,Total cycles spent on input grad comm: 6011810
*******************
Layer id: mlp_moelayer
Total collectives issued for this layer: 2
*************************  Workload stats  ************************* mlp_moelayer
id: mlp_moelayer ,Total cycles spent on fwd pass compute: 1
id: mlp_moelayer ,Total cycles spent on weight grad compute: 1
id: mlp_moelayer ,Total cycles spent on input grad compute: 1
id: mlp_moelayer ,Total cycles spent idle waiting for fwd finish: 6046763
id: mlp_moelayer ,Total cycles spent idle waiting for weight grad finish: 0
id: mlp_moelayer ,Total cycles spent idle waiting for input grad finish: 6046763
id: mlp_moelayer ,Total cycles spent on fwd pass comm: 6046763
id: mlp_moelayer ,Total cycles spent on weight grad comm: 0
id: mlp_moelayer ,Total cycles spent on input grad comm: 6046763
*******************
Layer id: mlp_moelayer
Total collectives issued for this layer: 2
*************************  Workload stats  ************************* mlp_moelayer
id: mlp_moelayer ,Total cycles spent on fwd pass compute: 1
id: mlp_moelayer ,Total cycles spent on weight grad compute: 1
id: mlp_moelayer ,Total cycles spent on input grad compute: 1
id: mlp_moelayer ,Total cycles spent idle waiting for fwd finish: 6046762
id: mlp_moelayer ,Total cycles spent idle waiting for weight grad finish: 0
id: mlp_moelayer ,Total cycles spent idle waiting for input grad finish: 6093366
id: mlp_moelayer ,Total cycles spent on fwd pass comm: 6046762
id: mlp_moelayer ,Total cycles spent on weight grad comm: 0
id: mlp_moelayer ,Total cycles spent on input grad comm: 6093366
*******************
Layer id: mlp_moelayer
Total collectives issued for this layer: 2
*************************  Workload stats  ************************* mlp_moelayer
id: mlp_moelayer ,Total cycles spent on fwd pass compute: 1
id: mlp_moelayer ,Total cycles spent on weight grad compute: 1
id: mlp_moelayer ,Total cycles spent on input grad compute: 1
id: mlp_moelayer ,Total cycles spent idle waiting for fwd finish: 6046762
id: mlp_moelayer ,Total cycles spent idle waiting for weight grad finish: 0
id: mlp_moelayer ,Total cycles spent idle waiting for input grad finish: 6046762
id: mlp_moelayer ,Total cycles spent on fwd pass comm: 6046762
id: mlp_moelayer ,Total cycles spent on weight grad comm: 0
id: mlp_moelayer ,Total cycles spent on input grad comm: 6046762
*******************
Layer id: mlp_moelayer
Total collectives issued for this layer: 2
*************************  Workload stats  ************************* mlp_moelayer
id: mlp_moelayer ,Total cycles spent on fwd pass compute: 1
id: mlp_moelayer ,Total cycles spent on weight grad compute: 1
id: mlp_moelayer ,Total cycles spent on input grad compute: 1
id: mlp_moelayer ,Total cycles spent idle waiting for fwd finish: 6046763
id: mlp_moelayer ,Total cycles spent idle waiting for weight grad finish: 0
id: mlp_moelayer ,Total cycles spent idle waiting for input grad finish: 6046763
id: mlp_moelayer ,Total cycles spent on fwd pass comm: 6046763
id: mlp_moelayer ,Total cycles spent on weight grad comm: 0
id: mlp_moelayer ,Total cycles spent on input grad comm: 6046763
*******************
Layer id: mlp_moelayer
Total collectives issued for this layer: 2
*************************  Workload stats  ************************* mlp_moelayer
id: mlp_moelayer ,Total cycles spent on fwd pass compute: 1
id: mlp_moelayer ,Total cycles spent on weight grad compute: 1
id: mlp_moelayer ,Total cycles spent on input grad compute: 1
id: mlp_moelayer ,Total cycles spent idle waiting for fwd finish: 6011810
id: mlp_moelayer ,Total cycles spent idle waiting for weight grad finish: 0
id: mlp_moelayer ,Total cycles spent idle waiting for input grad finish: 6011810
id: mlp_moelayer ,Total cycles spent on fwd pass comm: 6011810
id: mlp_moelayer ,Total cycles spent on weight grad comm: 0
id: mlp_moelayer ,Total cycles spent on input grad comm: 6011810
*******************
Layer id: attention_column
Total collectives issued for this layer: 1
*************************  Workload stats  ************************* attention_column
id: attention_column ,Total cycles spent on fwd pass compute: 1
id: attention_column ,Total cycles spent on weight grad compute: 1
id: attention_column ,Total cycles spent on input grad compute: 1
id: attention_column ,Total cycles spent idle waiting for fwd finish: 6023460
id: attention_column ,Total cycles spent idle waiting for weight grad finish: 0
id: attention_column ,Total cycles spent idle waiting for input grad finish: 0
id: attention_column ,Total cycles spent on fwd pass comm: 6023460
id: attention_column ,Total cycles spent on weight grad comm: 0
id: attention_column ,Total cycles spent on input grad comm: 0
*******************
Layer id: attention_row
Total collectives issued for this layer: 1
*************************  Workload stats  ************************* attention_row
id: attention_row ,Total cycles spent on fwd pass compute: 1
id: attention_row ,Total cycles spent on weight grad compute: 1
id: attention_row ,Total cycles spent on input grad compute: 1
id: attention_row ,Total cycles spent idle waiting for fwd finish: 6023460
id: attention_row ,Total cycles spent idle waiting for weight grad finish: 0
id: attention_row ,Total cycles spent idle waiting for input grad finish: 0
id: attention_row ,Total cycles spent on fwd pass comm: 6023460
id: attention_row ,Total cycles spent on weight grad comm: 0
id: attention_row ,Total cycles spent on input grad comm: 0
*******************
Layer id: mlp_moelayer
Total collectives issued for this layer: 2
*************************  Workload stats  ************************* mlp_moelayer
id: mlp_moelayer ,Total cycles spent on fwd pass compute: 1
id: mlp_moelayer ,Total cycles spent on weight grad compute: 1
id: mlp_moelayer ,Total cycles spent on input grad compute: 1
id: mlp_moelayer ,Total cycles spent idle waiting for fwd finish: 6000232
id: mlp_moelayer ,Total cycles spent idle waiting for weight grad finish: 0
id: mlp_moelayer ,Total cycles spent idle waiting for input grad finish: 6000232
id: mlp_moelayer ,Total cycles spent on fwd pass comm: 6000232
id: mlp_moelayer ,Total cycles spent on weight grad comm: 0
id: mlp_moelayer ,Total cycles spent on input grad comm: 6000232
*******************
Layer id: mlp_moelayer
Total collectives issued for this layer: 2
*************************  Workload stats  ************************* mlp_moelayer
id: mlp_moelayer ,Total cycles spent on fwd pass compute: 1
id: mlp_moelayer ,Total cycles spent on weight grad compute: 1
id: mlp_moelayer ,Total cycles spent on input grad compute: 1
id: mlp_moelayer ,Total cycles spent idle waiting for fwd finish: 6011810
id: mlp_moelayer ,Total cycles spent idle waiting for weight grad finish: 0
id: mlp_moelayer ,Total cycles spent idle waiting for input grad finish: 6011810
id: mlp_moelayer ,Total cycles spent on fwd pass comm: 6011810
id: mlp_moelayer ,Total cycles spent on weight grad comm: 0
id: mlp_moelayer ,Total cycles spent on input grad comm: 6011810
*******************
Layer id: mlp_moelayer
Total collectives issued for this layer: 2
*************************  Workload stats  ************************* mlp_moelayer
id: mlp_moelayer ,Total cycles spent on fwd pass compute: 1
id: mlp_moelayer ,Total cycles spent on weight grad compute: 1
id: mlp_moelayer ,Total cycles spent on input grad compute: 1
id: mlp_moelayer ,Total cycles spent idle waiting for fwd finish: 6046763
id: mlp_moelayer ,Total cycles spent idle waiting for weight grad finish: 0
id: mlp_moelayer ,Total cycles spent idle waiting for input grad finish: 6046763
id: mlp_moelayer ,Total cycles spent on fwd pass comm: 6046763
id: mlp_moelayer ,Total cycles spent on weight grad comm: 0
id: mlp_moelayer ,Total cycles spent on input grad comm: 6046763
*******************
Layer id: mlp_moelayer
Total collectives issued for this layer: 2
*************************  Workload stats  ************************* mlp_moelayer
id: mlp_moelayer ,Total cycles spent on fwd pass compute: 1
id: mlp_moelayer ,Total cycles spent on weight grad compute: 1
id: mlp_moelayer ,Total cycles spent on input grad compute: 1
id: mlp_moelayer ,Total cycles spent idle waiting for fwd finish: 6046762
id: mlp_moelayer ,Total cycles spent idle waiting for weight grad finish: 0
id: mlp_moelayer ,Total cycles spent idle waiting for input grad finish: 6093366
id: mlp_moelayer ,Total cycles spent on fwd pass comm: 6046762
id: mlp_moelayer ,Total cycles spent on weight grad comm: 0
id: mlp_moelayer ,Total cycles spent on input grad comm: 6093366
*******************
Layer id: mlp_moelayer
Total collectives issued for this layer: 2
*************************  Workload stats  ************************* mlp_moelayer
id: mlp_moelayer ,Total cycles spent on fwd pass compute: 1
id: mlp_moelayer ,Total cycles spent on weight grad compute: 1
id: mlp_moelayer ,Total cycles spent on input grad compute: 1
id: mlp_moelayer ,Total cycles spent idle waiting for fwd finish: 6046762
id: mlp_moelayer ,Total cycles spent idle waiting for weight grad finish: 0
id: mlp_moelayer ,Total cycles spent idle waiting for input grad finish: 6046762
id: mlp_moelayer ,Total cycles spent on fwd pass comm: 6046762
id: mlp_moelayer ,Total cycles spent on weight grad comm: 0
id: mlp_moelayer ,Total cycles spent on input grad comm: 6046762
*******************
Layer id: mlp_moelayer
Total collectives issued for this layer: 2
*************************  Workload stats  ************************* mlp_moelayer
id: mlp_moelayer ,Total cycles spent on fwd pass compute: 1
id: mlp_moelayer ,Total cycles spent on weight grad compute: 1
id: mlp_moelayer ,Total cycles spent on input grad compute: 1
id: mlp_moelayer ,Total cycles spent idle waiting for fwd finish: 6046763
id: mlp_moelayer ,Total cycles spent idle waiting for weight grad finish: 0
id: mlp_moelayer ,Total cycles spent idle waiting for input grad finish: 6046763
id: mlp_moelayer ,Total cycles spent on fwd pass comm: 6046763
id: mlp_moelayer ,Total cycles spent on weight grad comm: 0
id: mlp_moelayer ,Total cycles spent on input grad comm: 6046763
*******************
Layer id: mlp_moelayer
Total collectives issued for this layer: 2
*************************  Workload stats  ************************* mlp_moelayer
id: mlp_moelayer ,Total cycles spent on fwd pass compute: 1
id: mlp_moelayer ,Total cycles spent on weight grad compute: 1
id: mlp_moelayer ,Total cycles spent on input grad compute: 1
id: mlp_moelayer ,Total cycles spent idle waiting for fwd finish: 6011810
id: mlp_moelayer ,Total cycles spent idle waiting for weight grad finish: 0
id: mlp_moelayer ,Total cycles spent idle waiting for input grad finish: 6011810
id: mlp_moelayer ,Total cycles spent on fwd pass comm: 6011810
id: mlp_moelayer ,Total cycles spent on weight grad comm: 0
id: mlp_moelayer ,Total cycles spent on input grad comm: 6011810
*******************
Layer id: attention_column
Total collectives issued for this layer: 1
*************************  Workload stats  ************************* attention_column
id: attention_column ,Total cycles spent on fwd pass compute: 1
id: attention_column ,Total cycles spent on weight grad compute: 1
id: attention_column ,Total cycles spent on input grad compute: 1
id: attention_column ,Total cycles spent idle waiting for fwd finish: 6023460
id: attention_column ,Total cycles spent idle waiting for weight grad finish: 0
id: attention_column ,Total cycles spent idle waiting for input grad finish: 0
id: attention_column ,Total cycles spent on fwd pass comm: 6023460
id: attention_column ,Total cycles spent on weight grad comm: 0
id: attention_column ,Total cycles spent on input grad comm: 0
*******************
Layer id: attention_row
Total collectives issued for this layer: 1
*************************  Workload stats  ************************* attention_row
id: attention_row ,Total cycles spent on fwd pass compute: 1
id: attention_row ,Total cycles spent on weight grad compute: 1
id: attention_row ,Total cycles spent on input grad compute: 1
id: attention_row ,Total cycles spent idle waiting for fwd finish: 6023460
id: attention_row ,Total cycles spent idle waiting for weight grad finish: 0
id: attention_row ,Total cycles spent idle waiting for input grad finish: 0
id: attention_row ,Total cycles spent on fwd pass comm: 6023460
id: attention_row ,Total cycles spent on weight grad comm: 0
id: attention_row ,Total cycles spent on input grad comm: 0
*******************
Layer id: mlp_moelayer
Total collectives issued for this layer: 2
*************************  Workload stats  ************************* mlp_moelayer
id: mlp_moelayer ,Total cycles spent on fwd pass compute: 1
id: mlp_moelayer ,Total cycles spent on weight grad compute: 1
id: mlp_moelayer ,Total cycles spent on input grad compute: 1
id: mlp_moelayer ,Total cycles spent idle waiting for fwd finish: 6000232
id: mlp_moelayer ,Total cycles spent idle waiting for weight grad finish: 0
id: mlp_moelayer ,Total cycles spent idle waiting for input grad finish: 6000232
id: mlp_moelayer ,Total cycles spent on fwd pass comm: 6000232
id: mlp_moelayer ,Total cycles spent on weight grad comm: 0
id: mlp_moelayer ,Total cycles spent on input grad comm: 6000232
*******************
Layer id: mlp_moelayer
Total collectives issued for this layer: 2
*************************  Workload stats  ************************* mlp_moelayer
id: mlp_moelayer ,Total cycles spent on fwd pass compute: 1
id: mlp_moelayer ,Total cycles spent on weight grad compute: 1
id: mlp_moelayer ,Total cycles spent on input grad compute: 1
id: mlp_moelayer ,Total cycles spent idle waiting for fwd finish: 6011810
id: mlp_moelayer ,Total cycles spent idle waiting for weight grad finish: 0
id: mlp_moelayer ,Total cycles spent idle waiting for input grad finish: 6011810
id: mlp_moelayer ,Total cycles spent on fwd pass comm: 6011810
id: mlp_moelayer ,Total cycles spent on weight grad comm: 0
id: mlp_moelayer ,Total cycles spent on input grad comm: 6011810
*******************
Layer id: mlp_moelayer
Total collectives issued for this layer: 2
*************************  Workload stats  ************************* mlp_moelayer
id: mlp_moelayer ,Total cycles spent on fwd pass compute: 1
id: mlp_moelayer ,Total cycles spent on weight grad compute: 1
id: mlp_moelayer ,Total cycles spent on input grad compute: 1
id: mlp_moelayer ,Total cycles spent idle waiting for fwd finish: 6046763
id: mlp_moelayer ,Total cycles spent idle waiting for weight grad finish: 0
id: mlp_moelayer ,Total cycles spent idle waiting for input grad finish: 6046763
id: mlp_moelayer ,Total cycles spent on fwd pass comm: 6046763
id: mlp_moelayer ,Total cycles spent on weight grad comm: 0
id: mlp_moelayer ,Total cycles spent on input grad comm: 6046763
*******************
Layer id: mlp_moelayer
Total collectives issued for this layer: 2
*************************  Workload stats  ************************* mlp_moelayer
id: mlp_moelayer ,Total cycles spent on fwd pass compute: 1
id: mlp_moelayer ,Total cycles spent on weight grad compute: 1
id: mlp_moelayer ,Total cycles spent on input grad compute: 1
id: mlp_moelayer ,Total cycles spent idle waiting for fwd finish: 6046762
id: mlp_moelayer ,Total cycles spent idle waiting for weight grad finish: 0
id: mlp_moelayer ,Total cycles spent idle waiting for input grad finish: 6093366
id: mlp_moelayer ,Total cycles spent on fwd pass comm: 6046762
id: mlp_moelayer ,Total cycles spent on weight grad comm: 0
id: mlp_moelayer ,Total cycles spent on input grad comm: 6093366
*******************
Layer id: mlp_moelayer
Total collectives issued for this layer: 2
*************************  Workload stats  ************************* mlp_moelayer
id: mlp_moelayer ,Total cycles spent on fwd pass compute: 1
id: mlp_moelayer ,Total cycles spent on weight grad compute: 1
id: mlp_moelayer ,Total cycles spent on input grad compute: 1
id: mlp_moelayer ,Total cycles spent idle waiting for fwd finish: 6046762
id: mlp_moelayer ,Total cycles spent idle waiting for weight grad finish: 0
id: mlp_moelayer ,Total cycles spent idle waiting for input grad finish: 6046762
id: mlp_moelayer ,Total cycles spent on fwd pass comm: 6046762
id: mlp_moelayer ,Total cycles spent on weight grad comm: 0
id: mlp_moelayer ,Total cycles spent on input grad comm: 6046762
*******************
Layer id: mlp_moelayer
Total collectives issued for this layer: 2
*************************  Workload stats  ************************* mlp_moelayer
id: mlp_moelayer ,Total cycles spent on fwd pass compute: 1
id: mlp_moelayer ,Total cycles spent on weight grad compute: 1
id: mlp_moelayer ,Total cycles spent on input grad compute: 1
id: mlp_moelayer ,Total cycles spent idle waiting for fwd finish: 6046763
id: mlp_moelayer ,Total cycles spent idle waiting for weight grad finish: 0
id: mlp_moelayer ,Total cycles spent idle waiting for input grad finish: 6046763
id: mlp_moelayer ,Total cycles spent on fwd pass comm: 6046763
id: mlp_moelayer ,Total cycles spent on weight grad comm: 0
id: mlp_moelayer ,Total cycles spent on input grad comm: 6046763
*******************
Layer id: mlp_moelayer
Total collectives issued for this layer: 2
*************************  Workload stats  ************************* mlp_moelayer
id: mlp_moelayer ,Total cycles spent on fwd pass compute: 1
id: mlp_moelayer ,Total cycles spent on weight grad compute: 1
id: mlp_moelayer ,Total cycles spent on input grad compute: 1
id: mlp_moelayer ,Total cycles spent idle waiting for fwd finish: 6011810
id: mlp_moelayer ,Total cycles spent idle waiting for weight grad finish: 0
id: mlp_moelayer ,Total cycles spent idle waiting for input grad finish: 6011810
id: mlp_moelayer ,Total cycles spent on fwd pass comm: 6011810
id: mlp_moelayer ,Total cycles spent on weight grad comm: 0
id: mlp_moelayer ,Total cycles spent on input grad comm: 6011810
*******************
Layer id: final_column
Total collectives issued for this layer: 1
*************************  Workload stats  ************************* final_column
id: final_column ,Total cycles spent on fwd pass compute: 1
id: final_column ,Total cycles spent on weight grad compute: 1
id: final_column ,Total cycles spent on input grad compute: 1
id: final_column ,Total cycles spent idle waiting for fwd finish: 6023460
id: final_column ,Total cycles spent idle waiting for weight grad finish: 0
id: final_column ,Total cycles spent idle waiting for input grad finish: 0
id: final_column ,Total cycles spent on fwd pass comm: 6023460
id: final_column ,Total cycles spent on weight grad comm: 0
id: final_column ,Total cycles spent on input grad comm: 0
*******************
Layer id: embedding_norm
Total collectives issued for this layer: 1
*************************  Workload stats  ************************* embedding_norm
id: embedding_norm ,Total cycles spent on fwd pass compute: 1
id: embedding_norm ,Total cycles spent on weight grad compute: 1
id: embedding_norm ,Total cycles spent on input grad compute: 1
id: embedding_norm ,Total cycles spent idle waiting for fwd finish: 12364306
id: embedding_norm ,Total cycles spent idle waiting for weight grad finish: 0
id: embedding_norm ,Total cycles spent idle waiting for input grad finish: 0
id: embedding_norm ,Total cycles spent on fwd pass comm: 12364306
id: embedding_norm ,Total cycles spent on weight grad comm: 0
id: embedding_norm ,Total cycles spent on input grad comm: 0
*******************
Layer id: embedding_layer
Total collectives issued for this layer: 0
*************************  Workload stats  ************************* embedding_layer
id: embedding_layer ,Total cycles spent on fwd pass compute: 1
id: embedding_layer ,Total cycles spent on weight grad compute: 1
id: embedding_layer ,Total cycles spent on input grad compute: 1
id: embedding_layer ,Total cycles spent idle waiting for fwd finish: 0
id: embedding_layer ,Total cycles spent idle waiting for weight grad finish: 0
id: embedding_layer ,Total cycles spent idle waiting for input grad finish: 0
id: embedding_layer ,Total cycles spent on fwd pass comm: 0
id: embedding_layer ,Total cycles spent on weight grad comm: 0
id: embedding_layer ,Total cycles spent on input grad comm: 0
*******************
Layer id: attention_column
Total collectives issued for this layer: 1
*************************  Workload stats  ************************* attention_column
id: attention_column ,Total cycles spent on fwd pass compute: 1
id: attention_column ,Total cycles spent on weight grad compute: 1
id: attention_column ,Total cycles spent on input grad compute: 1
id: attention_column ,Total cycles spent idle waiting for fwd finish: 6023460
id: attention_column ,Total cycles spent idle waiting for weight grad finish: 0
id: attention_column ,Total cycles spent idle waiting for input grad finish: 0
id: attention_column ,Total cycles spent on fwd pass comm: 6023460
id: attention_column ,Total cycles spent on weight grad comm: 0
id: attention_column ,Total cycles spent on input grad comm: 0
*******************
Layer id: attention_row
Total collectives issued for this layer: 1
*************************  Workload stats  ************************* attention_row
id: attention_row ,Total cycles spent on fwd pass compute: 1
id: attention_row ,Total cycles spent on weight grad compute: 1
id: attention_row ,Total cycles spent on input grad compute: 1
id: attention_row ,Total cycles spent idle waiting for fwd finish: 6023460
id: attention_row ,Total cycles spent idle waiting for weight grad finish: 0
id: attention_row ,Total cycles spent idle waiting for input grad finish: 0
id: attention_row ,Total cycles spent on fwd pass comm: 6023460
id: attention_row ,Total cycles spent on weight grad comm: 0
id: attention_row ,Total cycles spent on input grad comm: 0
*******************
Layer id: mlp_moelayer
Total collectives issued for this layer: 2
*************************  Workload stats  ************************* mlp_moelayer
id: mlp_moelayer ,Total cycles spent on fwd pass compute: 1
id: mlp_moelayer ,Total cycles spent on weight grad compute: 1
id: mlp_moelayer ,Total cycles spent on input grad compute: 1
id: mlp_moelayer ,Total cycles spent idle waiting for fwd finish: 6000232
id: mlp_moelayer ,Total cycles spent idle waiting for weight grad finish: 0
id: mlp_moelayer ,Total cycles spent idle waiting for input grad finish: 6000232
id: mlp_moelayer ,Total cycles spent on fwd pass comm: 6000232
id: mlp_moelayer ,Total cycles spent on weight grad comm: 0
id: mlp_moelayer ,Total cycles spent on input grad comm: 6000232
*******************
Layer id: mlp_moelayer
Total collectives issued for this layer: 2
*************************  Workload stats  ************************* mlp_moelayer
id: mlp_moelayer ,Total cycles spent on fwd pass compute: 1
id: mlp_moelayer ,Total cycles spent on weight grad compute: 1
id: mlp_moelayer ,Total cycles spent on input grad compute: 1
id: mlp_moelayer ,Total cycles spent idle waiting for fwd finish: 6011810
id: mlp_moelayer ,Total cycles spent idle waiting for weight grad finish: 0
id: mlp_moelayer ,Total cycles spent idle waiting for input grad finish: 6011810
id: mlp_moelayer ,Total cycles spent on fwd pass comm: 6011810
id: mlp_moelayer ,Total cycles spent on weight grad comm: 0
id: mlp_moelayer ,Total cycles spent on input grad comm: 6011810
*******************
Layer id: mlp_moelayer
Total collectives issued for this layer: 2
*************************  Workload stats  ************************* mlp_moelayer
id: mlp_moelayer ,Total cycles spent on fwd pass compute: 1
id: mlp_moelayer ,Total cycles spent on weight grad compute: 1
id: mlp_moelayer ,Total cycles spent on input grad compute: 1
id: mlp_moelayer ,Total cycles spent idle waiting for fwd finish: 6046763
id: mlp_moelayer ,Total cycles spent idle waiting for weight grad finish: 0
id: mlp_moelayer ,Total cycles spent idle waiting for input grad finish: 6046763
id: mlp_moelayer ,Total cycles spent on fwd pass comm: 6046763
id: mlp_moelayer ,Total cycles spent on weight grad comm: 0
id: mlp_moelayer ,Total cycles spent on input grad comm: 6046763
*******************
Layer id: mlp_moelayer
Total collectives issued for this layer: 2
*************************  Workload stats  ************************* mlp_moelayer
id: mlp_moelayer ,Total cycles spent on fwd pass compute: 1
id: mlp_moelayer ,Total cycles spent on weight grad compute: 1
id: mlp_moelayer ,Total cycles spent on input grad compute: 1
id: mlp_moelayer ,Total cycles spent idle waiting for fwd finish: 6046762
id: mlp_moelayer ,Total cycles spent idle waiting for weight grad finish: 0
id: mlp_moelayer ,Total cycles spent idle waiting for input grad finish: 6093366
id: mlp_moelayer ,Total cycles spent on fwd pass comm: 6046762
id: mlp_moelayer ,Total cycles spent on weight grad comm: 0
id: mlp_moelayer ,Total cycles spent on input grad comm: 6093366
*******************
Layer id: mlp_moelayer
Total collectives issued for this layer: 2
*************************  Workload stats  ************************* mlp_moelayer
id: mlp_moelayer ,Total cycles spent on fwd pass compute: 1
id: mlp_moelayer ,Total cycles spent on weight grad compute: 1
id: mlp_moelayer ,Total cycles spent on input grad compute: 1
id: mlp_moelayer ,Total cycles spent idle waiting for fwd finish: 6046762
id: mlp_moelayer ,Total cycles spent idle waiting for weight grad finish: 0
id: mlp_moelayer ,Total cycles spent idle waiting for input grad finish: 6046762
id: mlp_moelayer ,Total cycles spent on fwd pass comm: 6046762
id: mlp_moelayer ,Total cycles spent on weight grad comm: 0
id: mlp_moelayer ,Total cycles spent on input grad comm: 6046762
*******************
Layer id: mlp_moelayer
Total collectives issued for this layer: 2
*************************  Workload stats  ************************* mlp_moelayer
id: mlp_moelayer ,Total cycles spent on fwd pass compute: 1
id: mlp_moelayer ,Total cycles spent on weight grad compute: 1
id: mlp_moelayer ,Total cycles spent on input grad compute: 1
id: mlp_moelayer ,Total cycles spent idle waiting for fwd finish: 6046763
id: mlp_moelayer ,Total cycles spent idle waiting for weight grad finish: 0
id: mlp_moelayer ,Total cycles spent idle waiting for input grad finish: 6046763
id: mlp_moelayer ,Total cycles spent on fwd pass comm: 6046763
id: mlp_moelayer ,Total cycles spent on weight grad comm: 0
id: mlp_moelayer ,Total cycles spent on input grad comm: 6046763
*******************
Layer id: mlp_moelayer
Total collectives issued for this layer: 2
*************************  Workload stats  ************************* mlp_moelayer
id: mlp_moelayer ,Total cycles spent on fwd pass compute: 1
id: mlp_moelayer ,Total cycles spent on weight grad compute: 1
id: mlp_moelayer ,Total cycles spent on input grad compute: 1
id: mlp_moelayer ,Total cycles spent idle waiting for fwd finish: 6011810
id: mlp_moelayer ,Total cycles spent idle waiting for weight grad finish: 0
id: mlp_moelayer ,Total cycles spent idle waiting for input grad finish: 6011810
id: mlp_moelayer ,Total cycles spent on fwd pass comm: 6011810
id: mlp_moelayer ,Total cycles spent on weight grad comm: 0
id: mlp_moelayer ,Total cycles spent on input grad comm: 6011810
*******************
Layer id: attention_column
Total collectives issued for this layer: 1
*************************  Workload stats  ************************* attention_column
id: attention_column ,Total cycles spent on fwd pass compute: 1
id: attention_column ,Total cycles spent on weight grad compute: 1
id: attention_column ,Total cycles spent on input grad compute: 1
id: attention_column ,Total cycles spent idle waiting for fwd finish: 6023460
id: attention_column ,Total cycles spent idle waiting for weight grad finish: 0
id: attention_column ,Total cycles spent idle waiting for input grad finish: 0
id: attention_column ,Total cycles spent on fwd pass comm: 6023460
id: attention_column ,Total cycles spent on weight grad comm: 0
id: attention_column ,Total cycles spent on input grad comm: 0
*******************
Layer id: attention_row
Total collectives issued for this layer: 1
*************************  Workload stats  ************************* attention_row
id: attention_row ,Total cycles spent on fwd pass compute: 1
id: attention_row ,Total cycles spent on weight grad compute: 1
id: attention_row ,Total cycles spent on input grad compute: 1
id: attention_row ,Total cycles spent idle waiting for fwd finish: 6023460
id: attention_row ,Total cycles spent idle waiting for weight grad finish: 0
id: attention_row ,Total cycles spent idle waiting for input grad finish: 0
id: attention_row ,Total cycles spent on fwd pass comm: 6023460
id: attention_row ,Total cycles spent on weight grad comm: 0
id: attention_row ,Total cycles spent on input grad comm: 0
*******************
Layer id: mlp_moelayer
Total collectives issued for this layer: 2
*************************  Workload stats  ************************* mlp_moelayer
id: mlp_moelayer ,Total cycles spent on fwd pass compute: 1
id: mlp_moelayer ,Total cycles spent on weight grad compute: 1
id: mlp_moelayer ,Total cycles spent on input grad compute: 1
id: mlp_moelayer ,Total cycles spent idle waiting for fwd finish: 6000232
id: mlp_moelayer ,Total cycles spent idle waiting for weight grad finish: 0
id: mlp_moelayer ,Total cycles spent idle waiting for input grad finish: 6000232
id: mlp_moelayer ,Total cycles spent on fwd pass comm: 6000232
id: mlp_moelayer ,Total cycles spent on weight grad comm: 0
id: mlp_moelayer ,Total cycles spent on input grad comm: 6000232
*******************
Layer id: mlp_moelayer
Total collectives issued for this layer: 2
*************************  Workload stats  ************************* mlp_moelayer
id: mlp_moelayer ,Total cycles spent on fwd pass compute: 1
id: mlp_moelayer ,Total cycles spent on weight grad compute: 1
id: mlp_moelayer ,Total cycles spent on input grad compute: 1
id: mlp_moelayer ,Total cycles spent idle waiting for fwd finish: 6011810
id: mlp_moelayer ,Total cycles spent idle waiting for weight grad finish: 0
id: mlp_moelayer ,Total cycles spent idle waiting for input grad finish: 6011810
id: mlp_moelayer ,Total cycles spent on fwd pass comm: 6011810
id: mlp_moelayer ,Total cycles spent on weight grad comm: 0
id: mlp_moelayer ,Total cycles spent on input grad comm: 6011810
*******************
Layer id: mlp_moelayer
Total collectives issued for this layer: 2
*************************  Workload stats  ************************* mlp_moelayer
id: mlp_moelayer ,Total cycles spent on fwd pass compute: 1
id: mlp_moelayer ,Total cycles spent on weight grad compute: 1
id: mlp_moelayer ,Total cycles spent on input grad compute: 1
id: mlp_moelayer ,Total cycles spent idle waiting for fwd finish: 6046763
id: mlp_moelayer ,Total cycles spent idle waiting for weight grad finish: 0
id: mlp_moelayer ,Total cycles spent idle waiting for input grad finish: 6046763
id: mlp_moelayer ,Total cycles spent on fwd pass comm: 6046763
id: mlp_moelayer ,Total cycles spent on weight grad comm: 0
id: mlp_moelayer ,Total cycles spent on input grad comm: 6046763
*******************
Layer id: mlp_moelayer
Total collectives issued for this layer: 2
*************************  Workload stats  ************************* mlp_moelayer
id: mlp_moelayer ,Total cycles spent on fwd pass compute: 1
id: mlp_moelayer ,Total cycles spent on weight grad compute: 1
id: mlp_moelayer ,Total cycles spent on input grad compute: 1
id: mlp_moelayer ,Total cycles spent idle waiting for fwd finish: 6046762
id: mlp_moelayer ,Total cycles spent idle waiting for weight grad finish: 0
id: mlp_moelayer ,Total cycles spent idle waiting for input grad finish: 6093366
id: mlp_moelayer ,Total cycles spent on fwd pass comm: 6046762
id: mlp_moelayer ,Total cycles spent on weight grad comm: 0
id: mlp_moelayer ,Total cycles spent on input grad comm: 6093366
*******************
Layer id: mlp_moelayer
Total collectives issued for this layer: 2
*************************  Workload stats  ************************* mlp_moelayer
id: mlp_moelayer ,Total cycles spent on fwd pass compute: 1
id: mlp_moelayer ,Total cycles spent on weight grad compute: 1
id: mlp_moelayer ,Total cycles spent on input grad compute: 1
id: mlp_moelayer ,Total cycles spent idle waiting for fwd finish: 6046762
id: mlp_moelayer ,Total cycles spent idle waiting for weight grad finish: 0
id: mlp_moelayer ,Total cycles spent idle waiting for input grad finish: 6046762
id: mlp_moelayer ,Total cycles spent on fwd pass comm: 6046762
id: mlp_moelayer ,Total cycles spent on weight grad comm: 0
id: mlp_moelayer ,Total cycles spent on input grad comm: 6046762
*******************
Layer id: mlp_moelayer
Total collectives issued for this layer: 2
*************************  Workload stats  ************************* mlp_moelayer
id: mlp_moelayer ,Total cycles spent on fwd pass compute: 1
id: mlp_moelayer ,Total cycles spent on weight grad compute: 1
id: mlp_moelayer ,Total cycles spent on input grad compute: 1
id: mlp_moelayer ,Total cycles spent idle waiting for fwd finish: 6046763
id: mlp_moelayer ,Total cycles spent idle waiting for weight grad finish: 0
id: mlp_moelayer ,Total cycles spent idle waiting for input grad finish: 6046763
id: mlp_moelayer ,Total cycles spent on fwd pass comm: 6046763
id: mlp_moelayer ,Total cycles spent on weight grad comm: 0
id: mlp_moelayer ,Total cycles spent on input grad comm: 6046763
*******************
Layer id: mlp_moelayer
Total collectives issued for this layer: 2
*************************  Workload stats  ************************* mlp_moelayer
id: mlp_moelayer ,Total cycles spent on fwd pass compute: 1
id: mlp_moelayer ,Total cycles spent on weight grad compute: 1
id: mlp_moelayer ,Total cycles spent on input grad compute: 1
id: mlp_moelayer ,Total cycles spent idle waiting for fwd finish: 6011810
id: mlp_moelayer ,Total cycles spent idle waiting for weight grad finish: 0
id: mlp_moelayer ,Total cycles spent idle waiting for input grad finish: 6011810
id: mlp_moelayer ,Total cycles spent on fwd pass comm: 6011810
id: mlp_moelayer ,Total cycles spent on weight grad comm: 0
id: mlp_moelayer ,Total cycles spent on input grad comm: 6011810
*******************
Layer id: attention_column
Total collectives issued for this layer: 1
*************************  Workload stats  ************************* attention_column
id: attention_column ,Total cycles spent on fwd pass compute: 1
id: attention_column ,Total cycles spent on weight grad compute: 1
id: attention_column ,Total cycles spent on input grad compute: 1
id: attention_column ,Total cycles spent idle waiting for fwd finish: 6023460
id: attention_column ,Total cycles spent idle waiting for weight grad finish: 0
id: attention_column ,Total cycles spent idle waiting for input grad finish: 0
id: attention_column ,Total cycles spent on fwd pass comm: 6023460
id: attention_column ,Total cycles spent on weight grad comm: 0
id: attention_column ,Total cycles spent on input grad comm: 0
*******************
Layer id: attention_row
Total collectives issued for this layer: 1
*************************  Workload stats  ************************* attention_row
id: attention_row ,Total cycles spent on fwd pass compute: 1
id: attention_row ,Total cycles spent on weight grad compute: 1
id: attention_row ,Total cycles spent on input grad compute: 1
id: attention_row ,Total cycles spent idle waiting for fwd finish: 6023460
id: attention_row ,Total cycles spent idle waiting for weight grad finish: 0
id: attention_row ,Total cycles spent idle waiting for input grad finish: 0
id: attention_row ,Total cycles spent on fwd pass comm: 6023460
id: attention_row ,Total cycles spent on weight grad comm: 0
id: attention_row ,Total cycles spent on input grad comm: 0
*******************
Layer id: mlp_moelayer
Total collectives issued for this layer: 2
*************************  Workload stats  ************************* mlp_moelayer
id: mlp_moelayer ,Total cycles spent on fwd pass compute: 1
id: mlp_moelayer ,Total cycles spent on weight grad compute: 1
id: mlp_moelayer ,Total cycles spent on input grad compute: 1
id: mlp_moelayer ,Total cycles spent idle waiting for fwd finish: 6000232
id: mlp_moelayer ,Total cycles spent idle waiting for weight grad finish: 0
id: mlp_moelayer ,Total cycles spent idle waiting for input grad finish: 6000232
id: mlp_moelayer ,Total cycles spent on fwd pass comm: 6000232
id: mlp_moelayer ,Total cycles spent on weight grad comm: 0
id: mlp_moelayer ,Total cycles spent on input grad comm: 6000232
*******************
Layer id: mlp_moelayer
Total collectives issued for this layer: 2
*************************  Workload stats  ************************* mlp_moelayer
id: mlp_moelayer ,Total cycles spent on fwd pass compute: 1
id: mlp_moelayer ,Total cycles spent on weight grad compute: 1
id: mlp_moelayer ,Total cycles spent on input grad compute: 1
id: mlp_moelayer ,Total cycles spent idle waiting for fwd finish: 6011810
id: mlp_moelayer ,Total cycles spent idle waiting for weight grad finish: 0
id: mlp_moelayer ,Total cycles spent idle waiting for input grad finish: 6011810
id: mlp_moelayer ,Total cycles spent on fwd pass comm: 6011810
id: mlp_moelayer ,Total cycles spent on weight grad comm: 0
id: mlp_moelayer ,Total cycles spent on input grad comm: 6011810
*******************
Layer id: mlp_moelayer
Total collectives issued for this layer: 2
*************************  Workload stats  ************************* mlp_moelayer
id: mlp_moelayer ,Total cycles spent on fwd pass compute: 1
id: mlp_moelayer ,Total cycles spent on weight grad compute: 1
id: mlp_moelayer ,Total cycles spent on input grad compute: 1
id: mlp_moelayer ,Total cycles spent idle waiting for fwd finish: 6046763
id: mlp_moelayer ,Total cycles spent idle waiting for weight grad finish: 0
id: mlp_moelayer ,Total cycles spent idle waiting for input grad finish: 6046763
id: mlp_moelayer ,Total cycles spent on fwd pass comm: 6046763
id: mlp_moelayer ,Total cycles spent on weight grad comm: 0
id: mlp_moelayer ,Total cycles spent on input grad comm: 6046763
*******************
Layer id: mlp_moelayer
Total collectives issued for this layer: 2
*************************  Workload stats  ************************* mlp_moelayer
id: mlp_moelayer ,Total cycles spent on fwd pass compute: 1
id: mlp_moelayer ,Total cycles spent on weight grad compute: 1
id: mlp_moelayer ,Total cycles spent on input grad compute: 1
id: mlp_moelayer ,Total cycles spent idle waiting for fwd finish: 6046762
id: mlp_moelayer ,Total cycles spent idle waiting for weight grad finish: 0
id: mlp_moelayer ,Total cycles spent idle waiting for input grad finish: 6093366
id: mlp_moelayer ,Total cycles spent on fwd pass comm: 6046762
id: mlp_moelayer ,Total cycles spent on weight grad comm: 0
id: mlp_moelayer ,Total cycles spent on input grad comm: 6093366
*******************
Layer id: mlp_moelayer
Total collectives issued for this layer: 2
*************************  Workload stats  ************************* mlp_moelayer
id: mlp_moelayer ,Total cycles spent on fwd pass compute: 1
id: mlp_moelayer ,Total cycles spent on weight grad compute: 1
id: mlp_moelayer ,Total cycles spent on input grad compute: 1
id: mlp_moelayer ,Total cycles spent idle waiting for fwd finish: 6046762
id: mlp_moelayer ,Total cycles spent idle waiting for weight grad finish: 0
id: mlp_moelayer ,Total cycles spent idle waiting for input grad finish: 6046762
id: mlp_moelayer ,Total cycles spent on fwd pass comm: 6046762
id: mlp_moelayer ,Total cycles spent on weight grad comm: 0
id: mlp_moelayer ,Total cycles spent on input grad comm: 6046762
*******************
Layer id: mlp_moelayer
Total collectives issued for this layer: 2
*************************  Workload stats  ************************* mlp_moelayer
id: mlp_moelayer ,Total cycles spent on fwd pass compute: 1
id: mlp_moelayer ,Total cycles spent on weight grad compute: 1
id: mlp_moelayer ,Total cycles spent on input grad compute: 1
id: mlp_moelayer ,Total cycles spent idle waiting for fwd finish: 6046763
id: mlp_moelayer ,Total cycles spent idle waiting for weight grad finish: 0
id: mlp_moelayer ,Total cycles spent idle waiting for input grad finish: 6046763
id: mlp_moelayer ,Total cycles spent on fwd pass comm: 6046763
id: mlp_moelayer ,Total cycles spent on weight grad comm: 0
id: mlp_moelayer ,Total cycles spent on input grad comm: 6046763
*******************
Layer id: mlp_moelayer
Total collectives issued for this layer: 2
*************************  Workload stats  ************************* mlp_moelayer
id: mlp_moelayer ,Total cycles spent on fwd pass compute: 1
id: mlp_moelayer ,Total cycles spent on weight grad compute: 1
id: mlp_moelayer ,Total cycles spent on input grad compute: 1
id: mlp_moelayer ,Total cycles spent idle waiting for fwd finish: 6011810
id: mlp_moelayer ,Total cycles spent idle waiting for weight grad finish: 0
id: mlp_moelayer ,Total cycles spent idle waiting for input grad finish: 6011810
id: mlp_moelayer ,Total cycles spent on fwd pass comm: 6011810
id: mlp_moelayer ,Total cycles spent on weight grad comm: 0
id: mlp_moelayer ,Total cycles spent on input grad comm: 6011810
*******************
Layer id: attention_column
Total collectives issued for this layer: 1
*************************  Workload stats  ************************* attention_column
id: attention_column ,Total cycles spent on fwd pass compute: 1
id: attention_column ,Total cycles spent on weight grad compute: 1
id: attention_column ,Total cycles spent on input grad compute: 1
id: attention_column ,Total cycles spent idle waiting for fwd finish: 6023460
id: attention_column ,Total cycles spent idle waiting for weight grad finish: 0
id: attention_column ,Total cycles spent idle waiting for input grad finish: 0
id: attention_column ,Total cycles spent on fwd pass comm: 6023460
id: attention_column ,Total cycles spent on weight grad comm: 0
id: attention_column ,Total cycles spent on input grad comm: 0
*******************
Layer id: attention_row
Total collectives issued for this layer: 1
*************************  Workload stats  ************************* attention_row
id: attention_row ,Total cycles spent on fwd pass compute: 1
id: attention_row ,Total cycles spent on weight grad compute: 1
id: attention_row ,Total cycles spent on input grad compute: 1
id: attention_row ,Total cycles spent idle waiting for fwd finish: 6023460
id: attention_row ,Total cycles spent idle waiting for weight grad finish: 0
id: attention_row ,Total cycles spent idle waiting for input grad finish: 0
id: attention_row ,Total cycles spent on fwd pass comm: 6023460
id: attention_row ,Total cycles spent on weight grad comm: 0
id: attention_row ,Total cycles spent on input grad comm: 0
*******************
Layer id: mlp_moelayer
Total collectives issued for this layer: 2
*************************  Workload stats  ************************* mlp_moelayer
id: mlp_moelayer ,Total cycles spent on fwd pass compute: 1
id: mlp_moelayer ,Total cycles spent on weight grad compute: 1
id: mlp_moelayer ,Total cycles spent on input grad compute: 1
id: mlp_moelayer ,Total cycles spent idle waiting for fwd finish: 6000232
id: mlp_moelayer ,Total cycles spent idle waiting for weight grad finish: 0
id: mlp_moelayer ,Total cycles spent idle waiting for input grad finish: 6000232
id: mlp_moelayer ,Total cycles spent on fwd pass comm: 6000232
id: mlp_moelayer ,Total cycles spent on weight grad comm: 0
id: mlp_moelayer ,Total cycles spent on input grad comm: 6000232
*******************
Layer id: mlp_moelayer
Total collectives issued for this layer: 2
*************************  Workload stats  ************************* mlp_moelayer
id: mlp_moelayer ,Total cycles spent on fwd pass compute: 1
id: mlp_moelayer ,Total cycles spent on weight grad compute: 1
id: mlp_moelayer ,Total cycles spent on input grad compute: 1
id: mlp_moelayer ,Total cycles spent idle waiting for fwd finish: 6011810
id: mlp_moelayer ,Total cycles spent idle waiting for weight grad finish: 0
id: mlp_moelayer ,Total cycles spent idle waiting for input grad finish: 6011810
id: mlp_moelayer ,Total cycles spent on fwd pass comm: 6011810
id: mlp_moelayer ,Total cycles spent on weight grad comm: 0
id: mlp_moelayer ,Total cycles spent on input grad comm: 6011810
*******************
Layer id: mlp_moelayer
Total collectives issued for this layer: 2
*************************  Workload stats  ************************* mlp_moelayer
id: mlp_moelayer ,Total cycles spent on fwd pass compute: 1
id: mlp_moelayer ,Total cycles spent on weight grad compute: 1
id: mlp_moelayer ,Total cycles spent on input grad compute: 1
id: mlp_moelayer ,Total cycles spent idle waiting for fwd finish: 6046763
id: mlp_moelayer ,Total cycles spent idle waiting for weight grad finish: 0
id: mlp_moelayer ,Total cycles spent idle waiting for input grad finish: 6046763
id: mlp_moelayer ,Total cycles spent on fwd pass comm: 6046763
id: mlp_moelayer ,Total cycles spent on weight grad comm: 0
id: mlp_moelayer ,Total cycles spent on input grad comm: 6046763
*******************
Layer id: mlp_moelayer
Total collectives issued for this layer: 2
*************************  Workload stats  ************************* mlp_moelayer
id: mlp_moelayer ,Total cycles spent on fwd pass compute: 1
id: mlp_moelayer ,Total cycles spent on weight grad compute: 1
id: mlp_moelayer ,Total cycles spent on input grad compute: 1
id: mlp_moelayer ,Total cycles spent idle waiting for fwd finish: 6046762
id: mlp_moelayer ,Total cycles spent idle waiting for weight grad finish: 0
id: mlp_moelayer ,Total cycles spent idle waiting for input grad finish: 6093366
id: mlp_moelayer ,Total cycles spent on fwd pass comm: 6046762
id: mlp_moelayer ,Total cycles spent on weight grad comm: 0
id: mlp_moelayer ,Total cycles spent on input grad comm: 6093366
*******************
Layer id: mlp_moelayer
Total collectives issued for this layer: 2
*************************  Workload stats  ************************* mlp_moelayer
id: mlp_moelayer ,Total cycles spent on fwd pass compute: 1
id: mlp_moelayer ,Total cycles spent on weight grad compute: 1
id: mlp_moelayer ,Total cycles spent on input grad compute: 1
id: mlp_moelayer ,Total cycles spent idle waiting for fwd finish: 6046762
id: mlp_moelayer ,Total cycles spent idle waiting for weight grad finish: 0
id: mlp_moelayer ,Total cycles spent idle waiting for input grad finish: 6046762
id: mlp_moelayer ,Total cycles spent on fwd pass comm: 6046762
id: mlp_moelayer ,Total cycles spent on weight grad comm: 0
id: mlp_moelayer ,Total cycles spent on input grad comm: 6046762
*******************
Layer id: mlp_moelayer
Total collectives issued for this layer: 2
*************************  Workload stats  ************************* mlp_moelayer
id: mlp_moelayer ,Total cycles spent on fwd pass compute: 1
id: mlp_moelayer ,Total cycles spent on weight grad compute: 1
id: mlp_moelayer ,Total cycles spent on input grad compute: 1
id: mlp_moelayer ,Total cycles spent idle waiting for fwd finish: 6046763
id: mlp_moelayer ,Total cycles spent idle waiting for weight grad finish: 0
id: mlp_moelayer ,Total cycles spent idle waiting for input grad finish: 6046763
id: mlp_moelayer ,Total cycles spent on fwd pass comm: 6046763
id: mlp_moelayer ,Total cycles spent on weight grad comm: 0
id: mlp_moelayer ,Total cycles spent on input grad comm: 6046763
*******************
Layer id: mlp_moelayer
Total collectives issued for this layer: 2
*************************  Workload stats  ************************* mlp_moelayer
id: mlp_moelayer ,Total cycles spent on fwd pass compute: 1
id: mlp_moelayer ,Total cycles spent on weight grad compute: 1
id: mlp_moelayer ,Total cycles spent on input grad compute: 1
id: mlp_moelayer ,Total cycles spent idle waiting for fwd finish: 6011810
id: mlp_moelayer ,Total cycles spent idle waiting for weight grad finish: 0
id: mlp_moelayer ,Total cycles spent idle waiting for input grad finish: 6011810
id: mlp_moelayer ,Total cycles spent on fwd pass comm: 6011810
id: mlp_moelayer ,Total cycles spent on weight grad comm: 0
id: mlp_moelayer ,Total cycles spent on input grad comm: 6011810
*******************
Layer id: attention_column
Total collectives issued for this layer: 1
*************************  Workload stats  ************************* attention_column
id: attention_column ,Total cycles spent on fwd pass compute: 1
id: attention_column ,Total cycles spent on weight grad compute: 1
id: attention_column ,Total cycles spent on input grad compute: 1
id: attention_column ,Total cycles spent idle waiting for fwd finish: 6023460
id: attention_column ,Total cycles spent idle waiting for weight grad finish: 0
id: attention_column ,Total cycles spent idle waiting for input grad finish: 0
id: attention_column ,Total cycles spent on fwd pass comm: 6023460
id: attention_column ,Total cycles spent on weight grad comm: 0
id: attention_column ,Total cycles spent on input grad comm: 0
*******************
Layer id: attention_row
Total collectives issued for this layer: 1
*************************  Workload stats  ************************* attention_row
id: attention_row ,Total cycles spent on fwd pass compute: 1
id: attention_row ,Total cycles spent on weight grad compute: 1
id: attention_row ,Total cycles spent on input grad compute: 1
id: attention_row ,Total cycles spent idle waiting for fwd finish: 6023460
id: attention_row ,Total cycles spent idle waiting for weight grad finish: 0
id: attention_row ,Total cycles spent idle waiting for input grad finish: 0
id: attention_row ,Total cycles spent on fwd pass comm: 6023460
id: attention_row ,Total cycles spent on weight grad comm: 0
id: attention_row ,Total cycles spent on input grad comm: 0
*******************
Layer id: mlp_moelayer
Total collectives issued for this layer: 2
*************************  Workload stats  ************************* mlp_moelayer
id: mlp_moelayer ,Total cycles spent on fwd pass compute: 1
id: mlp_moelayer ,Total cycles spent on weight grad compute: 1
id: mlp_moelayer ,Total cycles spent on input grad compute: 1
id: mlp_moelayer ,Total cycles spent idle waiting for fwd finish: 6000232
id: mlp_moelayer ,Total cycles spent idle waiting for weight grad finish: 0
id: mlp_moelayer ,Total cycles spent idle waiting for input grad finish: 6000232
id: mlp_moelayer ,Total cycles spent on fwd pass comm: 6000232
id: mlp_moelayer ,Total cycles spent on weight grad comm: 0
id: mlp_moelayer ,Total cycles spent on input grad comm: 6000232
*******************
Layer id: mlp_moelayer
Total collectives issued for this layer: 2
*************************  Workload stats  ************************* mlp_moelayer
id: mlp_moelayer ,Total cycles spent on fwd pass compute: 1
id: mlp_moelayer ,Total cycles spent on weight grad compute: 1
id: mlp_moelayer ,Total cycles spent on input grad compute: 1
id: mlp_moelayer ,Total cycles spent idle waiting for fwd finish: 6011810
id: mlp_moelayer ,Total cycles spent idle waiting for weight grad finish: 0
id: mlp_moelayer ,Total cycles spent idle waiting for input grad finish: 6011810
id: mlp_moelayer ,Total cycles spent on fwd pass comm: 6011810
id: mlp_moelayer ,Total cycles spent on weight grad comm: 0
id: mlp_moelayer ,Total cycles spent on input grad comm: 6011810
*******************
Layer id: mlp_moelayer
Total collectives issued for this layer: 2
*************************  Workload stats  ************************* mlp_moelayer
id: mlp_moelayer ,Total cycles spent on fwd pass compute: 1
id: mlp_moelayer ,Total cycles spent on weight grad compute: 1
id: mlp_moelayer ,Total cycles spent on input grad compute: 1
id: mlp_moelayer ,Total cycles spent idle waiting for fwd finish: 6046763
id: mlp_moelayer ,Total cycles spent idle waiting for weight grad finish: 0
id: mlp_moelayer ,Total cycles spent idle waiting for input grad finish: 6046763
id: mlp_moelayer ,Total cycles spent on fwd pass comm: 6046763
id: mlp_moelayer ,Total cycles spent on weight grad comm: 0
id: mlp_moelayer ,Total cycles spent on input grad comm: 6046763
*******************
Layer id: mlp_moelayer
Total collectives issued for this layer: 2
*************************  Workload stats  ************************* mlp_moelayer
id: mlp_moelayer ,Total cycles spent on fwd pass compute: 1
id: mlp_moelayer ,Total cycles spent on weight grad compute: 1
id: mlp_moelayer ,Total cycles spent on input grad compute: 1
id: mlp_moelayer ,Total cycles spent idle waiting for fwd finish: 6046762
id: mlp_moelayer ,Total cycles spent idle waiting for weight grad finish: 0
id: mlp_moelayer ,Total cycles spent idle waiting for input grad finish: 6093366
id: mlp_moelayer ,Total cycles spent on fwd pass comm: 6046762
id: mlp_moelayer ,Total cycles spent on weight grad comm: 0
id: mlp_moelayer ,Total cycles spent on input grad comm: 6093366
*******************
Layer id: mlp_moelayer
Total collectives issued for this layer: 2
*************************  Workload stats  ************************* mlp_moelayer
id: mlp_moelayer ,Total cycles spent on fwd pass compute: 1
id: mlp_moelayer ,Total cycles spent on weight grad compute: 1
id: mlp_moelayer ,Total cycles spent on input grad compute: 1
id: mlp_moelayer ,Total cycles spent idle waiting for fwd finish: 6046762
id: mlp_moelayer ,Total cycles spent idle waiting for weight grad finish: 0
id: mlp_moelayer ,Total cycles spent idle waiting for input grad finish: 6046762
id: mlp_moelayer ,Total cycles spent on fwd pass comm: 6046762
id: mlp_moelayer ,Total cycles spent on weight grad comm: 0
id: mlp_moelayer ,Total cycles spent on input grad comm: 6046762
*******************
Layer id: mlp_moelayer
Total collectives issued for this layer: 2
*************************  Workload stats  ************************* mlp_moelayer
id: mlp_moelayer ,Total cycles spent on fwd pass compute: 1
id: mlp_moelayer ,Total cycles spent on weight grad compute: 1
id: mlp_moelayer ,Total cycles spent on input grad compute: 1
id: mlp_moelayer ,Total cycles spent idle waiting for fwd finish: 6046763
id: mlp_moelayer ,Total cycles spent idle waiting for weight grad finish: 0
id: mlp_moelayer ,Total cycles spent idle waiting for input grad finish: 6046763
id: mlp_moelayer ,Total cycles spent on fwd pass comm: 6046763
id: mlp_moelayer ,Total cycles spent on weight grad comm: 0
id: mlp_moelayer ,Total cycles spent on input grad comm: 6046763
*******************
Layer id: mlp_moelayer
Total collectives issued for this layer: 2
*************************  Workload stats  ************************* mlp_moelayer
id: mlp_moelayer ,Total cycles spent on fwd pass compute: 1
id: mlp_moelayer ,Total cycles spent on weight grad compute: 1
id: mlp_moelayer ,Total cycles spent on input grad compute: 1
id: mlp_moelayer ,Total cycles spent idle waiting for fwd finish: 6011810
id: mlp_moelayer ,Total cycles spent idle waiting for weight grad finish: 0
id: mlp_moelayer ,Total cycles spent idle waiting for input grad finish: 6011810
id: mlp_moelayer ,Total cycles spent on fwd pass comm: 6011810
id: mlp_moelayer ,Total cycles spent on weight grad comm: 0
id: mlp_moelayer ,Total cycles spent on input grad comm: 6011810
*******************
Layer id: attention_column
Total collectives issued for this layer: 1
*************************  Workload stats  ************************* attention_column
id: attention_column ,Total cycles spent on fwd pass compute: 1
id: attention_column ,Total cycles spent on weight grad compute: 1
id: attention_column ,Total cycles spent on input grad compute: 1
id: attention_column ,Total cycles spent idle waiting for fwd finish: 6023460
id: attention_column ,Total cycles spent idle waiting for weight grad finish: 0
id: attention_column ,Total cycles spent idle waiting for input grad finish: 0
id: attention_column ,Total cycles spent on fwd pass comm: 6023460
id: attention_column ,Total cycles spent on weight grad comm: 0
id: attention_column ,Total cycles spent on input grad comm: 0
*******************
Layer id: attention_row
Total collectives issued for this layer: 1
*************************  Workload stats  ************************* attention_row
id: attention_row ,Total cycles spent on fwd pass compute: 1
id: attention_row ,Total cycles spent on weight grad compute: 1
id: attention_row ,Total cycles spent on input grad compute: 1
id: attention_row ,Total cycles spent idle waiting for fwd finish: 6023460
id: attention_row ,Total cycles spent idle waiting for weight grad finish: 0
id: attention_row ,Total cycles spent idle waiting for input grad finish: 0
id: attention_row ,Total cycles spent on fwd pass comm: 6023460
id: attention_row ,Total cycles spent on weight grad comm: 0
id: attention_row ,Total cycles spent on input grad comm: 0
*******************
Layer id: mlp_moelayer
Total collectives issued for this layer: 2
*************************  Workload stats  ************************* mlp_moelayer
id: mlp_moelayer ,Total cycles spent on fwd pass compute: 1
id: mlp_moelayer ,Total cycles spent on weight grad compute: 1
id: mlp_moelayer ,Total cycles spent on input grad compute: 1
id: mlp_moelayer ,Total cycles spent idle waiting for fwd finish: 6000232
id: mlp_moelayer ,Total cycles spent idle waiting for weight grad finish: 0
id: mlp_moelayer ,Total cycles spent idle waiting for input grad finish: 6000232
id: mlp_moelayer ,Total cycles spent on fwd pass comm: 6000232
id: mlp_moelayer ,Total cycles spent on weight grad comm: 0
id: mlp_moelayer ,Total cycles spent on input grad comm: 6000232
*******************
Layer id: mlp_moelayer
Total collectives issued for this layer: 2
*************************  Workload stats  ************************* mlp_moelayer
id: mlp_moelayer ,Total cycles spent on fwd pass compute: 1
id: mlp_moelayer ,Total cycles spent on weight grad compute: 1
id: mlp_moelayer ,Total cycles spent on input grad compute: 1
id: mlp_moelayer ,Total cycles spent idle waiting for fwd finish: 6011810
id: mlp_moelayer ,Total cycles spent idle waiting for weight grad finish: 0
id: mlp_moelayer ,Total cycles spent idle waiting for input grad finish: 6011810
id: mlp_moelayer ,Total cycles spent on fwd pass comm: 6011810
id: mlp_moelayer ,Total cycles spent on weight grad comm: 0
id: mlp_moelayer ,Total cycles spent on input grad comm: 6011810
*******************
Layer id: mlp_moelayer
Total collectives issued for this layer: 2
*************************  Workload stats  ************************* mlp_moelayer
id: mlp_moelayer ,Total cycles spent on fwd pass compute: 1
id: mlp_moelayer ,Total cycles spent on weight grad compute: 1
id: mlp_moelayer ,Total cycles spent on input grad compute: 1
id: mlp_moelayer ,Total cycles spent idle waiting for fwd finish: 6046763
id: mlp_moelayer ,Total cycles spent idle waiting for weight grad finish: 0
id: mlp_moelayer ,Total cycles spent idle waiting for input grad finish: 6046763
id: mlp_moelayer ,Total cycles spent on fwd pass comm: 6046763
id: mlp_moelayer ,Total cycles spent on weight grad comm: 0
id: mlp_moelayer ,Total cycles spent on input grad comm: 6046763
*******************
Layer id: mlp_moelayer
Total collectives issued for this layer: 2
*************************  Workload stats  ************************* mlp_moelayer
id: mlp_moelayer ,Total cycles spent on fwd pass compute: 1
id: mlp_moelayer ,Total cycles spent on weight grad compute: 1
id: mlp_moelayer ,Total cycles spent on input grad compute: 1
id: mlp_moelayer ,Total cycles spent idle waiting for fwd finish: 6046762
id: mlp_moelayer ,Total cycles spent idle waiting for weight grad finish: 0
id: mlp_moelayer ,Total cycles spent idle waiting for input grad finish: 6093366
id: mlp_moelayer ,Total cycles spent on fwd pass comm: 6046762
id: mlp_moelayer ,Total cycles spent on weight grad comm: 0
id: mlp_moelayer ,Total cycles spent on input grad comm: 6093366
*******************
Layer id: mlp_moelayer
Total collectives issued for this layer: 2
*************************  Workload stats  ************************* mlp_moelayer
id: mlp_moelayer ,Total cycles spent on fwd pass compute: 1
id: mlp_moelayer ,Total cycles spent on weight grad compute: 1
id: mlp_moelayer ,Total cycles spent on input grad compute: 1
id: mlp_moelayer ,Total cycles spent idle waiting for fwd finish: 6046762
id: mlp_moelayer ,Total cycles spent idle waiting for weight grad finish: 0
id: mlp_moelayer ,Total cycles spent idle waiting for input grad finish: 6046762
id: mlp_moelayer ,Total cycles spent on fwd pass comm: 6046762
id: mlp_moelayer ,Total cycles spent on weight grad comm: 0
id: mlp_moelayer ,Total cycles spent on input grad comm: 6046762
*******************
Layer id: mlp_moelayer
Total collectives issued for this layer: 2
*************************  Workload stats  ************************* mlp_moelayer
id: mlp_moelayer ,Total cycles spent on fwd pass compute: 1
id: mlp_moelayer ,Total cycles spent on weight grad compute: 1
id: mlp_moelayer ,Total cycles spent on input grad compute: 1
id: mlp_moelayer ,Total cycles spent idle waiting for fwd finish: 6046763
id: mlp_moelayer ,Total cycles spent idle waiting for weight grad finish: 0
id: mlp_moelayer ,Total cycles spent idle waiting for input grad finish: 6046763
id: mlp_moelayer ,Total cycles spent on fwd pass comm: 6046763
id: mlp_moelayer ,Total cycles spent on weight grad comm: 0
id: mlp_moelayer ,Total cycles spent on input grad comm: 6046763
*******************
Layer id: mlp_moelayer
Total collectives issued for this layer: 2
*************************  Workload stats  ************************* mlp_moelayer
id: mlp_moelayer ,Total cycles spent on fwd pass compute: 1
id: mlp_moelayer ,Total cycles spent on weight grad compute: 1
id: mlp_moelayer ,Total cycles spent on input grad compute: 1
id: mlp_moelayer ,Total cycles spent idle waiting for fwd finish: 6011810
id: mlp_moelayer ,Total cycles spent idle waiting for weight grad finish: 0
id: mlp_moelayer ,Total cycles spent idle waiting for input grad finish: 6011810
id: mlp_moelayer ,Total cycles spent on fwd pass comm: 6011810
id: mlp_moelayer ,Total cycles spent on weight grad comm: 0
id: mlp_moelayer ,Total cycles spent on input grad comm: 6011810
*******************
Layer id: attention_column
Total collectives issued for this layer: 1
*************************  Workload stats  ************************* attention_column
id: attention_column ,Total cycles spent on fwd pass compute: 1
id: attention_column ,Total cycles spent on weight grad compute: 1
id: attention_column ,Total cycles spent on input grad compute: 1
id: attention_column ,Total cycles spent idle waiting for fwd finish: 6023460
id: attention_column ,Total cycles spent idle waiting for weight grad finish: 0
id: attention_column ,Total cycles spent idle waiting for input grad finish: 0
id: attention_column ,Total cycles spent on fwd pass comm: 6023460
id: attention_column ,Total cycles spent on weight grad comm: 0
id: attention_column ,Total cycles spent on input grad comm: 0
*******************
Layer id: attention_row
Total collectives issued for this layer: 1
*************************  Workload stats  ************************* attention_row
id: attention_row ,Total cycles spent on fwd pass compute: 1
id: attention_row ,Total cycles spent on weight grad compute: 1
id: attention_row ,Total cycles spent on input grad compute: 1
id: attention_row ,Total cycles spent idle waiting for fwd finish: 6023460
id: attention_row ,Total cycles spent idle waiting for weight grad finish: 0
id: attention_row ,Total cycles spent idle waiting for input grad finish: 0
id: attention_row ,Total cycles spent on fwd pass comm: 6023460
id: attention_row ,Total cycles spent on weight grad comm: 0
id: attention_row ,Total cycles spent on input grad comm: 0
*******************
Layer id: mlp_moelayer
Total collectives issued for this layer: 2
*************************  Workload stats  ************************* mlp_moelayer
id: mlp_moelayer ,Total cycles spent on fwd pass compute: 1
id: mlp_moelayer ,Total cycles spent on weight grad compute: 1
id: mlp_moelayer ,Total cycles spent on input grad compute: 1
id: mlp_moelayer ,Total cycles spent idle waiting for fwd finish: 6000232
id: mlp_moelayer ,Total cycles spent idle waiting for weight grad finish: 0
id: mlp_moelayer ,Total cycles spent idle waiting for input grad finish: 6000232
id: mlp_moelayer ,Total cycles spent on fwd pass comm: 6000232
id: mlp_moelayer ,Total cycles spent on weight grad comm: 0
id: mlp_moelayer ,Total cycles spent on input grad comm: 6000232
*******************
Layer id: mlp_moelayer
Total collectives issued for this layer: 2
*************************  Workload stats  ************************* mlp_moelayer
id: mlp_moelayer ,Total cycles spent on fwd pass compute: 1
id: mlp_moelayer ,Total cycles spent on weight grad compute: 1
id: mlp_moelayer ,Total cycles spent on input grad compute: 1
id: mlp_moelayer ,Total cycles spent idle waiting for fwd finish: 6011810
id: mlp_moelayer ,Total cycles spent idle waiting for weight grad finish: 0
id: mlp_moelayer ,Total cycles spent idle waiting for input grad finish: 6011810
id: mlp_moelayer ,Total cycles spent on fwd pass comm: 6011810
id: mlp_moelayer ,Total cycles spent on weight grad comm: 0
id: mlp_moelayer ,Total cycles spent on input grad comm: 6011810
*******************
Layer id: mlp_moelayer
Total collectives issued for this layer: 2
*************************  Workload stats  ************************* mlp_moelayer
id: mlp_moelayer ,Total cycles spent on fwd pass compute: 1
id: mlp_moelayer ,Total cycles spent on weight grad compute: 1
id: mlp_moelayer ,Total cycles spent on input grad compute: 1
id: mlp_moelayer ,Total cycles spent idle waiting for fwd finish: 6046763
id: mlp_moelayer ,Total cycles spent idle waiting for weight grad finish: 0
id: mlp_moelayer ,Total cycles spent idle waiting for input grad finish: 6046763
id: mlp_moelayer ,Total cycles spent on fwd pass comm: 6046763
id: mlp_moelayer ,Total cycles spent on weight grad comm: 0
id: mlp_moelayer ,Total cycles spent on input grad comm: 6046763
*******************
Layer id: mlp_moelayer
Total collectives issued for this layer: 2
*************************  Workload stats  ************************* mlp_moelayer
id: mlp_moelayer ,Total cycles spent on fwd pass compute: 1
id: mlp_moelayer ,Total cycles spent on weight grad compute: 1
id: mlp_moelayer ,Total cycles spent on input grad compute: 1
id: mlp_moelayer ,Total cycles spent idle waiting for fwd finish: 6046762
id: mlp_moelayer ,Total cycles spent idle waiting for weight grad finish: 0
id: mlp_moelayer ,Total cycles spent idle waiting for input grad finish: 6093366
id: mlp_moelayer ,Total cycles spent on fwd pass comm: 6046762
id: mlp_moelayer ,Total cycles spent on weight grad comm: 0
id: mlp_moelayer ,Total cycles spent on input grad comm: 6093366
*******************
Layer id: mlp_moelayer
Total collectives issued for this layer: 2
*************************  Workload stats  ************************* mlp_moelayer
id: mlp_moelayer ,Total cycles spent on fwd pass compute: 1
id: mlp_moelayer ,Total cycles spent on weight grad compute: 1
id: mlp_moelayer ,Total cycles spent on input grad compute: 1
id: mlp_moelayer ,Total cycles spent idle waiting for fwd finish: 6046762
id: mlp_moelayer ,Total cycles spent idle waiting for weight grad finish: 0
id: mlp_moelayer ,Total cycles spent idle waiting for input grad finish: 6046762
id: mlp_moelayer ,Total cycles spent on fwd pass comm: 6046762
id: mlp_moelayer ,Total cycles spent on weight grad comm: 0
id: mlp_moelayer ,Total cycles spent on input grad comm: 6046762
*******************
Layer id: mlp_moelayer
Total collectives issued for this layer: 2
*************************  Workload stats  ************************* mlp_moelayer
id: mlp_moelayer ,Total cycles spent on fwd pass compute: 1
id: mlp_moelayer ,Total cycles spent on weight grad compute: 1
id: mlp_moelayer ,Total cycles spent on input grad compute: 1
id: mlp_moelayer ,Total cycles spent idle waiting for fwd finish: 6046763
id: mlp_moelayer ,Total cycles spent idle waiting for weight grad finish: 0
id: mlp_moelayer ,Total cycles spent idle waiting for input grad finish: 6046763
id: mlp_moelayer ,Total cycles spent on fwd pass comm: 6046763
id: mlp_moelayer ,Total cycles spent on weight grad comm: 0
id: mlp_moelayer ,Total cycles spent on input grad comm: 6046763
*******************
Layer id: mlp_moelayer
Total collectives issued for this layer: 2
*************************  Workload stats  ************************* mlp_moelayer
id: mlp_moelayer ,Total cycles spent on fwd pass compute: 1
id: mlp_moelayer ,Total cycles spent on weight grad compute: 1
id: mlp_moelayer ,Total cycles spent on input grad compute: 1
id: mlp_moelayer ,Total cycles spent idle waiting for fwd finish: 6011810
id: mlp_moelayer ,Total cycles spent idle waiting for weight grad finish: 0
id: mlp_moelayer ,Total cycles spent idle waiting for input grad finish: 6011810
id: mlp_moelayer ,Total cycles spent on fwd pass comm: 6011810
id: mlp_moelayer ,Total cycles spent on weight grad comm: 0
id: mlp_moelayer ,Total cycles spent on input grad comm: 6011810
*******************
Layer id: attention_column
Total collectives issued for this layer: 1
*************************  Workload stats  ************************* attention_column
id: attention_column ,Total cycles spent on fwd pass compute: 1
id: attention_column ,Total cycles spent on weight grad compute: 1
id: attention_column ,Total cycles spent on input grad compute: 1
id: attention_column ,Total cycles spent idle waiting for fwd finish: 6023460
id: attention_column ,Total cycles spent idle waiting for weight grad finish: 0
id: attention_column ,Total cycles spent idle waiting for input grad finish: 0
id: attention_column ,Total cycles spent on fwd pass comm: 6023460
id: attention_column ,Total cycles spent on weight grad comm: 0
id: attention_column ,Total cycles spent on input grad comm: 0
*******************
Layer id: attention_row
Total collectives issued for this layer: 1
*************************  Workload stats  ************************* attention_row
id: attention_row ,Total cycles spent on fwd pass compute: 1
id: attention_row ,Total cycles spent on weight grad compute: 1
id: attention_row ,Total cycles spent on input grad compute: 1
id: attention_row ,Total cycles spent idle waiting for fwd finish: 6023460
id: attention_row ,Total cycles spent idle waiting for weight grad finish: 0
id: attention_row ,Total cycles spent idle waiting for input grad finish: 0
id: attention_row ,Total cycles spent on fwd pass comm: 6023460
id: attention_row ,Total cycles spent on weight grad comm: 0
id: attention_row ,Total cycles spent on input grad comm: 0
*******************
Layer id: mlp_moelayer
Total collectives issued for this layer: 2
*************************  Workload stats  ************************* mlp_moelayer
id: mlp_moelayer ,Total cycles spent on fwd pass compute: 1
id: mlp_moelayer ,Total cycles spent on weight grad compute: 1
id: mlp_moelayer ,Total cycles spent on input grad compute: 1
id: mlp_moelayer ,Total cycles spent idle waiting for fwd finish: 6000232
id: mlp_moelayer ,Total cycles spent idle waiting for weight grad finish: 0
id: mlp_moelayer ,Total cycles spent idle waiting for input grad finish: 6000232
id: mlp_moelayer ,Total cycles spent on fwd pass comm: 6000232
id: mlp_moelayer ,Total cycles spent on weight grad comm: 0
id: mlp_moelayer ,Total cycles spent on input grad comm: 6000232
*******************
Layer id: mlp_moelayer
Total collectives issued for this layer: 2
*************************  Workload stats  ************************* mlp_moelayer
id: mlp_moelayer ,Total cycles spent on fwd pass compute: 1
id: mlp_moelayer ,Total cycles spent on weight grad compute: 1
id: mlp_moelayer ,Total cycles spent on input grad compute: 1
id: mlp_moelayer ,Total cycles spent idle waiting for fwd finish: 6011810
id: mlp_moelayer ,Total cycles spent idle waiting for weight grad finish: 0
id: mlp_moelayer ,Total cycles spent idle waiting for input grad finish: 6011810
id: mlp_moelayer ,Total cycles spent on fwd pass comm: 6011810
id: mlp_moelayer ,Total cycles spent on weight grad comm: 0
id: mlp_moelayer ,Total cycles spent on input grad comm: 6011810
*******************
Layer id: mlp_moelayer
Total collectives issued for this layer: 2
*************************  Workload stats  ************************* mlp_moelayer
id: mlp_moelayer ,Total cycles spent on fwd pass compute: 1
id: mlp_moelayer ,Total cycles spent on weight grad compute: 1
id: mlp_moelayer ,Total cycles spent on input grad compute: 1
id: mlp_moelayer ,Total cycles spent idle waiting for fwd finish: 6046763
id: mlp_moelayer ,Total cycles spent idle waiting for weight grad finish: 0
id: mlp_moelayer ,Total cycles spent idle waiting for input grad finish: 6046763
id: mlp_moelayer ,Total cycles spent on fwd pass comm: 6046763
id: mlp_moelayer ,Total cycles spent on weight grad comm: 0
id: mlp_moelayer ,Total cycles spent on input grad comm: 6046763
*******************
Layer id: mlp_moelayer
Total collectives issued for this layer: 2
*************************  Workload stats  ************************* mlp_moelayer
id: mlp_moelayer ,Total cycles spent on fwd pass compute: 1
id: mlp_moelayer ,Total cycles spent on weight grad compute: 1
id: mlp_moelayer ,Total cycles spent on input grad compute: 1
id: mlp_moelayer ,Total cycles spent idle waiting for fwd finish: 6046762
id: mlp_moelayer ,Total cycles spent idle waiting for weight grad finish: 0
id: mlp_moelayer ,Total cycles spent idle waiting for input grad finish: 6093366
id: mlp_moelayer ,Total cycles spent on fwd pass comm: 6046762
id: mlp_moelayer ,Total cycles spent on weight grad comm: 0
id: mlp_moelayer ,Total cycles spent on input grad comm: 6093366
*******************
Layer id: mlp_moelayer
Total collectives issued for this layer: 2
*************************  Workload stats  ************************* mlp_moelayer
id: mlp_moelayer ,Total cycles spent on fwd pass compute: 1
id: mlp_moelayer ,Total cycles spent on weight grad compute: 1
id: mlp_moelayer ,Total cycles spent on input grad compute: 1
id: mlp_moelayer ,Total cycles spent idle waiting for fwd finish: 6046762
id: mlp_moelayer ,Total cycles spent idle waiting for weight grad finish: 0
id: mlp_moelayer ,Total cycles spent idle waiting for input grad finish: 6046762
id: mlp_moelayer ,Total cycles spent on fwd pass comm: 6046762
id: mlp_moelayer ,Total cycles spent on weight grad comm: 0
id: mlp_moelayer ,Total cycles spent on input grad comm: 6046762
*******************
Layer id: mlp_moelayer
Total collectives issued for this layer: 2
*************************  Workload stats  ************************* mlp_moelayer
id: mlp_moelayer ,Total cycles spent on fwd pass compute: 1
id: mlp_moelayer ,Total cycles spent on weight grad compute: 1
id: mlp_moelayer ,Total cycles spent on input grad compute: 1
id: mlp_moelayer ,Total cycles spent idle waiting for fwd finish: 6046763
id: mlp_moelayer ,Total cycles spent idle waiting for weight grad finish: 0
id: mlp_moelayer ,Total cycles spent idle waiting for input grad finish: 6046763
id: mlp_moelayer ,Total cycles spent on fwd pass comm: 6046763
id: mlp_moelayer ,Total cycles spent on weight grad comm: 0
id: mlp_moelayer ,Total cycles spent on input grad comm: 6046763
*******************
Layer id: mlp_moelayer
Total collectives issued for this layer: 2
*************************  Workload stats  ************************* mlp_moelayer
id: mlp_moelayer ,Total cycles spent on fwd pass compute: 1
id: mlp_moelayer ,Total cycles spent on weight grad compute: 1
id: mlp_moelayer ,Total cycles spent on input grad compute: 1
id: mlp_moelayer ,Total cycles spent idle waiting for fwd finish: 6011810
id: mlp_moelayer ,Total cycles spent idle waiting for weight grad finish: 0
id: mlp_moelayer ,Total cycles spent idle waiting for input grad finish: 6011810
id: mlp_moelayer ,Total cycles spent on fwd pass comm: 6011810
id: mlp_moelayer ,Total cycles spent on weight grad comm: 0
id: mlp_moelayer ,Total cycles spent on input grad comm: 6011810
*******************
Layer id: final_column
Total collectives issued for this layer: 1
*************************  Workload stats  ************************* final_column
id: final_column ,Total cycles spent on fwd pass compute: 1
id: final_column ,Total cycles spent on weight grad compute: 1
id: final_column ,Total cycles spent on input grad compute: 1
id: final_column ,Total cycles spent idle waiting for fwd finish: 6023460
id: final_column ,Total cycles spent idle waiting for weight grad finish: 0
id: final_column ,Total cycles spent idle waiting for input grad finish: 0
id: final_column ,Total cycles spent on fwd pass comm: 6023460
id: final_column ,Total cycles spent on weight grad comm: 0
id: final_column ,Total cycles spent on input grad comm: 0
*******************
Layer id: embedding_norm
Total collectives issued for this layer: 1
*************************  Workload stats  ************************* embedding_norm
id: embedding_norm ,Total cycles spent on fwd pass compute: 1
id: embedding_norm ,Total cycles spent on weight grad compute: 1
id: embedding_norm ,Total cycles spent on input grad compute: 1
id: embedding_norm ,Total cycles spent idle waiting for fwd finish: 12364306
id: embedding_norm ,Total cycles spent idle waiting for weight grad finish: 0
id: embedding_norm ,Total cycles spent idle waiting for input grad finish: 0
id: embedding_norm ,Total cycles spent on fwd pass comm: 12364306
id: embedding_norm ,Total cycles spent on weight grad comm: 0
id: embedding_norm ,Total cycles spent on input grad comm: 0
*******************
Layer id: embedding_layer
Total collectives issued for this layer: 0
*************************  Workload stats  ************************* embedding_layer
id: embedding_layer ,Total cycles spent on fwd pass compute: 1
id: embedding_layer ,Total cycles spent on weight grad compute: 1
id: embedding_layer ,Total cycles spent on input grad compute: 1
id: embedding_layer ,Total cycles spent idle waiting for fwd finish: 0
id: embedding_layer ,Total cycles spent idle waiting for weight grad finish: 0
id: embedding_layer ,Total cycles spent idle waiting for input grad finish: 0
id: embedding_layer ,Total cycles spent on fwd pass comm: 0
id: embedding_layer ,Total cycles spent on weight grad comm: 0
id: embedding_layer ,Total cycles spent on input grad comm: 0
*******************
Layer id: attention_column
Total collectives issued for this layer: 1
*************************  Workload stats  ************************* attention_column
id: attention_column ,Total cycles spent on fwd pass compute: 1
id: attention_column ,Total cycles spent on weight grad compute: 1
id: attention_column ,Total cycles spent on input grad compute: 1
id: attention_column ,Total cycles spent idle waiting for fwd finish: 6023460
id: attention_column ,Total cycles spent idle waiting for weight grad finish: 0
id: attention_column ,Total cycles spent idle waiting for input grad finish: 0
id: attention_column ,Total cycles spent on fwd pass comm: 6023460
id: attention_column ,Total cycles spent on weight grad comm: 0
id: attention_column ,Total cycles spent on input grad comm: 0
*******************
Layer id: attention_row
Total collectives issued for this layer: 1
*************************  Workload stats  ************************* attention_row
id: attention_row ,Total cycles spent on fwd pass compute: 1
id: attention_row ,Total cycles spent on weight grad compute: 1
id: attention_row ,Total cycles spent on input grad compute: 1
id: attention_row ,Total cycles spent idle waiting for fwd finish: 6023460
id: attention_row ,Total cycles spent idle waiting for weight grad finish: 0
id: attention_row ,Total cycles spent idle waiting for input grad finish: 0
id: attention_row ,Total cycles spent on fwd pass comm: 6023460
id: attention_row ,Total cycles spent on weight grad comm: 0
id: attention_row ,Total cycles spent on input grad comm: 0
*******************
Layer id: mlp_moelayer
Total collectives issued for this layer: 2
*************************  Workload stats  ************************* mlp_moelayer
id: mlp_moelayer ,Total cycles spent on fwd pass compute: 1
id: mlp_moelayer ,Total cycles spent on weight grad compute: 1
id: mlp_moelayer ,Total cycles spent on input grad compute: 1
id: mlp_moelayer ,Total cycles spent idle waiting for fwd finish: 6000232
id: mlp_moelayer ,Total cycles spent idle waiting for weight grad finish: 0
id: mlp_moelayer ,Total cycles spent idle waiting for input grad finish: 6000232
id: mlp_moelayer ,Total cycles spent on fwd pass comm: 6000232
id: mlp_moelayer ,Total cycles spent on weight grad comm: 0
id: mlp_moelayer ,Total cycles spent on input grad comm: 6000232
*******************
Layer id: mlp_moelayer
Total collectives issued for this layer: 2
*************************  Workload stats  ************************* mlp_moelayer
id: mlp_moelayer ,Total cycles spent on fwd pass compute: 1
id: mlp_moelayer ,Total cycles spent on weight grad compute: 1
id: mlp_moelayer ,Total cycles spent on input grad compute: 1
id: mlp_moelayer ,Total cycles spent idle waiting for fwd finish: 6011810
id: mlp_moelayer ,Total cycles spent idle waiting for weight grad finish: 0
id: mlp_moelayer ,Total cycles spent idle waiting for input grad finish: 6011810
id: mlp_moelayer ,Total cycles spent on fwd pass comm: 6011810
id: mlp_moelayer ,Total cycles spent on weight grad comm: 0
id: mlp_moelayer ,Total cycles spent on input grad comm: 6011810
*******************
Layer id: mlp_moelayer
Total collectives issued for this layer: 2
*************************  Workload stats  ************************* mlp_moelayer
id: mlp_moelayer ,Total cycles spent on fwd pass compute: 1
id: mlp_moelayer ,Total cycles spent on weight grad compute: 1
id: mlp_moelayer ,Total cycles spent on input grad compute: 1
id: mlp_moelayer ,Total cycles spent idle waiting for fwd finish: 6046763
id: mlp_moelayer ,Total cycles spent idle waiting for weight grad finish: 0
id: mlp_moelayer ,Total cycles spent idle waiting for input grad finish: 6046763
id: mlp_moelayer ,Total cycles spent on fwd pass comm: 6046763
id: mlp_moelayer ,Total cycles spent on weight grad comm: 0
id: mlp_moelayer ,Total cycles spent on input grad comm: 6046763
*******************
Layer id: mlp_moelayer
Total collectives issued for this layer: 2
*************************  Workload stats  ************************* mlp_moelayer
id: mlp_moelayer ,Total cycles spent on fwd pass compute: 1
id: mlp_moelayer ,Total cycles spent on weight grad compute: 1
id: mlp_moelayer ,Total cycles spent on input grad compute: 1
id: mlp_moelayer ,Total cycles spent idle waiting for fwd finish: 6046762
id: mlp_moelayer ,Total cycles spent idle waiting for weight grad finish: 0
id: mlp_moelayer ,Total cycles spent idle waiting for input grad finish: 6093366
id: mlp_moelayer ,Total cycles spent on fwd pass comm: 6046762
id: mlp_moelayer ,Total cycles spent on weight grad comm: 0
id: mlp_moelayer ,Total cycles spent on input grad comm: 6093366
*******************
Layer id: mlp_moelayer
Total collectives issued for this layer: 2
*************************  Workload stats  ************************* mlp_moelayer
id: mlp_moelayer ,Total cycles spent on fwd pass compute: 1
id: mlp_moelayer ,Total cycles spent on weight grad compute: 1
id: mlp_moelayer ,Total cycles spent on input grad compute: 1
id: mlp_moelayer ,Total cycles spent idle waiting for fwd finish: 6046762
id: mlp_moelayer ,Total cycles spent idle waiting for weight grad finish: 0
id: mlp_moelayer ,Total cycles spent idle waiting for input grad finish: 6046762
id: mlp_moelayer ,Total cycles spent on fwd pass comm: 6046762
id: mlp_moelayer ,Total cycles spent on weight grad comm: 0
id: mlp_moelayer ,Total cycles spent on input grad comm: 6046762
*******************
Layer id: mlp_moelayer
Total collectives issued for this layer: 2
*************************  Workload stats  ************************* mlp_moelayer
id: mlp_moelayer ,Total cycles spent on fwd pass compute: 1
id: mlp_moelayer ,Total cycles spent on weight grad compute: 1
id: mlp_moelayer ,Total cycles spent on input grad compute: 1
id: mlp_moelayer ,Total cycles spent idle waiting for fwd finish: 6046763
id: mlp_moelayer ,Total cycles spent idle waiting for weight grad finish: 0
id: mlp_moelayer ,Total cycles spent idle waiting for input grad finish: 6046763
id: mlp_moelayer ,Total cycles spent on fwd pass comm: 6046763
id: mlp_moelayer ,Total cycles spent on weight grad comm: 0
id: mlp_moelayer ,Total cycles spent on input grad comm: 6046763
*******************
Layer id: mlp_moelayer
Total collectives issued for this layer: 2
*************************  Workload stats  ************************* mlp_moelayer
id: mlp_moelayer ,Total cycles spent on fwd pass compute: 1
id: mlp_moelayer ,Total cycles spent on weight grad compute: 1
id: mlp_moelayer ,Total cycles spent on input grad compute: 1
id: mlp_moelayer ,Total cycles spent idle waiting for fwd finish: 6011810
id: mlp_moelayer ,Total cycles spent idle waiting for weight grad finish: 0
id: mlp_moelayer ,Total cycles spent idle waiting for input grad finish: 6011810
id: mlp_moelayer ,Total cycles spent on fwd pass comm: 6011810
id: mlp_moelayer ,Total cycles spent on weight grad comm: 0
id: mlp_moelayer ,Total cycles spent on input grad comm: 6011810
*******************
Layer id: attention_column
Total collectives issued for this layer: 1
*************************  Workload stats  ************************* attention_column
id: attention_column ,Total cycles spent on fwd pass compute: 1
id: attention_column ,Total cycles spent on weight grad compute: 1
id: attention_column ,Total cycles spent on input grad compute: 1
id: attention_column ,Total cycles spent idle waiting for fwd finish: 6023460
id: attention_column ,Total cycles spent idle waiting for weight grad finish: 0
id: attention_column ,Total cycles spent idle waiting for input grad finish: 0
id: attention_column ,Total cycles spent on fwd pass comm: 6023460
id: attention_column ,Total cycles spent on weight grad comm: 0
id: attention_column ,Total cycles spent on input grad comm: 0
*******************
Layer id: attention_row
Total collectives issued for this layer: 1
*************************  Workload stats  ************************* attention_row
id: attention_row ,Total cycles spent on fwd pass compute: 1
id: attention_row ,Total cycles spent on weight grad compute: 1
id: attention_row ,Total cycles spent on input grad compute: 1
id: attention_row ,Total cycles spent idle waiting for fwd finish: 6023460
id: attention_row ,Total cycles spent idle waiting for weight grad finish: 0
id: attention_row ,Total cycles spent idle waiting for input grad finish: 0
id: attention_row ,Total cycles spent on fwd pass comm: 6023460
id: attention_row ,Total cycles spent on weight grad comm: 0
id: attention_row ,Total cycles spent on input grad comm: 0
*******************
Layer id: mlp_moelayer
Total collectives issued for this layer: 2
*************************  Workload stats  ************************* mlp_moelayer
id: mlp_moelayer ,Total cycles spent on fwd pass compute: 1
id: mlp_moelayer ,Total cycles spent on weight grad compute: 1
id: mlp_moelayer ,Total cycles spent on input grad compute: 1
id: mlp_moelayer ,Total cycles spent idle waiting for fwd finish: 6000232
id: mlp_moelayer ,Total cycles spent idle waiting for weight grad finish: 0
id: mlp_moelayer ,Total cycles spent idle waiting for input grad finish: 6000232
id: mlp_moelayer ,Total cycles spent on fwd pass comm: 6000232
id: mlp_moelayer ,Total cycles spent on weight grad comm: 0
id: mlp_moelayer ,Total cycles spent on input grad comm: 6000232
*******************
Layer id: mlp_moelayer
Total collectives issued for this layer: 2
*************************  Workload stats  ************************* mlp_moelayer
id: mlp_moelayer ,Total cycles spent on fwd pass compute: 1
id: mlp_moelayer ,Total cycles spent on weight grad compute: 1
id: mlp_moelayer ,Total cycles spent on input grad compute: 1
id: mlp_moelayer ,Total cycles spent idle waiting for fwd finish: 6011810
id: mlp_moelayer ,Total cycles spent idle waiting for weight grad finish: 0
id: mlp_moelayer ,Total cycles spent idle waiting for input grad finish: 6011810
id: mlp_moelayer ,Total cycles spent on fwd pass comm: 6011810
id: mlp_moelayer ,Total cycles spent on weight grad comm: 0
id: mlp_moelayer ,Total cycles spent on input grad comm: 6011810
*******************
Layer id: mlp_moelayer
Total collectives issued for this layer: 2
*************************  Workload stats  ************************* mlp_moelayer
id: mlp_moelayer ,Total cycles spent on fwd pass compute: 1
id: mlp_moelayer ,Total cycles spent on weight grad compute: 1
id: mlp_moelayer ,Total cycles spent on input grad compute: 1
id: mlp_moelayer ,Total cycles spent idle waiting for fwd finish: 6046763
id: mlp_moelayer ,Total cycles spent idle waiting for weight grad finish: 0
id: mlp_moelayer ,Total cycles spent idle waiting for input grad finish: 6046763
id: mlp_moelayer ,Total cycles spent on fwd pass comm: 6046763
id: mlp_moelayer ,Total cycles spent on weight grad comm: 0
id: mlp_moelayer ,Total cycles spent on input grad comm: 6046763
*******************
Layer id: mlp_moelayer
Total collectives issued for this layer: 2
*************************  Workload stats  ************************* mlp_moelayer
id: mlp_moelayer ,Total cycles spent on fwd pass compute: 1
id: mlp_moelayer ,Total cycles spent on weight grad compute: 1
id: mlp_moelayer ,Total cycles spent on input grad compute: 1
id: mlp_moelayer ,Total cycles spent idle waiting for fwd finish: 6046762
id: mlp_moelayer ,Total cycles spent idle waiting for weight grad finish: 0
id: mlp_moelayer ,Total cycles spent idle waiting for input grad finish: 6093366
id: mlp_moelayer ,Total cycles spent on fwd pass comm: 6046762
id: mlp_moelayer ,Total cycles spent on weight grad comm: 0
id: mlp_moelayer ,Total cycles spent on input grad comm: 6093366
*******************
Layer id: mlp_moelayer
Total collectives issued for this layer: 2
*************************  Workload stats  ************************* mlp_moelayer
id: mlp_moelayer ,Total cycles spent on fwd pass compute: 1
id: mlp_moelayer ,Total cycles spent on weight grad compute: 1
id: mlp_moelayer ,Total cycles spent on input grad compute: 1
id: mlp_moelayer ,Total cycles spent idle waiting for fwd finish: 6046762
id: mlp_moelayer ,Total cycles spent idle waiting for weight grad finish: 0
id: mlp_moelayer ,Total cycles spent idle waiting for input grad finish: 6046762
id: mlp_moelayer ,Total cycles spent on fwd pass comm: 6046762
id: mlp_moelayer ,Total cycles spent on weight grad comm: 0
id: mlp_moelayer ,Total cycles spent on input grad comm: 6046762
*******************
Layer id: mlp_moelayer
Total collectives issued for this layer: 2
*************************  Workload stats  ************************* mlp_moelayer
id: mlp_moelayer ,Total cycles spent on fwd pass compute: 1
id: mlp_moelayer ,Total cycles spent on weight grad compute: 1
id: mlp_moelayer ,Total cycles spent on input grad compute: 1
id: mlp_moelayer ,Total cycles spent idle waiting for fwd finish: 6046763
id: mlp_moelayer ,Total cycles spent idle waiting for weight grad finish: 0
id: mlp_moelayer ,Total cycles spent idle waiting for input grad finish: 6046763
id: mlp_moelayer ,Total cycles spent on fwd pass comm: 6046763
id: mlp_moelayer ,Total cycles spent on weight grad comm: 0
id: mlp_moelayer ,Total cycles spent on input grad comm: 6046763
*******************
Layer id: mlp_moelayer
Total collectives issued for this layer: 2
*************************  Workload stats  ************************* mlp_moelayer
id: mlp_moelayer ,Total cycles spent on fwd pass compute: 1
id: mlp_moelayer ,Total cycles spent on weight grad compute: 1
id: mlp_moelayer ,Total cycles spent on input grad compute: 1
id: mlp_moelayer ,Total cycles spent idle waiting for fwd finish: 6011810
id: mlp_moelayer ,Total cycles spent idle waiting for weight grad finish: 0
id: mlp_moelayer ,Total cycles spent idle waiting for input grad finish: 6011810
id: mlp_moelayer ,Total cycles spent on fwd pass comm: 6011810
id: mlp_moelayer ,Total cycles spent on weight grad comm: 0
id: mlp_moelayer ,Total cycles spent on input grad comm: 6011810
*******************
Layer id: attention_column
Total collectives issued for this layer: 1
*************************  Workload stats  ************************* attention_column
id: attention_column ,Total cycles spent on fwd pass compute: 1
id: attention_column ,Total cycles spent on weight grad compute: 1
id: attention_column ,Total cycles spent on input grad compute: 1
id: attention_column ,Total cycles spent idle waiting for fwd finish: 6023460
id: attention_column ,Total cycles spent idle waiting for weight grad finish: 0
id: attention_column ,Total cycles spent idle waiting for input grad finish: 0
id: attention_column ,Total cycles spent on fwd pass comm: 6023460
id: attention_column ,Total cycles spent on weight grad comm: 0
id: attention_column ,Total cycles spent on input grad comm: 0
*******************
Layer id: attention_row
Total collectives issued for this layer: 1
*************************  Workload stats  ************************* attention_row
id: attention_row ,Total cycles spent on fwd pass compute: 1
id: attention_row ,Total cycles spent on weight grad compute: 1
id: attention_row ,Total cycles spent on input grad compute: 1
id: attention_row ,Total cycles spent idle waiting for fwd finish: 6023460
id: attention_row ,Total cycles spent idle waiting for weight grad finish: 0
id: attention_row ,Total cycles spent idle waiting for input grad finish: 0
id: attention_row ,Total cycles spent on fwd pass comm: 6023460
id: attention_row ,Total cycles spent on weight grad comm: 0
id: attention_row ,Total cycles spent on input grad comm: 0
*******************
Layer id: mlp_moelayer
Total collectives issued for this layer: 2
*************************  Workload stats  ************************* mlp_moelayer
id: mlp_moelayer ,Total cycles spent on fwd pass compute: 1
id: mlp_moelayer ,Total cycles spent on weight grad compute: 1
id: mlp_moelayer ,Total cycles spent on input grad compute: 1
id: mlp_moelayer ,Total cycles spent idle waiting for fwd finish: 6000232
id: mlp_moelayer ,Total cycles spent idle waiting for weight grad finish: 0
id: mlp_moelayer ,Total cycles spent idle waiting for input grad finish: 6000232
id: mlp_moelayer ,Total cycles spent on fwd pass comm: 6000232
id: mlp_moelayer ,Total cycles spent on weight grad comm: 0
id: mlp_moelayer ,Total cycles spent on input grad comm: 6000232
*******************
Layer id: mlp_moelayer
Total collectives issued for this layer: 2
*************************  Workload stats  ************************* mlp_moelayer
id: mlp_moelayer ,Total cycles spent on fwd pass compute: 1
id: mlp_moelayer ,Total cycles spent on weight grad compute: 1
id: mlp_moelayer ,Total cycles spent on input grad compute: 1
id: mlp_moelayer ,Total cycles spent idle waiting for fwd finish: 6011810
id: mlp_moelayer ,Total cycles spent idle waiting for weight grad finish: 0
id: mlp_moelayer ,Total cycles spent idle waiting for input grad finish: 6011810
id: mlp_moelayer ,Total cycles spent on fwd pass comm: 6011810
id: mlp_moelayer ,Total cycles spent on weight grad comm: 0
id: mlp_moelayer ,Total cycles spent on input grad comm: 6011810
*******************
Layer id: mlp_moelayer
Total collectives issued for this layer: 2
*************************  Workload stats  ************************* mlp_moelayer
id: mlp_moelayer ,Total cycles spent on fwd pass compute: 1
id: mlp_moelayer ,Total cycles spent on weight grad compute: 1
id: mlp_moelayer ,Total cycles spent on input grad compute: 1
id: mlp_moelayer ,Total cycles spent idle waiting for fwd finish: 6046763
id: mlp_moelayer ,Total cycles spent idle waiting for weight grad finish: 0
id: mlp_moelayer ,Total cycles spent idle waiting for input grad finish: 6046763
id: mlp_moelayer ,Total cycles spent on fwd pass comm: 6046763
id: mlp_moelayer ,Total cycles spent on weight grad comm: 0
id: mlp_moelayer ,Total cycles spent on input grad comm: 6046763
*******************
Layer id: mlp_moelayer
Total collectives issued for this layer: 2
*************************  Workload stats  ************************* mlp_moelayer
id: mlp_moelayer ,Total cycles spent on fwd pass compute: 1
id: mlp_moelayer ,Total cycles spent on weight grad compute: 1
id: mlp_moelayer ,Total cycles spent on input grad compute: 1
id: mlp_moelayer ,Total cycles spent idle waiting for fwd finish: 6046762
id: mlp_moelayer ,Total cycles spent idle waiting for weight grad finish: 0
id: mlp_moelayer ,Total cycles spent idle waiting for input grad finish: 6093366
id: mlp_moelayer ,Total cycles spent on fwd pass comm: 6046762
id: mlp_moelayer ,Total cycles spent on weight grad comm: 0
id: mlp_moelayer ,Total cycles spent on input grad comm: 6093366
*******************
Layer id: mlp_moelayer
Total collectives issued for this layer: 2
*************************  Workload stats  ************************* mlp_moelayer
id: mlp_moelayer ,Total cycles spent on fwd pass compute: 1
id: mlp_moelayer ,Total cycles spent on weight grad compute: 1
id: mlp_moelayer ,Total cycles spent on input grad compute: 1
id: mlp_moelayer ,Total cycles spent idle waiting for fwd finish: 6046762
id: mlp_moelayer ,Total cycles spent idle waiting for weight grad finish: 0
id: mlp_moelayer ,Total cycles spent idle waiting for input grad finish: 6046762
id: mlp_moelayer ,Total cycles spent on fwd pass comm: 6046762
id: mlp_moelayer ,Total cycles spent on weight grad comm: 0
id: mlp_moelayer ,Total cycles spent on input grad comm: 6046762
*******************
Layer id: mlp_moelayer
Total collectives issued for this layer: 2
*************************  Workload stats  ************************* mlp_moelayer
id: mlp_moelayer ,Total cycles spent on fwd pass compute: 1
id: mlp_moelayer ,Total cycles spent on weight grad compute: 1
id: mlp_moelayer ,Total cycles spent on input grad compute: 1
id: mlp_moelayer ,Total cycles spent idle waiting for fwd finish: 6046763
id: mlp_moelayer ,Total cycles spent idle waiting for weight grad finish: 0
id: mlp_moelayer ,Total cycles spent idle waiting for input grad finish: 6046763
id: mlp_moelayer ,Total cycles spent on fwd pass comm: 6046763
id: mlp_moelayer ,Total cycles spent on weight grad comm: 0
id: mlp_moelayer ,Total cycles spent on input grad comm: 6046763
*******************
Layer id: mlp_moelayer
Total collectives issued for this layer: 2
*************************  Workload stats  ************************* mlp_moelayer
id: mlp_moelayer ,Total cycles spent on fwd pass compute: 1
id: mlp_moelayer ,Total cycles spent on weight grad compute: 1
id: mlp_moelayer ,Total cycles spent on input grad compute: 1
id: mlp_moelayer ,Total cycles spent idle waiting for fwd finish: 6011810
id: mlp_moelayer ,Total cycles spent idle waiting for weight grad finish: 0
id: mlp_moelayer ,Total cycles spent idle waiting for input grad finish: 6011810
id: mlp_moelayer ,Total cycles spent on fwd pass comm: 6011810
id: mlp_moelayer ,Total cycles spent on weight grad comm: 0
id: mlp_moelayer ,Total cycles spent on input grad comm: 6011810
*******************
Layer id: attention_column
Total collectives issued for this layer: 1
*************************  Workload stats  ************************* attention_column
id: attention_column ,Total cycles spent on fwd pass compute: 1
id: attention_column ,Total cycles spent on weight grad compute: 1
id: attention_column ,Total cycles spent on input grad compute: 1
id: attention_column ,Total cycles spent idle waiting for fwd finish: 6023460
id: attention_column ,Total cycles spent idle waiting for weight grad finish: 0
id: attention_column ,Total cycles spent idle waiting for input grad finish: 0
id: attention_column ,Total cycles spent on fwd pass comm: 6023460
id: attention_column ,Total cycles spent on weight grad comm: 0
id: attention_column ,Total cycles spent on input grad comm: 0
*******************
Layer id: attention_row
Total collectives issued for this layer: 1
*************************  Workload stats  ************************* attention_row
id: attention_row ,Total cycles spent on fwd pass compute: 1
id: attention_row ,Total cycles spent on weight grad compute: 1
id: attention_row ,Total cycles spent on input grad compute: 1
id: attention_row ,Total cycles spent idle waiting for fwd finish: 6023460
id: attention_row ,Total cycles spent idle waiting for weight grad finish: 0
id: attention_row ,Total cycles spent idle waiting for input grad finish: 0
id: attention_row ,Total cycles spent on fwd pass comm: 6023460
id: attention_row ,Total cycles spent on weight grad comm: 0
id: attention_row ,Total cycles spent on input grad comm: 0
*******************
Layer id: mlp_moelayer
Total collectives issued for this layer: 2
*************************  Workload stats  ************************* mlp_moelayer
id: mlp_moelayer ,Total cycles spent on fwd pass compute: 1
id: mlp_moelayer ,Total cycles spent on weight grad compute: 1
id: mlp_moelayer ,Total cycles spent on input grad compute: 1
id: mlp_moelayer ,Total cycles spent idle waiting for fwd finish: 6000232
id: mlp_moelayer ,Total cycles spent idle waiting for weight grad finish: 0
id: mlp_moelayer ,Total cycles spent idle waiting for input grad finish: 6000232
id: mlp_moelayer ,Total cycles spent on fwd pass comm: 6000232
id: mlp_moelayer ,Total cycles spent on weight grad comm: 0
id: mlp_moelayer ,Total cycles spent on input grad comm: 6000232
*******************
Layer id: mlp_moelayer
Total collectives issued for this layer: 2
*************************  Workload stats  ************************* mlp_moelayer
id: mlp_moelayer ,Total cycles spent on fwd pass compute: 1
id: mlp_moelayer ,Total cycles spent on weight grad compute: 1
id: mlp_moelayer ,Total cycles spent on input grad compute: 1
id: mlp_moelayer ,Total cycles spent idle waiting for fwd finish: 6011810
id: mlp_moelayer ,Total cycles spent idle waiting for weight grad finish: 0
id: mlp_moelayer ,Total cycles spent idle waiting for input grad finish: 6011810
id: mlp_moelayer ,Total cycles spent on fwd pass comm: 6011810
id: mlp_moelayer ,Total cycles spent on weight grad comm: 0
id: mlp_moelayer ,Total cycles spent on input grad comm: 6011810
*******************
Layer id: mlp_moelayer
Total collectives issued for this layer: 2
*************************  Workload stats  ************************* mlp_moelayer
id: mlp_moelayer ,Total cycles spent on fwd pass compute: 1
id: mlp_moelayer ,Total cycles spent on weight grad compute: 1
id: mlp_moelayer ,Total cycles spent on input grad compute: 1
id: mlp_moelayer ,Total cycles spent idle waiting for fwd finish: 6046763
id: mlp_moelayer ,Total cycles spent idle waiting for weight grad finish: 0
id: mlp_moelayer ,Total cycles spent idle waiting for input grad finish: 6046763
id: mlp_moelayer ,Total cycles spent on fwd pass comm: 6046763
id: mlp_moelayer ,Total cycles spent on weight grad comm: 0
id: mlp_moelayer ,Total cycles spent on input grad comm: 6046763
*******************
Layer id: mlp_moelayer
Total collectives issued for this layer: 2
*************************  Workload stats  ************************* mlp_moelayer
id: mlp_moelayer ,Total cycles spent on fwd pass compute: 1
id: mlp_moelayer ,Total cycles spent on weight grad compute: 1
id: mlp_moelayer ,Total cycles spent on input grad compute: 1
id: mlp_moelayer ,Total cycles spent idle waiting for fwd finish: 6046762
id: mlp_moelayer ,Total cycles spent idle waiting for weight grad finish: 0
id: mlp_moelayer ,Total cycles spent idle waiting for input grad finish: 6093366
id: mlp_moelayer ,Total cycles spent on fwd pass comm: 6046762
id: mlp_moelayer ,Total cycles spent on weight grad comm: 0
id: mlp_moelayer ,Total cycles spent on input grad comm: 6093366
*******************
Layer id: mlp_moelayer
Total collectives issued for this layer: 2
*************************  Workload stats  ************************* mlp_moelayer
id: mlp_moelayer ,Total cycles spent on fwd pass compute: 1
id: mlp_moelayer ,Total cycles spent on weight grad compute: 1
id: mlp_moelayer ,Total cycles spent on input grad compute: 1
id: mlp_moelayer ,Total cycles spent idle waiting for fwd finish: 6046762
id: mlp_moelayer ,Total cycles spent idle waiting for weight grad finish: 0
id: mlp_moelayer ,Total cycles spent idle waiting for input grad finish: 6046762
id: mlp_moelayer ,Total cycles spent on fwd pass comm: 6046762
id: mlp_moelayer ,Total cycles spent on weight grad comm: 0
id: mlp_moelayer ,Total cycles spent on input grad comm: 6046762
*******************
Layer id: mlp_moelayer
Total collectives issued for this layer: 2
*************************  Workload stats  ************************* mlp_moelayer
id: mlp_moelayer ,Total cycles spent on fwd pass compute: 1
id: mlp_moelayer ,Total cycles spent on weight grad compute: 1
id: mlp_moelayer ,Total cycles spent on input grad compute: 1
id: mlp_moelayer ,Total cycles spent idle waiting for fwd finish: 6046763
id: mlp_moelayer ,Total cycles spent idle waiting for weight grad finish: 0
id: mlp_moelayer ,Total cycles spent idle waiting for input grad finish: 6046763
id: mlp_moelayer ,Total cycles spent on fwd pass comm: 6046763
id: mlp_moelayer ,Total cycles spent on weight grad comm: 0
id: mlp_moelayer ,Total cycles spent on input grad comm: 6046763
*******************
Layer id: mlp_moelayer
Total collectives issued for this layer: 2
*************************  Workload stats  ************************* mlp_moelayer
id: mlp_moelayer ,Total cycles spent on fwd pass compute: 1
id: mlp_moelayer ,Total cycles spent on weight grad compute: 1
id: mlp_moelayer ,Total cycles spent on input grad compute: 1
id: mlp_moelayer ,Total cycles spent idle waiting for fwd finish: 6011810
id: mlp_moelayer ,Total cycles spent idle waiting for weight grad finish: 0
id: mlp_moelayer ,Total cycles spent idle waiting for input grad finish: 6011810
id: mlp_moelayer ,Total cycles spent on fwd pass comm: 6011810
id: mlp_moelayer ,Total cycles spent on weight grad comm: 0
id: mlp_moelayer ,Total cycles spent on input grad comm: 6011810
*******************
Layer id: attention_column
Total collectives issued for this layer: 1
*************************  Workload stats  ************************* attention_column
id: attention_column ,Total cycles spent on fwd pass compute: 1
id: attention_column ,Total cycles spent on weight grad compute: 1
id: attention_column ,Total cycles spent on input grad compute: 1
id: attention_column ,Total cycles spent idle waiting for fwd finish: 6023460
id: attention_column ,Total cycles spent idle waiting for weight grad finish: 0
id: attention_column ,Total cycles spent idle waiting for input grad finish: 0
id: attention_column ,Total cycles spent on fwd pass comm: 6023460
id: attention_column ,Total cycles spent on weight grad comm: 0
id: attention_column ,Total cycles spent on input grad comm: 0
*******************
Layer id: attention_row
Total collectives issued for this layer: 1
*************************  Workload stats  ************************* attention_row
id: attention_row ,Total cycles spent on fwd pass compute: 1
id: attention_row ,Total cycles spent on weight grad compute: 1
id: attention_row ,Total cycles spent on input grad compute: 1
id: attention_row ,Total cycles spent idle waiting for fwd finish: 6023460
id: attention_row ,Total cycles spent idle waiting for weight grad finish: 0
id: attention_row ,Total cycles spent idle waiting for input grad finish: 0
id: attention_row ,Total cycles spent on fwd pass comm: 6023460
id: attention_row ,Total cycles spent on weight grad comm: 0
id: attention_row ,Total cycles spent on input grad comm: 0
*******************
Layer id: mlp_moelayer
Total collectives issued for this layer: 2
*************************  Workload stats  ************************* mlp_moelayer
id: mlp_moelayer ,Total cycles spent on fwd pass compute: 1
id: mlp_moelayer ,Total cycles spent on weight grad compute: 1
id: mlp_moelayer ,Total cycles spent on input grad compute: 1
id: mlp_moelayer ,Total cycles spent idle waiting for fwd finish: 6000232
id: mlp_moelayer ,Total cycles spent idle waiting for weight grad finish: 0
id: mlp_moelayer ,Total cycles spent idle waiting for input grad finish: 6000232
id: mlp_moelayer ,Total cycles spent on fwd pass comm: 6000232
id: mlp_moelayer ,Total cycles spent on weight grad comm: 0
id: mlp_moelayer ,Total cycles spent on input grad comm: 6000232
*******************
Layer id: mlp_moelayer
Total collectives issued for this layer: 2
*************************  Workload stats  ************************* mlp_moelayer
id: mlp_moelayer ,Total cycles spent on fwd pass compute: 1
id: mlp_moelayer ,Total cycles spent on weight grad compute: 1
id: mlp_moelayer ,Total cycles spent on input grad compute: 1
id: mlp_moelayer ,Total cycles spent idle waiting for fwd finish: 6011810
id: mlp_moelayer ,Total cycles spent idle waiting for weight grad finish: 0
id: mlp_moelayer ,Total cycles spent idle waiting for input grad finish: 6011810
id: mlp_moelayer ,Total cycles spent on fwd pass comm: 6011810
id: mlp_moelayer ,Total cycles spent on weight grad comm: 0
id: mlp_moelayer ,Total cycles spent on input grad comm: 6011810
*******************
Layer id: mlp_moelayer
Total collectives issued for this layer: 2
*************************  Workload stats  ************************* mlp_moelayer
id: mlp_moelayer ,Total cycles spent on fwd pass compute: 1
id: mlp_moelayer ,Total cycles spent on weight grad compute: 1
id: mlp_moelayer ,Total cycles spent on input grad compute: 1
id: mlp_moelayer ,Total cycles spent idle waiting for fwd finish: 6046763
id: mlp_moelayer ,Total cycles spent idle waiting for weight grad finish: 0
id: mlp_moelayer ,Total cycles spent idle waiting for input grad finish: 6046763
id: mlp_moelayer ,Total cycles spent on fwd pass comm: 6046763
id: mlp_moelayer ,Total cycles spent on weight grad comm: 0
id: mlp_moelayer ,Total cycles spent on input grad comm: 6046763
*******************
Layer id: mlp_moelayer
Total collectives issued for this layer: 2
*************************  Workload stats  ************************* mlp_moelayer
id: mlp_moelayer ,Total cycles spent on fwd pass compute: 1
id: mlp_moelayer ,Total cycles spent on weight grad compute: 1
id: mlp_moelayer ,Total cycles spent on input grad compute: 1
id: mlp_moelayer ,Total cycles spent idle waiting for fwd finish: 6046762
id: mlp_moelayer ,Total cycles spent idle waiting for weight grad finish: 0
id: mlp_moelayer ,Total cycles spent idle waiting for input grad finish: 6093366
id: mlp_moelayer ,Total cycles spent on fwd pass comm: 6046762
id: mlp_moelayer ,Total cycles spent on weight grad comm: 0
id: mlp_moelayer ,Total cycles spent on input grad comm: 6093366
*******************
Layer id: mlp_moelayer
Total collectives issued for this layer: 2
*************************  Workload stats  ************************* mlp_moelayer
id: mlp_moelayer ,Total cycles spent on fwd pass compute: 1
id: mlp_moelayer ,Total cycles spent on weight grad compute: 1
id: mlp_moelayer ,Total cycles spent on input grad compute: 1
id: mlp_moelayer ,Total cycles spent idle waiting for fwd finish: 6046762
id: mlp_moelayer ,Total cycles spent idle waiting for weight grad finish: 0
id: mlp_moelayer ,Total cycles spent idle waiting for input grad finish: 6046762
id: mlp_moelayer ,Total cycles spent on fwd pass comm: 6046762
id: mlp_moelayer ,Total cycles spent on weight grad comm: 0
id: mlp_moelayer ,Total cycles spent on input grad comm: 6046762
*******************
Layer id: mlp_moelayer
Total collectives issued for this layer: 2
*************************  Workload stats  ************************* mlp_moelayer
id: mlp_moelayer ,Total cycles spent on fwd pass compute: 1
id: mlp_moelayer ,Total cycles spent on weight grad compute: 1
id: mlp_moelayer ,Total cycles spent on input grad compute: 1
id: mlp_moelayer ,Total cycles spent idle waiting for fwd finish: 6046763
id: mlp_moelayer ,Total cycles spent idle waiting for weight grad finish: 0
id: mlp_moelayer ,Total cycles spent idle waiting for input grad finish: 6046763
id: mlp_moelayer ,Total cycles spent on fwd pass comm: 6046763
id: mlp_moelayer ,Total cycles spent on weight grad comm: 0
id: mlp_moelayer ,Total cycles spent on input grad comm: 6046763
*******************
Layer id: mlp_moelayer
Total collectives issued for this layer: 2
*************************  Workload stats  ************************* mlp_moelayer
id: mlp_moelayer ,Total cycles spent on fwd pass compute: 1
id: mlp_moelayer ,Total cycles spent on weight grad compute: 1
id: mlp_moelayer ,Total cycles spent on input grad compute: 1
id: mlp_moelayer ,Total cycles spent idle waiting for fwd finish: 6011810
id: mlp_moelayer ,Total cycles spent idle waiting for weight grad finish: 0
id: mlp_moelayer ,Total cycles spent idle waiting for input grad finish: 6011810
id: mlp_moelayer ,Total cycles spent on fwd pass comm: 6011810
id: mlp_moelayer ,Total cycles spent on weight grad comm: 0
id: mlp_moelayer ,Total cycles spent on input grad comm: 6011810
*******************
Layer id: attention_column
Total collectives issued for this layer: 1
*************************  Workload stats  ************************* attention_column
id: attention_column ,Total cycles spent on fwd pass compute: 1
id: attention_column ,Total cycles spent on weight grad compute: 1
id: attention_column ,Total cycles spent on input grad compute: 1
id: attention_column ,Total cycles spent idle waiting for fwd finish: 6023460
id: attention_column ,Total cycles spent idle waiting for weight grad finish: 0
id: attention_column ,Total cycles spent idle waiting for input grad finish: 0
id: attention_column ,Total cycles spent on fwd pass comm: 6023460
id: attention_column ,Total cycles spent on weight grad comm: 0
id: attention_column ,Total cycles spent on input grad comm: 0
*******************
Layer id: attention_row
Total collectives issued for this layer: 1
*************************  Workload stats  ************************* attention_row
id: attention_row ,Total cycles spent on fwd pass compute: 1
id: attention_row ,Total cycles spent on weight grad compute: 1
id: attention_row ,Total cycles spent on input grad compute: 1
id: attention_row ,Total cycles spent idle waiting for fwd finish: 6023460
id: attention_row ,Total cycles spent idle waiting for weight grad finish: 0
id: attention_row ,Total cycles spent idle waiting for input grad finish: 0
id: attention_row ,Total cycles spent on fwd pass comm: 6023460
id: attention_row ,Total cycles spent on weight grad comm: 0
id: attention_row ,Total cycles spent on input grad comm: 0
*******************
Layer id: mlp_moelayer
Total collectives issued for this layer: 2
*************************  Workload stats  ************************* mlp_moelayer
id: mlp_moelayer ,Total cycles spent on fwd pass compute: 1
id: mlp_moelayer ,Total cycles spent on weight grad compute: 1
id: mlp_moelayer ,Total cycles spent on input grad compute: 1
id: mlp_moelayer ,Total cycles spent idle waiting for fwd finish: 6000232
id: mlp_moelayer ,Total cycles spent idle waiting for weight grad finish: 0
id: mlp_moelayer ,Total cycles spent idle waiting for input grad finish: 6000232
id: mlp_moelayer ,Total cycles spent on fwd pass comm: 6000232
id: mlp_moelayer ,Total cycles spent on weight grad comm: 0
id: mlp_moelayer ,Total cycles spent on input grad comm: 6000232
*******************
Layer id: mlp_moelayer
Total collectives issued for this layer: 2
*************************  Workload stats  ************************* mlp_moelayer
id: mlp_moelayer ,Total cycles spent on fwd pass compute: 1
id: mlp_moelayer ,Total cycles spent on weight grad compute: 1
id: mlp_moelayer ,Total cycles spent on input grad compute: 1
id: mlp_moelayer ,Total cycles spent idle waiting for fwd finish: 6011810
id: mlp_moelayer ,Total cycles spent idle waiting for weight grad finish: 0
id: mlp_moelayer ,Total cycles spent idle waiting for input grad finish: 6011810
id: mlp_moelayer ,Total cycles spent on fwd pass comm: 6011810
id: mlp_moelayer ,Total cycles spent on weight grad comm: 0
id: mlp_moelayer ,Total cycles spent on input grad comm: 6011810
*******************
Layer id: mlp_moelayer
Total collectives issued for this layer: 2
*************************  Workload stats  ************************* mlp_moelayer
id: mlp_moelayer ,Total cycles spent on fwd pass compute: 1
id: mlp_moelayer ,Total cycles spent on weight grad compute: 1
id: mlp_moelayer ,Total cycles spent on input grad compute: 1
id: mlp_moelayer ,Total cycles spent idle waiting for fwd finish: 6046763
id: mlp_moelayer ,Total cycles spent idle waiting for weight grad finish: 0
id: mlp_moelayer ,Total cycles spent idle waiting for input grad finish: 6046763
id: mlp_moelayer ,Total cycles spent on fwd pass comm: 6046763
id: mlp_moelayer ,Total cycles spent on weight grad comm: 0
id: mlp_moelayer ,Total cycles spent on input grad comm: 6046763
*******************
Layer id: mlp_moelayer
Total collectives issued for this layer: 2
*************************  Workload stats  ************************* mlp_moelayer
id: mlp_moelayer ,Total cycles spent on fwd pass compute: 1
id: mlp_moelayer ,Total cycles spent on weight grad compute: 1
id: mlp_moelayer ,Total cycles spent on input grad compute: 1
id: mlp_moelayer ,Total cycles spent idle waiting for fwd finish: 6046762
id: mlp_moelayer ,Total cycles spent idle waiting for weight grad finish: 0
id: mlp_moelayer ,Total cycles spent idle waiting for input grad finish: 6093366
id: mlp_moelayer ,Total cycles spent on fwd pass comm: 6046762
id: mlp_moelayer ,Total cycles spent on weight grad comm: 0
id: mlp_moelayer ,Total cycles spent on input grad comm: 6093366
*******************
Layer id: mlp_moelayer
Total collectives issued for this layer: 2
*************************  Workload stats  ************************* mlp_moelayer
id: mlp_moelayer ,Total cycles spent on fwd pass compute: 1
id: mlp_moelayer ,Total cycles spent on weight grad compute: 1
id: mlp_moelayer ,Total cycles spent on input grad compute: 1
id: mlp_moelayer ,Total cycles spent idle waiting for fwd finish: 6046762
id: mlp_moelayer ,Total cycles spent idle waiting for weight grad finish: 0
id: mlp_moelayer ,Total cycles spent idle waiting for input grad finish: 6046762
id: mlp_moelayer ,Total cycles spent on fwd pass comm: 6046762
id: mlp_moelayer ,Total cycles spent on weight grad comm: 0
id: mlp_moelayer ,Total cycles spent on input grad comm: 6046762
*******************
Layer id: mlp_moelayer
Total collectives issued for this layer: 2
*************************  Workload stats  ************************* mlp_moelayer
id: mlp_moelayer ,Total cycles spent on fwd pass compute: 1
id: mlp_moelayer ,Total cycles spent on weight grad compute: 1
id: mlp_moelayer ,Total cycles spent on input grad compute: 1
id: mlp_moelayer ,Total cycles spent idle waiting for fwd finish: 6046763
id: mlp_moelayer ,Total cycles spent idle waiting for weight grad finish: 0
id: mlp_moelayer ,Total cycles spent idle waiting for input grad finish: 6046763
id: mlp_moelayer ,Total cycles spent on fwd pass comm: 6046763
id: mlp_moelayer ,Total cycles spent on weight grad comm: 0
id: mlp_moelayer ,Total cycles spent on input grad comm: 6046763
*******************
Layer id: mlp_moelayer
Total collectives issued for this layer: 2
*************************  Workload stats  ************************* mlp_moelayer
id: mlp_moelayer ,Total cycles spent on fwd pass compute: 1
id: mlp_moelayer ,Total cycles spent on weight grad compute: 1
id: mlp_moelayer ,Total cycles spent on input grad compute: 1
id: mlp_moelayer ,Total cycles spent idle waiting for fwd finish: 6011810
id: mlp_moelayer ,Total cycles spent idle waiting for weight grad finish: 0
id: mlp_moelayer ,Total cycles spent idle waiting for input grad finish: 6011810
id: mlp_moelayer ,Total cycles spent on fwd pass comm: 6011810
id: mlp_moelayer ,Total cycles spent on weight grad comm: 0
id: mlp_moelayer ,Total cycles spent on input grad comm: 6011810
*******************
Layer id: attention_column
Total collectives issued for this layer: 1
*************************  Workload stats  ************************* attention_column
id: attention_column ,Total cycles spent on fwd pass compute: 1
id: attention_column ,Total cycles spent on weight grad compute: 1
id: attention_column ,Total cycles spent on input grad compute: 1
id: attention_column ,Total cycles spent idle waiting for fwd finish: 6023460
id: attention_column ,Total cycles spent idle waiting for weight grad finish: 0
id: attention_column ,Total cycles spent idle waiting for input grad finish: 0
id: attention_column ,Total cycles spent on fwd pass comm: 6023460
id: attention_column ,Total cycles spent on weight grad comm: 0
id: attention_column ,Total cycles spent on input grad comm: 0
*******************
Layer id: attention_row
Total collectives issued for this layer: 1
*************************  Workload stats  ************************* attention_row
id: attention_row ,Total cycles spent on fwd pass compute: 1
id: attention_row ,Total cycles spent on weight grad compute: 1
id: attention_row ,Total cycles spent on input grad compute: 1
id: attention_row ,Total cycles spent idle waiting for fwd finish: 6023460
id: attention_row ,Total cycles spent idle waiting for weight grad finish: 0
id: attention_row ,Total cycles spent idle waiting for input grad finish: 0
id: attention_row ,Total cycles spent on fwd pass comm: 6023460
id: attention_row ,Total cycles spent on weight grad comm: 0
id: attention_row ,Total cycles spent on input grad comm: 0
*******************
Layer id: mlp_moelayer
Total collectives issued for this layer: 2
*************************  Workload stats  ************************* mlp_moelayer
id: mlp_moelayer ,Total cycles spent on fwd pass compute: 1
id: mlp_moelayer ,Total cycles spent on weight grad compute: 1
id: mlp_moelayer ,Total cycles spent on input grad compute: 1
id: mlp_moelayer ,Total cycles spent idle waiting for fwd finish: 6000232
id: mlp_moelayer ,Total cycles spent idle waiting for weight grad finish: 0
id: mlp_moelayer ,Total cycles spent idle waiting for input grad finish: 6000232
id: mlp_moelayer ,Total cycles spent on fwd pass comm: 6000232
id: mlp_moelayer ,Total cycles spent on weight grad comm: 0
id: mlp_moelayer ,Total cycles spent on input grad comm: 6000232
*******************
Layer id: mlp_moelayer
Total collectives issued for this layer: 2
*************************  Workload stats  ************************* mlp_moelayer
id: mlp_moelayer ,Total cycles spent on fwd pass compute: 1
id: mlp_moelayer ,Total cycles spent on weight grad compute: 1
id: mlp_moelayer ,Total cycles spent on input grad compute: 1
id: mlp_moelayer ,Total cycles spent idle waiting for fwd finish: 6011810
id: mlp_moelayer ,Total cycles spent idle waiting for weight grad finish: 0
id: mlp_moelayer ,Total cycles spent idle waiting for input grad finish: 6011810
id: mlp_moelayer ,Total cycles spent on fwd pass comm: 6011810
id: mlp_moelayer ,Total cycles spent on weight grad comm: 0
id: mlp_moelayer ,Total cycles spent on input grad comm: 6011810
*******************
Layer id: mlp_moelayer
Total collectives issued for this layer: 2
*************************  Workload stats  ************************* mlp_moelayer
id: mlp_moelayer ,Total cycles spent on fwd pass compute: 1
id: mlp_moelayer ,Total cycles spent on weight grad compute: 1
id: mlp_moelayer ,Total cycles spent on input grad compute: 1
id: mlp_moelayer ,Total cycles spent idle waiting for fwd finish: 6046763
id: mlp_moelayer ,Total cycles spent idle waiting for weight grad finish: 0
id: mlp_moelayer ,Total cycles spent idle waiting for input grad finish: 6046763
id: mlp_moelayer ,Total cycles spent on fwd pass comm: 6046763
id: mlp_moelayer ,Total cycles spent on weight grad comm: 0
id: mlp_moelayer ,Total cycles spent on input grad comm: 6046763
*******************
Layer id: mlp_moelayer
Total collectives issued for this layer: 2
*************************  Workload stats  ************************* mlp_moelayer
id: mlp_moelayer ,Total cycles spent on fwd pass compute: 1
id: mlp_moelayer ,Total cycles spent on weight grad compute: 1
id: mlp_moelayer ,Total cycles spent on input grad compute: 1
id: mlp_moelayer ,Total cycles spent idle waiting for fwd finish: 6046762
id: mlp_moelayer ,Total cycles spent idle waiting for weight grad finish: 0
id: mlp_moelayer ,Total cycles spent idle waiting for input grad finish: 6093366
id: mlp_moelayer ,Total cycles spent on fwd pass comm: 6046762
id: mlp_moelayer ,Total cycles spent on weight grad comm: 0
id: mlp_moelayer ,Total cycles spent on input grad comm: 6093366
*******************
Layer id: mlp_moelayer
Total collectives issued for this layer: 2
*************************  Workload stats  ************************* mlp_moelayer
id: mlp_moelayer ,Total cycles spent on fwd pass compute: 1
id: mlp_moelayer ,Total cycles spent on weight grad compute: 1
id: mlp_moelayer ,Total cycles spent on input grad compute: 1
id: mlp_moelayer ,Total cycles spent idle waiting for fwd finish: 6046762
id: mlp_moelayer ,Total cycles spent idle waiting for weight grad finish: 0
id: mlp_moelayer ,Total cycles spent idle waiting for input grad finish: 6046762
id: mlp_moelayer ,Total cycles spent on fwd pass comm: 6046762
id: mlp_moelayer ,Total cycles spent on weight grad comm: 0
id: mlp_moelayer ,Total cycles spent on input grad comm: 6046762
*******************
Layer id: mlp_moelayer
Total collectives issued for this layer: 2
*************************  Workload stats  ************************* mlp_moelayer
id: mlp_moelayer ,Total cycles spent on fwd pass compute: 1
id: mlp_moelayer ,Total cycles spent on weight grad compute: 1
id: mlp_moelayer ,Total cycles spent on input grad compute: 1
id: mlp_moelayer ,Total cycles spent idle waiting for fwd finish: 6046763
id: mlp_moelayer ,Total cycles spent idle waiting for weight grad finish: 0
id: mlp_moelayer ,Total cycles spent idle waiting for input grad finish: 6046763
id: mlp_moelayer ,Total cycles spent on fwd pass comm: 6046763
id: mlp_moelayer ,Total cycles spent on weight grad comm: 0
id: mlp_moelayer ,Total cycles spent on input grad comm: 6046763
*******************
Layer id: mlp_moelayer
Total collectives issued for this layer: 2
*************************  Workload stats  ************************* mlp_moelayer
id: mlp_moelayer ,Total cycles spent on fwd pass compute: 1
id: mlp_moelayer ,Total cycles spent on weight grad compute: 1
id: mlp_moelayer ,Total cycles spent on input grad compute: 1
id: mlp_moelayer ,Total cycles spent idle waiting for fwd finish: 6011810
id: mlp_moelayer ,Total cycles spent idle waiting for weight grad finish: 0
id: mlp_moelayer ,Total cycles spent idle waiting for input grad finish: 6011810
id: mlp_moelayer ,Total cycles spent on fwd pass comm: 6011810
id: mlp_moelayer ,Total cycles spent on weight grad comm: 0
id: mlp_moelayer ,Total cycles spent on input grad comm: 6011810
*******************
Layer id: attention_column
Total collectives issued for this layer: 1
*************************  Workload stats  ************************* attention_column
id: attention_column ,Total cycles spent on fwd pass compute: 1
id: attention_column ,Total cycles spent on weight grad compute: 1
id: attention_column ,Total cycles spent on input grad compute: 1
id: attention_column ,Total cycles spent idle waiting for fwd finish: 6023460
id: attention_column ,Total cycles spent idle waiting for weight grad finish: 0
id: attention_column ,Total cycles spent idle waiting for input grad finish: 0
id: attention_column ,Total cycles spent on fwd pass comm: 6023460
id: attention_column ,Total cycles spent on weight grad comm: 0
id: attention_column ,Total cycles spent on input grad comm: 0
*******************
Layer id: attention_row
Total collectives issued for this layer: 1
*************************  Workload stats  ************************* attention_row
id: attention_row ,Total cycles spent on fwd pass compute: 1
id: attention_row ,Total cycles spent on weight grad compute: 1
id: attention_row ,Total cycles spent on input grad compute: 1
id: attention_row ,Total cycles spent idle waiting for fwd finish: 6023460
id: attention_row ,Total cycles spent idle waiting for weight grad finish: 0
id: attention_row ,Total cycles spent idle waiting for input grad finish: 0
id: attention_row ,Total cycles spent on fwd pass comm: 6023460
id: attention_row ,Total cycles spent on weight grad comm: 0
id: attention_row ,Total cycles spent on input grad comm: 0
*******************
Layer id: mlp_moelayer
Total collectives issued for this layer: 2
*************************  Workload stats  ************************* mlp_moelayer
id: mlp_moelayer ,Total cycles spent on fwd pass compute: 1
id: mlp_moelayer ,Total cycles spent on weight grad compute: 1
id: mlp_moelayer ,Total cycles spent on input grad compute: 1
id: mlp_moelayer ,Total cycles spent idle waiting for fwd finish: 6000232
id: mlp_moelayer ,Total cycles spent idle waiting for weight grad finish: 0
id: mlp_moelayer ,Total cycles spent idle waiting for input grad finish: 6000232
id: mlp_moelayer ,Total cycles spent on fwd pass comm: 6000232
id: mlp_moelayer ,Total cycles spent on weight grad comm: 0
id: mlp_moelayer ,Total cycles spent on input grad comm: 6000232
*******************
Layer id: mlp_moelayer
Total collectives issued for this layer: 2
*************************  Workload stats  ************************* mlp_moelayer
id: mlp_moelayer ,Total cycles spent on fwd pass compute: 1
id: mlp_moelayer ,Total cycles spent on weight grad compute: 1
id: mlp_moelayer ,Total cycles spent on input grad compute: 1
id: mlp_moelayer ,Total cycles spent idle waiting for fwd finish: 6011810
id: mlp_moelayer ,Total cycles spent idle waiting for weight grad finish: 0
id: mlp_moelayer ,Total cycles spent idle waiting for input grad finish: 6011810
id: mlp_moelayer ,Total cycles spent on fwd pass comm: 6011810
id: mlp_moelayer ,Total cycles spent on weight grad comm: 0
id: mlp_moelayer ,Total cycles spent on input grad comm: 6011810
*******************
Layer id: mlp_moelayer
Total collectives issued for this layer: 2
*************************  Workload stats  ************************* mlp_moelayer
id: mlp_moelayer ,Total cycles spent on fwd pass compute: 1
id: mlp_moelayer ,Total cycles spent on weight grad compute: 1
id: mlp_moelayer ,Total cycles spent on input grad compute: 1
id: mlp_moelayer ,Total cycles spent idle waiting for fwd finish: 6046763
id: mlp_moelayer ,Total cycles spent idle waiting for weight grad finish: 0
id: mlp_moelayer ,Total cycles spent idle waiting for input grad finish: 6046763
id: mlp_moelayer ,Total cycles spent on fwd pass comm: 6046763
id: mlp_moelayer ,Total cycles spent on weight grad comm: 0
id: mlp_moelayer ,Total cycles spent on input grad comm: 6046763
*******************
Layer id: mlp_moelayer
Total collectives issued for this layer: 2
*************************  Workload stats  ************************* mlp_moelayer
id: mlp_moelayer ,Total cycles spent on fwd pass compute: 1
id: mlp_moelayer ,Total cycles spent on weight grad compute: 1
id: mlp_moelayer ,Total cycles spent on input grad compute: 1
id: mlp_moelayer ,Total cycles spent idle waiting for fwd finish: 6046762
id: mlp_moelayer ,Total cycles spent idle waiting for weight grad finish: 0
id: mlp_moelayer ,Total cycles spent idle waiting for input grad finish: 6093366
id: mlp_moelayer ,Total cycles spent on fwd pass comm: 6046762
id: mlp_moelayer ,Total cycles spent on weight grad comm: 0
id: mlp_moelayer ,Total cycles spent on input grad comm: 6093366
*******************
Layer id: mlp_moelayer
Total collectives issued for this layer: 2
*************************  Workload stats  ************************* mlp_moelayer
id: mlp_moelayer ,Total cycles spent on fwd pass compute: 1
id: mlp_moelayer ,Total cycles spent on weight grad compute: 1
id: mlp_moelayer ,Total cycles spent on input grad compute: 1
id: mlp_moelayer ,Total cycles spent idle waiting for fwd finish: 6046762
id: mlp_moelayer ,Total cycles spent idle waiting for weight grad finish: 0
id: mlp_moelayer ,Total cycles spent idle waiting for input grad finish: 6046762
id: mlp_moelayer ,Total cycles spent on fwd pass comm: 6046762
id: mlp_moelayer ,Total cycles spent on weight grad comm: 0
id: mlp_moelayer ,Total cycles spent on input grad comm: 6046762
*******************
Layer id: mlp_moelayer
Total collectives issued for this layer: 2
*************************  Workload stats  ************************* mlp_moelayer
id: mlp_moelayer ,Total cycles spent on fwd pass compute: 1
id: mlp_moelayer ,Total cycles spent on weight grad compute: 1
id: mlp_moelayer ,Total cycles spent on input grad compute: 1
id: mlp_moelayer ,Total cycles spent idle waiting for fwd finish: 6046763
id: mlp_moelayer ,Total cycles spent idle waiting for weight grad finish: 0
id: mlp_moelayer ,Total cycles spent idle waiting for input grad finish: 6046763
id: mlp_moelayer ,Total cycles spent on fwd pass comm: 6046763
id: mlp_moelayer ,Total cycles spent on weight grad comm: 0
id: mlp_moelayer ,Total cycles spent on input grad comm: 6046763
*******************
Layer id: mlp_moelayer
Total collectives issued for this layer: 2
*************************  Workload stats  ************************* mlp_moelayer
id: mlp_moelayer ,Total cycles spent on fwd pass compute: 1
id: mlp_moelayer ,Total cycles spent on weight grad compute: 1
id: mlp_moelayer ,Total cycles spent on input grad compute: 1
id: mlp_moelayer ,Total cycles spent idle waiting for fwd finish: 6011810
id: mlp_moelayer ,Total cycles spent idle waiting for weight grad finish: 0
id: mlp_moelayer ,Total cycles spent idle waiting for input grad finish: 6011810
id: mlp_moelayer ,Total cycles spent on fwd pass comm: 6011810
id: mlp_moelayer ,Total cycles spent on weight grad comm: 0
id: mlp_moelayer ,Total cycles spent on input grad comm: 6011810
*******************
Layer id: final_column
Total collectives issued for this layer: 1
*************************  Workload stats  ************************* final_column
id: final_column ,Total cycles spent on fwd pass compute: 1
id: final_column ,Total cycles spent on weight grad compute: 1
id: final_column ,Total cycles spent on input grad compute: 1
id: final_column ,Total cycles spent idle waiting for fwd finish: 6023460
id: final_column ,Total cycles spent idle waiting for weight grad finish: 0
id: final_column ,Total cycles spent idle waiting for input grad finish: 0
id: final_column ,Total cycles spent on fwd pass comm: 6023460
id: final_column ,Total cycles spent on weight grad comm: 0
id: final_column ,Total cycles spent on input grad comm: 0
*******************
Layer id: embedding_norm
Total collectives issued for this layer: 1
*************************  Workload stats  ************************* embedding_norm
id: embedding_norm ,Total cycles spent on fwd pass compute: 1
id: embedding_norm ,Total cycles spent on weight grad compute: 1
id: embedding_norm ,Total cycles spent on input grad compute: 1
id: embedding_norm ,Total cycles spent idle waiting for fwd finish: 12364306
id: embedding_norm ,Total cycles spent idle waiting for weight grad finish: 0
id: embedding_norm ,Total cycles spent idle waiting for input grad finish: 0
id: embedding_norm ,Total cycles spent on fwd pass comm: 12364306
id: embedding_norm ,Total cycles spent on weight grad comm: 0
id: embedding_norm ,Total cycles spent on input grad comm: 0
*******************
Layer id: embedding_layer
Total collectives issued for this layer: 0
*************************  Workload stats  ************************* embedding_layer
id: embedding_layer ,Total cycles spent on fwd pass compute: 1
id: embedding_layer ,Total cycles spent on weight grad compute: 1
id: embedding_layer ,Total cycles spent on input grad compute: 1
id: embedding_layer ,Total cycles spent idle waiting for fwd finish: 0
id: embedding_layer ,Total cycles spent idle waiting for weight grad finish: 0
id: embedding_layer ,Total cycles spent idle waiting for input grad finish: 0
id: embedding_layer ,Total cycles spent on fwd pass comm: 0
id: embedding_layer ,Total cycles spent on weight grad comm: 0
id: embedding_layer ,Total cycles spent on input grad comm: 0
*******************
Layer id: attention_column
Total collectives issued for this layer: 1
*************************  Workload stats  ************************* attention_column
id: attention_column ,Total cycles spent on fwd pass compute: 1
id: attention_column ,Total cycles spent on weight grad compute: 1
id: attention_column ,Total cycles spent on input grad compute: 1
id: attention_column ,Total cycles spent idle waiting for fwd finish: 6023460
id: attention_column ,Total cycles spent idle waiting for weight grad finish: 0
id: attention_column ,Total cycles spent idle waiting for input grad finish: 0
id: attention_column ,Total cycles spent on fwd pass comm: 6023460
id: attention_column ,Total cycles spent on weight grad comm: 0
id: attention_column ,Total cycles spent on input grad comm: 0
*******************
Layer id: attention_row
Total collectives issued for this layer: 1
*************************  Workload stats  ************************* attention_row
id: attention_row ,Total cycles spent on fwd pass compute: 1
id: attention_row ,Total cycles spent on weight grad compute: 1
id: attention_row ,Total cycles spent on input grad compute: 1
id: attention_row ,Total cycles spent idle waiting for fwd finish: 6023460
id: attention_row ,Total cycles spent idle waiting for weight grad finish: 0
id: attention_row ,Total cycles spent idle waiting for input grad finish: 0
id: attention_row ,Total cycles spent on fwd pass comm: 6023460
id: attention_row ,Total cycles spent on weight grad comm: 0
id: attention_row ,Total cycles spent on input grad comm: 0
*******************
Layer id: mlp_moelayer
Total collectives issued for this layer: 2
*************************  Workload stats  ************************* mlp_moelayer
id: mlp_moelayer ,Total cycles spent on fwd pass compute: 1
id: mlp_moelayer ,Total cycles spent on weight grad compute: 1
id: mlp_moelayer ,Total cycles spent on input grad compute: 1
id: mlp_moelayer ,Total cycles spent idle waiting for fwd finish: 6000232
id: mlp_moelayer ,Total cycles spent idle waiting for weight grad finish: 0
id: mlp_moelayer ,Total cycles spent idle waiting for input grad finish: 6000232
id: mlp_moelayer ,Total cycles spent on fwd pass comm: 6000232
id: mlp_moelayer ,Total cycles spent on weight grad comm: 0
id: mlp_moelayer ,Total cycles spent on input grad comm: 6000232
*******************
Layer id: mlp_moelayer
Total collectives issued for this layer: 2
*************************  Workload stats  ************************* mlp_moelayer
id: mlp_moelayer ,Total cycles spent on fwd pass compute: 1
id: mlp_moelayer ,Total cycles spent on weight grad compute: 1
id: mlp_moelayer ,Total cycles spent on input grad compute: 1
id: mlp_moelayer ,Total cycles spent idle waiting for fwd finish: 6011810
id: mlp_moelayer ,Total cycles spent idle waiting for weight grad finish: 0
id: mlp_moelayer ,Total cycles spent idle waiting for input grad finish: 6011810
id: mlp_moelayer ,Total cycles spent on fwd pass comm: 6011810
id: mlp_moelayer ,Total cycles spent on weight grad comm: 0
id: mlp_moelayer ,Total cycles spent on input grad comm: 6011810
*******************
Layer id: mlp_moelayer
Total collectives issued for this layer: 2
*************************  Workload stats  ************************* mlp_moelayer
id: mlp_moelayer ,Total cycles spent on fwd pass compute: 1
id: mlp_moelayer ,Total cycles spent on weight grad compute: 1
id: mlp_moelayer ,Total cycles spent on input grad compute: 1
id: mlp_moelayer ,Total cycles spent idle waiting for fwd finish: 6046763
id: mlp_moelayer ,Total cycles spent idle waiting for weight grad finish: 0
id: mlp_moelayer ,Total cycles spent idle waiting for input grad finish: 6046763
id: mlp_moelayer ,Total cycles spent on fwd pass comm: 6046763
id: mlp_moelayer ,Total cycles spent on weight grad comm: 0
id: mlp_moelayer ,Total cycles spent on input grad comm: 6046763
*******************
Layer id: mlp_moelayer
Total collectives issued for this layer: 2
*************************  Workload stats  ************************* mlp_moelayer
id: mlp_moelayer ,Total cycles spent on fwd pass compute: 1
id: mlp_moelayer ,Total cycles spent on weight grad compute: 1
id: mlp_moelayer ,Total cycles spent on input grad compute: 1
id: mlp_moelayer ,Total cycles spent idle waiting for fwd finish: 6046762
id: mlp_moelayer ,Total cycles spent idle waiting for weight grad finish: 0
id: mlp_moelayer ,Total cycles spent idle waiting for input grad finish: 6093366
id: mlp_moelayer ,Total cycles spent on fwd pass comm: 6046762
id: mlp_moelayer ,Total cycles spent on weight grad comm: 0
id: mlp_moelayer ,Total cycles spent on input grad comm: 6093366
*******************
Layer id: mlp_moelayer
Total collectives issued for this layer: 2
*************************  Workload stats  ************************* mlp_moelayer
id: mlp_moelayer ,Total cycles spent on fwd pass compute: 1
id: mlp_moelayer ,Total cycles spent on weight grad compute: 1
id: mlp_moelayer ,Total cycles spent on input grad compute: 1
id: mlp_moelayer ,Total cycles spent idle waiting for fwd finish: 6046762
id: mlp_moelayer ,Total cycles spent idle waiting for weight grad finish: 0
id: mlp_moelayer ,Total cycles spent idle waiting for input grad finish: 6046762
id: mlp_moelayer ,Total cycles spent on fwd pass comm: 6046762
id: mlp_moelayer ,Total cycles spent on weight grad comm: 0
id: mlp_moelayer ,Total cycles spent on input grad comm: 6046762
*******************
Layer id: mlp_moelayer
Total collectives issued for this layer: 2
*************************  Workload stats  ************************* mlp_moelayer
id: mlp_moelayer ,Total cycles spent on fwd pass compute: 1
id: mlp_moelayer ,Total cycles spent on weight grad compute: 1
id: mlp_moelayer ,Total cycles spent on input grad compute: 1
id: mlp_moelayer ,Total cycles spent idle waiting for fwd finish: 6046763
id: mlp_moelayer ,Total cycles spent idle waiting for weight grad finish: 0
id: mlp_moelayer ,Total cycles spent idle waiting for input grad finish: 6046763
id: mlp_moelayer ,Total cycles spent on fwd pass comm: 6046763
id: mlp_moelayer ,Total cycles spent on weight grad comm: 0
id: mlp_moelayer ,Total cycles spent on input grad comm: 6046763
*******************
Layer id: mlp_moelayer
Total collectives issued for this layer: 2
*************************  Workload stats  ************************* mlp_moelayer
id: mlp_moelayer ,Total cycles spent on fwd pass compute: 1
id: mlp_moelayer ,Total cycles spent on weight grad compute: 1
id: mlp_moelayer ,Total cycles spent on input grad compute: 1
id: mlp_moelayer ,Total cycles spent idle waiting for fwd finish: 6011810
id: mlp_moelayer ,Total cycles spent idle waiting for weight grad finish: 0
id: mlp_moelayer ,Total cycles spent idle waiting for input grad finish: 6011810
id: mlp_moelayer ,Total cycles spent on fwd pass comm: 6011810
id: mlp_moelayer ,Total cycles spent on weight grad comm: 0
id: mlp_moelayer ,Total cycles spent on input grad comm: 6011810
*******************
Layer id: attention_column
Total collectives issued for this layer: 1
*************************  Workload stats  ************************* attention_column
id: attention_column ,Total cycles spent on fwd pass compute: 1
id: attention_column ,Total cycles spent on weight grad compute: 1
id: attention_column ,Total cycles spent on input grad compute: 1
id: attention_column ,Total cycles spent idle waiting for fwd finish: 6023460
id: attention_column ,Total cycles spent idle waiting for weight grad finish: 0
id: attention_column ,Total cycles spent idle waiting for input grad finish: 0
id: attention_column ,Total cycles spent on fwd pass comm: 6023460
id: attention_column ,Total cycles spent on weight grad comm: 0
id: attention_column ,Total cycles spent on input grad comm: 0
*******************
Layer id: attention_row
Total collectives issued for this layer: 1
*************************  Workload stats  ************************* attention_row
id: attention_row ,Total cycles spent on fwd pass compute: 1
id: attention_row ,Total cycles spent on weight grad compute: 1
id: attention_row ,Total cycles spent on input grad compute: 1
id: attention_row ,Total cycles spent idle waiting for fwd finish: 6023460
id: attention_row ,Total cycles spent idle waiting for weight grad finish: 0
id: attention_row ,Total cycles spent idle waiting for input grad finish: 0
id: attention_row ,Total cycles spent on fwd pass comm: 6023460
id: attention_row ,Total cycles spent on weight grad comm: 0
id: attention_row ,Total cycles spent on input grad comm: 0
*******************
Layer id: mlp_moelayer
Total collectives issued for this layer: 2
*************************  Workload stats  ************************* mlp_moelayer
id: mlp_moelayer ,Total cycles spent on fwd pass compute: 1
id: mlp_moelayer ,Total cycles spent on weight grad compute: 1
id: mlp_moelayer ,Total cycles spent on input grad compute: 1
id: mlp_moelayer ,Total cycles spent idle waiting for fwd finish: 6000232
id: mlp_moelayer ,Total cycles spent idle waiting for weight grad finish: 0
id: mlp_moelayer ,Total cycles spent idle waiting for input grad finish: 6000232
id: mlp_moelayer ,Total cycles spent on fwd pass comm: 6000232
id: mlp_moelayer ,Total cycles spent on weight grad comm: 0
id: mlp_moelayer ,Total cycles spent on input grad comm: 6000232
*******************
Layer id: mlp_moelayer
Total collectives issued for this layer: 2
*************************  Workload stats  ************************* mlp_moelayer
id: mlp_moelayer ,Total cycles spent on fwd pass compute: 1
id: mlp_moelayer ,Total cycles spent on weight grad compute: 1
id: mlp_moelayer ,Total cycles spent on input grad compute: 1
id: mlp_moelayer ,Total cycles spent idle waiting for fwd finish: 6011810
id: mlp_moelayer ,Total cycles spent idle waiting for weight grad finish: 0
id: mlp_moelayer ,Total cycles spent idle waiting for input grad finish: 6011810
id: mlp_moelayer ,Total cycles spent on fwd pass comm: 6011810
id: mlp_moelayer ,Total cycles spent on weight grad comm: 0
id: mlp_moelayer ,Total cycles spent on input grad comm: 6011810
*******************
Layer id: mlp_moelayer
Total collectives issued for this layer: 2
*************************  Workload stats  ************************* mlp_moelayer
id: mlp_moelayer ,Total cycles spent on fwd pass compute: 1
id: mlp_moelayer ,Total cycles spent on weight grad compute: 1
id: mlp_moelayer ,Total cycles spent on input grad compute: 1
id: mlp_moelayer ,Total cycles spent idle waiting for fwd finish: 6046763
id: mlp_moelayer ,Total cycles spent idle waiting for weight grad finish: 0
id: mlp_moelayer ,Total cycles spent idle waiting for input grad finish: 6046763
id: mlp_moelayer ,Total cycles spent on fwd pass comm: 6046763
id: mlp_moelayer ,Total cycles spent on weight grad comm: 0
id: mlp_moelayer ,Total cycles spent on input grad comm: 6046763
*******************
Layer id: mlp_moelayer
Total collectives issued for this layer: 2
*************************  Workload stats  ************************* mlp_moelayer
id: mlp_moelayer ,Total cycles spent on fwd pass compute: 1
id: mlp_moelayer ,Total cycles spent on weight grad compute: 1
id: mlp_moelayer ,Total cycles spent on input grad compute: 1
id: mlp_moelayer ,Total cycles spent idle waiting for fwd finish: 6046762
id: mlp_moelayer ,Total cycles spent idle waiting for weight grad finish: 0
id: mlp_moelayer ,Total cycles spent idle waiting for input grad finish: 6093366
id: mlp_moelayer ,Total cycles spent on fwd pass comm: 6046762
id: mlp_moelayer ,Total cycles spent on weight grad comm: 0
id: mlp_moelayer ,Total cycles spent on input grad comm: 6093366
*******************
Layer id: mlp_moelayer
Total collectives issued for this layer: 2
*************************  Workload stats  ************************* mlp_moelayer
id: mlp_moelayer ,Total cycles spent on fwd pass compute: 1
id: mlp_moelayer ,Total cycles spent on weight grad compute: 1
id: mlp_moelayer ,Total cycles spent on input grad compute: 1
id: mlp_moelayer ,Total cycles spent idle waiting for fwd finish: 6046762
id: mlp_moelayer ,Total cycles spent idle waiting for weight grad finish: 0
id: mlp_moelayer ,Total cycles spent idle waiting for input grad finish: 6046762
id: mlp_moelayer ,Total cycles spent on fwd pass comm: 6046762
id: mlp_moelayer ,Total cycles spent on weight grad comm: 0
id: mlp_moelayer ,Total cycles spent on input grad comm: 6046762
*******************
Layer id: mlp_moelayer
Total collectives issued for this layer: 2
*************************  Workload stats  ************************* mlp_moelayer
id: mlp_moelayer ,Total cycles spent on fwd pass compute: 1
id: mlp_moelayer ,Total cycles spent on weight grad compute: 1
id: mlp_moelayer ,Total cycles spent on input grad compute: 1
id: mlp_moelayer ,Total cycles spent idle waiting for fwd finish: 6046763
id: mlp_moelayer ,Total cycles spent idle waiting for weight grad finish: 0
id: mlp_moelayer ,Total cycles spent idle waiting for input grad finish: 6046763
id: mlp_moelayer ,Total cycles spent on fwd pass comm: 6046763
id: mlp_moelayer ,Total cycles spent on weight grad comm: 0
id: mlp_moelayer ,Total cycles spent on input grad comm: 6046763
*******************
Layer id: mlp_moelayer
Total collectives issued for this layer: 2
*************************  Workload stats  ************************* mlp_moelayer
id: mlp_moelayer ,Total cycles spent on fwd pass compute: 1
id: mlp_moelayer ,Total cycles spent on weight grad compute: 1
id: mlp_moelayer ,Total cycles spent on input grad compute: 1
id: mlp_moelayer ,Total cycles spent idle waiting for fwd finish: 6011810
id: mlp_moelayer ,Total cycles spent idle waiting for weight grad finish: 0
id: mlp_moelayer ,Total cycles spent idle waiting for input grad finish: 6011810
id: mlp_moelayer ,Total cycles spent on fwd pass comm: 6011810
id: mlp_moelayer ,Total cycles spent on weight grad comm: 0
id: mlp_moelayer ,Total cycles spent on input grad comm: 6011810
*******************
Layer id: attention_column
Total collectives issued for this layer: 1
*************************  Workload stats  ************************* attention_column
id: attention_column ,Total cycles spent on fwd pass compute: 1
id: attention_column ,Total cycles spent on weight grad compute: 1
id: attention_column ,Total cycles spent on input grad compute: 1
id: attention_column ,Total cycles spent idle waiting for fwd finish: 6023460
id: attention_column ,Total cycles spent idle waiting for weight grad finish: 0
id: attention_column ,Total cycles spent idle waiting for input grad finish: 0
id: attention_column ,Total cycles spent on fwd pass comm: 6023460
id: attention_column ,Total cycles spent on weight grad comm: 0
id: attention_column ,Total cycles spent on input grad comm: 0
*******************
Layer id: attention_row
Total collectives issued for this layer: 1
*************************  Workload stats  ************************* attention_row
id: attention_row ,Total cycles spent on fwd pass compute: 1
id: attention_row ,Total cycles spent on weight grad compute: 1
id: attention_row ,Total cycles spent on input grad compute: 1
id: attention_row ,Total cycles spent idle waiting for fwd finish: 6023460
id: attention_row ,Total cycles spent idle waiting for weight grad finish: 0
id: attention_row ,Total cycles spent idle waiting for input grad finish: 0
id: attention_row ,Total cycles spent on fwd pass comm: 6023460
id: attention_row ,Total cycles spent on weight grad comm: 0
id: attention_row ,Total cycles spent on input grad comm: 0
*******************
Layer id: mlp_moelayer
Total collectives issued for this layer: 2
*************************  Workload stats  ************************* mlp_moelayer
id: mlp_moelayer ,Total cycles spent on fwd pass compute: 1
id: mlp_moelayer ,Total cycles spent on weight grad compute: 1
id: mlp_moelayer ,Total cycles spent on input grad compute: 1
id: mlp_moelayer ,Total cycles spent idle waiting for fwd finish: 6000232
id: mlp_moelayer ,Total cycles spent idle waiting for weight grad finish: 0
id: mlp_moelayer ,Total cycles spent idle waiting for input grad finish: 6000232
id: mlp_moelayer ,Total cycles spent on fwd pass comm: 6000232
id: mlp_moelayer ,Total cycles spent on weight grad comm: 0
id: mlp_moelayer ,Total cycles spent on input grad comm: 6000232
*******************
Layer id: mlp_moelayer
Total collectives issued for this layer: 2
*************************  Workload stats  ************************* mlp_moelayer
id: mlp_moelayer ,Total cycles spent on fwd pass compute: 1
id: mlp_moelayer ,Total cycles spent on weight grad compute: 1
id: mlp_moelayer ,Total cycles spent on input grad compute: 1
id: mlp_moelayer ,Total cycles spent idle waiting for fwd finish: 6011810
id: mlp_moelayer ,Total cycles spent idle waiting for weight grad finish: 0
id: mlp_moelayer ,Total cycles spent idle waiting for input grad finish: 6011810
id: mlp_moelayer ,Total cycles spent on fwd pass comm: 6011810
id: mlp_moelayer ,Total cycles spent on weight grad comm: 0
id: mlp_moelayer ,Total cycles spent on input grad comm: 6011810
*******************
Layer id: mlp_moelayer
Total collectives issued for this layer: 2
*************************  Workload stats  ************************* mlp_moelayer
id: mlp_moelayer ,Total cycles spent on fwd pass compute: 1
id: mlp_moelayer ,Total cycles spent on weight grad compute: 1
id: mlp_moelayer ,Total cycles spent on input grad compute: 1
id: mlp_moelayer ,Total cycles spent idle waiting for fwd finish: 6046763
id: mlp_moelayer ,Total cycles spent idle waiting for weight grad finish: 0
id: mlp_moelayer ,Total cycles spent idle waiting for input grad finish: 6046763
id: mlp_moelayer ,Total cycles spent on fwd pass comm: 6046763
id: mlp_moelayer ,Total cycles spent on weight grad comm: 0
id: mlp_moelayer ,Total cycles spent on input grad comm: 6046763
*******************
Layer id: mlp_moelayer
Total collectives issued for this layer: 2
*************************  Workload stats  ************************* mlp_moelayer
id: mlp_moelayer ,Total cycles spent on fwd pass compute: 1
id: mlp_moelayer ,Total cycles spent on weight grad compute: 1
id: mlp_moelayer ,Total cycles spent on input grad compute: 1
id: mlp_moelayer ,Total cycles spent idle waiting for fwd finish: 6046762
id: mlp_moelayer ,Total cycles spent idle waiting for weight grad finish: 0
id: mlp_moelayer ,Total cycles spent idle waiting for input grad finish: 6093366
id: mlp_moelayer ,Total cycles spent on fwd pass comm: 6046762
id: mlp_moelayer ,Total cycles spent on weight grad comm: 0
id: mlp_moelayer ,Total cycles spent on input grad comm: 6093366
*******************
Layer id: mlp_moelayer
Total collectives issued for this layer: 2
*************************  Workload stats  ************************* mlp_moelayer
id: mlp_moelayer ,Total cycles spent on fwd pass compute: 1
id: mlp_moelayer ,Total cycles spent on weight grad compute: 1
id: mlp_moelayer ,Total cycles spent on input grad compute: 1
id: mlp_moelayer ,Total cycles spent idle waiting for fwd finish: 6046762
id: mlp_moelayer ,Total cycles spent idle waiting for weight grad finish: 0
id: mlp_moelayer ,Total cycles spent idle waiting for input grad finish: 6046762
id: mlp_moelayer ,Total cycles spent on fwd pass comm: 6046762
id: mlp_moelayer ,Total cycles spent on weight grad comm: 0
id: mlp_moelayer ,Total cycles spent on input grad comm: 6046762
*******************
Layer id: mlp_moelayer
Total collectives issued for this layer: 2
*************************  Workload stats  ************************* mlp_moelayer
id: mlp_moelayer ,Total cycles spent on fwd pass compute: 1
id: mlp_moelayer ,Total cycles spent on weight grad compute: 1
id: mlp_moelayer ,Total cycles spent on input grad compute: 1
id: mlp_moelayer ,Total cycles spent idle waiting for fwd finish: 6046763
id: mlp_moelayer ,Total cycles spent idle waiting for weight grad finish: 0
id: mlp_moelayer ,Total cycles spent idle waiting for input grad finish: 6046763
id: mlp_moelayer ,Total cycles spent on fwd pass comm: 6046763
id: mlp_moelayer ,Total cycles spent on weight grad comm: 0
id: mlp_moelayer ,Total cycles spent on input grad comm: 6046763
*******************
Layer id: mlp_moelayer
Total collectives issued for this layer: 2
*************************  Workload stats  ************************* mlp_moelayer
id: mlp_moelayer ,Total cycles spent on fwd pass compute: 1
id: mlp_moelayer ,Total cycles spent on weight grad compute: 1
id: mlp_moelayer ,Total cycles spent on input grad compute: 1
id: mlp_moelayer ,Total cycles spent idle waiting for fwd finish: 6011810
id: mlp_moelayer ,Total cycles spent idle waiting for weight grad finish: 0
id: mlp_moelayer ,Total cycles spent idle waiting for input grad finish: 6011810
id: mlp_moelayer ,Total cycles spent on fwd pass comm: 6011810
id: mlp_moelayer ,Total cycles spent on weight grad comm: 0
id: mlp_moelayer ,Total cycles spent on input grad comm: 6011810
*******************
Layer id: attention_column
Total collectives issued for this layer: 1
*************************  Workload stats  ************************* attention_column
id: attention_column ,Total cycles spent on fwd pass compute: 1
id: attention_column ,Total cycles spent on weight grad compute: 1
id: attention_column ,Total cycles spent on input grad compute: 1
id: attention_column ,Total cycles spent idle waiting for fwd finish: 6023460
id: attention_column ,Total cycles spent idle waiting for weight grad finish: 0
id: attention_column ,Total cycles spent idle waiting for input grad finish: 0
id: attention_column ,Total cycles spent on fwd pass comm: 6023460
id: attention_column ,Total cycles spent on weight grad comm: 0
id: attention_column ,Total cycles spent on input grad comm: 0
*******************
Layer id: attention_row
Total collectives issued for this layer: 1
*************************  Workload stats  ************************* attention_row
id: attention_row ,Total cycles spent on fwd pass compute: 1
id: attention_row ,Total cycles spent on weight grad compute: 1
id: attention_row ,Total cycles spent on input grad compute: 1
id: attention_row ,Total cycles spent idle waiting for fwd finish: 6023460
id: attention_row ,Total cycles spent idle waiting for weight grad finish: 0
id: attention_row ,Total cycles spent idle waiting for input grad finish: 0
id: attention_row ,Total cycles spent on fwd pass comm: 6023460
id: attention_row ,Total cycles spent on weight grad comm: 0
id: attention_row ,Total cycles spent on input grad comm: 0
*******************
Layer id: mlp_moelayer
Total collectives issued for this layer: 2
*************************  Workload stats  ************************* mlp_moelayer
id: mlp_moelayer ,Total cycles spent on fwd pass compute: 1
id: mlp_moelayer ,Total cycles spent on weight grad compute: 1
id: mlp_moelayer ,Total cycles spent on input grad compute: 1
id: mlp_moelayer ,Total cycles spent idle waiting for fwd finish: 6000232
id: mlp_moelayer ,Total cycles spent idle waiting for weight grad finish: 0
id: mlp_moelayer ,Total cycles spent idle waiting for input grad finish: 6000232
id: mlp_moelayer ,Total cycles spent on fwd pass comm: 6000232
id: mlp_moelayer ,Total cycles spent on weight grad comm: 0
id: mlp_moelayer ,Total cycles spent on input grad comm: 6000232
*******************
Layer id: mlp_moelayer
Total collectives issued for this layer: 2
*************************  Workload stats  ************************* mlp_moelayer
id: mlp_moelayer ,Total cycles spent on fwd pass compute: 1
id: mlp_moelayer ,Total cycles spent on weight grad compute: 1
id: mlp_moelayer ,Total cycles spent on input grad compute: 1
id: mlp_moelayer ,Total cycles spent idle waiting for fwd finish: 6011810
id: mlp_moelayer ,Total cycles spent idle waiting for weight grad finish: 0
id: mlp_moelayer ,Total cycles spent idle waiting for input grad finish: 6011810
id: mlp_moelayer ,Total cycles spent on fwd pass comm: 6011810
id: mlp_moelayer ,Total cycles spent on weight grad comm: 0
id: mlp_moelayer ,Total cycles spent on input grad comm: 6011810
*******************
Layer id: mlp_moelayer
Total collectives issued for this layer: 2
*************************  Workload stats  ************************* mlp_moelayer
id: mlp_moelayer ,Total cycles spent on fwd pass compute: 1
id: mlp_moelayer ,Total cycles spent on weight grad compute: 1
id: mlp_moelayer ,Total cycles spent on input grad compute: 1
id: mlp_moelayer ,Total cycles spent idle waiting for fwd finish: 6046763
id: mlp_moelayer ,Total cycles spent idle waiting for weight grad finish: 0
id: mlp_moelayer ,Total cycles spent idle waiting for input grad finish: 6046763
id: mlp_moelayer ,Total cycles spent on fwd pass comm: 6046763
id: mlp_moelayer ,Total cycles spent on weight grad comm: 0
id: mlp_moelayer ,Total cycles spent on input grad comm: 6046763
*******************
Layer id: mlp_moelayer
Total collectives issued for this layer: 2
*************************  Workload stats  ************************* mlp_moelayer
id: mlp_moelayer ,Total cycles spent on fwd pass compute: 1
id: mlp_moelayer ,Total cycles spent on weight grad compute: 1
id: mlp_moelayer ,Total cycles spent on input grad compute: 1
id: mlp_moelayer ,Total cycles spent idle waiting for fwd finish: 6046762
id: mlp_moelayer ,Total cycles spent idle waiting for weight grad finish: 0
id: mlp_moelayer ,Total cycles spent idle waiting for input grad finish: 6093366
id: mlp_moelayer ,Total cycles spent on fwd pass comm: 6046762
id: mlp_moelayer ,Total cycles spent on weight grad comm: 0
id: mlp_moelayer ,Total cycles spent on input grad comm: 6093366
*******************
Layer id: mlp_moelayer
Total collectives issued for this layer: 2
*************************  Workload stats  ************************* mlp_moelayer
id: mlp_moelayer ,Total cycles spent on fwd pass compute: 1
id: mlp_moelayer ,Total cycles spent on weight grad compute: 1
id: mlp_moelayer ,Total cycles spent on input grad compute: 1
id: mlp_moelayer ,Total cycles spent idle waiting for fwd finish: 6046762
id: mlp_moelayer ,Total cycles spent idle waiting for weight grad finish: 0
id: mlp_moelayer ,Total cycles spent idle waiting for input grad finish: 6046762
id: mlp_moelayer ,Total cycles spent on fwd pass comm: 6046762
id: mlp_moelayer ,Total cycles spent on weight grad comm: 0
id: mlp_moelayer ,Total cycles spent on input grad comm: 6046762
*******************
Layer id: mlp_moelayer
Total collectives issued for this layer: 2
*************************  Workload stats  ************************* mlp_moelayer
id: mlp_moelayer ,Total cycles spent on fwd pass compute: 1
id: mlp_moelayer ,Total cycles spent on weight grad compute: 1
id: mlp_moelayer ,Total cycles spent on input grad compute: 1
id: mlp_moelayer ,Total cycles spent idle waiting for fwd finish: 6046763
id: mlp_moelayer ,Total cycles spent idle waiting for weight grad finish: 0
id: mlp_moelayer ,Total cycles spent idle waiting for input grad finish: 6046763
id: mlp_moelayer ,Total cycles spent on fwd pass comm: 6046763
id: mlp_moelayer ,Total cycles spent on weight grad comm: 0
id: mlp_moelayer ,Total cycles spent on input grad comm: 6046763
*******************
Layer id: mlp_moelayer
Total collectives issued for this layer: 2
*************************  Workload stats  ************************* mlp_moelayer
id: mlp_moelayer ,Total cycles spent on fwd pass compute: 1
id: mlp_moelayer ,Total cycles spent on weight grad compute: 1
id: mlp_moelayer ,Total cycles spent on input grad compute: 1
id: mlp_moelayer ,Total cycles spent idle waiting for fwd finish: 6011810
id: mlp_moelayer ,Total cycles spent idle waiting for weight grad finish: 0
id: mlp_moelayer ,Total cycles spent idle waiting for input grad finish: 6011810
id: mlp_moelayer ,Total cycles spent on fwd pass comm: 6011810
id: mlp_moelayer ,Total cycles spent on weight grad comm: 0
id: mlp_moelayer ,Total cycles spent on input grad comm: 6011810
*******************
Layer id: attention_column
Total collectives issued for this layer: 1
*************************  Workload stats  ************************* attention_column
id: attention_column ,Total cycles spent on fwd pass compute: 1
id: attention_column ,Total cycles spent on weight grad compute: 1
id: attention_column ,Total cycles spent on input grad compute: 1
id: attention_column ,Total cycles spent idle waiting for fwd finish: 6023460
id: attention_column ,Total cycles spent idle waiting for weight grad finish: 0
id: attention_column ,Total cycles spent idle waiting for input grad finish: 0
id: attention_column ,Total cycles spent on fwd pass comm: 6023460
id: attention_column ,Total cycles spent on weight grad comm: 0
id: attention_column ,Total cycles spent on input grad comm: 0
*******************
Layer id: attention_row
Total collectives issued for this layer: 1
*************************  Workload stats  ************************* attention_row
id: attention_row ,Total cycles spent on fwd pass compute: 1
id: attention_row ,Total cycles spent on weight grad compute: 1
id: attention_row ,Total cycles spent on input grad compute: 1
id: attention_row ,Total cycles spent idle waiting for fwd finish: 6023460
id: attention_row ,Total cycles spent idle waiting for weight grad finish: 0
id: attention_row ,Total cycles spent idle waiting for input grad finish: 0
id: attention_row ,Total cycles spent on fwd pass comm: 6023460
id: attention_row ,Total cycles spent on weight grad comm: 0
id: attention_row ,Total cycles spent on input grad comm: 0
*******************
Layer id: mlp_moelayer
Total collectives issued for this layer: 2
*************************  Workload stats  ************************* mlp_moelayer
id: mlp_moelayer ,Total cycles spent on fwd pass compute: 1
id: mlp_moelayer ,Total cycles spent on weight grad compute: 1
id: mlp_moelayer ,Total cycles spent on input grad compute: 1
id: mlp_moelayer ,Total cycles spent idle waiting for fwd finish: 6000232
id: mlp_moelayer ,Total cycles spent idle waiting for weight grad finish: 0
id: mlp_moelayer ,Total cycles spent idle waiting for input grad finish: 6000232
id: mlp_moelayer ,Total cycles spent on fwd pass comm: 6000232
id: mlp_moelayer ,Total cycles spent on weight grad comm: 0
id: mlp_moelayer ,Total cycles spent on input grad comm: 6000232
*******************
Layer id: mlp_moelayer
Total collectives issued for this layer: 2
*************************  Workload stats  ************************* mlp_moelayer
id: mlp_moelayer ,Total cycles spent on fwd pass compute: 1
id: mlp_moelayer ,Total cycles spent on weight grad compute: 1
id: mlp_moelayer ,Total cycles spent on input grad compute: 1
id: mlp_moelayer ,Total cycles spent idle waiting for fwd finish: 6011810
id: mlp_moelayer ,Total cycles spent idle waiting for weight grad finish: 0
id: mlp_moelayer ,Total cycles spent idle waiting for input grad finish: 6011810
id: mlp_moelayer ,Total cycles spent on fwd pass comm: 6011810
id: mlp_moelayer ,Total cycles spent on weight grad comm: 0
id: mlp_moelayer ,Total cycles spent on input grad comm: 6011810
*******************
Layer id: mlp_moelayer
Total collectives issued for this layer: 2
*************************  Workload stats  ************************* mlp_moelayer
id: mlp_moelayer ,Total cycles spent on fwd pass compute: 1
id: mlp_moelayer ,Total cycles spent on weight grad compute: 1
id: mlp_moelayer ,Total cycles spent on input grad compute: 1
id: mlp_moelayer ,Total cycles spent idle waiting for fwd finish: 6046763
id: mlp_moelayer ,Total cycles spent idle waiting for weight grad finish: 0
id: mlp_moelayer ,Total cycles spent idle waiting for input grad finish: 6046763
id: mlp_moelayer ,Total cycles spent on fwd pass comm: 6046763
id: mlp_moelayer ,Total cycles spent on weight grad comm: 0
id: mlp_moelayer ,Total cycles spent on input grad comm: 6046763
*******************
Layer id: mlp_moelayer
Total collectives issued for this layer: 2
*************************  Workload stats  ************************* mlp_moelayer
id: mlp_moelayer ,Total cycles spent on fwd pass compute: 1
id: mlp_moelayer ,Total cycles spent on weight grad compute: 1
id: mlp_moelayer ,Total cycles spent on input grad compute: 1
id: mlp_moelayer ,Total cycles spent idle waiting for fwd finish: 6046762
id: mlp_moelayer ,Total cycles spent idle waiting for weight grad finish: 0
id: mlp_moelayer ,Total cycles spent idle waiting for input grad finish: 6093366
id: mlp_moelayer ,Total cycles spent on fwd pass comm: 6046762
id: mlp_moelayer ,Total cycles spent on weight grad comm: 0
id: mlp_moelayer ,Total cycles spent on input grad comm: 6093366
*******************
Layer id: mlp_moelayer
Total collectives issued for this layer: 2
*************************  Workload stats  ************************* mlp_moelayer
id: mlp_moelayer ,Total cycles spent on fwd pass compute: 1
id: mlp_moelayer ,Total cycles spent on weight grad compute: 1
id: mlp_moelayer ,Total cycles spent on input grad compute: 1
id: mlp_moelayer ,Total cycles spent idle waiting for fwd finish: 6046762
id: mlp_moelayer ,Total cycles spent idle waiting for weight grad finish: 0
id: mlp_moelayer ,Total cycles spent idle waiting for input grad finish: 6046762
id: mlp_moelayer ,Total cycles spent on fwd pass comm: 6046762
id: mlp_moelayer ,Total cycles spent on weight grad comm: 0
id: mlp_moelayer ,Total cycles spent on input grad comm: 6046762
*******************
Layer id: mlp_moelayer
Total collectives issued for this layer: 2
*************************  Workload stats  ************************* mlp_moelayer
id: mlp_moelayer ,Total cycles spent on fwd pass compute: 1
id: mlp_moelayer ,Total cycles spent on weight grad compute: 1
id: mlp_moelayer ,Total cycles spent on input grad compute: 1
id: mlp_moelayer ,Total cycles spent idle waiting for fwd finish: 6046763
id: mlp_moelayer ,Total cycles spent idle waiting for weight grad finish: 0
id: mlp_moelayer ,Total cycles spent idle waiting for input grad finish: 6046763
id: mlp_moelayer ,Total cycles spent on fwd pass comm: 6046763
id: mlp_moelayer ,Total cycles spent on weight grad comm: 0
id: mlp_moelayer ,Total cycles spent on input grad comm: 6046763
*******************
Layer id: mlp_moelayer
Total collectives issued for this layer: 2
*************************  Workload stats  ************************* mlp_moelayer
id: mlp_moelayer ,Total cycles spent on fwd pass compute: 1
id: mlp_moelayer ,Total cycles spent on weight grad compute: 1
id: mlp_moelayer ,Total cycles spent on input grad compute: 1
id: mlp_moelayer ,Total cycles spent idle waiting for fwd finish: 6011810
id: mlp_moelayer ,Total cycles spent idle waiting for weight grad finish: 0
id: mlp_moelayer ,Total cycles spent idle waiting for input grad finish: 6011810
id: mlp_moelayer ,Total cycles spent on fwd pass comm: 6011810
id: mlp_moelayer ,Total cycles spent on weight grad comm: 0
id: mlp_moelayer ,Total cycles spent on input grad comm: 6011810
*******************
Layer id: attention_column
Total collectives issued for this layer: 1
*************************  Workload stats  ************************* attention_column
id: attention_column ,Total cycles spent on fwd pass compute: 1
id: attention_column ,Total cycles spent on weight grad compute: 1
id: attention_column ,Total cycles spent on input grad compute: 1
id: attention_column ,Total cycles spent idle waiting for fwd finish: 6023460
id: attention_column ,Total cycles spent idle waiting for weight grad finish: 0
id: attention_column ,Total cycles spent idle waiting for input grad finish: 0
id: attention_column ,Total cycles spent on fwd pass comm: 6023460
id: attention_column ,Total cycles spent on weight grad comm: 0
id: attention_column ,Total cycles spent on input grad comm: 0
*******************
Layer id: attention_row
Total collectives issued for this layer: 1
*************************  Workload stats  ************************* attention_row
id: attention_row ,Total cycles spent on fwd pass compute: 1
id: attention_row ,Total cycles spent on weight grad compute: 1
id: attention_row ,Total cycles spent on input grad compute: 1
id: attention_row ,Total cycles spent idle waiting for fwd finish: 6023460
id: attention_row ,Total cycles spent idle waiting for weight grad finish: 0
id: attention_row ,Total cycles spent idle waiting for input grad finish: 0
id: attention_row ,Total cycles spent on fwd pass comm: 6023460
id: attention_row ,Total cycles spent on weight grad comm: 0
id: attention_row ,Total cycles spent on input grad comm: 0
*******************
Layer id: mlp_moelayer
Total collectives issued for this layer: 2
*************************  Workload stats  ************************* mlp_moelayer
id: mlp_moelayer ,Total cycles spent on fwd pass compute: 1
id: mlp_moelayer ,Total cycles spent on weight grad compute: 1
id: mlp_moelayer ,Total cycles spent on input grad compute: 1
id: mlp_moelayer ,Total cycles spent idle waiting for fwd finish: 6000232
id: mlp_moelayer ,Total cycles spent idle waiting for weight grad finish: 0
id: mlp_moelayer ,Total cycles spent idle waiting for input grad finish: 6000232
id: mlp_moelayer ,Total cycles spent on fwd pass comm: 6000232
id: mlp_moelayer ,Total cycles spent on weight grad comm: 0
id: mlp_moelayer ,Total cycles spent on input grad comm: 6000232
*******************
Layer id: mlp_moelayer
Total collectives issued for this layer: 2
*************************  Workload stats  ************************* mlp_moelayer
id: mlp_moelayer ,Total cycles spent on fwd pass compute: 1
id: mlp_moelayer ,Total cycles spent on weight grad compute: 1
id: mlp_moelayer ,Total cycles spent on input grad compute: 1
id: mlp_moelayer ,Total cycles spent idle waiting for fwd finish: 6011810
id: mlp_moelayer ,Total cycles spent idle waiting for weight grad finish: 0
id: mlp_moelayer ,Total cycles spent idle waiting for input grad finish: 6011810
id: mlp_moelayer ,Total cycles spent on fwd pass comm: 6011810
id: mlp_moelayer ,Total cycles spent on weight grad comm: 0
id: mlp_moelayer ,Total cycles spent on input grad comm: 6011810
*******************
Layer id: mlp_moelayer
Total collectives issued for this layer: 2
*************************  Workload stats  ************************* mlp_moelayer
id: mlp_moelayer ,Total cycles spent on fwd pass compute: 1
id: mlp_moelayer ,Total cycles spent on weight grad compute: 1
id: mlp_moelayer ,Total cycles spent on input grad compute: 1
id: mlp_moelayer ,Total cycles spent idle waiting for fwd finish: 6046763
id: mlp_moelayer ,Total cycles spent idle waiting for weight grad finish: 0
id: mlp_moelayer ,Total cycles spent idle waiting for input grad finish: 6046763
id: mlp_moelayer ,Total cycles spent on fwd pass comm: 6046763
id: mlp_moelayer ,Total cycles spent on weight grad comm: 0
id: mlp_moelayer ,Total cycles spent on input grad comm: 6046763
*******************
Layer id: mlp_moelayer
Total collectives issued for this layer: 2
*************************  Workload stats  ************************* mlp_moelayer
id: mlp_moelayer ,Total cycles spent on fwd pass compute: 1
id: mlp_moelayer ,Total cycles spent on weight grad compute: 1
id: mlp_moelayer ,Total cycles spent on input grad compute: 1
id: mlp_moelayer ,Total cycles spent idle waiting for fwd finish: 6046762
id: mlp_moelayer ,Total cycles spent idle waiting for weight grad finish: 0
id: mlp_moelayer ,Total cycles spent idle waiting for input grad finish: 6093366
id: mlp_moelayer ,Total cycles spent on fwd pass comm: 6046762
id: mlp_moelayer ,Total cycles spent on weight grad comm: 0
id: mlp_moelayer ,Total cycles spent on input grad comm: 6093366
*******************
Layer id: mlp_moelayer
Total collectives issued for this layer: 2
*************************  Workload stats  ************************* mlp_moelayer
id: mlp_moelayer ,Total cycles spent on fwd pass compute: 1
id: mlp_moelayer ,Total cycles spent on weight grad compute: 1
id: mlp_moelayer ,Total cycles spent on input grad compute: 1
id: mlp_moelayer ,Total cycles spent idle waiting for fwd finish: 6046762
id: mlp_moelayer ,Total cycles spent idle waiting for weight grad finish: 0
id: mlp_moelayer ,Total cycles spent idle waiting for input grad finish: 6046762
id: mlp_moelayer ,Total cycles spent on fwd pass comm: 6046762
id: mlp_moelayer ,Total cycles spent on weight grad comm: 0
id: mlp_moelayer ,Total cycles spent on input grad comm: 6046762
*******************
Layer id: mlp_moelayer
Total collectives issued for this layer: 2
*************************  Workload stats  ************************* mlp_moelayer
id: mlp_moelayer ,Total cycles spent on fwd pass compute: 1
id: mlp_moelayer ,Total cycles spent on weight grad compute: 1
id: mlp_moelayer ,Total cycles spent on input grad compute: 1
id: mlp_moelayer ,Total cycles spent idle waiting for fwd finish: 6046763
id: mlp_moelayer ,Total cycles spent idle waiting for weight grad finish: 0
id: mlp_moelayer ,Total cycles spent idle waiting for input grad finish: 6046763
id: mlp_moelayer ,Total cycles spent on fwd pass comm: 6046763
id: mlp_moelayer ,Total cycles spent on weight grad comm: 0
id: mlp_moelayer ,Total cycles spent on input grad comm: 6046763
*******************
Layer id: mlp_moelayer
Total collectives issued for this layer: 2
*************************  Workload stats  ************************* mlp_moelayer
id: mlp_moelayer ,Total cycles spent on fwd pass compute: 1
id: mlp_moelayer ,Total cycles spent on weight grad compute: 1
id: mlp_moelayer ,Total cycles spent on input grad compute: 1
id: mlp_moelayer ,Total cycles spent idle waiting for fwd finish: 6011810
id: mlp_moelayer ,Total cycles spent idle waiting for weight grad finish: 0
id: mlp_moelayer ,Total cycles spent idle waiting for input grad finish: 6011810
id: mlp_moelayer ,Total cycles spent on fwd pass comm: 6011810
id: mlp_moelayer ,Total cycles spent on weight grad comm: 0
id: mlp_moelayer ,Total cycles spent on input grad comm: 6011810
*******************
Layer id: attention_column
Total collectives issued for this layer: 1
*************************  Workload stats  ************************* attention_column
id: attention_column ,Total cycles spent on fwd pass compute: 1
id: attention_column ,Total cycles spent on weight grad compute: 1
id: attention_column ,Total cycles spent on input grad compute: 1
id: attention_column ,Total cycles spent idle waiting for fwd finish: 6023460
id: attention_column ,Total cycles spent idle waiting for weight grad finish: 0
id: attention_column ,Total cycles spent idle waiting for input grad finish: 0
id: attention_column ,Total cycles spent on fwd pass comm: 6023460
id: attention_column ,Total cycles spent on weight grad comm: 0
id: attention_column ,Total cycles spent on input grad comm: 0
*******************
Layer id: attention_row
Total collectives issued for this layer: 1
*************************  Workload stats  ************************* attention_row
id: attention_row ,Total cycles spent on fwd pass compute: 1
id: attention_row ,Total cycles spent on weight grad compute: 1
id: attention_row ,Total cycles spent on input grad compute: 1
id: attention_row ,Total cycles spent idle waiting for fwd finish: 6023460
id: attention_row ,Total cycles spent idle waiting for weight grad finish: 0
id: attention_row ,Total cycles spent idle waiting for input grad finish: 0
id: attention_row ,Total cycles spent on fwd pass comm: 6023460
id: attention_row ,Total cycles spent on weight grad comm: 0
id: attention_row ,Total cycles spent on input grad comm: 0
*******************
Layer id: mlp_moelayer
Total collectives issued for this layer: 2
*************************  Workload stats  ************************* mlp_moelayer
id: mlp_moelayer ,Total cycles spent on fwd pass compute: 1
id: mlp_moelayer ,Total cycles spent on weight grad compute: 1
id: mlp_moelayer ,Total cycles spent on input grad compute: 1
id: mlp_moelayer ,Total cycles spent idle waiting for fwd finish: 6000232
id: mlp_moelayer ,Total cycles spent idle waiting for weight grad finish: 0
id: mlp_moelayer ,Total cycles spent idle waiting for input grad finish: 6000232
id: mlp_moelayer ,Total cycles spent on fwd pass comm: 6000232
id: mlp_moelayer ,Total cycles spent on weight grad comm: 0
id: mlp_moelayer ,Total cycles spent on input grad comm: 6000232
*******************
Layer id: mlp_moelayer
Total collectives issued for this layer: 2
*************************  Workload stats  ************************* mlp_moelayer
id: mlp_moelayer ,Total cycles spent on fwd pass compute: 1
id: mlp_moelayer ,Total cycles spent on weight grad compute: 1
id: mlp_moelayer ,Total cycles spent on input grad compute: 1
id: mlp_moelayer ,Total cycles spent idle waiting for fwd finish: 6011810
id: mlp_moelayer ,Total cycles spent idle waiting for weight grad finish: 0
id: mlp_moelayer ,Total cycles spent idle waiting for input grad finish: 6011810
id: mlp_moelayer ,Total cycles spent on fwd pass comm: 6011810
id: mlp_moelayer ,Total cycles spent on weight grad comm: 0
id: mlp_moelayer ,Total cycles spent on input grad comm: 6011810
*******************
Layer id: mlp_moelayer
Total collectives issued for this layer: 2
*************************  Workload stats  ************************* mlp_moelayer
id: mlp_moelayer ,Total cycles spent on fwd pass compute: 1
id: mlp_moelayer ,Total cycles spent on weight grad compute: 1
id: mlp_moelayer ,Total cycles spent on input grad compute: 1
id: mlp_moelayer ,Total cycles spent idle waiting for fwd finish: 6046763
id: mlp_moelayer ,Total cycles spent idle waiting for weight grad finish: 0
id: mlp_moelayer ,Total cycles spent idle waiting for input grad finish: 6046763
id: mlp_moelayer ,Total cycles spent on fwd pass comm: 6046763
id: mlp_moelayer ,Total cycles spent on weight grad comm: 0
id: mlp_moelayer ,Total cycles spent on input grad comm: 6046763
*******************
Layer id: mlp_moelayer
Total collectives issued for this layer: 2
*************************  Workload stats  ************************* mlp_moelayer
id: mlp_moelayer ,Total cycles spent on fwd pass compute: 1
id: mlp_moelayer ,Total cycles spent on weight grad compute: 1
id: mlp_moelayer ,Total cycles spent on input grad compute: 1
id: mlp_moelayer ,Total cycles spent idle waiting for fwd finish: 6046762
id: mlp_moelayer ,Total cycles spent idle waiting for weight grad finish: 0
id: mlp_moelayer ,Total cycles spent idle waiting for input grad finish: 6093366
id: mlp_moelayer ,Total cycles spent on fwd pass comm: 6046762
id: mlp_moelayer ,Total cycles spent on weight grad comm: 0
id: mlp_moelayer ,Total cycles spent on input grad comm: 6093366
*******************
Layer id: mlp_moelayer
Total collectives issued for this layer: 2
*************************  Workload stats  ************************* mlp_moelayer
id: mlp_moelayer ,Total cycles spent on fwd pass compute: 1
id: mlp_moelayer ,Total cycles spent on weight grad compute: 1
id: mlp_moelayer ,Total cycles spent on input grad compute: 1
id: mlp_moelayer ,Total cycles spent idle waiting for fwd finish: 6046762
id: mlp_moelayer ,Total cycles spent idle waiting for weight grad finish: 0
id: mlp_moelayer ,Total cycles spent idle waiting for input grad finish: 6046762
id: mlp_moelayer ,Total cycles spent on fwd pass comm: 6046762
id: mlp_moelayer ,Total cycles spent on weight grad comm: 0
id: mlp_moelayer ,Total cycles spent on input grad comm: 6046762
*******************
Layer id: mlp_moelayer
Total collectives issued for this layer: 2
*************************  Workload stats  ************************* mlp_moelayer
id: mlp_moelayer ,Total cycles spent on fwd pass compute: 1
id: mlp_moelayer ,Total cycles spent on weight grad compute: 1
id: mlp_moelayer ,Total cycles spent on input grad compute: 1
id: mlp_moelayer ,Total cycles spent idle waiting for fwd finish: 6046763
id: mlp_moelayer ,Total cycles spent idle waiting for weight grad finish: 0
id: mlp_moelayer ,Total cycles spent idle waiting for input grad finish: 6046763
id: mlp_moelayer ,Total cycles spent on fwd pass comm: 6046763
id: mlp_moelayer ,Total cycles spent on weight grad comm: 0
id: mlp_moelayer ,Total cycles spent on input grad comm: 6046763
*******************
Layer id: mlp_moelayer
Total collectives issued for this layer: 2
*************************  Workload stats  ************************* mlp_moelayer
id: mlp_moelayer ,Total cycles spent on fwd pass compute: 1
id: mlp_moelayer ,Total cycles spent on weight grad compute: 1
id: mlp_moelayer ,Total cycles spent on input grad compute: 1
id: mlp_moelayer ,Total cycles spent idle waiting for fwd finish: 6011810
id: mlp_moelayer ,Total cycles spent idle waiting for weight grad finish: 0
id: mlp_moelayer ,Total cycles spent idle waiting for input grad finish: 6011810
id: mlp_moelayer ,Total cycles spent on fwd pass comm: 6011810
id: mlp_moelayer ,Total cycles spent on weight grad comm: 0
id: mlp_moelayer ,Total cycles spent on input grad comm: 6011810
*******************
Layer id: attention_column
Total collectives issued for this layer: 1
*************************  Workload stats  ************************* attention_column
id: attention_column ,Total cycles spent on fwd pass compute: 1
id: attention_column ,Total cycles spent on weight grad compute: 1
id: attention_column ,Total cycles spent on input grad compute: 1
id: attention_column ,Total cycles spent idle waiting for fwd finish: 6023460
id: attention_column ,Total cycles spent idle waiting for weight grad finish: 0
id: attention_column ,Total cycles spent idle waiting for input grad finish: 0
id: attention_column ,Total cycles spent on fwd pass comm: 6023460
id: attention_column ,Total cycles spent on weight grad comm: 0
id: attention_column ,Total cycles spent on input grad comm: 0
*******************
Layer id: attention_row
Total collectives issued for this layer: 1
*************************  Workload stats  ************************* attention_row
id: attention_row ,Total cycles spent on fwd pass compute: 1
id: attention_row ,Total cycles spent on weight grad compute: 1
id: attention_row ,Total cycles spent on input grad compute: 1
id: attention_row ,Total cycles spent idle waiting for fwd finish: 6023460
id: attention_row ,Total cycles spent idle waiting for weight grad finish: 0
id: attention_row ,Total cycles spent idle waiting for input grad finish: 0
id: attention_row ,Total cycles spent on fwd pass comm: 6023460
id: attention_row ,Total cycles spent on weight grad comm: 0
id: attention_row ,Total cycles spent on input grad comm: 0
*******************
Layer id: mlp_moelayer
Total collectives issued for this layer: 2
*************************  Workload stats  ************************* mlp_moelayer
id: mlp_moelayer ,Total cycles spent on fwd pass compute: 1
id: mlp_moelayer ,Total cycles spent on weight grad compute: 1
id: mlp_moelayer ,Total cycles spent on input grad compute: 1
id: mlp_moelayer ,Total cycles spent idle waiting for fwd finish: 6000232
id: mlp_moelayer ,Total cycles spent idle waiting for weight grad finish: 0
id: mlp_moelayer ,Total cycles spent idle waiting for input grad finish: 6000232
id: mlp_moelayer ,Total cycles spent on fwd pass comm: 6000232
id: mlp_moelayer ,Total cycles spent on weight grad comm: 0
id: mlp_moelayer ,Total cycles spent on input grad comm: 6000232
*******************
Layer id: mlp_moelayer
Total collectives issued for this layer: 2
*************************  Workload stats  ************************* mlp_moelayer
id: mlp_moelayer ,Total cycles spent on fwd pass compute: 1
id: mlp_moelayer ,Total cycles spent on weight grad compute: 1
id: mlp_moelayer ,Total cycles spent on input grad compute: 1
id: mlp_moelayer ,Total cycles spent idle waiting for fwd finish: 6011810
id: mlp_moelayer ,Total cycles spent idle waiting for weight grad finish: 0
id: mlp_moelayer ,Total cycles spent idle waiting for input grad finish: 6011810
id: mlp_moelayer ,Total cycles spent on fwd pass comm: 6011810
id: mlp_moelayer ,Total cycles spent on weight grad comm: 0
id: mlp_moelayer ,Total cycles spent on input grad comm: 6011810
*******************
Layer id: mlp_moelayer
Total collectives issued for this layer: 2
*************************  Workload stats  ************************* mlp_moelayer
id: mlp_moelayer ,Total cycles spent on fwd pass compute: 1
id: mlp_moelayer ,Total cycles spent on weight grad compute: 1
id: mlp_moelayer ,Total cycles spent on input grad compute: 1
id: mlp_moelayer ,Total cycles spent idle waiting for fwd finish: 6046763
id: mlp_moelayer ,Total cycles spent idle waiting for weight grad finish: 0
id: mlp_moelayer ,Total cycles spent idle waiting for input grad finish: 6046763
id: mlp_moelayer ,Total cycles spent on fwd pass comm: 6046763
id: mlp_moelayer ,Total cycles spent on weight grad comm: 0
id: mlp_moelayer ,Total cycles spent on input grad comm: 6046763
*******************
Layer id: mlp_moelayer
Total collectives issued for this layer: 2
*************************  Workload stats  ************************* mlp_moelayer
id: mlp_moelayer ,Total cycles spent on fwd pass compute: 1
id: mlp_moelayer ,Total cycles spent on weight grad compute: 1
id: mlp_moelayer ,Total cycles spent on input grad compute: 1
id: mlp_moelayer ,Total cycles spent idle waiting for fwd finish: 6046762
id: mlp_moelayer ,Total cycles spent idle waiting for weight grad finish: 0
id: mlp_moelayer ,Total cycles spent idle waiting for input grad finish: 6093366
id: mlp_moelayer ,Total cycles spent on fwd pass comm: 6046762
id: mlp_moelayer ,Total cycles spent on weight grad comm: 0
id: mlp_moelayer ,Total cycles spent on input grad comm: 6093366
*******************
Layer id: mlp_moelayer
Total collectives issued for this layer: 2
*************************  Workload stats  ************************* mlp_moelayer
id: mlp_moelayer ,Total cycles spent on fwd pass compute: 1
id: mlp_moelayer ,Total cycles spent on weight grad compute: 1
id: mlp_moelayer ,Total cycles spent on input grad compute: 1
id: mlp_moelayer ,Total cycles spent idle waiting for fwd finish: 6046762
id: mlp_moelayer ,Total cycles spent idle waiting for weight grad finish: 0
id: mlp_moelayer ,Total cycles spent idle waiting for input grad finish: 6046762
id: mlp_moelayer ,Total cycles spent on fwd pass comm: 6046762
id: mlp_moelayer ,Total cycles spent on weight grad comm: 0
id: mlp_moelayer ,Total cycles spent on input grad comm: 6046762
*******************
Layer id: mlp_moelayer
Total collectives issued for this layer: 2
*************************  Workload stats  ************************* mlp_moelayer
id: mlp_moelayer ,Total cycles spent on fwd pass compute: 1
id: mlp_moelayer ,Total cycles spent on weight grad compute: 1
id: mlp_moelayer ,Total cycles spent on input grad compute: 1
id: mlp_moelayer ,Total cycles spent idle waiting for fwd finish: 6046763
id: mlp_moelayer ,Total cycles spent idle waiting for weight grad finish: 0
id: mlp_moelayer ,Total cycles spent idle waiting for input grad finish: 6046763
id: mlp_moelayer ,Total cycles spent on fwd pass comm: 6046763
id: mlp_moelayer ,Total cycles spent on weight grad comm: 0
id: mlp_moelayer ,Total cycles spent on input grad comm: 6046763
*******************
Layer id: mlp_moelayer
Total collectives issued for this layer: 2
*************************  Workload stats  ************************* mlp_moelayer
id: mlp_moelayer ,Total cycles spent on fwd pass compute: 1
id: mlp_moelayer ,Total cycles spent on weight grad compute: 1
id: mlp_moelayer ,Total cycles spent on input grad compute: 1
id: mlp_moelayer ,Total cycles spent idle waiting for fwd finish: 6011810
id: mlp_moelayer ,Total cycles spent idle waiting for weight grad finish: 0
id: mlp_moelayer ,Total cycles spent idle waiting for input grad finish: 6011810
id: mlp_moelayer ,Total cycles spent on fwd pass comm: 6011810
id: mlp_moelayer ,Total cycles spent on weight grad comm: 0
id: mlp_moelayer ,Total cycles spent on input grad comm: 6011810
*******************
Layer id: final_column
Total collectives issued for this layer: 1
*************************  Workload stats  ************************* final_column
id: final_column ,Total cycles spent on fwd pass compute: 1
id: final_column ,Total cycles spent on weight grad compute: 1
id: final_column ,Total cycles spent on input grad compute: 1
id: final_column ,Total cycles spent idle waiting for fwd finish: 6023460
id: final_column ,Total cycles spent idle waiting for weight grad finish: 0
id: final_column ,Total cycles spent idle waiting for input grad finish: 0
id: final_column ,Total cycles spent on fwd pass comm: 6023460
id: final_column ,Total cycles spent on weight grad comm: 0
id: final_column ,Total cycles spent on input grad comm: 0
*******************
Layer id: embedding_norm
Total collectives issued for this layer: 1
*************************  Workload stats  ************************* embedding_norm
id: embedding_norm ,Total cycles spent on fwd pass compute: 1
id: embedding_norm ,Total cycles spent on weight grad compute: 1
id: embedding_norm ,Total cycles spent on input grad compute: 1
id: embedding_norm ,Total cycles spent idle waiting for fwd finish: 12364306
id: embedding_norm ,Total cycles spent idle waiting for weight grad finish: 0
id: embedding_norm ,Total cycles spent idle waiting for input grad finish: 0
id: embedding_norm ,Total cycles spent on fwd pass comm: 12364306
id: embedding_norm ,Total cycles spent on weight grad comm: 0
id: embedding_norm ,Total cycles spent on input grad comm: 0
*******************
Layer id: cross_entropy1
Total collectives issued for this layer: 1
*************************  Workload stats  ************************* cross_entropy1
id: cross_entropy1 ,Total cycles spent on fwd pass compute: 0
id: cross_entropy1 ,Total cycles spent on weight grad compute: 0
id: cross_entropy1 ,Total cycles spent on input grad compute: 0
id: cross_entropy1 ,Total cycles spent idle waiting for fwd finish: 12000232
id: cross_entropy1 ,Total cycles spent idle waiting for weight grad finish: 0
id: cross_entropy1 ,Total cycles spent idle waiting for input grad finish: 0
id: cross_entropy1 ,Total cycles spent on fwd pass comm: 12000232
id: cross_entropy1 ,Total cycles spent on weight grad comm: 0
id: cross_entropy1 ,Total cycles spent on input grad comm: 0
*******************
Layer id: cross_entropy2
Total collectives issued for this layer: 1
*************************  Workload stats  ************************* cross_entropy2
id: cross_entropy2 ,Total cycles spent on fwd pass compute: 0
id: cross_entropy2 ,Total cycles spent on weight grad compute: 0
id: cross_entropy2 ,Total cycles spent on input grad compute: 0
id: cross_entropy2 ,Total cycles spent idle waiting for fwd finish: 12000232
id: cross_entropy2 ,Total cycles spent idle waiting for weight grad finish: 0
id: cross_entropy2 ,Total cycles spent idle waiting for input grad finish: 0
id: cross_entropy2 ,Total cycles spent on fwd pass comm: 12000232
id: cross_entropy2 ,Total cycles spent on weight grad comm: 0
id: cross_entropy2 ,Total cycles spent on input grad comm: 0
*******************
Layer id: cross_entropy3
Total collectives issued for this layer: 1
*************************  Workload stats  ************************* cross_entropy3
id: cross_entropy3 ,Total cycles spent on fwd pass compute: 0
id: cross_entropy3 ,Total cycles spent on weight grad compute: 0
id: cross_entropy3 ,Total cycles spent on input grad compute: 0
id: cross_entropy3 ,Total cycles spent idle waiting for fwd finish: 12000232
id: cross_entropy3 ,Total cycles spent idle waiting for weight grad finish: 0
id: cross_entropy3 ,Total cycles spent idle waiting for input grad finish: 0
id: cross_entropy3 ,Total cycles spent on fwd pass comm: 12000232
id: cross_entropy3 ,Total cycles spent on weight grad comm: 0
id: cross_entropy3 ,Total cycles spent on input grad comm: 0
*******************
Layer id: optimizer1
Total collectives issued for this layer: 1
*************************  Workload stats  ************************* optimizer1
id: optimizer1 ,Total cycles spent on fwd pass compute: 0
id: optimizer1 ,Total cycles spent on weight grad compute: 0
id: optimizer1 ,Total cycles spent on input grad compute: 0
id: optimizer1 ,Total cycles spent idle waiting for fwd finish: 12000223
id: optimizer1 ,Total cycles spent idle waiting for weight grad finish: 0
id: optimizer1 ,Total cycles spent idle waiting for input grad finish: 0
id: optimizer1 ,Total cycles spent on fwd pass comm: 12000223
id: optimizer1 ,Total cycles spent on weight grad comm: 0
id: optimizer1 ,Total cycles spent on input grad comm: 0
*******************
Layer id: optimizer2
Total collectives issued for this layer: 1
*************************  Workload stats  ************************* optimizer2
id: optimizer2 ,Total cycles spent on fwd pass compute: 0
id: optimizer2 ,Total cycles spent on weight grad compute: 0
id: optimizer2 ,Total cycles spent on input grad compute: 0
id: optimizer2 ,Total cycles spent idle waiting for fwd finish: 12000223
id: optimizer2 ,Total cycles spent idle waiting for weight grad finish: 0
id: optimizer2 ,Total cycles spent idle waiting for input grad finish: 0
id: optimizer2 ,Total cycles spent on fwd pass comm: 12000223
id: optimizer2 ,Total cycles spent on weight grad comm: 0
id: optimizer2 ,Total cycles spent on input grad comm: 0
*******************
Layer id: optimizer3
Total collectives issued for this layer: 1
*************************  Workload stats  ************************* optimizer3
id: optimizer3 ,Total cycles spent on fwd pass compute: 0
id: optimizer3 ,Total cycles spent on weight grad compute: 0
id: optimizer3 ,Total cycles spent on input grad compute: 0
id: optimizer3 ,Total cycles spent idle waiting for fwd finish: 12000223
id: optimizer3 ,Total cycles spent idle waiting for weight grad finish: 0
id: optimizer3 ,Total cycles spent idle waiting for input grad finish: 0
id: optimizer3 ,Total cycles spent on fwd pass comm: 12000223
id: optimizer3 ,Total cycles spent on weight grad comm: 0
id: optimizer3 ,Total cycles spent on input grad comm: 0
*******************
Layer id: optimizer4
Total collectives issued for this layer: 1
*************************  Workload stats  ************************* optimizer4
id: optimizer4 ,Total cycles spent on fwd pass compute: 0
id: optimizer4 ,Total cycles spent on weight grad compute: 0
id: optimizer4 ,Total cycles spent on input grad compute: 0
id: optimizer4 ,Total cycles spent idle waiting for fwd finish: 12000223
id: optimizer4 ,Total cycles spent idle waiting for weight grad finish: 0
id: optimizer4 ,Total cycles spent idle waiting for input grad finish: 0
id: optimizer4 ,Total cycles spent on fwd pass comm: 12000223
id: optimizer4 ,Total cycles spent on weight grad comm: 0
id: optimizer4 ,Total cycles spent on input grad comm: 0
*************************
all passes finished at time: 3263111498, id of first layer: grad_norm
path to create csvs is: ./ncclFlowModel_
success in openning file
DEBUG_SIM_END: Node 0 FINISH CONDITION MET - calling sim_finish!
Simulation completed: all workloads finished
DEBUG_SIM_END: Node 0 calling NI->sim_finish()
DEBUG_SIM_FINISH: Entering sim_finish() for rank 0
DEBUG_SIM_FINISH: nodeHash size: 64
DEBUG_SIM_FINISH: Printing per-node statistics:
All data sent from node 0 is 20722401280
All data received by node 0 is 20722401280
All data sent from node 1 is 20722401280
All data received by node 1 is 20722401280
All data sent from node 2 is 1572356096
All data received by node 2 is 1572356096
All data sent from node 3 is 1572356096
All data received by node 3 is 1572356096
All data sent from node 4 is 1572356096
All data received by node 4 is 1572356096
All data sent from node 5 is 1572356096
All data received by node 5 is 1572356096
All data sent from node 6 is 1572356096
All data received by node 6 is 1572356096
All data sent from node 7 is 1572356096
All data received by node 7 is 1572356096
All data sent from node 8 is 1572356096
All data received by node 8 is 1572356096
All data sent from node 9 is 1572356096
All data received by node 9 is 1572356096
All data sent from node 10 is 1572356096
All data received by node 10 is 1572356096
All data sent from node 11 is 1572356096
All data received by node 11 is 1572356096
All data sent from node 12 is 1572356096
All data received by node 12 is 1572356096
All data sent from node 13 is 1572356096
All data received by node 13 is 1572356096
All data sent from node 14 is 1572356096
All data received by node 14 is 1572356096
All data sent from node 15 is 1572356096
All data received by node 15 is 1572356096
All data sent from node 16 is 1572356096
All data received by node 16 is 1572356096
All data sent from node 17 is 1572356096
All data received by node 17 is 1572356096
All data sent from node 18 is 1572356096
All data received by node 18 is 1572356096
All data sent from node 19 is 1572356096
All data received by node 19 is 1572356096
All data sent from node 20 is 1572356096
All data received by node 20 is 1572356096
All data sent from node 21 is 1572356096
All data received by node 21 is 1572356096
All data sent from node 22 is 1572356096
All data received by node 22 is 1572356096
All data sent from node 23 is 1572356096
All data received by node 23 is 1572356096
All data sent from node 24 is 1572356096
All data received by node 24 is 1572356096
All data sent from node 25 is 1572356096
All data received by node 25 is 1572356096
All data sent from node 26 is 1572356096
All data received by node 26 is 1572356096
All data sent from node 27 is 1572356096
All data received by node 27 is 1572356096
All data sent from node 28 is 1572356096
All data received by node 28 is 1572356096
All data sent from node 29 is 1572356096
All data received by node 29 is 1572356096
All data sent from node 30 is 1572356096
All data received by node 30 is 1572356096
All data sent from node 31 is 1572356096
All data received by node 31 is 1572356096
DEBUG_SIM_FINISH: Completed processing in sim_finish(), returning normally
*****
Time to exit: Sat Aug 16 14:06:36 2025
all-reduce Collective implementation: NcclFlowModel
reduce-scatter Collective implementation: NcclFlowModel
all-gather Collective implementation: NcclFlowModel
all-to-all Collective implementation: NcclFlowModel
Collective optimization: baseline
Total sim duration: 0:1 hours
Total streams injected: 529
Total streams finished: 529
Percentage of finished streams: 100 %
DEBUG_FINAL_COUNT: Node 0 final stream_counter value: 529

*****
Debug: Simulator::Run() completed
Debug: Simulator stopped
Debug: Simulator destroyed
